sample_index,elapsed_hours,ram_mb,cpu_percent,ram_linear_trend_mb
0,0.0,2428.64,6.3,2439.92
1,0.25,2429.11,0.5,2439.92
2,0.5,2429.82,0.2,2439.92
3,0.75,2432.78,1.8,2439.92
4,1.0,2433.27,0.4,2439.91
5,1.25,2433.77,0.3,2439.91
6,1.5,2434.26,0.2,2439.91
7,1.75,2434.5,0.4,2439.91
8,2.0,2434.75,0.2,2439.91
9,2.25,2436.51,0.2,2439.9
10,2.5,2437.22,0.2,2439.9
11,2.75,2436.52,0.1,2439.9
12,3.0,2436.76,0.2,2439.9
13,3.25,2437.25,1.0,2439.89
14,3.5,2437.5,0.4,2439.89
15,3.75,2438.35,1.6,2439.89
16,4.0,2439.09,0.5,2439.89
17,4.25,2439.34,0.1,2439.88
18,4.5,2440.05,0.2,2439.88
19,4.75,2440.29,0.1,2439.88
20,5.0,2440.05,0.2,2439.88
21,5.25,2440.3,0.2,2439.88
22,5.5,2440.79,0.2,2439.87
23,5.75,2441.54,2.6,2439.87
24,6.0,2441.76,0.2,2439.87
25,6.25,2441.86,0.2,2439.87
26,6.5,2444.92,1.0,2439.86
27,6.75,2445.65,7.2,2439.86
28,7.0,2491.26,3.1,2439.86
29,7.25,2441.33,0.4,2439.86
30,7.5,2441.56,0.2,2439.85
31,7.75,2441.55,0.6,2439.85
32,8.0,2441.78,0.1,2439.85
33,8.25,2442.26,0.9,2439.85
34,8.5,2442.94,0.4,2439.85
35,8.75,2443.54,0.2,2439.84
36,9.0,2443.29,0.2,2439.84
37,9.25,2444.01,0.2,2439.84
38,9.5,2444.23,0.2,2439.84
39,9.75,2444.47,0.2,2439.83
40,10.0,2444.21,0.1,2439.83
41,10.25,2444.44,0.2,2439.83
42,10.5,2444.75,0.2,2439.83
43,10.75,2440.43,4.7,2439.83
44,11.0,2440.42,0.2,2439.82
45,11.25,2441.03,0.1,2439.82
46,11.5,2441.26,0.2,2439.82
47,11.75,2441.26,0.2,2439.82
48,12.0,2441.48,0.2,2439.81
49,12.25,2441.84,0.2,2439.81
50,12.5,2440.6,0.1,2439.81
51,12.75,2440.97,0.3,2439.81
52,13.0,2440.95,0.2,2439.8
53,13.25,2439.49,0.7,2439.8
54,13.5,2439.34,0.2,2439.8
55,13.75,2439.57,0.2,2439.8
56,14.0,2440.57,1.0,2439.8
57,14.25,2440.82,0.3,2439.79
58,14.5,2441.29,0.2,2439.79
59,14.75,2441.73,0.3,2439.79
60,15.0,2442.21,0.3,2439.79
61,15.25,2442.67,0.1,2439.78
62,15.5,2442.42,0.1,2439.78
63,15.75,2441.9,0.7,2439.78
64,16.0,2442.35,0.1,2439.78
65,16.25,2442.33,0.2,2439.77
66,16.5,2442.07,0.2,2439.77
67,16.75,2442.52,0.2,2439.77
68,17.0,2442.98,0.2,2439.77
69,17.25,2444.19,0.2,2439.77
70,17.5,2443.68,0.2,2439.76
71,17.75,2443.42,0.3,2439.76
72,18.0,2444.13,0.1,2439.76
73,18.25,2443.46,0.9,2439.76
74,18.5,2443.45,0.4,2439.75
75,18.75,2443.67,0.2,2439.75
76,19.0,2443.87,0.2,2439.75
77,19.25,2443.36,0.2,2439.75
78,19.5,2443.58,0.2,2439.74
79,19.75,2443.8,0.1,2439.74
80,20.0,2444.04,0.2,2439.74
81,20.25,2444.26,0.2,2439.74
82,20.5,2444.47,0.1,2439.74
83,20.75,2444.65,0.6,2439.73
84,21.0,2444.87,0.2,2439.73
85,21.25,2444.27,0.2,2439.73
86,21.5,2445.1,0.6,2439.73
87,21.75,2444.57,0.1,2439.72
88,22.0,2445.25,0.2,2439.72
89,22.25,2445.97,0.2,2439.72
90,22.5,2445.71,0.1,2439.72
91,22.75,2445.93,0.4,2439.72
92,23.0,2444.64,0.3,2439.71
93,23.25,2445.85,0.9,2439.71
94,23.5,2446.07,0.2,2439.71
95,23.75,2446.75,0.2,2439.71
96,24.0,2446.5,0.2,2439.7
97,24.25,2446.49,0.0,2439.7
98,24.5,2446.47,0.3,2439.7
99,24.75,2446.7,0.2,2439.7
100,25.0,2446.68,0.1,2439.69
101,25.25,2446.64,0.2,2439.69
102,25.5,2446.86,0.2,2439.69
103,25.75,2447.32,0.6,2439.69
104,26.0,2447.3,0.3,2439.69
105,26.25,2447.25,0.3,2439.68
106,26.5,2447.47,0.2,2439.68
107,26.75,2447.46,0.1,2439.68
108,27.0,2446.95,0.2,2439.68
109,27.25,2447.41,0.3,2439.67
110,27.5,2447.37,0.2,2439.67
111,27.75,2447.11,0.2,2439.67
112,28.0,2447.32,0.1,2439.67
113,28.25,2447.54,0.7,2439.66
114,28.5,2448.02,0.3,2439.66
115,28.75,2448.39,0.2,2439.66
116,29.0,2450.54,1.0,2439.66
117,29.25,2450.54,0.2,2439.66
118,29.5,2450.88,0.1,2439.65
119,29.75,2450.89,0.1,2439.65
120,30.0,2450.4,0.2,2439.65
121,30.25,2448.71,0.2,2439.65
122,30.5,2448.71,0.3,2439.64
123,30.75,2450.87,0.7,2439.64
124,31.0,2450.86,0.3,2439.64
125,31.25,2450.62,0.3,2439.64
126,31.5,2450.87,0.2,2439.64
127,31.75,2451.12,0.2,2439.63
128,32.0,2451.34,0.2,2439.63
129,32.25,2450.16,0.2,2439.63
130,32.5,2450.16,0.2,2439.63
131,32.75,2450.63,0.2,2439.62
132,33.0,2450.88,0.2,2439.62
133,33.25,2451.27,0.7,2439.62
134,33.5,2451.73,0.2,2439.62
135,33.75,2450.46,0.3,2439.61
136,34.0,2449.21,0.1,2439.61
137,34.25,2449.46,0.2,2439.61
138,34.5,2449.45,0.1,2439.61
139,34.75,2450.18,0.1,2439.61
140,35.0,2450.17,0.1,2439.6
141,35.25,2450.66,0.1,2439.6
142,35.5,2450.89,0.1,2439.6
143,35.75,2449.97,0.6,2439.6
144,36.0,2450.2,0.3,2439.59
145,36.25,2450.44,0.3,2439.59
146,36.5,2448.65,0.7,2439.59
147,36.75,2449.58,0.2,2439.59
148,37.0,2449.81,0.3,2439.58
149,37.25,2449.36,0.2,2439.58
150,37.5,2449.34,0.3,2439.58
151,37.75,2448.14,0.1,2439.58
152,38.0,2448.57,0.2,2439.58
153,38.25,2448.57,1.1,2439.57
154,38.5,2448.8,0.2,2439.57
155,38.75,2449.03,0.1,2439.57
156,39.0,2448.78,0.2,2439.57
157,39.25,2448.76,0.1,2439.56
158,39.5,2449.47,0.2,2439.56
159,39.75,2447.8,0.2,2439.56
160,40.0,2447.78,0.2,2439.56
161,40.25,2447.53,0.1,2439.55
162,40.5,2447.51,0.2,2439.55
163,40.75,2419.58,1.1,2439.55
164,41.0,2419.79,0.2,2439.55
165,41.25,2419.93,0.2,2439.55
166,41.5,2419.67,0.2,2439.54
167,41.75,2420.14,0.2,2439.54
168,42.0,2420.11,0.1,2439.54
169,42.25,2420.48,0.5,2439.54
170,42.5,2420.0,0.1,2439.53
171,42.75,2419.99,0.1,2439.53
172,43.0,2419.11,0.2,2439.53
173,43.25,2416.65,0.7,2439.53
174,43.5,2417.05,0.2,2439.53
175,43.75,2417.29,0.2,2439.52
176,44.0,2415.86,0.9,2439.52
177,44.25,2416.09,0.3,2439.52
178,44.5,2416.06,0.3,2439.52
179,44.75,2417.0,0.2,2439.51
180,45.0,2417.19,0.2,2439.51
181,45.25,2417.18,0.2,2439.51
182,45.5,2417.64,0.1,2439.51
183,45.75,2416.14,0.7,2439.5
184,46.0,2416.12,0.1,2439.5
185,46.25,2416.1,0.2,2439.5
186,46.5,2416.56,0.2,2439.5
187,46.75,2416.54,0.2,2439.5
188,47.0,2417.08,0.3,2439.49
189,47.25,2417.2,0.2,2439.49
190,47.5,2417.18,0.2,2439.49
191,47.75,2417.62,0.1,2439.49
192,48.0,2417.84,0.2,2439.48
193,48.25,2419.3,0.9,2439.48
194,48.5,2419.27,0.2,2439.48
195,48.75,2419.74,0.2,2439.48
196,49.0,2419.71,0.2,2439.47
197,49.25,2419.94,0.1,2439.47
198,49.5,2420.41,0.2,2439.47
199,49.75,2420.14,0.3,2439.47
200,50.0,2420.12,0.1,2439.47
201,50.25,2420.34,0.2,2439.46
202,50.5,2418.99,0.1,2439.46
203,50.75,2419.2,0.9,2439.46
204,51.0,2419.18,0.2,2439.46
205,51.25,2418.92,0.2,2439.45
206,51.5,2419.18,0.4,2439.45
207,51.75,2419.17,0.1,2439.45
208,52.0,2417.85,0.2,2439.45
209,52.25,2418.04,0.2,2439.44
210,52.5,2418.52,0.1,2439.44
211,52.75,2418.73,0.2,2439.44
212,53.0,2418.74,0.2,2439.44
213,53.25,2417.31,0.6,2439.44
214,53.5,2417.32,0.2,2439.43
215,53.75,2417.03,0.1,2439.43
216,54.0,2417.28,0.3,2439.43
217,54.25,2417.28,0.3,2439.43
218,54.5,2417.53,0.1,2439.42
219,54.75,2417.99,0.1,2439.42
220,55.0,2418.0,0.2,2439.42
221,55.25,2418.25,0.2,2439.42
222,55.5,2418.25,0.1,2439.42
223,55.75,2418.24,0.7,2439.41
224,56.0,2418.48,0.2,2439.41
225,56.25,2418.72,0.4,2439.41
226,56.5,2418.94,0.2,2439.41
227,56.75,2418.93,0.2,2439.4
228,57.0,2416.0,0.3,2439.4
229,57.25,2415.99,0.1,2439.4
230,57.5,2416.21,0.2,2439.4
231,57.75,2416.2,0.2,2439.39
232,58.0,2415.24,0.2,2439.39
233,58.25,2415.8,0.6,2439.39
234,58.5,2416.04,0.3,2439.39
235,58.75,2414.6,0.2,2439.39
236,59.0,2416.81,0.3,2439.38
237,59.25,2416.8,0.2,2439.38
238,59.5,2416.51,0.2,2439.38
239,59.75,2416.63,0.2,2439.38
240,60.0,2416.64,0.1,2439.37
241,60.25,2415.28,0.2,2439.37
242,60.5,2415.52,0.1,2439.37
243,60.75,2415.74,0.7,2439.37
244,61.0,2415.98,0.2,2439.36
245,61.25,2416.2,0.3,2439.36
246,61.5,2416.38,0.2,2439.36
247,61.75,2416.38,0.3,2439.36
248,62.0,2414.88,0.2,2439.36
249,62.25,2415.37,0.2,2439.35
250,62.5,2415.37,0.1,2439.35
251,62.75,2415.86,0.2,2439.35
252,63.0,2416.11,0.2,2439.35
253,63.25,2416.11,0.8,2439.34
254,63.5,2416.6,0.2,2439.34
255,63.75,2417.09,0.4,2439.34
256,64.0,2417.58,0.1,2439.34
257,64.25,2417.56,0.2,2439.34
258,64.5,2417.8,0.2,2439.33
259,64.75,2418.05,0.3,2439.33
260,65.0,2417.8,0.2,2439.33
261,65.25,2418.48,0.2,2439.33
262,65.5,2418.49,0.1,2439.32
263,65.75,2418.98,0.8,2439.32
264,66.0,2418.15,0.2,2439.32
265,66.25,2417.91,0.2,2439.32
266,66.5,2417.2,0.5,2439.31
267,66.75,2417.42,0.2,2439.31
268,67.0,2416.44,0.2,2439.31
269,67.25,2416.92,0.2,2439.31
270,67.5,2416.93,0.2,2439.31
271,67.75,2416.88,0.1,2439.3
272,68.0,2416.63,0.4,2439.3
273,68.25,2416.12,0.7,2439.3
274,68.5,2416.36,0.3,2439.3
275,68.75,2416.1,0.2,2439.29
276,69.0,2416.81,0.1,2439.29
277,69.25,2417.05,0.1,2439.29
278,69.5,2417.29,0.2,2439.29
279,69.75,2417.02,0.2,2439.28
280,70.0,2417.01,0.1,2439.28
281,70.25,2417.25,0.3,2439.28
282,70.5,2414.48,0.9,2439.28
283,70.75,2415.19,0.4,2439.28
284,71.0,2415.18,0.3,2439.27
285,71.25,2414.92,0.1,2439.27
286,71.5,2415.4,0.2,2439.27
287,71.75,2415.4,0.2,2439.27
288,72.0,2416.13,0.2,2439.26
289,72.25,2416.59,0.1,2439.26
290,72.5,2416.59,0.2,2439.26
291,72.75,2416.58,0.1,2439.26
292,73.0,2417.07,0.7,2439.25
293,73.25,2417.55,0.1,2439.25
294,73.5,2418.0,0.2,2439.25
295,73.75,2418.25,0.1,2439.25
296,74.0,2417.26,0.4,2439.25
297,74.25,2417.99,0.1,2439.24
298,74.5,2418.23,0.2,2439.24
299,74.75,2418.47,0.2,2439.24
300,75.0,2418.96,0.2,2439.24
301,75.25,2418.71,0.4,2439.23
302,75.5,2418.96,0.6,2439.23
303,75.75,2419.16,0.2,2439.23
304,76.0,2418.94,0.4,2439.23
305,76.25,2418.43,0.2,2439.23
306,76.5,2418.43,0.1,2439.22
307,76.75,2418.67,0.2,2439.22
308,77.0,2417.98,0.2,2439.22
309,77.25,2417.98,0.2,2439.22
310,77.5,2417.98,0.2,2439.21
311,77.75,2418.22,0.1,2439.21
312,78.0,2415.45,0.6,2439.21
313,78.25,2415.2,0.2,2439.21
314,78.5,2415.7,0.2,2439.2
315,78.75,2415.93,0.2,2439.2
316,79.0,2413.74,0.3,2439.2
317,79.25,2414.23,0.1,2439.2
318,79.5,2414.47,0.2,2439.2
319,79.75,2414.46,0.1,2439.19
320,80.0,2413.5,0.1,2439.19
321,80.25,2413.25,0.2,2439.19
322,80.5,2412.27,0.6,2439.19
323,80.75,2412.51,0.2,2439.18
324,81.0,2412.02,0.2,2439.18
325,81.25,2409.87,0.2,2439.18
326,81.5,2410.26,0.1,2439.18
327,81.75,2411.22,0.1,2439.17
328,82.0,2409.55,0.2,2439.17
329,82.25,2410.03,0.2,2439.17
330,82.5,2410.75,0.1,2439.17
331,82.75,2410.74,0.2,2439.17
332,83.0,2409.45,1.0,2439.16
333,83.25,2410.02,0.2,2439.16
334,83.5,2410.48,0.2,2439.16
335,83.75,2410.71,0.2,2439.16
336,84.0,2410.7,0.2,2439.15
337,84.25,2411.15,0.1,2439.15
338,84.5,2411.39,0.1,2439.15
339,84.75,2411.38,0.1,2439.15
340,85.0,2411.61,0.1,2439.14
341,85.25,2411.85,0.2,2439.14
342,85.5,2413.08,0.6,2439.14
343,85.75,2413.32,0.2,2439.14
344,86.0,2413.06,0.4,2439.14
345,86.25,2413.05,0.2,2439.13
346,86.5,2413.3,0.1,2439.13
347,86.75,2413.29,0.2,2439.13
348,87.0,2414.08,0.2,2439.13
349,87.25,2414.06,0.1,2439.12
350,87.5,2414.07,0.4,2439.12
351,87.75,2412.6,0.2,2439.12
352,88.0,2413.82,0.9,2439.12
353,88.25,2414.07,0.2,2439.12
354,88.5,2412.57,0.2,2439.11
355,88.75,2412.71,0.4,2439.11
356,89.0,2412.96,0.2,2439.11
357,89.25,2413.45,0.2,2439.11
358,89.5,2413.7,0.1,2439.1
359,89.75,2413.71,0.2,2439.1
360,90.0,2413.7,0.2,2439.1
361,90.25,2413.95,0.2,2439.1
362,90.5,2414.2,0.7,2439.09
363,90.75,2413.96,0.3,2439.09
364,91.0,2413.85,0.3,2439.09
365,91.25,2414.34,0.2,2439.09
366,91.5,2414.83,0.2,2439.09
367,91.75,2413.8,0.2,2439.08
368,92.0,2414.04,0.2,2439.08
369,92.25,2414.86,0.2,2439.08
370,92.5,2415.1,0.1,2439.08
371,92.75,2415.08,0.2,2439.07
372,93.0,2415.12,0.7,2439.07
373,93.25,2415.59,0.2,2439.07
374,93.5,2415.82,0.4,2439.07
375,93.75,2416.07,0.1,2439.06
376,94.0,2414.77,0.2,2439.06
377,94.25,2414.53,0.2,2439.06
378,94.5,2414.99,0.1,2439.06
379,94.75,2414.98,0.2,2439.06
380,95.0,2415.23,0.3,2439.05
381,95.25,2415.47,0.7,2439.05
382,95.5,2415.46,0.4,2439.05
383,95.75,2415.45,0.3,2439.05
384,96.0,2415.02,0.4,2439.04
385,96.25,2415.01,0.2,2439.04
386,96.5,2415.19,0.1,2439.04
387,96.75,2416.21,0.2,2439.04
388,97.0,2416.45,0.2,2439.04
389,97.25,2416.93,0.3,2439.03
390,97.5,2417.19,0.1,2439.03
391,97.75,2417.89,0.8,2439.03
392,98.0,2418.12,0.2,2439.03
393,98.25,2418.38,0.2,2439.02
394,98.5,2418.68,0.2,2439.02
395,98.75,2418.92,0.2,2439.02
396,99.0,2418.66,0.2,2439.02
397,99.25,2418.65,0.2,2439.01
398,99.5,2417.9,0.1,2439.01
399,99.75,2417.9,0.2,2439.01
400,100.0,2417.89,0.1,2439.01
401,100.25,2418.38,1.1,2439.01
402,100.5,2418.38,0.2,2439.0
403,100.75,2417.36,0.2,2439.0
404,101.0,2417.56,0.2,2439.0
405,101.25,2417.8,0.2,2439.0
406,101.5,2418.05,0.2,2438.99
407,101.75,2418.78,0.2,2438.99
408,102.0,2417.53,0.2,2438.99
409,102.25,2417.77,0.1,2438.99
410,102.5,2417.52,0.2,2438.98
411,102.75,2416.82,0.7,2438.98
412,103.0,2417.3,0.2,2438.98
413,103.25,2417.29,0.4,2438.98
414,103.5,2417.21,0.1,2438.98
415,103.75,2417.2,0.1,2438.97
416,104.0,2415.67,0.1,2438.97
417,104.25,2415.88,0.2,2438.97
418,104.5,2416.58,0.1,2438.97
419,104.75,2416.59,0.1,2438.96
420,105.0,2416.34,0.2,2438.96
421,105.25,2415.07,0.7,2438.96
422,105.5,2415.06,0.2,2438.96
423,105.75,2414.82,0.2,2438.95
424,106.0,2414.69,0.1,2438.95
425,106.25,2414.68,0.2,2438.95
426,106.5,2416.9,0.1,2438.95
427,106.75,2413.56,0.2,2438.95
428,107.0,2413.32,0.1,2438.94
429,107.25,2413.56,0.1,2438.94
430,107.5,2413.81,0.2,2438.94
431,107.75,2413.25,0.7,2438.94
432,108.0,2413.92,0.4,2438.93
433,108.25,2413.91,0.4,2438.93
434,108.5,2413.9,0.2,2438.93
435,108.75,2414.39,0.1,2438.93
436,109.0,2414.62,0.2,2438.93
437,109.25,2415.08,0.1,2438.92
438,109.5,2415.07,0.2,2438.92
439,109.75,2415.3,0.2,2438.92
440,110.0,2415.8,0.2,2438.92
441,110.25,2415.2,1.0,2438.91
442,110.5,2415.44,0.2,2438.91
443,110.75,2416.14,0.3,2438.91
444,111.0,2416.59,0.2,2438.91
445,111.25,2416.83,0.2,2438.9
446,111.5,2415.84,0.2,2438.9
447,111.75,2415.83,0.1,2438.9
448,112.0,2416.07,0.2,2438.9
449,112.25,2416.06,0.2,2438.9
450,112.5,2416.27,0.2,2438.89
451,112.75,2415.09,1.0,2438.89
452,113.0,2414.84,0.1,2438.89
453,113.25,2415.29,0.2,2438.89
454,113.5,2415.46,0.2,2438.88
455,113.75,2415.71,0.1,2438.88
456,114.0,2415.7,0.2,2438.88
457,114.25,2416.18,0.2,2438.88
458,114.5,2416.17,0.2,2438.87
459,114.75,2416.91,0.2,2438.87
460,115.0,2416.66,0.2,2438.87
461,115.25,2416.88,0.7,2438.87
462,115.5,2417.12,0.2,2438.87
463,115.75,2415.61,0.2,2438.86
464,116.0,2415.83,0.1,2438.86
465,116.25,2416.09,0.2,2438.86
466,116.5,2417.07,0.3,2438.86
467,116.75,2416.83,0.2,2438.85
468,117.0,2415.39,0.1,2438.85
469,117.25,2415.39,0.2,2438.85
470,117.5,2415.53,0.1,2438.85
471,117.75,2413.36,0.8,2438.84
472,118.0,2413.36,0.2,2438.84
473,118.25,2413.61,0.3,2438.84
474,118.5,2414.34,0.2,2438.84
475,118.75,2414.59,0.1,2438.84
476,119.0,2414.57,0.2,2438.83
477,119.25,2414.77,0.1,2438.83
478,119.5,2415.25,0.2,2438.83
479,119.75,2415.25,0.2,2438.83
480,120.0,2414.76,0.2,2438.82
481,120.25,2414.76,0.7,2438.82
482,120.5,2414.95,0.2,2438.82
483,120.75,2415.18,0.2,2438.82
484,121.0,2413.91,0.4,2438.82
485,121.25,2413.78,0.2,2438.81
486,121.5,2413.1,0.2,2438.81
487,121.75,2413.1,0.2,2438.81
488,122.0,2413.25,0.2,2438.81
489,122.25,2413.49,0.1,2438.8
490,122.5,2413.98,0.6,2438.8
491,122.75,2413.98,0.2,2438.8
492,123.0,2414.23,0.3,2438.8
493,123.25,2414.48,0.1,2438.79
494,123.5,2414.97,0.1,2438.79
495,123.75,2414.73,0.2,2438.79
496,124.0,2415.44,0.2,2438.79
497,124.25,2415.44,0.2,2438.79
498,124.5,2415.44,0.2,2438.78
499,124.75,2414.95,0.2,2438.78
500,125.0,2415.18,0.8,2438.78
501,125.25,2415.67,0.3,2438.78
502,125.5,2416.38,0.4,2438.77
503,125.75,2415.25,0.3,2438.77
504,126.0,2415.01,0.3,2438.77
505,126.25,2415.01,0.1,2438.77
506,126.5,2413.76,0.2,2438.76
507,126.75,2413.77,0.2,2438.76
508,127.0,2413.77,0.2,2438.76
509,127.25,2414.0,0.2,2438.76
510,127.5,2412.93,0.7,2438.76
511,127.75,2413.65,0.2,2438.75
512,128.0,2413.89,0.2,2438.75
513,128.25,2413.64,0.2,2438.75
514,128.5,2413.64,0.2,2438.75
515,128.75,2412.12,0.1,2438.74
516,129.0,2412.08,0.2,2438.74
517,129.25,2412.07,0.2,2438.74
518,129.5,2412.06,0.1,2438.74
519,129.75,2412.3,0.2,2438.74
520,130.0,2410.82,1.0,2438.73
521,130.25,2411.06,0.1,2438.73
522,130.5,2411.29,0.2,2438.73
523,130.75,2411.05,0.1,2438.73
524,131.0,2411.29,0.1,2438.72
525,131.25,2411.28,0.1,2438.72
526,131.5,2410.47,0.2,2438.72
527,131.75,2410.71,0.1,2438.72
528,132.0,2409.87,0.2,2438.71
529,132.25,2409.86,0.1,2438.71
530,132.5,2410.1,0.7,2438.71
531,132.75,2410.33,0.2,2438.71
532,133.0,2410.59,0.3,2438.71
533,133.25,2411.95,0.2,2438.7
534,133.5,2412.43,0.2,2438.7
535,133.75,2412.43,0.2,2438.7
536,134.0,2412.91,0.1,2438.7
537,134.25,2413.15,0.2,2438.69
538,134.5,2413.11,0.2,2438.69
539,134.75,2412.86,0.1,2438.69
540,135.0,2413.34,0.7,2438.69
541,135.25,2413.32,0.2,2438.68
542,135.5,2413.08,0.2,2438.68
543,135.75,2413.77,0.1,2438.68
544,136.0,2414.02,0.2,2438.68
545,136.25,2412.97,0.2,2438.68
546,136.5,2411.74,0.2,2438.67
547,136.75,2412.17,0.1,2438.67
548,137.0,2412.16,0.3,2438.67
549,137.25,2412.4,0.2,2438.67
550,137.5,2410.21,0.6,2438.66
551,137.75,2410.95,0.2,2438.66
552,138.0,2411.2,0.1,2438.66
553,138.25,2411.2,0.2,2438.66
554,138.5,2411.45,0.1,2438.65
555,138.75,2411.45,0.2,2438.65
556,139.0,2411.93,0.2,2438.65
557,139.25,2412.41,0.1,2438.65
558,139.5,2412.4,0.2,2438.65
559,139.75,2412.66,0.1,2438.64
560,140.0,2412.91,0.7,2438.64
561,140.25,2413.34,0.3,2438.64
562,140.5,2407.93,2.2,2438.64
563,140.75,2400.59,5.3,2438.63
564,141.0,2402.09,1.9,2438.63
565,141.25,2404.46,6.5,2438.63
566,141.5,2404.99,11.5,2438.63
567,141.75,2404.81,6.4,2438.63
568,142.0,2404.16,6.7,2438.62
569,142.25,2403.56,4.9,2438.62
570,142.5,2403.68,0.9,2438.62
571,142.75,2403.92,0.4,2438.62
572,143.0,2404.37,0.4,2438.61
573,143.25,2405.09,0.4,2438.61
574,143.5,2405.32,0.2,2438.61
575,143.75,2405.8,0.2,2438.61
576,144.0,2406.27,0.5,2438.6
577,144.25,2406.27,0.2,2438.6
578,144.5,2406.42,0.2,2438.6
579,144.75,2406.64,0.1,2438.6
580,145.0,2406.87,0.9,2438.6
581,145.25,2407.09,0.3,2438.59
582,145.5,2407.54,0.3,2438.59
583,145.75,2407.99,0.4,2438.59
584,146.0,2408.21,0.2,2438.59
585,146.25,2407.94,0.3,2438.58
586,146.5,2407.48,0.2,2438.58
587,146.75,2408.1,0.3,2438.58
588,147.0,2408.21,0.4,2438.58
589,147.25,2408.44,0.1,2438.57
590,147.5,2408.18,0.9,2438.57
591,147.75,2408.61,0.3,2438.57
592,148.0,2409.08,0.3,2438.57
593,148.25,2408.69,0.9,2438.57
594,148.5,2409.13,0.2,2438.56
595,148.75,2409.35,0.2,2438.56
596,149.0,2407.64,0.3,2438.56
597,149.25,2408.08,0.1,2438.56
598,149.5,2408.82,0.4,2438.55
599,149.75,2409.05,0.3,2438.55
600,150.0,2409.28,0.6,2438.55
601,150.25,2409.86,0.1,2438.55
602,150.5,2410.3,0.3,2438.54
603,150.75,2410.52,0.3,2438.54
604,151.0,2410.99,0.1,2438.54
605,151.25,2410.98,0.1,2438.54
606,151.5,2409.93,0.4,2438.54
607,151.75,2410.41,0.1,2438.53
608,152.0,2410.85,0.2,2438.53
609,152.25,2410.91,0.1,2438.53
610,152.5,2410.89,0.7,2438.53
611,152.75,2409.67,0.4,2438.52
612,153.0,2409.65,0.3,2438.52
613,153.25,2410.08,0.1,2438.52
614,153.5,2410.55,0.2,2438.52
615,153.75,2411.02,0.2,2438.52
616,154.0,2410.49,0.2,2438.51
617,154.25,2408.9,0.1,2438.51
618,154.5,2409.34,0.3,2438.51
619,154.75,2409.8,0.2,2438.51
620,155.0,2410.52,1.1,2438.5
621,155.25,2408.3,0.2,2438.5
622,155.5,2408.29,0.4,2438.5
623,155.75,2409.38,0.5,2438.5
624,156.0,2409.34,0.2,2438.49
625,156.25,2410.36,0.2,2438.49
626,156.5,2410.5,0.2,2438.49
627,156.75,2409.26,0.2,2438.49
628,157.0,2409.73,0.2,2438.49
629,157.25,2409.6,0.2,2438.48
630,157.5,2409.57,0.9,2438.48
631,157.75,2409.29,0.1,2438.48
632,158.0,2409.52,0.2,2438.48
633,158.25,2409.5,0.2,2438.47
634,158.5,2409.96,0.1,2438.47
635,158.75,2410.17,0.2,2438.47
636,159.0,2410.64,0.2,2438.47
637,159.25,2410.63,0.1,2438.46
638,159.5,2410.61,0.2,2438.46
639,159.75,2410.84,0.1,2438.46
640,160.0,2411.82,1.1,2438.46
641,160.25,2412.32,0.2,2438.46
642,160.5,2412.38,0.4,2438.45
643,160.75,2405.73,2.0,2438.45
644,161.0,2406.91,0.2,2438.45
645,161.25,2408.12,0.2,2438.45
646,161.5,2408.56,0.1,2438.44
647,161.75,2409.04,0.1,2438.44
648,162.0,2409.0,0.2,2438.44
649,162.25,2409.47,0.1,2438.44
650,162.5,2408.49,0.8,2438.44
651,162.75,2408.96,0.4,2438.43
652,163.0,2409.42,0.2,2438.43
653,163.25,2410.04,0.5,2438.43
654,163.5,2410.48,0.1,2438.43
655,163.75,2410.45,0.2,2438.42
656,164.0,2410.45,0.2,2438.42
657,164.25,2410.66,0.1,2438.42
658,164.5,2410.89,0.2,2438.42
659,164.75,2411.66,0.2,2438.41
660,165.0,2413.11,0.7,2438.41
661,165.25,2413.34,0.2,2438.41
662,165.5,2413.57,0.2,2438.41
663,165.75,2413.81,0.2,2438.41
664,166.0,2413.79,0.4,2438.4
665,166.25,2413.36,0.3,2438.4
666,166.5,2413.59,0.2,2438.4
667,166.75,2413.56,0.4,2438.4
668,167.0,2413.3,0.2,2438.39
669,167.25,2413.49,0.1,2438.39
670,167.5,2413.96,0.7,2438.39
671,167.75,2414.43,0.2,2438.39
672,168.0,2414.41,0.2,2438.38
673,168.25,2414.02,0.3,2438.38
674,168.5,2414.71,0.2,2438.38
675,168.75,2414.47,0.1,2438.38
676,169.0,2414.71,0.2,2438.38
677,169.25,2414.93,0.2,2438.37
678,169.5,2414.93,0.2,2438.37
679,169.75,2414.94,0.1,2438.37
680,170.0,2415.19,0.7,2438.37
681,170.25,2415.68,0.2,2438.36
682,170.5,2415.91,0.2,2438.36
683,170.75,2414.87,0.2,2438.36
684,171.0,2415.12,0.1,2438.36
685,171.25,2414.77,0.3,2438.35
686,171.5,2415.01,0.1,2438.35
687,171.75,2415.18,0.3,2438.35
688,172.0,2415.16,0.1,2438.35
689,172.25,2415.65,0.1,2438.35
690,172.5,2416.38,0.9,2438.34
691,172.75,2417.11,0.2,2438.34
692,173.0,2416.87,0.4,2438.34
693,173.25,2416.87,0.2,2438.34
694,173.5,2416.86,0.1,2438.33
695,173.75,2416.86,0.2,2438.33
696,174.0,2417.11,0.1,2438.33
697,174.25,2416.87,0.1,2438.33
698,174.5,2416.87,0.2,2438.33
699,174.75,2417.12,0.2,2438.32
700,175.0,2412.2,0.9,2438.32
701,175.25,2412.45,0.3,2438.32
702,175.5,2411.25,0.2,2438.32
703,175.75,2411.45,0.2,2438.31
704,176.0,2411.42,0.2,2438.31
705,176.25,2412.38,0.2,2438.31
706,176.5,2412.36,0.1,2438.31
707,176.75,2411.12,0.2,2438.3
708,177.0,2411.09,0.1,2438.3
709,177.25,2412.02,0.1,2438.3
710,177.5,2412.24,0.8,2438.3
711,177.75,2411.98,0.4,2438.3
712,178.0,2412.2,0.2,2438.29
713,178.25,2411.89,0.3,2438.29
714,178.5,2411.87,0.2,2438.29
715,178.75,2411.85,0.2,2438.29
716,179.0,2412.07,0.2,2438.28
717,179.25,2412.54,0.2,2438.28
718,179.5,2412.53,0.1,2438.28
719,179.75,2412.5,0.2,2438.28
720,180.0,2412.48,0.7,2438.27
721,180.25,2412.95,0.2,2438.27
722,180.5,2413.17,0.3,2438.27
723,180.75,2413.64,0.2,2438.27
724,181.0,2413.38,0.1,2438.27
725,181.25,2412.55,0.2,2438.26
726,181.5,2412.77,0.2,2438.26
727,181.75,2413.0,0.2,2438.26
728,182.0,2412.73,0.1,2438.26
729,182.25,2412.71,0.2,2438.25
730,182.5,2414.42,0.9,2438.25
731,182.75,2415.1,0.3,2438.25
732,183.0,2415.32,0.2,2438.25
733,183.25,2415.25,0.2,2438.24
734,183.5,2414.93,0.2,2438.24
735,183.75,2415.16,0.2,2438.24
736,184.0,2415.63,0.2,2438.24
737,184.25,2415.6,0.2,2438.24
738,184.5,2415.48,0.1,2438.23
739,184.75,2415.71,0.8,2438.23
740,185.0,2415.91,0.2,2438.23
741,185.25,2416.15,0.2,2438.23
742,185.5,2417.45,0.3,2438.22
743,185.75,2417.41,0.2,2438.22
744,186.0,2417.39,0.2,2438.22
745,186.25,2413.17,0.3,2438.22
746,186.5,2413.03,0.2,2438.22
747,186.75,2413.0,0.1,2438.21
748,187.0,2412.73,0.1,2438.21
749,187.25,2412.23,0.6,2438.21
750,187.5,2411.97,0.2,2438.21
751,187.75,2412.2,0.2,2438.2
752,188.0,2411.91,0.1,2438.2
753,188.25,2411.91,0.1,2438.2
754,188.5,2411.64,0.1,2438.2
755,188.75,2412.32,0.2,2438.19
756,189.0,2412.07,0.1,2438.19
757,189.25,2413.0,0.1,2438.19
758,189.5,2412.75,0.2,2438.19
759,189.75,2413.23,1.2,2438.19
760,190.0,2413.21,0.2,2438.18
761,190.25,2412.8,0.2,2438.18
762,190.5,2412.52,0.2,2438.18
763,190.75,2412.51,0.2,2438.18
764,191.0,2411.27,0.2,2438.17
765,191.25,2411.95,0.1,2438.17
766,191.5,2412.11,0.2,2438.17
767,191.75,2411.85,0.1,2438.17
768,192.0,2412.32,0.3,2438.16
769,192.25,2412.31,0.7,2438.16
770,192.5,2413.27,0.1,2438.16
771,192.75,2414.6,0.4,2438.16
772,193.0,2414.6,0.2,2438.16
773,193.25,2414.57,0.2,2438.15
774,193.5,2414.3,0.2,2438.15
775,193.75,2414.76,0.2,2438.15
776,194.0,2414.74,0.1,2438.15
777,194.25,2414.73,0.2,2438.14
778,194.5,2418.16,0.5,2438.14
779,194.75,2418.61,0.5,2438.14
780,195.0,2418.6,0.2,2438.14
781,195.25,2418.57,0.2,2438.14
782,195.5,2418.81,0.2,2438.13
783,195.75,2419.04,0.2,2438.13
784,196.0,2419.32,0.4,2438.13
785,196.25,2419.55,0.1,2438.13
786,196.5,2419.97,0.2,2438.12
787,196.75,2419.47,0.2,2438.12
788,197.0,2418.97,0.8,2438.12
789,197.25,2419.2,0.1,2438.12
790,197.5,2418.9,0.4,2438.11
791,197.75,2417.89,0.1,2438.11
792,198.0,2418.11,0.2,2438.11
793,198.25,2418.09,0.1,2438.11
794,198.5,2417.82,0.2,2438.11
795,198.75,2417.82,0.1,2438.1
796,199.0,2417.32,0.2,2438.1
797,199.25,2417.81,0.1,2438.1
798,199.5,2416.86,0.9,2438.1
799,199.75,2417.09,0.2,2438.09
800,200.0,2417.08,0.2,2438.09
801,200.25,2416.67,0.2,2438.09
802,200.5,2416.66,0.1,2438.09
803,200.75,2415.68,0.1,2438.08
804,201.0,2415.68,0.3,2438.08
805,201.25,2415.67,0.2,2438.08
806,201.5,2414.1,0.2,2438.08
807,201.75,2414.31,0.1,2438.08
808,202.0,2414.21,0.8,2438.07
809,202.25,2414.67,0.2,2438.07
810,202.5,2414.66,0.1,2438.07
811,202.75,2414.41,0.2,2438.07
812,203.0,2414.41,0.2,2438.06
813,203.25,2414.89,0.1,2438.06
814,203.5,2414.85,0.1,2438.06
815,203.75,2414.85,0.3,2438.06
816,204.0,2415.79,0.1,2438.05
817,204.25,2415.54,0.2,2438.05
818,204.5,2414.8,0.6,2438.05
819,204.75,2415.27,0.2,2438.05
820,205.0,2415.51,0.3,2438.05
821,205.25,2415.51,0.1,2438.04
822,205.5,2415.5,0.2,2438.04
823,205.75,2414.12,0.2,2438.04
824,206.0,2414.57,0.1,2438.04
825,206.25,2414.32,0.2,2438.03
826,206.5,2414.56,0.1,2438.03
827,206.75,2414.79,0.1,2438.03
828,207.0,2414.64,1.0,2438.03
829,207.25,2413.56,0.2,2438.03
830,207.5,2414.65,0.4,2438.02
831,207.75,2413.47,0.2,2438.02
832,208.0,2413.72,0.2,2438.02
833,208.25,2413.73,0.2,2438.02
834,208.5,2414.23,0.2,2438.01
835,208.75,2413.98,0.2,2438.01
836,209.0,2413.97,0.1,2438.01
837,209.25,2412.23,0.1,2438.01
838,209.5,2412.49,0.7,2438.0
839,209.75,2412.49,0.2,2438.0
840,210.0,2412.74,0.4,2438.0
841,210.25,2412.73,0.1,2438.0
842,210.5,2412.98,0.3,2438.0
843,210.75,2412.33,0.1,2437.99
844,211.0,2412.32,0.2,2437.99
845,211.25,2412.87,0.2,2437.99
846,211.5,2413.09,0.1,2437.99
847,211.75,2413.33,0.3,2437.98
848,212.0,2410.71,0.7,2437.98
849,212.25,2411.18,0.2,2437.98
850,212.5,2411.38,0.3,2437.98
851,212.75,2411.63,0.2,2437.97
852,213.0,2411.63,0.1,2437.97
853,213.25,2412.34,0.3,2437.97
854,213.5,2412.1,0.2,2437.97
855,213.75,2412.6,0.1,2437.97
856,214.0,2413.03,0.3,2437.96
857,214.25,2413.27,0.7,2437.96
858,214.5,2413.28,0.3,2437.96
859,214.75,2413.38,0.2,2437.96
860,215.0,2414.07,0.2,2437.95
861,215.25,2414.32,0.2,2437.95
862,215.5,2414.08,0.2,2437.95
863,215.75,2413.79,0.1,2437.95
864,216.0,2414.29,0.1,2437.94
865,216.25,2414.54,0.2,2437.94
866,216.5,2413.8,0.2,2437.94
867,216.75,2414.23,0.9,2437.94
868,217.0,2414.2,0.1,2437.94
869,217.25,2414.21,0.2,2437.93
870,217.5,2414.45,0.1,2437.93
871,217.75,2414.46,0.2,2437.93
872,218.0,2414.71,0.1,2437.93
873,218.25,2414.95,0.2,2437.92
874,218.5,2415.2,0.3,2437.92
875,218.75,2415.66,0.2,2437.92
876,219.0,2415.9,0.2,2437.92
877,219.25,2415.67,0.8,2437.92
878,219.5,2415.91,0.2,2437.91
879,219.75,2415.91,0.1,2437.91
880,220.0,2415.91,0.1,2437.91
881,220.25,2415.67,0.2,2437.91
882,220.5,2414.7,0.1,2437.9
883,220.75,2414.95,0.2,2437.9
884,221.0,2415.2,0.2,2437.9
885,221.25,2415.2,0.2,2437.9
886,221.5,2415.2,0.2,2437.89
887,221.75,2415.67,0.7,2437.89
888,222.0,2415.91,0.2,2437.89
889,222.25,2416.14,0.2,2437.89
890,222.5,2415.39,0.4,2437.89
891,222.75,2415.39,0.2,2437.88
892,223.0,2415.29,0.1,2437.88
893,223.25,2415.29,0.1,2437.88
894,223.5,2415.27,0.2,2437.88
895,223.75,2415.5,0.1,2437.87
896,224.0,2415.25,0.1,2437.87
897,224.25,2415.24,0.7,2437.87
898,224.5,2415.46,0.2,2437.87
899,224.75,2415.71,0.2,2437.86
900,225.0,2415.91,0.2,2437.86
901,225.25,2415.9,0.2,2437.86
902,225.5,2413.73,0.2,2437.86
903,225.75,2413.72,0.1,2437.86
904,226.0,2413.96,0.4,2437.85
905,226.25,2413.95,0.2,2437.85
906,226.5,2414.43,0.2,2437.85
907,226.75,2415.16,0.7,2437.85
908,227.0,2415.16,0.2,2437.84
909,227.25,2415.15,0.2,2437.84
910,227.5,2415.39,0.2,2437.84
911,227.75,2415.62,0.2,2437.84
912,228.0,2415.38,0.2,2437.84
913,228.25,2415.12,0.1,2437.83
914,228.5,2415.82,0.2,2437.83
915,228.75,2415.57,0.2,2437.83
916,229.0,2415.56,0.1,2437.83
917,229.25,2415.55,1.0,2437.82
918,229.5,2416.25,0.1,2437.82
919,229.75,2415.72,0.2,2437.82
920,230.0,2416.95,0.1,2437.82
921,230.25,2416.21,0.2,2437.81
922,230.5,2415.47,0.1,2437.81
923,230.75,2416.16,0.2,2437.81
924,231.0,2415.91,0.1,2437.81
925,231.25,2416.15,0.1,2437.81
926,231.5,2415.41,0.2,2437.8
927,231.75,2412.19,0.6,2437.8
928,232.0,2412.96,0.2,2437.8
929,232.25,2412.96,0.1,2437.8
930,232.5,2413.16,0.3,2437.79
931,232.75,2413.16,0.2,2437.79
932,233.0,2413.39,0.2,2437.79
933,233.25,2413.38,0.2,2437.79
934,233.5,2413.38,0.3,2437.78
935,233.75,2413.6,0.1,2437.78
936,234.0,2414.09,0.2,2437.78
937,234.25,2414.07,0.6,2437.78
938,234.5,2414.56,0.2,2437.78
939,234.75,2414.55,0.2,2437.77
940,235.0,2414.3,0.2,2437.77
941,235.25,2414.54,0.1,2437.77
942,235.5,2414.04,0.3,2437.77
943,235.75,2413.78,0.2,2437.76
944,236.0,2414.03,0.3,2437.76
945,236.25,2414.51,0.1,2437.76
946,236.5,2414.74,0.2,2437.76
947,236.75,2413.98,0.7,2437.75
948,237.0,2414.43,0.2,2437.75
949,237.25,2414.91,0.2,2437.75
950,237.5,2415.74,0.3,2437.75
951,237.75,2415.96,0.2,2437.75
952,238.0,2415.95,0.3,2437.74
953,238.25,2414.27,0.1,2437.74
954,238.5,2414.48,0.1,2437.74
955,238.75,2414.23,0.2,2437.74
956,239.0,2414.23,0.1,2437.73
957,239.25,2413.94,0.8,2437.73
958,239.5,2413.93,0.2,2437.73
959,239.75,2413.68,0.1,2437.73
960,240.0,2414.39,0.4,2437.73
961,240.25,2414.38,0.1,2437.72
962,240.5,2413.59,0.2,2437.72
963,240.75,2413.59,0.2,2437.72
964,241.0,2413.82,0.2,2437.72
965,241.25,2413.81,0.1,2437.71
966,241.5,2413.79,0.1,2437.71
967,241.75,2414.25,0.7,2437.71
968,242.0,2414.25,0.2,2437.71
969,242.25,2414.24,0.2,2437.7
970,242.5,2414.97,0.2,2437.7
971,242.75,2415.21,0.1,2437.7
972,243.0,2415.2,0.3,2437.7
973,243.25,2415.45,0.2,2437.7
974,243.5,2415.69,0.2,2437.69
975,243.75,2415.94,0.1,2437.69
976,244.0,2416.18,0.1,2437.69
977,244.25,2412.61,0.8,2437.69
978,244.5,2411.1,0.2,2437.68
979,244.75,2411.84,0.2,2437.68
980,245.0,2411.94,0.2,2437.68
981,245.25,2411.95,0.1,2437.68
982,245.5,2412.16,0.2,2437.67
983,245.75,2412.16,0.2,2437.67
984,246.0,2412.12,0.1,2437.67
985,246.25,2412.14,0.3,2437.67
986,246.5,2412.37,0.3,2437.67
987,246.75,2412.86,0.3,2437.66
988,247.0,2412.85,0.2,2437.66
989,247.25,2413.08,0.2,2437.66
990,247.5,2412.82,0.1,2437.66
991,247.75,2413.08,0.3,2437.65
992,248.0,2413.06,0.2,2437.65
993,248.25,2413.52,0.1,2437.65
994,248.5,2412.8,0.2,2437.65
995,248.75,2412.8,0.1,2437.64
996,249.0,2413.04,0.2,2437.64
997,249.25,2414.02,1.1,2437.64
998,249.5,2414.02,0.2,2437.64
999,249.75,2413.04,0.1,2437.64
1000,250.0,2412.55,0.4,2437.63
1001,250.25,2412.55,0.2,2437.63
1002,250.5,2409.63,0.1,2437.63
1003,250.75,2410.12,0.2,2437.63
1004,251.0,2410.29,0.2,2437.62
1005,251.25,2410.52,0.1,2437.62
1006,251.5,2410.5,0.1,2437.62
1007,251.75,2410.46,0.9,2437.62
1008,252.0,2410.67,0.3,2437.62
1009,252.25,2410.44,0.4,2437.61
1010,252.5,2410.44,0.1,2437.61
1011,252.75,2410.83,0.1,2437.61
1012,253.0,2410.83,0.2,2437.61
1013,253.25,2411.05,0.2,2437.6
1014,253.5,2411.3,0.1,2437.6
1015,253.75,2411.06,0.2,2437.6
1016,254.0,2411.52,0.2,2437.6
1017,254.25,2411.72,0.7,2437.59
1018,254.5,2411.72,0.1,2437.59
1019,254.75,2411.95,0.2,2437.59
1020,255.0,2412.2,0.2,2437.59
1021,255.25,2412.19,0.1,2437.59
1022,255.5,2412.06,0.2,2437.58
1023,255.75,2410.54,0.2,2437.58
1024,256.0,2410.78,0.1,2437.58
1025,256.25,2411.03,0.1,2437.58
1026,256.5,2411.23,0.2,2437.57
1027,256.75,2412.44,0.9,2437.57
1028,257.0,2412.92,0.2,2437.57
1029,257.25,2413.17,0.1,2437.57
1030,257.5,2413.41,0.2,2437.56
1031,257.75,2412.36,0.2,2437.56
1032,258.0,2412.6,0.2,2437.56
1033,258.25,2412.59,0.2,2437.56
1034,258.5,2412.84,0.2,2437.56
1035,258.75,2413.07,0.2,2437.55
1036,259.0,2413.52,0.2,2437.55
1037,259.25,2414.97,0.6,2437.55
1038,259.5,2415.71,0.3,2437.55
1039,259.75,2416.24,0.1,2437.54
1040,260.0,2415.99,0.2,2437.54
1041,260.25,2416.22,0.2,2437.54
1042,260.5,2415.72,0.2,2437.54
1043,260.75,2415.71,0.2,2437.54
1044,261.0,2415.95,0.1,2437.53
1045,261.25,2415.7,0.2,2437.53
1046,261.5,2415.67,0.1,2437.53
1047,261.75,2415.41,1.0,2437.53
1048,262.0,2415.16,0.2,2437.52
1049,262.25,2415.63,0.2,2437.52
1050,262.5,2415.39,0.2,2437.52
1051,262.75,2413.6,0.2,2437.52
1052,263.0,2414.3,0.2,2437.51
1053,263.25,2414.54,0.1,2437.51
1054,263.5,2414.77,0.2,2437.51
1055,263.75,2414.77,0.1,2437.51
1056,264.0,2414.76,0.1,2437.51
1057,264.25,2415.25,0.9,2437.5
1058,264.5,2415.48,0.2,2437.5
1059,264.75,2416.43,0.4,2437.5
1060,265.0,2416.43,0.1,2437.5
1061,265.25,2416.43,0.2,2437.49
1062,265.5,2415.36,0.3,2437.49
1063,265.75,2415.35,0.1,2437.49
1064,266.0,2415.34,0.3,2437.49
1065,266.25,2415.56,0.2,2437.48
1066,266.5,2415.55,0.2,2437.48
1067,266.75,2411.97,0.6,2437.48
1068,267.0,2411.73,0.2,2437.48
1069,267.25,2412.8,0.3,2437.48
1070,267.5,2413.29,0.1,2437.47
1071,267.75,2413.28,0.2,2437.47
1072,268.0,2413.52,0.1,2437.47
1073,268.25,2413.52,0.1,2437.47
1074,268.5,2413.5,0.2,2437.46
1075,268.75,2413.02,0.1,2437.46
1076,269.0,2409.83,0.2,2437.46
1077,269.25,2410.31,0.7,2437.46
1078,269.5,2410.3,0.2,2437.45
1079,269.75,2410.8,0.3,2437.45
1080,270.0,2411.02,0.2,2437.45
1081,270.25,2410.63,0.4,2437.45
1082,270.5,2410.63,0.2,2437.45
1083,270.75,2410.64,0.2,2437.44
1084,271.0,2410.89,0.2,2437.44
1085,271.25,2410.64,0.1,2437.44
1086,271.5,2409.2,0.7,2437.44
1087,271.75,2409.42,0.3,2437.43
1088,272.0,2409.92,0.2,2437.43
1089,272.25,2408.96,0.1,2437.43
1090,272.5,2408.71,0.2,2437.43
1091,272.75,2409.1,0.4,2437.43
1092,273.0,2409.34,0.2,2437.42
1093,273.25,2409.83,0.1,2437.42
1094,273.5,2410.05,0.2,2437.42
1095,273.75,2410.51,0.2,2437.42
1096,274.0,2411.73,0.8,2437.41
1097,274.25,2411.73,0.1,2437.41
1098,274.5,2411.74,0.2,2437.41
1099,274.75,2410.88,0.2,2437.41
1100,275.0,2410.88,0.1,2437.4
1101,275.25,2410.9,0.2,2437.4
1102,275.5,2410.9,0.1,2437.4
1103,275.75,2411.36,0.5,2437.4
1104,276.0,2411.85,0.3,2437.4
1105,276.25,2412.11,0.2,2437.39
1106,276.5,2413.04,0.9,2437.39
1107,276.75,2413.9,0.3,2437.39
1108,277.0,2413.9,0.3,2437.39
1109,277.25,2414.38,0.3,2437.38
1110,277.5,2414.6,0.3,2437.38
1111,277.75,2414.59,0.2,2437.38
1112,278.0,2415.08,0.2,2437.38
1113,278.25,2415.32,0.1,2437.37
1114,278.5,2415.57,0.1,2437.37
1115,278.75,2415.07,0.2,2437.37
1116,279.0,2415.78,0.9,2437.37
1117,279.25,2415.77,0.2,2437.37
1118,279.5,2416.0,0.3,2437.36
1119,279.75,2414.5,0.2,2437.36
1120,280.0,2414.49,0.2,2437.36
1121,280.25,2413.75,0.1,2437.36
1122,280.5,2413.73,0.3,2437.35
1123,280.75,2413.71,0.1,2437.35
1124,281.0,2414.17,0.2,2437.35
1125,281.25,2414.67,0.2,2437.35
1126,281.5,2418.37,0.9,2437.34
1127,281.75,2418.86,0.2,2437.34
1128,282.0,2419.36,0.2,2437.34
1129,282.25,2419.6,0.2,2437.34
1130,282.5,2417.77,0.2,2437.34
1131,282.75,2418.23,0.2,2437.33
1132,283.0,2418.72,0.3,2437.33
1133,283.25,2418.47,0.2,2437.33
1134,283.5,2418.93,0.2,2437.33
1135,283.75,2418.68,0.1,2437.32
1136,284.0,2418.92,0.6,2437.32
1137,284.25,2418.91,0.2,2437.32
1138,284.5,2418.91,0.2,2437.32
1139,284.75,2419.17,0.2,2437.32
1140,285.0,2418.93,0.2,2437.31
1141,285.25,2417.29,0.2,2437.31
1142,285.5,2417.52,0.2,2437.31
1143,285.75,2417.52,0.2,2437.31
1144,286.0,2417.27,0.1,2437.3
1145,286.25,2417.96,0.1,2437.3
1146,286.5,2418.21,0.8,2437.3
1147,286.75,2418.2,0.2,2437.3
1148,287.0,2416.53,0.2,2437.29
1149,287.25,2416.51,0.1,2437.29
1150,287.5,2416.75,0.1,2437.29
1151,287.75,2416.74,0.1,2437.29
1152,288.0,2416.98,0.2,2437.29
1153,288.25,2416.24,0.3,2437.28
1154,288.5,2416.48,0.2,2437.28
1155,288.75,2416.71,0.2,2437.28
1156,289.0,2416.96,0.7,2437.28
1157,289.25,2416.7,0.3,2437.27
1158,289.5,2418.49,0.2,2437.27
1159,289.75,2418.88,0.1,2437.27
1160,290.0,2417.32,0.2,2437.27
1161,290.25,2417.53,0.3,2437.26
1162,290.5,2417.77,0.2,2437.26
1163,290.75,2437.01,3.8,2437.26
1164,291.0,2437.01,0.5,2437.26
1165,291.25,2436.55,0.2,2437.26
1166,291.5,2437.53,0.6,2437.25
1167,291.75,2437.77,0.3,2437.25
1168,292.0,2438.25,0.2,2437.25
1169,292.25,2438.25,0.2,2437.25
1170,292.5,2437.64,0.1,2437.24
1171,292.75,2437.38,0.2,2437.24
1172,293.0,2437.62,0.2,2437.24
1173,293.25,2437.87,0.2,2437.24
1174,293.5,2438.35,0.2,2437.23
1175,293.75,2438.56,0.3,2437.23
1176,294.0,2438.79,0.7,2437.23
1177,294.25,2439.03,0.2,2437.23
1178,294.5,2439.51,0.3,2437.23
1179,294.75,2440.0,0.2,2437.22
1180,295.0,2439.99,0.2,2437.22
1181,295.25,2438.27,0.3,2437.22
1182,295.5,2438.51,0.2,2437.22
1183,295.75,2438.5,0.1,2437.21
1184,296.0,2439.23,0.2,2437.21
1185,296.25,2438.99,0.2,2437.21
1186,296.5,2439.23,0.7,2437.21
1187,296.75,2439.46,0.1,2437.21
1188,297.0,2438.96,0.4,2437.2
1189,297.25,2439.2,0.1,2437.2
1190,297.5,2437.96,0.1,2437.2
1191,297.75,2437.71,0.2,2437.2
1192,298.0,2437.7,0.1,2437.19
1193,298.25,2437.69,0.2,2437.19
1194,298.5,2438.64,0.2,2437.19
1195,298.75,2438.63,0.2,2437.19
1196,299.0,2438.39,0.6,2437.18
1197,299.25,2438.38,0.1,2437.18
1198,299.5,2438.38,0.3,2437.18
1199,299.75,2438.96,0.1,2437.18
1200,300.0,2438.21,0.3,2437.18
1201,300.25,2437.71,0.1,2437.17
1202,300.5,2436.78,0.2,2437.17
1203,300.75,2437.27,0.2,2437.17
1204,301.0,2436.77,0.2,2437.17
1205,301.25,2434.8,0.6,2437.16
1206,301.5,2434.79,0.2,2437.16
1207,301.75,2435.02,0.2,2437.16
1208,302.0,2435.26,0.2,2437.16
1209,302.25,2435.73,0.1,2437.15
1210,302.5,2435.95,0.2,2437.15
1211,302.75,2436.18,0.1,2437.15
1212,303.0,2435.94,0.2,2437.15
1213,303.25,2435.95,0.1,2437.15
1214,303.5,2436.2,0.2,2437.14
1215,303.75,2436.66,0.7,2437.14
1216,304.0,2436.67,0.2,2437.14
1217,304.25,2435.39,0.4,2437.14
1218,304.5,2435.48,0.2,2437.13
1219,304.75,2436.22,0.2,2437.13
1220,305.0,2433.73,0.4,2437.13
1221,305.25,2433.99,0.1,2437.13
1222,305.5,2433.44,0.2,2437.13
1223,305.75,2433.94,0.2,2437.12
1224,306.0,2434.18,0.2,2437.12
1225,306.25,2434.18,0.9,2437.12
1226,306.5,2434.19,0.2,2437.12
1227,306.75,2434.41,0.3,2437.11
1228,307.0,2434.9,0.2,2437.11
1229,307.25,2434.92,0.1,2437.11
1230,307.5,2435.13,0.1,2437.11
1231,307.75,2435.12,0.2,2437.1
1232,308.0,2435.38,0.2,2437.1
1233,308.25,2435.37,0.2,2437.1
1234,308.5,2435.31,0.3,2437.1
1235,308.75,2419.12,0.8,2437.1
1236,309.0,2419.11,0.2,2437.09
1237,309.25,2418.85,0.2,2437.09
1238,309.5,2419.09,0.2,2437.09
1239,309.75,2418.34,0.1,2437.09
1240,310.0,2418.46,0.2,2437.08
1241,310.25,2418.7,0.1,2437.08
1242,310.5,2418.69,0.2,2437.08
1243,310.75,2418.44,0.1,2437.08
1244,311.0,2418.92,0.2,2437.07
1245,311.25,2419.16,0.7,2437.07
1246,311.5,2419.4,0.4,2437.07
1247,311.75,2418.07,0.2,2437.07
1248,312.0,2418.3,0.2,2437.07
1249,312.25,2418.79,0.2,2437.06
1250,312.5,2418.8,0.2,2437.06
1251,312.75,2418.29,0.1,2437.06
1252,313.0,2418.54,0.2,2437.06
1253,313.25,2417.46,0.2,2437.05
1254,313.5,2417.21,0.2,2437.05
1255,313.75,2416.7,0.6,2437.05
1256,314.0,2416.95,0.2,2437.05
1257,314.25,2416.69,0.4,2437.04
1258,314.5,2416.9,0.2,2437.04
1259,314.75,2416.9,0.2,2437.04
1260,315.0,2415.66,0.2,2437.04
1261,315.25,2413.89,0.1,2437.04
1262,315.5,2414.13,0.2,2437.03
1263,315.75,2414.54,0.3,2437.03
1264,316.0,2414.31,0.7,2437.03
1265,316.25,2414.52,0.8,2437.03
1266,316.5,2414.49,0.2,2437.02
1267,316.75,2414.73,0.3,2437.02
1268,317.0,2414.97,0.1,2437.02
1269,317.25,2415.19,0.2,2437.02
1270,317.5,2415.18,0.2,2437.02
1271,317.75,2414.7,1.8,2437.01
1272,318.0,2414.95,0.3,2437.01
1273,318.25,2415.19,0.2,2437.01
1274,318.5,2415.2,0.6,2437.01
1275,318.75,2415.66,0.2,2437.0
1276,319.0,2415.91,0.1,2437.0
1277,319.25,2416.68,0.2,2437.0
1278,319.5,2416.93,0.2,2437.0
1279,319.75,2416.32,0.2,2436.99
1280,320.0,2414.65,0.1,2436.99
1281,320.25,2413.24,0.4,2436.99
1282,320.5,2413.71,0.2,2436.99
1283,320.75,2413.71,0.2,2436.99
1284,321.0,2414.7,0.7,2436.98
1285,321.25,2415.16,0.2,2436.98
1286,321.5,2415.16,0.2,2436.98
1287,321.75,2415.41,0.2,2436.98
1288,322.0,2415.65,0.2,2436.97
1289,322.25,2415.9,0.1,2436.97
1290,322.5,2416.36,0.2,2436.97
1291,322.75,2416.35,0.2,2436.97
1292,323.0,2417.08,0.2,2436.96
1293,323.25,2416.59,0.1,2436.96
1294,323.5,2420.02,0.7,2436.96
1295,323.75,2420.52,0.2,2436.96
1296,324.0,2420.5,0.2,2436.96
1297,324.25,2421.18,0.2,2436.95
1298,324.5,2421.18,0.1,2436.95
1299,324.75,2420.05,0.3,2436.95
1300,325.0,2419.8,0.2,2436.95
1301,325.25,2420.05,0.2,2436.94
1302,325.5,2418.85,0.2,2436.94
1303,325.75,2419.56,0.2,2436.94
1304,326.0,2420.05,0.4,2436.94
1305,326.25,2420.54,0.2,2436.93
1306,326.5,2421.1,0.2,2436.93
1307,326.75,2421.35,0.2,2436.93
1308,327.0,2419.42,0.3,2436.93
1309,327.25,2419.89,0.2,2436.93
1310,327.5,2419.89,0.1,2436.92
1311,327.75,2420.13,0.2,2436.92
1312,328.0,2419.65,0.1,2436.92
1313,328.25,2419.89,0.1,2436.92
1314,328.5,2418.68,0.8,2436.91
1315,328.75,2418.89,0.2,2436.91
1316,329.0,2418.9,0.3,2436.91
1317,329.25,2419.16,0.2,2436.91
1318,329.5,2419.63,0.2,2436.91
1319,329.75,2419.63,0.2,2436.9
1320,330.0,2419.12,0.3,2436.9
1321,330.25,2419.86,0.2,2436.9
1322,330.5,2420.29,0.2,2436.9
1323,330.75,2421.45,0.4,2436.89
1324,331.0,2421.2,0.2,2436.89
1325,331.25,2421.18,0.4,2436.89
1326,331.5,2421.18,0.1,2436.89
1327,331.75,2420.88,0.1,2436.88
1328,332.0,2420.87,0.1,2436.88
1329,332.25,2420.86,0.2,2436.88
1330,332.5,2420.86,0.2,2436.88
1331,332.75,2421.32,0.2,2436.88
1332,333.0,2421.32,0.2,2436.87
1333,333.25,2421.31,0.5,2436.87
1334,333.5,2421.56,0.1,2436.87
1335,333.75,2421.1,0.3,2436.87
1336,334.0,2421.59,0.2,2436.86
1337,334.25,2422.09,0.3,2436.86
1338,334.5,2420.38,0.1,2436.86
1339,334.75,2420.64,0.2,2436.86
1340,335.0,2420.64,0.2,2436.85
1341,335.25,2421.1,0.1,2436.85
1342,335.5,2421.36,0.2,2436.85
1343,335.75,2421.59,0.6,2436.85
1344,336.0,2422.09,0.2,2436.85
1345,336.25,2422.09,0.2,2436.84
1346,336.5,2422.33,0.2,2436.84
1347,336.75,2422.09,0.2,2436.84
1348,337.0,2422.1,0.1,2436.84
1349,337.25,2422.59,0.2,2436.83
1350,337.5,2422.6,0.2,2436.83
1351,337.75,2422.36,0.2,2436.83
1352,338.0,2422.6,0.1,2436.83
1353,338.25,2420.39,1.1,2436.83
1354,338.5,2420.88,0.3,2436.82
1355,338.75,2421.12,0.3,2436.82
1356,339.0,2421.6,0.2,2436.82
1357,339.25,2421.84,0.2,2436.82
1358,339.5,2420.87,0.3,2436.81
1359,339.75,2420.29,0.2,2436.81
1360,340.0,2420.03,0.2,2436.81
1361,340.25,2420.03,0.1,2436.81
1362,340.5,2420.51,0.1,2436.8
1363,340.75,2420.77,0.6,2436.8
1364,341.0,2420.98,0.2,2436.8
1365,341.25,2419.96,0.2,2436.8
1366,341.5,2418.42,0.2,2436.8
1367,341.75,2417.48,0.2,2436.79
1368,342.0,2418.2,0.2,2436.79
1369,342.25,2418.43,0.1,2436.79
1370,342.5,2418.41,0.2,2436.79
1371,342.75,2418.88,0.2,2436.78
1372,343.0,2418.62,0.4,2436.78
1373,343.25,2417.88,0.6,2436.78
1374,343.5,2417.63,0.2,2436.78
1375,343.75,2418.11,0.3,2436.77
1376,344.0,2418.11,0.1,2436.77
1377,344.25,2418.34,0.2,2436.77
1378,344.5,2418.31,0.3,2436.77
1379,344.75,2418.54,0.2,2436.77
1380,345.0,2418.53,0.2,2436.76
1381,345.25,2418.77,0.2,2436.76
1382,345.5,2418.27,0.2,2436.76
1383,345.75,2418.75,0.6,2436.76
1384,346.0,2418.23,0.1,2436.75
1385,346.25,2418.46,0.3,2436.75
1386,346.5,2418.71,0.1,2436.75
1387,346.75,2417.96,0.2,2436.75
1388,347.0,2418.68,0.2,2436.74
1389,347.25,2418.67,0.1,2436.74
1390,347.5,2417.39,0.2,2436.74
1391,347.75,2417.62,0.1,2436.74
1392,348.0,2417.88,0.2,2436.74
1393,348.25,2418.6,0.6,2436.73
1394,348.5,2418.86,0.3,2436.73
1395,348.75,2419.34,0.2,2436.73
1396,349.0,2419.35,0.2,2436.73
1397,349.25,2418.42,0.3,2436.72
1398,349.5,2418.91,0.1,2436.72
1399,349.75,2419.15,0.1,2436.72
1400,350.0,2419.16,0.1,2436.72
1401,350.25,2418.23,0.2,2436.72
1402,350.5,2418.71,0.7,2436.71
1403,350.75,2418.73,0.3,2436.71
1404,351.0,2419.67,0.2,2436.71
1405,351.25,2419.19,0.3,2436.71
1406,351.5,2419.69,0.1,2436.7
1407,351.75,2419.68,0.2,2436.7
1408,352.0,2419.93,0.3,2436.7
1409,352.25,2419.92,0.2,2436.7
1410,352.5,2419.93,0.4,2436.69
1411,352.75,2418.52,0.2,2436.69
1412,353.0,2419.01,0.6,2436.69
1413,353.25,2418.77,0.2,2436.69
1414,353.5,2419.26,0.3,2436.69
1415,353.75,2419.02,0.2,2436.68
1416,354.0,2419.73,0.2,2436.68
1417,354.25,2418.13,0.2,2436.68
1418,354.5,2418.62,0.2,2436.68
1419,354.75,2418.86,0.1,2436.67
1420,355.0,2418.55,0.1,2436.67
1421,355.25,2418.29,0.2,2436.67
1422,355.5,2417.29,0.8,2436.67
1423,355.75,2417.77,0.2,2436.66
1424,356.0,2417.99,0.4,2436.66
1425,356.25,2418.14,0.2,2436.66
1426,356.5,2418.14,0.2,2436.66
1427,356.75,2417.88,0.2,2436.66
1428,357.0,2418.11,0.2,2436.65
1429,357.25,2418.11,0.2,2436.65
1430,357.5,2417.87,0.1,2436.65
1431,357.75,2416.05,0.1,2436.65
1432,358.0,2414.55,0.7,2436.64
1433,358.25,2414.79,0.1,2436.64
1434,358.5,2415.02,0.2,2436.64
1435,358.75,2414.77,0.2,2436.64
1436,359.0,2415.02,0.1,2436.63
1437,359.25,2416.29,0.4,2436.63
1438,359.5,2416.04,0.1,2436.63
1439,359.75,2415.79,0.1,2436.63
1440,360.0,2415.99,0.1,2436.63
1441,360.25,2415.98,0.2,2436.62
1442,360.5,2415.21,0.6,2436.62
1443,360.75,2414.96,0.4,2436.62
1444,361.0,2415.45,0.3,2436.62
1445,361.25,2415.93,0.2,2436.61
1446,361.5,2415.91,0.2,2436.61
1447,361.75,2415.91,0.1,2436.61
1448,362.0,2416.15,0.2,2436.61
1449,362.25,2416.39,0.1,2436.61
1450,362.5,2414.84,0.2,2436.6
1451,362.75,2415.69,0.1,2436.6
1452,363.0,2416.16,0.6,2436.6
1453,363.25,2416.16,0.2,2436.6
1454,363.5,2416.04,0.1,2436.59
1455,363.75,2416.48,0.2,2436.59
1456,364.0,2416.47,0.2,2436.59
1457,364.25,2415.73,0.2,2436.59
1458,364.5,2416.22,0.1,2436.58
1459,364.75,2416.45,0.2,2436.58
1460,365.0,2416.45,0.2,2436.58
1461,365.25,2416.44,0.2,2436.58
1462,365.5,2416.68,0.6,2436.58
1463,365.75,2416.68,0.2,2436.57
1464,366.0,2416.42,0.1,2436.57
1465,366.25,2416.16,0.2,2436.57
1466,366.5,2416.41,0.1,2436.57
1467,366.75,2416.65,0.2,2436.56
1468,367.0,2416.88,0.1,2436.56
1469,367.25,2416.88,0.1,2436.56
1470,367.5,2417.34,0.2,2436.56
1471,367.75,2417.57,0.1,2436.55
1472,368.0,2417.8,0.8,2436.55
1473,368.25,2418.05,0.2,2436.55
1474,368.5,2416.86,0.2,2436.55
1475,368.75,2416.6,0.2,2436.55
1476,369.0,2416.79,0.1,2436.54
1477,369.25,2417.02,0.1,2436.54
1478,369.5,2417.02,0.3,2436.54
1479,369.75,2417.25,0.1,2436.54
1480,370.0,2417.01,0.2,2436.53
1481,370.25,2416.51,0.1,2436.53
1482,370.5,2418.45,0.9,2436.53
1483,370.75,2418.43,0.2,2436.53
1484,371.0,2417.07,0.2,2436.53
1485,371.25,2416.81,0.2,2436.52
1486,371.5,2416.81,0.1,2436.52
1487,371.75,2415.3,0.2,2436.52
1488,372.0,2415.29,0.2,2436.52
1489,372.25,2415.77,0.1,2436.51
1490,372.5,2415.77,0.2,2436.51
1491,372.75,2415.73,0.2,2436.51
1492,373.0,2418.64,0.9,2436.51
1493,373.25,2419.13,0.1,2436.5
1494,373.5,2419.37,0.2,2436.5
1495,373.75,2419.36,0.2,2436.5
1496,374.0,2419.11,0.2,2436.5
1497,374.25,2417.36,0.1,2436.5
1498,374.5,2417.6,0.2,2436.49
1499,374.75,2417.84,0.2,2436.49
1500,375.0,2418.31,0.2,2436.49
1501,375.25,2418.31,0.2,2436.49
1502,375.5,2419.04,0.4,2436.48
1503,375.75,2419.27,0.2,2436.48
1504,376.0,2419.26,0.2,2436.48
1505,376.25,2419.01,0.3,2436.48
1506,376.5,2418.75,0.1,2436.47
1507,376.75,2418.99,0.2,2436.47
1508,377.0,2419.23,0.2,2436.47
1509,377.25,2419.22,0.2,2436.47
1510,377.5,2419.21,0.2,2436.47
1511,377.75,2418.96,0.2,2436.46
1512,378.0,2416.27,0.6,2436.46
1513,378.25,2416.5,0.2,2436.46
1514,378.5,2417.84,0.2,2436.46
1515,378.75,2416.51,0.2,2436.45
1516,379.0,2416.75,0.1,2436.45
1517,379.25,2415.81,0.2,2436.45
1518,379.5,2416.28,0.1,2436.45
1519,379.75,2416.74,0.2,2436.44
1520,380.0,2416.73,0.2,2436.44
1521,380.25,2415.46,0.2,2436.44
1522,380.5,2415.69,0.8,2436.44
1523,380.75,2416.15,0.2,2436.44
1524,381.0,2416.39,0.2,2436.43
1525,381.25,2416.85,0.1,2436.43
1526,381.5,2416.84,0.3,2436.43
1527,381.75,2416.59,0.2,2436.43
1528,382.0,2416.59,0.2,2436.42
1529,382.25,2416.83,0.2,2436.42
1530,382.5,2416.84,0.2,2436.42
1531,382.75,2416.84,0.2,2436.42
1532,383.0,2417.08,0.7,2436.42
1533,383.25,2417.33,0.2,2436.41
1534,383.5,2414.92,1.1,2436.41
1535,383.75,2415.17,0.2,2436.41
1536,384.0,2415.17,0.1,2436.41
1537,384.25,2414.28,0.3,2436.4
1538,384.5,2414.54,0.2,2436.4
1539,384.75,2414.78,0.1,2436.4
1540,385.0,2415.03,0.1,2436.4
1541,385.25,2415.04,0.2,2436.39
1542,385.5,2415.53,0.8,2436.39
1543,385.75,2415.99,0.2,2436.39
1544,386.0,2416.48,0.3,2436.39
1545,386.25,2416.65,0.1,2436.39
1546,386.5,2416.64,0.2,2436.38
1547,386.75,2416.64,0.2,2436.38
1548,387.0,2416.88,0.2,2436.38
1549,387.25,2416.63,0.2,2436.38
1550,387.5,2417.08,0.2,2436.37
1551,387.75,2417.07,0.1,2436.37
1552,388.0,2417.06,0.9,2436.37
1553,388.25,2417.3,0.2,2436.37
1554,388.5,2418.25,0.1,2436.36
1555,388.75,2418.24,0.1,2436.36
1556,389.0,2418.49,0.1,2436.36
1557,389.25,2416.62,0.2,2436.36
1558,389.5,2416.92,0.2,2436.36
1559,389.75,2417.41,0.2,2436.35
1560,390.0,2417.66,0.2,2436.35
1561,390.25,2418.12,0.4,2436.35
1562,390.5,2418.86,0.6,2436.35
1563,390.75,2419.07,0.2,2436.34
1564,391.0,2419.07,0.2,2436.34
1565,391.25,2419.07,0.3,2436.34
1566,391.5,2419.32,0.2,2436.34
1567,391.75,2419.56,0.1,2436.33
1568,392.0,2420.05,0.2,2436.33
1569,392.25,2420.52,0.1,2436.33
1570,392.5,2420.02,0.4,2436.33
1571,392.75,2419.12,0.1,2436.33
1572,393.0,2420.59,0.7,2436.32
1573,393.25,2421.08,0.2,2436.32
1574,393.5,2420.88,0.4,2436.32
1575,393.75,2420.71,0.1,2436.32
1576,394.0,2419.81,0.4,2436.31
1577,394.25,2419.6,0.2,2436.31
1578,394.5,2419.34,0.2,2436.31
1579,394.75,2418.08,0.1,2436.31
1580,395.0,2418.07,0.1,2436.31
1581,395.25,2418.56,0.2,2436.3
1582,395.5,2418.81,0.7,2436.3
1583,395.75,2419.05,0.1,2436.3
1584,396.0,2419.29,0.2,2436.3
1585,396.25,2419.53,0.1,2436.29
1586,396.5,2420.01,0.2,2436.29
1587,396.75,2420.47,0.2,2436.29
1588,397.0,2420.46,0.1,2436.29
1589,397.25,2420.7,0.2,2436.28
1590,397.5,2420.7,0.2,2436.28
1591,397.75,2421.16,0.2,2436.28
1592,398.0,2421.42,0.7,2436.28
1593,398.25,2422.12,0.3,2436.28
1594,398.5,2422.62,0.2,2436.27
1595,398.75,2422.62,0.2,2436.27
1596,399.0,2422.25,0.3,2436.27
1597,399.25,2422.5,0.1,2436.27
1598,399.5,2422.71,0.2,2436.26
1599,399.75,2421.46,0.2,2436.26
1600,400.0,2421.93,0.1,2436.26
1601,400.25,2421.43,0.1,2436.26
1602,400.5,2417.9,1.1,2436.25
1603,400.75,2418.14,0.2,2436.25
1604,401.0,2419.61,0.3,2436.25
1605,401.25,2419.85,0.4,2436.25
1606,401.5,2419.95,0.1,2436.25
1607,401.75,2419.94,0.2,2436.24
1608,402.0,2420.19,0.2,2436.24
1609,402.25,2420.16,0.2,2436.24
1610,402.5,2418.48,0.2,2436.24
1611,402.75,2418.71,0.3,2436.23
1612,403.0,2418.93,0.4,2436.23
1613,403.25,2419.15,0.2,2436.23
1614,403.5,2419.14,0.3,2436.23
1615,403.75,2419.14,0.1,2436.23
1616,404.0,2418.25,0.2,2436.22
1617,404.25,2417.75,0.2,2436.22
1618,404.5,2417.98,0.2,2436.22
1619,404.75,2417.95,0.1,2436.22
1620,405.0,2418.44,0.3,2436.21
1621,405.25,2418.67,0.1,2436.21
1622,405.5,2418.42,0.6,2436.21
1623,405.75,2418.9,0.4,2436.21
1624,406.0,2419.14,0.2,2436.2
1625,406.25,2419.39,0.2,2436.2
1626,406.5,2419.39,0.1,2436.2
1627,406.75,2419.64,0.1,2436.2
1628,407.0,2419.89,0.2,2436.2
1629,407.25,2419.63,0.2,2436.19
1630,407.5,2419.88,0.2,2436.19
1631,407.75,2419.88,0.1,2436.19
1632,408.0,2418.32,0.7,2436.19
1633,408.25,2418.05,0.3,2436.18
1634,408.5,2418.11,0.4,2436.18
1635,408.75,2418.1,0.2,2436.18
1636,409.0,2417.24,0.1,2436.18
1637,409.25,2416.2,0.1,2436.17
1638,409.5,2416.17,0.2,2436.17
1639,409.75,2416.63,0.2,2436.17
1640,410.0,2416.87,0.2,2436.17
1641,410.25,2416.87,0.1,2436.17
1642,410.5,2416.62,1.0,2436.16
1643,410.75,2416.62,0.2,2436.16
1644,411.0,2416.61,0.2,2436.16
1645,411.25,2416.61,0.2,2436.16
1646,411.5,2416.59,0.2,2436.15
1647,411.75,2416.83,0.1,2436.15
1648,412.0,2415.39,0.1,2436.15
1649,412.25,2415.39,0.1,2436.15
1650,412.5,2415.62,0.1,2436.14
1651,412.75,2415.86,0.2,2436.14
1652,413.0,2414.91,0.6,2436.14
1653,413.25,2415.17,0.1,2436.14
1654,413.5,2415.66,0.2,2436.14
1655,413.75,2415.88,0.1,2436.13
1656,414.0,2414.62,0.2,2436.13
1657,414.25,2415.11,0.1,2436.13
1658,414.5,2415.35,0.2,2436.13
1659,414.75,2415.61,0.2,2436.12
1660,415.0,2415.61,0.0,2436.12
1661,415.25,2414.12,0.4,2436.12
1662,415.5,2415.58,0.8,2436.12
1663,415.75,2415.33,0.3,2436.12
1664,416.0,2416.06,0.2,2436.11
1665,416.25,2416.29,0.2,2436.11
1666,416.5,2416.54,0.3,2436.11
1667,416.75,2416.6,0.1,2436.11
1668,417.0,2417.31,0.1,2436.1
1669,417.25,2417.78,0.2,2436.1
1670,417.5,2416.35,0.2,2436.1
1671,417.75,2416.59,0.2,2436.1
1672,418.0,2417.07,0.6,2436.09
1673,418.25,2417.79,0.2,2436.09
1674,418.5,2418.05,0.2,2436.09
1675,418.75,2418.51,0.2,2436.09
1676,419.0,2418.26,0.2,2436.09
1677,419.25,2418.25,0.1,2436.08
1678,419.5,2418.02,0.1,2436.08
1679,419.75,2418.01,0.3,2436.08
1680,420.0,2418.02,0.1,2436.08
1681,420.25,2418.01,0.2,2436.07
1682,420.5,2416.76,0.6,2436.07
1683,420.75,2417.25,0.2,2436.07
1684,421.0,2417.48,0.3,2436.07
1685,421.25,2417.97,0.1,2436.06
1686,421.5,2417.97,0.3,2436.06
1687,421.75,2417.97,0.1,2436.06
1688,422.0,2418.22,0.2,2436.06
1689,422.25,2418.47,0.2,2436.06
1690,422.5,2417.99,0.3,2436.05
1691,422.75,2418.4,0.2,2436.05
1692,423.0,2418.89,0.7,2436.05
1693,423.25,2418.41,0.2,2436.05
1694,423.5,2419.02,0.2,2436.04
1695,423.75,2419.25,0.2,2436.04
1696,424.0,2417.6,0.2,2436.04
1697,424.25,2417.79,0.1,2436.04
1698,424.5,2417.96,0.3,2436.03
1699,424.75,2417.96,0.1,2436.03
1700,425.0,2416.93,0.2,2436.03
1701,425.25,2416.92,0.2,2436.03
1702,425.5,2415.48,0.9,2436.03
1703,425.75,2415.7,0.2,2436.02
1704,426.0,2415.91,0.1,2436.02
1705,426.25,2415.66,0.1,2436.02
1706,426.5,2415.65,0.1,2436.02
1707,426.75,2415.41,0.2,2436.01
1708,427.0,2415.39,0.1,2436.01
1709,427.25,2415.63,0.2,2436.01
1710,427.5,2414.89,0.1,2436.01
1711,427.75,2415.88,0.9,2436.01
1712,428.0,2416.83,0.3,2436.0
1713,428.25,2417.06,0.1,2436.0
1714,428.5,2416.8,0.3,2436.0
1715,428.75,2417.29,0.1,2436.0
1716,429.0,2417.84,0.3,2435.99
1717,429.25,2418.08,0.2,2435.99
1718,429.5,2418.34,0.2,2435.99
1719,429.75,2418.57,0.2,2435.99
1720,430.0,2418.82,0.1,2435.98
1721,430.25,2419.32,0.7,2435.98
1722,430.5,2419.56,0.3,2435.98
1723,430.75,2419.04,0.2,2435.98
1724,431.0,2419.54,0.2,2435.98
1725,431.25,2419.78,0.2,2435.97
1726,431.5,2417.04,0.2,2435.97
1727,431.75,2417.04,0.1,2435.97
1728,432.0,2416.52,0.3,2435.97
1729,432.25,2417.24,0.3,2435.96
1730,432.5,2417.23,0.1,2435.96
1731,432.75,2417.48,1.0,2435.96
1732,433.0,2417.48,0.2,2435.96
1733,433.25,2417.95,0.3,2435.95
1734,433.5,2417.7,0.2,2435.95
1735,433.75,2417.93,0.1,2435.95
1736,434.0,2417.45,0.2,2435.95
1737,434.25,2416.95,0.2,2435.95
1738,434.5,2417.18,0.2,2435.94
1739,434.75,2417.43,0.2,2435.94
1740,435.0,2417.4,0.1,2435.94
1741,435.25,2418.11,0.6,2435.94
1742,435.5,2418.35,0.1,2435.93
1743,435.75,2418.58,0.3,2435.93
1744,436.0,2417.1,0.3,2435.93
1745,436.25,2417.35,0.1,2435.93
1746,436.5,2417.58,0.2,2435.93
1747,436.75,2417.57,0.2,2435.92
1748,437.0,2417.79,0.2,2435.92
1749,437.25,2417.78,0.1,2435.92
1750,437.5,2418.03,0.2,2435.92
1751,437.75,2418.72,0.9,2435.91
1752,438.0,2418.7,0.1,2435.91
1753,438.25,2419.39,0.3,2435.91
1754,438.5,2419.86,0.2,2435.91
1755,438.75,2420.09,0.1,2435.9
1756,439.0,2419.36,0.3,2435.9
1757,439.25,2419.62,0.1,2435.9
1758,439.5,2419.62,0.2,2435.9
1759,439.75,2420.11,0.2,2435.9
1760,440.0,2418.19,0.1,2435.89
1761,440.25,2418.41,0.6,2435.89
1762,440.5,2418.17,0.2,2435.89
1763,440.75,2418.39,0.3,2435.89
1764,441.0,2418.88,0.1,2435.88
1765,441.25,2418.88,0.3,2435.88
1766,441.5,2418.84,0.1,2435.88
1767,441.75,2419.3,0.1,2435.88
1768,442.0,2419.79,0.2,2435.87
1769,442.25,2419.05,0.1,2435.87
1770,442.5,2419.5,0.3,2435.87
1771,442.75,2421.21,0.7,2435.87
1772,443.0,2420.97,0.2,2435.87
1773,443.25,2421.22,0.2,2435.86
1774,443.5,2420.97,0.2,2435.86
1775,443.75,2420.97,0.1,2435.86
1776,444.0,2421.74,0.2,2435.86
1777,444.25,2421.74,0.2,2435.85
1778,444.5,2421.74,0.2,2435.85
1779,444.75,2420.18,0.2,2435.85
1780,445.0,2420.42,0.2,2435.85
1781,445.25,2416.24,0.7,2435.84
1782,445.5,2416.74,0.1,2435.84
1783,445.75,2416.72,0.3,2435.84
1784,446.0,2416.96,0.2,2435.84
1785,446.25,2416.73,0.1,2435.84
1786,446.5,2417.23,0.2,2435.83
1787,446.75,2417.23,0.2,2435.83
1788,447.0,2417.21,0.2,2435.83
1789,447.25,2416.39,0.1,2435.83
1790,447.5,2416.39,0.1,2435.82
1791,447.75,2416.62,0.6,2435.82
1792,448.0,2416.86,0.2,2435.82
1793,448.25,2414.81,0.1,2435.82
1794,448.5,2415.05,0.2,2435.82
1795,448.75,2415.78,0.2,2435.81
1796,449.0,2416.02,0.1,2435.81
1797,449.25,2414.99,0.2,2435.81
1798,449.5,2415.49,0.2,2435.81
1799,449.75,2415.23,0.2,2435.8
1800,450.0,2415.24,0.2,2435.8
1801,450.25,2413.52,0.6,2435.8
1802,450.5,2413.02,0.2,2435.8
1803,450.75,2413.02,0.1,2435.79
1804,451.0,2412.55,0.2,2435.79
1805,451.25,2413.04,0.2,2435.79
1806,451.5,2413.28,0.1,2435.79
1807,451.75,2413.29,0.1,2435.79
1808,452.0,2414.0,0.2,2435.78
1809,452.25,2414.0,0.1,2435.78
1810,452.5,2413.76,0.2,2435.78
1811,452.75,2412.96,0.8,2435.78
1812,453.0,2412.11,0.2,2435.77
1813,453.25,2412.89,0.2,2435.77
1814,453.5,2413.38,0.2,2435.77
1815,453.75,2413.88,0.1,2435.77
1816,454.0,2411.96,0.2,2435.76
1817,454.25,2412.21,0.2,2435.76
1818,454.5,2412.46,0.2,2435.76
1819,454.75,2411.73,0.3,2435.76
1820,455.0,2411.5,0.2,2435.76
1821,455.25,2411.5,0.6,2435.75
1822,455.5,2411.52,0.1,2435.75
1823,455.75,2411.25,0.1,2435.75
1824,456.0,2411.5,0.2,2435.75
1825,456.25,2411.74,0.2,2435.74
1826,456.5,2412.19,0.2,2435.74
1827,456.75,2412.18,0.1,2435.74
1828,457.0,2412.18,0.2,2435.74
1829,457.25,2412.17,0.1,2435.73
1830,457.5,2412.15,0.2,2435.73
1831,457.75,2414.12,0.7,2435.73
1832,458.0,2414.36,0.2,2435.73
1833,458.25,2414.59,0.3,2435.73
1834,458.5,2414.34,0.1,2435.72
1835,458.75,2415.12,0.3,2435.72
1836,459.0,2415.53,0.2,2435.72
1837,459.25,2415.76,0.2,2435.72
1838,459.5,2416.25,0.1,2435.71
1839,459.75,2416.0,0.2,2435.71
1840,460.0,2416.23,0.2,2435.71
1841,460.25,2416.47,0.6,2435.71
1842,460.5,2416.46,0.2,2435.71
1843,460.75,2416.52,0.4,2435.7
1844,461.0,2416.26,0.1,2435.7
1845,461.25,2416.0,0.1,2435.7
1846,461.5,2414.49,0.1,2435.7
1847,461.75,2414.98,0.2,2435.69
1848,462.0,2415.43,0.2,2435.69
1849,462.25,2415.92,0.1,2435.69
1850,462.5,2416.37,0.2,2435.69
1851,462.75,2413.1,0.9,2435.68
1852,463.0,2413.83,0.2,2435.68
1853,463.25,2413.82,0.2,2435.68
1854,463.5,2414.3,0.2,2435.68
1855,463.75,2413.09,0.2,2435.68
1856,464.0,2413.33,0.2,2435.67
1857,464.25,2413.59,0.1,2435.67
1858,464.5,2414.05,0.1,2435.67
1859,464.75,2414.3,0.2,2435.67
1860,465.0,2414.79,0.2,2435.66
1861,465.25,2413.05,0.6,2435.66
1862,465.5,2413.54,0.3,2435.66
1863,465.75,2413.79,0.2,2435.66
1864,466.0,2412.13,0.1,2435.65
1865,466.25,2412.38,0.1,2435.65
1866,466.5,2412.61,0.1,2435.65
1867,466.75,2413.02,0.2,2435.65
1868,467.0,2412.55,0.3,2435.65
1869,467.25,2413.02,0.2,2435.64
1870,467.5,2413.27,0.2,2435.64
1871,467.75,2413.76,0.7,2435.64
1872,468.0,2414.01,0.4,2435.64
1873,468.25,2415.14,0.4,2435.63
1874,468.5,2414.91,0.1,2435.63
1875,468.75,2412.84,0.2,2435.63
1876,469.0,2413.65,0.1,2435.63
1877,469.25,2413.87,0.2,2435.63
1878,469.5,2414.12,0.1,2435.62
1879,469.75,2413.66,0.2,2435.62
1880,470.0,2413.43,0.2,2435.62
1881,470.25,2413.91,0.7,2435.62
1882,470.5,2414.41,0.2,2435.61
1883,470.75,2414.17,0.1,2435.61
1884,471.0,2414.88,0.2,2435.61
1885,471.25,2415.52,0.2,2435.61
1886,471.5,2414.39,0.2,2435.6
1887,471.75,2414.63,0.2,2435.6
1888,472.0,2414.87,0.2,2435.6
1889,472.25,2414.87,0.2,2435.6
1890,472.5,2415.32,0.2,2435.6
1891,472.75,2415.8,0.4,2435.59
1892,473.0,2414.75,0.2,2435.59
1893,473.25,2414.98,0.2,2435.59
1894,473.5,2415.46,0.2,2435.59
1895,473.75,2414.21,0.2,2435.58
1896,474.0,2414.69,0.2,2435.58
1897,474.25,2414.9,0.1,2435.58
1898,474.5,2414.89,0.2,2435.58
1899,474.75,2414.64,0.2,2435.57
1900,475.0,2414.62,0.2,2435.57
1901,475.25,2414.62,0.8,2435.57
1902,475.5,2414.62,0.1,2435.57
1903,475.75,2414.14,0.3,2435.57
1904,476.0,2414.38,0.2,2435.56
1905,476.25,2414.82,0.2,2435.56
1906,476.5,2415.07,0.2,2435.56
1907,476.75,2415.27,0.1,2435.56
1908,477.0,2415.02,0.2,2435.55
1909,477.25,2414.77,0.2,2435.55
1910,477.5,2414.52,0.2,2435.55
1911,477.75,2414.51,0.8,2435.55
1912,478.0,2414.25,0.2,2435.54
1913,478.25,2414.49,0.2,2435.54
1914,478.5,2414.23,0.2,2435.54
1915,478.75,2412.05,0.2,2435.54
1916,479.0,2412.29,0.2,2435.54
1917,479.25,2412.53,0.1,2435.53
1918,479.5,2412.53,0.2,2435.53
1919,479.75,2412.76,0.1,2435.53
1920,480.0,2413.01,0.1,2435.53
1921,480.25,2410.04,0.7,2435.52
1922,480.5,2410.28,0.2,2435.52
1923,480.75,2410.52,0.4,2435.52
1924,481.0,2410.76,0.2,2435.52
1925,481.25,2410.75,0.2,2435.52
1926,481.5,2411.45,0.1,2435.51
1927,481.75,2411.45,0.2,2435.51
1928,482.0,2411.93,0.1,2435.51
1929,482.25,2411.92,0.1,2435.51
1930,482.5,2412.18,0.2,2435.5
1931,482.75,2414.86,0.8,2435.5
1932,483.0,2415.07,0.2,2435.5
1933,483.25,2414.83,0.2,2435.5
1934,483.5,2414.84,0.2,2435.49
1935,483.75,2414.57,0.1,2435.49
1936,484.0,2413.53,0.2,2435.49
1937,484.25,2413.53,0.1,2435.49
1938,484.5,2414.0,0.2,2435.49
1939,484.75,2413.76,0.2,2435.48
1940,485.0,2412.32,0.2,2435.48
1941,485.25,2413.3,0.6,2435.48
1942,485.5,2413.46,0.2,2435.48
1943,485.75,2413.43,0.1,2435.47
1944,486.0,2414.13,0.2,2435.47
1945,486.25,2414.12,0.2,2435.47
1946,486.5,2414.38,0.2,2435.47
1947,486.75,2414.6,0.2,2435.46
1948,487.0,2414.71,0.2,2435.46
1949,487.25,2413.05,0.1,2435.46
1950,487.5,2413.46,0.2,2435.46
1951,487.75,2415.67,0.9,2435.46
1952,488.0,2416.16,0.2,2435.45
1953,488.25,2416.14,0.2,2435.45
1954,488.5,2416.62,0.1,2435.45
1955,488.75,2414.13,0.2,2435.45
1956,489.0,2413.86,0.2,2435.44
1957,489.25,2414.1,0.2,2435.44
1958,489.5,2413.86,0.2,2435.44
1959,489.75,2414.35,0.1,2435.44
1960,490.0,2414.85,0.2,2435.43
1961,490.25,2415.08,0.6,2435.43
1962,490.5,2414.54,0.4,2435.43
1963,490.75,2414.78,0.4,2435.43
1964,491.0,2415.27,0.2,2435.43
1965,491.25,2416.23,0.2,2435.42
1966,491.5,2416.23,0.2,2435.42
1967,491.75,2416.73,0.2,2435.42
1968,492.0,2416.97,0.1,2435.42
1969,492.25,2416.48,0.2,2435.41
1970,492.5,2416.73,0.1,2435.41
1971,492.75,2416.7,0.7,2435.41
1972,493.0,2416.7,0.2,2435.41
1973,493.25,2416.7,0.6,2435.41
1974,493.5,2417.2,0.2,2435.4
1975,493.75,2416.43,0.4,2435.4
1976,494.0,2416.68,0.1,2435.4
1977,494.25,2416.92,0.2,2435.4
1978,494.5,2416.46,0.2,2435.39
1979,494.75,2416.96,0.4,2435.39
1980,495.0,2416.61,0.1,2435.39
1981,495.25,2417.1,0.5,2435.39
1982,495.5,2417.55,0.3,2435.38
1983,495.75,2417.54,0.1,2435.38
1984,496.0,2417.78,0.2,2435.38
1985,496.25,2417.78,0.2,2435.38
1986,496.5,2418.02,0.2,2435.38
1987,496.75,2417.76,0.2,2435.37
1988,497.0,2417.75,0.1,2435.37
1989,497.25,2418.24,0.2,2435.37
1990,497.5,2418.45,0.3,2435.37
1991,497.75,2418.44,0.6,2435.36
1992,498.0,2418.06,0.2,2435.36
1993,498.25,2418.04,0.4,2435.36
1994,498.5,2417.53,0.1,2435.36
1995,498.75,2415.48,0.1,2435.35
1996,499.0,2415.71,0.1,2435.35
1997,499.25,2415.71,0.2,2435.35
1998,499.5,2415.45,0.2,2435.35
1999,499.75,2415.91,0.1,2435.35
2000,500.0,2416.15,0.7,2435.34
2001,500.25,2416.38,0.1,2435.34
2002,500.5,2415.81,0.3,2435.34
2003,500.75,2415.77,0.2,2435.34
2004,501.0,2416.25,0.1,2435.33
2005,501.25,2414.74,0.2,2435.33
2006,501.5,2414.73,0.1,2435.33
2007,501.75,2415.22,0.2,2435.33
2008,502.0,2415.46,0.1,2435.33
2009,502.25,2415.7,0.2,2435.32
2010,502.5,2415.95,0.7,2435.32
2011,502.75,2416.66,0.2,2435.32
2012,503.0,2417.2,0.4,2435.32
2013,503.25,2417.44,0.3,2435.31
2014,503.5,2417.69,0.1,2435.31
2015,503.75,2415.36,0.2,2435.31
2016,504.0,2415.86,0.2,2435.31
2017,504.25,2415.86,0.1,2435.3
2018,504.5,2416.35,0.2,2435.3
2019,504.75,2416.59,0.2,2435.3
2020,505.0,2417.08,0.7,2435.3
2021,505.25,2417.57,0.2,2435.3
2022,505.5,2416.82,0.2,2435.29
2023,505.75,2416.82,0.3,2435.29
2024,506.0,2416.82,0.2,2435.29
2025,506.25,2417.52,0.2,2435.29
2026,506.5,2417.76,0.1,2435.28
2027,506.75,2417.5,0.2,2435.28
2028,507.0,2417.48,0.1,2435.28
2029,507.25,2415.81,0.2,2435.28
2030,507.5,2414.6,0.7,2435.27
2031,507.75,2413.55,0.3,2435.27
2032,508.0,2413.85,0.2,2435.27
2033,508.25,2414.09,0.2,2435.27
2034,508.5,2414.09,0.2,2435.27
2035,508.75,2414.44,0.2,2435.26
2036,509.0,2415.39,0.2,2435.26
2037,509.25,2415.77,0.2,2435.26
2038,509.5,2416.01,0.4,2435.26
2039,509.75,2416.25,0.3,2435.25
2040,510.0,2414.79,0.5,2435.25
2041,510.25,2415.53,0.3,2435.25
2042,510.5,2415.77,0.2,2435.25
2043,510.75,2416.0,0.3,2435.24
2044,511.0,2416.24,0.1,2435.24
2045,511.25,2416.23,0.4,2435.24
2046,511.5,2416.23,0.2,2435.24
2047,511.75,2415.97,0.3,2435.24
2048,512.0,2416.21,0.1,2435.23
2049,512.25,2416.92,0.2,2435.23
2050,512.5,2417.4,0.5,2435.23
2051,512.75,2415.85,0.4,2435.23
2052,513.0,2416.33,0.4,2435.22
2053,513.25,2417.04,0.1,2435.22
2054,513.5,2417.27,0.2,2435.22
2055,513.75,2418.0,0.3,2435.22
2056,514.0,2416.5,0.1,2435.22
2057,514.25,2415.76,0.3,2435.21
2058,514.5,2416.25,0.2,2435.21
2059,514.75,2416.73,0.2,2435.21
2060,515.0,2416.97,0.9,2435.21
2061,515.25,2416.71,0.2,2435.2
2062,515.5,2416.94,0.3,2435.2
2063,515.75,2417.64,0.2,2435.2
2064,516.0,2417.88,0.2,2435.2
2065,516.25,2417.62,0.3,2435.19
2066,516.5,2417.86,0.1,2435.19
2067,516.75,2418.33,0.2,2435.19
2068,517.0,2418.81,0.1,2435.19
2069,517.25,2418.32,0.1,2435.19
2070,517.5,2418.55,1.1,2435.18
2071,517.75,2419.02,0.2,2435.18
2072,518.0,2419.5,0.2,2435.18
2073,518.25,2419.49,0.1,2435.18
2074,518.5,2417.32,0.2,2435.17
2075,518.75,2418.28,0.2,2435.17
2076,519.0,2418.28,0.2,2435.17
2077,519.25,2418.28,0.2,2435.17
2078,519.5,2418.29,0.3,2435.16
2079,519.75,2418.5,0.1,2435.16
2080,520.0,2418.75,0.6,2435.16
2081,520.25,2419.0,0.1,2435.16
2082,520.5,2418.68,0.2,2435.16
2083,520.75,2417.52,0.2,2435.15
2084,521.0,2417.51,0.2,2435.15
2085,521.25,2417.51,0.1,2435.15
2086,521.5,2417.74,0.1,2435.15
2087,521.75,2418.0,0.1,2435.14
2088,522.0,2417.76,0.2,2435.14
2089,522.25,2418.01,0.2,2435.14
2090,522.5,2417.51,0.7,2435.14
2091,522.75,2417.77,0.2,2435.13
2092,523.0,2418.01,0.3,2435.13
2093,523.25,2417.77,0.2,2435.13
2094,523.5,2417.37,0.2,2435.13
2095,523.75,2417.61,0.1,2435.13
2096,524.0,2417.59,0.2,2435.12
2097,524.25,2418.09,0.1,2435.12
2098,524.5,2418.33,0.1,2435.12
2099,524.75,2418.35,0.1,2435.12
2100,525.0,2418.8,0.6,2435.11
2101,525.25,2417.39,0.1,2435.11
2102,525.5,2417.63,0.3,2435.11
2103,525.75,2417.64,0.2,2435.11
2104,526.0,2418.14,0.1,2435.11
2105,526.25,2418.35,0.2,2435.1
2106,526.5,2418.68,0.2,2435.1
2107,526.75,2418.92,0.2,2435.1
2108,527.0,2417.38,0.1,2435.1
2109,527.25,2416.09,0.1,2435.09
2110,527.5,2416.57,0.7,2435.09
2111,527.75,2416.56,0.2,2435.09
2112,528.0,2416.17,0.3,2435.09
2113,528.25,2416.4,0.1,2435.08
2114,528.5,2416.65,0.2,2435.08
2115,528.75,2416.89,0.2,2435.08
2116,529.0,2417.13,0.4,2435.08
2117,529.25,2417.34,0.2,2435.08
2118,529.5,2417.58,0.2,2435.07
2119,529.75,2417.78,0.2,2435.07
2120,530.0,2414.82,0.7,2435.07
2121,530.25,2415.3,0.2,2435.07
2122,530.5,2415.3,0.2,2435.06
2123,530.75,2415.54,0.2,2435.06
2124,531.0,2415.78,0.1,2435.06
2125,531.25,2416.51,0.2,2435.06
2126,531.5,2414.95,0.1,2435.05
2127,531.75,2415.42,0.2,2435.05
2128,532.0,2415.18,0.1,2435.05
2129,532.25,2415.16,0.2,2435.05
2130,532.5,2415.09,0.6,2435.05
2131,532.75,2415.33,0.4,2435.04
2132,533.0,2415.57,0.2,2435.04
2133,533.25,2416.03,0.1,2435.04
2134,533.5,2416.01,0.3,2435.04
2135,533.75,2416.0,0.2,2435.03
2136,534.0,2416.23,0.1,2435.03
2137,534.25,2416.72,0.1,2435.03
2138,534.5,2416.95,0.2,2435.03
2139,534.75,2416.95,0.2,2435.03
2140,535.0,2415.82,0.7,2435.02
2141,535.25,2414.77,0.2,2435.02
2142,535.5,2415.48,0.2,2435.02
2143,535.75,2415.72,0.1,2435.02
2144,536.0,2415.93,0.3,2435.01
2145,536.25,2415.43,0.0,2435.01
2146,536.5,2415.91,0.2,2435.01
2147,536.75,2416.11,0.2,2435.01
2148,537.0,2416.1,0.2,2435.0
2149,537.25,2416.09,0.2,2435.0
2150,537.5,2414.13,0.7,2435.0
2151,537.75,2414.37,0.2,2435.0
2152,538.0,2414.81,0.3,2435.0
2153,538.25,2415.06,0.2,2434.99
2154,538.5,2415.55,0.3,2434.99
2155,538.75,2416.25,0.1,2434.99
2156,539.0,2416.49,0.2,2434.99
2157,539.25,2416.49,0.2,2434.98
2158,539.5,2416.72,0.2,2434.98
2159,539.75,2415.44,0.2,2434.98
2160,540.0,2416.16,0.7,2434.98
2161,540.25,2414.71,0.1,2434.97
2162,540.5,2414.7,0.4,2434.97
2163,540.75,2415.64,0.1,2434.97
2164,541.0,2415.88,0.2,2434.97
2165,541.25,2416.28,0.1,2434.97
2166,541.5,2416.52,0.2,2434.96
2167,541.75,2417.12,0.1,2434.96
2168,542.0,2417.61,0.1,2434.96
2169,542.25,2417.62,0.3,2434.96
2170,542.5,2420.81,0.6,2434.95
2171,542.75,2420.81,0.3,2434.95
2172,543.0,2421.79,0.2,2434.95
2173,543.25,2422.28,0.2,2434.95
2174,543.5,2420.93,0.4,2434.94
2175,543.75,2421.17,0.1,2434.94
2176,544.0,2421.66,0.2,2434.94
2177,544.25,2421.18,0.3,2434.94
2178,544.5,2421.65,0.1,2434.94
2179,544.75,2421.64,0.2,2434.93
2180,545.0,2423.2,0.6,2434.93
2181,545.25,2423.66,0.4,2434.93
2182,545.5,2424.12,0.2,2434.93
2183,545.75,2424.36,0.1,2434.92
2184,546.0,2424.11,0.2,2434.92
2185,546.25,2423.86,0.1,2434.92
2186,546.5,2424.11,0.3,2434.92
2187,546.75,2424.81,0.2,2434.92
2188,547.0,2425.3,0.2,2434.91
2189,547.25,2425.04,0.1,2434.91
2190,547.5,2423.06,0.9,2434.91
2191,547.75,2423.05,0.2,2434.91
2192,548.0,2423.04,0.4,2434.9
2193,548.25,2423.28,0.2,2434.9
2194,548.5,2422.66,0.2,2434.9
2195,548.75,2420.71,0.3,2434.9
2196,549.0,2419.52,0.3,2434.89
2197,549.25,2419.76,0.1,2434.89
2198,549.5,2420.21,0.2,2434.89
2199,549.75,2418.77,0.2,2434.89
2200,550.0,2419.48,0.9,2434.89
2201,550.25,2418.82,0.2,2434.88
2202,550.5,2418.98,0.2,2434.88
2203,550.75,2418.97,0.2,2434.88
2204,551.0,2419.21,0.1,2434.88
2205,551.25,2419.94,0.2,2434.87
2206,551.5,2420.4,0.2,2434.87
2207,551.75,2419.91,0.1,2434.87
2208,552.0,2420.14,0.3,2434.87
2209,552.25,2420.38,0.2,2434.86
2210,552.5,2420.62,0.6,2434.86
2211,552.75,2420.61,0.2,2434.86
2212,553.0,2421.08,0.2,2434.86
2213,553.25,2420.09,0.2,2434.86
2214,553.5,2418.36,0.2,2434.85
2215,553.75,2418.57,0.2,2434.85
2216,554.0,2418.32,0.1,2434.85
2217,554.25,2418.31,0.3,2434.85
2218,554.5,2418.3,0.2,2434.84
2219,554.75,2418.5,0.1,2434.84
2220,555.0,2418.5,0.9,2434.84
2221,555.25,2418.74,0.3,2434.84
2222,555.5,2419.16,0.2,2434.83
2223,555.75,2419.4,0.2,2434.83
2224,556.0,2419.39,0.2,2434.83
2225,556.25,2419.87,0.1,2434.83
2226,556.5,2420.11,0.2,2434.83
2227,556.75,2420.31,0.2,2434.82
2228,557.0,2420.3,0.2,2434.82
2229,557.25,2420.07,0.1,2434.82
2230,557.5,2418.05,0.6,2434.82
2231,557.75,2418.05,0.3,2434.81
2232,558.0,2416.37,0.2,2434.81
2233,558.25,2417.07,0.1,2434.81
2234,558.5,2416.86,0.2,2434.81
2235,558.75,2417.34,0.2,2434.81
2236,559.0,2417.84,0.2,2434.8
2237,559.25,2418.34,0.1,2434.8
2238,559.5,2417.86,0.3,2434.8
2239,559.75,2418.12,0.2,2434.8
2240,560.0,2417.73,0.8,2434.79
2241,560.25,2418.21,0.2,2434.79
2242,560.5,2417.02,0.1,2434.79
2243,560.75,2417.47,0.1,2434.79
2244,561.0,2417.72,0.1,2434.78
2245,561.25,2418.46,0.2,2434.78
2246,561.5,2417.98,0.2,2434.78
2247,561.75,2417.98,0.2,2434.78
2248,562.0,2417.98,0.1,2434.78
2249,562.25,2418.46,0.2,2434.77
2250,562.5,2418.7,0.7,2434.77
2251,562.75,2418.95,0.4,2434.77
2252,563.0,2418.71,0.2,2434.77
2253,563.25,2418.95,0.2,2434.76
2254,563.5,2418.23,0.2,2434.76
2255,563.75,2418.72,0.1,2434.76
2256,564.0,2418.73,0.4,2434.76
2257,564.25,2418.97,0.2,2434.75
2258,564.5,2419.22,0.3,2434.75
2259,564.75,2419.7,0.1,2434.75
2260,565.0,2420.19,0.7,2434.75
2261,565.25,2420.32,0.3,2434.75
2262,565.5,2420.55,0.1,2434.74
2263,565.75,2420.05,0.2,2434.74
2264,566.0,2420.05,0.1,2434.74
2265,566.25,2420.28,0.2,2434.74
2266,566.5,2420.52,0.1,2434.73
2267,566.75,2420.98,0.2,2434.73
2268,567.0,2420.98,0.2,2434.73
2269,567.25,2420.96,0.2,2434.73
2270,567.5,2420.7,0.7,2434.72
2271,567.75,2420.96,0.2,2434.72
2272,568.0,2420.95,0.2,2434.72
2273,568.25,2420.45,0.2,2434.72
2274,568.5,2419.31,0.2,2434.72
2275,568.75,2419.3,0.2,2434.71
2276,569.0,2418.84,0.2,2434.71
2277,569.25,2418.83,0.1,2434.71
2278,569.5,2419.07,0.1,2434.71
2279,569.75,2419.06,0.1,2434.7
2280,570.0,2419.29,0.8,2434.7
2281,570.25,2419.78,0.4,2434.7
2282,570.5,2419.53,0.2,2434.7
2283,570.75,2419.51,0.1,2434.7
2284,571.0,2419.51,0.2,2434.69
2285,571.25,2419.71,0.2,2434.69
2286,571.5,2419.48,0.2,2434.69
2287,571.75,2419.71,0.2,2434.69
2288,572.0,2419.67,0.1,2434.68
2289,572.25,2420.38,0.2,2434.68
2290,572.5,2418.16,0.7,2434.68
2291,572.75,2418.11,0.2,2434.68
2292,573.0,2418.11,0.2,2434.67
2293,573.25,2418.35,0.1,2434.67
2294,573.5,2416.03,0.2,2434.67
2295,573.75,2415.78,0.2,2434.67
2296,574.0,2416.26,0.2,2434.67
2297,574.25,2415.21,0.1,2434.66
2298,574.5,2415.22,0.2,2434.66
2299,574.75,2415.68,0.2,2434.66
2300,575.0,2414.59,0.4,2434.66
2301,575.25,2415.07,0.1,2434.65
2302,575.5,2413.29,0.2,2434.65
2303,575.75,2413.99,0.1,2434.65
2304,576.0,2413.99,0.2,2434.65
2305,576.25,2414.43,0.1,2434.64
2306,576.5,2413.95,0.2,2434.64
2307,576.75,2413.93,0.3,2434.64
2308,577.0,2413.92,0.2,2434.64
2309,577.25,2414.89,0.7,2434.64
2310,577.5,2414.88,0.3,2434.63
2311,577.75,2415.37,0.2,2434.63
2312,578.0,2415.61,0.2,2434.63
2313,578.25,2416.55,0.1,2434.63
2314,578.5,2417.03,0.2,2434.62
2315,578.75,2417.02,0.1,2434.62
2316,579.0,2417.27,0.2,2434.62
2317,579.25,2417.5,0.2,2434.62
2318,579.5,2417.24,0.1,2434.62
2319,579.75,2417.95,0.6,2434.61
2320,580.0,2417.94,0.1,2434.61
2321,580.25,2418.34,0.5,2434.61
2322,580.5,2418.57,0.2,2434.61
2323,580.75,2418.56,0.1,2434.6
2324,581.0,2418.77,0.2,2434.6
2325,581.25,2418.77,0.1,2434.6
2326,581.5,2418.76,0.2,2434.6
2327,581.75,2417.44,0.1,2434.59
2328,582.0,2417.92,0.1,2434.59
2329,582.25,2418.4,0.8,2434.59
2330,582.5,2418.64,0.2,2434.59
2331,582.75,2418.88,0.1,2434.59
2332,583.0,2419.59,0.3,2434.58
2333,583.25,2419.14,0.2,2434.58
2334,583.5,2418.64,0.2,2434.58
2335,583.75,2418.89,0.1,2434.58
2336,584.0,2417.09,0.2,2434.57
2337,584.25,2417.07,0.2,2434.57
2338,584.5,2417.07,0.2,2434.57
2339,584.75,2417.3,0.7,2434.57
2340,585.0,2417.54,0.2,2434.56
2341,585.25,2418.04,0.2,2434.56
2342,585.5,2417.77,0.2,2434.56
2343,585.75,2418.02,0.2,2434.56
2344,586.0,2418.0,0.2,2434.56
2345,586.25,2418.61,0.2,2434.55
2346,586.5,2418.61,0.1,2434.55
2347,586.75,2418.6,0.2,2434.55
2348,587.0,2418.84,0.2,2434.55
2349,587.25,2419.32,0.6,2434.54
2350,587.5,2419.32,0.2,2434.54
2351,587.75,2418.97,0.4,2434.54
2352,588.0,2419.21,0.2,2434.54
2353,588.25,2418.04,0.2,2434.53
2354,588.5,2418.02,0.2,2434.53
2355,588.75,2426.6,3.4,2434.53
2356,589.0,2425.86,0.8,2434.53
2357,589.25,2425.84,0.1,2434.53
2358,589.5,2425.79,0.3,2434.52
2359,589.75,2426.54,1.1,2434.52
2360,590.0,2427.0,0.3,2434.52
2361,590.25,2426.75,0.4,2434.52
2362,590.5,2426.51,0.3,2434.51
2363,590.75,2427.01,0.4,2434.51
2364,591.0,2427.0,0.3,2434.51
2365,591.25,2426.78,0.3,2434.51
2366,591.5,2427.01,0.1,2434.51
2367,591.75,2426.77,0.1,2434.5
2368,592.0,2426.76,0.2,2434.5
2369,592.25,2427.25,0.6,2434.5
2370,592.5,2427.95,0.4,2434.5
2371,592.75,2427.72,0.2,2434.49
2372,593.0,2427.95,0.1,2434.49
2373,593.25,2427.95,0.4,2434.49
2374,593.5,2427.2,0.1,2434.49
2375,593.75,2426.96,0.2,2434.48
2376,594.0,2427.2,0.2,2434.48
2377,594.25,2427.44,0.2,2434.48
2378,594.5,2427.91,0.1,2434.48
2379,594.75,2429.32,0.6,2434.48
2380,595.0,2429.56,0.2,2434.47
2381,595.25,2430.32,0.4,2434.47
2382,595.5,2430.08,0.3,2434.47
2383,595.75,2430.04,0.2,2434.47
2384,596.0,2430.29,0.2,2434.46
2385,596.25,2430.71,0.2,2434.46
2386,596.5,2430.96,0.2,2434.46
2387,596.75,2430.0,0.2,2434.46
2388,597.0,2428.56,0.2,2434.45
2389,597.25,2428.64,0.6,2434.45
2390,597.5,2428.89,0.1,2434.45
2391,597.75,2429.11,0.2,2434.45
2392,598.0,2429.35,0.2,2434.45
2393,598.25,2428.86,0.2,2434.44
2394,598.5,2428.88,0.2,2434.44
2395,598.75,2429.09,0.2,2434.44
2396,599.0,2429.33,0.4,2434.44
2397,599.25,2429.58,0.1,2434.43
2398,599.5,2427.77,0.2,2434.43
2399,599.75,2419.2,0.7,2434.43
2400,600.0,2418.95,0.4,2434.43
2401,600.25,2418.71,0.2,2434.42
2402,600.5,2419.2,0.2,2434.42
2403,600.75,2419.67,0.1,2434.42
2404,601.0,2419.89,0.1,2434.42
2405,601.25,2420.14,0.2,2434.42
2406,601.5,2420.88,0.2,2434.41
2407,601.75,2420.15,0.2,2434.41
2408,602.0,2420.39,0.1,2434.41
2409,602.25,2420.64,0.9,2434.41
2410,602.5,2420.39,0.2,2434.4
2411,602.75,2419.7,0.2,2434.4
2412,603.0,2419.68,0.2,2434.4
2413,603.25,2419.66,0.2,2434.4
2414,603.5,2419.43,0.1,2434.4
2415,603.75,2419.68,0.1,2434.39
2416,604.0,2419.68,0.2,2434.39
2417,604.25,2419.19,0.2,2434.39
2418,604.5,2418.94,0.1,2434.39
2419,604.75,2419.41,0.9,2434.38
2420,605.0,2419.43,0.3,2434.38
2421,605.25,2419.67,0.4,2434.38
2422,605.5,2418.82,0.2,2434.38
2423,605.75,2419.05,0.1,2434.37
2424,606.0,2419.75,0.2,2434.37
2425,606.25,2418.24,0.2,2434.37
2426,606.5,2417.74,0.2,2434.37
2427,606.75,2416.69,0.2,2434.37
2428,607.0,2417.42,0.1,2434.36
2429,607.25,2418.4,0.9,2434.36
2430,607.5,2418.14,0.1,2434.36
2431,607.75,2417.93,1.0,2434.36
2432,608.0,2418.18,0.2,2434.35
2433,608.25,2417.92,0.2,2434.35
2434,608.5,2418.41,0.2,2434.35
2435,608.75,2418.62,0.2,2434.35
2436,609.0,2418.86,0.2,2434.34
2437,609.25,2419.34,0.1,2434.34
2438,609.5,2418.05,0.1,2434.34
2439,609.75,2418.78,0.6,2434.34
2440,610.0,2418.98,0.2,2434.34
2441,610.25,2419.89,0.2,2434.33
2442,610.5,2420.38,0.2,2434.33
2443,610.75,2420.61,0.2,2434.33
2444,611.0,2420.36,0.1,2434.33
2445,611.25,2420.35,0.2,2434.32
2446,611.5,2420.35,0.2,2434.32
2447,611.75,2420.81,0.1,2434.32
2448,612.0,2421.06,0.2,2434.32
2449,612.25,2420.79,1.0,2434.32
2450,612.5,2420.54,0.1,2434.31
2451,612.75,2420.78,0.2,2434.31
2452,613.0,2419.23,0.2,2434.31
2453,613.25,2418.99,0.2,2434.31
2454,613.5,2419.22,0.2,2434.3
2455,613.75,2419.44,0.4,2434.3
2456,614.0,2419.9,0.2,2434.3
2457,614.25,2420.14,0.1,2434.3
2458,614.5,2419.89,0.2,2434.29
2459,614.75,2421.8,0.7,2434.29
2460,615.0,2421.8,0.3,2434.29
2461,615.25,2422.28,0.1,2434.29
2462,615.5,2421.02,0.2,2434.29
2463,615.75,2420.77,0.1,2434.28
2464,616.0,2420.75,0.1,2434.28
2465,616.25,2420.74,0.4,2434.28
2466,616.5,2420.73,0.2,2434.28
2467,616.75,2420.73,0.2,2434.27
2468,617.0,2420.97,0.2,2434.27
2469,617.25,2420.96,0.9,2434.27
2470,617.5,2420.08,0.2,2434.27
2471,617.75,2420.56,0.2,2434.26
2472,618.0,2421.09,0.2,2434.26
2473,618.25,2420.09,0.2,2434.26
2474,618.5,2420.33,0.1,2434.26
2475,618.75,2420.82,0.2,2434.26
2476,619.0,2420.57,0.2,2434.25
2477,619.25,2421.02,0.2,2434.25
2478,619.5,2421.51,0.1,2434.25
2479,619.75,2421.51,0.9,2434.25
2480,620.0,2421.96,0.2,2434.24
2481,620.25,2422.21,0.2,2434.24
2482,620.5,2422.44,0.1,2434.24
2483,620.75,2420.92,0.2,2434.24
2484,621.0,2421.16,0.2,2434.23
2485,621.25,2421.5,0.2,2434.23
2486,621.5,2421.74,0.2,2434.23
2487,621.75,2421.25,0.1,2434.23
2488,622.0,2421.71,0.4,2434.23
2489,622.25,2420.46,0.7,2434.22
2490,622.5,2420.46,0.4,2434.22
2491,622.75,2420.47,0.1,2434.22
2492,623.0,2420.47,0.2,2434.22
2493,623.25,2422.0,0.4,2434.21
2494,623.5,2422.4,0.3,2434.21
2495,623.75,2422.17,0.1,2434.21
2496,624.0,2422.18,0.2,2434.21
2497,624.25,2422.18,0.1,2434.21
2498,624.5,2422.67,0.2,2434.2
2499,624.75,2419.05,0.6,2434.2
2500,625.0,2421.2,0.1,2434.2
2501,625.25,2421.41,0.4,2434.2
2502,625.5,2421.66,0.2,2434.19
2503,625.75,2421.19,0.2,2434.19
2504,626.0,2421.2,0.2,2434.19
2505,626.25,2421.45,0.2,2434.19
2506,626.5,2420.95,0.5,2434.18
2507,626.75,2420.95,0.1,2434.18
2508,627.0,2420.71,0.2,2434.18
2509,627.25,2419.43,0.7,2434.18
2510,627.5,2420.15,0.2,2434.18
2511,627.75,2420.39,0.2,2434.17
2512,628.0,2420.87,0.1,2434.17
2513,628.25,2420.69,0.2,2434.17
2514,628.5,2421.19,0.2,2434.17
2515,628.75,2419.43,0.2,2434.16
2516,629.0,2419.89,0.2,2434.16
2517,629.25,2419.63,0.2,2434.16
2518,629.5,2419.39,0.1,2434.16
2519,629.75,2418.11,0.7,2434.15
2520,630.0,2418.83,0.2,2434.15
2521,630.25,2418.83,0.2,2434.15
2522,630.5,2417.45,0.2,2434.15
2523,630.75,2417.66,0.2,2434.15
2524,631.0,2417.41,0.1,2434.14
2525,631.25,2417.16,0.3,2434.14
2526,631.5,2417.16,0.2,2434.14
2527,631.75,2417.63,0.2,2434.14
2528,632.0,2417.62,0.1,2434.13
2529,632.25,2416.38,1.0,2434.13
2530,632.5,2416.86,0.2,2434.13
2531,632.75,2417.31,0.2,2434.13
2532,633.0,2417.31,0.2,2434.12
2533,633.25,2416.81,0.4,2434.12
2534,633.5,2417.26,0.3,2434.12
2535,633.75,2416.78,0.2,2434.12
2536,634.0,2417.0,0.2,2434.12
2537,634.25,2416.74,0.2,2434.11
2538,634.5,2416.25,0.2,2434.11
2539,634.75,2416.0,0.9,2434.11
2540,635.0,2416.24,0.3,2434.11
2541,635.25,2416.48,0.1,2434.1
2542,635.5,2416.71,0.2,2434.1
2543,635.75,2416.22,0.1,2434.1
2544,636.0,2416.2,0.1,2434.1
2545,636.25,2416.95,0.2,2434.1
2546,636.5,2417.18,0.2,2434.09
2547,636.75,2416.92,0.2,2434.09
2548,637.0,2417.21,0.2,2434.09
2549,637.25,2418.18,0.7,2434.09
2550,637.5,2418.43,0.2,2434.08
2551,637.75,2418.9,0.3,2434.08
2552,638.0,2418.67,0.1,2434.08
2553,638.25,2418.16,0.2,2434.08
2554,638.5,2418.15,0.2,2434.07
2555,638.75,2418.16,0.1,2434.07
2556,639.0,2418.66,0.3,2434.07
2557,639.25,2417.93,0.2,2434.07
2558,639.5,2417.93,0.2,2434.07
2559,639.75,2417.93,0.8,2434.06
2560,640.0,2418.48,0.2,2434.06
2561,640.25,2418.72,0.2,2434.06
2562,640.5,2418.72,0.2,2434.06
2563,640.75,2418.71,0.3,2434.05
2564,641.0,2419.2,0.2,2434.05
2565,641.25,2419.18,0.3,2434.05
2566,641.5,2419.43,0.2,2434.05
2567,641.75,2419.18,0.2,2434.04
2568,642.0,2419.17,0.4,2434.04
2569,642.25,2420.36,0.6,2434.04
2570,642.5,2420.36,0.3,2434.04
2571,642.75,2420.6,0.3,2434.04
2572,643.0,2419.12,0.2,2434.03
2573,643.25,2419.36,0.2,2434.03
2574,643.5,2419.81,0.3,2434.03
2575,643.75,2418.35,0.1,2434.03
2576,644.0,2418.34,0.2,2434.02
2577,644.25,2419.14,0.2,2434.02
2578,644.5,2418.9,0.2,2434.02
2579,644.75,2419.38,0.8,2434.02
2580,645.0,2417.62,0.3,2434.02
2581,645.25,2418.11,0.3,2434.01
2582,645.5,2417.61,0.2,2434.01
2583,645.75,2418.32,0.1,2434.01
2584,646.0,2418.55,0.2,2434.01
2585,646.25,2418.55,0.1,2434.0
2586,646.5,2418.54,0.2,2434.0
2587,646.75,2419.03,0.2,2434.0
2588,647.0,2419.02,0.1,2434.0
2589,647.25,2418.16,0.6,2433.99
2590,647.5,2419.43,0.2,2433.99
2591,647.75,2419.66,0.2,2433.99
2592,648.0,2418.54,0.2,2433.99
2593,648.25,2418.52,0.2,2433.99
2594,648.5,2418.5,0.2,2433.98
2595,648.75,2418.81,0.2,2433.98
2596,649.0,2418.81,0.2,2433.98
2597,649.25,2419.02,0.2,2433.98
2598,649.5,2418.77,0.2,2433.97
2599,649.75,2419.46,0.6,2433.97
2600,650.0,2419.45,0.2,2433.97
2601,650.25,2419.45,0.1,2433.97
2602,650.5,2419.69,0.3,2433.96
2603,650.75,2419.93,0.1,2433.96
2604,651.0,2419.68,0.2,2433.96
2605,651.25,2419.44,0.2,2433.96
2606,651.5,2419.43,0.2,2433.96
2607,651.75,2419.66,0.2,2433.95
2608,652.0,2419.9,0.1,2433.95
2609,652.25,2420.89,0.7,2433.95
2610,652.5,2421.38,0.2,2433.95
2611,652.75,2422.18,0.3,2433.94
2612,653.0,2421.68,0.2,2433.94
2613,653.25,2422.16,0.2,2433.94
2614,653.5,2420.4,0.1,2433.94
2615,653.75,2420.86,0.2,2433.93
2616,654.0,2421.33,0.1,2433.93
2617,654.25,2421.32,0.2,2433.93
2618,654.5,2421.56,0.2,2433.93
2619,654.75,2421.55,0.8,2433.93
2620,655.0,2421.66,0.3,2433.92
2621,655.25,2421.87,0.4,2433.92
2622,655.5,2422.35,0.2,2433.92
2623,655.75,2422.35,0.2,2433.92
2624,656.0,2422.58,0.2,2433.91
2625,656.25,2422.08,0.1,2433.91
2626,656.5,2421.83,0.1,2433.91
2627,656.75,2422.07,0.3,2433.91
2628,657.0,2422.77,0.2,2433.91
2629,657.25,2418.71,1.0,2433.9
2630,657.5,2418.95,0.4,2433.9
2631,657.75,2419.15,0.1,2433.9
2632,658.0,2417.47,0.2,2433.9
2633,658.25,2417.96,0.2,2433.89
2634,658.5,2418.19,0.1,2433.89
2635,658.75,2418.19,0.1,2433.89
2636,659.0,2418.42,0.1,2433.89
2637,659.25,2418.91,0.2,2433.88
2638,659.5,2419.14,0.4,2433.88
2639,659.75,2415.44,0.6,2433.88
2640,660.0,2415.69,0.2,2433.88
2641,660.25,2416.14,0.1,2433.88
2642,660.5,2416.62,0.2,2433.87
2643,660.75,2416.62,0.2,2433.87
2644,661.0,2417.11,0.2,2433.87
2645,661.25,2416.86,0.2,2433.87
2646,661.5,2416.85,0.2,2433.86
2647,661.75,2416.82,0.1,2433.86
2648,662.0,2417.31,0.9,2433.86
2649,662.25,2417.3,0.3,2433.86
2650,662.5,2416.62,0.2,2433.85
2651,662.75,2416.61,0.2,2433.85
2652,663.0,2415.4,0.2,2433.85
2653,663.25,2415.4,0.1,2433.85
2654,663.5,2414.84,0.2,2433.85
2655,663.75,2415.32,0.2,2433.84
2656,664.0,2413.65,0.3,2433.84
2657,664.25,2414.11,0.3,2433.84
2658,664.5,2414.6,0.6,2433.84
2659,664.75,2415.07,0.2,2433.83
2660,665.0,2415.07,0.3,2433.83
2661,665.25,2415.05,0.2,2433.83
2662,665.5,2415.4,0.1,2433.83
2663,665.75,2415.64,0.1,2433.82
2664,666.0,2415.66,0.1,2433.82
2665,666.25,2414.93,0.2,2433.82
2666,666.5,2415.18,0.2,2433.82
2667,666.75,2415.39,0.1,2433.82
2668,667.0,2414.9,1.2,2433.81
2669,667.25,2414.66,0.2,2433.81
2670,667.5,2414.89,0.3,2433.81
2671,667.75,2414.89,0.1,2433.81
2672,668.0,2414.38,0.2,2433.8
2673,668.25,2414.38,0.3,2433.8
2674,668.5,2414.38,0.1,2433.8
2675,668.75,2414.3,0.2,2433.8
2676,669.0,2415.01,0.2,2433.8
2677,669.25,2415.25,0.1,2433.79
2678,669.5,2415.51,0.9,2433.79
2679,669.75,2416.22,0.4,2433.79
2680,670.0,2416.79,0.2,2433.79
2681,670.25,2417.28,0.1,2433.78
2682,670.5,2416.2,0.1,2433.78
2683,670.75,2416.45,0.2,2433.78
2684,671.0,2416.68,0.2,2433.78
2685,671.25,2417.18,0.2,2433.77
2686,671.5,2417.39,0.2,2433.77
2687,671.75,2417.62,0.1,2433.77
2688,672.0,2418.61,0.8,2433.77
2689,672.25,2418.35,0.2,2433.77
2690,672.5,2418.1,0.4,2433.76
2691,672.75,2418.09,0.1,2433.76
2692,673.0,2418.82,0.2,2433.76
2693,673.25,2419.3,0.2,2433.76
2694,673.5,2419.06,0.1,2433.75
2695,673.75,2418.81,0.1,2433.75
2696,674.0,2418.55,0.2,2433.75
2697,674.25,2418.78,0.2,2433.75
2698,674.5,2419.04,0.7,2433.74
2699,674.75,2419.04,0.2,2433.74
2700,675.0,2419.26,0.4,2433.74
2701,675.25,2418.0,0.1,2433.74
2702,675.5,2416.96,0.2,2433.74
2703,675.75,2417.2,0.2,2433.73
2704,676.0,2417.44,0.1,2433.73
2705,676.25,2417.68,0.3,2433.73
2706,676.5,2417.91,0.1,2433.73
2707,676.75,2418.15,0.2,2433.72
2708,677.0,2417.89,0.7,2433.72
2709,677.25,2417.64,0.2,2433.72
2710,677.5,2418.47,0.3,2433.72
2711,677.75,2418.22,0.1,2433.72
2712,678.0,2417.69,0.1,2433.71
2713,678.25,2417.19,0.1,2433.71
2714,678.5,2417.18,0.3,2433.71
2715,678.75,2417.17,0.1,2433.71
2716,679.0,2416.91,0.2,2433.7
2717,679.25,2417.15,0.2,2433.7
2718,679.5,2415.43,1.1,2433.7
2719,679.75,2415.91,0.2,2433.7
2720,680.0,2415.91,0.2,2433.69
2721,680.25,2415.89,0.3,2433.69
2722,680.5,2415.89,0.1,2433.69
2723,680.75,2414.59,0.2,2433.69
2724,681.0,2414.58,0.2,2433.69
2725,681.25,2414.57,0.2,2433.68
2726,681.5,2414.55,0.1,2433.68
2727,681.75,2415.27,0.2,2433.68
2728,682.0,2416.72,0.7,2433.68
2729,682.25,2416.96,0.2,2433.67
2730,682.5,2416.95,0.2,2433.67
2731,682.75,2416.95,0.2,2433.67
2732,683.0,2416.05,0.4,2433.67
2733,683.25,2416.52,0.1,2433.66
2734,683.5,2416.75,0.2,2433.66
2735,683.75,2416.99,0.2,2433.66
2736,684.0,2416.75,0.2,2433.66
2737,684.25,2416.36,0.4,2433.66
2738,684.5,2416.8,0.7,2433.65
2739,684.75,2417.37,0.4,2433.65
2740,685.0,2417.61,0.3,2433.65
2741,685.25,2417.96,0.2,2433.65
2742,685.5,2416.94,0.2,2433.64
2743,685.75,2417.43,0.2,2433.64
2744,686.0,2417.41,0.3,2433.64
2745,686.25,2417.63,0.2,2433.64
2746,686.5,2417.36,0.2,2433.63
2747,686.75,2417.36,0.2,2433.63
2748,687.0,2418.82,0.8,2433.63
2749,687.25,2418.82,0.2,2433.63
2750,687.5,2419.27,0.2,2433.63
2751,687.75,2419.02,0.1,2433.62
2752,688.0,2418.87,0.2,2433.62
2753,688.25,2419.1,0.2,2433.62
2754,688.5,2418.84,0.3,2433.62
2755,688.75,2418.82,0.1,2433.61
2756,689.0,2419.02,0.3,2433.61
2757,689.25,2417.81,0.2,2433.61
2758,689.5,2417.81,0.6,2433.61
2759,689.75,2417.33,0.4,2433.61
2760,690.0,2417.79,0.1,2433.6
2761,690.25,2417.78,0.2,2433.6
2762,690.5,2416.21,0.2,2433.6
2763,690.75,2416.45,0.1,2433.6
2764,691.0,2416.2,0.2,2433.59
2765,691.25,2416.2,0.1,2433.59
2766,691.5,2416.68,0.1,2433.59
2767,691.75,2417.02,0.2,2433.59
2768,692.0,2414.77,0.6,2433.58
2769,692.25,2415.32,0.2,2433.58
2770,692.5,2415.77,0.2,2433.58
2771,692.75,2416.23,0.2,2433.58
2772,693.0,2417.45,0.2,2433.58
2773,693.25,2417.45,0.1,2433.57
2774,693.5,2416.94,0.2,2433.57
2775,693.75,2417.18,0.2,2433.57
2776,694.0,2416.94,0.1,2433.57
2777,694.25,2415.18,0.2,2433.56
2778,694.5,2415.64,0.6,2433.56
2779,694.75,2415.64,0.2,2433.56
2780,695.0,2416.09,0.2,2433.56
2781,695.25,2416.34,0.2,2433.55
2782,695.5,2416.57,0.1,2433.55
2783,695.75,2416.32,0.1,2433.55
2784,696.0,2417.05,0.3,2433.55
2785,696.25,2417.53,0.1,2433.55
2786,696.5,2417.74,0.3,2433.54
2787,696.75,2417.98,0.7,2433.54
2788,697.0,2418.21,1.5,2433.54
2789,697.25,2417.72,0.4,2433.54
2790,697.5,2417.71,0.6,2433.53
2791,697.75,2417.69,0.4,2433.53
2792,698.0,2417.2,0.3,2433.53
2793,698.25,2417.2,0.3,2433.53
2794,698.5,2417.18,0.2,2433.52
2795,698.75,2416.93,0.2,2433.52
2796,699.0,2417.39,0.2,2433.52
2797,699.25,2417.63,0.2,2433.52
2798,699.5,2416.81,0.7,2433.52
2799,699.75,2417.64,0.2,2433.51
2800,700.0,2416.07,0.2,2433.51
2801,700.25,2416.3,0.3,2433.51
2802,700.5,2416.78,0.2,2433.51
2803,700.75,2417.28,0.2,2433.5
2804,701.0,2417.52,0.2,2433.5
2805,701.25,2417.99,0.1,2433.5
2806,701.5,2418.23,0.2,2433.5
2807,701.75,2418.47,0.2,2433.5
2808,702.0,2419.68,0.9,2433.49
2809,702.25,2420.16,0.2,2433.49
2810,702.5,2420.41,0.3,2433.49
2811,702.75,2419.68,0.3,2433.49
2812,703.0,2419.68,0.1,2433.48
2813,703.25,2419.68,0.2,2433.48
2814,703.5,2420.17,0.2,2433.48
2815,703.75,2420.41,0.2,2433.48
2816,704.0,2420.41,0.2,2433.47
2817,704.25,2418.89,0.2,2433.47
2818,704.5,2419.61,0.9,2433.47
2819,704.75,2419.62,0.2,2433.47
2820,705.0,2419.86,0.2,2433.47
2821,705.25,2420.36,0.1,2433.46
2822,705.5,2420.82,0.2,2433.46
2823,705.75,2421.06,0.2,2433.46
2824,706.0,2421.31,0.1,2433.46
2825,706.25,2421.32,0.2,2433.45
2826,706.5,2421.53,0.2,2433.45
2827,706.75,2421.3,0.1,2433.45
2828,707.0,2420.21,0.9,2433.45
2829,707.25,2420.55,0.3,2433.44
2830,707.5,2420.3,0.4,2433.44
2831,707.75,2420.6,0.2,2433.44
2832,708.0,2420.86,0.2,2433.44
2833,708.25,2420.3,0.1,2433.44
2834,708.5,2420.29,0.2,2433.43
2835,708.75,2420.28,0.2,2433.43
2836,709.0,2420.49,0.2,2433.43
2837,709.25,2420.48,0.1,2433.43
2838,709.5,2420.47,0.6,2433.42
2839,709.75,2420.22,0.4,2433.42
2840,710.0,2419.96,0.3,2433.42
2841,710.25,2419.71,0.1,2433.42
2842,710.5,2419.7,0.2,2433.42
2843,710.75,2419.69,0.2,2433.41
2844,711.0,2419.68,0.2,2433.41
2845,711.25,2419.92,0.1,2433.41
2846,711.5,2419.91,0.1,2433.41
2847,711.75,2420.4,0.2,2433.4
2848,712.0,2419.64,0.6,2433.4
2849,712.25,2419.61,0.3,2433.4
2850,712.5,2417.84,0.2,2433.4
2851,712.75,2417.59,0.2,2433.39
2852,713.0,2417.83,0.2,2433.39
2853,713.25,2417.82,0.2,2433.39
2854,713.5,2418.25,0.2,2433.39
2855,713.75,2418.48,0.2,2433.39
2856,714.0,2418.48,0.1,2433.38
2857,714.25,2418.23,0.3,2433.38
2858,714.5,2418.95,0.8,2433.38
2859,714.75,2419.55,0.3,2433.38
2860,715.0,2419.8,0.2,2433.37
2861,715.25,2420.27,0.1,2433.37
2862,715.5,2420.27,0.1,2433.37
2863,715.75,2419.76,0.2,2433.37
2864,716.0,2420.01,0.2,2433.36
2865,716.25,2419.77,0.3,2433.36
2866,716.5,2420.48,0.1,2433.36
2867,716.75,2420.48,0.2,2433.36
2868,717.0,2419.43,0.5,2433.36
2869,717.25,2419.67,0.4,2433.35
2870,717.5,2419.91,0.3,2433.35
2871,717.75,2418.89,0.2,2433.35
2872,718.0,2419.13,0.1,2433.35
2873,718.25,2419.59,0.1,2433.34
2874,718.5,2420.07,0.2,2433.34
2875,718.75,2420.57,0.1,2433.34
2876,719.0,2420.31,0.3,2433.34
2877,719.25,2418.64,0.6,2433.33
2878,719.5,2418.56,0.3,2433.33
2879,719.75,2418.79,0.2,2433.33
2880,720.0,2418.54,0.4,2433.33
2881,720.25,2419.03,0.1,2433.33
2882,720.5,2418.77,0.2,2433.32
2883,720.75,2419.27,0.2,2433.32
2884,721.0,2419.27,0.1,2433.32
2885,721.25,2419.51,0.4,2433.32
2886,721.5,2419.48,0.4,2433.31
2887,721.75,2419.48,0.7,2433.31
2888,722.0,2419.48,0.2,2433.31
2889,722.25,2420.37,0.2,2433.31
2890,722.5,2420.36,0.2,2433.31
2891,722.75,2416.41,0.4,2433.3
2892,723.0,2416.16,0.4,2433.3
2893,723.25,2415.91,0.3,2433.3
2894,723.5,2416.07,0.2,2433.3
2895,723.75,2415.98,0.1,2433.29
2896,724.0,2415.97,0.2,2433.29
2897,724.25,2414.68,0.6,2433.29
2898,724.5,2414.45,0.2,2433.29
2899,724.75,2414.19,0.2,2433.28
2900,725.0,2414.65,0.2,2433.28
2901,725.25,2414.4,0.1,2433.28
2902,725.5,2414.64,0.2,2433.28
2903,725.75,2413.91,0.1,2433.28
2904,726.0,2414.15,0.1,2433.27
2905,726.25,2414.38,0.2,2433.27
2906,726.5,2412.86,0.1,2433.27
2907,726.75,2411.3,0.8,2433.27
2908,727.0,2410.1,0.4,2433.26
2909,727.25,2410.81,0.4,2433.26
2910,727.5,2411.3,0.2,2433.26
2911,727.75,2410.02,0.2,2433.26
2912,728.0,2408.48,0.2,2433.25
2913,728.25,2408.96,0.1,2433.25
2914,728.5,2409.41,0.1,2433.25
2915,728.75,2409.9,0.1,2433.25
2916,729.0,2410.14,0.2,2433.25
2917,729.25,2411.36,0.8,2433.24
2918,729.5,2412.33,0.2,2433.24
2919,729.75,2412.57,0.2,2433.24
2920,730.0,2411.04,0.2,2433.24
2921,730.25,2411.27,0.2,2433.23
2922,730.5,2411.51,0.2,2433.23
2923,730.75,2411.76,0.2,2433.23
2924,731.0,2412.25,0.1,2433.23
2925,731.25,2412.24,0.2,2433.22
2926,731.5,2412.23,0.1,2433.22
2927,731.75,2412.23,0.7,2433.22
2928,732.0,2412.23,0.1,2433.22
2929,732.25,2411.98,0.3,2433.22
2930,732.5,2411.97,0.1,2433.21
2931,732.75,2410.37,0.3,2433.21
2932,733.0,2411.07,0.2,2433.21
2933,733.25,2411.56,0.2,2433.21
2934,733.5,2411.3,0.1,2433.2
2935,733.75,2411.79,0.2,2433.2
2936,734.0,2411.54,0.2,2433.2
2937,734.25,2413.83,0.8,2433.2
2938,734.5,2414.08,0.3,2433.2
2939,734.75,2414.56,0.2,2433.19
2940,735.0,2413.12,0.2,2433.19
2941,735.25,2413.38,0.2,2433.19
2942,735.5,2414.09,0.2,2433.19
2943,735.75,2414.08,0.1,2433.18
2944,736.0,2414.1,0.2,2433.18
2945,736.25,2413.84,0.2,2433.18
2946,736.5,2414.09,0.1,2433.18
2947,736.75,2413.85,0.7,2433.17
2948,737.0,2415.03,0.3,2433.17
2949,737.25,2415.42,0.2,2433.17
2950,737.5,2415.18,0.2,2433.17
2951,737.75,2414.46,0.2,2433.17
2952,738.0,2414.46,0.2,2433.16
2953,738.25,2414.7,0.1,2433.16
2954,738.5,2415.15,0.3,2433.16
2955,738.75,2415.61,0.1,2433.16
2956,739.0,2415.87,0.2,2433.15
2957,739.25,2417.1,1.0,2433.15
2958,739.5,2417.11,0.4,2433.15
2959,739.75,2415.79,0.1,2433.15
2960,740.0,2416.03,0.2,2433.14
2961,740.25,2416.49,0.2,2433.14
2962,740.5,2416.95,0.2,2433.14
2963,740.75,2417.18,0.1,2433.14
2964,741.0,2416.93,0.1,2433.14
2965,741.25,2417.41,0.2,2433.13
2966,741.5,2417.17,0.1,2433.13
2967,741.75,2418.39,0.9,2433.13
2968,742.0,2417.08,0.3,2433.13
2969,742.25,2417.58,0.3,2433.12
2970,742.5,2417.81,0.1,2433.12
2971,742.75,2418.54,0.2,2433.12
2972,743.0,2418.3,0.1,2433.12
2973,743.25,2416.86,0.2,2433.12
2974,743.5,2417.34,0.2,2433.11
2975,743.75,2417.34,0.2,2433.11
2976,744.0,2418.04,0.2,2433.11
2977,744.25,2418.28,0.7,2433.11
2978,744.5,2417.27,0.4,2433.1
2979,744.75,2417.99,0.2,2433.1
2980,745.0,2418.7,0.1,2433.1
2981,745.25,2416.41,0.2,2433.1
2982,745.5,2415.92,0.1,2433.09
2983,745.75,2416.4,0.2,2433.09
2984,746.0,2416.39,0.2,2433.09
2985,746.25,2416.38,0.2,2433.09
2986,746.5,2416.38,0.2,2433.09
2987,746.75,2415.32,0.9,2433.08
2988,747.0,2416.02,0.1,2433.08
2989,747.25,2416.17,0.1,2433.08
2990,747.5,2416.18,0.1,2433.08
2991,747.75,2415.77,0.4,2433.07
2992,748.0,2416.03,0.2,2433.07
2993,748.25,2415.8,0.1,2433.07
2994,748.5,2416.04,0.2,2433.07
2995,748.75,2416.51,0.3,2433.06
2996,749.0,2416.75,0.3,2433.06
2997,749.25,2416.76,0.8,2433.06
2998,749.5,2417.26,0.4,2433.06
2999,749.75,2417.03,0.2,2433.06
3000,750.0,2417.28,0.1,2433.05
3001,750.25,2417.53,0.2,2433.05
3002,750.5,2417.78,0.2,2433.05
3003,750.75,2418.24,0.2,2433.05
3004,751.0,2418.25,0.1,2433.04
3005,751.25,2418.49,0.1,2433.04
3006,751.5,2418.48,0.2,2433.04
3007,751.75,2418.17,0.6,2433.04
3008,752.0,2419.41,0.2,2433.03
3009,752.25,2419.9,0.3,2433.03
3010,752.5,2419.9,0.2,2433.03
3011,752.75,2419.48,0.1,2433.03
3012,753.0,2419.48,0.2,2433.03
3013,753.25,2420.22,0.1,2433.02
3014,753.5,2420.22,0.1,2433.02
3015,753.75,2419.49,0.2,2433.02
3016,754.0,2419.72,0.2,2433.02
3017,754.25,2419.73,0.6,2433.01
3018,754.5,2419.98,0.4,2433.01
3019,754.75,2418.34,0.2,2433.01
3020,755.0,2418.83,0.2,2433.01
3021,755.25,2418.55,0.2,2433.01
3022,755.5,2418.79,0.1,2433.0
3023,755.75,2417.28,0.2,2433.0
3024,756.0,2417.51,0.2,2433.0
3025,756.25,2417.02,0.1,2433.0
3026,756.5,2417.26,0.2,2432.99
3027,756.75,2417.25,0.9,2432.99
3028,757.0,2415.85,0.2,2432.99
3029,757.25,2416.08,0.2,2432.99
3030,757.5,2415.9,0.3,2432.98
3031,757.75,2416.04,0.1,2432.98
3032,758.0,2416.04,0.2,2432.98
3033,758.25,2416.04,0.1,2432.98
3034,758.5,2416.73,0.3,2432.98
3035,758.75,2416.72,0.1,2432.97
3036,759.0,2417.21,0.1,2432.97
3037,759.25,2417.7,1.1,2432.97
3038,759.5,2417.17,0.2,2432.97
3039,759.75,2417.16,0.2,2432.96
3040,760.0,2417.41,0.2,2432.96
3041,760.25,2417.89,0.2,2432.96
3042,760.5,2418.37,0.2,2432.96
3043,760.75,2418.86,0.2,2432.95
3044,761.0,2418.57,0.2,2432.95
3045,761.25,2419.02,0.2,2432.95
3046,761.5,2418.77,0.3,2432.95
3047,761.75,2420.0,0.7,2432.95
3048,762.0,2419.99,0.2,2432.94
3049,762.25,2420.23,0.2,2432.94
3050,762.5,2419.81,0.2,2432.94
3051,762.75,2420.04,0.3,2432.94
3052,763.0,2420.14,0.3,2432.93
3053,763.25,2420.41,0.2,2432.93
3054,763.5,2420.9,0.2,2432.93
3055,763.75,2420.67,0.2,2432.93
3056,764.0,2420.92,0.1,2432.92
3057,764.25,2420.17,1.1,2432.92
3058,764.5,2420.64,0.2,2432.92
3059,764.75,2420.64,0.2,2432.92
3060,765.0,2420.64,0.2,2432.92
3061,765.25,2420.62,0.2,2432.91
3062,765.5,2419.45,0.1,2432.91
3063,765.75,2419.46,0.2,2432.91
3064,766.0,2419.45,0.3,2432.91
3065,766.25,2419.71,0.4,2432.9
3066,766.5,2420.2,0.2,2432.9
3067,766.75,2419.96,0.7,2432.9
3068,767.0,2419.2,0.4,2432.9
3069,767.25,2419.2,0.3,2432.9
3070,767.5,2419.93,0.2,2432.89
3071,767.75,2420.4,0.2,2432.89
3072,768.0,2420.16,0.2,2432.89
3073,768.25,2420.41,0.1,2432.89
3074,768.5,2420.41,0.4,2432.88
3075,768.75,2420.17,0.2,2432.88
3076,769.0,2420.41,0.1,2432.88
3077,769.25,2420.91,0.9,2432.88
3078,769.5,2420.68,0.4,2432.87
3079,769.75,2419.45,0.2,2432.87
3080,770.0,2419.81,0.1,2432.87
3081,770.25,2419.8,0.3,2432.87
3082,770.5,2418.38,0.2,2432.87
3083,770.75,2418.88,0.1,2432.86
3084,771.0,2418.86,0.2,2432.86
3085,771.25,2419.32,0.1,2432.86
3086,771.5,2419.57,0.4,2432.86
3087,771.75,2416.12,0.9,2432.85
3088,772.0,2416.36,0.3,2432.85
3089,772.25,2416.86,0.2,2432.85
3090,772.5,2416.2,0.4,2432.85
3091,772.75,2416.19,0.3,2432.84
3092,773.0,2416.44,0.1,2432.84
3093,773.25,2416.44,0.2,2432.84
3094,773.5,2417.16,0.2,2432.84
3095,773.75,2417.65,0.2,2432.84
3096,774.0,2417.61,0.2,2432.83
3097,774.25,2417.86,0.7,2432.83
3098,774.5,2418.33,0.1,2432.83
3099,774.75,2418.83,0.2,2432.83
3100,775.0,2418.34,0.2,2432.82
3101,775.25,2418.33,0.2,2432.82
3102,775.5,2418.58,0.2,2432.82
3103,775.75,2419.06,0.2,2432.82
3104,776.0,2418.82,0.2,2432.82
3105,776.25,2417.5,0.3,2432.81
3106,776.5,2417.5,0.2,2432.81
3107,776.75,2414.18,0.8,2432.81
3108,777.0,2414.18,0.4,2432.81
3109,777.25,2414.78,0.3,2432.8
3110,777.5,2412.54,0.3,2432.8
3111,777.75,2412.77,0.2,2432.8
3112,778.0,2412.51,0.2,2432.8
3113,778.25,2413.07,0.2,2432.79
3114,778.5,2413.55,0.2,2432.79
3115,778.75,2413.8,0.3,2432.79
3116,779.0,2412.26,0.1,2432.79
3117,779.25,2413.2,0.7,2432.79
3118,779.5,2412.96,0.2,2432.78
3119,779.75,2412.96,0.2,2432.78
3120,780.0,2411.21,0.2,2432.78
3121,780.25,2411.44,0.2,2432.78
3122,780.5,2411.9,0.1,2432.77
3123,780.75,2412.38,0.2,2432.77
3124,781.0,2412.62,0.2,2432.77
3125,781.25,2412.88,0.2,2432.77
3126,781.5,2412.61,0.2,2432.76
3127,781.75,2413.11,0.6,2432.76
3128,782.0,2413.24,0.1,2432.76
3129,782.25,2413.48,0.5,2432.76
3130,782.5,2413.73,0.2,2432.76
3131,782.75,2413.97,0.2,2432.75
3132,783.0,2413.97,0.2,2432.75
3133,783.25,2414.43,0.2,2432.75
3134,783.5,2414.19,0.4,2432.75
3135,783.75,2413.97,0.1,2432.74
3136,784.0,2412.29,0.2,2432.74
3137,784.25,2412.05,0.9,2432.74
3138,784.5,2412.52,0.2,2432.74
3139,784.75,2413.0,0.4,2432.73
3140,785.0,2411.34,0.2,2432.73
3141,785.25,2411.55,0.2,2432.73
3142,785.5,2411.57,0.1,2432.73
3143,785.75,2412.05,0.2,2432.73
3144,786.0,2412.09,0.3,2432.72
3145,786.25,2412.08,0.3,2432.72
3146,786.5,2412.09,0.2,2432.72
3147,786.75,2412.8,1.0,2432.72
3148,787.0,2412.8,0.2,2432.71
3149,787.25,2413.29,0.1,2432.71
3150,787.5,2412.37,0.2,2432.71
3151,787.75,2412.54,0.2,2432.71
3152,788.0,2412.54,0.2,2432.71
3153,788.25,2413.0,0.2,2432.7
3154,788.5,2412.99,0.2,2432.7
3155,788.75,2412.99,0.2,2432.7
3156,789.0,2413.47,0.1,2432.7
3157,789.25,2413.96,0.8,2432.69
3158,789.5,2414.18,0.1,2432.69
3159,789.75,2414.66,0.3,2432.69
3160,790.0,2415.16,0.1,2432.69
3161,790.25,2415.39,0.2,2432.68
3162,790.5,2414.11,0.2,2432.68
3163,790.75,2413.64,0.2,2432.68
3164,791.0,2413.4,0.2,2432.68
3165,791.25,2413.39,0.1,2432.68
3166,791.5,2413.63,0.2,2432.67
3167,791.75,2414.64,0.9,2432.67
3168,792.0,2415.38,0.1,2432.67
3169,792.25,2415.58,0.2,2432.67
3170,792.5,2413.43,0.3,2432.66
3171,792.75,2413.67,0.2,2432.66
3172,793.0,2413.91,0.1,2432.66
3173,793.25,2413.66,0.1,2432.66
3174,793.5,2413.74,0.1,2432.65
3175,793.75,2413.98,0.2,2432.65
3176,794.0,2414.46,0.1,2432.65
3177,794.25,2414.71,0.7,2432.65
3178,794.5,2414.7,0.3,2432.65
3179,794.75,2414.94,0.1,2432.64
3180,795.0,2415.15,0.2,2432.64
3181,795.25,2415.64,0.1,2432.64
3182,795.5,2415.38,0.2,2432.64
3183,795.75,2415.62,0.1,2432.63
3184,796.0,2415.61,0.2,2432.63
3185,796.25,2415.6,0.1,2432.63
3186,796.5,2415.59,0.3,2432.63
3187,796.75,2414.11,0.7,2432.62
3188,797.0,2414.09,0.2,2432.62
3189,797.25,2414.3,0.1,2432.62
3190,797.5,2413.56,0.2,2432.62
3191,797.75,2414.04,0.2,2432.62
3192,798.0,2414.29,0.2,2432.61
3193,798.25,2414.52,0.2,2432.61
3194,798.5,2414.03,0.1,2432.61
3195,798.75,2414.02,0.2,2432.61
3196,799.0,2413.77,0.2,2432.6
3197,799.25,2413.72,0.7,2432.6
3198,799.5,2414.21,0.3,2432.6
3199,799.75,2414.2,0.2,2432.6
3200,800.0,2413.94,0.2,2432.6
3201,800.25,2413.94,0.3,2432.59
3202,800.5,2414.18,0.2,2432.59
3203,800.75,2413.92,0.2,2432.59
3204,801.0,2413.67,0.2,2432.59
3205,801.25,2413.9,0.3,2432.58
3206,801.5,2414.15,0.2,2432.58
3207,801.75,2413.9,0.7,2432.58
3208,802.0,2413.9,0.3,2432.58
3209,802.25,2412.71,0.2,2432.57
3210,802.5,2411.8,0.2,2432.57
3211,802.75,2411.8,0.2,2432.57
3212,803.0,2412.2,0.1,2432.57
3213,803.25,2412.66,0.2,2432.57
3214,803.5,2413.16,0.1,2432.56
3215,803.75,2413.41,0.2,2432.56
3216,804.0,2413.67,0.7,2432.56
3217,804.25,2413.91,0.3,2432.56
3218,804.5,2413.92,0.3,2432.55
3219,804.75,2414.14,0.3,2432.55
3220,805.0,2414.14,0.1,2432.55
3221,805.25,2414.64,0.2,2432.55
3222,805.5,2414.64,0.2,2432.54
3223,805.75,2414.41,0.2,2432.54
3224,806.0,2414.39,0.1,2432.54
3225,806.25,2414.39,0.2,2432.54
3226,806.5,2414.62,0.7,2432.54
3227,806.75,2414.62,0.4,2432.53
3228,807.0,2414.87,0.3,2432.53
3229,807.25,2414.87,0.2,2432.53
3230,807.5,2415.42,0.2,2432.53
3231,807.75,2415.18,0.1,2432.52
3232,808.0,2415.16,0.2,2432.52
3233,808.25,2414.68,0.3,2432.52
3234,808.5,2415.14,0.2,2432.52
3235,808.75,2415.14,0.1,2432.52
3236,809.0,2413.74,0.7,2432.51
3237,809.25,2413.97,0.4,2432.51
3238,809.5,2413.96,0.2,2432.51
3239,809.75,2413.96,0.2,2432.51
3240,810.0,2413.95,0.1,2432.5
3241,810.25,2414.2,0.1,2432.5
3242,810.5,2414.69,0.2,2432.5
3243,810.75,2414.43,0.2,2432.5
3244,811.0,2414.42,0.1,2432.49
3245,811.25,2414.41,0.2,2432.49
3246,811.5,2414.16,0.7,2432.49
3247,811.75,2415.1,0.1,2432.49
3248,812.0,2415.11,0.2,2432.49
3249,812.25,2415.1,0.2,2432.48
3250,812.5,2414.86,0.2,2432.48
3251,812.75,2415.11,0.2,2432.48
3252,813.0,2415.11,0.2,2432.48
3253,813.25,2415.11,0.2,2432.47
3254,813.5,2415.11,0.2,2432.47
3255,813.75,2415.61,0.1,2432.47
3256,814.0,2416.08,0.7,2432.47
3257,814.25,2415.84,0.2,2432.46
3258,814.5,2415.84,0.2,2432.46
3259,814.75,2415.85,0.1,2432.46
3260,815.0,2415.85,0.2,2432.46
3261,815.25,2415.84,0.1,2432.46
3262,815.5,2416.07,0.1,2432.45
3263,815.75,2416.08,0.2,2432.45
3264,816.0,2416.32,0.2,2432.45
3265,816.25,2416.32,0.2,2432.45
3266,816.5,2416.57,0.8,2432.44
3267,816.75,2416.29,0.2,2432.44
3268,817.0,2414.76,0.1,2432.44
3269,817.25,2414.99,0.1,2432.44
3270,817.5,2416.46,0.4,2432.43
3271,817.75,2417.19,0.2,2432.43
3272,818.0,2416.94,0.1,2432.43
3273,818.25,2416.93,0.1,2432.43
3274,818.5,2416.91,0.2,2432.43
3275,818.75,2417.12,0.2,2432.42
3276,819.0,2417.34,1.0,2432.42
3277,819.25,2416.89,0.4,2432.42
3278,819.5,2417.13,0.2,2432.42
3279,819.75,2417.22,0.2,2432.41
3280,820.0,2417.71,0.1,2432.41
3281,820.25,2418.17,0.1,2432.41
3282,820.5,2414.37,0.1,2432.41
3283,820.75,2415.11,0.2,2432.41
3284,821.0,2414.86,0.2,2432.4
3285,821.25,2414.11,0.1,2432.4
3286,821.5,2412.39,0.6,2432.4
3287,821.75,2412.62,0.3,2432.4
3288,822.0,2412.14,0.4,2432.39
3289,822.25,2411.61,0.3,2432.39
3290,822.5,2411.84,0.1,2432.39
3291,822.75,2412.05,0.2,2432.39
3292,823.0,2411.8,0.1,2432.38
3293,823.25,2412.29,0.1,2432.38
3294,823.5,2412.29,0.1,2432.38
3295,823.75,2412.76,0.1,2432.38
3296,824.0,2413.01,0.7,2432.38
3297,824.25,2412.75,0.2,2432.37
3298,824.5,2411.08,0.2,2432.37
3299,824.75,2411.31,0.2,2432.37
3300,825.0,2411.3,0.1,2432.37
3301,825.25,2411.3,0.1,2432.36
3302,825.5,2411.54,0.2,2432.36
3303,825.75,2411.3,0.1,2432.36
3304,826.0,2411.54,0.2,2432.36
3305,826.25,2411.29,0.2,2432.35
3306,826.5,2411.53,0.8,2432.35
3307,826.75,2412.87,0.2,2432.35
3308,827.0,2413.36,0.2,2432.35
3309,827.25,2413.65,0.1,2432.35
3310,827.5,2413.41,0.1,2432.34
3311,827.75,2413.4,0.2,2432.34
3312,828.0,2414.36,0.2,2432.34
3313,828.25,2413.83,0.2,2432.34
3314,828.5,2411.88,0.2,2432.33
3315,828.75,2412.11,0.2,2432.33
3316,829.0,2411.36,0.7,2432.33
3317,829.25,2411.6,0.3,2432.33
3318,829.5,2411.59,0.4,2432.32
3319,829.75,2412.29,0.2,2432.32
3320,830.0,2412.53,0.2,2432.32
3321,830.25,2412.29,0.1,2432.32
3322,830.5,2412.27,0.4,2432.32
3323,830.75,2412.51,0.1,2432.31
3324,831.0,2412.5,0.2,2432.31
3325,831.25,2412.99,0.2,2432.31
3326,831.5,2413.48,0.9,2432.31
3327,831.75,2413.5,1.7,2432.3
3328,832.0,2413.5,0.2,2432.3
3329,832.25,2414.24,0.6,2432.3
3330,832.5,2414.69,0.2,2432.3
3331,832.75,2415.07,0.1,2432.3
3332,833.0,2415.3,0.2,2432.29
3333,833.25,2415.3,0.1,2432.29
3334,833.5,2415.54,0.1,2432.29
3335,833.75,2415.53,0.4,2432.29
3336,834.0,2415.02,0.6,2432.28
3337,834.25,2414.62,0.2,2432.28
3338,834.5,2414.85,0.4,2432.28
3339,834.75,2415.34,0.2,2432.28
3340,835.0,2415.57,0.2,2432.27
3341,835.25,2415.56,0.1,2432.27
3342,835.5,2415.56,0.2,2432.27
3343,835.75,2415.76,0.2,2432.27
3344,836.0,2416.25,0.1,2432.27
3345,836.25,2415.75,0.1,2432.26
3346,836.5,2415.98,0.6,2432.26
3347,836.75,2415.98,0.1,2432.26
3348,837.0,2416.22,0.4,2432.26
3349,837.25,2414.54,0.3,2432.25
3350,837.5,2414.77,0.2,2432.25
3351,837.75,2414.27,0.2,2432.25
3352,838.0,2414.51,0.2,2432.25
3353,838.25,2412.95,0.1,2432.24
3354,838.5,2413.2,0.1,2432.24
3355,838.75,2413.68,0.2,2432.24
3356,839.0,2413.66,0.6,2432.24
3357,839.25,2413.91,0.2,2432.24
3358,839.5,2414.11,0.4,2432.23
3359,839.75,2414.11,0.2,2432.23
3360,840.0,2414.34,0.1,2432.23
3361,840.25,2414.55,0.2,2432.23
3362,840.5,2414.99,0.2,2432.22
3363,840.75,2414.75,0.1,2432.22
3364,841.0,2414.49,0.2,2432.22
3365,841.25,2414.72,0.2,2432.22
3366,841.5,2414.95,0.6,2432.21
3367,841.75,2415.68,0.4,2432.21
3368,842.0,2415.67,0.6,2432.21
3369,842.25,2416.15,0.2,2432.21
3370,842.5,2416.15,0.3,2432.21
3371,842.75,2416.14,0.2,2432.2
3372,843.0,2416.84,0.2,2432.2
3373,843.25,2417.09,0.2,2432.2
3374,843.5,2417.57,0.2,2432.2
3375,843.75,2417.58,0.2,2432.19
3376,844.0,2418.55,0.7,2432.19
3377,844.25,2419.02,0.2,2432.19
3378,844.5,2419.26,0.2,2432.19
3379,844.75,2419.25,0.2,2432.19
3380,845.0,2419.49,0.1,2432.18
3381,845.25,2419.97,0.1,2432.18
3382,845.5,2419.48,0.2,2432.18
3383,845.75,2419.22,0.2,2432.18
3384,846.0,2419.46,0.1,2432.17
3385,846.25,2419.46,0.2,2432.17
3386,846.5,2420.68,0.9,2432.17
3387,846.75,2420.42,0.2,2432.17
3388,847.0,2420.66,0.1,2432.16
3389,847.25,2419.67,0.4,2432.16
3390,847.5,2419.9,0.1,2432.16
3391,847.75,2419.88,0.2,2432.16
3392,848.0,2420.13,0.2,2432.16
3393,848.25,2420.12,0.1,2432.15
3394,848.5,2420.36,0.2,2432.15
3395,848.75,2420.55,0.2,2432.15
3396,849.0,2421.03,0.6,2432.15
3397,849.25,2421.53,0.6,2432.14
3398,849.5,2421.77,0.2,2432.14
3399,849.75,2422.02,0.1,2432.14
3400,850.0,2421.54,0.2,2432.14
3401,850.25,2422.5,0.2,2432.13
3402,850.5,2422.5,0.1,2432.13
3403,850.75,2422.03,0.2,2432.13
3404,851.0,2422.03,0.1,2432.13
3405,851.25,2420.53,0.2,2432.13
3406,851.5,2418.57,0.7,2432.12
3407,851.75,2418.57,0.2,2432.12
3408,852.0,2418.82,0.4,2432.12
3409,852.25,2418.58,0.2,2432.12
3410,852.5,2419.04,0.1,2432.11
3411,852.75,2419.29,0.2,2432.11
3412,853.0,2419.29,0.1,2432.11
3413,853.25,2419.29,0.2,2432.11
3414,853.5,2419.29,0.2,2432.11
3415,853.75,2419.29,0.1,2432.1
3416,854.0,2419.51,0.7,2432.1
3417,854.25,2419.51,0.2,2432.1
3418,854.5,2419.77,0.2,2432.1
3419,854.75,2419.52,0.2,2432.09
3420,855.0,2420.23,0.2,2432.09
3421,855.25,2420.23,0.1,2432.09
3422,855.5,2420.48,0.2,2432.09
3423,855.75,2420.48,0.1,2432.08
3424,856.0,2420.95,0.2,2432.08
3425,856.25,2421.2,0.2,2432.08
3426,856.5,2420.95,0.7,2432.08
3427,856.75,2418.76,0.3,2432.08
3428,857.0,2419.25,0.3,2432.07
3429,857.25,2418.35,0.2,2432.07
3430,857.5,2418.81,0.1,2432.07
3431,857.75,2418.8,0.3,2432.07
3432,858.0,2418.3,0.2,2432.06
3433,858.25,2417.82,0.1,2432.06
3434,858.5,2417.8,0.1,2432.06
3435,858.75,2418.54,0.3,2432.06
3436,859.0,2414.6,0.6,2432.05
3437,859.25,2414.59,0.3,2432.05
3438,859.5,2414.57,0.3,2432.05
3439,859.75,2415.06,0.2,2432.05
3440,860.0,2415.27,0.2,2432.05
3441,860.25,2415.51,0.1,2432.04
3442,860.5,2415.5,0.1,2432.04
3443,860.75,2415.46,0.2,2432.04
3444,861.0,2415.2,0.2,2432.04
3445,861.25,2415.19,0.2,2432.03
3446,861.5,2413.62,0.6,2432.03
3447,861.75,2414.07,0.2,2432.03
3448,862.0,2414.81,0.2,2432.03
3449,862.25,2414.04,0.2,2432.02
3450,862.5,2414.27,0.1,2432.02
3451,862.75,2414.26,0.2,2432.02
3452,863.0,2414.02,0.2,2432.02
3453,863.25,2414.25,0.1,2432.02
3454,863.5,2414.25,0.3,2432.01
3455,863.75,2414.23,0.1,2432.01
3456,864.0,2413.55,0.7,2432.01
3457,864.25,2414.71,0.4,2432.01
3458,864.5,2414.85,0.2,2432.0
3459,864.75,2415.09,0.2,2432.0
3460,865.0,2415.09,0.2,2432.0
3461,865.25,2415.08,0.1,2432.0
3462,865.5,2415.08,0.2,2432.0
3463,865.75,2415.33,0.2,2431.99
3464,866.0,2415.09,0.1,2431.99
3465,866.25,2414.85,0.1,2431.99
3466,866.5,2415.07,0.7,2431.99
3467,866.75,2415.31,0.2,2431.98
3468,867.0,2415.05,0.1,2431.98
3469,867.25,2414.59,0.3,2431.98
3470,867.5,2415.09,0.2,2431.98
3471,867.75,2415.09,0.2,2431.97
3472,868.0,2413.91,0.1,2431.97
3473,868.25,2413.84,0.2,2431.97
3474,868.5,2413.6,0.2,2431.97
3475,868.75,2413.6,0.2,2431.97
3476,869.0,2414.32,0.6,2431.96
3477,869.25,2414.31,0.2,2431.96
3478,869.5,2412.89,0.4,2431.96
3479,869.75,2413.63,0.2,2431.96
3480,870.0,2413.63,0.2,2431.95
3481,870.25,2413.64,0.2,2431.95
3482,870.5,2413.64,0.1,2431.95
3483,870.75,2413.64,0.2,2431.95
3484,871.0,2413.85,0.1,2431.94
3485,871.25,2413.85,0.1,2431.94
3486,871.5,2414.74,0.7,2431.94
3487,871.75,2414.5,0.2,2431.94
3488,872.0,2414.96,0.2,2431.94
3489,872.25,2414.79,0.4,2431.93
3490,872.5,2415.03,0.3,2431.93
3491,872.75,2415.02,0.1,2431.93
3492,873.0,2415.23,0.1,2431.93
3493,873.25,2415.23,0.2,2431.92
3494,873.5,2415.19,0.2,2431.92
3495,873.75,2415.43,0.1,2431.92
3496,874.0,2416.4,0.6,2431.92
3497,874.25,2416.89,0.1,2431.91
3498,874.5,2417.13,0.2,2431.91
3499,874.75,2417.36,0.2,2431.91
3500,875.0,2417.61,0.2,2431.91
3501,875.25,2417.6,0.2,2431.91
3502,875.5,2418.05,0.1,2431.9
3503,875.75,2418.29,0.2,2431.9
3504,876.0,2417.79,0.1,2431.9
3505,876.25,2417.78,0.4,2431.9
3506,876.5,2417.77,0.7,2431.89
3507,876.75,2417.76,0.2,2431.89
3508,877.0,2417.52,0.4,2431.89
3509,877.25,2415.51,0.2,2431.89
3510,877.5,2415.26,0.1,2431.89
3511,877.75,2415.26,0.2,2431.88
3512,878.0,2415.0,0.2,2431.88
3513,878.25,2415.23,0.3,2431.88
3514,878.5,2413.71,0.1,2431.88
3515,878.75,2414.2,0.2,2431.87
3516,879.0,2415.22,0.7,2431.87
3517,879.25,2415.71,0.2,2431.87
3518,879.5,2415.95,0.3,2431.87
3519,879.75,2415.94,0.2,2431.86
3520,880.0,2416.17,0.2,2431.86
3521,880.25,2416.16,0.1,2431.86
3522,880.5,2416.39,0.2,2431.86
3523,880.75,2415.91,0.2,2431.86
3524,881.0,2416.4,0.1,2431.85
3525,881.25,2416.82,0.2,2431.85
3526,881.5,2417.3,0.7,2431.85
3527,881.75,2417.54,0.2,2431.85
3528,882.0,2417.78,0.2,2431.84
3529,882.25,2418.56,0.2,2431.84
3530,882.5,2418.54,0.1,2431.84
3531,882.75,2418.53,0.2,2431.84
3532,883.0,2418.52,0.2,2431.83
3533,883.25,2418.51,0.2,2431.83
3534,883.5,2419.21,0.1,2431.83
3535,883.75,2419.21,0.2,2431.83
3536,884.0,2419.2,0.6,2431.83
3537,884.25,2419.68,0.2,2431.82
3538,884.5,2417.62,0.2,2431.82
3539,884.75,2417.61,0.2,2431.82
3540,885.0,2417.36,0.1,2431.82
3541,885.25,2417.59,0.2,2431.81
3542,885.5,2417.84,0.1,2431.81
3543,885.75,2416.78,0.2,2431.81
3544,886.0,2417.27,0.1,2431.81
3545,886.25,2417.25,0.6,2431.81
3546,886.5,2417.5,0.6,2431.8
3547,886.75,2417.74,0.2,2431.8
3548,887.0,2416.6,0.4,2431.8
3549,887.25,2416.99,0.2,2431.8
3550,887.5,2417.62,0.1,2431.79
3551,887.75,2427.78,2.6,2431.79
3552,888.0,2428.26,0.6,2431.79
3553,888.25,2428.25,0.4,2431.79
3554,888.5,2428.74,0.2,2431.78
3555,888.75,2429.96,0.7,2431.78
3556,889.0,2430.69,0.3,2431.78
3557,889.25,2430.43,0.4,2431.78
3558,889.5,2430.68,0.2,2431.78
3559,889.75,2431.13,0.1,2431.77
3560,890.0,2431.37,0.2,2431.77
3561,890.25,2431.12,0.2,2431.77
3562,890.5,2431.35,0.1,2431.77
3563,890.75,2431.34,0.4,2431.76
3564,891.0,2431.8,0.1,2431.76
3565,891.25,2420.37,0.9,2431.76
3566,891.5,2420.09,0.3,2431.76
3567,891.75,2420.33,0.2,2431.75
3568,892.0,2419.2,0.2,2431.75
3569,892.25,2419.59,0.1,2431.75
3570,892.5,2420.07,0.2,2431.75
3571,892.75,2419.82,0.2,2431.75
3572,893.0,2419.8,0.2,2431.74
3573,893.25,2419.78,0.2,2431.74
3574,893.5,2420.27,0.2,2431.74
3575,893.75,2420.02,0.6,2431.74
3576,894.0,2420.63,0.3,2431.73
3577,894.25,2420.39,0.4,2431.73
3578,894.5,2420.39,0.1,2431.73
3579,894.75,2420.39,0.2,2431.73
3580,895.0,2420.85,0.1,2431.72
3581,895.25,2421.34,0.3,2431.72
3582,895.5,2420.39,0.1,2431.72
3583,895.75,2419.12,0.3,2431.72
3584,896.0,2419.36,0.1,2431.72
3585,896.25,2415.88,0.7,2431.71
3586,896.5,2416.12,0.1,2431.71
3587,896.75,2416.36,0.1,2431.71
3588,897.0,2415.7,0.3,2431.71
3589,897.25,2415.7,0.1,2431.7
3590,897.5,2415.93,0.2,2431.7
3591,897.75,2416.17,0.2,2431.7
3592,898.0,2416.65,0.2,2431.7
3593,898.25,2416.4,0.3,2431.7
3594,898.5,2415.91,0.1,2431.69
3595,898.75,2415.04,0.7,2431.69
3596,899.0,2415.5,0.2,2431.69
3597,899.25,2415.5,0.4,2431.69
3598,899.5,2415.49,0.2,2431.68
3599,899.75,2415.94,0.2,2431.68
3600,900.0,2415.93,0.3,2431.68
3601,900.25,2416.18,0.1,2431.68
3602,900.5,2414.69,0.1,2431.67
3603,900.75,2414.67,0.2,2431.67
3604,901.0,2414.8,0.2,2431.67
3605,901.25,2415.03,0.7,2431.67
3606,901.5,2415.05,0.2,2431.67
3607,901.75,2415.54,0.3,2431.66
3608,902.0,2413.58,0.2,2431.66
3609,902.25,2413.82,0.2,2431.66
3610,902.5,2414.06,0.1,2431.66
3611,902.75,2413.81,0.1,2431.65
3612,903.0,2414.51,0.4,2431.65
3613,903.25,2414.39,0.1,2431.65
3614,903.5,2414.39,0.1,2431.65
3615,903.75,2413.94,0.8,2431.64
3616,904.0,2412.7,0.2,2431.64
3617,904.25,2413.44,0.1,2431.64
3618,904.5,2413.18,0.2,2431.64
3619,904.75,2413.17,0.2,2431.64
3620,905.0,2412.93,0.2,2431.63
3621,905.25,2412.19,0.2,2431.63
3622,905.5,2412.44,0.2,2431.63
3623,905.75,2412.2,0.1,2431.63
3624,906.0,2411.96,0.2,2431.62
3625,906.25,2412.98,1.1,2431.62
3626,906.5,2412.98,0.2,2431.62
3627,906.75,2413.45,0.1,2431.62
3628,907.0,2413.04,0.2,2431.61
3629,907.25,2413.04,0.2,2431.61
3630,907.5,2411.61,0.2,2431.61
3631,907.75,2411.61,0.2,2431.61
3632,908.0,2411.86,0.2,2431.61
3633,908.25,2411.86,0.1,2431.6
3634,908.5,2412.3,0.2,2431.6
3635,908.75,2412.52,0.6,2431.6
3636,909.0,2414.0,0.2,2431.6
3637,909.25,2414.49,0.3,2431.59
3638,909.5,2414.73,0.2,2431.59
3639,909.75,2414.72,0.1,2431.59
3640,910.0,2414.48,0.2,2431.59
3641,910.25,2414.49,0.2,2431.59
3642,910.5,2414.73,0.1,2431.58
3643,910.75,2415.12,0.4,2431.58
3644,911.0,2415.36,0.2,2431.58
3645,911.25,2415.34,0.5,2431.58
3646,911.5,2415.8,0.2,2431.57
3647,911.75,2416.04,0.3,2431.57
3648,912.0,2416.82,0.2,2431.57
3649,912.25,2416.82,0.2,2431.57
3650,912.5,2417.3,0.1,2431.56
3651,912.75,2417.75,0.2,2431.56
3652,913.0,2418.24,0.1,2431.56
3653,913.25,2416.8,0.2,2431.56
3654,913.5,2417.04,0.1,2431.56
3655,913.75,2417.73,0.9,2431.55
3656,914.0,2417.73,0.2,2431.55
3657,914.25,2417.97,0.2,2431.55
3658,914.5,2415.02,0.1,2431.55
3659,914.75,2415.47,0.2,2431.54
3660,915.0,2415.47,0.2,2431.54
3661,915.25,2415.46,0.6,2431.54
3662,915.5,2415.2,0.2,2431.54
3663,915.75,2415.69,0.1,2431.53
3664,916.0,2415.68,0.2,2431.53
3665,916.25,2415.91,0.6,2431.53
3666,916.5,2413.73,0.3,2431.53
3667,916.75,2413.47,0.2,2431.53
3668,917.0,2412.85,0.2,2431.52
3669,917.25,2413.08,0.2,2431.52
3670,917.5,2413.08,0.1,2431.52
3671,917.75,2413.32,0.2,2431.52
3672,918.0,2413.53,0.2,2431.51
3673,918.25,2413.76,0.1,2431.51
3674,918.5,2413.95,0.2,2431.51
3675,918.75,2414.2,0.9,2431.51
3676,919.0,2414.45,0.2,2431.51
3677,919.25,2414.7,0.2,2431.5
3678,919.5,2414.94,0.2,2431.5
3679,919.75,2415.16,0.2,2431.5
3680,920.0,2415.16,0.1,2431.5
3681,920.25,2415.16,0.2,2431.49
3682,920.5,2415.13,0.1,2431.49
3683,920.75,2415.37,0.1,2431.49
3684,921.0,2415.14,0.2,2431.49
3685,921.25,2415.39,0.6,2431.48
3686,921.5,2415.38,0.2,2431.48
3687,921.75,2415.38,0.5,2431.48
3688,922.0,2414.74,0.2,2431.48
3689,922.25,2415.2,0.1,2431.48
3690,922.5,2414.97,0.2,2431.47
3691,922.75,2414.97,0.2,2431.47
3692,923.0,2415.22,0.1,2431.47
3693,923.25,2415.21,0.2,2431.47
3694,923.5,2415.46,0.2,2431.46
3695,923.75,2416.68,0.8,2431.46
3696,924.0,2418.19,0.2,2431.46
3697,924.25,2418.18,0.3,2431.46
3698,924.5,2418.19,0.2,2431.45
3699,924.75,2418.68,0.2,2431.45
3700,925.0,2418.45,0.1,2431.45
3701,925.25,2418.69,0.2,2431.45
3702,925.5,2418.7,0.3,2431.45
3703,925.75,2418.95,0.2,2431.44
3704,926.0,2419.19,0.2,2431.44
3705,926.25,2419.74,0.6,2431.44
3706,926.5,2419.99,0.2,2431.44
3707,926.75,2420.47,0.2,2431.43
3708,927.0,2419.48,0.2,2431.43
3709,927.25,2419.48,0.1,2431.43
3710,927.5,2419.69,0.3,2431.43
3711,927.75,2419.93,0.1,2431.42
3712,928.0,2420.16,0.2,2431.42
3713,928.25,2420.16,0.2,2431.42
3714,928.5,2420.39,0.1,2431.42
3715,928.75,2420.14,0.7,2431.42
3716,929.0,2418.46,0.2,2431.41
3717,929.25,2418.7,0.1,2431.41
3718,929.5,2419.18,0.1,2431.41
3719,929.75,2419.89,0.2,2431.41
3720,930.0,2419.65,0.2,2431.4
3721,930.25,2419.89,0.1,2431.4
3722,930.5,2420.13,0.2,2431.4
3723,930.75,2419.89,0.2,2431.4
3724,931.0,2420.14,0.1,2431.4
3725,931.25,2420.79,0.7,2431.39
3726,931.5,2420.55,0.3,2431.39
3727,931.75,2420.8,0.1,2431.39
3728,932.0,2420.84,0.5,2431.39
3729,932.25,2420.09,0.1,2431.38
3730,932.5,2420.09,0.4,2431.38
3731,932.75,2421.02,0.1,2431.38
3732,933.0,2420.77,0.1,2431.38
3733,933.25,2420.25,0.3,2431.37
3734,933.5,2420.25,0.1,2431.37
3735,933.75,2420.49,0.7,2431.37
3736,934.0,2420.5,0.3,2431.37
3737,934.25,2420.55,0.3,2431.37
3738,934.5,2421.04,0.2,2431.36
3739,934.75,2420.78,0.2,2431.36
3740,935.0,2420.29,0.1,2431.36
3741,935.25,2420.79,0.1,2431.36
3742,935.5,2420.04,0.3,2431.35
3743,935.75,2420.27,0.1,2431.35
3744,936.0,2420.27,0.2,2431.35
3745,936.25,2420.75,0.9,2431.35
3746,936.5,2421.23,0.1,2431.34
3747,936.75,2421.23,0.1,2431.34
3748,937.0,2420.1,0.2,2431.34
3749,937.25,2420.33,0.2,2431.34
3750,937.5,2420.57,0.2,2431.34
3751,937.75,2420.29,0.2,2431.33
3752,938.0,2421.0,0.3,2431.33
3753,938.25,2420.73,0.8,2431.33
3754,938.5,2419.49,0.1,2431.33
3755,938.75,2419.64,0.7,2431.32
3756,939.0,2419.88,0.2,2431.32
3757,939.25,2419.63,0.4,2431.32
3758,939.5,2419.37,0.3,2431.32
3759,939.75,2419.82,0.1,2431.31
3760,940.0,2419.82,0.1,2431.31
3761,940.25,2419.57,0.4,2431.31
3762,940.5,2419.31,0.1,2431.31
3763,940.75,2419.3,0.2,2431.31
3764,941.0,2419.29,0.1,2431.3
3765,941.25,2419.77,0.7,2431.3
3766,941.5,2420.01,0.2,2431.3
3767,941.75,2420.49,0.2,2431.3
3768,942.0,2420.86,0.2,2431.29
3769,942.25,2419.21,0.1,2431.29
3770,942.5,2419.71,0.4,2431.29
3771,942.75,2420.16,0.2,2431.29
3772,943.0,2418.24,0.1,2431.29
3773,943.25,2418.74,0.2,2431.28
3774,943.5,2418.99,0.2,2431.28
3775,943.75,2419.7,0.6,2431.28
3776,944.0,2419.7,0.2,2431.28
3777,944.25,2419.45,0.3,2431.27
3778,944.5,2419.71,0.1,2431.27
3779,944.75,2417.74,0.2,2431.27
3780,945.0,2417.75,0.2,2431.27
3781,945.25,2417.73,0.1,2431.26
3782,945.5,2418.23,0.2,2431.26
3783,945.75,2418.23,0.2,2431.26
3784,946.0,2418.46,0.1,2431.26
3785,946.25,2418.43,0.7,2431.26
3786,946.5,2418.43,0.2,2431.25
3787,946.75,2417.53,0.4,2431.25
3788,947.0,2418.02,0.2,2431.25
3789,947.25,2418.02,0.1,2431.25
3790,947.5,2417.78,0.2,2431.24
3791,947.75,2417.54,0.2,2431.24
3792,948.0,2417.3,0.1,2431.24
3793,948.25,2417.8,0.2,2431.24
3794,948.5,2418.27,0.2,2431.23
3795,948.75,2418.63,0.7,2431.23
3796,949.0,2418.84,0.2,2431.23
3797,949.25,2419.34,0.4,2431.23
3798,949.5,2419.34,0.2,2431.23
3799,949.75,2419.15,0.1,2431.22
3800,950.0,2419.62,0.2,2431.22
3801,950.25,2419.62,0.2,2431.22
3802,950.5,2419.11,0.1,2431.22
3803,950.75,2419.11,0.1,2431.21
3804,951.0,2417.82,0.1,2431.21
3805,951.25,2418.02,0.8,2431.21
3806,951.5,2418.0,0.2,2431.21
3807,951.75,2418.8,0.3,2431.21
3808,952.0,2417.57,0.1,2431.2
3809,952.25,2417.56,0.2,2431.2
3810,952.5,2417.8,0.2,2431.2
3811,952.75,2418.29,0.1,2431.2
3812,953.0,2418.77,0.2,2431.19
3813,953.25,2417.01,0.2,2431.19
3814,953.5,2416.77,0.1,2431.19
3815,953.75,2416.85,1.1,2431.19
3816,954.0,2417.17,0.3,2431.18
3817,954.25,2417.6,0.1,2431.18
3818,954.5,2417.84,0.1,2431.18
3819,954.75,2418.08,0.2,2431.18
3820,955.0,2416.79,0.1,2431.18
3821,955.25,2417.03,0.2,2431.17
3822,955.5,2417.27,0.1,2431.17
3823,955.75,2417.47,0.1,2431.17
3824,956.0,2417.47,0.2,2431.17
3825,956.25,2418.17,0.7,2431.16
3826,956.5,2418.41,0.2,2431.16
3827,956.75,2419.13,0.3,2431.16
3828,957.0,2419.37,0.1,2431.16
3829,957.25,2419.85,0.1,2431.15
3830,957.5,2419.84,0.2,2431.15
3831,957.75,2420.08,0.2,2431.15
3832,958.0,2420.57,0.3,2431.15
3833,958.25,2421.27,0.1,2431.15
3834,958.5,2418.47,0.8,2431.14
3835,958.75,2416.46,0.1,2431.14
3836,959.0,2416.94,0.2,2431.14
3837,959.25,2417.19,0.1,2431.14
3838,959.5,2417.17,0.2,2431.13
3839,959.75,2417.18,0.2,2431.13
3840,960.0,2417.67,0.3,2431.13
3841,960.25,2416.79,0.4,2431.13
3842,960.5,2416.79,0.2,2431.12
3843,960.75,2416.79,0.1,2431.12
3844,961.0,2416.78,1.0,2431.12
3845,961.25,2417.41,0.3,2431.12
3846,961.5,2417.64,0.2,2431.12
3847,961.75,2417.34,0.3,2431.11
3848,962.0,2417.34,0.1,2431.11
3849,962.25,2417.09,0.3,2431.11
3850,962.5,2416.83,0.4,2431.11
3851,962.75,2416.34,0.2,2431.1
3852,963.0,2416.57,0.2,2431.1
3853,963.25,2416.3,0.1,2431.1
3854,963.5,2416.54,0.8,2431.1
3855,963.75,2417.03,0.4,2431.1
3856,964.0,2415.5,0.2,2431.09
3857,964.25,2415.75,0.1,2431.09
3858,964.5,2415.97,0.2,2431.09
3859,964.75,2416.21,0.1,2431.09
3860,965.0,2416.69,0.2,2431.08
3861,965.25,2416.68,0.2,2431.08
3862,965.5,2416.66,0.1,2431.08
3863,965.75,2416.66,0.2,2431.08
3864,966.0,2416.89,1.4,2431.07
3865,966.25,2417.14,0.2,2431.07
3866,966.5,2417.39,0.2,2431.07
3867,966.75,2416.9,0.2,2431.07
3868,967.0,2417.15,0.1,2431.07
3869,967.25,2417.39,0.2,2431.06
3870,967.5,2417.39,0.1,2431.06
3871,967.75,2417.88,0.3,2431.06
3872,968.0,2417.86,0.1,2431.06
3873,968.25,2417.86,0.1,2431.05
3874,968.5,2418.32,1.0,2431.05
3875,968.75,2418.67,0.2,2431.05
3876,969.0,2418.66,0.1,2431.05
3877,969.25,2418.41,0.2,2431.04
3878,969.5,2418.4,0.2,2431.04
3879,969.75,2418.14,0.2,2431.04
3880,970.0,2418.14,0.1,2431.04
3881,970.25,2418.15,0.2,2431.04
3882,970.5,2418.14,0.2,2431.03
3883,970.75,2418.12,0.2,2431.03
3884,971.0,2416.63,0.9,2431.03
3885,971.25,2416.88,0.3,2431.03
3886,971.5,2414.96,0.2,2431.02
3887,971.75,2414.46,0.1,2431.02
3888,972.0,2414.8,0.2,2431.02
3889,972.25,2415.04,0.1,2431.02
3890,972.5,2415.28,0.2,2431.01
3891,972.75,2415.26,0.2,2431.01
3892,973.0,2415.5,0.1,2431.01
3893,973.25,2415.75,0.2,2431.01
3894,973.5,2415.75,0.6,2431.01
3895,973.75,2415.99,0.1,2431.0
3896,974.0,2415.73,0.2,2431.0
3897,974.25,2415.71,0.1,2431.0
3898,974.5,2415.7,0.2,2431.0
3899,974.75,2416.16,0.1,2430.99
3900,975.0,2416.89,0.2,2430.99
3901,975.25,2417.37,0.2,2430.99
3902,975.5,2417.37,0.2,2430.99
3903,975.75,2417.85,0.1,2430.99
3904,976.0,2419.57,0.7,2430.98
3905,976.25,2420.18,0.4,2430.98
3906,976.5,2419.92,0.2,2430.98
3907,976.75,2419.07,0.2,2430.98
3908,977.0,2419.07,0.2,2430.97
3909,977.25,2419.31,0.2,2430.97
3910,977.5,2419.07,0.2,2430.97
3911,977.75,2419.07,0.2,2430.97
3912,978.0,2419.56,0.1,2430.96
3913,978.25,2419.8,0.2,2430.96
3914,978.5,2419.79,0.6,2430.96
3915,978.75,2420.04,0.2,2430.96
3916,979.0,2420.29,0.2,2430.96
3917,979.25,2420.29,0.2,2430.95
3918,979.5,2420.29,0.1,2430.95
3919,979.75,2420.99,0.2,2430.95
3920,980.0,2421.47,0.3,2430.95
3921,980.25,2421.46,0.2,2430.94
3922,980.5,2421.21,0.1,2430.94
3923,980.75,2421.7,0.1,2430.94
3924,981.0,2422.06,0.6,2430.94
3925,981.25,2422.27,0.2,2430.93
3926,981.5,2422.73,0.2,2430.93
3927,981.75,2417.01,0.4,2430.93
3928,982.0,2416.51,0.1,2430.93
3929,982.25,2417.24,0.2,2430.93
3930,982.5,2417.23,0.2,2430.92
3931,982.75,2417.46,0.2,2430.92
3932,983.0,2417.2,0.2,2430.92
3933,983.25,2417.2,0.1,2430.92
3934,983.5,2417.45,0.7,2430.91
3935,983.75,2418.38,0.4,2430.91
3936,984.0,2418.12,0.2,2430.91
3937,984.25,2418.12,0.1,2430.91
3938,984.5,2418.12,0.1,2430.91
3939,984.75,2418.11,0.2,2430.9
3940,985.0,2416.35,0.1,2430.9
3941,985.25,2416.09,0.1,2430.9
3942,985.5,2416.33,0.2,2430.9
3943,985.75,2416.29,0.2,2430.89
3944,986.0,2414.82,0.7,2430.89
3945,986.25,2415.05,0.3,2430.89
3946,986.5,2415.28,0.4,2430.89
3947,986.75,2413.79,0.2,2430.88
3948,987.0,2414.02,0.2,2430.88
3949,987.25,2412.25,0.1,2430.88
3950,987.5,2412.73,0.1,2430.88
3951,987.75,2412.98,0.3,2430.88
3952,988.0,2412.7,0.1,2430.87
3953,988.25,2412.94,0.1,2430.87
3954,988.5,2412.38,0.8,2430.87
3955,988.75,2412.13,0.1,2430.87
3956,989.0,2412.36,0.4,2430.86
3957,989.25,2411.86,0.1,2430.86
3958,989.5,2412.33,0.2,2430.86
3959,989.75,2412.31,0.2,2430.86
3960,990.0,2412.55,0.1,2430.85
3961,990.25,2412.29,0.2,2430.85
3962,990.5,2412.29,0.1,2430.85
3963,990.75,2412.53,0.2,2430.85
3964,991.0,2414.18,0.8,2430.85
3965,991.25,2414.18,0.1,2430.84
3966,991.5,2414.18,0.2,2430.84
3967,991.75,2412.17,0.1,2430.84
3968,992.0,2412.91,0.2,2430.84
3969,992.25,2413.38,0.2,2430.83
3970,992.5,2413.38,0.2,2430.83
3971,992.75,2413.38,0.2,2430.83
3972,993.0,2413.38,0.2,2430.83
3973,993.25,2413.59,0.2,2430.82
3974,993.5,2414.34,0.7,2430.82
3975,993.75,2414.09,0.2,2430.82
3976,994.0,2414.57,0.3,2430.82
3977,994.25,2414.83,0.2,2430.82
3978,994.5,2415.07,0.1,2430.81
3979,994.75,2414.83,0.2,2430.81
3980,995.0,2414.82,0.1,2430.81
3981,995.25,2415.32,0.2,2430.81
3982,995.5,2415.07,0.1,2430.8
3983,995.75,2416.02,0.4,2430.8
3984,996.0,2416.28,0.6,2430.8
3985,996.25,2416.27,0.2,2430.8
3986,996.5,2414.99,0.2,2430.8
3987,996.75,2414.39,0.4,2430.79
3988,997.0,2414.89,0.2,2430.79
3989,997.25,2415.07,0.2,2430.79
3990,997.5,2415.31,0.2,2430.79
3991,997.75,2415.3,0.1,2430.78
3992,998.0,2415.55,0.3,2430.78
3993,998.25,2415.79,0.1,2430.78
3994,998.5,2414.07,0.7,2430.78
3995,998.75,2414.3,0.2,2430.77
3996,999.0,2413.82,0.2,2430.77
3997,999.25,2414.05,0.2,2430.77
3998,999.5,2413.56,0.3,2430.77
3999,999.75,2413.54,0.1,2430.77
4000,1000.0,2413.3,0.1,2430.76
4001,1000.25,2412.81,0.2,2430.76
4002,1000.5,2413.27,0.1,2430.76
4003,1000.75,2413.52,0.2,2430.76
4004,1001.0,2414.21,0.9,2430.75
4005,1001.25,2414.46,0.1,2430.75
4006,1001.5,2414.93,0.2,2430.75
4007,1001.75,2414.16,0.4,2430.75
4008,1002.0,2414.39,0.1,2430.74
4009,1002.25,2414.6,0.3,2430.74
4010,1002.5,2414.59,0.1,2430.74
4011,1002.75,2414.34,0.2,2430.74
4012,1003.0,2415.3,0.1,2430.74
4013,1003.25,2415.29,0.1,2430.73
4014,1003.5,2414.09,0.9,2430.73
4015,1003.75,2414.32,0.2,2430.73
4016,1004.0,2414.82,0.3,2430.73
4017,1004.25,2414.77,0.2,2430.72
4018,1004.5,2415.25,0.2,2430.72
4019,1004.75,2415.29,0.2,2430.72
4020,1005.0,2415.53,0.1,2430.72
4021,1005.25,2415.78,0.2,2430.71
4022,1005.5,2411.7,4.6,2430.71
4023,1005.75,2412.43,1.0,2430.71
4024,1006.0,2418.89,1.5,2430.71
4025,1006.25,2417.76,0.2,2430.71
4026,1006.5,2418.29,0.2,2430.7
4027,1006.75,2416.81,1.1,2430.7
4028,1007.0,2421.0,2.1,2430.7
4029,1007.25,2421.4,0.3,2430.7
4030,1007.5,2420.89,0.4,2430.69
4031,1007.75,2421.6,0.2,2430.69
4032,1008.0,2421.51,0.2,2430.69
4033,1008.25,2421.25,0.1,2430.69
4034,1008.5,2421.73,0.2,2430.69
4035,1008.75,2421.23,0.1,2430.68
4036,1009.0,2420.96,0.2,2430.68
4037,1009.25,2420.96,0.7,2430.68
4038,1009.5,2421.19,0.2,2430.68
4039,1009.75,2421.43,0.2,2430.67
4040,1010.0,2421.66,0.2,2430.67
4041,1010.25,2421.91,0.1,2430.67
4042,1010.5,2422.15,0.2,2430.67
4043,1010.75,2422.63,0.2,2430.66
4044,1011.0,2422.16,0.3,2430.66
4045,1011.25,2422.39,0.2,2430.66
4046,1011.5,2422.94,0.2,2430.66
4047,1011.75,2422.9,0.9,2430.66
4048,1012.0,2423.6,0.2,2430.65
4049,1012.25,2423.73,0.4,2430.65
4050,1012.5,2423.48,0.1,2430.65
4051,1012.75,2423.48,0.2,2430.65
4052,1013.0,2423.47,0.2,2430.64
4053,1013.25,2423.72,0.1,2430.64
4054,1013.5,2423.71,0.3,2430.64
4055,1013.75,2422.9,0.2,2430.64
4056,1014.0,2423.16,0.1,2430.63
4057,1014.25,2423.39,0.8,2430.63
4058,1014.5,2423.39,0.2,2430.63
4059,1014.75,2423.88,0.3,2430.63
4060,1015.0,2423.63,0.1,2430.63
4061,1015.25,2423.62,0.2,2430.62
4062,1015.5,2423.62,0.1,2430.62
4063,1015.75,2423.62,0.2,2430.62
4064,1016.0,2423.84,0.3,2430.62
4065,1016.25,2424.09,0.2,2430.61
4066,1016.5,2423.18,0.2,2430.61
4067,1016.75,2423.99,0.9,2430.61
4068,1017.0,2424.23,0.2,2430.61
4069,1017.25,2424.47,0.2,2430.61
4070,1017.5,2424.46,0.2,2430.6
4071,1017.75,2424.46,0.2,2430.6
4072,1018.0,2424.91,0.1,2430.6
4073,1018.25,2425.14,0.2,2430.6
4074,1018.5,2424.91,0.1,2430.59
4075,1018.75,2425.11,0.2,2430.59
4076,1019.0,2425.11,0.2,2430.59
4077,1019.25,2419.15,0.7,2430.59
4078,1019.5,2419.14,0.2,2430.58
4079,1019.75,2419.14,0.3,2430.58
4080,1020.0,2419.03,0.2,2430.58
4081,1020.25,2419.02,0.1,2430.58
4082,1020.5,2419.02,0.2,2430.58
4083,1020.75,2419.01,0.2,2430.57
4084,1021.0,2419.0,0.2,2430.57
4085,1021.25,2418.44,0.1,2430.57
4086,1021.5,2419.65,0.2,2430.57
4087,1021.75,2419.39,0.6,2430.56
4088,1022.0,2419.64,0.2,2430.56
4089,1022.25,2419.63,0.2,2430.56
4090,1022.5,2419.12,0.2,2430.56
4091,1022.75,2419.58,0.1,2430.55
4092,1023.0,2419.58,0.3,2430.55
4093,1023.25,2419.58,0.2,2430.55
4094,1023.5,2419.81,0.2,2430.55
4095,1023.75,2420.05,0.2,2430.55
4096,1024.0,2418.82,1.1,2430.54
4097,1024.25,2420.34,0.9,2430.54
4098,1024.5,2421.27,0.2,2430.54
4099,1024.75,2421.47,0.3,2430.54
4100,1025.0,2421.48,0.1,2430.53
4101,1025.25,2421.46,0.2,2430.53
4102,1025.5,2421.45,0.2,2430.53
4103,1025.75,2421.94,0.2,2430.53
4104,1026.0,2421.43,0.5,2430.52
4105,1026.25,2420.9,0.1,2430.52
4106,1026.5,2419.27,0.1,2430.52
4107,1026.75,2419.26,1.1,2430.52
4108,1027.0,2419.5,0.2,2430.52
4109,1027.25,2416.55,0.2,2430.51
4110,1027.5,2417.04,0.2,2430.51
4111,1027.75,2417.28,0.1,2430.51
4112,1028.0,2417.83,0.2,2430.51
4113,1028.25,2417.84,0.1,2430.5
4114,1028.5,2418.34,0.2,2430.5
4115,1028.75,2419.27,0.3,2430.5
4116,1029.0,2419.27,0.1,2430.5
4117,1029.25,2420.46,0.9,2430.5
4118,1029.5,2420.71,0.3,2430.49
4119,1029.75,2420.95,0.5,2430.49
4120,1030.0,2420.71,0.1,2430.49
4121,1030.25,2419.05,0.1,2430.49
4122,1030.5,2419.5,0.1,2430.48
4123,1030.75,2419.77,0.1,2430.48
4124,1031.0,2420.22,0.1,2430.48
4125,1031.25,2420.47,0.1,2430.48
4126,1031.5,2420.07,0.2,2430.47
4127,1031.75,2419.13,0.6,2430.47
4128,1032.0,2419.12,0.2,2430.47
4129,1032.25,2419.38,0.2,2430.47
4130,1032.5,2419.62,0.1,2430.47
4131,1032.75,2419.87,0.2,2430.46
4132,1033.0,2419.62,0.1,2430.46
4133,1033.25,2419.86,0.2,2430.46
4134,1033.5,2420.32,0.1,2430.46
4135,1033.75,2420.82,0.1,2430.45
4136,1034.0,2420.82,0.2,2430.45
4137,1034.25,2419.97,0.5,2430.45
4138,1034.5,2420.93,0.2,2430.45
4139,1034.75,2421.17,0.1,2430.44
4140,1035.0,2421.67,0.2,2430.44
4141,1035.25,2422.36,0.1,2430.44
4142,1035.5,2420.91,0.2,2430.44
4143,1035.75,2420.43,0.2,2430.44
4144,1036.0,2421.2,0.4,2430.43
4145,1036.25,2421.98,0.2,2430.43
4146,1036.5,2422.77,0.2,2430.43
4147,1036.75,2422.27,1.2,2430.43
4148,1037.0,2422.72,0.3,2430.42
4149,1037.25,2422.96,0.4,2430.42
4150,1037.5,2422.95,0.1,2430.42
4151,1037.75,2422.94,0.1,2430.42
4152,1038.0,2422.93,0.2,2430.41
4153,1038.25,2423.14,0.2,2430.41
4154,1038.5,2423.13,0.2,2430.41
4155,1038.75,2423.38,0.2,2430.41
4156,1039.0,2424.11,0.4,2430.41
4157,1039.25,2422.9,0.5,2430.4
4158,1039.5,2422.89,0.2,2430.4
4159,1039.75,2423.08,0.1,2430.4
4160,1040.0,2423.08,0.2,2430.4
4161,1040.25,2423.07,0.2,2430.39
4162,1040.5,2423.3,0.2,2430.39
4163,1040.75,2423.05,0.2,2430.39
4164,1041.0,2423.04,0.3,2430.39
4165,1041.25,2423.49,0.1,2430.39
4166,1041.5,2419.38,1.6,2430.38
4167,1041.75,2417.96,0.4,2430.38
4168,1042.0,2418.44,0.2,2430.38
4169,1042.25,2418.68,0.2,2430.38
4170,1042.5,2418.93,0.1,2430.37
4171,1042.75,2418.91,0.2,2430.37
4172,1043.0,2419.15,0.2,2430.37
4173,1043.25,2419.14,0.2,2430.37
4174,1043.5,2418.32,0.1,2430.36
4175,1043.75,2418.79,0.4,2430.36
4176,1044.0,2418.8,0.6,2430.36
4177,1044.25,2419.04,0.2,2430.36
4178,1044.5,2419.49,0.2,2430.36
4179,1044.75,2419.98,0.2,2430.35
4180,1045.0,2419.97,0.1,2430.35
4181,1045.25,2419.68,0.2,2430.35
4182,1045.5,2419.91,0.2,2430.35
4183,1045.75,2419.92,0.2,2430.34
4184,1046.0,2419.66,0.2,2430.34
4185,1046.25,2419.9,0.4,2430.34
4186,1046.5,2419.22,0.7,2430.34
4187,1046.75,2419.9,0.3,2430.33
4188,1047.0,2418.71,0.2,2430.33
4189,1047.25,2419.18,0.1,2430.33
4190,1047.5,2419.18,0.2,2430.33
4191,1047.75,2419.17,0.1,2430.33
4192,1048.0,2419.17,0.2,2430.32
4193,1048.25,2419.86,0.2,2430.32
4194,1048.5,2420.32,0.2,2430.32
4195,1048.75,2420.32,0.2,2430.32
4196,1049.0,2419.04,0.6,2430.31
4197,1049.25,2419.28,0.1,2430.31
4198,1049.5,2419.52,0.2,2430.31
4199,1049.75,2419.51,0.2,2430.31
4200,1050.0,2419.97,0.2,2430.31
4201,1050.25,2420.22,0.2,2430.3
4202,1050.5,2419.97,0.2,2430.3
4203,1050.75,2419.96,0.3,2430.3
4204,1051.0,2420.57,0.2,2430.3
4205,1051.25,2420.39,0.2,2430.29
4206,1051.5,2421.01,0.8,2430.29
4207,1051.75,2421.01,0.2,2430.29
4208,1052.0,2420.75,0.2,2430.29
4209,1052.25,2420.5,0.2,2430.28
4210,1052.5,2420.96,0.1,2430.28
4211,1052.75,2421.66,0.2,2430.28
4212,1053.0,2420.15,0.2,2430.28
4213,1053.25,2420.39,0.1,2430.28
4214,1053.5,2418.88,0.2,2430.27
4215,1053.75,2419.11,0.1,2430.27
4216,1054.0,2417.8,0.6,2430.27
4217,1054.25,2417.55,0.3,2430.27
4218,1054.5,2417.79,0.2,2430.26
4219,1054.75,2418.27,0.2,2430.26
4220,1055.0,2418.27,0.2,2430.26
4221,1055.25,2418.75,0.2,2430.26
4222,1055.5,2418.5,0.1,2430.25
4223,1055.75,2418.98,0.4,2430.25
4224,1056.0,2419.21,0.1,2430.25
4225,1056.25,2416.49,0.2,2430.25
4226,1056.5,2417.96,0.7,2430.25
4227,1056.75,2418.45,0.2,2430.24
4228,1057.0,2418.9,0.2,2430.24
4229,1057.25,2417.87,0.2,2430.24
4230,1057.5,2417.61,0.1,2430.24
4231,1057.75,2417.85,0.4,2430.23
4232,1058.0,2416.84,1.1,2430.23
4233,1058.25,2416.05,2.7,2430.23
4234,1058.5,2421.13,3.5,2430.23
4235,1058.75,2428.81,7.4,2430.22
4236,1059.0,2432.91,0.8,2430.22
4237,1059.25,2433.17,0.3,2430.22
4238,1059.5,2433.62,0.2,2430.22
4239,1059.75,2433.76,0.3,2430.22
4240,1060.0,2439.14,6.0,2430.21
4241,1060.25,2437.59,2.2,2430.21
4242,1060.5,2437.09,2.6,2430.21
4243,1060.75,2436.95,1.1,2430.21
4244,1061.0,2433.58,1.7,2430.2
4245,1061.25,2428.34,4.8,2430.2
4246,1061.5,2428.82,0.5,2430.2
4247,1061.75,2425.29,2.6,2430.2
4248,1062.0,2425.03,0.5,2430.2
4249,1062.25,2427.5,0.6,2430.19
4250,1062.5,2426.57,1.1,2430.19
4251,1062.75,2425.12,0.7,2430.19
4252,1063.0,2424.83,0.5,2430.19
4253,1063.25,2425.53,0.4,2430.18
4254,1063.5,2425.53,0.2,2430.18
4255,1063.75,2425.77,1.4,2430.18
4256,1064.0,2426.01,0.2,2430.18
4257,1064.25,2426.25,0.4,2430.17
4258,1064.5,2426.25,0.2,2430.17
4259,1064.75,2426.98,0.2,2430.17
4260,1065.0,2426.72,0.2,2430.17
4261,1065.25,2426.72,0.1,2430.17
4262,1065.5,2426.96,0.2,2430.16
4263,1065.75,2426.95,0.2,2430.16
4264,1066.0,2429.02,0.2,2430.16
4265,1066.25,2417.18,1.1,2430.16
4266,1066.5,2417.63,0.4,2430.15
4267,1066.75,2417.62,0.2,2430.15
4268,1067.0,2417.38,0.2,2430.15
4269,1067.25,2417.39,0.2,2430.15
4270,1067.5,2417.39,0.2,2430.14
4271,1067.75,2417.62,0.3,2430.14
4272,1068.0,2417.83,0.1,2430.14
4273,1068.25,2418.07,0.3,2430.14
4274,1068.5,2418.3,0.2,2430.14
4275,1068.75,2417.8,0.9,2430.13
4276,1069.0,2418.29,0.2,2430.13
4277,1069.25,2418.04,0.4,2430.13
4278,1069.5,2416.49,0.2,2430.13
4279,1069.75,2416.73,0.2,2430.12
4280,1070.0,2417.67,0.2,2430.12
4281,1070.25,2417.91,0.2,2430.12
4282,1070.5,2417.66,0.1,2430.12
4283,1070.75,2418.12,0.3,2430.11
4284,1071.0,2418.11,0.1,2430.11
4285,1071.25,2415.05,1.1,2430.11
4286,1071.5,2415.74,0.3,2430.11
4287,1071.75,2415.73,0.2,2430.11
4288,1072.0,2416.22,0.4,2430.1
4289,1072.25,2416.46,0.2,2430.1
4290,1072.5,2416.93,0.2,2430.1
4291,1072.75,2415.65,0.2,2430.1
4292,1073.0,2415.87,0.2,2430.09
4293,1073.25,2413.59,4.7,2430.09
4294,1073.5,2413.12,0.2,2430.09
4295,1073.75,2413.69,7.1,2430.09
4296,1074.0,2412.19,1.1,2430.09
4297,1074.25,2412.63,0.3,2430.08
4298,1074.5,2412.85,0.4,2430.08
4299,1074.75,2412.81,0.3,2430.08
4300,1075.0,2412.83,0.2,2430.08
4301,1075.25,2413.07,0.2,2430.07
4302,1075.5,2413.27,2.7,2430.07
4303,1075.75,2413.52,1.6,2430.07
4304,1076.0,2413.88,0.2,2430.07
4305,1076.25,2414.57,2.9,2430.06
4306,1076.5,2414.34,0.3,2430.06
4307,1076.75,2414.34,0.1,2430.06
4308,1077.0,2414.58,0.2,2430.06
4309,1077.25,2414.34,0.2,2430.06
4310,1077.5,2414.59,0.2,2430.05
4311,1077.75,2414.82,0.2,2430.05
4312,1078.0,2415.06,0.3,2430.05
4313,1078.25,2415.55,0.1,2430.05
4314,1078.5,2415.8,0.3,2430.04
4315,1078.75,2413.66,0.9,2430.04
4316,1079.0,2414.13,0.2,2430.04
4317,1079.25,2414.37,0.2,2430.04
4318,1079.5,2414.61,0.6,2430.03
4319,1079.75,2414.61,0.3,2430.03
4320,1080.0,2415.07,0.2,2430.03
4321,1080.25,2415.07,0.2,2430.03
4322,1080.5,2415.06,0.2,2430.03
4323,1080.75,2415.52,0.3,2430.02
4324,1081.0,2415.7,1.1,2430.02
4325,1081.25,2415.73,2.8,2430.02
4326,1081.5,2415.96,0.7,2430.02
4327,1081.75,2415.96,1.2,2430.01
4328,1082.0,2415.96,0.4,2430.01
4329,1082.25,2415.96,0.1,2430.01
4330,1082.5,2416.67,0.2,2430.01
4331,1082.75,2416.67,0.1,2430.01
4332,1083.0,2415.52,0.2,2430.0
4333,1083.25,2415.74,0.3,2430.0
4334,1083.5,2414.68,0.2,2430.0
4335,1083.75,2414.64,0.7,2430.0
4336,1084.0,2415.11,0.3,2429.99
4337,1084.25,2413.8,0.3,2429.99
4338,1084.5,2413.54,0.2,2429.99
4339,1084.75,2414.0,0.3,2429.99
4340,1085.0,2413.95,0.2,2429.98
4341,1085.25,2412.63,0.2,2429.98
4342,1085.5,2412.86,2.4,2429.98
4343,1085.75,2413.32,0.2,2429.98
4344,1086.0,2411.54,0.2,2429.98
4345,1086.25,2412.5,1.4,2429.97
4346,1086.5,2412.96,0.2,2429.97
4347,1086.75,2412.7,0.4,2429.97
4348,1087.0,2412.68,0.2,2429.97
4349,1087.25,2412.89,0.3,2429.96
4350,1087.5,2412.87,0.2,2429.96
4351,1087.75,2413.34,0.3,2429.96
4352,1088.0,2412.82,0.4,2429.96
4353,1088.25,2412.55,0.4,2429.95
4354,1088.5,2414.3,0.6,2429.95
4355,1088.75,2414.76,1.2,2429.95
4356,1089.0,2414.98,0.2,2429.95
4357,1089.25,2414.95,0.6,2429.95
4358,1089.5,2413.41,0.3,2429.94
4359,1089.75,2413.1,0.5,2429.94
4360,1090.0,2413.33,0.4,2429.94
4361,1090.25,2413.8,0.1,2429.94
4362,1090.5,2414.23,0.3,2429.93
4363,1090.75,2414.47,0.2,2429.93
4364,1091.0,2414.48,0.2,2429.93
4365,1091.25,2415.08,1.0,2429.93
4366,1091.5,2415.32,0.2,2429.92
4367,1091.75,2415.82,0.3,2429.92
4368,1092.0,2416.21,0.2,2429.92
4369,1092.25,2416.46,0.2,2429.92
4370,1092.5,2416.95,0.2,2429.92
4371,1092.75,2416.96,0.3,2429.91
4372,1093.0,2416.46,0.2,2429.91
4373,1093.25,2416.45,0.3,2429.91
4374,1093.5,2416.91,0.2,2429.91
4375,1093.75,2417.16,0.6,2429.9
4376,1094.0,2417.41,0.4,2429.9
4377,1094.25,2417.4,0.2,2429.9
4378,1094.5,2417.16,0.2,2429.9
4379,1094.75,2417.15,0.3,2429.9
4380,1095.0,2417.39,0.1,2429.89
4381,1095.25,2417.85,0.2,2429.89
4382,1095.5,2418.09,0.3,2429.89
4383,1095.75,2418.23,0.4,2429.89
4384,1096.0,2418.7,0.3,2429.88
4385,1096.25,2416.07,0.9,2429.88
4386,1096.5,2416.55,0.2,2429.88
4387,1096.75,2416.79,0.3,2429.88
4388,1097.0,2417.02,0.1,2429.87
4389,1097.25,2417.52,0.2,2429.87
4390,1097.5,2417.75,0.2,2429.87
4391,1097.75,2417.95,0.2,2429.87
4392,1098.0,2417.95,0.1,2429.87
4393,1098.25,2417.39,0.2,2429.86
4394,1098.5,2416.88,0.1,2429.86
4395,1098.75,2417.58,0.8,2429.86
4396,1099.0,2417.07,0.1,2429.86
4397,1099.25,2417.55,0.4,2429.85
4398,1099.5,2417.75,0.2,2429.85
4399,1099.75,2417.74,0.1,2429.85
4400,1100.0,2417.72,0.2,2429.85
4401,1100.25,2417.71,0.2,2429.84
4402,1100.5,2417.45,0.3,2429.84
4403,1100.75,2417.67,0.2,2429.84
4404,1101.0,2416.3,0.2,2429.84
4405,1101.25,2414.86,1.2,2429.84
4406,1101.5,2415.33,0.3,2429.83
4407,1101.75,2415.8,0.2,2429.83
4408,1102.0,2416.02,0.1,2429.83
4409,1102.25,2415.75,0.2,2429.83
4410,1102.5,2415.73,0.1,2429.82
4411,1102.75,2415.71,0.3,2429.82
4412,1103.0,2415.9,0.1,2429.82
4413,1103.25,2415.27,0.5,2429.82
4414,1103.5,2415.0,0.3,2429.81
4415,1103.75,2415.18,0.8,2429.81
4416,1104.0,2414.94,0.2,2429.81
4417,1104.25,2414.93,0.2,2429.81
4418,1104.5,2414.91,0.2,2429.81
4419,1104.75,2414.65,0.2,2429.8
4420,1105.0,2415.12,0.2,2429.8
4421,1105.25,2415.1,0.1,2429.8
4422,1105.5,2415.05,0.3,2429.8
4423,1105.75,2415.04,0.1,2429.79
4424,1106.0,2414.19,0.2,2429.79
4425,1106.25,2414.04,0.7,2429.79
4426,1106.5,2414.27,0.3,2429.79
4427,1106.75,2414.14,0.2,2429.79
4428,1107.0,2414.33,0.1,2429.78
4429,1107.25,2414.55,0.1,2429.78
4430,1107.5,2414.99,0.2,2429.78
4431,1107.75,2415.21,0.2,2429.78
4432,1108.0,2415.2,0.2,2429.77
4433,1108.25,2414.91,0.2,2429.77
4434,1108.5,2415.63,0.1,2429.77
4435,1108.75,2416.84,0.9,2429.77
4436,1109.0,2417.07,0.2,2429.76
4437,1109.25,2417.29,0.2,2429.76
4438,1109.5,2417.27,0.3,2429.76
4439,1109.75,2417.01,0.1,2429.76
4440,1110.0,2416.99,0.1,2429.76
4441,1110.25,2416.96,0.2,2429.75
4442,1110.5,2416.7,0.2,2429.75
4443,1110.75,2415.61,0.4,2429.75
4444,1111.0,2414.45,0.2,2429.75
4445,1111.25,2416.15,0.9,2429.74
4446,1111.5,2416.88,0.3,2429.74
4447,1111.75,2416.86,0.3,2429.74
4448,1112.0,2417.3,0.2,2429.74
4449,1112.25,2417.54,0.1,2429.73
4450,1112.5,2417.5,0.2,2429.73
4451,1112.75,2417.48,0.2,2429.73
4452,1113.0,2417.47,0.2,2429.73
4453,1113.25,2417.71,0.2,2429.73
4454,1113.5,2418.44,0.4,2429.72
4455,1113.75,2418.67,0.4,2429.72
4456,1114.0,2418.41,0.2,2429.72
4457,1114.25,2418.64,0.2,2429.72
4458,1114.5,2418.86,0.1,2429.71
4459,1114.75,2419.08,0.2,2429.71
4460,1115.0,2419.32,0.3,2429.71
4461,1115.25,2419.8,0.2,2429.71
4462,1115.5,2419.31,0.7,2429.7
4463,1115.75,2419.56,0.2,2429.7
4464,1116.0,2418.52,1.6,2429.7
4465,1116.25,2418.75,0.3,2429.7
4466,1116.5,2418.75,0.2,2429.7
4467,1116.75,2419.0,0.4,2429.69
4468,1117.0,2419.25,0.1,2429.69
4469,1117.25,2419.0,0.2,2429.69
4470,1117.5,2419.22,0.1,2429.69
4471,1117.75,2419.22,0.3,2429.68
4472,1118.0,2419.22,0.2,2429.68
4473,1118.25,2418.94,0.5,2429.68
4474,1118.5,2419.65,0.7,2429.68
4475,1118.75,2419.42,0.3,2429.68
4476,1119.0,2419.9,0.3,2429.67
4477,1119.25,2418.38,0.3,2429.67
4478,1119.5,2418.62,0.1,2429.67
4479,1119.75,2418.86,0.5,2429.67
4480,1120.0,2418.87,0.3,2429.66
4481,1120.25,2419.12,0.1,2429.66
4482,1120.5,2418.86,0.1,2429.66
4483,1120.75,2418.12,0.2,2429.66
4484,1121.0,2417.4,1.0,2429.65
4485,1121.25,2415.95,0.3,2429.65
4486,1121.5,2416.4,0.2,2429.65
4487,1121.75,2417.11,0.2,2429.65
4488,1122.0,2417.6,0.2,2429.65
4489,1122.25,2417.55,0.2,2429.64
4490,1122.5,2417.76,0.2,2429.64
4491,1122.75,2418.0,0.2,2429.64
4492,1123.0,2418.44,0.1,2429.64
4493,1123.25,2419.17,0.2,2429.63
4494,1123.5,2417.73,0.9,2429.63
4495,1123.75,2417.93,0.2,2429.63
4496,1124.0,2418.16,0.2,2429.63
4497,1124.25,2418.15,0.2,2429.62
4498,1124.5,2418.13,0.2,2429.62
4499,1124.75,2418.36,0.1,2429.62
4500,1125.0,2418.84,0.2,2429.62
4501,1125.25,2417.14,0.2,2429.62
4502,1125.5,2417.84,0.1,2429.61
4503,1125.75,2418.62,0.8,2429.61
4504,1126.0,2419.06,0.1,2429.61
4505,1126.25,2419.3,0.3,2429.61
4506,1126.5,2419.52,0.2,2429.6
4507,1126.75,2418.79,0.2,2429.6
4508,1127.0,2417.59,0.1,2429.6
4509,1127.25,2418.03,0.2,2429.6
4510,1127.5,2418.27,0.1,2429.6
4511,1127.75,2418.01,0.3,2429.59
4512,1128.0,2417.76,0.2,2429.59
4513,1128.25,2417.07,0.7,2429.59
4514,1128.5,2417.31,0.1,2429.59
4515,1128.75,2417.53,0.1,2429.58
4516,1129.0,2416.34,0.2,2429.58
4517,1129.25,2416.58,0.1,2429.58
4518,1129.5,2416.58,0.1,2429.58
4519,1129.75,2416.21,0.2,2429.57
4520,1130.0,2415.93,0.2,2429.57
4521,1130.25,2416.16,0.2,2429.57
4522,1130.5,2416.13,0.1,2429.57
4523,1130.75,2415.94,0.8,2429.57
4524,1131.0,2414.34,0.2,2429.56
4525,1131.25,2413.14,0.1,2429.56
4526,1131.5,2413.37,0.2,2429.56
4527,1131.75,2413.97,0.2,2429.56
4528,1132.0,2414.47,0.1,2429.55
4529,1132.25,2414.45,0.2,2429.55
4530,1132.5,2414.44,0.1,2429.55
4531,1132.75,2414.43,0.2,2429.55
4532,1133.0,2415.13,0.2,2429.54
4533,1133.25,2416.35,0.7,2429.54
4534,1133.5,2416.59,0.2,2429.54
4535,1133.75,2416.59,0.2,2429.54
4536,1134.0,2415.56,0.2,2429.54
4537,1134.25,2415.31,0.2,2429.53
4538,1134.5,2415.31,0.1,2429.53
4539,1134.75,2415.3,0.2,2429.53
4540,1135.0,2415.54,0.2,2429.53
4541,1135.25,2416.0,0.2,2429.52
4542,1135.5,2416.0,0.1,2429.52
4543,1135.75,2415.72,0.9,2429.52
4544,1136.0,2416.45,0.1,2429.52
4545,1136.25,2416.2,0.3,2429.51
4546,1136.5,2416.44,0.3,2429.51
4547,1136.75,2416.68,0.2,2429.51
4548,1137.0,2416.92,0.2,2429.51
4549,1137.25,2417.26,0.2,2429.51
4550,1137.5,2417.25,0.1,2429.5
4551,1137.75,2417.49,0.1,2429.5
4552,1138.0,2417.48,0.1,2429.5
4553,1138.25,2416.29,1.1,2429.5
4554,1138.5,2417.02,0.3,2429.49
4555,1138.75,2417.01,0.2,2429.49
4556,1139.0,2417.49,0.1,2429.49
4557,1139.25,2417.96,0.3,2429.49
4558,1139.5,2418.45,0.2,2429.49
4559,1139.75,2418.22,0.2,2429.48
4560,1140.0,2418.46,0.2,2429.48
4561,1140.25,2418.46,0.2,2429.48
4562,1140.5,2419.28,0.3,2429.48
4563,1140.75,2418.54,0.8,2429.47
4564,1141.0,2417.1,0.2,2429.47
4565,1141.25,2417.32,0.4,2429.47
4566,1141.5,2417.32,0.2,2429.47
4567,1141.75,2417.56,0.2,2429.46
4568,1142.0,2417.8,0.2,2429.46
4569,1142.25,2418.05,0.2,2429.46
4570,1142.5,2416.28,0.3,2429.46
4571,1142.75,2416.53,0.2,2429.46
4572,1143.0,2417.02,0.2,2429.45
4573,1143.25,2417.72,0.7,2429.45
4574,1143.5,2415.82,0.2,2429.45
4575,1143.75,2416.06,0.2,2429.45
4576,1144.0,2416.06,0.1,2429.44
4577,1144.25,2416.55,0.2,2429.44
4578,1144.5,2417.04,0.2,2429.44
4579,1144.75,2415.52,0.1,2429.44
4580,1145.0,2415.8,0.4,2429.43
4581,1145.25,2415.79,0.2,2429.43
4582,1145.5,2415.3,0.2,2429.43
4583,1145.75,2414.11,0.7,2429.43
4584,1146.0,2413.87,0.4,2429.43
4585,1146.25,2413.86,0.2,2429.42
4586,1146.5,2414.09,0.1,2429.42
4587,1146.75,2414.8,0.1,2429.42
4588,1147.0,2414.55,0.2,2429.42
4589,1147.25,2414.3,0.2,2429.41
4590,1147.5,2414.29,0.2,2429.41
4591,1147.75,2414.04,0.2,2429.41
4592,1148.0,2414.29,0.2,2429.41
4593,1148.25,2413.93,0.7,2429.4
4594,1148.5,2414.64,0.2,2429.4
4595,1148.75,2415.13,0.2,2429.4
4596,1149.0,2415.13,0.2,2429.4
4597,1149.25,2415.59,0.2,2429.4
4598,1149.5,2415.82,0.2,2429.39
4599,1149.75,2414.14,0.1,2429.39
4600,1150.0,2414.88,0.1,2429.39
4601,1150.25,2414.87,0.2,2429.39
4602,1150.5,2414.86,0.1,2429.38
4603,1150.75,2415.57,0.7,2429.38
4604,1151.0,2415.56,0.2,2429.38
4605,1151.25,2415.56,0.2,2429.38
4606,1151.5,2416.05,0.3,2429.38
4607,1151.75,2416.26,0.2,2429.37
4608,1152.0,2416.02,0.2,2429.37
4609,1152.25,2416.5,0.1,2429.37
4610,1152.5,2416.5,0.2,2429.37
4611,1152.75,2416.45,0.3,2429.36
4612,1153.0,2415.97,0.2,2429.36
4613,1153.25,2416.22,0.9,2429.36
4614,1153.5,2416.45,0.2,2429.36
4615,1153.75,2416.42,0.2,2429.35
4616,1154.0,2416.92,0.2,2429.35
4617,1154.25,2416.93,0.2,2429.35
4618,1154.5,2416.92,0.2,2429.35
4619,1154.75,2416.93,0.2,2429.35
4620,1155.0,2417.16,0.1,2429.34
4621,1155.25,2417.71,0.2,2429.34
4622,1155.5,2417.68,0.2,2429.34
4623,1155.75,2416.0,0.7,2429.34
4624,1156.0,2416.48,0.3,2429.33
4625,1156.25,2416.48,0.3,2429.33
4626,1156.5,2416.24,0.1,2429.33
4627,1156.75,2415.5,0.2,2429.33
4628,1157.0,2415.71,0.2,2429.32
4629,1157.25,2416.43,0.2,2429.32
4630,1157.5,2416.43,0.1,2429.32
4631,1157.75,2416.89,0.1,2429.32
4632,1158.0,2416.9,0.2,2429.32
4633,1158.25,2415.46,0.6,2429.31
4634,1158.5,2415.71,0.2,2429.31
4635,1158.75,2415.47,0.2,2429.31
4636,1159.0,2415.97,0.2,2429.31
4637,1159.25,2415.72,0.2,2429.3
4638,1159.5,2416.21,0.1,2429.3
4639,1159.75,2416.21,0.2,2429.3
4640,1160.0,2416.21,0.2,2429.3
4641,1160.25,2414.52,0.2,2429.3
4642,1160.5,2414.2,0.3,2429.29
4643,1160.75,2416.16,0.9,2429.29
4644,1161.0,2416.64,0.2,2429.29
4645,1161.25,2415.87,0.2,2429.29
4646,1161.5,2415.83,0.3,2429.28
4647,1161.75,2415.82,0.1,2429.28
4648,1162.0,2416.05,0.2,2429.28
4649,1162.25,2416.05,0.1,2429.28
4650,1162.5,2416.05,0.3,2429.27
4651,1162.75,2417.27,0.3,2429.27
4652,1163.0,2417.51,0.2,2429.27
4653,1163.25,2418.24,0.9,2429.27
4654,1163.5,2418.23,0.2,2429.27
4655,1163.75,2418.96,0.2,2429.26
4656,1164.0,2419.16,0.2,2429.26
4657,1164.25,2419.16,0.2,2429.26
4658,1164.5,2419.4,0.3,2429.26
4659,1164.75,2419.64,0.2,2429.25
4660,1165.0,2419.88,0.1,2429.25
4661,1165.25,2420.36,0.3,2429.25
4662,1165.5,2420.81,0.2,2429.25
4663,1165.75,2420.56,0.6,2429.24
4664,1166.0,2421.04,0.2,2429.24
4665,1166.25,2420.79,0.2,2429.24
4666,1166.5,2421.28,0.1,2429.24
4667,1166.75,2421.27,0.4,2429.24
4668,1167.0,2421.26,0.3,2429.23
4669,1167.25,2421.5,0.2,2429.23
4670,1167.5,2421.5,0.1,2429.23
4671,1167.75,2421.7,0.2,2429.23
4672,1168.0,2422.23,0.1,2429.22
4673,1168.25,2422.44,0.9,2429.22
4674,1168.5,2422.45,0.3,2429.22
4675,1168.75,2421.96,0.4,2429.22
4676,1169.0,2421.96,0.2,2429.21
4677,1169.25,2421.96,0.3,2429.21
4678,1169.5,2421.96,0.2,2429.21
4679,1169.75,2422.21,0.1,2429.21
4680,1170.0,2422.21,0.2,2429.21
4681,1170.25,2420.66,0.2,2429.2
4682,1170.5,2418.54,0.2,2429.2
4683,1170.75,2418.79,0.6,2429.2
4684,1171.0,2419.03,0.2,2429.2
4685,1171.25,2419.03,0.2,2429.19
4686,1171.5,2419.52,0.3,2429.19
4687,1171.75,2419.77,0.3,2429.19
4688,1172.0,2419.52,0.2,2429.19
4689,1172.25,2419.53,0.2,2429.19
4690,1172.5,2419.53,0.2,2429.18
4691,1172.75,2420.02,0.2,2429.18
4692,1173.0,2420.25,0.1,2429.18
4693,1173.25,2419.0,0.7,2429.18
4694,1173.5,2419.25,0.3,2429.17
4695,1173.75,2419.25,0.2,2429.17
4696,1174.0,2419.25,0.2,2429.17
4697,1174.25,2418.99,0.1,2429.17
4698,1174.5,2419.2,0.3,2429.16
4699,1174.75,2418.96,0.2,2429.16
4700,1175.0,2419.21,0.4,2429.16
4701,1175.25,2419.45,0.1,2429.16
4702,1175.5,2418.47,0.3,2429.16
4703,1175.75,2417.3,0.8,2429.15
4704,1176.0,2417.55,0.3,2429.15
4705,1176.25,2417.21,0.2,2429.15
4706,1176.5,2417.41,0.1,2429.15
4707,1176.75,2417.66,0.3,2429.14
4708,1177.0,2415.98,0.2,2429.14
4709,1177.25,2416.36,0.1,2429.14
4710,1177.5,2416.86,0.2,2429.14
4711,1177.75,2417.81,0.2,2429.13
4712,1178.0,2417.8,0.2,2429.13
4713,1178.25,2417.8,0.9,2429.13
4714,1178.5,2418.04,0.2,2429.13
4715,1178.75,2418.25,0.4,2429.13
4716,1179.0,2418.01,0.2,2429.12
4717,1179.25,2418.26,0.2,2429.12
4718,1179.5,2418.51,0.2,2429.12
4719,1179.75,2418.51,0.2,2429.12
4720,1180.0,2418.51,0.1,2429.11
4721,1180.25,2418.77,0.2,2429.11
4722,1180.5,2418.52,0.3,2429.11
4723,1180.75,2416.13,0.9,2429.11
4724,1181.0,2415.89,0.1,2429.1
4725,1181.25,2415.88,0.4,2429.1
4726,1181.5,2415.87,0.2,2429.1
4727,1181.75,2415.86,0.1,2429.1
4728,1182.0,2416.1,0.2,2429.1
4729,1182.25,2416.09,0.2,2429.09
4730,1182.5,2414.64,0.2,2429.09
4731,1182.75,2414.88,0.2,2429.09
4732,1183.0,2414.88,0.1,2429.09
4733,1183.25,2415.61,0.6,2429.08
4734,1183.5,2415.61,0.2,2429.08
4735,1183.75,2415.37,0.2,2429.08
4736,1184.0,2415.34,0.2,2429.08
4737,1184.25,2415.08,0.1,2429.08
4738,1184.5,2415.07,0.2,2429.07
4739,1184.75,2415.31,0.1,2429.07
4740,1185.0,2416.04,0.2,2429.07
4741,1185.25,2415.73,0.2,2429.07
4742,1185.5,2414.85,0.5,2429.06
4743,1185.75,2415.07,0.6,2429.06
4744,1186.0,2415.71,0.2,2429.06
4745,1186.25,2415.7,0.2,2429.06
4746,1186.5,2415.68,0.1,2429.05
4747,1186.75,2415.67,0.2,2429.05
4748,1187.0,2415.66,0.2,2429.05
4749,1187.25,2413.98,0.2,2429.05
4750,1187.5,2414.21,0.2,2429.05
4751,1187.75,2414.2,0.1,2429.04
4752,1188.0,2414.19,0.4,2429.04
4753,1188.25,2412.04,0.7,2429.04
4754,1188.5,2412.04,0.4,2429.04
4755,1188.75,2412.27,0.2,2429.03
4756,1189.0,2412.27,0.1,2429.03
4757,1189.25,2412.25,0.1,2429.03
4758,1189.5,2412.25,0.2,2429.03
4759,1189.75,2412.24,0.1,2429.02
4760,1190.0,2412.48,0.2,2429.02
4761,1190.25,2412.72,0.1,2429.02
4762,1190.5,2412.96,0.6,2429.02
4763,1190.75,2414.66,0.6,2429.02
4764,1191.0,2415.39,0.3,2429.01
4765,1191.25,2415.38,0.4,2429.01
4766,1191.5,2416.15,0.1,2429.01
4767,1191.75,2416.41,0.2,2429.01
4768,1192.0,2415.91,0.1,2429.0
4769,1192.25,2415.68,0.2,2429.0
4770,1192.5,2415.92,0.2,2429.0
4771,1192.75,2416.26,0.1,2429.0
4772,1193.0,2417.26,1.2,2429.0
4773,1193.25,2417.33,0.2,2428.99
4774,1193.5,2417.58,0.2,2428.99
4775,1193.75,2417.57,0.3,2428.99
4776,1194.0,2417.1,0.1,2428.99
4777,1194.25,2417.31,0.2,2428.98
4778,1194.5,2417.8,0.2,2428.98
4779,1194.75,2417.56,0.2,2428.98
4780,1195.0,2417.58,0.4,2428.98
4781,1195.25,2418.32,0.2,2428.97
4782,1195.5,2417.82,1.2,2428.97
4783,1195.75,2417.81,0.2,2428.97
4784,1196.0,2417.84,0.2,2428.97
4785,1196.25,2417.84,0.2,2428.97
4786,1196.5,2418.09,0.2,2428.96
4787,1196.75,2416.39,0.1,2428.96
4788,1197.0,2415.91,0.1,2428.96
4789,1197.25,2416.07,0.1,2428.96
4790,1197.5,2414.8,0.2,2428.95
4791,1197.75,2414.57,0.2,2428.95
4792,1198.0,2413.63,0.7,2428.95
4793,1198.25,2414.34,0.2,2428.95
4794,1198.5,2414.1,0.3,2428.94
4795,1198.75,2414.35,0.1,2428.94
4796,1199.0,2414.59,0.2,2428.94
4797,1199.25,2414.6,0.3,2428.94
4798,1199.5,2414.85,0.2,2428.94
4799,1199.75,2414.56,0.2,2428.93
4800,1200.0,2414.55,0.2,2428.93
4801,1200.25,2415.97,0.2,2428.93
4802,1200.5,2413.19,0.8,2428.93
4803,1200.75,2413.43,0.1,2428.92
4804,1201.0,2413.17,0.4,2428.92
4805,1201.25,2411.9,0.1,2428.92
4806,1201.5,2412.13,0.2,2428.92
4807,1201.75,2412.37,0.2,2428.91
4808,1202.0,2412.61,0.2,2428.91
4809,1202.25,2412.82,0.2,2428.91
4810,1202.5,2413.29,0.2,2428.91
4811,1202.75,2413.52,0.2,2428.91
4812,1203.0,2413.52,0.7,2428.9
4813,1203.25,2414.25,0.2,2428.9
4814,1203.5,2414.5,0.2,2428.9
4815,1203.75,2414.98,0.2,2428.9
4816,1204.0,2414.72,0.1,2428.89
4817,1204.25,2414.71,0.1,2428.89
4818,1204.5,2415.41,0.3,2428.89
4819,1204.75,2415.4,0.3,2428.89
4820,1205.0,2415.14,0.3,2428.89
4821,1205.25,2414.66,0.2,2428.88
4822,1205.5,2419.36,1.0,2428.88
4823,1205.75,2420.07,0.2,2428.88
4824,1206.0,2420.77,0.4,2428.88
4825,1206.25,2421.5,0.2,2428.87
4826,1206.5,2421.49,0.2,2428.87
4827,1206.75,2421.23,0.2,2428.87
4828,1207.0,2421.47,0.2,2428.87
4829,1207.25,2421.71,0.2,2428.86
4830,1207.5,2421.47,0.1,2428.86
4831,1207.75,2421.61,0.3,2428.86
4832,1208.0,2419.63,1.0,2428.86
4833,1208.25,2419.16,0.4,2428.86
4834,1208.5,2419.41,0.4,2428.85
4835,1208.75,2419.4,0.2,2428.85
4836,1209.0,2419.43,0.1,2428.85
4837,1209.25,2419.41,0.2,2428.85
4838,1209.5,2418.93,0.2,2428.84
4839,1209.75,2418.94,0.5,2428.84
4840,1210.0,2418.32,0.3,2428.84
4841,1210.25,2418.56,0.2,2428.84
4842,1210.5,2416.46,0.6,2428.83
4843,1210.75,2416.7,0.4,2428.83
4844,1211.0,2416.69,0.2,2428.83
4845,1211.25,2416.69,0.2,2428.83
4846,1211.5,2416.67,0.2,2428.83
4847,1211.75,2416.67,0.2,2428.82
4848,1212.0,2416.88,0.1,2428.82
4849,1212.25,2417.09,0.2,2428.82
4850,1212.5,2415.36,0.2,2428.82
4851,1212.75,2415.81,0.1,2428.81
4852,1213.0,2415.01,0.7,2428.81
4853,1213.25,2415.24,0.1,2428.81
4854,1213.5,2415.24,0.3,2428.81
4855,1213.75,2415.72,0.4,2428.8
4856,1214.0,2415.95,0.2,2428.8
4857,1214.25,2416.18,0.2,2428.8
4858,1214.5,2414.63,0.2,2428.8
4859,1214.75,2415.12,0.1,2428.8
4860,1215.0,2415.61,0.2,2428.79
4861,1215.25,2415.82,0.1,2428.79
4862,1215.5,2414.92,1.0,2428.79
4863,1215.75,2415.16,0.2,2428.79
4864,1216.0,2415.17,0.2,2428.78
4865,1216.25,2415.66,0.2,2428.78
4866,1216.5,2415.91,0.2,2428.78
4867,1216.75,2416.32,0.4,2428.78
4868,1217.0,2416.57,0.2,2428.78
4869,1217.25,2417.03,0.1,2428.77
4870,1217.5,2417.74,0.2,2428.77
4871,1217.75,2417.99,0.3,2428.77
4872,1218.0,2416.09,1.2,2428.77
4873,1218.25,2416.34,0.3,2428.76
4874,1218.5,2416.58,0.3,2428.76
4875,1218.75,2416.03,0.1,2428.76
4876,1219.0,2415.79,0.2,2428.76
4877,1219.25,2415.79,0.2,2428.75
4878,1219.5,2415.79,0.2,2428.75
4879,1219.75,2415.79,0.2,2428.75
4880,1220.0,2415.54,0.2,2428.75
4881,1220.25,2414.39,0.6,2428.75
4882,1220.5,2413.44,1.0,2428.74
4883,1220.75,2413.45,0.2,2428.74
4884,1221.0,2413.21,0.4,2428.74
4885,1221.25,2414.14,0.3,2428.74
4886,1221.5,2414.14,0.4,2428.73
4887,1221.75,2414.39,0.1,2428.73
4888,1222.0,2414.89,0.4,2428.73
4889,1222.25,2414.9,0.3,2428.73
4890,1222.5,2415.27,0.2,2428.72
4891,1222.75,2415.03,0.2,2428.72
4892,1223.0,2417.13,0.7,2428.72
4893,1223.25,2416.09,0.1,2428.72
4894,1223.5,2416.09,0.4,2428.72
4895,1223.75,2416.33,0.2,2428.71
4896,1224.0,2416.32,0.8,2428.71
4897,1224.25,2416.57,0.2,2428.71
4898,1224.5,2416.56,0.2,2428.71
4899,1224.75,2416.8,0.2,2428.7
4900,1225.0,2417.04,0.2,2428.7
4901,1225.25,2417.24,0.5,2428.7
4902,1225.5,2417.24,0.7,2428.7
4903,1225.75,2416.99,0.7,2428.7
4904,1226.0,2417.19,0.4,2428.69
4905,1226.25,2417.43,0.2,2428.69
4906,1226.5,2417.43,0.1,2428.69
4907,1226.75,2417.41,0.4,2428.69
4908,1227.0,2417.16,0.2,2428.68
4909,1227.25,2417.15,0.2,2428.68
4910,1227.5,2417.39,0.3,2428.68
4911,1227.75,2417.6,0.1,2428.68
4912,1228.0,2418.82,0.7,2428.67
4913,1228.25,2419.06,0.2,2428.67
4914,1228.5,2419.55,0.2,2428.67
4915,1228.75,2419.79,0.3,2428.67
4916,1229.0,2420.02,0.2,2428.67
4917,1229.25,2420.01,0.2,2428.66
4918,1229.5,2420.74,0.1,2428.66
4919,1229.75,2420.47,0.2,2428.66
4920,1230.0,2420.27,0.3,2428.66
4921,1230.25,2421.02,0.1,2428.65
4922,1230.5,2419.29,1.0,2428.65
4923,1230.75,2419.04,0.2,2428.65
4924,1231.0,2418.89,0.5,2428.65
4925,1231.25,2419.13,0.1,2428.64
4926,1231.5,2418.88,0.2,2428.64
4927,1231.75,2418.88,0.2,2428.64
4928,1232.0,2418.38,0.2,2428.64
4929,1232.25,2418.38,0.2,2428.64
4930,1232.5,2417.12,0.1,2428.63
4931,1232.75,2417.33,0.1,2428.63
4932,1233.0,2417.56,0.9,2428.63
4933,1233.25,2417.53,0.2,2428.63
4934,1233.5,2417.79,0.2,2428.62
4935,1233.75,2417.78,0.2,2428.62
4936,1234.0,2418.02,0.1,2428.62
4937,1234.25,2417.53,0.2,2428.62
4938,1234.5,2418.02,0.1,2428.61
4939,1234.75,2418.03,0.4,2428.61
4940,1235.0,2416.82,0.1,2428.61
4941,1235.25,2415.35,0.6,2428.61
4942,1235.5,2414.88,0.6,2428.61
4943,1235.75,2414.88,0.2,2428.6
4944,1236.0,2414.88,0.2,2428.6
4945,1236.25,2414.63,0.1,2428.6
4946,1236.5,2415.12,0.2,2428.6
4947,1236.75,2415.38,0.2,2428.59
4948,1237.0,2415.39,0.3,2428.59
4949,1237.25,2415.85,0.2,2428.59
4950,1237.5,2416.01,0.3,2428.59
4951,1237.75,2416.27,0.9,2428.59
4952,1238.0,2416.02,0.3,2428.58
4953,1238.25,2416.03,0.2,2428.58
4954,1238.5,2416.51,0.2,2428.58
4955,1238.75,2415.68,0.2,2428.58
4956,1239.0,2416.16,0.1,2428.57
4957,1239.25,2415.91,0.1,2428.57
4958,1239.5,2415.9,0.2,2428.57
4959,1239.75,2416.36,0.2,2428.57
4960,1240.0,2416.36,0.2,2428.56
4961,1240.25,2415.7,0.9,2428.56
4962,1240.5,2415.7,0.2,2428.56
4963,1240.75,2416.18,0.2,2428.56
4964,1241.0,2416.68,0.1,2428.56
4965,1241.25,2416.92,0.1,2428.55
4966,1241.5,2416.67,0.2,2428.55
4967,1241.75,2415.18,0.2,2428.55
4968,1242.0,2415.66,0.2,2428.55
4969,1242.25,2415.68,0.2,2428.54
4970,1242.5,2415.91,0.1,2428.54
4971,1242.75,2416.16,0.7,2428.54
4972,1243.0,2416.63,0.2,2428.54
4973,1243.25,2417.12,0.3,2428.53
4974,1243.5,2417.13,0.2,2428.53
4975,1243.75,2417.13,0.1,2428.53
4976,1244.0,2416.89,0.2,2428.53
4977,1244.25,2417.37,0.2,2428.53
4978,1244.5,2417.38,0.2,2428.52
4979,1244.75,2415.95,0.2,2428.52
4980,1245.0,2415.16,0.2,2428.52
4981,1245.25,2414.83,0.7,2428.52
4982,1245.5,2415.71,0.2,2428.51
4983,1245.75,2415.96,0.4,2428.51
4984,1246.0,2415.96,0.2,2428.51
4985,1246.25,2416.2,0.2,2428.51
4986,1246.5,2415.86,0.1,2428.5
4987,1246.75,2415.82,0.2,2428.5
4988,1247.0,2416.07,0.2,2428.5
4989,1247.25,2414.52,0.2,2428.5
4990,1247.5,2415.25,0.2,2428.5
4991,1247.75,2415.95,0.7,2428.49
4992,1248.0,2414.49,0.4,2428.49
4993,1248.25,2414.73,0.1,2428.49
4994,1248.5,2414.97,0.2,2428.49
4995,1248.75,2414.96,0.3,2428.48
4996,1249.0,2415.67,0.3,2428.48
4997,1249.25,2415.38,0.2,2428.48
4998,1249.5,2415.62,0.1,2428.48
4999,1249.75,2415.86,0.1,2428.48
5000,1250.0,2415.12,0.3,2428.47
5001,1250.25,2415.36,0.6,2428.47
5002,1250.5,2415.35,0.2,2428.47
5003,1250.75,2415.59,0.2,2428.47
5004,1251.0,2415.59,0.2,2428.46
5005,1251.25,2415.82,0.1,2428.46
5006,1251.5,2416.06,0.2,2428.46
5007,1251.75,2416.02,0.1,2428.46
5008,1252.0,2416.02,0.2,2428.45
5009,1252.25,2415.22,0.2,2428.45
5010,1252.5,2415.93,0.3,2428.45
5011,1252.75,2415.92,0.9,2428.45
5012,1253.0,2416.16,0.1,2428.45
5013,1253.25,2416.16,0.4,2428.44
5014,1253.5,2416.12,0.1,2428.44
5015,1253.75,2416.36,0.2,2428.44
5016,1254.0,2414.99,0.1,2428.44
5017,1254.25,2414.98,0.2,2428.43
5018,1254.5,2414.75,0.1,2428.43
5019,1254.75,2415.21,0.2,2428.43
5020,1255.0,2415.95,0.2,2428.43
5021,1255.25,2416.7,0.6,2428.42
5022,1255.5,2416.94,0.2,2428.42
5023,1255.75,2417.67,0.1,2428.42
5024,1256.0,2417.89,0.3,2428.42
5025,1256.25,2418.14,0.1,2428.42
5026,1256.5,2418.12,0.2,2428.41
5027,1256.75,2418.37,0.2,2428.41
5028,1257.0,2418.61,0.1,2428.41
5029,1257.25,2418.6,0.2,2428.41
5030,1257.5,2418.84,0.3,2428.4
5031,1257.75,2419.33,1.0,2428.4
5032,1258.0,2419.54,0.2,2428.4
5033,1258.25,2419.3,0.2,2428.4
5034,1258.5,2419.3,0.2,2428.4
5035,1258.75,2419.04,0.2,2428.39
5036,1259.0,2419.53,0.1,2428.39
5037,1259.25,2419.51,0.2,2428.39
5038,1259.5,2419.27,0.2,2428.39
5039,1259.75,2419.63,0.3,2428.38
5040,1260.0,2418.22,0.1,2428.38
5041,1260.25,2419.2,0.6,2428.38
5042,1260.5,2419.43,0.4,2428.38
5043,1260.75,2419.64,0.2,2428.37
5044,1261.0,2420.13,0.2,2428.37
5045,1261.25,2420.37,0.2,2428.37
5046,1261.5,2420.82,0.3,2428.37
5047,1261.75,2421.04,0.3,2428.37
5048,1262.0,2420.7,0.3,2428.36
5049,1262.25,2420.94,0.2,2428.36
5050,1262.5,2419.43,0.2,2428.36
5051,1262.75,2419.66,0.7,2428.36
5052,1263.0,2418.92,0.2,2428.35
5053,1263.25,2418.68,0.2,2428.35
5054,1263.5,2418.89,0.2,2428.35
5055,1263.75,2419.14,0.2,2428.35
5056,1264.0,2419.39,0.1,2428.34
5057,1264.25,2419.39,0.1,2428.34
5058,1264.5,2419.65,0.3,2428.34
5059,1264.75,2419.39,0.1,2428.34
5060,1265.0,2417.91,0.3,2428.34
5061,1265.25,2416.41,0.8,2428.33
5062,1265.5,2416.4,0.2,2428.33
5063,1265.75,2417.09,0.3,2428.33
5064,1266.0,2417.33,0.1,2428.33
5065,1266.25,2417.56,0.2,2428.32
5066,1266.5,2416.24,0.2,2428.32
5067,1266.75,2416.23,0.1,2428.32
5068,1267.0,2416.0,0.3,2428.32
5069,1267.25,2416.8,0.3,2428.31
5070,1267.5,2417.77,0.9,2428.31
5071,1267.75,2417.75,0.3,2428.31
5072,1268.0,2417.98,0.2,2428.31
5073,1268.25,2418.23,0.2,2428.31
5074,1268.5,2418.2,0.1,2428.3
5075,1268.75,2418.4,0.2,2428.3
5076,1269.0,2418.61,0.2,2428.3
5077,1269.25,2418.85,0.2,2428.3
5078,1269.5,2419.08,0.1,2428.29
5079,1269.75,2419.23,0.1,2428.29
5080,1270.0,2417.8,0.7,2428.29
5081,1270.25,2417.8,0.2,2428.29
5082,1270.5,2418.29,0.3,2428.29
5083,1270.75,2418.3,0.2,2428.28
5084,1271.0,2418.54,0.1,2428.28
5085,1271.25,2417.01,0.2,2428.28
5086,1271.5,2417.46,0.2,2428.28
5087,1271.75,2417.93,0.2,2428.27
5088,1272.0,2418.17,0.2,2428.27
5089,1272.25,2418.41,0.2,2428.27
5090,1272.5,2418.92,0.9,2428.27
5091,1272.75,2419.21,0.1,2428.26
5092,1273.0,2419.22,0.2,2428.26
5093,1273.25,2419.22,0.2,2428.26
5094,1273.5,2419.71,0.1,2428.26
5095,1273.75,2419.47,0.2,2428.26
5096,1274.0,2419.96,0.1,2428.25
5097,1274.25,2420.18,0.1,2428.25
5098,1274.5,2420.39,0.1,2428.25
5099,1274.75,2421.2,0.2,2428.25
5100,1275.0,2420.07,0.8,2428.24
5101,1275.25,2420.17,0.1,2428.24
5102,1275.5,2418.9,0.3,2428.24
5103,1275.75,2418.42,0.2,2428.24
5104,1276.0,2419.11,0.2,2428.23
5105,1276.25,2419.11,0.1,2428.23
5106,1276.5,2419.61,0.3,2428.23
5107,1276.75,2420.06,0.2,2428.23
5108,1277.0,2420.55,0.1,2428.23
5109,1277.25,2420.25,0.2,2428.22
5110,1277.5,2420.98,0.7,2428.22
5111,1277.75,2421.43,0.2,2428.22
5112,1278.0,2421.42,0.3,2428.22
5113,1278.25,2421.18,0.1,2428.21
5114,1278.5,2421.16,0.1,2428.21
5115,1278.75,2421.16,0.3,2428.21
5116,1279.0,2421.41,0.1,2428.21
5117,1279.25,2421.9,0.2,2428.2
5118,1279.5,2422.14,0.2,2428.2
5119,1279.75,2421.62,0.2,2428.2
5120,1280.0,2420.38,0.6,2428.2
5121,1280.25,2420.87,0.3,2428.2
5122,1280.5,2421.37,0.1,2428.19
5123,1280.75,2421.36,0.2,2428.19
5124,1281.0,2421.12,0.2,2428.19
5125,1281.25,2421.37,0.2,2428.19
5126,1281.5,2421.86,0.2,2428.18
5127,1281.75,2422.12,0.2,2428.18
5128,1282.0,2424.36,0.1,2428.18
5129,1282.25,2424.58,0.1,2428.18
5130,1282.5,2422.12,0.7,2428.18
5131,1282.75,2421.87,0.1,2428.17
5132,1283.0,2421.62,0.2,2428.17
5133,1283.25,2421.36,0.2,2428.17
5134,1283.5,2422.32,0.2,2428.17
5135,1283.75,2420.52,0.2,2428.16
5136,1284.0,2420.75,0.2,2428.16
5137,1284.25,2420.11,4.0,2428.16
5138,1284.5,2420.36,0.4,2428.16
5139,1284.75,2419.61,0.4,2428.15
5140,1285.0,2420.16,0.4,2428.15
5141,1285.25,2419.68,0.2,2428.15
5142,1285.5,2419.93,0.2,2428.15
5143,1285.75,2419.92,0.3,2428.15
5144,1286.0,2419.68,0.2,2428.14
5145,1286.25,2419.94,0.2,2428.14
5146,1286.5,2420.18,0.2,2428.14
5147,1286.75,2420.19,0.2,2428.14
5148,1287.0,2420.43,0.3,2428.13
5149,1287.25,2420.68,0.2,2428.13
5150,1287.5,2420.41,1.3,2428.13
5151,1287.75,2420.91,0.2,2428.13
5152,1288.0,2421.4,0.2,2428.12
5153,1288.25,2421.62,0.1,2428.12
5154,1288.5,2421.87,0.1,2428.12
5155,1288.75,2421.87,0.1,2428.12
5156,1289.0,2422.1,0.2,2428.12
5157,1289.25,2422.12,0.3,2428.11
5158,1289.5,2421.86,0.3,2428.11
5159,1289.75,2420.39,0.3,2428.11
5160,1290.0,2421.88,0.9,2428.11
5161,1290.25,2422.63,0.1,2428.1
5162,1290.5,2422.87,0.2,2428.1
5163,1290.75,2422.86,0.2,2428.1
5164,1291.0,2423.12,0.2,2428.1
5165,1291.25,2423.58,0.2,2428.1
5166,1291.5,2423.34,0.2,2428.09
5167,1291.75,2423.34,0.2,2428.09
5168,1292.0,2423.81,0.2,2428.09
5169,1292.25,2423.81,0.4,2428.09
5170,1292.5,2425.55,0.6,2428.08
5171,1292.75,2425.55,0.2,2428.08
5172,1293.0,2425.55,0.1,2428.08
5173,1293.25,2425.87,0.2,2428.08
5174,1293.5,2425.86,0.2,2428.07
5175,1293.75,2426.36,0.2,2428.07
5176,1294.0,2426.36,0.1,2428.07
5177,1294.25,2426.35,0.3,2428.07
5178,1294.5,2426.84,0.1,2428.07
5179,1294.75,2426.34,0.1,2428.06
5180,1295.0,2426.09,0.7,2428.06
5181,1295.25,2426.57,0.1,2428.06
5182,1295.5,2427.03,0.2,2428.06
5183,1295.75,2427.52,0.2,2428.05
5184,1296.0,2427.5,0.2,2428.05
5185,1296.25,2427.27,0.1,2428.05
5186,1296.5,2427.96,0.2,2428.05
5187,1296.75,2427.97,0.2,2428.04
5188,1297.0,2426.41,0.4,2428.04
5189,1297.25,2426.65,0.2,2428.04
5190,1297.5,2426.12,0.7,2428.04
5191,1297.75,2426.37,0.2,2428.04
5192,1298.0,2426.36,0.4,2428.03
5193,1298.25,2426.84,0.2,2428.03
5194,1298.5,2426.82,0.1,2428.03
5195,1298.75,2425.12,0.1,2428.03
5196,1299.0,2425.82,0.1,2428.02
5197,1299.25,2425.57,0.1,2428.02
5198,1299.5,2425.81,0.2,2428.02
5199,1299.75,2426.6,0.2,2428.02
5200,1300.0,2416.46,1.1,2428.01
5201,1300.25,2417.41,0.2,2428.01
5202,1300.5,2417.16,0.3,2428.01
5203,1300.75,2417.05,0.2,2428.01
5204,1301.0,2416.8,0.1,2428.01
5205,1301.25,2416.55,0.1,2428.0
5206,1301.5,2416.54,0.2,2428.0
5207,1301.75,2416.79,0.2,2428.0
5208,1302.0,2416.74,0.2,2428.0
5209,1302.25,2416.5,0.2,2427.99
5210,1302.5,2416.74,0.7,2427.99
5211,1302.75,2417.22,0.2,2427.99
5212,1303.0,2417.22,0.2,2427.99
5213,1303.25,2417.22,0.2,2427.99
5214,1303.5,2417.21,0.2,2427.98
5215,1303.75,2417.2,0.2,2427.98
5216,1304.0,2417.2,0.2,2427.98
5217,1304.25,2417.44,0.1,2427.98
5218,1304.5,2418.88,0.3,2427.97
5219,1304.75,2417.45,0.2,2427.97
5220,1305.0,2418.56,0.6,2427.97
5221,1305.25,2419.05,0.3,2427.97
5222,1305.5,2418.79,0.2,2427.96
5223,1305.75,2418.75,0.2,2427.96
5224,1306.0,2418.51,0.2,2427.96
5225,1306.25,2417.32,0.2,2427.96
5226,1306.5,2417.05,0.1,2427.96
5227,1306.75,2417.54,0.4,2427.95
5228,1307.0,2417.75,0.1,2427.95
5229,1307.25,2418.24,0.2,2427.95
5230,1307.5,2418.71,0.9,2427.95
5231,1307.75,2418.96,0.1,2427.94
5232,1308.0,2418.96,0.2,2427.94
5233,1308.25,2419.19,0.2,2427.94
5234,1308.5,2419.14,0.2,2427.94
5235,1308.75,2419.13,0.1,2427.93
5236,1309.0,2419.13,0.2,2427.93
5237,1309.25,2419.62,0.2,2427.93
5238,1309.5,2419.86,0.2,2427.93
5239,1309.75,2419.23,0.2,2427.93
5240,1310.0,2417.32,0.8,2427.92
5241,1310.25,2417.82,0.3,2427.92
5242,1310.5,2417.83,0.2,2427.92
5243,1310.75,2418.09,0.2,2427.92
5244,1311.0,2417.84,0.2,2427.91
5245,1311.25,2418.09,0.2,2427.91
5246,1311.5,2418.57,0.2,2427.91
5247,1311.75,2418.58,0.1,2427.91
5248,1312.0,2418.86,0.2,2427.9
5249,1312.25,2419.32,0.1,2427.9
5250,1312.5,2419.55,1.0,2427.9
5251,1312.75,2420.29,0.3,2427.9
5252,1313.0,2420.26,0.3,2427.9
5253,1313.25,2420.26,0.1,2427.89
5254,1313.5,2420.26,0.2,2427.89
5255,1313.75,2418.77,0.2,2427.89
5256,1314.0,2418.51,0.4,2427.89
5257,1314.25,2418.97,0.2,2427.88
5258,1314.5,2419.46,0.1,2427.88
5259,1314.75,2417.83,0.2,2427.88
5260,1315.0,2415.04,1.2,2427.88
5261,1315.25,2415.29,0.4,2427.88
5262,1315.5,2415.53,0.3,2427.87
5263,1315.75,2415.28,0.1,2427.87
5264,1316.0,2414.92,0.2,2427.87
5265,1316.25,2415.16,0.2,2427.87
5266,1316.5,2415.15,0.1,2427.86
5267,1316.75,2415.86,0.2,2427.86
5268,1317.0,2415.85,0.1,2427.86
5269,1317.25,2414.57,0.8,2427.86
5270,1317.5,2414.8,0.4,2427.85
5271,1317.75,2414.79,0.2,2427.85
5272,1318.0,2414.3,0.2,2427.85
5273,1318.25,2414.06,0.1,2427.85
5274,1318.5,2414.26,0.1,2427.85
5275,1318.75,2414.5,0.3,2427.84
5276,1319.0,2414.49,0.2,2427.84
5277,1319.25,2413.8,0.2,2427.84
5278,1319.5,2414.35,0.2,2427.84
5279,1319.75,2413.35,0.8,2427.83
5280,1320.0,2413.33,0.2,2427.83
5281,1320.25,2413.58,0.4,2427.83
5282,1320.5,2414.05,0.1,2427.83
5283,1320.75,2414.37,0.1,2427.82
5284,1321.0,2414.36,0.2,2427.82
5285,1321.25,2414.61,0.1,2427.82
5286,1321.5,2414.12,0.6,2427.82
5287,1321.75,2413.87,0.1,2427.82
5288,1322.0,2414.61,0.3,2427.81
5289,1322.25,2417.28,0.6,2427.81
5290,1322.5,2417.28,0.2,2427.81
5291,1322.75,2417.51,0.2,2427.81
5292,1323.0,2417.97,0.1,2427.8
5293,1323.25,2416.3,0.2,2427.8
5294,1323.5,2416.53,0.2,2427.8
5295,1323.75,2416.27,0.2,2427.8
5296,1324.0,2416.27,0.5,2427.8
5297,1324.25,2416.87,0.2,2427.79
5298,1324.5,2417.35,0.2,2427.79
5299,1324.75,2411.43,1.2,2427.79
5300,1325.0,2411.67,0.2,2427.79
5301,1325.25,2411.91,0.4,2427.78
5302,1325.5,2412.15,0.2,2427.78
5303,1325.75,2412.39,0.2,2427.78
5304,1326.0,2412.6,0.3,2427.78
5305,1326.25,2412.84,0.1,2427.77
5306,1326.5,2411.39,0.3,2427.77
5307,1326.75,2411.01,0.2,2427.77
5308,1327.0,2411.0,0.2,2427.77
5309,1327.25,2410.2,0.6,2427.77
5310,1327.5,2410.2,0.2,2427.76
5311,1327.75,2410.45,0.2,2427.76
5312,1328.0,2410.19,0.2,2427.76
5313,1328.25,2410.68,0.2,2427.76
5314,1328.5,2410.89,0.2,2427.75
5315,1328.75,2411.13,0.2,2427.75
5316,1329.0,2411.38,0.2,2427.75
5317,1329.25,2411.38,0.2,2427.75
5318,1329.5,2411.7,0.2,2427.74
5319,1329.75,2414.55,0.7,2427.74
5320,1330.0,2415.22,0.2,2427.74
5321,1330.25,2415.22,0.2,2427.74
5322,1330.5,2413.42,0.1,2427.74
5323,1330.75,2413.65,0.2,2427.73
5324,1331.0,2413.39,0.1,2427.73
5325,1331.25,2413.63,0.2,2427.73
5326,1331.5,2413.83,0.2,2427.73
5327,1331.75,2414.18,0.2,2427.72
5328,1332.0,2413.92,0.1,2427.72
5329,1332.25,2415.36,0.7,2427.72
5330,1332.5,2415.58,0.2,2427.72
5331,1332.75,2415.82,0.3,2427.71
5332,1333.0,2416.06,0.2,2427.71
5333,1333.25,2416.05,0.2,2427.71
5334,1333.5,2416.05,0.1,2427.71
5335,1333.75,2416.29,0.2,2427.71
5336,1334.0,2416.05,0.4,2427.7
5337,1334.25,2416.79,0.2,2427.7
5338,1334.5,2416.37,0.2,2427.7
5339,1334.75,2416.87,1.0,2427.7
5340,1335.0,2416.64,0.3,2427.69
5341,1335.25,2417.34,0.2,2427.69
5342,1335.5,2417.59,0.2,2427.69
5343,1335.75,2417.84,0.2,2427.69
5344,1336.0,2418.08,0.1,2427.69
5345,1336.25,2417.59,0.2,2427.68
5346,1336.5,2417.82,0.1,2427.68
5347,1336.75,2418.06,0.2,2427.68
5348,1337.0,2418.77,0.2,2427.68
5349,1337.25,2419.99,1.0,2427.67
5350,1337.5,2419.98,0.2,2427.67
5351,1337.75,2420.21,0.3,2427.67
5352,1338.0,2420.22,0.1,2427.67
5353,1338.25,2420.21,0.2,2427.66
5354,1338.5,2419.96,0.2,2427.66
5355,1338.75,2419.95,0.2,2427.66
5356,1339.0,2419.94,0.1,2427.66
5357,1339.25,2420.41,0.2,2427.66
5358,1339.5,2421.11,0.3,2427.65
5359,1339.75,2420.29,0.7,2427.65
5360,1340.0,2420.53,0.3,2427.65
5361,1340.25,2420.77,0.2,2427.65
5362,1340.5,2419.7,0.2,2427.64
5363,1340.75,2419.93,0.1,2427.64
5364,1341.0,2420.14,0.3,2427.64
5365,1341.25,2420.14,0.1,2427.64
5366,1341.5,2420.38,0.2,2427.63
5367,1341.75,2419.03,0.2,2427.63
5368,1342.0,2419.26,0.2,2427.63
5369,1342.25,2420.72,0.6,2427.63
5370,1342.5,2420.96,0.2,2427.63
5371,1342.75,2421.44,0.2,2427.62
5372,1343.0,2420.95,0.2,2427.62
5373,1343.25,2421.9,0.2,2427.62
5374,1343.5,2421.41,0.1,2427.62
5375,1343.75,2421.65,0.1,2427.61
5376,1344.0,2421.89,0.2,2427.61
5377,1344.25,2422.13,0.1,2427.61
5378,1344.5,2421.23,0.2,2427.61
5379,1344.75,2421.48,0.7,2427.6
5380,1345.0,2422.43,0.3,2427.6
5381,1345.25,2422.91,0.1,2427.6
5382,1345.5,2422.65,0.2,2427.6
5383,1345.75,2422.41,0.1,2427.6
5384,1346.0,2422.4,0.4,2427.59
5385,1346.25,2422.75,0.1,2427.59
5386,1346.5,2422.5,0.2,2427.59
5387,1346.75,2422.5,0.1,2427.59
5388,1347.0,2422.48,0.2,2427.58
5389,1347.25,2422.72,0.8,2427.58
5390,1347.5,2422.97,0.3,2427.58
5391,1347.75,2423.38,0.3,2427.58
5392,1348.0,2423.62,0.3,2427.58
5393,1348.25,2423.61,0.1,2427.57
5394,1348.5,2424.1,0.2,2427.57
5395,1348.75,2424.36,0.1,2427.57
5396,1349.0,2423.86,0.3,2427.57
5397,1349.25,2423.44,0.2,2427.56
5398,1349.5,2420.4,0.4,2427.56
5399,1349.75,2419.99,0.7,2427.56
5400,1350.0,2420.22,0.2,2427.56
5401,1350.25,2419.98,0.4,2427.55
5402,1350.5,2419.74,0.2,2427.55
5403,1350.75,2419.98,0.2,2427.55
5404,1351.0,2420.42,0.1,2427.55
5405,1351.25,2418.89,0.1,2427.55
5406,1351.5,2419.13,0.2,2427.54
5407,1351.75,2419.38,0.2,2427.54
5408,1352.0,2419.63,0.1,2427.54
5409,1352.25,2419.1,0.6,2427.54
5410,1352.5,2419.59,0.2,2427.53
5411,1352.75,2419.84,0.3,2427.53
5412,1353.0,2420.09,0.2,2427.53
5413,1353.25,2418.91,0.1,2427.53
5414,1353.5,2418.91,0.2,2427.52
5415,1353.75,2419.16,0.2,2427.52
5416,1354.0,2418.91,0.3,2427.52
5417,1354.25,2419.41,0.2,2427.52
5418,1354.5,2418.77,0.2,2427.52
5419,1354.75,2418.57,0.7,2427.51
5420,1355.0,2418.33,0.2,2427.51
5421,1355.25,2418.32,0.2,2427.51
5422,1355.5,2418.25,0.2,2427.51
5423,1355.75,2418.49,0.2,2427.5
5424,1356.0,2418.98,0.2,2427.5
5425,1356.25,2418.95,0.2,2427.5
5426,1356.5,2419.18,0.1,2427.5
5427,1356.75,2418.62,0.2,2427.5
5428,1357.0,2418.61,0.1,2427.49
5429,1357.25,2418.85,0.7,2427.49
5430,1357.5,2419.09,0.2,2427.49
5431,1357.75,2419.54,0.2,2427.49
5432,1358.0,2419.78,0.2,2427.48
5433,1358.25,2420.26,0.3,2427.48
5434,1358.5,2418.66,0.1,2427.48
5435,1358.75,2419.11,0.2,2427.48
5436,1359.0,2419.35,0.2,2427.47
5437,1359.25,2432.0,4.8,2427.47
5438,1359.5,2432.97,0.2,2427.47
5439,1359.75,2421.15,0.7,2427.47
5440,1360.0,2421.36,0.6,2427.47
5441,1360.25,2421.35,0.2,2427.46
5442,1360.5,2421.34,0.2,2427.46
5443,1360.75,2421.58,0.1,2427.46
5444,1361.0,2421.57,0.2,2427.46
5445,1361.25,2420.04,0.2,2427.45
5446,1361.5,2420.28,0.4,2427.45
5447,1361.75,2420.49,0.1,2427.45
5448,1362.0,2420.73,0.2,2427.45
5449,1362.25,2421.22,0.9,2427.44
5450,1362.5,2421.46,0.4,2427.44
5451,1362.75,2421.94,0.2,2427.44
5452,1363.0,2421.68,0.1,2427.44
5453,1363.25,2421.44,0.2,2427.44
5454,1363.5,2421.68,0.1,2427.43
5455,1363.75,2421.69,0.2,2427.43
5456,1364.0,2422.17,0.2,2427.43
5457,1364.25,2421.55,0.2,2427.43
5458,1364.5,2419.46,0.3,2427.42
5459,1364.75,2413.22,0.7,2427.42
5460,1365.0,2412.97,0.3,2427.42
5461,1365.25,2413.22,0.2,2427.42
5462,1365.5,2412.98,0.1,2427.41
5463,1365.75,2413.23,0.2,2427.41
5464,1366.0,2413.06,0.2,2427.41
5465,1366.25,2413.56,0.2,2427.41
5466,1366.5,2412.12,0.4,2427.41
5467,1366.75,2412.37,0.1,2427.4
5468,1367.0,2412.39,0.2,2427.4
5469,1367.25,2410.96,1.0,2427.4
5470,1367.5,2411.32,0.3,2427.4
5471,1367.75,2411.32,0.2,2427.39
5472,1368.0,2411.33,0.1,2427.39
5473,1368.25,2411.57,0.4,2427.39
5474,1368.5,2411.79,0.2,2427.39
5475,1368.75,2411.8,0.1,2427.39
5476,1369.0,2412.05,0.2,2427.38
5477,1369.25,2412.05,0.2,2427.38
5478,1369.5,2410.87,0.2,2427.38
5479,1369.75,2410.91,0.6,2427.38
5480,1370.0,2411.15,0.2,2427.37
5481,1370.25,2411.16,0.4,2427.37
5482,1370.5,2411.15,0.4,2427.37
5483,1370.75,2412.11,0.2,2427.37
5484,1371.0,2411.84,0.4,2427.36
5485,1371.25,2411.84,0.4,2427.36
5486,1371.5,2411.83,0.3,2427.36
5487,1371.75,2412.33,0.5,2427.36
5488,1372.0,2412.57,0.4,2427.36
5489,1372.25,2414.29,0.9,2427.35
5490,1372.5,2414.28,0.4,2427.35
5491,1372.75,2414.27,0.2,2427.35
5492,1373.0,2414.26,0.3,2427.35
5493,1373.25,2414.75,0.2,2427.34
5494,1373.5,2414.74,0.1,2427.34
5495,1373.75,2415.23,0.3,2427.34
5496,1374.0,2414.97,2.2,2427.34
5497,1374.25,2414.93,0.3,2427.33
5498,1374.5,2414.92,0.1,2427.33
5499,1374.75,2417.38,1.5,2427.33
5500,1375.0,2417.62,0.3,2427.33
5501,1375.25,2418.35,0.5,2427.33
5502,1375.5,2417.85,0.6,2427.32
5503,1375.75,2417.84,0.3,2427.32
5504,1376.0,2418.54,0.4,2427.32
5505,1376.25,2418.78,0.1,2427.32
5506,1376.5,2419.02,0.2,2427.31
5507,1376.75,2419.01,0.2,2427.31
5508,1377.0,2419.24,0.5,2427.31
5509,1377.25,2418.98,0.7,2427.31
5510,1377.5,2419.23,0.4,2427.3
5511,1377.75,2419.22,0.3,2427.3
5512,1378.0,2419.68,0.3,2427.3
5513,1378.25,2420.41,0.4,2427.3
5514,1378.5,2420.65,0.2,2427.3
5515,1378.75,2420.39,0.2,2427.29
5516,1379.0,2418.73,0.2,2427.29
5517,1379.25,2417.59,0.4,2427.29
5518,1379.5,2417.53,0.3,2427.29
5519,1379.75,2417.78,1.6,2427.28
5520,1380.0,2417.78,0.4,2427.28
5521,1380.25,2417.77,0.3,2427.28
5522,1380.5,2417.77,0.4,2427.28
5523,1380.75,2417.51,0.4,2427.28
5524,1381.0,2417.51,0.3,2427.27
5525,1381.25,2417.49,0.2,2427.27
5526,1381.5,2417.24,0.1,2427.27
5527,1381.75,2417.48,0.2,2427.27
5528,1382.0,2417.47,0.2,2427.26
5529,1382.25,2418.2,0.9,2427.26
5530,1382.5,2418.44,0.3,2427.26
5531,1382.75,2418.92,0.2,2427.26
5532,1383.0,2418.93,0.2,2427.25
5533,1383.25,2419.34,0.2,2427.25
5534,1383.5,2419.34,0.2,2427.25
5535,1383.75,2419.58,0.6,2427.25
5536,1384.0,2419.57,0.2,2427.25
5537,1384.25,2418.89,0.1,2427.24
5538,1384.5,2418.87,0.3,2427.24
5539,1384.75,2418.87,1.3,2427.24
5540,1385.0,2419.13,0.3,2427.24
5541,1385.25,2418.88,0.2,2427.23
5542,1385.5,2419.58,0.3,2427.23
5543,1385.75,2419.59,0.3,2427.23
5544,1386.0,2419.6,0.1,2427.23
5545,1386.25,2419.36,0.1,2427.22
5546,1386.5,2417.96,0.2,2427.22
5547,1386.75,2417.98,0.2,2427.22
5548,1387.0,2417.79,0.2,2427.22
5549,1387.25,2418.76,0.7,2427.22
5550,1387.5,2417.25,0.4,2427.21
5551,1387.75,2416.75,0.2,2427.21
5552,1388.0,2417.21,0.3,2427.21
5553,1388.25,2417.45,0.2,2427.21
5554,1388.5,2417.7,0.3,2427.2
5555,1388.75,2417.93,0.2,2427.2
5556,1389.0,2418.17,0.2,2427.2
5557,1389.25,2417.75,0.4,2427.2
5558,1389.5,2417.03,0.9,2427.19
5559,1389.75,2418.18,0.7,2427.19
5560,1390.0,2418.17,0.4,2427.19
5561,1390.25,2418.41,0.3,2427.19
5562,1390.5,2418.15,0.2,2427.19
5563,1390.75,2418.64,0.1,2427.18
5564,1391.0,2418.88,0.2,2427.18
5565,1391.25,2419.12,0.3,2427.18
5566,1391.5,2419.11,0.1,2427.18
5567,1391.75,2419.34,0.2,2427.17
5568,1392.0,2417.37,0.9,2427.17
5569,1392.25,2417.36,0.2,2427.17
5570,1392.5,2417.84,0.4,2427.17
5571,1392.75,2418.08,0.1,2427.17
5572,1393.0,2418.31,0.2,2427.16
5573,1393.25,2418.31,0.2,2427.16
5574,1393.5,2418.27,0.1,2427.16
5575,1393.75,2417.77,0.2,2427.16
5576,1394.0,2417.93,0.2,2427.15
5577,1394.25,2415.91,0.2,2427.15
5578,1394.5,2416.63,0.9,2427.15
5579,1394.75,2417.36,0.4,2427.15
5580,1395.0,2417.6,0.2,2427.14
5581,1395.25,2417.35,0.2,2427.14
5582,1395.5,2417.1,0.2,2427.14
5583,1395.75,2417.34,0.2,2427.14
5584,1396.0,2417.55,0.1,2427.14
5585,1396.25,2417.78,0.2,2427.13
5586,1396.5,2417.54,0.2,2427.13
5587,1396.75,2418.02,0.2,2427.13
5588,1397.0,2415.77,0.8,2427.13
5589,1397.25,2416.01,0.2,2427.12
5590,1397.5,2416.25,0.2,2427.12
5591,1397.75,2416.46,0.2,2427.12
5592,1398.0,2416.7,0.1,2427.12
5593,1398.25,2416.69,0.2,2427.11
5594,1398.5,2416.93,0.2,2427.11
5595,1398.75,2416.92,0.2,2427.11
5596,1399.0,2417.16,0.2,2427.11
5597,1399.25,2415.85,0.2,2427.11
5598,1399.5,2414.57,0.8,2427.1
5599,1399.75,2414.57,0.2,2427.1
5600,1400.0,2415.51,0.2,2427.1
5601,1400.25,2415.75,0.1,2427.1
5602,1400.5,2415.75,0.2,2427.09
5603,1400.75,2415.74,0.2,2427.09
5604,1401.0,2415.73,0.1,2427.09
5605,1401.25,2415.72,0.3,2427.09
5606,1401.5,2416.59,0.2,2427.09
5607,1401.75,2416.59,0.1,2427.08
5608,1402.0,2416.59,0.8,2427.08
5609,1402.25,2417.07,0.2,2427.08
5610,1402.5,2417.29,0.2,2427.08
5611,1402.75,2416.59,0.3,2427.07
5612,1403.0,2416.35,0.2,2427.07
5613,1403.25,2416.1,0.2,2427.07
5614,1403.5,2416.34,0.2,2427.07
5615,1403.75,2416.59,0.2,2427.06
5616,1404.0,2416.35,0.3,2427.06
5617,1404.25,2415.93,0.2,2427.06
5618,1404.5,2416.43,0.7,2427.06
5619,1404.75,2416.43,0.3,2427.06
5620,1405.0,2416.2,0.3,2427.05
5621,1405.25,2416.2,0.2,2427.05
5622,1405.5,2416.44,0.2,2427.05
5623,1405.75,2416.45,0.1,2427.05
5624,1406.0,2416.94,0.2,2427.04
5625,1406.25,2417.65,0.1,2427.04
5626,1406.5,2417.91,0.3,2427.04
5627,1406.75,2417.91,0.1,2427.04
5628,1407.0,2417.09,0.6,2427.03
5629,1407.25,2416.85,0.2,2427.03
5630,1407.5,2416.85,0.2,2427.03
5631,1407.75,2417.11,0.2,2427.03
5632,1408.0,2417.33,0.2,2427.03
5633,1408.25,2417.8,0.2,2427.02
5634,1408.5,2418.05,0.2,2427.02
5635,1408.75,2418.3,0.2,2427.02
5636,1409.0,2418.91,0.2,2427.02
5637,1409.25,2416.92,0.1,2427.01
5638,1409.5,2417.41,1.1,2427.01
5639,1409.75,2418.13,0.4,2427.01
5640,1410.0,2418.59,0.5,2427.01
5641,1410.25,2418.59,0.3,2427.0
5642,1410.5,2419.07,0.1,2427.0
5643,1410.75,2419.55,0.2,2427.0
5644,1411.0,2419.55,0.2,2427.0
5645,1411.25,2419.54,0.1,2427.0
5646,1411.5,2419.52,0.3,2426.99
5647,1411.75,2419.27,0.2,2426.99
5648,1412.0,2420.5,1.6,2426.99
5649,1412.25,2420.97,0.3,2426.99
5650,1412.5,2420.72,0.2,2426.98
5651,1412.75,2420.71,0.2,2426.98
5652,1413.0,2421.41,0.2,2426.98
5653,1413.25,2421.41,0.2,2426.98
5654,1413.5,2421.39,0.2,2426.98
5655,1413.75,2421.64,0.5,2426.97
5656,1414.0,2421.63,0.2,2426.97
5657,1414.25,2420.85,0.3,2426.97
5658,1414.5,2421.82,1.0,2426.97
5659,1414.75,2420.22,0.2,2426.96
5660,1415.0,2420.93,0.2,2426.96
5661,1415.25,2421.42,0.2,2426.96
5662,1415.5,2421.66,0.2,2426.96
5663,1415.75,2421.4,0.2,2426.95
5664,1416.0,2421.61,0.1,2426.95
5665,1416.25,2422.1,0.3,2426.95
5666,1416.5,2422.14,0.3,2426.95
5667,1416.75,2422.14,0.3,2426.95
5668,1417.0,2419.42,0.8,2426.94
5669,1417.25,2419.91,0.2,2426.94
5670,1417.5,2419.9,0.4,2426.94
5671,1417.75,2419.91,0.1,2426.94
5672,1418.0,2420.17,0.3,2426.93
5673,1418.25,2420.9,0.2,2426.93
5674,1418.5,2421.12,0.3,2426.93
5675,1418.75,2420.65,0.3,2426.93
5676,1419.0,2420.91,0.2,2426.92
5677,1419.25,2419.93,0.2,2426.92
5678,1419.5,2420.41,0.9,2426.92
5679,1419.75,2421.13,0.3,2426.92
5680,1420.0,2421.38,0.3,2426.92
5681,1420.25,2421.63,0.1,2426.91
5682,1420.5,2421.88,0.1,2426.91
5683,1420.75,2421.64,0.2,2426.91
5684,1421.0,2421.65,0.2,2426.91
5685,1421.25,2422.16,0.2,2426.9
5686,1421.5,2422.38,0.1,2426.9
5687,1421.75,2422.63,0.2,2426.9
5688,1422.0,2423.37,1.3,2426.9
5689,1422.25,2421.66,0.3,2426.89
5690,1422.5,2422.15,0.3,2426.89
5691,1422.75,2422.41,0.3,2426.89
5692,1423.0,2422.17,0.2,2426.89
5693,1423.25,2422.42,0.1,2426.89
5694,1423.5,2422.18,0.2,2426.88
5695,1423.75,2422.14,0.2,2426.88
5696,1424.0,2422.16,0.2,2426.88
5697,1424.25,2421.25,0.2,2426.88
5698,1424.5,2421.47,0.7,2426.87
5699,1424.75,2421.96,0.3,2426.87
5700,1425.0,2421.96,0.4,2426.87
5701,1425.25,2421.47,0.1,2426.87
5702,1425.5,2421.7,0.2,2426.87
5703,1425.75,2421.94,0.1,2426.86
5704,1426.0,2422.39,0.2,2426.86
5705,1426.25,2422.63,0.2,2426.86
5706,1426.5,2422.62,0.1,2426.86
5707,1426.75,2422.83,0.2,2426.85
5708,1427.0,2423.08,0.9,2426.85
5709,1427.25,2423.31,0.2,2426.85
5710,1427.5,2421.79,0.1,2426.85
5711,1427.75,2422.02,0.2,2426.84
5712,1428.0,2422.52,0.1,2426.84
5713,1428.25,2422.27,0.2,2426.84
5714,1428.5,2422.51,0.2,2426.84
5715,1428.75,2422.5,0.3,2426.84
5716,1429.0,2423.2,0.1,2426.83
5717,1429.25,2422.21,0.3,2426.83
5718,1429.5,2417.78,0.9,2426.83
5719,1429.75,2417.77,0.2,2426.83
5720,1430.0,2417.77,0.3,2426.82
5721,1430.25,2418.0,0.2,2426.82
5722,1430.5,2418.0,0.2,2426.82
5723,1430.75,2416.33,0.2,2426.82
5724,1431.0,2416.32,0.2,2426.81
5725,1431.25,2416.8,0.2,2426.81
5726,1431.5,2418.46,0.2,2426.81
5727,1431.75,2418.45,0.2,2426.81
5728,1432.0,2418.2,0.7,2426.81
5729,1432.25,2418.19,0.2,2426.8
5730,1432.5,2418.68,0.2,2426.8
5731,1432.75,2419.14,0.2,2426.8
5732,1433.0,2419.58,0.1,2426.8
5733,1433.25,2419.54,0.2,2426.79
5734,1433.5,2419.04,0.1,2426.79
5735,1433.75,2419.53,0.2,2426.79
5736,1434.0,2419.77,0.1,2426.79
5737,1434.25,2418.86,0.2,2426.79
5738,1434.5,2419.12,0.9,2426.78
5739,1434.75,2419.57,0.2,2426.78
5740,1435.0,2419.81,0.1,2426.78
5741,1435.25,2419.56,0.2,2426.78
5742,1435.5,2419.79,0.2,2426.77
5743,1435.75,2419.79,0.2,2426.77
5744,1436.0,2420.03,0.2,2426.77
5745,1436.25,2420.27,0.2,2426.77
5746,1436.5,2420.25,0.2,2426.76
5747,1436.75,2418.82,0.2,2426.76
5748,1437.0,2419.56,0.6,2426.76
5749,1437.25,2419.54,0.2,2426.76
5750,1437.5,2419.54,0.1,2426.76
5751,1437.75,2420.03,0.2,2426.75
5752,1438.0,2420.27,0.2,2426.75
5753,1438.25,2420.25,0.1,2426.75
5754,1438.5,2420.0,0.3,2426.75
5755,1438.75,2420.5,0.2,2426.74
5756,1439.0,2420.5,0.2,2426.74
5757,1439.25,2420.71,0.3,2426.74
5758,1439.5,2421.17,0.6,2426.74
5759,1439.75,2421.63,0.2,2426.73
5760,1440.0,2421.13,0.4,2426.73
5761,1440.25,2421.52,0.1,2426.73
5762,1440.5,2422.0,0.1,2426.73
5763,1440.75,2420.57,0.2,2426.73
5764,1441.0,2421.03,0.2,2426.72
5765,1441.25,2421.27,0.2,2426.72
5766,1441.5,2421.51,0.1,2426.72
5767,1441.75,2421.86,0.1,2426.72
5768,1442.0,2422.1,0.7,2426.71
5769,1442.25,2422.34,0.1,2426.71
5770,1442.5,2422.09,0.2,2426.71
5771,1442.75,2422.32,0.4,2426.71
5772,1443.0,2422.57,0.1,2426.7
5773,1443.25,2423.02,0.1,2426.7
5774,1443.5,2423.26,0.1,2426.7
5775,1443.75,2423.96,0.4,2426.7
5776,1444.0,2423.47,0.2,2426.7
5777,1444.25,2421.76,0.2,2426.69
5778,1444.5,2421.75,1.4,2426.69
5779,1444.75,2422.0,0.1,2426.69
5780,1445.0,2422.23,0.3,2426.69
5781,1445.25,2422.45,0.2,2426.68
5782,1445.5,2422.44,0.2,2426.68
5783,1445.75,2422.44,0.2,2426.68
5784,1446.0,2422.18,0.2,2426.68
5785,1446.25,2422.88,0.2,2426.68
5786,1446.5,2421.58,0.2,2426.67
5787,1446.75,2421.82,0.4,2426.67
5788,1447.0,2422.3,0.8,2426.67
5789,1447.25,2422.29,0.2,2426.67
5790,1447.5,2422.52,0.2,2426.66
5791,1447.75,2422.77,0.2,2426.66
5792,1448.0,2422.73,0.2,2426.66
5793,1448.25,2422.97,0.0,2426.66
5794,1448.5,2422.71,0.2,2426.65
5795,1448.75,2423.2,0.1,2426.65
5796,1449.0,2421.96,0.2,2426.65
5797,1449.25,2421.72,0.2,2426.65
5798,1449.5,2422.2,0.6,2426.65
5799,1449.75,2422.77,0.3,2426.64
5800,1450.0,2422.77,0.3,2426.64
5801,1450.25,2422.78,0.2,2426.64
5802,1450.5,2422.56,0.1,2426.64
5803,1450.75,2422.8,0.2,2426.63
5804,1451.0,2423.05,0.1,2426.63
5805,1451.25,2422.82,0.2,2426.63
5806,1451.5,2423.07,0.2,2426.63
5807,1451.75,2423.32,0.2,2426.62
5808,1452.0,2421.63,0.7,2426.62
5809,1452.25,2422.49,0.2,2426.62
5810,1452.5,2422.5,0.2,2426.62
5811,1452.75,2422.99,0.2,2426.62
5812,1453.0,2423.24,0.2,2426.61
5813,1453.25,2423.49,0.2,2426.61
5814,1453.5,2423.48,0.1,2426.61
5815,1453.75,2423.75,0.4,2426.61
5816,1454.0,2424.05,0.3,2426.6
5817,1454.25,2422.61,0.3,2426.6
5818,1454.5,2422.61,0.7,2426.6
5819,1454.75,2421.19,0.2,2426.6
5820,1455.0,2419.96,0.1,2426.59
5821,1455.25,2420.02,0.2,2426.59
5822,1455.5,2420.83,0.1,2426.59
5823,1455.75,2420.83,0.2,2426.59
5824,1456.0,2421.08,0.2,2426.59
5825,1456.25,2419.65,0.1,2426.58
5826,1456.5,2420.03,0.2,2426.58
5827,1456.75,2420.27,0.1,2426.58
5828,1457.0,2422.34,1.1,2426.58
5829,1457.25,2422.07,0.3,2426.57
5830,1457.5,2422.55,0.3,2426.57
5831,1457.75,2422.79,0.4,2426.57
5832,1458.0,2422.78,0.2,2426.57
5833,1458.25,2422.77,0.2,2426.57
5834,1458.5,2422.77,0.4,2426.56
5835,1458.75,2423.21,0.1,2426.56
5836,1459.0,2423.7,0.2,2426.56
5837,1459.25,2423.66,0.1,2426.56
5838,1459.5,2423.66,0.6,2426.55
5839,1459.75,2423.9,0.2,2426.55
5840,1460.0,2424.14,0.2,2426.55
5841,1460.25,2424.13,0.1,2426.55
5842,1460.5,2424.38,0.2,2426.54
5843,1460.75,2424.61,0.4,2426.54
5844,1461.0,2424.61,0.2,2426.54
5845,1461.25,2425.62,0.2,2426.54
5846,1461.5,2425.61,0.2,2426.54
5847,1461.75,2425.6,0.1,2426.53
5848,1462.0,2423.66,0.7,2426.53
5849,1462.25,2424.14,0.2,2426.53
5850,1462.5,2423.89,0.2,2426.53
5851,1462.75,2424.13,0.2,2426.52
5852,1463.0,2424.12,0.1,2426.52
5853,1463.25,2423.87,0.2,2426.52
5854,1463.5,2424.32,0.2,2426.52
5855,1463.75,2424.08,0.2,2426.51
5856,1464.0,2421.16,0.2,2426.51
5857,1464.25,2421.64,0.3,2426.51
5858,1464.5,2420.79,0.7,2426.51
5859,1464.75,2421.29,0.5,2426.51
5860,1465.0,2421.71,0.4,2426.5
5861,1465.25,2421.48,0.2,2426.5
5862,1465.5,2421.25,0.3,2426.5
5863,1465.75,2421.24,0.2,2426.5
5864,1466.0,2421.73,0.2,2426.49
5865,1466.25,2420.77,0.1,2426.49
5866,1466.5,2420.77,0.2,2426.49
5867,1466.75,2420.99,0.1,2426.49
5868,1467.0,2421.53,0.9,2426.49
5869,1467.25,2421.54,0.3,2426.48
5870,1467.5,2421.53,0.2,2426.48
5871,1467.75,2421.78,0.1,2426.48
5872,1468.0,2421.78,0.2,2426.48
5873,1468.25,2422.28,0.1,2426.47
5874,1468.5,2422.53,0.2,2426.47
5875,1468.75,2422.3,0.2,2426.47
5876,1469.0,2423.1,0.3,2426.47
5877,1469.25,2422.85,0.1,2426.46
5878,1469.5,2422.85,1.2,2426.46
5879,1469.75,2422.84,0.4,2426.46
5880,1470.0,2422.84,0.1,2426.46
5881,1470.25,2423.28,0.2,2426.46
5882,1470.5,2423.53,0.1,2426.45
5883,1470.75,2422.11,0.1,2426.45
5884,1471.0,2422.51,0.4,2426.45
5885,1471.25,2423.47,0.3,2426.45
5886,1471.5,2423.71,0.2,2426.44
5887,1471.75,2422.99,0.3,2426.44
5888,1472.0,2422.3,0.7,2426.44
5889,1472.25,2422.29,0.2,2426.44
5890,1472.5,2422.06,0.2,2426.43
5891,1472.75,2422.35,0.2,2426.43
5892,1473.0,2422.59,0.2,2426.43
5893,1473.25,2422.32,0.2,2426.43
5894,1473.5,2422.32,0.1,2426.43
5895,1473.75,2422.82,0.6,2426.42
5896,1474.0,2422.08,0.3,2426.42
5897,1474.25,2422.3,0.2,2426.42
5898,1474.5,2418.98,0.9,2426.42
5899,1474.75,2419.46,0.1,2426.41
5900,1475.0,2419.45,0.2,2426.41
5901,1475.25,2419.94,0.4,2426.41
5902,1475.5,2420.39,0.1,2426.41
5903,1475.75,2420.59,0.2,2426.4
5904,1476.0,2420.59,0.1,2426.4
5905,1476.25,2418.11,0.2,2426.4
5906,1476.5,2418.34,0.1,2426.4
5907,1476.75,2418.82,0.2,2426.4
5908,1477.0,2417.12,0.7,2426.39
5909,1477.25,2417.59,0.2,2426.39
5910,1477.5,2417.1,0.2,2426.39
5911,1477.75,2417.58,0.2,2426.39
5912,1478.0,2418.03,0.1,2426.38
5913,1478.25,2417.06,0.1,2426.38
5914,1478.5,2415.46,0.2,2426.38
5915,1478.75,2415.71,0.3,2426.38
5916,1479.0,2414.6,0.1,2426.38
5917,1479.25,2414.84,0.3,2426.37
5918,1479.5,2414.84,0.6,2426.37
5919,1479.75,2415.08,0.4,2426.37
5920,1480.0,2415.56,0.3,2426.37
5921,1480.25,2415.35,0.1,2426.36
5922,1480.5,2415.61,0.1,2426.36
5923,1480.75,2416.07,0.3,2426.36
5924,1481.0,2416.07,0.1,2426.36
5925,1481.25,2416.57,0.1,2426.35
5926,1481.5,2416.32,0.2,2426.35
5927,1481.75,2416.3,0.1,2426.35
5928,1482.0,2416.54,0.7,2426.35
5929,1482.25,2417.04,0.2,2426.35
5930,1482.5,2415.83,0.3,2426.34
5931,1482.75,2415.83,0.2,2426.34
5932,1483.0,2415.84,0.2,2426.34
5933,1483.25,2416.09,0.2,2426.34
5934,1483.5,2416.08,0.2,2426.33
5935,1483.75,2416.09,0.2,2426.33
5936,1484.0,2415.18,0.2,2426.33
5937,1484.25,2415.2,0.2,2426.33
5938,1484.5,2415.23,0.9,2426.32
5939,1484.75,2415.24,0.4,2426.32
5940,1485.0,2415.49,0.2,2426.32
5941,1485.25,2415.74,0.2,2426.32
5942,1485.5,2415.99,0.1,2426.32
5943,1485.75,2416.21,0.2,2426.31
5944,1486.0,2415.73,0.2,2426.31
5945,1486.25,2416.22,0.2,2426.31
5946,1486.5,2416.23,0.2,2426.31
5947,1486.75,2417.55,0.5,2426.3
5948,1487.0,2414.93,0.4,2426.3
5949,1487.25,2415.18,0.2,2426.3
5950,1487.5,2415.18,0.3,2426.3
5951,1487.75,2414.95,0.4,2426.29
5952,1488.0,2415.03,0.2,2426.29
5953,1488.25,2415.52,0.1,2426.29
5954,1488.5,2416.0,0.2,2426.29
5955,1488.75,2416.0,0.2,2426.29
5956,1489.0,2415.76,0.2,2426.28
5957,1489.25,2414.62,0.9,2426.28
5958,1489.5,2415.11,0.2,2426.28
5959,1489.75,2415.1,0.4,2426.28
5960,1490.0,2415.09,0.2,2426.27
5961,1490.25,2413.52,0.1,2426.27
5962,1490.5,2413.52,0.2,2426.27
5963,1490.75,2413.51,0.1,2426.27
5964,1491.0,2413.24,0.1,2426.27
5965,1491.25,2413.91,0.2,2426.26
5966,1491.5,2414.14,0.2,2426.26
5967,1491.75,2414.34,1.0,2426.26
5968,1492.0,2414.58,0.2,2426.26
5969,1492.25,2414.81,0.4,2426.25
5970,1492.5,2414.57,0.1,2426.25
5971,1492.75,2413.27,0.2,2426.25
5972,1493.0,2413.52,0.1,2426.25
5973,1493.25,2413.5,0.2,2426.24
5974,1493.5,2413.73,0.3,2426.24
5975,1493.75,2413.72,0.1,2426.24
5976,1494.0,2411.3,0.2,2426.24
5977,1494.25,2412.0,0.7,2426.24
5978,1494.5,2412.33,0.4,2426.23
5979,1494.75,2412.57,0.2,2426.23
5980,1495.0,2412.8,0.3,2426.23
5981,1495.25,2413.05,0.2,2426.23
5982,1495.5,2413.53,0.2,2426.22
5983,1495.75,2413.52,0.2,2426.22
5984,1496.0,2414.08,0.2,2426.22
5985,1496.25,2414.34,0.2,2426.22
5986,1496.5,2414.33,0.3,2426.21
5987,1496.75,2416.05,0.9,2426.21
5988,1497.0,2416.54,0.3,2426.21
5989,1497.25,2416.79,0.3,2426.21
5990,1497.5,2417.04,0.1,2426.21
5991,1497.75,2417.29,0.2,2426.2
5992,1498.0,2417.78,0.2,2426.2
5993,1498.25,2417.79,0.2,2426.2
5994,1498.5,2417.79,0.2,2426.2
5995,1498.75,2416.25,0.3,2426.19
5996,1499.0,2416.5,0.2,2426.19
5997,1499.25,2416.76,0.6,2426.19
5998,1499.5,2416.53,0.3,2426.19
5999,1499.75,2416.54,0.2,2426.19
6000,1500.0,2416.78,0.2,2426.18
6001,1500.25,2417.74,0.3,2426.18
6002,1500.5,2418.0,0.2,2426.18
6003,1500.75,2418.25,0.2,2426.18
6004,1501.0,2418.25,0.2,2426.17
6005,1501.25,2418.73,0.2,2426.17
6006,1501.5,2418.98,0.7,2426.17
6007,1501.75,2419.24,0.2,2426.17
6008,1502.0,2417.74,0.2,2426.16
6009,1502.25,2417.96,0.1,2426.16
6010,1502.5,2418.45,0.3,2426.16
6011,1502.75,2418.46,0.2,2426.16
6012,1503.0,2418.71,0.2,2426.16
6013,1503.25,2418.97,0.5,2426.15
6014,1503.5,2417.66,0.2,2426.15
6015,1503.75,2418.1,0.3,2426.15
6016,1504.0,2419.08,0.9,2426.15
6017,1504.25,2419.08,0.1,2426.14
6018,1504.5,2419.56,0.3,2426.14
6019,1504.75,2420.26,0.1,2426.14
6020,1505.0,2420.25,0.3,2426.14
6021,1505.25,2420.25,0.2,2426.13
6022,1505.5,2420.48,0.2,2426.13
6023,1505.75,2420.41,0.2,2426.13
6024,1506.0,2420.4,0.3,2426.13
6025,1506.25,2418.96,0.2,2426.13
6026,1506.5,2417.75,0.7,2426.12
6027,1506.75,2418.7,0.3,2426.12
6028,1507.0,2418.7,0.3,2426.12
6029,1507.25,2418.94,0.3,2426.12
6030,1507.5,2419.19,0.1,2426.11
6031,1507.75,2419.43,0.2,2426.11
6032,1508.0,2416.27,4.9,2426.11
6033,1508.25,2416.73,0.1,2426.11
6034,1508.5,2416.35,0.2,2426.1
6035,1508.75,2417.06,0.7,2426.1
6036,1509.0,2417.55,0.2,2426.1
6037,1509.25,2417.55,0.4,2426.1
6038,1509.5,2417.32,0.2,2426.1
6039,1509.75,2417.53,0.2,2426.09
6040,1510.0,2417.78,0.2,2426.09
6041,1510.25,2418.03,0.2,2426.09
6042,1510.5,2418.52,0.3,2426.09
6043,1510.75,2419.02,0.2,2426.08
6044,1511.0,2418.91,0.4,2426.08
6045,1511.25,2417.61,0.7,2426.08
6046,1511.5,2417.86,0.3,2426.08
6047,1511.75,2418.59,0.3,2426.08
6048,1512.0,2418.57,0.2,2426.07
6049,1512.25,2418.57,0.2,2426.07
6050,1512.5,2418.8,0.2,2426.07
6051,1512.75,2418.56,0.1,2426.07
6052,1513.0,2418.8,0.2,2426.06
6053,1513.25,2418.64,0.2,2426.06
6054,1513.5,2419.62,0.2,2426.06
6055,1513.75,2420.8,0.6,2426.06
6056,1514.0,2420.8,0.2,2426.05
6057,1514.25,2421.03,0.2,2426.05
6058,1514.5,2421.77,0.2,2426.05
6059,1514.75,2422.01,0.1,2426.05
6060,1515.0,2422.46,0.2,2426.05
6061,1515.25,2422.46,0.2,2426.04
6062,1515.5,2422.45,0.1,2426.04
6063,1515.75,2422.68,0.2,2426.04
6064,1516.0,2422.68,0.1,2426.04
6065,1516.25,2423.66,0.6,2426.03
6066,1516.5,2423.89,0.2,2426.03
6067,1516.75,2424.36,0.2,2426.03
6068,1517.0,2424.6,0.1,2426.03
6069,1517.25,2424.6,0.1,2426.02
6070,1517.5,2425.55,0.2,2426.02
6071,1517.75,2425.54,0.2,2426.02
6072,1518.0,2426.03,0.3,2426.02
6073,1518.25,2426.07,0.3,2426.02
6074,1518.5,2422.52,0.2,2426.01
6075,1518.75,2423.01,0.6,2426.01
6076,1519.0,2423.71,0.3,2426.01
6077,1519.25,2424.44,0.3,2426.01
6078,1519.5,2424.68,0.2,2426.0
6079,1519.75,2424.91,0.1,2426.0
6080,1520.0,2424.91,0.2,2426.0
6081,1520.25,2424.91,0.2,2426.0
6082,1520.5,2426.78,0.2,2425.99
6083,1520.75,2426.78,0.1,2425.99
6084,1521.0,2426.78,0.2,2425.99
6085,1521.25,2420.1,0.9,2425.99
6086,1521.5,2419.86,0.3,2425.99
6087,1521.75,2420.09,0.3,2425.98
6088,1522.0,2420.09,0.2,2425.98
6089,1522.25,2420.34,0.2,2425.98
6090,1522.5,2420.83,0.1,2425.98
6091,1522.75,2420.83,0.2,2425.97
6092,1523.0,2420.59,0.7,2425.97
6093,1523.25,2420.59,0.2,2425.97
6094,1523.5,2421.19,0.2,2425.97
6095,1523.75,2421.19,1.4,2425.97
6096,1524.0,2421.42,1.9,2425.96
6097,1524.25,2421.46,0.4,2425.96
6098,1524.5,2421.46,0.1,2425.96
6099,1524.75,2421.71,0.2,2425.96
6100,1525.0,2422.2,0.1,2425.95
6101,1525.25,2420.75,0.3,2425.95
6102,1525.5,2420.5,0.1,2425.95
6103,1525.75,2420.74,0.1,2425.95
6104,1526.0,2421.23,0.4,2425.94
6105,1526.25,2417.14,0.8,2425.94
6106,1526.5,2417.04,0.5,2425.94
6107,1526.75,2415.79,0.2,2425.94
6108,1527.0,2415.79,0.2,2425.94
6109,1527.25,2416.03,0.2,2425.93
6110,1527.5,2416.28,0.2,2425.93
6111,1527.75,2416.28,0.3,2425.93
6112,1528.0,2418.02,0.2,2425.93
6113,1528.25,2415.41,0.5,2425.92
6114,1528.5,2415.63,0.2,2425.92
6115,1528.75,2416.37,0.7,2425.92
6116,1529.0,2417.08,0.4,2425.92
6117,1529.25,2416.61,0.2,2425.91
6118,1529.5,2416.6,0.2,2425.91
6119,1529.75,2416.86,0.1,2425.91
6120,1530.0,2416.62,0.3,2425.91
6121,1530.25,2417.33,0.2,2425.91
6122,1530.5,2415.91,0.2,2425.9
6123,1530.75,2416.16,0.2,2425.9
6124,1531.0,2415.9,1.0,2425.9
6125,1531.25,2415.9,0.2,2425.9
6126,1531.5,2416.14,0.2,2425.89
6127,1531.75,2416.12,0.2,2425.89
6128,1532.0,2415.89,0.2,2425.89
6129,1532.25,2416.31,0.2,2425.89
6130,1532.5,2416.31,0.2,2425.89
6131,1532.75,2416.79,0.2,2425.88
6132,1533.0,2418.06,0.3,2425.88
6133,1533.25,2418.0,0.1,2425.88
6134,1533.5,2419.03,0.6,2425.88
6135,1533.75,2419.26,0.2,2425.87
6136,1534.0,2419.99,0.4,2425.87
6137,1534.25,2419.99,0.2,2425.87
6138,1534.5,2419.52,0.2,2425.87
6139,1534.75,2419.75,0.1,2425.86
6140,1535.0,2420.5,0.2,2425.86
6141,1535.25,2420.23,0.2,2425.86
6142,1535.5,2421.09,0.1,2425.86
6143,1535.75,2421.34,0.1,2425.86
6144,1536.0,2421.54,0.6,2425.85
6145,1536.25,2421.75,0.2,2425.85
6146,1536.5,2421.74,0.2,2425.85
6147,1536.75,2421.74,0.2,2425.85
6148,1537.0,2421.98,0.2,2425.84
6149,1537.25,2421.69,0.1,2425.84
6150,1537.5,2421.92,0.2,2425.84
6151,1537.75,2421.43,0.2,2425.84
6152,1538.0,2420.13,0.3,2425.83
6153,1538.25,2420.37,0.2,2425.83
6154,1538.5,2420.38,0.6,2425.83
6155,1538.75,2420.36,0.2,2425.83
6156,1539.0,2420.57,0.2,2425.83
6157,1539.25,2420.81,0.2,2425.82
6158,1539.5,2420.55,0.2,2425.82
6159,1539.75,2420.31,0.4,2425.82
6160,1540.0,2420.55,0.2,2425.82
6161,1540.25,2420.53,0.2,2425.81
6162,1540.5,2420.78,0.1,2425.81
6163,1540.75,2421.22,0.1,2425.81
6164,1541.0,2422.68,0.9,2425.81
6165,1541.25,2422.66,0.3,2425.8
6166,1541.5,2423.61,0.4,2425.8
6167,1541.75,2423.86,0.1,2425.8
6168,1542.0,2422.59,0.3,2425.8
6169,1542.25,2422.3,0.1,2425.8
6170,1542.5,2422.8,0.4,2425.79
6171,1542.75,2424.35,0.3,2425.79
6172,1543.0,2424.92,0.4,2425.79
6173,1543.25,2425.18,0.2,2425.79
6174,1543.5,2424.68,1.1,2425.78
6175,1543.75,2424.93,0.3,2425.78
6176,1544.0,2424.68,0.2,2425.78
6177,1544.25,2424.69,0.2,2425.78
6178,1544.5,2424.94,0.2,2425.78
6179,1544.75,2425.2,0.1,2425.77
6180,1545.0,2425.2,0.2,2425.77
6181,1545.25,2425.45,0.2,2425.77
6182,1545.5,2425.9,0.1,2425.77
6183,1545.75,2426.16,0.2,2425.76
6184,1546.0,2425.67,0.7,2425.76
6185,1546.25,2425.67,0.3,2425.76
6186,1546.5,2425.9,0.2,2425.76
6187,1546.75,2426.15,0.2,2425.75
6188,1547.0,2426.39,0.1,2425.75
6189,1547.25,2425.21,0.2,2425.75
6190,1547.5,2424.97,0.2,2425.75
6191,1547.75,2424.74,0.2,2425.75
6192,1548.0,2422.55,0.3,2425.74
6193,1548.25,2423.04,0.2,2425.74
6194,1548.5,2422.55,0.6,2425.74
6195,1548.75,2422.54,0.3,2425.74
6196,1549.0,2422.79,0.2,2425.73
6197,1549.25,2423.05,0.2,2425.73
6198,1549.5,2423.04,0.2,2425.73
6199,1549.75,2423.5,0.1,2425.73
6200,1550.0,2423.2,0.1,2425.72
6201,1550.25,2424.09,0.3,2425.72
6202,1550.5,2424.33,0.1,2425.72
6203,1550.75,2424.33,0.2,2425.72
6204,1551.0,2427.98,0.9,2425.72
6205,1551.25,2427.98,0.5,2425.71
6206,1551.5,2427.49,0.2,2425.71
6207,1551.75,2427.49,0.2,2425.71
6208,1552.0,2427.49,0.1,2425.71
6209,1552.25,2427.5,0.2,2425.7
6210,1552.5,2427.24,0.3,2425.7
6211,1552.75,2427.73,0.3,2425.7
6212,1553.0,2428.51,0.2,2425.7
6213,1553.25,2428.76,0.2,2425.69
6214,1553.5,2428.52,1.1,2425.69
6215,1553.75,2428.52,0.3,2425.69
6216,1554.0,2428.98,0.3,2425.69
6217,1554.25,2428.97,0.2,2425.69
6218,1554.5,2429.44,0.2,2425.68
6219,1554.75,2428.69,0.3,2425.68
6220,1555.0,2429.17,0.2,2425.68
6221,1555.25,2429.16,0.2,2425.68
6222,1555.5,2427.88,0.2,2425.67
6223,1555.75,2428.37,0.1,2425.67
6224,1556.0,2426.7,0.8,2425.67
6225,1556.25,2427.15,0.2,2425.67
6226,1556.5,2427.39,0.2,2425.67
6227,1556.75,2427.86,0.2,2425.66
6228,1557.0,2427.84,0.1,2425.66
6229,1557.25,2427.36,0.2,2425.66
6230,1557.5,2427.59,0.2,2425.66
6231,1557.75,2428.15,0.3,2425.65
6232,1558.0,2427.84,0.2,2425.65
6233,1558.25,2427.9,0.1,2425.65
6234,1558.5,2427.15,0.6,2425.65
6235,1558.75,2426.88,0.4,2425.64
6236,1559.0,2426.38,0.2,2425.64
6237,1559.25,2426.62,0.2,2425.64
6238,1559.5,2426.62,0.2,2425.64
6239,1559.75,2426.38,0.1,2425.64
6240,1560.0,2426.38,0.1,2425.63
6241,1560.25,2426.87,0.1,2425.63
6242,1560.5,2426.63,0.2,2425.63
6243,1560.75,2426.14,0.2,2425.63
6244,1561.0,2424.9,0.7,2425.62
6245,1561.25,2425.4,0.2,2425.62
6246,1561.5,2425.4,0.1,2425.62
6247,1561.75,2425.17,0.1,2425.62
6248,1562.0,2425.13,0.2,2425.61
6249,1562.25,2425.6,0.1,2425.61
6250,1562.5,2424.05,0.1,2425.61
6251,1562.75,2424.76,0.4,2425.61
6252,1563.0,2426.0,0.4,2425.61
6253,1563.25,2426.0,0.2,2425.6
6254,1563.5,2424.25,0.7,2425.6
6255,1563.75,2424.24,0.3,2425.6
6256,1564.0,2423.76,0.4,2425.6
6257,1564.25,2423.27,0.1,2425.59
6258,1564.5,2423.5,0.1,2425.59
6259,1564.75,2423.24,0.1,2425.59
6260,1565.0,2423.7,0.2,2425.59
6261,1565.25,2422.54,0.1,2425.59
6262,1565.5,2422.55,0.3,2425.58
6263,1565.75,2422.58,0.1,2425.58
6264,1566.0,2421.99,0.9,2425.58
6265,1566.25,2422.23,0.2,2425.58
6266,1566.5,2421.76,0.3,2425.57
6267,1566.75,2421.76,0.1,2425.57
6268,1567.0,2421.75,0.2,2425.57
6269,1567.25,2421.76,0.1,2425.57
6270,1567.5,2422.2,0.1,2425.56
6271,1567.75,2422.46,0.2,2425.56
6272,1568.0,2422.94,0.2,2425.56
6273,1568.25,2422.95,0.2,2425.56
6274,1568.5,2423.68,0.8,2425.56
6275,1568.75,2423.93,0.4,2425.55
6276,1569.0,2423.93,0.1,2425.55
6277,1569.25,2424.18,0.4,2425.55
6278,1569.5,2424.41,0.2,2425.55
6279,1569.75,2424.66,0.2,2425.54
6280,1570.0,2425.37,0.2,2425.54
6281,1570.25,2425.87,0.2,2425.54
6282,1570.5,2426.11,0.3,2425.54
6283,1570.75,2425.86,0.3,2425.53
6284,1571.0,2425.87,0.7,2425.53
6285,1571.25,2426.12,0.2,2425.53
6286,1571.5,2426.12,0.3,2425.53
6287,1571.75,2426.36,0.2,2425.53
6288,1572.0,2426.61,0.1,2425.52
6289,1572.25,2426.36,0.2,2425.52
6290,1572.5,2426.61,0.2,2425.52
6291,1572.75,2425.89,0.2,2425.52
6292,1573.0,2425.24,0.2,2425.51
6293,1573.25,2425.24,0.1,2425.51
6294,1573.5,2422.93,0.9,2425.51
6295,1573.75,2422.92,0.4,2425.51
6296,1574.0,2423.62,0.4,2425.5
6297,1574.25,2424.11,0.2,2425.5
6298,1574.5,2423.86,0.2,2425.5
6299,1574.75,2424.1,0.2,2425.5
6300,1575.0,2424.1,0.1,2425.5
6301,1575.25,2422.74,0.3,2425.49
6302,1575.5,2422.98,0.2,2425.49
6303,1575.75,2423.48,0.4,2425.49
6304,1576.0,2423.71,0.8,2425.49
6305,1576.25,2423.46,0.3,2425.48
6306,1576.5,2423.2,0.2,2425.48
6307,1576.75,2422.95,0.2,2425.48
6308,1577.0,2422.95,0.1,2425.48
6309,1577.25,2422.7,0.1,2425.48
6310,1577.5,2422.95,0.2,2425.47
6311,1577.75,2423.18,0.4,2425.47
6312,1578.0,2422.78,0.2,2425.47
6313,1578.25,2420.85,1.2,2425.47
6314,1578.5,2421.09,0.1,2425.46
6315,1578.75,2421.33,0.2,2425.46
6316,1579.0,2421.34,0.2,2425.46
6317,1579.25,2421.57,0.2,2425.46
6318,1579.5,2421.8,0.3,2425.45
6319,1579.75,2422.05,0.1,2425.45
6320,1580.0,2421.8,0.2,2425.45
6321,1580.25,2422.5,0.3,2425.45
6322,1580.5,2422.25,0.1,2425.45
6323,1580.75,2422.48,1.0,2425.44
6324,1581.0,2423.08,0.3,2425.44
6325,1581.25,2421.39,0.5,2425.44
6326,1581.5,2421.86,0.2,2425.44
6327,1581.75,2420.19,0.2,2425.43
6328,1582.0,2420.18,0.2,2425.43
6329,1582.25,2420.18,0.1,2425.43
6330,1582.5,2420.18,0.1,2425.43
6331,1582.75,2420.51,0.3,2425.42
6332,1583.0,2420.75,0.2,2425.42
6333,1583.25,2421.0,1.0,2425.42
6334,1583.5,2421.02,0.3,2425.42
6335,1583.75,2419.35,0.3,2425.42
6336,1584.0,2420.06,0.1,2425.41
6337,1584.25,2420.32,0.2,2425.41
6338,1584.5,2420.81,0.1,2425.41
6339,1584.75,2420.55,0.2,2425.41
6340,1585.0,2420.79,0.2,2425.4
6341,1585.25,2420.54,0.1,2425.4
6342,1585.5,2420.79,0.2,2425.4
6343,1585.75,2420.93,0.6,2425.4
6344,1586.0,2420.93,0.1,2425.39
6345,1586.25,2420.92,0.2,2425.39
6346,1586.5,2420.91,0.1,2425.39
6347,1586.75,2421.16,0.3,2425.39
6348,1587.0,2420.91,0.2,2425.39
6349,1587.25,2421.37,0.1,2425.38
6350,1587.5,2422.04,0.4,2425.38
6351,1587.75,2422.82,0.3,2425.38
6352,1588.0,2422.82,0.1,2425.38
6353,1588.25,2421.84,0.8,2425.37
6354,1588.5,2420.58,0.4,2425.37
6355,1588.75,2420.06,0.3,2425.37
6356,1589.0,2420.3,0.2,2425.37
6357,1589.25,2421.01,0.2,2425.37
6358,1589.5,2420.5,0.1,2425.36
6359,1589.75,2420.5,0.3,2425.36
6360,1590.0,2420.74,0.2,2425.36
6361,1590.25,2420.73,0.1,2425.36
6362,1590.5,2421.21,0.1,2425.35
6363,1590.75,2422.15,0.6,2425.35
6364,1591.0,2422.64,0.3,2425.35
6365,1591.25,2422.39,0.4,2425.35
6366,1591.5,2422.39,0.2,2425.34
6367,1591.75,2422.35,0.1,2425.34
6368,1592.0,2421.86,0.2,2425.34
6369,1592.25,2422.59,0.1,2425.34
6370,1592.5,2422.82,0.3,2425.34
6371,1592.75,2422.81,0.2,2425.33
6372,1593.0,2422.8,0.3,2425.33
6373,1593.25,2421.57,0.6,2425.33
6374,1593.5,2421.56,0.4,2425.33
6375,1593.75,2422.05,0.2,2425.32
6376,1594.0,2422.27,0.2,2425.32
6377,1594.25,2422.03,0.1,2425.32
6378,1594.5,2422.02,0.4,2425.32
6379,1594.75,2422.01,0.1,2425.31
6380,1595.0,2422.85,0.1,2425.31
6381,1595.25,2423.08,0.2,2425.31
6382,1595.5,2423.32,0.3,2425.31
6383,1595.75,2423.56,0.7,2425.31
6384,1596.0,2423.55,0.4,2425.3
6385,1596.25,2423.02,0.2,2425.3
6386,1596.5,2422.78,0.3,2425.3
6387,1596.75,2423.44,0.1,2425.3
6388,1597.0,2424.15,0.2,2425.29
6389,1597.25,2424.39,0.2,2425.29
6390,1597.5,2423.89,0.1,2425.29
6391,1597.75,2423.25,0.3,2425.29
6392,1598.0,2423.24,0.4,2425.29
6393,1598.25,2423.48,0.7,2425.28
6394,1598.5,2422.05,0.2,2425.28
6395,1598.75,2422.5,0.2,2425.28
6396,1599.0,2422.75,0.2,2425.28
6397,1599.25,2422.73,0.2,2425.27
6398,1599.5,2422.97,0.2,2425.27
6399,1599.75,2423.91,0.2,2425.27
6400,1600.0,2422.21,0.2,2425.27
6401,1600.25,2422.45,0.2,2425.26
6402,1600.5,2422.68,0.2,2425.26
6403,1600.75,2422.92,0.6,2425.26
6404,1601.0,2423.16,0.2,2425.26
6405,1601.25,2423.15,0.3,2425.26
6406,1601.5,2423.14,0.1,2425.25
6407,1601.75,2423.02,0.2,2425.25
6408,1602.0,2422.77,0.2,2425.25
6409,1602.25,2422.76,0.2,2425.25
6410,1602.5,2421.56,0.2,2425.24
6411,1602.75,2420.38,0.2,2425.24
6412,1603.0,2420.83,0.1,2425.24
6413,1603.25,2421.58,0.8,2425.24
6414,1603.5,2421.81,0.2,2425.23
6415,1603.75,2422.55,0.2,2425.23
6416,1604.0,2422.55,0.2,2425.23
6417,1604.25,2422.75,0.2,2425.23
6418,1604.5,2422.48,0.2,2425.23
6419,1604.75,2422.48,0.1,2425.22
6420,1605.0,2422.72,0.4,2425.22
6421,1605.25,2422.49,0.1,2425.22
6422,1605.5,2422.24,0.2,2425.22
6423,1605.75,2422.48,0.5,2425.21
6424,1606.0,2422.73,0.2,2425.21
6425,1606.25,2422.73,0.3,2425.21
6426,1606.5,2422.73,0.2,2425.21
6427,1606.75,2423.22,0.2,2425.2
6428,1607.0,2422.99,0.2,2425.2
6429,1607.25,2423.23,0.1,2425.2
6430,1607.5,2423.48,0.2,2425.2
6431,1607.75,2422.23,0.2,2425.2
6432,1608.0,2422.47,0.2,2425.19
6433,1608.25,2420.52,0.8,2425.19
6434,1608.5,2420.53,0.3,2425.19
6435,1608.75,2419.8,0.2,2425.19
6436,1609.0,2419.55,0.1,2425.18
6437,1609.25,2419.55,0.2,2425.18
6438,1609.5,2420.04,0.1,2425.18
6439,1609.75,2420.04,0.2,2425.18
6440,1610.0,2420.73,0.2,2425.18
6441,1610.25,2420.75,0.1,2425.17
6442,1610.5,2420.26,0.3,2425.17
6443,1610.75,2420.76,1.2,2425.17
6444,1611.0,2421.0,0.3,2425.17
6445,1611.25,2420.27,0.2,2425.16
6446,1611.5,2420.51,0.2,2425.16
6447,1611.75,2420.98,0.2,2425.16
6448,1612.0,2420.74,0.2,2425.16
6449,1612.25,2420.75,0.1,2425.15
6450,1612.5,2420.51,0.2,2425.15
6451,1612.75,2420.89,0.3,2425.15
6452,1613.0,2421.12,0.2,2425.15
6453,1613.25,2418.47,0.7,2425.15
6454,1613.5,2418.56,0.4,2425.14
6455,1613.75,2418.08,0.1,2425.14
6456,1614.0,2418.32,0.2,2425.14
6457,1614.25,2419.27,0.2,2425.14
6458,1614.5,2419.52,0.2,2425.13
6459,1614.75,2419.53,0.2,2425.13
6460,1615.0,2419.77,0.3,2425.13
6461,1615.25,2419.77,0.3,2425.13
6462,1615.5,2420.23,0.1,2425.12
6463,1615.75,2419.17,0.6,2425.12
6464,1616.0,2418.93,0.2,2425.12
6465,1616.25,2418.93,0.4,2425.12
6466,1616.5,2419.43,0.3,2425.12
6467,1616.75,2419.64,0.1,2425.11
6468,1617.0,2419.65,0.2,2425.11
6469,1617.25,2420.14,0.1,2425.11
6470,1617.5,2420.88,0.2,2425.11
6471,1617.75,2419.78,0.2,2425.1
6472,1618.0,2420.5,0.3,2425.1
6473,1618.25,2419.71,0.6,2425.1
6474,1618.5,2420.2,0.4,2425.1
6475,1618.75,2419.71,0.3,2425.09
6476,1619.0,2419.46,0.2,2425.09
6477,1619.25,2419.46,0.2,2425.09
6478,1619.5,2419.48,0.1,2425.09
6479,1619.75,2419.73,0.2,2425.09
6480,1620.0,2419.49,0.2,2425.08
6481,1620.25,2419.59,0.2,2425.08
6482,1620.5,2419.82,0.2,2425.08
6483,1620.75,2419.82,0.6,2425.08
6484,1621.0,2420.05,0.4,2425.07
6485,1621.25,2420.05,0.2,2425.07
6486,1621.5,2420.04,0.1,2425.07
6487,1621.75,2420.29,0.1,2425.07
6488,1622.0,2420.52,0.1,2425.07
6489,1622.25,2420.75,0.1,2425.06
6490,1622.5,2421.46,0.3,2425.06
6491,1622.75,2419.28,0.2,2425.06
6492,1623.0,2419.27,0.3,2425.06
6493,1623.25,2417.27,1.1,2425.05
6494,1623.5,2417.27,0.3,2425.05
6495,1623.75,2417.76,0.1,2425.05
6496,1624.0,2417.76,0.3,2425.05
6497,1624.25,2418.45,0.2,2425.04
6498,1624.5,2418.43,0.3,2425.04
6499,1624.75,2418.42,0.1,2425.04
6500,1625.0,2418.44,0.3,2425.04
6501,1625.25,2418.45,0.2,2425.04
6502,1625.5,2419.18,0.1,2425.03
6503,1625.75,2417.4,0.8,2425.03
6504,1626.0,2416.9,0.4,2425.03
6505,1626.25,2417.15,0.2,2425.03
6506,1626.5,2416.89,0.2,2425.02
6507,1626.75,2416.86,0.1,2425.02
6508,1627.0,2417.35,0.3,2425.02
6509,1627.25,2417.34,0.1,2425.02
6510,1627.5,2417.83,0.2,2425.01
6511,1627.75,2417.37,0.3,2425.01
6512,1628.0,2417.2,0.4,2425.01
6513,1628.25,2417.2,0.5,2425.01
6514,1628.5,2416.96,0.2,2425.01
6515,1628.75,2417.45,0.3,2425.0
6516,1629.0,2417.21,0.2,2425.0
6517,1629.25,2417.43,0.2,2425.0
6518,1629.5,2417.43,0.2,2425.0
6519,1629.75,2418.17,0.2,2424.99
6520,1630.0,2418.16,0.2,2424.99
6521,1630.25,2418.66,0.2,2424.99
6522,1630.5,2418.65,0.2,2424.99
6523,1630.75,2419.4,0.6,2424.99
6524,1631.0,2419.4,0.1,2424.98
6525,1631.25,2419.4,0.3,2424.98
6526,1631.5,2419.89,0.1,2424.98
6527,1631.75,2420.14,0.3,2424.98
6528,1632.0,2419.91,0.1,2424.97
6529,1632.25,2420.61,0.3,2424.97
6530,1632.5,2420.87,0.2,2424.97
6531,1632.75,2419.62,0.4,2424.97
6532,1633.0,2419.22,0.2,2424.96
6533,1633.25,2419.23,0.9,2424.96
6534,1633.5,2419.68,0.2,2424.96
6535,1633.75,2419.19,0.2,2424.96
6536,1634.0,2418.95,0.2,2424.96
6537,1634.25,2419.15,0.1,2424.95
6538,1634.5,2419.4,0.1,2424.95
6539,1634.75,2419.16,0.2,2424.95
6540,1635.0,2419.4,0.2,2424.95
6541,1635.25,2418.1,0.2,2424.94
6542,1635.5,2417.73,0.1,2424.94
6543,1635.75,2416.0,0.9,2424.94
6544,1636.0,2416.48,0.2,2424.94
6545,1636.25,2416.73,0.2,2424.93
6546,1636.5,2416.94,0.1,2424.93
6547,1636.75,2417.18,0.2,2424.93
6548,1637.0,2417.41,0.1,2424.93
6549,1637.25,2415.84,0.2,2424.93
6550,1637.5,2416.34,0.2,2424.92
6551,1637.75,2415.53,0.3,2424.92
6552,1638.0,2415.77,0.2,2424.92
6553,1638.25,2416.25,0.7,2424.92
6554,1638.5,2416.74,0.1,2424.91
6555,1638.75,2417.22,0.3,2424.91
6556,1639.0,2416.97,0.2,2424.91
6557,1639.25,2417.45,0.1,2424.91
6558,1639.5,2418.16,0.2,2424.9
6559,1639.75,2418.39,0.1,2424.9
6560,1640.0,2417.2,0.2,2424.9
6561,1640.25,2416.72,0.3,2424.9
6562,1640.5,2416.96,0.2,2424.9
6563,1640.75,2415.77,0.7,2424.89
6564,1641.0,2416.26,0.2,2424.89
6565,1641.25,2415.78,0.3,2424.89
6566,1641.5,2416.48,0.2,2424.89
6567,1641.75,2416.97,0.1,2424.88
6568,1642.0,2415.19,0.1,2424.88
6569,1642.25,2414.95,0.3,2424.88
6570,1642.5,2415.39,0.2,2424.88
6571,1642.75,2414.61,0.2,2424.88
6572,1643.0,2414.34,0.1,2424.87
6573,1643.25,2415.06,0.7,2424.87
6574,1643.5,2415.38,0.3,2424.87
6575,1643.75,2415.13,0.1,2424.87
6576,1644.0,2415.61,0.2,2424.86
6577,1644.25,2416.1,0.2,2424.86
6578,1644.5,2416.33,0.2,2424.86
6579,1644.75,2417.04,0.1,2424.86
6580,1645.0,2417.28,0.2,2424.85
6581,1645.25,2417.27,0.2,2424.85
6582,1645.5,2417.51,0.2,2424.85
6583,1645.75,2417.99,0.8,2424.85
6584,1646.0,2418.94,0.2,2424.85
6585,1646.25,2418.93,0.2,2424.84
6586,1646.5,2417.89,0.2,2424.84
6587,1646.75,2417.64,0.4,2424.84
6588,1647.0,2418.12,0.2,2424.84
6589,1647.25,2418.11,0.2,2424.83
6590,1647.5,2419.05,0.3,2424.83
6591,1647.75,2419.3,0.4,2424.83
6592,1648.0,2419.28,0.3,2424.83
6593,1648.25,2419.74,0.9,2424.82
6594,1648.5,2419.74,0.5,2424.82
6595,1648.75,2419.48,0.2,2424.82
6596,1649.0,2419.93,0.2,2424.82
6597,1649.25,2419.93,0.1,2424.82
6598,1649.5,2420.17,0.2,2424.81
6599,1649.75,2419.14,0.2,2424.81
6600,1650.0,2419.38,0.1,2424.81
6601,1650.25,2419.62,0.2,2424.81
6602,1650.5,2419.59,0.2,2424.8
6603,1650.75,2419.58,0.8,2424.8
6604,1651.0,2419.82,0.2,2424.8
6605,1651.25,2419.8,0.4,2424.8
6606,1651.5,2419.77,0.2,2424.79
6607,1651.75,2420.72,0.2,2424.79
6608,1652.0,2420.72,0.1,2424.79
6609,1652.25,2419.47,0.2,2424.79
6610,1652.5,2419.2,0.5,2424.79
6611,1652.75,2418.71,0.5,2424.78
6612,1653.0,2419.21,0.3,2424.78
6613,1653.25,2419.93,0.9,2424.78
6614,1653.5,2420.18,0.2,2424.78
6615,1653.75,2420.17,0.5,2424.77
6616,1654.0,2420.18,0.2,2424.77
6617,1654.25,2420.16,0.3,2424.77
6618,1654.5,2420.65,0.2,2424.77
6619,1654.75,2420.39,0.3,2424.77
6620,1655.0,2420.46,0.2,2424.76
6621,1655.25,2420.45,0.2,2424.76
6622,1655.5,2420.66,0.2,2424.76
6623,1655.75,2421.89,0.6,2424.76
6624,1656.0,2421.86,0.1,2424.75
6625,1656.25,2422.09,0.4,2424.75
6626,1656.5,2422.57,0.2,2424.75
6627,1656.75,2422.8,0.2,2424.75
6628,1657.0,2422.8,0.2,2424.74
6629,1657.25,2423.28,0.4,2424.74
6630,1657.5,2427.48,4.9,2424.74
6631,1657.75,2427.72,0.2,2424.74
6632,1658.0,2425.06,0.4,2424.74
6633,1658.25,2426.01,0.7,2424.73
6634,1658.5,2426.0,0.2,2424.73
6635,1658.75,2426.0,0.2,2424.73
6636,1659.0,2425.99,0.2,2424.73
6637,1659.25,2426.24,0.2,2424.72
6638,1659.5,2426.2,0.2,2424.72
6639,1659.75,2425.94,0.1,2424.72
6640,1660.0,2426.44,0.2,2424.72
6641,1660.25,2426.4,0.2,2424.71
6642,1660.5,2426.62,0.5,2424.71
6643,1660.75,2425.36,1.1,2424.71
6644,1661.0,2425.35,0.2,2424.71
6645,1661.25,2425.61,0.2,2424.71
6646,1661.5,2425.87,0.2,2424.7
6647,1661.75,2425.35,0.1,2424.7
6648,1662.0,2425.61,0.2,2424.7
6649,1662.25,2424.89,0.1,2424.7
6650,1662.5,2424.24,0.2,2424.69
6651,1662.75,2424.45,0.2,2424.69
6652,1663.0,2422.5,1.1,2424.69
6653,1663.25,2422.49,0.3,2424.69
6654,1663.5,2421.99,0.2,2424.68
6655,1663.75,2422.69,0.3,2424.68
6656,1664.0,2422.68,0.2,2424.68
6657,1664.25,2421.34,0.2,2424.68
6658,1664.5,2421.58,0.2,2424.68
6659,1664.75,2421.81,0.2,2424.67
6660,1665.0,2421.81,0.2,2424.67
6661,1665.25,2421.8,0.1,2424.67
6662,1665.5,2418.84,0.9,2424.67
6663,1665.75,2418.58,0.4,2424.66
6664,1666.0,2418.82,0.3,2424.66
6665,1666.25,2418.81,0.1,2424.66
6666,1666.5,2419.29,0.3,2424.66
6667,1666.75,2419.04,0.1,2424.66
6668,1667.0,2419.53,0.2,2424.65
6669,1667.25,2419.5,0.2,2424.65
6670,1667.5,2418.37,0.2,2424.65
6671,1667.75,2418.37,0.1,2424.65
6672,1668.0,2417.62,0.9,2424.64
6673,1668.25,2417.62,0.2,2424.64
6674,1668.5,2417.88,0.4,2424.64
6675,1668.75,2417.89,0.1,2424.64
6676,1669.0,2418.12,0.1,2424.63
6677,1669.25,2418.38,0.3,2424.63
6678,1669.5,2418.62,0.1,2424.63
6679,1669.75,2418.66,0.2,2424.63
6680,1670.0,2418.91,0.2,2424.63
6681,1670.25,2419.37,0.2,2424.62
6682,1670.5,2420.08,0.6,2424.62
6683,1670.75,2420.32,0.2,2424.62
6684,1671.0,2420.09,0.4,2424.62
6685,1671.25,2420.58,0.2,2424.61
6686,1671.5,2420.59,0.2,2424.61
6687,1671.75,2420.61,0.2,2424.61
6688,1672.0,2420.84,0.2,2424.61
6689,1672.25,2421.52,0.2,2424.6
6690,1672.5,2421.29,0.2,2424.6
6691,1672.75,2421.29,0.2,2424.6
6692,1673.0,2419.79,0.7,2424.6
6693,1673.25,2420.03,0.2,2424.6
6694,1673.5,2420.5,0.2,2424.59
6695,1673.75,2420.5,0.2,2424.59
6696,1674.0,2420.5,0.2,2424.59
6697,1674.25,2420.75,0.2,2424.59
6698,1674.5,2421.0,0.2,2424.58
6699,1674.75,2421.21,0.2,2424.58
6700,1675.0,2420.43,0.2,2424.58
6701,1675.25,2420.17,0.2,2424.58
6702,1675.5,2420.42,0.7,2424.58
6703,1675.75,2420.66,0.2,2424.57
6704,1676.0,2420.4,0.1,2424.57
6705,1676.25,2420.61,0.2,2424.57
6706,1676.5,2420.61,0.2,2424.57
6707,1676.75,2420.61,0.2,2424.56
6708,1677.0,2419.87,0.2,2424.56
6709,1677.25,2420.02,0.1,2424.56
6710,1677.5,2419.12,0.2,2424.56
6711,1677.75,2418.85,0.2,2424.55
6712,1678.0,2419.31,1.1,2424.55
6713,1678.25,2419.55,0.5,2424.55
6714,1678.5,2418.08,0.2,2424.55
6715,1678.75,2418.32,0.1,2424.55
6716,1679.0,2418.07,0.2,2424.54
6717,1679.25,2418.06,0.1,2424.54
6718,1679.5,2417.82,0.1,2424.54
6719,1679.75,2418.03,0.2,2424.54
6720,1680.0,2418.52,0.2,2424.53
6721,1680.25,2417.06,0.1,2424.53
6722,1680.5,2416.25,0.6,2424.53
6723,1680.75,2416.49,0.2,2424.53
6724,1681.0,2416.49,0.2,2424.52
6725,1681.25,2416.48,0.2,2424.52
6726,1681.5,2416.47,0.1,2424.52
6727,1681.75,2416.46,0.1,2424.52
6728,1682.0,2416.7,0.2,2424.52
6729,1682.25,2417.19,0.3,2424.51
6730,1682.5,2418.27,0.2,2424.51
6731,1682.75,2418.97,0.1,2424.51
6732,1683.0,2419.2,1.2,2424.51
6733,1683.25,2419.2,0.3,2424.5
6734,1683.5,2419.19,0.3,2424.5
6735,1683.75,2419.43,0.2,2424.5
6736,1684.0,2419.66,0.2,2424.5
6737,1684.25,2420.15,0.2,2424.49
6738,1684.5,2420.39,0.2,2424.49
6739,1684.75,2420.59,0.2,2424.49
6740,1685.0,2420.8,0.2,2424.49
6741,1685.25,2420.79,0.2,2424.49
6742,1685.5,2420.3,0.9,2424.48
6743,1685.75,2420.28,0.2,2424.48
6744,1686.0,2420.49,0.2,2424.48
6745,1686.25,2420.24,0.3,2424.48
6746,1686.5,2420.48,0.8,2424.47
6747,1686.75,2420.48,2.3,2424.47
6748,1687.0,2434.6,6.1,2424.47
6749,1687.25,2435.07,0.1,2424.47
6750,1687.5,2435.3,0.4,2424.47
6751,1687.75,2434.34,0.1,2424.46
6752,1688.0,2423.45,0.6,2424.46
6753,1688.25,2423.68,0.3,2424.46
6754,1688.5,2423.68,0.2,2424.46
6755,1688.75,2423.91,0.1,2424.45
6756,1689.0,2422.88,0.2,2424.45
6757,1689.25,2422.86,0.2,2424.45
6758,1689.5,2423.32,0.3,2424.45
6759,1689.75,2417.15,1.1,2424.44
6760,1690.0,2417.4,0.2,2424.44
6761,1690.25,2417.55,0.2,2424.44
6762,1690.5,2418.27,0.6,2424.44
6763,1690.75,2418.05,0.3,2424.44
6764,1691.0,2418.54,0.2,2424.43
6765,1691.25,2418.79,0.2,2424.43
6766,1691.5,2418.55,0.1,2424.43
6767,1691.75,2419.01,0.2,2424.43
6768,1692.0,2419.02,0.1,2424.42
6769,1692.25,2420.02,1.7,2424.42
6770,1692.5,2418.63,0.2,2424.42
6771,1692.75,2419.23,0.4,2424.42
6772,1693.0,2419.69,0.7,2424.41
6773,1693.25,2419.95,0.5,2424.41
6774,1693.5,2417.34,0.3,2424.41
6775,1693.75,2417.35,0.2,2424.41
6776,1694.0,2417.59,0.1,2424.41
6777,1694.25,2417.11,0.3,2424.4
6778,1694.5,2417.34,0.2,2424.4
6779,1694.75,2417.58,1.1,2424.4
6780,1695.0,2417.83,0.3,2424.4
6781,1695.25,2418.09,0.2,2424.39
6782,1695.5,2417.41,0.7,2424.39
6783,1695.75,2417.87,0.3,2424.39
6784,1696.0,2418.12,0.2,2424.39
6785,1696.25,2418.61,0.2,2424.38
6786,1696.5,2418.61,0.1,2424.38
6787,1696.75,2419.1,0.2,2424.38
6788,1697.0,2419.11,0.2,2424.38
6789,1697.25,2420.59,1.0,2424.38
6790,1697.5,2420.64,0.2,2424.37
6791,1697.75,2420.58,0.2,2424.37
6792,1698.0,2419.82,1.0,2424.37
6793,1698.25,2420.07,0.3,2424.37
6794,1698.5,2420.3,0.3,2424.36
6795,1698.75,2420.3,0.1,2424.36
6796,1699.0,2420.75,0.1,2424.36
6797,1699.25,2420.49,0.1,2424.36
6798,1699.5,2420.73,0.2,2424.36
6799,1699.75,2420.67,1.5,2424.35
6800,1700.0,2418.97,0.2,2424.35
6801,1700.25,2419.7,0.2,2424.35
6802,1700.5,2420.15,0.5,2424.35
6803,1700.75,2420.51,0.4,2424.34
6804,1701.0,2419.29,0.2,2424.34
6805,1701.25,2419.27,0.2,2424.34
6806,1701.5,2419.51,0.2,2424.34
6807,1701.75,2419.75,0.2,2424.33
6808,1702.0,2419.98,0.1,2424.33
6809,1702.25,2419.98,1.5,2424.33
6810,1702.5,2419.25,0.2,2424.33
6811,1702.75,2419.48,0.4,2424.33
6812,1703.0,2420.19,1.3,2424.32
6813,1703.25,2420.43,0.2,2424.32
6814,1703.5,2420.42,0.2,2424.32
6815,1703.75,2420.64,0.2,2424.32
6816,1704.0,2420.64,0.2,2424.31
6817,1704.25,2420.64,0.1,2424.31
6818,1704.5,2419.34,0.2,2424.31
6819,1704.75,2423.94,1.4,2424.31
6820,1705.0,2424.84,0.3,2424.3
6821,1705.25,2424.84,0.2,2424.3
6822,1705.5,2422.16,0.7,2424.3
6823,1705.75,2422.64,0.4,2424.3
6824,1706.0,2422.9,0.1,2424.3
6825,1706.25,2423.39,0.2,2424.29
6826,1706.5,2423.4,0.2,2424.29
6827,1706.75,2423.87,0.2,2424.29
6828,1707.0,2423.86,0.3,2424.29
6829,1707.25,2423.34,1.4,2424.28
6830,1707.5,2422.61,0.3,2424.28
6831,1707.75,2423.11,0.4,2424.28
6832,1708.0,2424.34,0.8,2424.28
6833,1708.25,2424.59,0.1,2424.28
6834,1708.5,2424.36,0.4,2424.27
6835,1708.75,2424.37,0.2,2424.27
6836,1709.0,2424.38,0.2,2424.27
6837,1709.25,2424.62,0.2,2424.27
6838,1709.5,2425.12,0.2,2424.26
6839,1709.75,2426.11,1.5,2424.26
6840,1710.0,2426.82,0.2,2424.26
6841,1710.25,2427.3,0.4,2424.26
6842,1710.5,2428.03,1.0,2424.25
6843,1710.75,2428.52,0.2,2424.25
6844,1711.0,2428.51,0.3,2424.25
6845,1711.25,2429.49,0.2,2424.25
6846,1711.5,2429.73,0.1,2424.25
6847,1711.75,2429.48,0.1,2424.24
6848,1712.0,2427.8,0.3,2424.24
6849,1712.25,2428.3,1.7,2424.24
6850,1712.5,2427.54,0.5,2424.24
6851,1712.75,2427.79,0.2,2424.23
6852,1713.0,2427.18,0.9,2424.23
6853,1713.25,2427.68,0.2,2424.23
6854,1713.5,2427.67,0.2,2424.23
6855,1713.75,2427.67,0.1,2424.22
6856,1714.0,2427.92,0.1,2424.22
6857,1714.25,2428.38,0.1,2424.22
6858,1714.5,2428.63,0.2,2424.22
6859,1714.75,2427.75,1.8,2424.22
6860,1715.0,2427.52,0.2,2424.21
6861,1715.25,2426.22,0.2,2424.21
6862,1715.5,2428.19,0.6,2424.21
6863,1715.75,2428.19,0.1,2424.21
6864,1716.0,2426.96,0.3,2424.2
6865,1716.25,2427.21,0.1,2424.2
6866,1716.5,2426.71,0.2,2424.2
6867,1716.75,2427.2,0.2,2424.2
6868,1717.0,2427.44,0.2,2424.19
6869,1717.25,2425.72,1.4,2424.19
6870,1717.5,2423.07,0.2,2424.19
6871,1717.75,2423.32,0.2,2424.19
6872,1718.0,2424.06,0.8,2424.19
6873,1718.25,2424.79,0.2,2424.18
6874,1718.5,2424.8,0.2,2424.18
6875,1718.75,2425.5,0.2,2424.18
6876,1719.0,2425.52,0.2,2424.18
6877,1719.25,2425.76,0.1,2424.17
6878,1719.5,2426.01,0.2,2424.17
6879,1719.75,2428.64,1.1,2424.17
6880,1720.0,2428.9,0.3,2424.17
6881,1720.25,2429.39,0.5,2424.17
6882,1720.5,2430.87,1.1,2424.16
6883,1720.75,2430.47,0.2,2424.16
6884,1721.0,2430.96,0.2,2424.16
6885,1721.25,2431.2,0.2,2424.16
6886,1721.5,2431.86,0.3,2424.15
6887,1721.75,2431.62,0.1,2424.15
6888,1722.0,2432.11,0.4,2424.15
6889,1722.25,2431.62,1.0,2424.15
6890,1722.5,2430.88,0.2,2424.14
6891,1722.75,2431.32,0.3,2424.14
6892,1723.0,2429.64,0.9,2424.14
6893,1723.25,2429.89,1.1,2424.14
6894,1723.5,2430.6,0.2,2424.14
6895,1723.75,2430.34,0.2,2424.13
6896,1724.0,2429.36,0.1,2424.13
6897,1724.25,2429.59,0.3,2424.13
6898,1724.5,2427.91,0.2,2424.13
6899,1724.75,2429.13,1.1,2424.12
6900,1725.0,2429.37,0.2,2424.12
6901,1725.25,2430.07,0.3,2424.12
6902,1725.5,2430.55,0.8,2424.12
6903,1725.75,2425.76,0.4,2424.11
6904,1726.0,2425.75,0.2,2424.11
6905,1726.25,2426.24,0.1,2424.11
6906,1726.5,2427.41,0.2,2424.11
6907,1726.75,2427.38,0.2,2424.11
6908,1727.0,2427.38,0.3,2424.1
6909,1727.25,2431.23,1.3,2424.1
6910,1727.5,2431.46,0.4,2424.1
6911,1727.75,2430.96,0.3,2424.1
6912,1728.0,2432.43,0.8,2424.09
6913,1728.25,2432.66,0.2,2424.09
6914,1728.5,2433.02,0.2,2424.09
6915,1728.75,2432.78,0.1,2424.09
6916,1729.0,2433.26,0.2,2424.08
6917,1729.25,2433.26,0.2,2424.08
6918,1729.5,2432.78,0.2,2424.08
6919,1729.75,2432.5,1.1,2424.08
6920,1730.0,2433.89,0.2,2424.08
6921,1730.25,2434.35,0.4,2424.07
6922,1730.5,2435.09,0.8,2424.07
6923,1730.75,2435.09,0.2,2424.07
6924,1731.0,2435.11,0.3,2424.07
6925,1731.25,2435.34,0.1,2424.06
6926,1731.5,2435.32,0.1,2424.06
6927,1731.75,2433.85,1.4,2424.06
6928,1732.0,2433.85,0.4,2424.06
6929,1732.25,2432.62,1.2,2424.06
6930,1732.5,2433.09,0.2,2424.05
6931,1732.75,2433.59,0.2,2424.05
6932,1733.0,2434.34,1.1,2424.05
6933,1733.25,2434.59,0.4,2424.05
6934,1733.5,2435.08,0.4,2424.04
6935,1733.75,2435.33,0.2,2424.04
6936,1734.0,2435.79,0.1,2424.04
6937,1734.25,2436.04,0.2,2424.04
6938,1734.5,2436.28,0.6,2424.03
6939,1734.75,2436.54,0.9,2424.03
6940,1735.0,2436.79,0.2,2424.03
6941,1735.25,2437.51,0.4,2424.03
6942,1735.5,2437.76,0.6,2424.03
6943,1735.75,2437.98,0.4,2424.02
6944,1736.0,2438.47,0.2,2424.02
6945,1736.25,2438.54,0.4,2424.02
6946,1736.5,2438.79,0.1,2424.02
6947,1736.75,2438.77,0.3,2424.01
6948,1737.0,2438.66,1.4,2424.01
6949,1737.25,2438.45,0.2,2424.01
6950,1737.5,2438.2,0.2,2424.01
6951,1737.75,2438.44,0.2,2424.0
6952,1738.0,2436.92,0.8,2424.0
6953,1738.25,2436.68,0.4,2424.0
6954,1738.5,2436.68,0.2,2424.0
6955,1738.75,2436.12,0.1,2424.0
6956,1739.0,2436.36,0.2,2423.99
6957,1739.25,2436.35,0.1,2423.99
6958,1739.5,2433.59,1.3,2423.99
6959,1739.75,2434.28,0.4,2423.99
6960,1740.0,2434.52,0.7,2423.98
6961,1740.25,2435.25,0.1,2423.98
6962,1740.5,2433.85,1.1,2423.98
6963,1740.75,2433.84,0.2,2423.98
6964,1741.0,2433.84,0.2,2423.98
6965,1741.25,2434.32,0.2,2423.97
6966,1741.5,2434.56,0.2,2423.97
6967,1741.75,2435.27,0.4,2423.97
6968,1742.0,2436.73,1.1,2423.97
6969,1742.25,2435.62,0.7,2423.96
6970,1742.5,2436.11,0.2,2423.96
6971,1742.75,2436.59,0.2,2423.96
6972,1743.0,2437.33,0.6,2423.96
6973,1743.25,2437.81,0.4,2423.95
6974,1743.5,2438.05,0.1,2423.95
6975,1743.75,2438.36,0.2,2423.95
6976,1744.0,2438.35,0.2,2423.95
6977,1744.25,2438.59,0.3,2423.95
6978,1744.5,2436.2,1.3,2423.94
6979,1744.75,2434.43,0.4,2423.94
6980,1745.0,2434.91,0.2,2423.94
6981,1745.25,2435.15,0.1,2423.94
6982,1745.5,2435.64,0.6,2423.93
6983,1745.75,2435.61,0.2,2423.93
6984,1746.0,2435.6,0.2,2423.93
6985,1746.25,2435.6,0.3,2423.93
6986,1746.5,2435.6,0.2,2423.92
6987,1746.75,2435.59,0.2,2423.92
6988,1747.0,2437.29,1.1,2423.92
6989,1747.25,2436.15,0.2,2423.92
6990,1747.5,2435.89,0.2,2423.92
6991,1747.75,2436.6,0.2,2423.91
6992,1748.0,2435.41,1.0,2423.91
6993,1748.25,2435.64,0.2,2423.91
6994,1748.5,2436.31,0.2,2423.91
6995,1748.75,2436.79,0.1,2423.9
6996,1749.0,2437.0,0.2,2423.9
6997,1749.25,2436.99,0.2,2423.9
6998,1749.5,2437.96,1.1,2423.9
6999,1749.75,2437.97,0.3,2423.89
7000,1750.0,2437.97,0.4,2423.89
7001,1750.25,2438.45,0.2,2423.89
7002,1750.5,2438.92,0.9,2423.89
7003,1750.75,2438.91,0.2,2423.89
7004,1751.0,2439.16,0.2,2423.88
7005,1751.25,2438.89,0.2,2423.88
7006,1751.5,2439.02,0.1,2423.88
7007,1751.75,2439.51,0.2,2423.88
7008,1752.0,2437.3,1.3,2423.87
7009,1752.25,2436.33,0.2,2423.87
7010,1752.5,2436.94,0.3,2423.87
7011,1752.75,2437.2,0.3,2423.87
7012,1753.0,2432.09,0.7,2423.87
7013,1753.25,2431.84,0.1,2423.86
7014,1753.5,2430.16,0.2,2423.86
7015,1753.75,2430.4,0.2,2423.86
7016,1754.0,2430.83,0.2,2423.86
7017,1754.25,2431.29,0.2,2423.85
7018,1754.5,2435.05,1.4,2423.85
7019,1754.75,2435.04,0.2,2423.85
7020,1755.0,2435.29,0.4,2423.85
7021,1755.25,2435.74,0.2,2423.84
7022,1755.5,2435.98,0.7,2423.84
7023,1755.75,2436.19,0.2,2423.84
7024,1756.0,2436.43,0.2,2423.84
7025,1756.25,2436.66,0.2,2423.84
7026,1756.5,2436.9,0.2,2423.83
7027,1756.75,2437.15,0.3,2423.83
7028,1757.0,2438.22,1.9,2423.83
7029,1757.25,2439.17,0.4,2423.83
7030,1757.5,2439.4,0.4,2423.82
7031,1757.75,2440.13,0.2,2423.82
7032,1758.0,2440.13,1.0,2423.82
7033,1758.25,2440.61,0.3,2423.82
7034,1758.5,2440.36,0.2,2423.81
7035,1758.75,2440.59,0.2,2423.81
7036,1759.0,2441.2,0.1,2423.81
7037,1759.25,2441.44,0.2,2423.81
7038,1759.5,2439.42,1.9,2423.81
7039,1759.75,2439.87,0.2,2423.8
7040,1760.0,2440.33,0.2,2423.8
7041,1760.25,2440.57,0.2,2423.8
7042,1760.5,2436.75,0.7,2423.8
7043,1760.75,2434.84,0.2,2423.79
7044,1761.0,2435.07,0.2,2423.79
7045,1761.25,2435.07,0.2,2423.79
7046,1761.5,2435.06,0.2,2423.79
7047,1761.75,2434.82,0.1,2423.78
7048,1762.0,2435.06,1.4,2423.78
7049,1762.25,2435.6,0.2,2423.78
7050,1762.5,2435.6,0.2,2423.78
7051,1762.75,2435.84,0.2,2423.78
7052,1763.0,2434.6,0.8,2423.77
7053,1763.25,2433.89,0.1,2423.77
7054,1763.5,2432.4,0.4,2423.77
7055,1763.75,2432.63,0.2,2423.77
7056,1764.0,2432.86,0.2,2423.76
7057,1764.25,2432.86,0.3,2423.76
7058,1764.5,2434.1,1.6,2423.76
7059,1764.75,2434.55,0.3,2423.76
7060,1765.0,2434.79,0.2,2423.76
7061,1765.25,2435.27,0.2,2423.75
7062,1765.5,2436.1,0.4,2423.75
7063,1765.75,2436.55,0.1,2423.75
7064,1766.0,2437.0,0.3,2423.75
7065,1766.25,2437.48,0.1,2423.74
7066,1766.5,2437.48,0.2,2423.74
7067,1766.75,2437.91,0.2,2423.74
7068,1767.0,2436.69,1.1,2423.74
7069,1767.25,2436.2,0.3,2423.73
7070,1767.5,2436.44,0.2,2423.73
7071,1767.75,2436.9,0.6,2423.73
7072,1768.0,2433.92,0.4,2423.73
7073,1768.25,2432.94,0.2,2423.73
7074,1768.5,2433.39,0.2,2423.72
7075,1768.75,2433.64,0.2,2423.72
7076,1769.0,2433.89,0.2,2423.72
7077,1769.25,2433.89,0.2,2423.72
7078,1769.5,2435.86,1.2,2423.71
7079,1769.75,2435.86,0.2,2423.71
7080,1770.0,2436.35,0.5,2423.71
7081,1770.25,2436.36,0.8,2423.71
7082,1770.5,2437.09,0.4,2423.7
7083,1770.75,2437.33,0.1,2423.7
7084,1771.0,2437.58,0.2,2423.7
7085,1771.25,2438.06,0.1,2423.7
7086,1771.5,2438.06,0.1,2423.7
7087,1771.75,2438.54,0.1,2423.69
7088,1772.0,2439.76,1.2,2423.69
7089,1772.25,2439.1,0.4,2423.69
7090,1772.5,2438.86,0.1,2423.69
7091,1772.75,2439.11,0.7,2423.68
7092,1773.0,2439.82,0.2,2423.68
7093,1773.25,2439.82,0.2,2423.68
7094,1773.5,2439.57,0.1,2423.68
7095,1773.75,2439.82,0.2,2423.68
7096,1774.0,2439.82,0.1,2423.67
7097,1774.25,2440.07,0.2,2423.67
7098,1774.5,2432.84,1.2,2423.67
7099,1774.75,2432.94,0.2,2423.67
7100,1775.0,2433.73,0.3,2423.66
7101,1775.25,2434.33,0.8,2423.66
7102,1775.5,2434.05,0.2,2423.66
7103,1775.75,2434.05,0.4,2423.66
7104,1776.0,2434.29,0.2,2423.65
7105,1776.25,2434.5,0.1,2423.65
7106,1776.5,2434.74,0.2,2423.65
7107,1776.75,2434.99,0.1,2423.65
7108,1777.0,2438.3,0.9,2423.65
7109,1777.25,2438.06,0.3,2423.64
7110,1777.5,2436.5,0.1,2423.64
7111,1777.75,2438.48,0.9,2423.64
7112,1778.0,2438.72,0.4,2423.64
7113,1778.25,2438.96,0.2,2423.63
7114,1778.5,2439.19,0.2,2423.63
7115,1778.75,2439.41,0.1,2423.63
7116,1779.0,2439.66,0.1,2423.63
7117,1779.25,2438.2,0.2,2423.62
7118,1779.5,2435.24,1.1,2423.62
7119,1779.75,2433.77,0.3,2423.62
7120,1780.0,2434.01,0.3,2423.62
7121,1780.25,2434.49,1.1,2423.62
7122,1780.5,2434.49,0.2,2423.61
7123,1780.75,2434.73,0.2,2423.61
7124,1781.0,2434.97,0.1,2423.61
7125,1781.25,2435.21,0.2,2423.61
7126,1781.5,2435.92,0.1,2423.6
7127,1781.75,2435.92,0.3,2423.6
7128,1782.0,2437.11,1.1,2423.6
7129,1782.25,2434.53,0.2,2423.6
7130,1782.5,2435.13,0.4,2423.59
7131,1782.75,2436.76,0.7,2423.59
7132,1783.0,2436.64,0.2,2423.59
7133,1783.25,2435.64,0.2,2423.59
7134,1783.5,2435.64,0.2,2423.59
7135,1783.75,2435.63,0.1,2423.58
7136,1784.0,2436.09,0.1,2423.58
7137,1784.25,2436.08,0.2,2423.58
7138,1784.5,2434.9,1.3,2423.58
7139,1784.75,2435.62,0.2,2423.57
7140,1785.0,2436.09,0.4,2423.57
7141,1785.25,2434.85,1.2,2423.57
7142,1785.5,2434.84,0.3,2423.57
7143,1785.75,2435.07,0.1,2423.57
7144,1786.0,2435.78,0.2,2423.56
7145,1786.25,2435.52,0.1,2423.56
7146,1786.5,2435.51,0.2,2423.56
7147,1786.75,2435.75,0.2,2423.56
7148,1787.0,2436.73,1.9,2423.55
7149,1787.25,2435.38,0.4,2423.55
7150,1787.5,2435.87,0.4,2423.55
7151,1787.75,2435.86,0.9,2423.55
7152,1788.0,2436.55,0.2,2423.54
7153,1788.25,2436.54,0.2,2423.54
7154,1788.5,2436.78,0.2,2423.54
7155,1788.75,2437.27,0.1,2423.54
7156,1789.0,2437.5,0.4,2423.54
7157,1789.25,2437.5,0.1,2423.53
7158,1789.5,2438.48,1.1,2423.53
7159,1789.75,2438.93,0.2,2423.53
7160,1790.0,2439.41,0.2,2423.53
7161,1790.25,2439.66,0.8,2423.52
7162,1790.5,2440.38,0.1,2423.52
7163,1790.75,2440.03,0.3,2423.52
7164,1791.0,2439.77,0.1,2423.52
7165,1791.25,2439.77,0.3,2423.51
7166,1791.5,2439.49,0.1,2423.51
7167,1791.75,2439.26,0.2,2423.51
7168,1792.0,2441.2,1.2,2423.51
7169,1792.25,2439.81,0.4,2423.51
7170,1792.5,2439.32,0.2,2423.5
7171,1792.75,2439.56,0.6,2423.5
7172,1793.0,2439.8,0.3,2423.5
7173,1793.25,2440.04,0.2,2423.5
7174,1793.5,2440.29,0.2,2423.49
7175,1793.75,2440.5,0.2,2423.49
7176,1794.0,2440.5,0.2,2423.49
7177,1794.25,2440.24,0.1,2423.49
7178,1794.5,2441.22,1.5,2423.48
7179,1794.75,2441.21,0.3,2423.48
7180,1795.0,2442.16,0.2,2423.48
7181,1795.25,2442.17,0.9,2423.48
7182,1795.5,2442.41,0.2,2423.48
7183,1795.75,2442.41,0.2,2423.47
7184,1796.0,2442.66,0.2,2423.47
7185,1796.25,2442.9,0.2,2423.47
7186,1796.5,2442.66,0.2,2423.47
7187,1796.75,2442.67,0.2,2423.46
7188,1797.0,2440.5,1.3,2423.46
7189,1797.25,2441.57,0.3,2423.46
7190,1797.5,2441.8,0.2,2423.46
7191,1797.75,2439.91,0.8,2423.46
7192,1798.0,2439.9,0.2,2423.45
7193,1798.25,2439.41,0.3,2423.45
7194,1798.5,2439.89,0.1,2423.45
7195,1798.75,2440.11,0.2,2423.45
7196,1799.0,2440.34,0.1,2423.44
7197,1799.25,2440.09,0.2,2423.44
7198,1799.5,2440.09,1.2,2423.44
7199,1799.75,2440.59,0.3,2423.44
7200,1800.0,2440.34,0.2,2423.43
7201,1800.25,2441.06,0.6,2423.43
7202,1800.5,2441.04,0.3,2423.43
7203,1800.75,2440.79,0.3,2423.43
7204,1801.0,2440.8,0.1,2423.43
7205,1801.25,2440.8,0.2,2423.42
7206,1801.5,2440.8,0.1,2423.42
7207,1801.75,2441.04,0.2,2423.42
7208,1802.0,2441.05,1.2,2423.42
7209,1802.25,2440.06,0.5,2423.41
7210,1802.5,2440.3,0.2,2423.41
7211,1802.75,2440.56,0.8,2423.41
7212,1803.0,2440.56,0.2,2423.41
7213,1803.25,2441.04,0.2,2423.4
7214,1803.5,2441.04,0.2,2423.4
7215,1803.75,2441.54,0.1,2423.4
7216,1804.0,2441.29,0.2,2423.4
7217,1804.25,2441.54,0.1,2423.4
7218,1804.5,2440.02,0.9,2423.39
7219,1804.75,2440.27,0.3,2423.39
7220,1805.0,2440.52,0.2,2423.39
7221,1805.25,2439.46,0.6,2423.39
7222,1805.5,2439.48,0.2,2423.38
7223,1805.75,2439.45,0.3,2423.38
7224,1806.0,2439.46,0.1,2423.38
7225,1806.25,2439.47,0.2,2423.38
7226,1806.5,2439.59,0.3,2423.38
7227,1806.75,2440.08,0.2,2423.37
7228,1807.0,2438.93,1.2,2423.37
7229,1807.25,2439.41,0.2,2423.37
7230,1807.5,2439.65,0.4,2423.37
7231,1807.75,2440.14,0.8,2423.36
7232,1808.0,2439.62,0.2,2423.36
7233,1808.25,2439.86,0.2,2423.36
7234,1808.5,2440.32,0.2,2423.36
7235,1808.75,2440.57,0.2,2423.35
7236,1809.0,2440.8,0.1,2423.35
7237,1809.25,2441.04,0.1,2423.35
7238,1809.5,2441.52,1.1,2423.35
7239,1809.75,2441.97,0.3,2423.35
7240,1810.0,2442.21,0.3,2423.34
7241,1810.25,2439.37,0.7,2423.34
7242,1810.5,2439.1,0.3,2423.34
7243,1810.75,2439.59,0.3,2423.34
7244,1811.0,2439.83,0.2,2423.33
7245,1811.25,2439.8,0.1,2423.33
7246,1811.5,2439.8,0.2,2423.33
7247,1811.75,2438.75,0.2,2423.33
7248,1812.0,2440.71,0.9,2423.32
7249,1812.25,2440.95,0.3,2423.32
7250,1812.5,2441.68,0.3,2423.32
7251,1812.75,2440.27,0.6,2423.32
7252,1813.0,2438.57,0.2,2423.32
7253,1813.25,2439.62,0.2,2423.31
7254,1813.5,2439.38,0.1,2423.31
7255,1813.75,2439.37,0.2,2423.31
7256,1814.0,2439.12,0.3,2423.31
7257,1814.25,2437.5,0.2,2423.3
7258,1814.5,2437.23,1.1,2423.3
7259,1814.75,2437.22,0.2,2423.3
7260,1815.0,2437.23,0.2,2423.3
7261,1815.25,2437.46,0.9,2423.29
7262,1815.5,2437.94,0.2,2423.29
7263,1815.75,2438.64,0.3,2423.29
7264,1816.0,2438.88,0.1,2423.29
7265,1816.25,2439.09,0.3,2423.29
7266,1816.5,2437.39,0.1,2423.28
7267,1816.75,2437.39,0.1,2423.28
7268,1817.0,2439.86,1.2,2423.28
7269,1817.25,2439.85,0.1,2423.28
7270,1817.5,2440.09,0.4,2423.27
7271,1817.75,2440.56,1.1,2423.27
7272,1818.0,2440.3,0.2,2423.27
7273,1818.25,2440.79,0.2,2423.27
7274,1818.5,2441.02,0.2,2423.27
7275,1818.75,2440.78,0.1,2423.26
7276,1819.0,2440.77,0.3,2423.26
7277,1819.25,2440.07,0.2,2423.26
7278,1819.5,2441.27,1.2,2423.26
7279,1819.75,2441.76,0.1,2423.25
7280,1820.0,2441.99,0.4,2423.25
7281,1820.25,2442.47,0.6,2423.25
7282,1820.5,2441.5,0.2,2423.25
7283,1820.75,2441.5,0.2,2423.24
7284,1821.0,2441.98,0.2,2423.24
7285,1821.25,2442.21,0.2,2423.24
7286,1821.5,2442.2,0.3,2423.24
7287,1821.75,2442.18,0.1,2423.24
7288,1822.0,2439.59,1.6,2423.23
7289,1822.25,2439.34,0.4,2423.23
7290,1822.5,2439.29,0.4,2423.23
7291,1822.75,2437.13,0.6,2423.23
7292,1823.0,2437.13,0.2,2423.22
7293,1823.25,2437.36,0.2,2423.22
7294,1823.5,2437.6,0.2,2423.22
7295,1823.75,2437.59,0.1,2423.22
7296,1824.0,2437.59,0.2,2423.21
7297,1824.25,2437.09,0.2,2423.21
7298,1824.5,2437.57,1.1,2423.21
7299,1824.75,2437.81,0.1,2423.21
7300,1825.0,2438.05,0.2,2423.21
7301,1825.25,2439.65,0.6,2423.2
7302,1825.5,2439.89,0.2,2423.2
7303,1825.75,2440.37,0.2,2423.2
7304,1826.0,2439.87,0.4,2423.2
7305,1826.25,2440.36,0.2,2423.19
7306,1826.5,2440.6,0.2,2423.19
7307,1826.75,2440.44,0.2,2423.19
7308,1827.0,2440.67,1.6,2423.19
7309,1827.25,2441.12,0.1,2423.18
7310,1827.5,2441.61,0.2,2423.18
7311,1827.75,2440.63,0.9,2423.18
7312,1828.0,2440.39,0.2,2423.18
7313,1828.25,2440.38,0.3,2423.18
7314,1828.5,2440.61,0.2,2423.17
7315,1828.75,2439.18,0.1,2423.17
7316,1829.0,2439.18,0.1,2423.17
7317,1829.25,2439.16,0.2,2423.17
7318,1829.5,2440.12,1.5,2423.16
7319,1829.75,2440.36,0.1,2423.16
7320,1830.0,2440.95,0.5,2423.16
7321,1830.25,2440.95,0.7,2423.16
7322,1830.5,2441.42,0.4,2423.16
7323,1830.75,2441.66,0.2,2423.15
7324,1831.0,2441.66,0.2,2423.15
7325,1831.25,2441.43,0.2,2423.15
7326,1831.5,2441.67,0.1,2423.15
7327,1831.75,2442.38,0.1,2423.14
7328,1832.0,2438.92,1.4,2423.14
7329,1832.25,2439.41,0.3,2423.14
7330,1832.5,2439.42,0.4,2423.14
7331,1832.75,2438.43,0.7,2423.13
7332,1833.0,2438.44,0.3,2423.13
7333,1833.25,2438.92,0.2,2423.13
7334,1833.5,2438.91,0.2,2423.13
7335,1833.75,2439.14,0.2,2423.13
7336,1834.0,2438.65,0.2,2423.12
7337,1834.25,2437.34,2.1,2423.12
7338,1834.5,2437.26,0.4,2423.12
7339,1834.75,2437.5,0.2,2423.12
7340,1835.0,2437.48,0.2,2423.11
7341,1835.25,2437.49,1.0,2423.11
7342,1835.5,2437.01,0.4,2423.11
7343,1835.75,2437.47,0.4,2423.11
7344,1836.0,2437.96,0.2,2423.1
7345,1836.25,2437.94,0.2,2423.1
7346,1836.5,2437.92,0.4,2423.1
7347,1836.75,2438.63,2.1,2423.1
7348,1837.0,2437.89,0.6,2423.1
7349,1837.25,2438.13,0.3,2423.09
7350,1837.5,2438.62,0.1,2423.09
7351,1837.75,2436.35,0.7,2423.09
7352,1838.0,2436.34,0.2,2423.09
7353,1838.25,2436.82,0.2,2423.08
7354,1838.5,2437.28,0.2,2423.08
7355,1838.75,2437.98,0.1,2423.08
7356,1839.0,2437.98,0.2,2423.08
7357,1839.25,2435.93,1.4,2423.08
7358,1839.5,2436.16,0.2,2423.07
7359,1839.75,2436.16,0.3,2423.07
7360,1840.0,2436.61,0.2,2423.07
7361,1840.25,2436.85,1.0,2423.07
7362,1840.5,2437.09,0.2,2423.06
7363,1840.75,2437.32,0.2,2423.06
7364,1841.0,2436.02,0.2,2423.06
7365,1841.25,2436.26,0.1,2423.06
7366,1841.5,2436.25,0.4,2423.05
7367,1841.75,2435.75,1.6,2423.05
7368,1842.0,2435.25,0.6,2423.05
7369,1842.25,2435.45,0.4,2423.05
7370,1842.5,2436.92,0.4,2423.05
7371,1842.75,2437.17,0.6,2423.04
7372,1843.0,2437.4,0.3,2423.04
7373,1843.25,2437.39,0.1,2423.04
7374,1843.5,2437.63,0.2,2423.04
7375,1843.75,2437.86,0.3,2423.03
7376,1844.0,2438.11,0.1,2423.03
7377,1844.25,2441.18,1.2,2423.03
7378,1844.5,2441.62,0.4,2423.03
7379,1844.75,2441.61,0.3,2423.02
7380,1845.0,2441.62,0.9,2423.02
7381,1845.25,2441.59,0.3,2423.02
7382,1845.5,2442.09,0.2,2423.02
7383,1845.75,2442.34,0.2,2423.02
7384,1846.0,2443.05,0.2,2423.01
7385,1846.25,2443.04,0.1,2423.01
7386,1846.5,2443.75,0.1,2423.01
7387,1846.75,2443.45,1.2,2423.01
7388,1847.0,2442.95,0.4,2423.0
7389,1847.25,2443.2,0.4,2423.0
7390,1847.5,2439.41,0.7,2423.0
7391,1847.75,2439.5,0.3,2423.0
7392,1848.0,2440.0,0.3,2422.99
7393,1848.25,2440.24,0.3,2422.99
7394,1848.5,2439.76,0.2,2422.99
7395,1848.75,2440.24,0.4,2422.99
7396,1849.0,2440.49,0.3,2422.99
7397,1849.25,2440.4,1.2,2422.98
7398,1849.5,2440.86,0.2,2422.98
7399,1849.75,2441.11,0.3,2422.98
7400,1850.0,2439.83,0.9,2422.98
7401,1850.25,2439.83,0.1,2422.97
7402,1850.5,2439.11,0.2,2422.97
7403,1850.75,2439.62,0.1,2422.97
7404,1851.0,2439.61,0.2,2422.97
7405,1851.25,2439.86,0.1,2422.97
7406,1851.5,2439.85,0.2,2422.96
7407,1851.75,2436.26,1.2,2422.96
7408,1852.0,2435.83,0.2,2422.96
7409,1852.25,2436.79,0.3,2422.96
7410,1852.5,2437.77,0.7,2422.95
7411,1852.75,2438.01,0.2,2422.95
7412,1853.0,2438.27,0.2,2422.95
7413,1853.25,2438.73,0.2,2422.95
7414,1853.5,2438.86,0.1,2422.94
7415,1853.75,2439.1,0.4,2422.94
7416,1854.0,2437.82,0.2,2422.94
7417,1854.25,2440.33,0.9,2422.94
7418,1854.5,2440.54,0.3,2422.94
7419,1854.75,2440.79,0.2,2422.93
7420,1855.0,2441.51,0.5,2422.93
7421,1855.25,2441.5,0.2,2422.93
7422,1855.5,2441.73,0.1,2422.93
7423,1855.75,2441.73,0.2,2422.92
7424,1856.0,2442.18,0.2,2422.92
7425,1856.25,2442.42,0.1,2422.92
7426,1856.5,2442.42,0.1,2422.92
7427,1856.75,2444.51,1.1,2422.91
7428,1857.0,2442.86,0.3,2422.91
7429,1857.25,2443.09,0.4,2422.91
7430,1857.5,2443.34,0.7,2422.91
7431,1857.75,2443.08,0.4,2422.91
7432,1858.0,2440.2,0.2,2422.9
7433,1858.25,2440.44,0.1,2422.9
7434,1858.5,2440.68,0.2,2422.9
7435,1858.75,2440.43,0.1,2422.9
7436,1859.0,2440.68,0.4,2422.89
7437,1859.25,2437.32,1.3,2422.89
7438,1859.5,2435.88,0.2,2422.89
7439,1859.75,2436.12,0.5,2422.89
7440,1860.0,2436.6,1.4,2422.88
7441,1860.25,2435.28,0.3,2422.88
7442,1860.5,2435.26,0.3,2422.88
7443,1860.75,2435.96,0.2,2422.88
7444,1861.0,2435.8,0.2,2422.88
7445,1861.25,2435.8,0.7,2422.87
7446,1861.5,2435.79,0.1,2422.87
7447,1861.75,2439.46,1.3,2422.87
7448,1862.0,2439.95,0.4,2422.87
7449,1862.25,2440.89,0.2,2422.86
7450,1862.5,2436.95,0.8,2422.86
7451,1862.75,2436.94,0.2,2422.86
7452,1863.0,2435.43,0.3,2422.86
7453,1863.25,2435.88,0.2,2422.86
7454,1863.5,2435.87,0.2,2422.85
7455,1863.75,2435.86,0.2,2422.85
7456,1864.0,2435.86,0.1,2422.85
7457,1864.25,2437.66,1.4,2422.85
7458,1864.5,2437.9,0.2,2422.84
7459,1864.75,2437.9,0.1,2422.84
7460,1865.0,2438.63,0.7,2422.84
7461,1865.25,2438.37,0.3,2422.84
7462,1865.5,2438.62,0.4,2422.83
7463,1865.75,2438.59,0.2,2422.83
7464,1866.0,2438.81,0.3,2422.83
7465,1866.25,2439.05,0.1,2422.83
7466,1866.5,2439.29,0.3,2422.83
7467,1866.75,2437.04,1.3,2422.82
7468,1867.0,2437.52,0.2,2422.82
7469,1867.25,2437.53,0.5,2422.82
7470,1867.5,2438.26,0.5,2422.82
7471,1867.75,2438.5,0.3,2422.81
7472,1868.0,2438.51,0.3,2422.81
7473,1868.25,2438.72,0.2,2422.81
7474,1868.5,2438.72,0.1,2422.81
7475,1868.75,2438.85,0.2,2422.8
7476,1869.0,2438.59,0.2,2422.8
7477,1869.25,2436.62,1.4,2422.8
7478,1869.5,2437.1,0.2,2422.8
7479,1869.75,2437.34,0.2,2422.8
7480,1870.0,2438.08,0.4,2422.79
7481,1870.25,2436.89,0.3,2422.79
7482,1870.5,2437.36,0.2,2422.79
7483,1870.75,2437.61,0.2,2422.79
7484,1871.0,2438.3,0.1,2422.78
7485,1871.25,2438.55,0.2,2422.78
7486,1871.5,2438.98,0.3,2422.78
7487,1871.75,2441.86,1.4,2422.78
7488,1872.0,2442.59,0.2,2422.78
7489,1872.25,2443.07,0.3,2422.77
7490,1872.5,2442.79,0.7,2422.77
7491,1872.75,2442.32,0.2,2422.77
7492,1873.0,2442.55,0.2,2422.77
7493,1873.25,2442.8,0.3,2422.76
7494,1873.5,2442.32,0.3,2422.76
7495,1873.75,2443.04,0.2,2422.76
7496,1874.0,2443.27,0.3,2422.76
7497,1874.25,2439.33,1.4,2422.75
7498,1874.5,2439.32,0.3,2422.75
7499,1874.75,2439.8,0.2,2422.75
7500,1875.0,2440.3,0.7,2422.75
7501,1875.25,2440.04,0.2,2422.75
7502,1875.5,2440.28,0.2,2422.74
7503,1875.75,2440.28,0.1,2422.74
7504,1876.0,2440.29,0.2,2422.74
7505,1876.25,2440.28,0.2,2422.74
7506,1876.5,2440.74,0.2,2422.73
7507,1876.75,2435.64,1.1,2422.73
7508,1877.0,2436.15,0.5,2422.73
7509,1877.25,2436.4,0.4,2422.73
7510,1877.5,2435.91,0.8,2422.72
7511,1877.75,2435.91,0.3,2422.72
7512,1878.0,2435.66,0.2,2422.72
7513,1878.25,2435.91,0.3,2422.72
7514,1878.5,2436.13,0.2,2422.72
7515,1878.75,2436.38,0.2,2422.71
7516,1879.0,2435.64,0.3,2422.71
7517,1879.25,2432.93,1.9,2422.71
7518,1879.5,2433.32,0.2,2422.71
7519,1879.75,2433.8,0.3,2422.7
7520,1880.0,2436.51,0.9,2422.7
7521,1880.25,2435.52,0.3,2422.7
7522,1880.5,2435.77,0.1,2422.7
7523,1880.75,2435.53,0.4,2422.69
7524,1881.0,2435.53,0.2,2422.69
7525,1881.25,2435.77,0.2,2422.69
7526,1881.5,2435.78,0.1,2422.69
7527,1881.75,2437.71,1.7,2422.69
7528,1882.0,2437.71,0.4,2422.68
7529,1882.25,2437.71,0.2,2422.68
7530,1882.5,2438.18,0.6,2422.68
7531,1882.75,2438.68,0.4,2422.68
7532,1883.0,2438.68,0.3,2422.67
7533,1883.25,2438.43,0.1,2422.67
7534,1883.5,2438.68,0.2,2422.67
7535,1883.75,2438.68,0.2,2422.67
7536,1884.0,2438.68,0.1,2422.67
7537,1884.25,2439.33,1.1,2422.66
7538,1884.5,2439.57,0.2,2422.66
7539,1884.75,2440.37,0.3,2422.66
7540,1885.0,2440.85,1.1,2422.66
7541,1885.25,2441.1,0.3,2422.65
7542,1885.5,2440.28,0.2,2422.65
7543,1885.75,2440.73,0.2,2422.65
7544,1886.0,2440.72,0.2,2422.65
7545,1886.25,2440.96,0.2,2422.64
7546,1886.5,2440.07,0.1,2422.64
7547,1886.75,2439.91,1.5,2422.64
7548,1887.0,2439.44,0.2,2422.64
7549,1887.25,2439.68,0.2,2422.64
7550,1887.5,2441.34,0.7,2422.63
7551,1887.75,2441.33,0.4,2422.63
7552,1888.0,2441.07,0.2,2422.63
7553,1888.25,2441.07,0.2,2422.63
7554,1888.5,2441.55,0.2,2422.62
7555,1888.75,2442.0,0.1,2422.62
7556,1889.0,2442.25,0.2,2422.62
7557,1889.25,2438.55,1.4,2422.62
7558,1889.5,2438.78,0.2,2422.61
7559,1889.75,2439.27,0.4,2422.61
7560,1890.0,2439.26,1.3,2422.61
7561,1890.25,2439.5,0.4,2422.61
7562,1890.5,2439.25,0.2,2422.61
7563,1890.75,2439.24,0.1,2422.6
7564,1891.0,2439.47,0.2,2422.6
7565,1891.25,2439.46,0.2,2422.6
7566,1891.5,2439.96,0.2,2422.6
7567,1891.75,2438.5,2.1,2422.59
7568,1892.0,2438.99,0.2,2422.59
7569,1892.25,2439.41,0.2,2422.59
7570,1892.5,2439.91,0.9,2422.59
7571,1892.75,2440.16,0.3,2422.58
7572,1893.0,2440.4,0.2,2422.58
7573,1893.25,2440.41,0.2,2422.58
7574,1893.5,2440.88,0.2,2422.58
7575,1893.75,2441.13,0.2,2422.58
7576,1894.0,2440.59,0.5,2422.57
7577,1894.25,2440.14,1.6,2422.57
7578,1894.5,2440.76,0.3,2422.57
7579,1894.75,2440.77,0.2,2422.57
7580,1895.0,2441.03,0.8,2422.56
7581,1895.25,2440.31,0.2,2422.56
7582,1895.5,2440.56,0.3,2422.56
7583,1895.75,2440.81,0.1,2422.56
7584,1896.0,2441.29,0.2,2422.56
7585,1896.25,2439.62,0.2,2422.55
7586,1896.5,2439.86,0.2,2422.55
7587,1896.75,2438.95,2.0,2422.55
7588,1897.0,2439.2,0.4,2422.55
7589,1897.25,2438.96,0.3,2422.54
7590,1897.5,2436.69,1.0,2422.54
7591,1897.75,2437.18,0.2,2422.54
7592,1898.0,2435.52,0.2,2422.54
7593,1898.25,2435.98,0.3,2422.53
7594,1898.5,2436.47,0.2,2422.53
7595,1898.75,2436.96,0.2,2422.53
7596,1899.0,2437.46,0.1,2422.53
7597,1899.25,2437.7,1.1,2422.53
7598,1899.5,2437.95,0.2,2422.52
7599,1899.75,2438.69,0.4,2422.52
7600,1900.0,2440.71,0.6,2422.52
7601,1900.25,2440.95,0.3,2422.52
7602,1900.5,2441.18,0.2,2422.51
7603,1900.75,2441.66,0.3,2422.51
7604,1901.0,2441.66,0.2,2422.51
7605,1901.25,2442.14,0.3,2422.51
7606,1901.5,2442.6,0.2,2422.5
7607,1901.75,2439.3,1.3,2422.5
7608,1902.0,2439.75,0.4,2422.5
7609,1902.25,2440.0,0.2,2422.5
7610,1902.5,2437.01,1.2,2422.5
7611,1902.75,2436.5,0.3,2422.49
7612,1903.0,2436.5,0.2,2422.49
7613,1903.25,2436.49,0.2,2422.49
7614,1903.5,2436.73,0.2,2422.49
7615,1903.75,2436.97,0.2,2422.48
7616,1904.0,2436.71,0.2,2422.48
7617,1904.25,2435.46,1.1,2422.48
7618,1904.5,2436.19,0.4,2422.48
7619,1904.75,2436.4,0.2,2422.48
7620,1905.0,2436.89,0.9,2422.47
7621,1905.25,2437.38,0.2,2422.47
7622,1905.5,2436.31,0.2,2422.47
7623,1905.75,2436.55,0.4,2422.47
7624,1906.0,2436.77,0.1,2422.46
7625,1906.25,2436.77,0.2,2422.46
7626,1906.5,2437.03,0.3,2422.46
7627,1906.75,2435.69,1.2,2422.46
7628,1907.0,2436.4,0.4,2422.45
7629,1907.25,2436.16,0.3,2422.45
7630,1907.5,2435.6,0.7,2422.45
7631,1907.75,2435.75,0.3,2422.45
7632,1908.0,2436.0,0.2,2422.45
7633,1908.25,2436.23,0.2,2422.44
7634,1908.5,2436.72,0.2,2422.44
7635,1908.75,2437.2,0.2,2422.44
7636,1909.0,2437.54,0.2,2422.44
7637,1909.25,2438.49,0.8,2422.43
7638,1909.5,2438.49,0.4,2422.43
7639,1909.75,2438.73,0.3,2422.43
7640,1910.0,2439.67,0.8,2422.43
7641,1910.25,2439.67,0.2,2422.42
7642,1910.5,2439.9,0.4,2422.42
7643,1910.75,2439.89,0.2,2422.42
7644,1911.0,2440.13,0.2,2422.42
7645,1911.25,2440.13,0.1,2422.42
7646,1911.5,2440.37,0.2,2422.41
7647,1911.75,2439.38,1.2,2422.41
7648,1912.0,2439.88,0.2,2422.41
7649,1912.25,2439.13,0.2,2422.41
7650,1912.5,2439.09,0.8,2422.4
7651,1912.75,2439.33,0.1,2422.4
7652,1913.0,2439.54,0.3,2422.4
7653,1913.25,2439.54,0.1,2422.4
7654,1913.5,2439.28,0.1,2422.39
7655,1913.75,2439.27,0.2,2422.39
7656,1914.0,2439.02,0.3,2422.39
7657,1914.25,2436.34,1.4,2422.39
7658,1914.5,2436.32,0.4,2422.39
7659,1914.75,2436.3,0.3,2422.38
7660,1915.0,2436.55,0.7,2422.38
7661,1915.25,2436.96,0.2,2422.38
7662,1915.5,2436.71,0.2,2422.38
7663,1915.75,2437.46,0.2,2422.37
7664,1916.0,2437.22,0.2,2422.37
7665,1916.25,2437.23,0.2,2422.37
7666,1916.5,2437.92,1.1,2422.37
7667,1916.75,2437.63,0.5,2422.37
7668,1917.0,2437.15,0.6,2422.36
7669,1917.25,2437.61,0.2,2422.36
7670,1917.5,2437.85,0.8,2422.36
7671,1917.75,2436.9,0.4,2422.36
7672,1918.0,2437.61,0.3,2422.35
7673,1918.25,2438.11,0.3,2422.35
7674,1918.5,2438.6,0.2,2422.35
7675,1918.75,2438.57,0.2,2422.35
7676,1919.0,2438.83,1.1,2422.34
7677,1919.25,2439.07,0.4,2422.34
7678,1919.5,2439.52,0.4,2422.34
7679,1919.75,2439.54,0.2,2422.34
7680,1920.0,2440.2,0.6,2422.34
7681,1920.25,2440.2,0.3,2422.33
7682,1920.5,2439.93,0.3,2422.33
7683,1920.75,2440.67,0.1,2422.33
7684,1921.0,2440.44,0.3,2422.33
7685,1921.25,2440.69,0.2,2422.32
7686,1921.5,2439.49,1.2,2422.32
7687,1921.75,2440.75,0.7,2422.32
7688,1922.0,2441.0,0.4,2422.32
7689,1922.25,2441.0,0.3,2422.31
7690,1922.5,2441.0,0.7,2422.31
7691,1922.75,2440.98,0.1,2422.31
7692,1923.0,2441.29,0.4,2422.31
7693,1923.25,2441.29,0.2,2422.31
7694,1923.5,2441.28,0.1,2422.3
7695,1923.75,2441.49,0.2,2422.3
7696,1924.0,2441.98,0.9,2422.3
7697,1924.25,2442.22,0.3,2422.3
7698,1924.5,2441.97,0.2,2422.29
7699,1924.75,2441.96,0.2,2422.29
7700,1925.0,2443.2,1.1,2422.29
7701,1925.25,2442.6,0.2,2422.29
7702,1925.5,2442.84,0.3,2422.28
7703,1925.75,2443.08,0.2,2422.28
7704,1926.0,2443.32,0.1,2422.28
7705,1926.25,2443.77,0.5,2422.28
7706,1926.5,2443.44,1.7,2422.28
7707,1926.75,2440.29,0.2,2422.27
7708,1927.0,2440.78,0.3,2422.27
7709,1927.25,2441.02,0.1,2422.27
7710,1927.5,2436.58,0.7,2422.27
7711,1927.75,2436.82,0.1,2422.26
7712,1928.0,2436.79,0.2,2422.26
7713,1928.25,2437.04,0.2,2422.26
7714,1928.5,2437.98,0.2,2422.26
7715,1928.75,2438.22,0.2,2422.26
7716,1929.0,2439.19,1.1,2422.25
7717,1929.25,2439.68,0.2,2422.25
7718,1929.5,2439.92,0.2,2422.25
7719,1929.75,2439.43,0.2,2422.25
7720,1930.0,2441.63,1.0,2422.24
7721,1930.25,2442.36,0.4,2422.24
7722,1930.5,2442.6,0.4,2422.24
7723,1930.75,2443.09,0.2,2422.24
7724,1931.0,2443.66,0.6,2422.23
7725,1931.25,2442.24,0.3,2422.23
7726,1931.5,2440.53,1.4,2422.23
7727,1931.75,2440.54,0.4,2422.23
7728,1932.0,2441.0,0.3,2422.23
7729,1932.25,2441.25,0.3,2422.22
7730,1932.5,2440.77,0.6,2422.22
7731,1932.75,2441.27,0.2,2422.22
7732,1933.0,2439.36,0.3,2422.22
7733,1933.25,2439.35,0.2,2422.21
7734,1933.5,2439.59,0.3,2422.21
7735,1933.75,2439.34,0.2,2422.21
7736,1934.0,2438.86,1.3,2422.21
7737,1934.25,2439.54,0.2,2422.2
7738,1934.5,2439.55,0.3,2422.2
7739,1934.75,2440.03,0.9,2422.2
7740,1935.0,2440.01,0.2,2422.2
7741,1935.25,2438.83,0.4,2422.2
7742,1935.5,2439.72,0.2,2422.19
7743,1935.75,2440.43,0.1,2422.19
7744,1936.0,2440.43,0.1,2422.19
7745,1936.25,2440.43,0.2,2422.19
7746,1936.5,2439.77,1.8,2422.18
7747,1936.75,2440.25,0.4,2422.18
7748,1937.0,2440.25,0.1,2422.18
7749,1937.25,2440.73,0.9,2422.18
7750,1937.5,2439.29,0.2,2422.17
7751,1937.75,2437.84,0.2,2422.17
7752,1938.0,2437.59,0.2,2422.17
7753,1938.25,2436.81,0.2,2422.17
7754,1938.5,2436.78,0.2,2422.17
7755,1938.75,2437.71,0.3,2422.16
7756,1939.0,2437.63,1.3,2422.16
7757,1939.25,2437.87,0.2,2422.16
7758,1939.5,2438.35,0.4,2422.16
7759,1939.75,2439.83,0.6,2422.15
7760,1940.0,2439.81,0.4,2422.15
7761,1940.25,2439.55,0.3,2422.15
7762,1940.5,2439.78,0.2,2422.15
7763,1940.75,2440.03,0.1,2422.15
7764,1941.0,2440.27,0.1,2422.14
7765,1941.25,2440.51,0.4,2422.14
7766,1941.5,2440.77,1.8,2422.14
7767,1941.75,2441.0,0.6,2422.14
7768,1942.0,2441.0,0.2,2422.13
7769,1942.25,2441.73,0.7,2422.13
7770,1942.5,2441.95,0.3,2422.13
7771,1942.75,2442.15,0.3,2422.13
7772,1943.0,2442.14,0.1,2422.12
7773,1943.25,2442.14,0.2,2422.12
7774,1943.5,2442.14,0.3,2422.12
7775,1943.75,2442.61,0.2,2422.12
7776,1944.0,2439.4,1.1,2422.12
7777,1944.25,2439.63,0.2,2422.11
7778,1944.5,2439.39,0.3,2422.11
7779,1944.75,2439.61,0.7,2422.11
7780,1945.0,2437.71,0.2,2422.11
7781,1945.25,2437.95,0.3,2422.1
7782,1945.5,2437.94,0.2,2422.1
7783,1945.75,2436.49,0.2,2422.1
7784,1946.0,2436.48,0.1,2422.1
7785,1946.25,2438.09,0.4,2422.09
7786,1946.5,2438.09,1.2,2422.09
7787,1946.75,2436.79,0.4,2422.09
7788,1947.0,2437.02,0.2,2422.09
7789,1947.25,2437.54,0.7,2422.09
7790,1947.5,2437.05,0.4,2422.08
7791,1947.75,2437.3,0.2,2422.08
7792,1948.0,2437.78,0.1,2422.08
7793,1948.25,2437.77,0.2,2422.08
7794,1948.5,2438.01,0.1,2422.07
7795,1948.75,2438.25,0.1,2422.07
7796,1949.0,2438.26,1.8,2422.07
7797,1949.25,2438.74,0.4,2422.07
7798,1949.5,2438.98,0.3,2422.07
7799,1949.75,2436.82,1.0,2422.06
7800,1950.0,2436.82,0.3,2422.06
7801,1950.25,2437.28,0.1,2422.06
7802,1950.5,2437.27,0.3,2422.06
7803,1950.75,2437.52,0.3,2422.05
7804,1951.0,2437.97,0.3,2422.05
7805,1951.25,2437.72,0.3,2422.05
7806,1951.5,2437.39,1.5,2422.05
7807,1951.75,2437.61,0.2,2422.04
7808,1952.0,2437.86,0.4,2422.04
7809,1952.25,2441.95,0.7,2422.04
7810,1952.5,2441.95,0.2,2422.04
7811,1952.75,2441.94,0.3,2422.04
7812,1953.0,2442.41,0.2,2422.03
7813,1953.25,2442.65,0.3,2422.03
7814,1953.5,2442.89,0.2,2422.03
7815,1953.75,2441.94,0.3,2422.03
7816,1954.0,2444.32,1.1,2422.02
7817,1954.25,2444.17,0.4,2422.02
7818,1954.5,2444.62,0.4,2422.02
7819,1954.75,2444.63,0.7,2422.02
7820,1955.0,2444.16,0.2,2422.01
7821,1955.25,2444.66,0.3,2422.01
7822,1955.5,2444.91,0.3,2422.01
7823,1955.75,2444.68,0.3,2422.01
7824,1956.0,2438.59,1.7,2422.01
7825,1956.25,2438.61,0.1,2422.0
7826,1956.5,2438.05,0.9,2422.0
7827,1956.75,2438.06,0.4,2422.0
7828,1957.0,2438.06,0.6,2422.0
7829,1957.25,2435.75,0.5,2421.99
7830,1957.5,2436.25,0.4,2421.99
7831,1957.75,2436.73,0.2,2421.99
7832,1958.0,2437.23,0.1,2421.99
7833,1958.25,2435.96,0.2,2421.98
7834,1958.5,2436.42,0.4,2421.98
7835,1958.75,2436.88,0.2,2421.98
7836,1959.0,2436.44,1.0,2421.98
7837,1959.25,2436.93,0.4,2421.98
7838,1959.5,2436.94,0.1,2421.97
7839,1959.75,2435.76,1.2,2421.97
7840,1960.0,2434.34,0.3,2421.97
7841,1960.25,2434.59,0.3,2421.97
7842,1960.5,2435.08,0.2,2421.96
7843,1960.75,2435.32,0.2,2421.96
7844,1961.0,2435.57,0.1,2421.96
7845,1961.25,2436.55,0.3,2421.96
7846,1961.5,2436.55,1.2,2421.96
7847,1961.75,2436.8,0.2,2421.95
7848,1962.0,2437.05,0.2,2421.95
7849,1962.25,2437.29,1.1,2421.95
7850,1962.5,2437.04,0.2,2421.95
7851,1962.75,2437.34,0.2,2421.94
7852,1963.0,2437.09,0.1,2421.94
7853,1963.25,2437.32,0.1,2421.94
7854,1963.5,2437.8,0.4,2421.94
7855,1963.75,2437.8,0.3,2421.93
7856,1964.0,2438.03,1.4,2421.93
7857,1964.25,2436.97,0.2,2421.93
7858,1964.5,2436.71,0.1,2421.93
7859,1964.75,2437.17,0.9,2421.93
7860,1965.0,2437.42,0.2,2421.92
7861,1965.25,2437.91,0.2,2421.92
7862,1965.5,2438.16,0.2,2421.92
7863,1965.75,2438.16,0.4,2421.92
7864,1966.0,2438.38,0.1,2421.91
7865,1966.25,2438.87,0.2,2421.91
7866,1966.5,2439.61,1.6,2421.91
7867,1966.75,2439.84,0.2,2421.91
7868,1967.0,2440.33,0.3,2421.9
7869,1967.25,2439.23,0.8,2421.9
7870,1967.5,2439.89,0.2,2421.9
7871,1967.75,2440.13,0.5,2421.9
7872,1968.0,2440.37,0.2,2421.9
7873,1968.25,2440.36,0.2,2421.89
7874,1968.5,2440.82,0.2,2421.89
7875,1968.75,2440.84,0.2,2421.89
7876,1969.0,2439.6,1.2,2421.89
7877,1969.25,2439.6,0.3,2421.88
7878,1969.5,2440.33,0.3,2421.88
7879,1969.75,2442.78,0.7,2421.88
7880,1970.0,2442.01,0.4,2421.88
7881,1970.25,2442.0,0.2,2421.87
7882,1970.5,2442.48,0.2,2421.87
7883,1970.75,2442.37,0.1,2421.87
7884,1971.0,2442.12,0.2,2421.87
7885,1971.25,2442.39,0.2,2421.87
7886,1971.5,2441.98,1.7,2421.86
7887,1971.75,2441.98,0.2,2421.86
7888,1972.0,2441.75,0.3,2421.86
7889,1972.25,2440.32,0.9,2421.86
7890,1972.5,2440.98,0.3,2421.85
7891,1972.75,2440.97,0.3,2421.85
7892,1973.0,2440.97,0.2,2421.85
7893,1973.25,2441.45,0.1,2421.85
7894,1973.5,2441.7,0.3,2421.85
7895,1973.75,2441.44,0.3,2421.84
7896,1974.0,2440.51,1.4,2421.84
7897,1974.25,2441.0,0.3,2421.84
7898,1974.5,2441.2,0.4,2421.84
7899,1974.75,2441.63,0.7,2421.83
7900,1975.0,2441.87,0.3,2421.83
7901,1975.25,2442.11,0.2,2421.83
7902,1975.5,2442.53,0.2,2421.83
7903,1975.75,2442.52,0.3,2421.82
7904,1976.0,2440.99,0.2,2421.82
7905,1976.25,2440.41,0.2,2421.82
7906,1976.5,2440.95,1.7,2421.82
7907,1976.75,2441.2,0.4,2421.82
7908,1977.0,2439.74,0.2,2421.81
7909,1977.25,2439.5,1.0,2421.81
7910,1977.5,2438.73,0.3,2421.81
7911,1977.75,2439.07,0.5,2421.81
7912,1978.0,2439.55,0.4,2421.8
7913,1978.25,2439.86,0.3,2421.8
7914,1978.5,2440.1,0.1,2421.8
7915,1978.75,2438.32,0.4,2421.8
7916,1979.0,2437.79,1.8,2421.79
7917,1979.25,2438.03,0.3,2421.79
7918,1979.5,2438.48,0.5,2421.79
7919,1979.75,2438.96,0.9,2421.79
7920,1980.0,2439.18,0.3,2421.79
7921,1980.25,2439.41,0.4,2421.78
7922,1980.5,2439.41,0.2,2421.78
7923,1980.75,2439.65,0.2,2421.78
7924,1981.0,2440.35,0.2,2421.78
7925,1981.25,2439.22,0.2,2421.77
7926,1981.5,2440.05,1.2,2421.77
7927,1981.75,2440.04,0.3,2421.77
7928,1982.0,2440.77,0.2,2421.77
7929,1982.25,2441.01,0.7,2421.77
7930,1982.5,2441.0,0.3,2421.76
7931,1982.75,2441.2,0.3,2421.76
7932,1983.0,2441.2,0.2,2421.76
7933,1983.25,2441.19,0.1,2421.76
7934,1983.5,2441.43,0.1,2421.75
7935,1983.75,2438.81,1.0,2421.75
7936,1984.0,2439.26,0.6,2421.75
7937,1984.25,2438.75,0.3,2421.75
7938,1984.5,2438.75,0.2,2421.74
7939,1984.75,2437.65,0.7,2421.74
7940,1985.0,2437.89,0.1,2421.74
7941,1985.25,2437.89,0.2,2421.74
7942,1985.5,2437.62,0.1,2421.74
7943,1985.75,2438.83,0.7,2421.73
7944,1986.0,2439.78,3.8,2421.73
7945,1986.25,2438.59,1.4,2421.73
7946,1986.5,2439.04,0.3,2421.73
7947,1986.75,2439.29,0.3,2421.72
7948,1987.0,2439.53,0.1,2421.72
7949,1987.25,2440.01,1.0,2421.72
7950,1987.5,2440.27,0.2,2421.72
7951,1987.75,2440.26,0.3,2421.71
7952,1988.0,2440.52,0.2,2421.71
7953,1988.25,2440.52,0.3,2421.71
7954,1988.5,2440.75,0.1,2421.71
7955,1988.75,2441.52,0.9,2421.71
7956,1989.0,2441.74,0.4,2421.7
7957,1989.25,2442.23,0.1,2421.7
7958,1989.5,2442.69,0.2,2421.7
7959,1989.75,2438.02,0.8,2421.7
7960,1990.0,2438.27,0.2,2421.69
7961,1990.25,2438.27,0.2,2421.69
7962,1990.5,2438.27,0.3,2421.69
7963,1990.75,2438.51,0.2,2421.69
7964,1991.0,2439.97,0.2,2421.68
7965,1991.25,2439.02,1.6,2421.68
7966,1991.5,2439.04,0.2,2421.68
7967,1991.75,2439.53,0.2,2421.68
7968,1992.0,2439.77,0.2,2421.68
7969,1992.25,2439.8,0.9,2421.67
7970,1992.5,2439.06,0.3,2421.67
7971,1992.75,2439.29,0.2,2421.67
7972,1993.0,2439.28,0.2,2421.67
7973,1993.25,2438.55,0.3,2421.66
7974,1993.5,2438.51,0.1,2421.66
7975,1993.75,2439.73,1.1,2421.66
7976,1994.0,2439.97,0.2,2421.66
7977,1994.25,2440.7,0.4,2421.66
7978,1994.5,2440.45,0.3,2421.65
7979,1994.75,2440.45,1.1,2421.65
7980,1995.0,2440.46,0.2,2421.65
7981,1995.25,2440.71,0.2,2421.65
7982,1995.5,2440.67,0.2,2421.64
7983,1995.75,2438.9,0.3,2421.64
7984,1996.0,2439.12,0.2,2421.64
7985,1996.25,2439.68,1.4,2421.64
7986,1996.5,2439.93,0.2,2421.63
7987,1996.75,2439.93,0.3,2421.63
7988,1997.0,2440.17,0.2,2421.63
7989,1997.25,2440.17,0.7,2421.63
7990,1997.5,2440.67,0.2,2421.63
7991,1997.75,2440.88,0.3,2421.62
7992,1998.0,2441.38,0.2,2421.62
7993,1998.25,2441.38,0.1,2421.62
7994,1998.5,2441.66,0.2,2421.62
7995,1998.75,2441.65,1.4,2421.61
7996,1999.0,2441.65,0.2,2421.61
7997,1999.25,2442.14,0.4,2421.61
7998,1999.5,2441.89,0.1,2421.61
7999,1999.75,2440.92,0.6,2421.6
8000,2000.0,2441.15,0.6,2421.6
8001,2000.25,2441.38,0.3,2421.6
8002,2000.5,2441.62,0.2,2421.6
8003,2000.75,2441.86,0.1,2421.6
8004,2001.0,2442.36,0.3,2421.59
8005,2001.25,2442.57,1.0,2421.59
8006,2001.5,2442.8,0.3,2421.59
8007,2001.75,2442.79,0.2,2421.59
8008,2002.0,2442.76,0.2,2421.58
8009,2002.25,2440.61,0.9,2421.58
8010,2002.5,2440.62,0.3,2421.58
8011,2002.75,2440.87,0.4,2421.58
8012,2003.0,2441.11,0.2,2421.57
8013,2003.25,2441.6,0.1,2421.57
8014,2003.5,2440.07,0.4,2421.57
8015,2003.75,2437.82,1.1,2421.57
8016,2004.0,2438.07,0.4,2421.57
8017,2004.25,2438.32,0.4,2421.56
8018,2004.5,2438.32,0.2,2421.56
8019,2004.75,2438.81,0.9,2421.56
8020,2005.0,2438.8,0.2,2421.56
8021,2005.25,2437.84,0.4,2421.55
8022,2005.5,2437.6,0.1,2421.55
8023,2005.75,2438.31,0.2,2421.55
8024,2006.0,2439.81,0.2,2421.55
8025,2006.25,2441.62,1.1,2421.55
8026,2006.5,2441.61,0.5,2421.54
8027,2006.75,2441.87,0.2,2421.54
8028,2007.0,2442.85,0.6,2421.54
8029,2007.25,2442.6,0.3,2421.54
8030,2007.5,2441.88,0.5,2421.53
8031,2007.75,2442.11,0.2,2421.53
8032,2008.0,2442.54,0.1,2421.53
8033,2008.25,2442.76,0.2,2421.53
8034,2008.5,2442.53,0.2,2421.52
8035,2008.75,2440.79,1.1,2421.52
8036,2009.0,2441.7,0.2,2421.52
8037,2009.25,2441.45,0.3,2421.52
8038,2009.5,2441.75,3.0,2421.52
8039,2009.75,2442.24,0.4,2421.51
8040,2010.0,2442.24,0.3,2421.51
8041,2010.25,2442.7,0.1,2421.51
8042,2010.5,2442.7,0.2,2421.51
8043,2010.75,2442.7,0.1,2421.5
8044,2011.0,2443.2,0.1,2421.5
8045,2011.25,2440.58,1.2,2421.5
8046,2011.5,2440.83,0.5,2421.5
8047,2011.75,2438.93,0.4,2421.49
8048,2012.0,2438.38,0.8,2421.49
8049,2012.25,2439.11,0.5,2421.49
8050,2012.5,2439.59,0.3,2421.49
8051,2012.75,2440.09,0.2,2421.49
8052,2013.0,2440.1,0.2,2421.48
8053,2013.25,2440.34,0.2,2421.48
8054,2013.5,2441.1,0.2,2421.48
8055,2013.75,2440.5,1.2,2421.48
8056,2014.0,2441.0,0.2,2421.47
8057,2014.25,2441.0,0.4,2421.47
8058,2014.5,2439.2,0.6,2421.47
8059,2014.75,2438.96,0.2,2421.47
8060,2015.0,2438.96,0.3,2421.47
8061,2015.25,2438.96,0.2,2421.46
8062,2015.5,2439.19,0.1,2421.46
8063,2015.75,2439.89,0.2,2421.46
8064,2016.0,2440.14,0.3,2421.46
8065,2016.25,2441.07,1.4,2421.45
8066,2016.5,2441.81,0.2,2421.45
8067,2016.75,2442.05,0.2,2421.45
8068,2017.0,2438.73,0.9,2421.45
8069,2017.25,2439.18,0.3,2421.44
8070,2017.5,2439.65,0.3,2421.44
8071,2017.75,2439.89,0.2,2421.44
8072,2018.0,2439.65,0.3,2421.44
8073,2018.25,2439.66,0.3,2421.44
8074,2018.5,2439.66,0.2,2421.43
8075,2018.75,2441.62,1.3,2421.43
8076,2019.0,2441.62,0.3,2421.43
8077,2019.25,2441.88,0.4,2421.43
8078,2019.5,2442.37,0.9,2421.42
8079,2019.75,2442.62,0.2,2421.42
8080,2020.0,2442.36,0.2,2421.42
8081,2020.25,2442.11,0.3,2421.42
8082,2020.5,2442.12,0.2,2421.41
8083,2020.75,2442.1,0.2,2421.41
8084,2021.0,2442.51,0.4,2421.41
8085,2021.25,2442.27,1.0,2421.41
8086,2021.5,2442.51,0.2,2421.41
8087,2021.75,2442.95,0.2,2421.4
8088,2022.0,2442.7,0.9,2421.4
8089,2022.25,2442.94,0.3,2421.4
8090,2022.5,2442.94,0.2,2421.4
8091,2022.75,2442.7,0.2,2421.39
8092,2023.0,2442.71,0.2,2421.39
8093,2023.25,2442.92,0.4,2421.39
8094,2023.5,2443.41,0.3,2421.39
8095,2023.75,2443.9,1.1,2421.38
8096,2024.0,2443.91,0.3,2421.38
8097,2024.25,2444.16,0.2,2421.38
8098,2024.5,2444.41,1.0,2421.38
8099,2024.75,2444.83,0.1,2421.38
8100,2025.0,2445.32,0.3,2421.37
8101,2025.25,2443.31,0.2,2421.37
8102,2025.5,2441.64,0.2,2421.37
8103,2025.75,2441.41,0.3,2421.37
8104,2026.0,2441.65,0.1,2421.36
8105,2026.25,2443.36,1.1,2421.36
8106,2026.5,2443.61,0.4,2421.36
8107,2026.75,2444.07,0.2,2421.36
8108,2027.0,2445.46,0.6,2421.36
8109,2027.25,2445.72,0.2,2421.35
8110,2027.5,2446.2,0.1,2421.35
8111,2027.75,2446.45,0.3,2421.35
8112,2028.0,2446.45,0.2,2421.35
8113,2028.25,2446.7,0.3,2421.34
8114,2028.5,2446.82,0.4,2421.34
8115,2028.75,2445.62,1.0,2421.34
8116,2029.0,2446.29,0.2,2421.34
8117,2029.25,2446.79,0.4,2421.33
8118,2029.5,2446.07,0.6,2421.33
8119,2029.75,2446.09,0.2,2421.33
8120,2030.0,2446.32,0.4,2421.33
8121,2030.25,2446.09,0.2,2421.33
8122,2030.5,2445.84,0.1,2421.32
8123,2030.75,2445.83,0.2,2421.32
8124,2031.0,2446.29,0.4,2421.32
8125,2031.25,2443.18,1.1,2421.32
8126,2031.5,2442.7,0.2,2421.31
8127,2031.75,2442.43,0.3,2421.31
8128,2032.0,2442.92,0.7,2421.31
8129,2032.25,2442.85,0.2,2421.31
8130,2032.5,2442.86,0.2,2421.3
8131,2032.75,2443.1,0.3,2421.3
8132,2033.0,2443.34,0.3,2421.3
8133,2033.25,2443.55,0.1,2421.3
8134,2033.5,2442.6,1.1,2421.3
8135,2033.75,2442.59,0.4,2421.29
8136,2034.0,2442.83,0.2,2421.29
8137,2034.25,2442.33,0.6,2421.29
8138,2034.5,2441.08,0.3,2421.29
8139,2034.75,2440.07,0.3,2421.28
8140,2035.0,2440.3,0.1,2421.28
8141,2035.25,2440.3,0.1,2421.28
8142,2035.5,2440.3,0.3,2421.28
8143,2035.75,2440.27,0.2,2421.27
8144,2036.0,2442.3,1.3,2421.27
8145,2036.25,2442.27,0.2,2421.27
8146,2036.5,2442.76,0.4,2421.27
8147,2036.75,2442.28,0.7,2421.27
8148,2037.0,2442.02,0.2,2421.26
8149,2037.25,2442.01,0.2,2421.26
8150,2037.5,2442.75,0.2,2421.26
8151,2037.75,2442.73,0.2,2421.26
8152,2038.0,2442.48,0.1,2421.25
8153,2038.25,2442.47,0.1,2421.25
8154,2038.5,2441.61,1.1,2421.25
8155,2038.75,2441.57,0.2,2421.25
8156,2039.0,2442.05,0.4,2421.25
8157,2039.25,2442.51,0.7,2421.24
8158,2039.5,2442.5,0.4,2421.24
8159,2039.75,2442.99,0.4,2421.24
8160,2040.0,2442.81,0.1,2421.24
8161,2040.25,2443.06,0.2,2421.23
8162,2040.5,2442.33,0.1,2421.23
8163,2040.75,2443.04,0.1,2421.23
8164,2041.0,2444.96,1.8,2421.23
8165,2041.25,2443.79,0.4,2421.22
8166,2041.5,2444.04,0.2,2421.22
8167,2041.75,2443.09,0.7,2421.22
8168,2042.0,2443.09,0.1,2421.22
8169,2042.25,2443.33,0.4,2421.22
8170,2042.5,2443.78,0.2,2421.21
8171,2042.75,2444.02,0.1,2421.21
8172,2043.0,2444.02,0.2,2421.21
8173,2043.25,2445.15,0.2,2421.21
8174,2043.5,2442.62,1.1,2421.2
8175,2043.75,2442.82,0.4,2421.2
8176,2044.0,2443.52,0.4,2421.2
8177,2044.25,2443.52,0.8,2421.2
8178,2044.5,2443.75,0.3,2421.19
8179,2044.75,2443.73,0.2,2421.19
8180,2045.0,2444.22,0.3,2421.19
8181,2045.25,2444.46,0.3,2421.19
8182,2045.5,2444.71,0.1,2421.19
8183,2045.75,2444.7,0.2,2421.18
8184,2046.0,2442.71,1.2,2421.18
8185,2046.25,2443.2,0.4,2421.18
8186,2046.5,2443.45,0.2,2421.18
8187,2046.75,2444.12,0.7,2421.17
8188,2047.0,2444.61,0.4,2421.17
8189,2047.25,2445.5,0.2,2421.17
8190,2047.5,2445.51,0.2,2421.17
8191,2047.75,2445.74,0.1,2421.17
8192,2048.0,2445.71,0.2,2421.16
8193,2048.25,2445.95,0.2,2421.16
8194,2048.5,2443.96,0.6,2421.16
8195,2048.75,2443.96,0.2,2421.16
8196,2049.0,2442.95,0.4,2421.15
8197,2049.25,2443.44,0.9,2421.15
8198,2049.5,2443.93,0.2,2421.15
8199,2049.75,2444.17,0.2,2421.15
8200,2050.0,2444.17,0.3,2421.14
8201,2050.25,2444.63,0.2,2421.14
8202,2050.5,2444.18,0.2,2421.14
8203,2050.75,2442.47,0.2,2421.14
8204,2051.0,2440.7,1.8,2421.14
8205,2051.25,2440.7,0.3,2421.13
8206,2051.5,2440.94,0.4,2421.13
8207,2051.75,2439.97,0.6,2421.13
8208,2052.0,2439.98,0.4,2421.13
8209,2052.25,2440.46,0.2,2421.12
8210,2052.5,2440.71,0.2,2421.12
8211,2052.75,2441.39,0.2,2421.12
8212,2053.0,2441.65,0.2,2421.12
8213,2053.25,2440.14,0.1,2421.11
8214,2053.5,2442.84,1.3,2421.11
8215,2053.75,2443.58,0.2,2421.11
8216,2054.0,2443.82,0.2,2421.11
8217,2054.25,2439.62,1.0,2421.11
8218,2054.5,2439.37,0.2,2421.1
8219,2054.75,2439.37,0.4,2421.1
8220,2055.0,2439.37,0.1,2421.1
8221,2055.25,2439.36,0.2,2421.1
8222,2055.5,2437.41,0.2,2421.09
8223,2055.75,2437.7,0.2,2421.09
8224,2056.0,2435.24,1.3,2421.09
8225,2056.25,2435.54,0.1,2421.09
8226,2056.5,2435.79,0.4,2421.08
8227,2056.75,2436.04,0.7,2421.08
8228,2057.0,2436.04,0.3,2421.08
8229,2057.25,2435.8,0.3,2421.08
8230,2057.5,2436.06,0.3,2421.08
8231,2057.75,2435.82,0.2,2421.07
8232,2058.0,2436.08,0.1,2421.07
8233,2058.25,2435.59,0.2,2421.07
8234,2058.5,2437.68,1.0,2421.07
8235,2058.75,2438.16,0.1,2421.06
8236,2059.0,2438.65,0.2,2421.06
8237,2059.25,2438.16,0.8,2421.06
8238,2059.5,2438.41,0.3,2421.06
8239,2059.75,2438.66,0.2,2421.06
8240,2060.0,2438.68,0.3,2421.05
8241,2060.25,2438.68,0.1,2421.05
8242,2060.5,2438.93,0.2,2421.05
8243,2060.75,2438.02,0.4,2421.05
8244,2061.0,2435.82,1.2,2421.04
8245,2061.25,2435.82,0.3,2421.04
8246,2061.5,2436.18,0.4,2421.04
8247,2061.75,2436.41,0.7,2421.04
8248,2062.0,2436.66,0.4,2421.03
8249,2062.25,2436.65,1.9,2421.03
8250,2062.5,2436.39,0.2,2421.03
8251,2062.75,2436.39,0.2,2421.03
8252,2063.0,2436.14,0.3,2421.03
8253,2063.25,2437.36,1.4,2421.02
8254,2063.5,2437.59,0.4,2421.02
8255,2063.75,2437.29,0.2,2421.02
8256,2064.0,2437.06,0.9,2421.02
8257,2064.25,2437.55,0.3,2421.01
8258,2064.5,2437.79,0.2,2421.01
8259,2064.75,2438.04,0.3,2421.01
8260,2065.0,2438.5,0.2,2421.01
8261,2065.25,2438.51,0.2,2421.0
8262,2065.5,2439.05,0.5,2421.0
8263,2065.75,2443.3,0.9,2421.0
8264,2066.0,2443.79,0.3,2421.0
8265,2066.25,2444.04,0.2,2421.0
8266,2066.5,2444.27,0.8,2420.99
8267,2066.75,2443.56,0.2,2420.99
8268,2067.0,2444.01,0.4,2420.99
8269,2067.25,2444.5,0.2,2420.99
8270,2067.5,2444.74,0.3,2420.98
8271,2067.75,2444.73,0.2,2420.98
8272,2068.0,2444.98,0.2,2420.98
8273,2068.25,2438.05,1.3,2420.98
8274,2068.5,2438.54,0.2,2420.97
8275,2068.75,2438.79,0.3,2420.97
8276,2069.0,2439.04,0.7,2420.97
8277,2069.25,2439.45,0.3,2420.97
8278,2069.5,2440.16,0.2,2420.97
8279,2069.75,2440.16,0.2,2420.96
8280,2070.0,2440.39,0.2,2420.96
8281,2070.25,2440.39,0.2,2420.96
8282,2070.5,2439.88,0.2,2420.96
8283,2070.75,2440.23,1.3,2420.95
8284,2071.0,2440.47,0.3,2420.95
8285,2071.25,2440.95,0.4,2420.95
8286,2071.5,2442.95,0.6,2420.95
8287,2071.75,2443.18,0.2,2420.95
8288,2072.0,2443.44,0.2,2420.94
8289,2072.25,2442.34,0.2,2420.94
8290,2072.5,2442.59,0.2,2420.94
8291,2072.75,2443.59,0.2,2420.94
8292,2073.0,2443.35,0.1,2420.93
8293,2073.25,2443.06,1.2,2420.93
8294,2073.5,2443.05,0.3,2420.93
8295,2073.75,2443.78,0.3,2420.93
8296,2074.0,2438.89,0.8,2420.92
8297,2074.25,2439.15,0.3,2420.92
8298,2074.5,2439.61,0.2,2420.92
8299,2074.75,2439.61,0.1,2420.92
8300,2075.0,2439.14,0.2,2420.92
8301,2075.25,2439.38,0.4,2420.91
8302,2075.5,2438.71,0.9,2420.91
8303,2075.75,2438.71,0.3,2420.91
8304,2076.0,2438.47,0.2,2420.91
8305,2076.25,2438.22,0.2,2420.9
8306,2076.5,2437.13,0.9,2420.9
8307,2076.75,2437.38,0.2,2420.9
8308,2077.0,2437.85,0.3,2420.9
8309,2077.25,2438.34,0.2,2420.89
8310,2077.5,2438.34,0.1,2420.89
8311,2077.75,2439.05,0.2,2420.89
8312,2078.0,2437.32,1.2,2420.89
8313,2078.25,2437.57,0.2,2420.89
8314,2078.5,2437.57,0.2,2420.88
8315,2078.75,2437.57,0.7,2420.88
8316,2079.0,2437.58,0.3,2420.88
8317,2079.25,2437.57,0.2,2420.88
8318,2079.5,2438.27,0.2,2420.87
8319,2079.75,2438.76,0.2,2420.87
8320,2080.0,2438.99,0.3,2420.87
8321,2080.25,2439.44,0.1,2420.87
8322,2080.5,2438.71,1.2,2420.87
8323,2080.75,2439.43,0.2,2420.86
8324,2081.0,2439.68,0.3,2420.86
8325,2081.25,2438.67,0.7,2420.86
8326,2081.5,2438.18,0.3,2420.86
8327,2081.75,2438.63,0.2,2420.85
8328,2082.0,2438.62,0.2,2420.85
8329,2082.25,2438.63,0.3,2420.85
8330,2082.5,2439.09,0.2,2420.85
8331,2082.75,2439.32,0.1,2420.84
8332,2083.0,2438.5,1.1,2420.84
8333,2083.25,2438.73,0.2,2420.84
8334,2083.5,2438.97,0.3,2420.84
8335,2083.75,2437.0,0.6,2420.84
8336,2084.0,2436.75,0.2,2420.83
8337,2084.25,2436.98,0.5,2420.83
8338,2084.5,2436.97,0.2,2420.83
8339,2084.75,2437.22,0.2,2420.83
8340,2085.0,2437.21,0.3,2420.82
8341,2085.25,2437.67,0.1,2420.82
8342,2085.5,2439.14,1.0,2420.82
8343,2085.75,2439.13,0.2,2420.82
8344,2086.0,2439.38,0.2,2420.81
8345,2086.25,2440.34,1.0,2420.81
8346,2086.5,2440.58,0.4,2420.81
8347,2086.75,2441.07,0.3,2420.81
8348,2087.0,2441.02,0.1,2420.81
8349,2087.25,2440.79,0.3,2420.8
8350,2087.5,2441.02,0.4,2420.8
8351,2087.75,2441.01,0.4,2420.8
8352,2088.0,2438.24,1.4,2420.8
8353,2088.25,2438.88,0.2,2420.79
8354,2088.5,2438.62,0.4,2420.79
8355,2088.75,2438.17,0.9,2420.79
8356,2089.0,2438.42,0.3,2420.79
8357,2089.25,2438.63,0.5,2420.78
8358,2089.5,2438.84,0.1,2420.78
8359,2089.75,2439.08,0.2,2420.78
8360,2090.0,2438.83,0.2,2420.78
8361,2090.25,2439.07,0.2,2420.78
8362,2090.5,2440.11,1.3,2420.77
8363,2090.75,2440.34,0.2,2420.77
8364,2091.0,2440.58,0.4,2420.77
8365,2091.25,2441.07,0.6,2420.77
8366,2091.5,2441.77,0.2,2420.76
8367,2091.75,2441.76,0.3,2420.76
8368,2092.0,2441.52,0.2,2420.76
8369,2092.25,2440.01,0.2,2420.76
8370,2092.5,2440.24,0.2,2420.76
8371,2092.75,2440.21,0.2,2420.75
8372,2093.0,2434.24,1.1,2420.75
8373,2093.25,2434.73,0.2,2420.75
8374,2093.5,2435.22,0.2,2420.75
8375,2093.75,2435.67,0.6,2420.74
8376,2094.0,2436.16,0.4,2420.74
8377,2094.25,2436.64,0.3,2420.74
8378,2094.5,2436.61,0.3,2420.74
8379,2094.75,2435.54,0.4,2420.73
8380,2095.0,2436.01,0.2,2420.73
8381,2095.25,2436.63,0.2,2420.73
8382,2095.5,2437.84,1.0,2420.73
8383,2095.75,2438.33,0.4,2420.73
8384,2096.0,2438.57,0.2,2420.72
8385,2096.25,2438.8,1.0,2420.72
8386,2096.5,2439.02,0.2,2420.72
8387,2096.75,2439.5,0.1,2420.72
8388,2097.0,2439.75,0.1,2420.71
8389,2097.25,2439.98,0.4,2420.71
8390,2097.5,2439.73,0.3,2420.71
8391,2097.75,2439.48,0.2,2420.71
8392,2098.0,2440.21,1.0,2420.7
8393,2098.25,2440.66,0.3,2420.7
8394,2098.5,2440.9,0.2,2420.7
8395,2098.75,2440.89,0.6,2420.7
8396,2099.0,2441.14,0.2,2420.7
8397,2099.25,2441.87,0.2,2420.69
8398,2099.5,2440.9,0.2,2420.69
8399,2099.75,2440.64,0.2,2420.69
8400,2100.0,2441.1,0.3,2420.69
8401,2100.25,2439.98,0.2,2420.68
8402,2100.5,2440.46,2.2,2420.68
8403,2100.75,2441.16,0.2,2420.68
8404,2101.0,2441.16,0.2,2420.68
8405,2101.25,2441.63,0.9,2420.67
8406,2101.5,2441.63,0.4,2420.67
8407,2101.75,2441.86,0.3,2420.67
8408,2102.0,2442.11,0.2,2420.67
8409,2102.25,2442.24,0.2,2420.67
8410,2102.5,2442.23,0.2,2420.66
8411,2102.75,2442.47,0.3,2420.66
8412,2103.0,2441.91,0.9,2420.66
8413,2103.25,2442.39,0.5,2420.66
8414,2103.5,2442.88,0.4,2420.65
8415,2103.75,2442.63,0.8,2420.65
8416,2104.0,2442.87,0.3,2420.65
8417,2104.25,2443.09,0.2,2420.65
8418,2104.5,2443.56,0.2,2420.65
8419,2104.75,2442.15,0.2,2420.64
8420,2105.0,2442.13,0.2,2420.64
8421,2105.25,2442.38,0.3,2420.64
8422,2105.5,2442.43,1.2,2420.64
8423,2105.75,2437.48,0.4,2420.63
8424,2106.0,2437.97,0.5,2420.63
8425,2106.25,2438.71,0.6,2420.63
8426,2106.5,2438.45,0.3,2420.63
8427,2106.75,2438.7,0.2,2420.62
8428,2107.0,2438.68,0.3,2420.62
8429,2107.25,2438.92,0.2,2420.62
8430,2107.5,2438.91,0.3,2420.62
8431,2107.75,2438.91,0.2,2420.62
8432,2108.0,2442.52,1.5,2420.61
8433,2108.25,2442.97,0.3,2420.61
8434,2108.5,2443.67,0.4,2420.61
8435,2108.75,2444.15,0.6,2420.61
8436,2109.0,2444.4,0.4,2420.6
8437,2109.25,2444.38,0.2,2420.6
8438,2109.5,2444.62,0.2,2420.6
8439,2109.75,2444.61,0.3,2420.6
8440,2110.0,2443.93,0.4,2420.59
8441,2110.25,2444.89,0.2,2420.59
8442,2110.5,2445.39,1.1,2420.59
8443,2110.75,2444.1,0.4,2420.59
8444,2111.0,2443.33,0.6,2420.59
8445,2111.25,2442.61,0.8,2420.58
8446,2111.5,2442.12,0.5,2420.58
8447,2111.75,2442.38,0.3,2420.58
8448,2112.0,2443.09,0.2,2420.58
8449,2112.25,2443.59,0.2,2420.57
8450,2112.5,2443.36,0.2,2420.57
8451,2112.75,2443.61,0.2,2420.57
8452,2113.0,2443.86,0.9,2420.57
8453,2113.25,2443.62,0.2,2420.57
8454,2113.5,2443.84,0.2,2420.56
8455,2113.75,2442.91,0.8,2420.56
8456,2114.0,2442.06,0.3,2420.56
8457,2114.25,2442.28,0.2,2420.56
8458,2114.5,2442.28,0.2,2420.55
8459,2114.75,2442.28,0.2,2420.55
8460,2115.0,2442.75,0.2,2420.55
8461,2115.25,2443.68,0.4,2420.55
8462,2115.5,2441.46,0.9,2420.54
8463,2115.75,2441.47,0.2,2420.54
8464,2116.0,2441.71,0.4,2420.54
8465,2116.25,2441.71,0.6,2420.54
8466,2116.5,2442.21,0.4,2420.54
8467,2116.75,2441.95,0.1,2420.53
8468,2117.0,2442.21,0.2,2420.53
8469,2117.25,2442.89,0.1,2420.53
8470,2117.5,2442.9,0.2,2420.53
8471,2117.75,2443.14,0.3,2420.52
8472,2118.0,2444.91,1.5,2420.52
8473,2118.25,2445.38,0.4,2420.52
8474,2118.5,2445.63,0.2,2420.52
8475,2118.75,2442.91,0.6,2420.51
8476,2119.0,2442.9,0.2,2420.51
8477,2119.25,2442.65,0.4,2420.51
8478,2119.5,2443.14,0.3,2420.51
8479,2119.75,2443.13,0.2,2420.51
8480,2120.0,2443.34,0.2,2420.5
8481,2120.25,2442.36,0.4,2420.5
8482,2120.5,2442.58,1.2,2420.5
8483,2120.75,2441.32,0.4,2420.5
8484,2121.0,2442.02,0.3,2420.49
8485,2121.25,2442.26,0.9,2420.49
8486,2121.5,2442.0,0.3,2420.49
8487,2121.75,2442.49,0.3,2420.49
8488,2122.0,2442.48,0.1,2420.48
8489,2122.25,2442.93,0.2,2420.48
8490,2122.5,2443.39,0.2,2420.48
8491,2122.75,2439.43,1.3,2420.48
8492,2123.0,2439.43,0.4,2420.48
8493,2123.25,2439.42,0.4,2420.47
8494,2123.5,2439.43,0.1,2420.47
8495,2123.75,2439.68,0.7,2420.47
8496,2124.0,2439.67,0.3,2420.47
8497,2124.25,2439.66,0.2,2420.46
8498,2124.5,2439.9,0.1,2420.46
8499,2124.75,2439.88,0.3,2420.46
8500,2125.0,2441.21,0.2,2420.46
8501,2125.25,2440.94,1.4,2420.46
8502,2125.5,2442.14,0.6,2420.45
8503,2125.75,2442.38,0.2,2420.45
8504,2126.0,2440.49,0.3,2420.45
8505,2126.25,2437.14,0.5,2420.45
8506,2126.5,2437.38,0.3,2420.44
8507,2126.75,2437.62,0.4,2420.44
8508,2127.0,2436.32,0.1,2420.44
8509,2127.25,2436.32,0.1,2420.44
8510,2127.5,2436.08,0.1,2420.43
8511,2127.75,2433.8,1.1,2420.43
8512,2128.0,2433.79,0.2,2420.43
8513,2128.25,2434.04,0.3,2420.43
8514,2128.5,2434.05,0.2,2420.43
8515,2128.75,2434.04,0.6,2420.42
8516,2129.0,2434.29,0.2,2420.42
8517,2129.25,2434.53,0.4,2420.42
8518,2129.5,2434.75,0.2,2420.42
8519,2129.75,2433.47,0.2,2420.41
8520,2130.0,2433.72,0.1,2420.41
8521,2130.25,2433.04,1.9,2420.41
8522,2130.5,2433.53,0.2,2420.41
8523,2130.75,2434.0,0.6,2420.4
8524,2131.0,2434.25,0.2,2420.4
8525,2131.25,2434.74,0.6,2420.4
8526,2131.5,2434.99,0.2,2420.4
8527,2131.75,2434.99,0.2,2420.4
8528,2132.0,2435.7,0.2,2420.39
8529,2132.25,2435.95,0.2,2420.39
8530,2132.5,2436.64,0.4,2420.39
8531,2132.75,2437.12,1.0,2420.39
8532,2133.0,2437.61,0.8,2420.38
8533,2133.25,2435.99,0.3,2420.38
8534,2133.5,2436.48,0.7,2420.38
8535,2133.75,2435.93,0.4,2420.38
8536,2134.0,2435.93,0.4,2420.37
8537,2134.25,2436.41,0.4,2420.37
8538,2134.5,2436.65,0.2,2420.37
8539,2134.75,2436.39,0.2,2420.37
8540,2135.0,2436.39,0.2,2420.37
8541,2135.25,2436.87,1.3,2420.36
8542,2135.5,2437.35,0.2,2420.36
8543,2135.75,2437.59,0.2,2420.36
8544,2136.0,2437.83,0.8,2420.36
8545,2136.25,2438.32,0.4,2420.35
8546,2136.5,2438.76,0.2,2420.35
8547,2136.75,2439.0,0.2,2420.35
8548,2137.0,2438.75,0.2,2420.35
8549,2137.25,2438.96,0.4,2420.35
8550,2137.5,2439.66,0.2,2420.34
8551,2137.75,2442.86,1.2,2420.34
8552,2138.0,2443.34,0.3,2420.34
8553,2138.25,2443.32,0.6,2420.34
8554,2138.5,2443.82,0.6,2420.33
8555,2138.75,2444.3,0.2,2420.33
8556,2139.0,2444.54,0.2,2420.33
8557,2139.25,2444.52,0.2,2420.33
8558,2139.5,2444.52,0.1,2420.32
8559,2139.75,2444.48,0.2,2420.32
8560,2140.0,2444.98,0.4,2420.32
8561,2140.25,2443.07,1.4,2420.32
8562,2140.5,2443.8,0.2,2420.32
8563,2140.75,2443.8,0.4,2420.31
8564,2141.0,2445.28,0.6,2420.31
8565,2141.25,2443.83,0.3,2420.31
8566,2141.5,2444.08,0.3,2420.31
8567,2141.75,2444.08,0.2,2420.3
8568,2142.0,2444.07,0.1,2420.3
8569,2142.25,2442.88,0.2,2420.3
8570,2142.5,2443.12,0.2,2420.3
8571,2142.75,2446.97,1.4,2420.29
8572,2143.0,2447.22,0.2,2420.29
8573,2143.25,2446.97,0.4,2420.29
8574,2143.5,2447.49,0.8,2420.29
8575,2143.75,2446.31,0.2,2420.29
8576,2144.0,2446.55,0.2,2420.28
8577,2144.25,2446.79,0.2,2420.28
8578,2144.5,2446.79,0.2,2420.28
8579,2144.75,2447.04,0.2,2420.28
8580,2145.0,2446.79,0.2,2420.27
8581,2145.25,2441.6,1.3,2420.27
8582,2145.5,2441.98,0.2,2420.27
8583,2145.75,2442.47,0.2,2420.27
8584,2146.0,2443.95,0.9,2420.27
8585,2146.25,2444.45,0.2,2420.26
8586,2146.5,2444.69,0.2,2420.26
8587,2146.75,2444.86,0.3,2420.26
8588,2147.0,2445.1,0.1,2420.26
8589,2147.25,2445.35,0.1,2420.25
8590,2147.5,2445.36,0.3,2420.25
8591,2147.75,2443.41,1.1,2420.25
8592,2148.0,2443.59,0.2,2420.25
8593,2148.25,2443.84,0.3,2420.24
8594,2148.5,2441.92,0.7,2420.24
8595,2148.75,2441.73,0.2,2420.24
8596,2149.0,2441.97,0.2,2420.24
8597,2149.25,2441.96,0.2,2420.24
8598,2149.5,2442.41,0.2,2420.23
8599,2149.75,2442.66,0.1,2420.23
8600,2150.0,2442.16,0.2,2420.23
8601,2150.25,2440.19,0.9,2420.23
8602,2150.5,2440.91,0.2,2420.22
8603,2150.75,2440.66,0.2,2420.22
8604,2151.0,2440.64,0.9,2420.22
8605,2151.25,2441.1,0.2,2420.22
8606,2151.5,2441.35,0.4,2420.21
8607,2151.75,2441.83,0.3,2420.21
8608,2152.0,2442.49,0.3,2420.21
8609,2152.25,2442.23,0.1,2420.21
8610,2152.5,2441.74,0.2,2420.21
8611,2152.75,2440.98,1.3,2420.2
8612,2153.0,2440.98,0.3,2420.2
8613,2153.25,2440.73,0.2,2420.2
8614,2153.5,2440.94,0.6,2420.2
8615,2153.75,2441.18,0.2,2420.19
8616,2154.0,2441.17,0.4,2420.19
8617,2154.25,2441.16,0.2,2420.19
8618,2154.5,2441.4,0.2,2420.19
8619,2154.75,2442.14,0.2,2420.18
8620,2155.0,2440.88,0.2,2420.18
8621,2155.25,2440.88,1.4,2420.18
8622,2155.5,2441.36,0.2,2420.18
8623,2155.75,2441.6,0.4,2420.18
8624,2156.0,2441.07,0.9,2420.17
8625,2156.25,2441.55,0.2,2420.17
8626,2156.5,2442.28,0.3,2420.17
8627,2156.75,2442.48,0.2,2420.17
8628,2157.0,2443.23,0.2,2420.16
8629,2157.25,2443.23,0.1,2420.16
8630,2157.5,2443.48,0.2,2420.16
8631,2157.75,2442.45,1.1,2420.16
8632,2158.0,2442.95,0.2,2420.16
8633,2158.25,2443.19,0.4,2420.15
8634,2158.5,2443.93,0.7,2420.15
8635,2158.75,2443.7,0.3,2420.15
8636,2159.0,2443.94,0.3,2420.15
8637,2159.25,2443.96,0.1,2420.14
8638,2159.5,2444.43,0.1,2420.14
8639,2159.75,2444.67,0.2,2420.14
8640,2160.0,2444.5,0.4,2420.14
8641,2160.25,2438.66,1.4,2420.13
8642,2160.5,2439.53,0.5,2420.13
8643,2160.75,2439.53,0.3,2420.13
8644,2161.0,2439.54,0.8,2420.13
8645,2161.25,2440.02,0.2,2420.13
8646,2161.5,2439.79,0.1,2420.12
8647,2161.75,2439.79,0.2,2420.12
8648,2162.0,2440.03,0.1,2420.12
8649,2162.25,2439.8,0.1,2420.12
8650,2162.5,2439.56,0.1,2420.11
8651,2162.75,2438.93,1.3,2420.11
8652,2163.0,2439.18,0.2,2420.11
8653,2163.25,2439.18,0.2,2420.11
8654,2163.5,2437.72,0.9,2420.1
8655,2163.75,2438.21,0.2,2420.1
8656,2164.0,2438.67,0.2,2420.1
8657,2164.25,2438.68,0.2,2420.1
8658,2164.5,2439.14,0.2,2420.1
8659,2164.75,2438.9,0.2,2420.09
8660,2165.0,2437.12,0.2,2420.09
8661,2165.25,2437.85,1.1,2420.09
8662,2165.5,2436.77,0.2,2420.09
8663,2165.75,2437.25,0.4,2420.08
8664,2166.0,2436.49,0.7,2420.08
8665,2166.25,2436.73,0.3,2420.08
8666,2166.5,2434.99,0.5,2420.08
8667,2166.75,2435.48,0.2,2420.07
8668,2167.0,2435.69,0.2,2420.07
8669,2167.25,2436.17,0.2,2420.07
8670,2167.5,2436.17,0.1,2420.07
8671,2167.75,2438.23,0.9,2420.07
8672,2168.0,2438.71,0.4,2420.06
8673,2168.25,2439.45,0.4,2420.06
8674,2168.5,2440.17,0.6,2420.06
8675,2168.75,2440.41,0.3,2420.06
8676,2169.0,2441.07,0.1,2420.05
8677,2169.25,2439.75,0.2,2420.05
8678,2169.5,2439.5,0.2,2420.05
8679,2169.75,2437.55,0.4,2420.05
8680,2170.0,2438.77,0.4,2420.05
8681,2170.25,2440.23,1.4,2420.04
8682,2170.5,2440.95,0.5,2420.04
8683,2170.75,2440.95,3.5,2420.04
8684,2171.0,2441.42,1.0,2420.04
8685,2171.25,2441.67,0.3,2420.03
8686,2171.5,2441.65,0.3,2420.03
8687,2171.75,2441.65,0.3,2420.03
8688,2172.0,2441.39,0.2,2420.03
8689,2172.25,2441.37,0.2,2420.02
8690,2172.5,2441.86,0.1,2420.02
8691,2172.75,2442.09,1.1,2420.02
8692,2173.0,2441.84,0.3,2420.02
8693,2173.25,2442.57,0.3,2420.02
8694,2173.5,2443.06,0.6,2420.01
8695,2173.75,2443.76,0.2,2420.01
8696,2174.0,2443.75,0.4,2420.01
8697,2174.25,2443.74,0.3,2420.01
8698,2174.5,2443.98,0.3,2420.0
8699,2174.75,2444.47,0.2,2420.0
8700,2175.0,2442.5,0.4,2420.0
8701,2175.25,2442.26,1.3,2420.0
8702,2175.5,2442.51,0.3,2419.99
8703,2175.75,2443.23,0.4,2419.99
8704,2176.0,2441.76,0.4,2419.99
8705,2176.25,2442.24,0.3,2419.99
8706,2176.5,2440.7,0.3,2419.99
8707,2176.75,2440.94,0.2,2419.98
8708,2177.0,2440.93,0.4,2419.98
8709,2177.25,2441.36,0.2,2419.98
8710,2177.5,2441.33,0.2,2419.98
8711,2177.75,2441.33,1.5,2419.97
8712,2178.0,2441.56,0.3,2419.97
8713,2178.25,2441.07,0.4,2419.97
8714,2178.5,2442.28,0.9,2419.97
8715,2178.75,2442.53,0.2,2419.97
8716,2179.0,2442.78,0.3,2419.96
8717,2179.25,2443.24,0.2,2419.96
8718,2179.5,2441.82,2.2,2419.96
8719,2179.75,2442.31,0.2,2419.96
8720,2180.0,2444.77,1.5,2419.95
8721,2180.25,2445.13,0.2,2419.95
8722,2180.5,2445.36,0.2,2419.95
8723,2180.75,2445.82,0.2,2419.95
8724,2181.0,2445.59,0.6,2419.94
8725,2181.25,2445.81,0.2,2419.94
8726,2181.5,2446.51,0.2,2419.94
8727,2181.75,2446.51,0.2,2419.94
8728,2182.0,2445.66,0.2,2419.94
8729,2182.25,2445.91,0.1,2419.93
8730,2182.5,2442.71,1.2,2419.93
8731,2182.75,2443.19,0.2,2419.93
8732,2183.0,2443.68,0.4,2419.93
8733,2183.25,2438.2,1.1,2419.92
8734,2183.5,2438.43,0.2,2419.92
8735,2183.75,2436.73,0.1,2419.92
8736,2184.0,2436.95,0.2,2419.92
8737,2184.25,2437.44,0.1,2419.91
8738,2184.5,2437.9,0.2,2419.91
8739,2184.75,2437.32,0.4,2419.91
8740,2185.0,2437.32,1.5,2419.91
8741,2185.25,2438.12,0.3,2419.91
8742,2185.5,2438.11,0.2,2419.9
8743,2185.75,2437.15,0.7,2419.9
8744,2186.0,2437.15,0.1,2419.9
8745,2186.25,2437.64,0.4,2419.9
8746,2186.5,2438.1,0.1,2419.89
8747,2186.75,2438.34,0.2,2419.89
8748,2187.0,2438.09,0.2,2419.89
8749,2187.25,2438.34,0.2,2419.89
8750,2187.5,2441.12,1.4,2419.88
8751,2187.75,2441.98,0.2,2419.88
8752,2188.0,2442.22,0.3,2419.88
8753,2188.25,2441.46,0.9,2419.88
8754,2188.5,2442.17,0.2,2419.88
8755,2188.75,2440.67,0.4,2419.87
8756,2189.0,2440.92,0.2,2419.87
8757,2189.25,2440.91,0.2,2419.87
8758,2189.5,2440.91,0.3,2419.87
8759,2189.75,2441.96,0.3,2419.86
8760,2190.0,2439.28,1.4,2419.86
8761,2190.25,2440.02,0.4,2419.86
8762,2190.5,2440.23,0.2,2419.86
8763,2190.75,2440.93,0.7,2419.86
8764,2191.0,2441.17,0.3,2419.85
8765,2191.25,2441.65,0.4,2419.85
8766,2191.5,2441.65,0.1,2419.85
8767,2191.75,2441.64,0.3,2419.85
8768,2192.0,2442.12,0.3,2419.84
8769,2192.25,2442.61,0.2,2419.84
8770,2192.5,2444.95,1.2,2419.84
8771,2192.75,2444.95,0.2,2419.84
8772,2193.0,2445.67,0.4,2419.83
8773,2193.25,2441.86,0.6,2419.83
8774,2193.5,2442.04,0.4,2419.83
8775,2193.75,2442.04,0.2,2419.83
8776,2194.0,2442.04,0.2,2419.83
8777,2194.25,2442.27,0.2,2419.82
8778,2194.5,2442.03,0.2,2419.82
8779,2194.75,2441.66,0.2,2419.82
8780,2195.0,2441.64,1.1,2419.82
8781,2195.25,2441.39,0.3,2419.81
8782,2195.5,2440.37,0.4,2419.81
8783,2195.75,2441.11,0.8,2419.81
8784,2196.0,2441.63,0.4,2419.81
8785,2196.25,2441.62,0.2,2419.8
8786,2196.5,2442.32,0.3,2419.8
8787,2196.75,2442.32,0.2,2419.8
8788,2197.0,2442.56,0.1,2419.8
8789,2197.25,2443.78,1.5,2419.8
8790,2197.5,2444.23,0.2,2419.79
8791,2197.75,2444.93,0.2,2419.79
8792,2198.0,2445.42,0.2,2419.79
8793,2198.25,2443.9,0.7,2419.79
8794,2198.5,2444.14,0.3,2419.78
8795,2198.75,2443.11,0.2,2419.78
8796,2199.0,2443.34,0.6,2419.78
8797,2199.25,2443.18,0.4,2419.78
8798,2199.5,2441.64,0.3,2419.77
8799,2199.75,2438.18,1.2,2419.77
8800,2200.0,2438.41,0.4,2419.77
8801,2200.25,2439.15,0.3,2419.77
8802,2200.5,2437.41,0.7,2419.77
8803,2200.75,2436.15,0.4,2419.76
8804,2201.0,2436.84,0.2,2419.76
8805,2201.25,2437.09,0.3,2419.76
8806,2201.5,2435.88,0.2,2419.76
8807,2201.75,2435.61,0.2,2419.75
8808,2202.0,2435.61,0.2,2419.75
8809,2202.25,2436.3,1.2,2419.75
8810,2202.5,2436.79,0.3,2419.75
8811,2202.75,2436.78,0.3,2419.75
8812,2203.0,2437.02,0.6,2419.74
8813,2203.25,2437.01,0.1,2419.74
8814,2203.5,2437.0,0.4,2419.74
8815,2203.75,2437.12,0.2,2419.74
8816,2204.0,2436.88,0.5,2419.73
8817,2204.25,2436.88,0.4,2419.73
8818,2204.5,2437.86,0.9,2419.73
8819,2204.75,2437.84,1.0,2419.73
8820,2205.0,2438.33,0.4,2419.72
8821,2205.25,2438.78,0.7,2419.72
8822,2205.5,2439.02,0.5,2419.72
8823,2205.75,2439.25,0.4,2419.72
8824,2206.0,2439.74,0.5,2419.72
8825,2206.25,2439.98,0.3,2419.71
8826,2206.5,2440.89,0.1,2419.71
8827,2206.75,2441.37,0.2,2419.71
8828,2207.0,2437.04,1.0,2419.71
8829,2207.25,2437.02,0.2,2419.7
8830,2207.5,2435.59,0.3,2419.7
8831,2207.75,2435.55,1.3,2419.7
8832,2208.0,2435.54,0.2,2419.7
8833,2208.25,2434.01,0.4,2419.69
8834,2208.5,2434.24,0.2,2419.69
8835,2208.75,2434.24,0.2,2419.69
8836,2209.0,2434.47,0.2,2419.69
8837,2209.25,2435.59,0.5,2419.69
8838,2209.5,2440.18,1.3,2419.68
8839,2209.75,2438.89,0.4,2419.68
8840,2210.0,2438.88,0.3,2419.68
8841,2210.25,2439.6,0.9,2419.68
8842,2210.5,2440.3,0.2,2419.67
8843,2210.75,2440.3,0.2,2419.67
8844,2211.0,2440.54,0.2,2419.67
8845,2211.25,2440.99,0.4,2419.67
8846,2211.5,2440.99,0.2,2419.66
8847,2211.75,2440.97,0.4,2419.66
8848,2212.0,2442.2,1.1,2419.66
8849,2212.25,2442.7,0.4,2419.66
8850,2212.5,2442.93,0.2,2419.66
8851,2212.75,2444.14,0.6,2419.65
8852,2213.0,2444.39,0.2,2419.65
8853,2213.25,2444.88,0.3,2419.65
8854,2213.5,2445.09,0.2,2419.65
8855,2213.75,2445.55,0.2,2419.64
8856,2214.0,2445.45,0.2,2419.64
8857,2214.25,2444.29,0.3,2419.64
8858,2214.5,2435.85,1.6,2419.64
8859,2214.75,2435.6,0.2,2419.64
8860,2215.0,2435.35,0.2,2419.63
8861,2215.25,2432.63,0.7,2419.63
8862,2215.5,2433.14,0.2,2419.63
8863,2215.75,2433.59,0.4,2419.63
8864,2216.0,2433.84,0.3,2419.62
8865,2216.25,2434.09,0.2,2419.62
8866,2216.5,2433.84,0.2,2419.62
8867,2216.75,2433.6,0.2,2419.62
8868,2217.0,2435.3,1.0,2419.61
8869,2217.25,2435.29,0.2,2419.61
8870,2217.5,2435.75,0.4,2419.61
8871,2217.75,2436.01,0.7,2419.61
8872,2218.0,2436.25,0.4,2419.61
8873,2218.25,2436.73,0.2,2419.6
8874,2218.5,2437.22,0.2,2419.6
8875,2218.75,2436.69,0.4,2419.6
8876,2219.0,2437.15,0.2,2419.6
8877,2219.25,2437.91,0.4,2419.59
8878,2219.5,2436.98,1.3,2419.59
8879,2219.75,2437.21,0.4,2419.59
8880,2220.0,2437.93,0.6,2419.59
8881,2220.25,2438.19,0.9,2419.58
8882,2220.5,2438.68,0.3,2419.58
8883,2220.75,2439.42,0.2,2419.58
8884,2221.0,2439.84,0.2,2419.58
8885,2221.25,2439.61,0.3,2419.58
8886,2221.5,2440.83,0.2,2419.57
8887,2221.75,2440.59,0.2,2419.57
8888,2222.0,2441.82,0.9,2419.57
8889,2222.25,2442.31,0.2,2419.57
8890,2222.5,2441.83,0.2,2419.56
8891,2222.75,2441.59,0.7,2419.56
8892,2223.0,2441.6,0.5,2419.56
8893,2223.25,2442.07,0.3,2419.56
8894,2223.5,2441.82,0.3,2419.56
8895,2223.75,2442.07,0.2,2419.55
8896,2224.0,2442.07,0.2,2419.55
8897,2224.25,2438.12,1.2,2419.55
8898,2224.5,2438.45,0.6,2419.55
8899,2224.75,2438.46,0.1,2419.54
8900,2225.0,2438.46,0.5,2419.54
8901,2225.25,2440.92,1.1,2419.54
8902,2225.5,2441.13,0.2,2419.54
8903,2225.75,2440.9,0.2,2419.53
8904,2226.0,2441.16,0.2,2419.53
8905,2226.25,2441.15,0.1,2419.53
8906,2226.5,2441.64,0.3,2419.53
8907,2226.75,2444.34,1.1,2419.53
8908,2227.0,2444.1,0.2,2419.52
8909,2227.25,2444.34,0.3,2419.52
8910,2227.5,2445.04,0.3,2419.52
8911,2227.75,2445.52,0.9,2419.52
8912,2228.0,2445.76,0.4,2419.51
8913,2228.25,2445.76,0.2,2419.51
8914,2228.5,2446.46,0.3,2419.51
8915,2228.75,2446.2,0.4,2419.51
8916,2229.0,2444.06,0.3,2419.5
8917,2229.25,2441.86,1.2,2419.5
8918,2229.5,2442.52,0.2,2419.5
8919,2229.75,2442.76,0.2,2419.5
8920,2230.0,2442.5,0.3,2419.5
8921,2230.25,2442.95,0.7,2419.49
8922,2230.5,2443.19,0.1,2419.49
8923,2230.75,2443.42,0.4,2419.49
8924,2231.0,2443.18,0.1,2419.49
8925,2231.25,2443.42,0.3,2419.48
8926,2231.5,2443.41,0.2,2419.48
8927,2231.75,2439.0,1.4,2419.48
8928,2232.0,2439.25,0.4,2419.48
8929,2232.25,2439.66,0.4,2419.47
8930,2232.5,2440.11,0.2,2419.47
8931,2232.75,2438.93,0.8,2419.47
8932,2233.0,2439.81,0.1,2419.47
8933,2233.25,2440.05,0.2,2419.47
8934,2233.5,2440.29,0.2,2419.46
8935,2233.75,2440.25,0.2,2419.46
8936,2234.0,2439.76,0.2,2419.46
8937,2234.25,2440.94,1.1,2419.46
8938,2234.5,2441.39,0.2,2419.45
8939,2234.75,2441.73,0.4,2419.45
8940,2235.0,2441.73,0.1,2419.45
8941,2235.25,2442.48,0.9,2419.45
8942,2235.5,2442.97,0.2,2419.45
8943,2235.75,2443.22,0.3,2419.44
8944,2236.0,2443.21,0.2,2419.44
8945,2236.25,2443.46,0.3,2419.44
8946,2236.5,2443.36,0.1,2419.44
8947,2236.75,2443.37,1.2,2419.43
8948,2237.0,2442.31,0.2,2419.43
8949,2237.25,2442.32,0.2,2419.43
8950,2237.5,2441.55,0.3,2419.43
8951,2237.75,2436.93,0.8,2419.42
8952,2238.0,2436.93,0.2,2419.42
8953,2238.25,2437.43,0.2,2419.42
8954,2238.5,2437.39,0.2,2419.42
8955,2238.75,2437.64,0.3,2419.42
8956,2239.0,2438.18,0.2,2419.41
8957,2239.25,2439.65,1.5,2419.41
8958,2239.5,2440.14,0.3,2419.41
8959,2239.75,2440.15,0.5,2419.41
8960,2240.0,2440.57,0.6,2419.4
8961,2240.25,2440.81,0.2,2419.4
8962,2240.5,2441.3,0.2,2419.4
8963,2240.75,2441.78,0.2,2419.4
8964,2241.0,2442.25,0.3,2419.39
8965,2241.25,2442.24,0.3,2419.39
8966,2241.5,2442.72,0.2,2419.39
8967,2241.75,2441.78,1.1,2419.39
8968,2242.0,2442.02,0.2,2419.39
8969,2242.25,2442.31,0.3,2419.38
8970,2242.5,2440.17,0.6,2419.38
8971,2242.75,2440.51,0.2,2419.38
8972,2243.0,2440.75,0.4,2419.38
8973,2243.25,2440.99,0.2,2419.37
8974,2243.5,2441.48,0.4,2419.37
8975,2243.75,2441.47,0.2,2419.37
8976,2244.0,2440.82,0.2,2419.37
8977,2244.25,2444.32,1.1,2419.36
8978,2244.5,2444.32,0.2,2419.36
8979,2244.75,2444.32,0.1,2419.36
8980,2245.0,2441.68,1.0,2419.36
8981,2245.25,2442.38,0.2,2419.36
8982,2245.5,2442.38,0.5,2419.35
8983,2245.75,2442.87,0.1,2419.35
8984,2246.0,2443.6,0.3,2419.35
8985,2246.25,2443.84,0.4,2419.35
8986,2246.5,2443.58,0.1,2419.34
8987,2246.75,2446.52,1.2,2419.34
8988,2247.0,2446.97,0.4,2419.34
8989,2247.25,2445.95,0.4,2419.34
8990,2247.5,2444.5,0.7,2419.34
8991,2247.75,2444.73,0.3,2419.33
8992,2248.0,2444.97,0.2,2419.33
8993,2248.25,2445.42,0.1,2419.33
8994,2248.5,2445.67,0.2,2419.33
8995,2248.75,2445.65,0.3,2419.32
8996,2249.0,2444.95,0.2,2419.32
8997,2249.25,2441.55,1.2,2419.32
8998,2249.5,2442.07,0.2,2419.32
8999,2249.75,2442.31,0.3,2419.31
9000,2250.0,2442.32,0.5,2419.31
9001,2250.25,2442.81,0.3,2419.31
9002,2250.5,2442.87,0.2,2419.31
9003,2250.75,2442.87,0.2,2419.31
9004,2251.0,2443.11,0.2,2419.3
9005,2251.25,2442.94,0.3,2419.3
9006,2251.5,2442.93,0.2,2419.3
9007,2251.75,2443.9,1.4,2419.3
9008,2252.0,2444.14,0.3,2419.29
9009,2252.25,2443.66,0.4,2419.29
9010,2252.5,2443.67,0.6,2419.29
9011,2252.75,2444.12,0.4,2419.29
9012,2253.0,2444.83,0.2,2419.28
9013,2253.25,2445.08,0.2,2419.28
9014,2253.5,2445.31,0.2,2419.28
9015,2253.75,2445.8,0.2,2419.28
9016,2254.0,2445.29,0.4,2419.28
9017,2254.25,2442.18,1.4,2419.27
9018,2254.5,2442.41,0.2,2419.27
9019,2254.75,2442.65,0.2,2419.27
9020,2255.0,2443.38,0.7,2419.27
9021,2255.25,2443.59,0.2,2419.26
9022,2255.5,2444.07,0.2,2419.26
9023,2255.75,2443.83,0.2,2419.26
9024,2256.0,2443.83,0.2,2419.26
9025,2256.25,2444.29,0.3,2419.26
9026,2256.5,2444.3,0.1,2419.25
9027,2256.75,2442.05,1.2,2419.25
9028,2257.0,2442.04,0.3,2419.25
9029,2257.25,2441.78,0.2,2419.25
9030,2257.5,2442.51,0.7,2419.24
9031,2257.75,2440.73,0.2,2419.24
9032,2258.0,2440.97,0.3,2419.24
9033,2258.25,2441.46,0.2,2419.24
9034,2258.5,2441.91,0.2,2419.23
9035,2258.75,2441.24,0.4,2419.23
9036,2259.0,2440.73,0.2,2419.23
9037,2259.25,2438.25,1.4,2419.23
9038,2259.5,2437.99,0.4,2419.23
9039,2259.75,2438.23,0.4,2419.22
9040,2260.0,2437.73,1.0,2419.22
9041,2260.25,2438.19,0.2,2419.22
9042,2260.5,2438.19,0.4,2419.22
9043,2260.75,2438.43,0.1,2419.21
9044,2261.0,2438.42,0.4,2419.21
9045,2261.25,2438.16,0.2,2419.21
9046,2261.5,2438.17,0.1,2419.21
9047,2261.75,2438.88,0.8,2419.2
9048,2262.0,2439.09,0.2,2419.2
9049,2262.25,2439.08,0.3,2419.2
9050,2262.5,2441.54,0.7,2419.2
9051,2262.75,2441.77,0.3,2419.2
9052,2263.0,2442.25,0.3,2419.19
9053,2263.25,2442.48,0.1,2419.19
9054,2263.5,2442.73,0.3,2419.19
9055,2263.75,2442.7,0.2,2419.19
9056,2264.0,2441.81,0.2,2419.18
9057,2264.25,2439.51,1.5,2419.18
9058,2264.5,2438.23,0.2,2419.18
9059,2264.75,2438.21,0.3,2419.18
9060,2265.0,2439.44,0.8,2419.17
9061,2265.25,2439.44,0.3,2419.17
9062,2265.5,2439.43,0.2,2419.17
9063,2265.75,2439.66,0.2,2419.17
9064,2266.0,2440.15,0.2,2419.17
9065,2266.25,2439.54,0.2,2419.16
9066,2266.5,2439.54,0.2,2419.16
9067,2266.75,2440.0,1.2,2419.16
9068,2267.0,2440.25,0.3,2419.16
9069,2267.25,2440.5,0.2,2419.15
9070,2267.5,2440.78,1.1,2419.15
9071,2267.75,2440.78,0.2,2419.15
9072,2268.0,2441.03,0.4,2419.15
9073,2268.25,2441.51,0.2,2419.15
9074,2268.5,2441.97,0.1,2419.14
9075,2268.75,2441.98,0.4,2419.14
9076,2269.0,2440.52,0.2,2419.14
9077,2269.25,2440.04,1.1,2419.14
9078,2269.5,2440.76,0.2,2419.13
9079,2269.75,2441.25,0.6,2419.13
9080,2270.0,2439.58,0.7,2419.13
9081,2270.25,2439.58,0.2,2419.13
9082,2270.5,2439.59,0.2,2419.12
9083,2270.75,2439.83,0.2,2419.12
9084,2271.0,2439.6,0.1,2419.12
9085,2271.25,2440.33,0.1,2419.12
9086,2271.5,2440.09,0.2,2419.12
9087,2271.75,2440.1,0.9,2419.11
9088,2272.0,2440.35,0.3,2419.11
9089,2272.25,2440.12,0.4,2419.11
9090,2272.5,2439.42,1.3,2419.11
9091,2272.75,2439.17,0.3,2419.1
9092,2273.0,2439.88,0.2,2419.1
9093,2273.25,2439.89,0.2,2419.1
9094,2273.5,2438.47,0.2,2419.1
9095,2273.75,2439.84,0.3,2419.09
9096,2274.0,2437.63,0.2,2419.09
9097,2274.25,2437.11,1.4,2419.09
9098,2274.5,2437.09,0.2,2419.09
9099,2274.75,2437.05,0.4,2419.09
9100,2275.0,2436.45,1.0,2419.08
9101,2275.25,2436.44,0.5,2419.08
9102,2275.5,2436.92,0.6,2419.08
9103,2275.75,2437.16,0.2,2419.08
9104,2276.0,2437.61,0.2,2419.07
9105,2276.25,2437.57,0.2,2419.07
9106,2276.5,2437.56,0.2,2419.07
9107,2276.75,2439.48,1.6,2419.07
9108,2277.0,2439.96,0.3,2419.06
9109,2277.25,2440.19,0.2,2419.06
9110,2277.5,2440.17,0.7,2419.06
9111,2277.75,2440.16,0.2,2419.06
9112,2278.0,2439.64,0.6,2419.06
9113,2278.25,2439.38,0.2,2419.05
9114,2278.5,2439.63,0.4,2419.05
9115,2278.75,2439.87,0.2,2419.05
9116,2279.0,2439.36,0.3,2419.05
9117,2279.25,2443.18,1.5,2419.04
9118,2279.5,2443.43,0.4,2419.04
9119,2279.75,2443.66,0.3,2419.04
9120,2280.0,2443.9,0.9,2419.04
9121,2280.25,2444.14,0.3,2419.04
9122,2280.5,2445.09,0.2,2419.03
9123,2280.75,2445.32,0.2,2419.03
9124,2281.0,2445.32,0.2,2419.03
9125,2281.25,2446.96,0.2,2419.03
9126,2281.5,2447.22,0.1,2419.02
9127,2281.75,2443.99,1.0,2419.02
9128,2282.0,2443.99,0.3,2419.02
9129,2282.25,2444.48,0.4,2419.02
9130,2282.5,2442.73,0.9,2419.01
9131,2282.75,2443.21,0.3,2419.01
9132,2283.0,2443.46,0.3,2419.01
9133,2283.25,2443.46,0.5,2419.01
9134,2283.5,2446.18,3.1,2419.01
9135,2283.75,2445.78,0.2,2419.0
9136,2284.0,2446.0,0.2,2419.0
9137,2284.25,2447.97,0.9,2419.0
9138,2284.5,2448.94,0.4,2419.0
9139,2284.75,2448.47,0.2,2418.99
9140,2285.0,2444.11,0.9,2418.99
9141,2285.25,2443.87,0.2,2418.99
9142,2285.5,2443.86,0.2,2418.99
9143,2285.75,2444.31,0.2,2418.98
9144,2286.0,2444.77,0.4,2418.98
9145,2286.25,2444.77,0.3,2418.98
9146,2286.5,2445.01,0.2,2418.98
9147,2286.75,2439.3,1.1,2418.98
9148,2287.0,2439.3,0.4,2418.97
9149,2287.25,2439.78,0.4,2418.97
9150,2287.5,2440.29,0.8,2418.97
9151,2287.75,2441.01,0.1,2418.97
9152,2288.0,2441.55,0.3,2418.96
9153,2288.25,2439.87,0.3,2418.96
9154,2288.5,2440.36,0.1,2418.96
9155,2288.75,2441.91,0.3,2418.96
9156,2289.0,2442.26,0.7,2418.96
9157,2289.25,2441.25,0.7,2418.95
9158,2289.5,2441.73,0.2,2418.95
9159,2289.75,2441.7,0.4,2418.95
9160,2290.0,2441.95,0.8,2418.95
9161,2290.25,2441.9,0.2,2418.94
9162,2290.5,2442.64,0.2,2418.94
9163,2290.75,2442.63,0.2,2418.94
9164,2291.0,2442.87,0.2,2418.94
9165,2291.25,2442.86,0.2,2418.93
9166,2291.5,2442.87,0.9,2418.93
9167,2291.75,2442.84,0.3,2418.93
9168,2292.0,2442.84,0.5,2418.93
9169,2292.25,2443.29,0.4,2418.93
9170,2292.5,2443.52,0.6,2418.92
9171,2292.75,2443.51,0.3,2418.92
9172,2293.0,2443.25,0.3,2418.92
9173,2293.25,2443.5,0.3,2418.92
9174,2293.5,2443.46,0.1,2418.91
9175,2293.75,2442.95,0.2,2418.91
9176,2294.0,2446.15,1.0,2418.91
9177,2294.25,2446.6,0.2,2418.91
9178,2294.5,2446.83,0.4,2418.9
9179,2294.75,2446.83,0.2,2418.9
9180,2295.0,2447.06,0.8,2418.9
9181,2295.25,2447.06,0.2,2418.9
9182,2295.5,2447.29,0.4,2418.9
9183,2295.75,2447.54,0.2,2418.89
9184,2296.0,2445.69,0.4,2418.89
9185,2296.25,2445.67,0.1,2418.89
9186,2296.5,2445.92,1.2,2418.89
9187,2296.75,2446.16,0.2,2418.88
9188,2297.0,2445.66,0.7,2418.88
9189,2297.25,2445.89,0.7,2418.88
9190,2297.5,2445.64,0.2,2418.88
9191,2297.75,2445.64,0.3,2418.87
9192,2298.0,2445.91,0.1,2418.87
9193,2298.25,2445.91,0.2,2418.87
9194,2298.5,2445.9,0.2,2418.87
9195,2298.75,2446.16,0.2,2418.87
9196,2299.0,2441.62,1.6,2418.86
9197,2299.25,2441.61,0.3,2418.86
9198,2299.5,2441.86,0.3,2418.86
9199,2299.75,2441.87,0.6,2418.86
9200,2300.0,2442.12,0.4,2418.85
9201,2300.25,2442.37,0.2,2418.85
9202,2300.5,2442.37,0.1,2418.85
9203,2300.75,2442.14,0.2,2418.85
9204,2301.0,2442.14,0.4,2418.85
9205,2301.25,2441.91,0.6,2418.84
9206,2301.5,2445.34,1.1,2418.84
9207,2301.75,2445.36,0.3,2418.84
9208,2302.0,2445.86,0.4,2418.84
9209,2302.25,2444.44,0.9,2418.83
9210,2302.5,2444.69,0.3,2418.83
9211,2302.75,2444.7,0.3,2418.83
9212,2303.0,2443.4,0.2,2418.83
9213,2303.25,2443.89,0.1,2418.82
9214,2303.5,2444.14,0.3,2418.82
9215,2303.75,2443.74,0.4,2418.82
9216,2304.0,2438.18,1.2,2418.82
9217,2304.25,2437.95,0.2,2418.82
9218,2304.5,2437.95,0.5,2418.81
9219,2304.75,2438.11,0.8,2418.81
9220,2305.0,2438.11,0.2,2418.81
9221,2305.25,2438.12,0.3,2418.81
9222,2305.5,2437.66,0.2,2418.8
9223,2305.75,2437.65,0.2,2418.8
9224,2306.0,2437.4,0.4,2418.8
9225,2306.25,2437.65,0.1,2418.8
9226,2306.5,2438.13,1.4,2418.79
9227,2306.75,2438.58,0.3,2418.79
9228,2307.0,2438.83,0.2,2418.79
9229,2307.25,2439.3,0.6,2418.79
9230,2307.5,2439.53,0.2,2418.79
9231,2307.75,2439.04,0.4,2418.78
9232,2308.0,2439.04,0.1,2418.78
9233,2308.25,2439.73,0.1,2418.78
9234,2308.5,2437.96,0.2,2418.78
9235,2308.75,2438.05,0.3,2418.77
9236,2309.0,2439.76,1.1,2418.77
9237,2309.25,2440.24,0.2,2418.77
9238,2309.5,2440.24,0.3,2418.77
9239,2309.75,2441.86,0.9,2418.76
9240,2310.0,2441.61,0.2,2418.76
9241,2310.25,2441.61,0.1,2418.76
9242,2310.5,2441.85,0.2,2418.76
9243,2310.75,2442.09,0.2,2418.76
9244,2311.0,2443.3,0.3,2418.75
9245,2311.25,2443.06,0.2,2418.75
9246,2311.5,2442.78,1.2,2418.75
9247,2311.75,2442.77,0.3,2418.75
9248,2312.0,2442.76,0.2,2418.74
9249,2312.25,2441.29,0.6,2418.74
9250,2312.5,2441.3,0.2,2418.74
9251,2312.75,2441.76,0.2,2418.74
9252,2313.0,2441.65,0.1,2418.74
9253,2313.25,2441.89,0.2,2418.73
9254,2313.5,2442.14,0.2,2418.73
9255,2313.75,2440.69,0.3,2418.73
9256,2314.0,2438.68,1.0,2418.73
9257,2314.25,2439.41,0.2,2418.72
9258,2314.5,2436.68,0.4,2418.72
9259,2314.75,2436.92,0.9,2418.72
9260,2315.0,2437.41,0.4,2418.72
9261,2315.25,2437.67,0.3,2418.71
9262,2315.5,2438.4,0.3,2418.71
9263,2315.75,2438.37,0.2,2418.71
9264,2316.0,2436.7,0.2,2418.71
9265,2316.25,2436.7,0.4,2418.71
9266,2316.5,2437.8,1.1,2418.7
9267,2316.75,2438.3,0.3,2418.7
9268,2317.0,2438.53,0.3,2418.7
9269,2317.25,2439.02,0.7,2418.7
9270,2317.5,2439.25,0.4,2418.69
9271,2317.75,2439.47,0.4,2418.69
9272,2318.0,2439.96,0.1,2418.69
9273,2318.25,2439.95,0.2,2418.69
9274,2318.5,2440.08,0.3,2418.68
9275,2318.75,2440.57,0.2,2418.68
9276,2319.0,2440.8,1.1,2418.68
9277,2319.25,2441.29,0.3,2418.68
9278,2319.5,2440.54,0.3,2418.68
9279,2319.75,2440.79,0.8,2418.67
9280,2320.0,2440.77,0.2,2418.67
9281,2320.25,2441.01,0.2,2418.67
9282,2320.5,2441.01,0.2,2418.67
9283,2320.75,2440.77,0.2,2418.66
9284,2321.0,2440.77,0.1,2418.66
9285,2321.25,2441.5,0.5,2418.66
9286,2321.5,2441.13,1.1,2418.66
9287,2321.75,2441.38,0.3,2418.66
9288,2322.0,2441.5,0.2,2418.65
9289,2322.25,2443.71,0.8,2418.65
9290,2322.5,2443.97,0.3,2418.65
9291,2322.75,2444.21,0.2,2418.65
9292,2323.0,2444.21,0.3,2418.64
9293,2323.25,2444.23,0.1,2418.64
9294,2323.5,2443.36,0.4,2418.64
9295,2323.75,2443.57,0.4,2418.64
9296,2324.0,2446.8,1.1,2418.63
9297,2324.25,2447.3,0.2,2418.63
9298,2324.5,2447.8,0.4,2418.63
9299,2324.75,2446.07,1.0,2418.63
9300,2325.0,2445.84,0.4,2418.63
9301,2325.25,2446.31,0.2,2418.62
9302,2325.5,2446.57,0.2,2418.62
9303,2325.75,2446.35,0.2,2418.62
9304,2326.0,2446.1,0.2,2418.62
9305,2326.25,2446.82,0.2,2418.61
9306,2326.5,2445.08,1.1,2418.61
9307,2326.75,2445.08,0.2,2418.61
9308,2327.0,2444.58,0.5,2418.61
9309,2327.25,2444.07,0.9,2418.6
9310,2327.5,2444.08,0.2,2418.6
9311,2327.75,2444.56,0.4,2418.6
9312,2328.0,2444.8,0.2,2418.6
9313,2328.25,2445.04,0.2,2418.6
9314,2328.5,2445.28,0.4,2418.59
9315,2328.75,2445.28,0.2,2418.59
9316,2329.0,2446.03,1.2,2418.59
9317,2329.25,2446.02,0.2,2418.59
9318,2329.5,2446.22,0.2,2418.58
9319,2329.75,2446.71,0.5,2418.58
9320,2330.0,2446.7,0.2,2418.58
9321,2330.25,2447.18,0.2,2418.58
9322,2330.5,2446.93,0.2,2418.57
9323,2330.75,2447.16,0.2,2418.57
9324,2331.0,2447.4,0.2,2418.57
9325,2331.25,2447.4,0.3,2418.57
9326,2331.5,2440.99,1.4,2418.57
9327,2331.75,2441.69,0.3,2418.56
9328,2332.0,2441.68,0.3,2418.56
9329,2332.25,2441.65,0.7,2418.56
9330,2332.5,2441.4,0.2,2418.56
9331,2332.75,2442.09,0.2,2418.55
9332,2333.0,2442.34,0.2,2418.55
9333,2333.25,2441.41,0.2,2418.55
9334,2333.5,2439.92,0.3,2418.55
9335,2333.75,2443.56,1.2,2418.55
9336,2334.0,2443.52,0.2,2418.54
9337,2334.25,2443.52,0.4,2418.54
9338,2334.5,2442.06,0.2,2418.54
9339,2334.75,2442.54,0.7,2418.54
9340,2335.0,2442.54,0.2,2418.53
9341,2335.25,2442.52,0.4,2418.53
9342,2335.5,2442.86,0.2,2418.53
9343,2335.75,2442.86,0.2,2418.53
9344,2336.0,2443.09,0.2,2418.52
9345,2336.25,2440.71,1.5,2418.52
9346,2336.5,2440.09,0.4,2418.52
9347,2336.75,2440.07,0.4,2418.52
9348,2337.0,2440.7,0.2,2418.52
9349,2337.25,2440.45,0.8,2418.51
9350,2337.5,2440.68,0.3,2418.51
9351,2337.75,2440.94,0.2,2418.51
9352,2338.0,2441.19,0.2,2418.51
9353,2338.25,2440.7,0.3,2418.5
9354,2338.5,2441.93,0.3,2418.5
9355,2338.75,2438.0,1.3,2418.5
9356,2339.0,2437.74,0.2,2418.5
9357,2339.25,2436.75,0.4,2418.49
9358,2339.5,2436.99,1.0,2418.49
9359,2339.75,2437.49,0.3,2418.49
9360,2340.0,2437.23,0.3,2418.49
9361,2340.25,2437.49,0.2,2418.49
9362,2340.5,2437.5,0.2,2418.48
9363,2340.75,2438.69,0.2,2418.48
9364,2341.0,2439.16,0.2,2418.48
9365,2341.25,2439.54,1.2,2418.48
9366,2341.5,2440.29,0.3,2418.47
9367,2341.75,2438.5,0.4,2418.47
9368,2342.0,2439.7,0.8,2418.47
9369,2342.25,2439.71,0.3,2418.47
9370,2342.5,2439.96,0.4,2418.46
9371,2342.75,2440.45,0.1,2418.46
9372,2343.0,2439.98,0.2,2418.46
9373,2343.25,2440.19,0.2,2418.46
9374,2343.5,2439.52,0.2,2418.46
9375,2343.75,2441.25,1.1,2418.45
9376,2344.0,2441.5,0.2,2418.45
9377,2344.25,2442.2,0.3,2418.45
9378,2344.5,2442.56,0.8,2418.45
9379,2344.75,2442.8,0.2,2418.44
9380,2345.0,2442.79,0.3,2418.44
9381,2345.25,2442.78,0.2,2418.44
9382,2345.5,2443.03,0.2,2418.44
9383,2345.75,2443.27,0.2,2418.44
9384,2346.0,2443.52,0.2,2418.43
9385,2346.25,2443.76,1.1,2418.43
9386,2346.5,2443.76,0.2,2418.43
9387,2346.75,2443.76,0.4,2418.43
9388,2347.0,2439.08,0.8,2418.42
9389,2347.25,2439.32,0.2,2418.42
9390,2347.5,2439.55,0.3,2418.42
9391,2347.75,2440.28,0.2,2418.42
9392,2348.0,2440.29,0.3,2418.41
9393,2348.25,2440.37,0.2,2418.41
9394,2348.5,2440.27,0.2,2418.41
9395,2348.75,2440.75,1.1,2418.41
9396,2349.0,2440.74,0.2,2418.41
9397,2349.25,2440.51,0.3,2418.4
9398,2349.5,2440.27,0.8,2418.4
9399,2349.75,2440.5,0.2,2418.4
9400,2350.0,2440.23,0.3,2418.4
9401,2350.25,2440.71,0.2,2418.39
9402,2350.5,2440.71,0.2,2418.39
9403,2350.75,2440.22,3.4,2418.39
9404,2351.0,2440.22,0.3,2418.39
9405,2351.25,2444.15,1.2,2418.38
9406,2351.5,2444.36,0.2,2418.38
9407,2351.75,2444.59,0.3,2418.38
9408,2352.0,2444.59,0.6,2418.38
9409,2352.25,2444.14,0.2,2418.38
9410,2352.5,2444.61,0.4,2418.37
9411,2352.75,2444.36,0.1,2418.37
9412,2353.0,2444.37,0.4,2418.37
9413,2353.25,2443.3,0.2,2418.37
9414,2353.5,2443.8,0.1,2418.36
9415,2353.75,2439.38,1.2,2418.36
9416,2354.0,2439.59,0.2,2418.36
9417,2354.25,2439.83,0.3,2418.36
9418,2354.5,2440.33,0.7,2418.36
9419,2354.75,2440.33,0.3,2418.35
9420,2355.0,2440.8,0.2,2418.35
9421,2355.25,2439.36,0.3,2418.35
9422,2355.5,2439.84,0.2,2418.35
9423,2355.75,2439.42,0.6,2418.34
9424,2356.0,2439.9,0.4,2418.34
9425,2356.25,2440.68,1.1,2418.34
9426,2356.5,2440.92,0.6,2418.34
9427,2356.75,2440.67,0.4,2418.33
9428,2357.0,2438.25,0.6,2418.33
9429,2357.25,2438.49,0.4,2418.33
9430,2357.5,2438.97,0.2,2418.33
9431,2357.75,2439.22,0.2,2418.33
9432,2358.0,2439.21,0.2,2418.32
9433,2358.25,2438.54,0.5,2418.32
9434,2358.5,2437.8,0.4,2418.32
9435,2358.75,2439.63,1.4,2418.32
9436,2359.0,2439.84,0.4,2418.31
9437,2359.25,2440.08,0.5,2418.31
9438,2359.5,2438.36,0.9,2418.31
9439,2359.75,2438.22,0.2,2418.31
9440,2360.0,2437.98,0.4,2418.3
9441,2360.25,2438.22,0.2,2418.3
9442,2360.5,2438.23,0.2,2418.3
9443,2360.75,2438.23,0.2,2418.3
9444,2361.0,2436.96,0.4,2418.3
9445,2361.25,2438.16,0.9,2418.29
9446,2361.5,2438.64,0.3,2418.29
9447,2361.75,2438.89,0.4,2418.29
9448,2362.0,2439.42,0.7,2418.29
9449,2362.25,2438.14,0.2,2418.28
9450,2362.5,2438.39,0.2,2418.28
9451,2362.75,2438.85,0.2,2418.28
9452,2363.0,2439.82,0.2,2418.28
9453,2363.25,2440.3,0.2,2418.27
9454,2363.5,2440.3,0.2,2418.27
9455,2363.75,2438.07,1.2,2418.27
9456,2364.0,2438.31,0.2,2418.27
9457,2364.25,2438.05,0.4,2418.27
9458,2364.5,2438.04,0.6,2418.26
9459,2364.75,2438.28,0.2,2418.26
9460,2365.0,2438.75,0.2,2418.26
9461,2365.25,2438.98,0.2,2418.26
9462,2365.5,2438.98,0.2,2418.25
9463,2365.75,2438.72,0.2,2418.25
9464,2366.0,2439.45,0.6,2418.25
9465,2366.25,2442.89,1.0,2418.25
9466,2366.5,2443.11,0.3,2418.25
9467,2366.75,2443.1,0.3,2418.24
9468,2367.0,2442.1,0.6,2418.24
9469,2367.25,2442.31,0.4,2418.24
9470,2367.5,2442.42,0.2,2418.24
9471,2367.75,2442.67,0.2,2418.23
9472,2368.0,2443.36,0.2,2418.23
9473,2368.25,2442.7,0.4,2418.23
9474,2368.5,2442.94,1.4,2418.23
9475,2368.75,2443.16,0.3,2418.22
9476,2369.0,2443.4,0.4,2418.22
9477,2369.25,2443.62,0.2,2418.22
9478,2369.5,2443.36,0.7,2418.22
9479,2369.75,2443.6,0.3,2418.22
9480,2370.0,2443.84,0.3,2418.21
9481,2370.25,2444.08,0.2,2418.21
9482,2370.5,2442.0,0.5,2418.21
9483,2370.75,2441.5,0.1,2418.21
9484,2371.0,2441.97,1.1,2418.2
9485,2371.25,2441.72,0.1,2418.2
9486,2371.5,2441.46,0.4,2418.2
9487,2371.75,2441.89,0.2,2418.2
9488,2372.0,2441.35,0.6,2418.19
9489,2372.25,2441.6,0.2,2418.19
9490,2372.5,2440.33,0.4,2418.19
9491,2372.75,2440.56,0.2,2418.19
9492,2373.0,2440.3,0.2,2418.19
9493,2373.25,2437.99,0.4,2418.18
9494,2373.5,2439.6,1.3,2418.18
9495,2373.75,2439.84,0.4,2418.18
9496,2374.0,2439.84,0.4,2418.18
9497,2374.25,2440.27,0.3,2418.17
9498,2374.5,2439.79,0.6,2418.17
9499,2374.75,2440.27,0.3,2418.17
9500,2375.0,2439.99,0.5,2418.17
9501,2375.25,2440.22,0.2,2418.16
9502,2375.5,2440.21,0.3,2418.16
9503,2375.75,2440.21,0.2,2418.16
9504,2376.0,2440.21,1.1,2418.16
9505,2376.25,2440.67,0.3,2418.16
9506,2376.5,2440.89,0.3,2418.15
9507,2376.75,2441.39,0.6,2418.15
9508,2377.0,2441.63,0.5,2418.15
9509,2377.25,2439.96,0.3,2418.15
9510,2377.5,2440.46,0.2,2418.14
9511,2377.75,2440.95,0.3,2418.14
9512,2378.0,2439.98,0.2,2418.14
9513,2378.25,2439.24,0.3,2418.14
9514,2378.5,2440.73,1.5,2418.14
9515,2378.75,2441.23,0.4,2418.13
9516,2379.0,2441.69,0.6,2418.13
9517,2379.25,2441.94,0.6,2418.13
9518,2379.5,2442.17,0.4,2418.13
9519,2379.75,2442.42,0.2,2418.12
9520,2380.0,2440.89,0.3,2418.12
9521,2380.25,2440.88,0.2,2418.12
9522,2380.5,2440.62,0.4,2418.12
9523,2380.75,2440.87,0.2,2418.11
9524,2381.0,2439.68,1.2,2418.11
9525,2381.25,2439.64,0.2,2418.11
9526,2381.5,2439.89,0.4,2418.11
9527,2381.75,2439.64,0.6,2418.11
9528,2382.0,2438.66,0.2,2418.1
9529,2382.25,2438.92,0.2,2418.1
9530,2382.5,2438.93,0.1,2418.1
9531,2382.75,2439.12,0.2,2418.1
9532,2383.0,2439.36,0.3,2418.09
9533,2383.25,2438.87,0.4,2418.09
9534,2383.5,2440.55,0.9,2418.09
9535,2383.75,2440.31,0.2,2418.09
9536,2384.0,2440.55,0.4,2418.08
9537,2384.25,2441.28,0.8,2418.08
9538,2384.5,2441.28,0.4,2418.08
9539,2384.75,2441.52,0.4,2418.08
9540,2385.0,2441.76,0.2,2418.08
9541,2385.25,2442.0,0.4,2418.07
9542,2385.5,2442.74,0.2,2418.07
9543,2385.75,2441.34,0.2,2418.07
9544,2386.0,2444.33,1.5,2418.07
9545,2386.25,2444.57,0.2,2418.06
9546,2386.5,2444.55,0.4,2418.06
9547,2386.75,2444.79,0.7,2418.06
9548,2387.0,2444.04,0.4,2418.06
9549,2387.25,2443.79,0.4,2418.06
9550,2387.5,2443.79,0.2,2418.05
9551,2387.75,2443.75,0.2,2418.05
9552,2388.0,2444.54,0.2,2418.05
9553,2388.25,2443.62,0.4,2418.05
9554,2388.5,2443.61,1.3,2418.04
9555,2388.75,2441.93,0.4,2418.04
9556,2389.0,2441.66,0.4,2418.04
9557,2389.25,2442.8,0.8,2418.04
9558,2389.5,2442.54,0.3,2418.03
9559,2389.75,2442.54,0.3,2418.03
9560,2390.0,2442.86,0.3,2418.03
9561,2390.25,2443.11,0.2,2418.03
9562,2390.5,2443.1,0.2,2418.03
9563,2390.75,2443.09,0.3,2418.02
9564,2391.0,2436.42,1.2,2418.02
9565,2391.25,2436.41,0.2,2418.02
9566,2391.5,2436.67,0.3,2418.02
9567,2391.75,2438.36,0.6,2418.01
9568,2392.0,2438.6,0.4,2418.01
9569,2392.25,2438.59,0.3,2418.01
9570,2392.5,2439.06,0.2,2418.01
9571,2392.75,2437.78,0.2,2418.0
9572,2393.0,2439.49,0.6,2418.0
9573,2393.25,2439.5,0.4,2418.0
9574,2393.5,2440.74,1.2,2418.0
9575,2393.75,2441.0,0.2,2418.0
9576,2394.0,2440.01,0.5,2417.99
9577,2394.25,2440.26,0.7,2417.99
9578,2394.5,2440.27,0.2,2417.99
9579,2394.75,2440.48,0.4,2417.99
9580,2395.0,2440.48,0.3,2417.98
9581,2395.25,2439.23,0.2,2417.98
9582,2395.5,2439.47,0.3,2417.98
9583,2395.75,2439.48,0.2,2417.98
9584,2396.0,2440.93,1.5,2417.97
9585,2396.25,2441.18,0.2,2417.97
9586,2396.5,2441.38,0.4,2417.97
9587,2396.75,2441.86,0.6,2417.97
9588,2397.0,2442.36,0.2,2417.97
9589,2397.25,2442.61,0.4,2417.96
9590,2397.5,2442.61,0.3,2417.96
9591,2397.75,2442.61,0.2,2417.96
9592,2398.0,2442.12,0.4,2417.96
9593,2398.25,2442.14,0.4,2417.95
9594,2398.5,2440.77,1.2,2417.95
9595,2398.75,2441.01,0.3,2417.95
9596,2399.0,2440.76,0.3,2417.95
9597,2399.25,2441.5,0.9,2417.95
9598,2399.5,2441.49,0.3,2417.94
9599,2399.75,2441.73,0.3,2417.94
9600,2400.0,2441.72,0.4,2417.94
9601,2400.25,2441.87,0.2,2417.94
9602,2400.5,2441.87,0.1,2417.93
9603,2400.75,2442.11,0.4,2417.93
9604,2401.0,2443.58,1.2,2417.93
9605,2401.25,2444.07,0.4,2417.93
9606,2401.5,2443.32,0.3,2417.92
9607,2401.75,2443.8,0.6,2417.92
9608,2402.0,2442.83,0.2,2417.92
9609,2402.25,2443.07,0.4,2417.92
9610,2402.5,2441.97,1.6,2417.92
9611,2402.75,2441.96,0.2,2417.91
9612,2403.0,2442.54,0.2,2417.91
9613,2403.25,2442.29,0.2,2417.91
9614,2403.5,2442.5,0.9,2417.91
9615,2403.75,2442.98,0.3,2417.9
9616,2404.0,2443.71,0.5,2417.9
9617,2404.25,2444.43,0.8,2417.9
9618,2404.5,2444.68,0.2,2417.9
9619,2404.75,2445.16,0.2,2417.89
9620,2405.0,2445.4,0.3,2417.89
9621,2405.25,2445.88,0.4,2417.89
9622,2405.5,2445.62,0.1,2417.89
9623,2405.75,2446.08,0.4,2417.89
9624,2406.0,2439.19,1.1,2417.88
9625,2406.25,2439.68,0.4,2417.88
9626,2406.5,2439.92,0.3,2417.88
9627,2406.75,2440.17,0.8,2417.88
9628,2407.0,2440.18,0.2,2417.87
9629,2407.25,2440.43,0.4,2417.87
9630,2407.5,2440.68,0.3,2417.87
9631,2407.75,2441.98,0.3,2417.87
9632,2408.0,2440.88,0.2,2417.86
9633,2408.25,2441.13,0.2,2417.86
9634,2408.5,2441.62,1.4,2417.86
9635,2408.75,2442.09,0.4,2417.86
9636,2409.0,2442.1,0.2,2417.86
9637,2409.25,2442.35,0.6,2417.85
9638,2409.5,2442.6,0.4,2417.85
9639,2409.75,2442.61,0.4,2417.85
9640,2410.0,2442.82,0.2,2417.85
9641,2410.25,2442.82,0.4,2417.84
9642,2410.5,2442.81,0.2,2417.84
9643,2410.75,2442.78,0.2,2417.84
9644,2411.0,2440.32,0.9,2417.84
9645,2411.25,2440.32,0.2,2417.84
9646,2411.5,2440.31,0.4,2417.83
9647,2411.75,2441.04,0.9,2417.83
9648,2412.0,2441.52,0.2,2417.83
9649,2412.25,2441.27,0.4,2417.83
9650,2412.5,2440.09,0.2,2417.82
9651,2412.75,2440.57,0.4,2417.82
9652,2413.0,2439.35,0.3,2417.82
9653,2413.25,2439.34,0.4,2417.82
9654,2413.5,2439.07,1.2,2417.81
9655,2413.75,2438.98,0.2,2417.81
9656,2414.0,2439.46,0.4,2417.81
9657,2414.25,2438.45,0.8,2417.81
9658,2414.5,2438.7,0.3,2417.81
9659,2414.75,2439.16,0.2,2417.8
9660,2415.0,2439.87,0.2,2417.8
9661,2415.25,2440.11,0.4,2417.8
9662,2415.5,2440.59,0.3,2417.8
9663,2415.75,2440.84,0.9,2417.79
9664,2416.0,2440.57,0.3,2417.79
9665,2416.25,2440.79,0.4,2417.79
9666,2416.5,2440.05,0.1,2417.79
9667,2416.75,2440.29,0.7,2417.78
9668,2417.0,2440.52,0.2,2417.78
9669,2417.25,2440.51,0.1,2417.78
9670,2417.5,2440.96,0.2,2417.78
9671,2417.75,2440.96,0.5,2417.78
9672,2418.0,2441.25,0.6,2417.77
9673,2418.25,2439.92,0.9,2417.77
9674,2418.5,2439.66,0.3,2417.77
9675,2418.75,2439.66,0.3,2417.77
9676,2419.0,2439.85,0.2,2417.76
9677,2419.25,2438.33,0.8,2417.76
9678,2419.5,2438.32,0.3,2417.76
9679,2419.75,2438.8,0.2,2417.76
9680,2420.0,2439.5,0.3,2417.76
9681,2420.25,2439.75,0.1,2417.75
9682,2420.5,2438.45,0.2,2417.75
9683,2420.75,2439.41,0.8,2417.75
9684,2421.0,2439.4,0.2,2417.75
9685,2421.25,2439.55,0.4,2417.74
9686,2421.5,2439.55,0.2,2417.74
9687,2421.75,2439.55,0.6,2417.74
9688,2422.0,2439.53,0.3,2417.74
9689,2422.25,2439.77,0.5,2417.73
9690,2422.5,2440.25,0.2,2417.73
9691,2422.75,2440.61,0.1,2417.73
9692,2423.0,2441.34,0.4,2417.73
9693,2423.25,2442.57,1.2,2417.73
9694,2423.5,2442.77,0.2,2417.72
9695,2423.75,2443.01,0.3,2417.72
9696,2424.0,2442.51,0.2,2417.72
9697,2424.25,2441.43,0.9,2417.72
9698,2424.5,2441.41,0.2,2417.71
9699,2424.75,2441.4,0.2,2417.71
9700,2425.0,2441.6,0.2,2417.71
9701,2425.25,2441.84,0.3,2417.71
9702,2425.5,2442.32,0.1,2417.7
9703,2425.75,2438.37,1.1,2417.7
9704,2426.0,2438.36,0.3,2417.7
9705,2426.25,2438.6,0.2,2417.7
9706,2426.5,2438.59,0.8,2417.7
9707,2426.75,2438.84,0.4,2417.69
9708,2427.0,2439.05,0.3,2417.69
9709,2427.25,2439.04,0.3,2417.69
9710,2427.5,2438.79,0.2,2417.69
9711,2427.75,2438.78,0.2,2417.68
9712,2428.0,2438.36,0.2,2417.68
9713,2428.25,2439.48,0.9,2417.68
9714,2428.5,2439.23,0.4,2417.68
9715,2428.75,2440.14,0.4,2417.67
9716,2429.0,2439.16,0.7,2417.67
9717,2429.25,2438.93,0.2,2417.67
9718,2429.5,2439.39,0.4,2417.67
9719,2429.75,2439.35,0.2,2417.67
9720,2430.0,2439.34,0.2,2417.66
9721,2430.25,2438.61,0.4,2417.66
9722,2430.5,2439.05,0.2,2417.66
9723,2430.75,2440.13,1.5,2417.66
9724,2431.0,2440.11,0.2,2417.65
9725,2431.25,2439.62,0.4,2417.65
9726,2431.5,2439.04,0.7,2417.65
9727,2431.75,2439.27,0.4,2417.65
9728,2432.0,2439.04,0.3,2417.65
9729,2432.25,2439.27,0.2,2417.64
9730,2432.5,2439.01,0.2,2417.64
9731,2432.75,2437.79,0.3,2417.64
9732,2433.0,2437.78,0.2,2417.64
9733,2433.25,2437.77,1.2,2417.63
9734,2433.5,2437.99,0.3,2417.63
9735,2433.75,2437.98,0.2,2417.63
9736,2434.0,2437.97,0.6,2417.63
9737,2434.25,2438.21,0.2,2417.62
9738,2434.5,2438.7,0.1,2417.62
9739,2434.75,2438.69,0.3,2417.62
9740,2435.0,2438.93,0.2,2417.62
9741,2435.25,2438.92,0.1,2417.62
9742,2435.5,2439.14,0.3,2417.61
9743,2435.75,2440.08,1.2,2417.61
9744,2436.0,2439.83,0.2,2417.61
9745,2436.25,2439.82,0.2,2417.61
9746,2436.5,2440.05,0.8,2417.6
9747,2436.75,2440.04,0.3,2417.6
9748,2437.0,2440.04,0.4,2417.6
9749,2437.25,2440.25,0.2,2417.6
9750,2437.5,2440.25,0.2,2417.59
9751,2437.75,2439.68,0.3,2417.59
9752,2438.0,2439.44,0.2,2417.59
9753,2438.25,2435.54,1.3,2417.59
9754,2438.5,2435.3,0.2,2417.59
9755,2438.75,2435.05,0.5,2417.58
9756,2439.0,2435.59,0.4,2417.58
9757,2439.25,2435.66,0.2,2417.58
9758,2439.5,2436.38,0.3,2417.58
9759,2439.75,2436.38,0.2,2417.57
9760,2440.0,2434.96,0.2,2417.57
9761,2440.25,2435.2,0.2,2417.57
9762,2440.5,2435.44,0.2,2417.57
9763,2440.75,2436.68,1.6,2417.56
9764,2441.0,2436.69,0.2,2417.56
9765,2441.25,2437.15,0.4,2417.56
9766,2441.5,2437.43,0.7,2417.56
9767,2441.75,2437.92,0.1,2417.56
9768,2442.0,2438.41,0.1,2417.55
9769,2442.25,2438.66,0.3,2417.55
9770,2442.5,2439.12,0.2,2417.55
9771,2442.75,2438.49,0.3,2417.55
9772,2443.0,2438.47,0.2,2417.54
9773,2443.25,2439.01,1.6,2417.54
9774,2443.5,2439.5,0.3,2417.54
9775,2443.75,2439.99,0.2,2417.54
9776,2444.0,2440.97,0.6,2417.54
9777,2444.25,2440.5,0.2,2417.53
9778,2444.5,2440.75,0.2,2417.53
9779,2444.75,2440.74,0.1,2417.53
9780,2445.0,2441.31,0.1,2417.53
9781,2445.25,2441.42,0.3,2417.52
9782,2445.5,2441.89,0.3,2417.52
9783,2445.75,2443.82,1.3,2417.52
9784,2446.0,2444.31,0.2,2417.52
9785,2446.25,2443.09,0.3,2417.51
9786,2446.5,2441.36,1.6,2417.51
9787,2446.75,2442.09,0.2,2417.51
9788,2447.0,2442.33,0.2,2417.51
9789,2447.25,2442.57,0.1,2417.51
9790,2447.5,2442.32,0.2,2417.5
9791,2447.75,2438.94,0.2,2417.5
9792,2448.0,2439.18,0.2,2417.5
9793,2448.25,2433.55,1.1,2417.5
9794,2448.5,2434.29,0.2,2417.49
9795,2448.75,2434.78,0.3,2417.49
9796,2449.0,2435.26,0.7,2417.49
9797,2449.25,2435.48,0.2,2417.49
9798,2449.5,2435.47,0.4,2417.48
9799,2449.75,2435.7,0.1,2417.48
9800,2450.0,2435.94,0.1,2417.48
9801,2450.25,2436.18,0.1,2417.48
9802,2450.5,2436.18,0.2,2417.48
9803,2450.75,2436.43,1.2,2417.47
9804,2451.0,2436.44,0.2,2417.47
9805,2451.25,2436.44,0.2,2417.47
9806,2451.5,2437.42,0.8,2417.47
9807,2451.75,2437.39,0.1,2417.46
9808,2452.0,2437.63,0.2,2417.46
9809,2452.25,2438.12,0.3,2417.46
9810,2452.5,2438.13,0.2,2417.46
9811,2452.75,2437.49,0.3,2417.46
9812,2453.0,2437.83,0.2,2417.45
9813,2453.25,2439.05,0.8,2417.45
9814,2453.5,2439.27,0.2,2417.45
9815,2453.75,2438.55,0.2,2417.45
9816,2454.0,2440.75,0.7,2417.44
9817,2454.25,2441.24,0.1,2417.44
9818,2454.5,2441.24,0.2,2417.44
9819,2454.75,2441.72,0.4,2417.44
9820,2455.0,2441.95,0.3,2417.43
9821,2455.25,2441.46,0.2,2417.43
9822,2455.5,2441.46,0.2,2417.43
9823,2455.75,2444.57,0.9,2417.43
9824,2456.0,2444.8,0.3,2417.43
9825,2456.25,2445.51,0.3,2417.42
9826,2456.5,2445.52,0.7,2417.42
9827,2456.75,2445.52,0.2,2417.42
9828,2457.0,2445.51,0.1,2417.42
9829,2457.25,2445.51,0.2,2417.41
9830,2457.5,2445.5,0.2,2417.41
9831,2457.75,2444.85,0.3,2417.41
9832,2458.0,2445.09,0.4,2417.41
9833,2458.25,2443.94,1.2,2417.4
9834,2458.5,2444.39,0.2,2417.4
9835,2458.75,2444.39,0.2,2417.4
9836,2459.0,2444.13,0.6,2417.4
9837,2459.25,2444.83,0.3,2417.4
9838,2459.5,2445.77,0.4,2417.39
9839,2459.75,2446.01,0.1,2417.39
9840,2460.0,2446.75,0.4,2417.39
9841,2460.25,2446.75,0.2,2417.39
9842,2460.5,2447.0,0.1,2417.38
9843,2460.75,2447.3,0.7,2417.38
9844,2461.0,2447.66,0.4,2417.38
9845,2461.25,2447.41,0.3,2417.38
9846,2461.5,2447.89,0.7,2417.37
9847,2461.75,2447.88,0.2,2417.37
9848,2462.0,2448.13,0.2,2417.37
9849,2462.25,2448.36,0.5,2417.37
9850,2462.5,2448.11,0.2,2417.37
9851,2462.75,2448.11,0.4,2417.36
9852,2463.0,2448.56,0.3,2417.36
9853,2463.25,2449.54,1.3,2417.36
9854,2463.5,2449.78,0.2,2417.36
9855,2463.75,2449.78,0.4,2417.35
9856,2464.0,2446.04,0.6,2417.35
9857,2464.25,2446.04,0.3,2417.35
9858,2464.5,2446.03,0.2,2417.35
9859,2464.75,2446.25,0.2,2417.35
9860,2465.0,2445.75,0.3,2417.34
9861,2465.25,2444.43,0.1,2417.34
9862,2465.5,2444.65,0.2,2417.34
9863,2465.75,2443.41,1.2,2417.34
9864,2466.0,2443.41,0.3,2417.33
9865,2466.25,2441.97,0.3,2417.33
9866,2466.5,2441.71,0.9,2417.33
9867,2466.75,2441.95,0.2,2417.33
9868,2467.0,2442.43,0.3,2417.32
9869,2467.25,2442.8,0.3,2417.32
9870,2467.5,2441.96,0.2,2417.32
9871,2467.75,2439.94,0.3,2417.32
9872,2468.0,2440.42,0.2,2417.32
9873,2468.25,2440.4,1.1,2417.31
9874,2468.5,2439.92,0.2,2417.31
9875,2468.75,2439.84,1.5,2417.31
9876,2469.0,2436.77,0.8,2417.31
9877,2469.25,2437.22,0.4,2417.3
9878,2469.5,2437.23,0.3,2417.3
9879,2469.75,2437.46,0.1,2417.3
9880,2470.0,2437.93,0.2,2417.3
9881,2470.25,2438.17,0.2,2417.29
9882,2470.5,2438.42,0.1,2417.29
9883,2470.75,2437.13,1.4,2417.29
9884,2471.0,2437.38,0.2,2417.29
9885,2471.25,2437.62,0.4,2417.29
9886,2471.5,2438.85,0.6,2417.28
9887,2471.75,2439.09,0.2,2417.28
9888,2472.0,2439.32,0.3,2417.28
9889,2472.25,2439.56,0.2,2417.28
9890,2472.5,2439.57,0.2,2417.27
9891,2472.75,2440.93,0.2,2417.27
9892,2473.0,2439.66,0.2,2417.27
9893,2473.25,2445.06,1.1,2417.27
9894,2473.5,2445.54,0.2,2417.26
9895,2473.75,2444.8,0.2,2417.26
9896,2474.0,2445.04,0.8,2417.26
9897,2474.25,2445.29,0.2,2417.26
9898,2474.5,2445.3,0.2,2417.26
9899,2474.75,2445.89,0.1,2417.25
9900,2475.0,2446.38,0.3,2417.25
9901,2475.25,2446.87,0.1,2417.25
9902,2475.5,2443.07,0.7,2417.25
9903,2475.75,2441.38,0.7,2417.24
9904,2476.0,2441.73,0.2,2417.24
9905,2476.25,2440.53,0.2,2417.24
9906,2476.5,2441.17,0.7,2417.24
9907,2476.75,2441.16,0.3,2417.24
9908,2477.0,2441.64,0.1,2417.23
9909,2477.25,2441.88,0.1,2417.23
9910,2477.5,2442.12,0.3,2417.23
9911,2477.75,2440.99,0.4,2417.23
9912,2478.0,2441.48,1.2,2417.22
9913,2478.25,2442.64,0.2,2417.22
9914,2478.5,2442.64,0.2,2417.22
9915,2478.75,2442.38,0.2,2417.22
9916,2479.0,2442.14,0.7,2417.21
9917,2479.25,2442.38,0.4,2417.21
9918,2479.5,2442.84,0.1,2417.21
9919,2479.75,2443.09,0.4,2417.21
9920,2480.0,2443.57,0.2,2417.21
9921,2480.25,2443.81,0.2,2417.2
9922,2480.5,2443.8,1.0,2417.2
9923,2480.75,2444.03,0.2,2417.2
9924,2481.0,2444.02,0.4,2417.2
9925,2481.25,2444.28,0.2,2417.19
9926,2481.5,2444.76,0.7,2417.19
9927,2481.75,2445.0,0.2,2417.19
9928,2482.0,2445.0,0.2,2417.19
9929,2482.25,2443.98,0.2,2417.18
9930,2482.5,2444.18,0.3,2417.18
9931,2482.75,2444.09,0.2,2417.18
9932,2483.0,2443.14,1.6,2417.18
9933,2483.25,2443.14,0.2,2417.18
9934,2483.5,2442.9,0.3,2417.17
9935,2483.75,2440.71,0.2,2417.17
9936,2484.0,2441.52,0.6,2417.17
9937,2484.25,2441.48,0.3,2417.17
9938,2484.5,2441.48,0.2,2417.16
9939,2484.75,2442.2,0.2,2417.16
9940,2485.0,2442.45,0.1,2417.16
9941,2485.25,2442.68,0.2,2417.16
9942,2485.5,2443.88,1.4,2417.15
9943,2485.75,2444.11,0.1,2417.15
9944,2486.0,2444.1,0.4,2417.15
9945,2486.25,2444.33,0.1,2417.15
9946,2486.5,2444.32,0.7,2417.15
9947,2486.75,2444.82,0.2,2417.14
9948,2487.0,2445.05,0.2,2417.14
9949,2487.25,2445.27,0.2,2417.14
9950,2487.5,2445.32,0.2,2417.14
9951,2487.75,2445.3,0.1,2417.13
9952,2488.0,2438.51,1.3,2417.13
9953,2488.25,2438.5,0.1,2417.13
9954,2488.5,2438.99,0.2,2417.13
9955,2488.75,2438.98,0.2,2417.13
9956,2489.0,2439.43,0.7,2417.12
9957,2489.25,2439.67,0.4,2417.12
9958,2489.5,2439.91,0.2,2417.12
9959,2489.75,2440.15,0.1,2417.12
9960,2490.0,2439.45,0.2,2417.11
9961,2490.25,2439.94,0.2,2417.11
9962,2490.5,2438.21,1.9,2417.11
9963,2490.75,2438.92,0.2,2417.11
9964,2491.0,2438.67,0.2,2417.1
9965,2491.25,2438.91,0.2,2417.1
9966,2491.5,2440.96,0.7,2417.1
9967,2491.75,2441.46,0.2,2417.1
9968,2492.0,2441.21,0.3,2417.1
9969,2492.25,2441.09,0.2,2417.09
9970,2492.5,2438.89,0.3,2417.09
9971,2492.75,2439.38,0.2,2417.09
9972,2493.0,2439.61,1.2,2417.09
9973,2493.25,2439.83,0.2,2417.08
9974,2493.5,2439.82,0.3,2417.08
9975,2493.75,2439.82,0.4,2417.08
9976,2494.0,2440.06,0.8,2417.08
9977,2494.25,2440.3,0.3,2417.07
9978,2494.5,2440.29,0.9,2417.07
9979,2494.75,2440.05,0.2,2417.07
9980,2495.0,2440.29,0.4,2417.07
9981,2495.25,2440.53,0.2,2417.07
9982,2495.5,2440.05,0.9,2417.06
9983,2495.75,2440.29,0.2,2417.06
9984,2496.0,2439.79,0.4,2417.06
9985,2496.25,2440.03,0.7,2417.06
9986,2496.5,2440.5,0.2,2417.05
9987,2496.75,2440.74,0.3,2417.05
9988,2497.0,2441.39,0.2,2417.05
9989,2497.25,2441.88,0.2,2417.05
9990,2497.5,2440.92,0.2,2417.05
9991,2497.75,2441.41,0.2,2417.04
9992,2498.0,2440.57,1.4,2417.04
9993,2498.25,2440.57,0.3,2417.04
9994,2498.5,2439.86,0.4,2417.04
9995,2498.75,2435.56,0.8,2417.03
9996,2499.0,2435.75,0.2,2417.03
9997,2499.25,2434.32,0.4,2417.03
9998,2499.5,2434.57,0.1,2417.03
9999,2499.75,2434.57,0.1,2417.02
10000,2500.0,2434.42,0.1,2417.02
10001,2500.25,2434.87,0.2,2417.02
10002,2500.5,2434.65,1.1,2417.02
10003,2500.75,2433.38,0.2,2417.02
10004,2501.0,2433.61,0.2,2417.01
10005,2501.25,2433.85,0.9,2417.01
10006,2501.5,2434.55,0.3,2417.01
10007,2501.75,2434.78,0.3,2417.01
10008,2502.0,2434.78,0.2,2417.0
10009,2502.25,2435.23,0.2,2417.0
10010,2502.5,2434.45,0.2,2417.0
10011,2502.75,2434.66,0.2,2417.0
10012,2503.0,2436.89,1.1,2416.99
10013,2503.25,2437.38,0.2,2416.99
10014,2503.5,2437.37,0.2,2416.99
10015,2503.75,2438.1,0.7,2416.99
10016,2504.0,2438.33,0.4,2416.99
10017,2504.25,2438.82,0.1,2416.98
10018,2504.5,2438.81,0.2,2416.98
10019,2504.75,2439.42,0.2,2416.98
10020,2505.0,2439.62,0.2,2416.98
10021,2505.25,2439.62,0.2,2416.97
10022,2505.5,2437.82,1.4,2416.97
10023,2505.75,2437.81,0.2,2416.97
10024,2506.0,2437.81,0.4,2416.97
10025,2506.25,2437.57,0.7,2416.96
10026,2506.5,2437.78,0.2,2416.96
10027,2506.75,2438.02,0.2,2416.96
10028,2507.0,2437.77,0.2,2416.96
10029,2507.25,2438.27,0.3,2416.96
10030,2507.5,2437.12,0.2,2416.95
10031,2507.75,2437.82,0.2,2416.95
10032,2508.0,2440.29,1.1,2416.95
10033,2508.25,2440.52,0.3,2416.95
10034,2508.5,2440.75,0.3,2416.94
10035,2508.75,2440.75,0.7,2416.94
10036,2509.0,2441.2,0.2,2416.94
10037,2509.25,2441.45,0.2,2416.94
10038,2509.5,2441.44,0.2,2416.94
10039,2509.75,2441.43,0.1,2416.93
10040,2510.0,2441.42,0.2,2416.93
10041,2510.25,2441.66,0.3,2416.93
10042,2510.5,2443.89,1.4,2416.93
10043,2510.75,2443.63,0.4,2416.92
10044,2511.0,2443.63,0.4,2416.92
10045,2511.25,2438.59,0.7,2416.92
10046,2511.5,2438.59,0.2,2416.92
10047,2511.75,2438.83,0.3,2416.91
10048,2512.0,2439.07,0.1,2416.91
10049,2512.25,2440.28,0.3,2416.91
10050,2512.5,2439.27,0.3,2416.91
10051,2512.75,2439.48,0.2,2416.91
10052,2513.0,2441.42,1.2,2416.9
10053,2513.25,2441.43,0.3,2416.9
10054,2513.5,2440.69,0.3,2416.9
10055,2513.75,2440.93,0.7,2416.9
10056,2514.0,2441.63,0.2,2416.89
10057,2514.25,2441.86,0.2,2416.89
10058,2514.5,2441.88,0.2,2416.89
10059,2514.75,2441.85,0.3,2416.89
10060,2515.0,2442.07,0.2,2416.88
10061,2515.25,2441.64,0.2,2416.88
10062,2515.5,2447.05,0.9,2416.88
10063,2515.75,2447.05,0.2,2416.88
10064,2516.0,2447.29,0.4,2416.88
10065,2516.25,2447.77,0.6,2416.87
10066,2516.5,2447.28,0.2,2416.87
10067,2516.75,2447.51,0.2,2416.87
10068,2517.0,2446.8,0.2,2416.87
10069,2517.25,2447.29,0.1,2416.86
10070,2517.5,2446.39,0.3,2416.86
10071,2517.75,2446.64,0.4,2416.86
10072,2518.0,2445.12,1.1,2416.86
10073,2518.25,2445.62,0.2,2416.85
10074,2518.5,2445.38,0.2,2416.85
10075,2518.75,2439.97,0.8,2416.85
10076,2519.0,2440.22,0.2,2416.85
10077,2519.25,2439.72,0.4,2416.85
10078,2519.5,2439.72,0.2,2416.84
10079,2519.75,2439.26,0.2,2416.84
10080,2520.0,2439.26,0.2,2416.84
10081,2520.25,2439.59,0.2,2416.84
10082,2520.5,2436.44,1.0,2416.83
10083,2520.75,2436.46,0.4,2416.83
10084,2521.0,2435.65,0.3,2416.83
10085,2521.25,2435.27,0.9,2416.83
10086,2521.5,2435.52,0.2,2416.83
10087,2521.75,2435.74,0.2,2416.82
10088,2522.0,2436.45,0.1,2416.82
10089,2522.25,2436.7,0.3,2416.82
10090,2522.5,2436.93,0.4,2416.82
10091,2522.75,2436.74,0.2,2416.81
10092,2523.0,2434.51,0.9,2416.81
10093,2523.25,2434.74,0.8,2416.81
10094,2523.5,2435.2,0.4,2416.81
10095,2523.75,2435.43,0.4,2416.8
10096,2524.0,2435.91,0.3,2416.8
10097,2524.25,2436.16,0.2,2416.8
10098,2524.5,2435.89,0.4,2416.8
10099,2524.75,2436.13,0.2,2416.8
10100,2525.0,2436.14,0.3,2416.79
10101,2525.25,2436.84,0.1,2416.79
10102,2525.5,2440.77,1.2,2416.79
10103,2525.75,2440.77,0.2,2416.79
10104,2526.0,2441.23,0.4,2416.78
10105,2526.25,2441.95,0.6,2416.78
10106,2526.5,2441.95,0.4,2416.78
10107,2526.75,2441.7,0.2,2416.78
10108,2527.0,2442.19,0.3,2416.77
10109,2527.25,2441.75,0.3,2416.77
10110,2527.5,2440.74,0.2,2416.77
10111,2527.75,2440.73,0.4,2416.77
10112,2528.0,2440.95,1.2,2416.77
10113,2528.25,2440.7,0.6,2416.76
10114,2528.5,2440.7,0.2,2416.76
10115,2528.75,2441.17,0.7,2416.76
10116,2529.0,2441.87,0.2,2416.76
10117,2529.25,2440.34,0.2,2416.75
10118,2529.5,2440.57,0.3,2416.75
10119,2529.75,2440.82,0.2,2416.75
10120,2530.0,2440.77,0.2,2416.75
10121,2530.25,2441.27,0.1,2416.75
10122,2530.5,2443.93,1.5,2416.74
10123,2530.75,2444.41,0.2,2416.74
10124,2531.0,2444.4,0.2,2416.74
10125,2531.25,2444.38,0.7,2416.74
10126,2531.5,2444.38,0.3,2416.73
10127,2531.75,2444.62,0.4,2416.73
10128,2532.0,2444.61,0.1,2416.73
10129,2532.25,2444.61,0.2,2416.73
10130,2532.5,2444.67,0.4,2416.72
10131,2532.75,2444.43,0.2,2416.72
10132,2533.0,2443.74,1.2,2416.72
10133,2533.25,2444.22,0.2,2416.72
10134,2533.5,2444.21,0.2,2416.72
10135,2533.75,2444.21,0.8,2416.71
10136,2534.0,2444.45,0.3,2416.71
10137,2534.25,2444.94,0.2,2416.71
10138,2534.5,2445.18,0.2,2416.71
10139,2534.75,2445.39,0.2,2416.7
10140,2535.0,2445.39,0.2,2416.7
10141,2535.25,2445.39,0.2,2416.7
10142,2535.5,2446.59,0.8,2416.7
10143,2535.75,2446.57,0.4,2416.69
10144,2536.0,2446.09,0.4,2416.69
10145,2536.25,2446.07,0.7,2416.69
10146,2536.5,2446.08,0.3,2416.69
10147,2536.75,2446.55,0.2,2416.69
10148,2537.0,2446.3,0.2,2416.68
10149,2537.25,2446.06,0.2,2416.68
10150,2537.5,2445.4,0.3,2416.68
10151,2537.75,2445.4,0.3,2416.68
10152,2538.0,2445.23,1.5,2416.67
10153,2538.25,2445.72,0.4,2416.67
10154,2538.5,2446.92,0.6,2416.67
10155,2538.75,2447.18,1.3,2416.67
10156,2539.0,2447.67,0.3,2416.66
10157,2539.25,2446.47,0.1,2416.66
10158,2539.5,2446.72,0.2,2416.66
10159,2539.75,2446.93,0.3,2416.66
10160,2540.0,2446.94,0.2,2416.66
10161,2540.25,2447.43,0.2,2416.65
10162,2540.5,2445.46,1.0,2416.65
10163,2540.75,2445.71,0.4,2416.65
10164,2541.0,2446.2,0.2,2416.65
10165,2541.25,2437.79,0.7,2416.64
10166,2541.5,2436.07,0.3,2416.64
10167,2541.75,2436.44,0.3,2416.64
10168,2542.0,2436.69,0.2,2416.64
10169,2542.25,2437.61,0.4,2416.64
10170,2542.5,2437.83,0.1,2416.63
10171,2542.75,2438.07,0.3,2416.63
10172,2543.0,2437.3,1.1,2416.63
10173,2543.25,2436.34,0.6,2416.63
10174,2543.5,2436.1,0.1,2416.62
10175,2543.75,2436.58,0.7,2416.62
10176,2544.0,2436.84,0.4,2416.62
10177,2544.25,2437.29,0.3,2416.62
10178,2544.5,2437.52,0.3,2416.61
10179,2544.75,2437.52,0.2,2416.61
10180,2545.0,2437.53,0.4,2416.61
10181,2545.25,2437.52,0.2,2416.61
10182,2545.5,2436.51,1.1,2416.61
10183,2545.75,2437.01,0.2,2416.6
10184,2546.0,2435.34,0.4,2416.6
10185,2546.25,2434.1,0.8,2416.6
10186,2546.5,2434.34,0.4,2416.6
10187,2546.75,2434.58,0.3,2416.59
10188,2547.0,2434.79,0.2,2416.59
10189,2547.25,2435.27,0.4,2416.59
10190,2547.5,2435.49,0.2,2416.59
10191,2547.75,2434.85,1.2,2416.58
10192,2548.0,2434.84,0.2,2416.58
10193,2548.25,2435.33,0.3,2416.58
10194,2548.5,2435.81,0.2,2416.58
10195,2548.75,2436.05,0.9,2416.58
10196,2549.0,2436.79,0.3,2416.57
10197,2549.25,2436.54,0.4,2416.57
10198,2549.5,2437.03,0.2,2416.57
10199,2549.75,2437.02,0.2,2416.57
10200,2550.0,2437.25,0.2,2416.56
10201,2550.25,2440.48,1.2,2416.56
10202,2550.5,2440.73,0.2,2416.56
10203,2550.75,2440.23,0.5,2416.56
10204,2551.0,2440.47,0.2,2416.55
10205,2551.25,2440.0,0.7,2416.55
10206,2551.5,2439.99,0.3,2416.55
10207,2551.75,2440.47,0.3,2416.55
10208,2552.0,2440.21,0.2,2416.55
10209,2552.25,2440.94,0.4,2416.54
10210,2552.5,2441.15,0.2,2416.54
10211,2552.75,2441.26,1.0,2416.54
10212,2553.0,2441.24,0.3,2416.54
10213,2553.25,2441.24,0.4,2416.53
10214,2553.5,2441.23,0.2,2416.53
10215,2553.75,2439.99,0.5,2416.53
10216,2554.0,2440.72,0.2,2416.53
10217,2554.25,2440.99,0.3,2416.53
10218,2554.5,2440.98,0.4,2416.52
10219,2554.75,2440.97,0.2,2416.52
10220,2555.0,2440.96,0.1,2416.52
10221,2555.25,2435.11,1.0,2416.52
10222,2555.5,2435.11,0.4,2416.51
10223,2555.75,2435.34,0.3,2416.51
10224,2556.0,2435.33,0.2,2416.51
10225,2556.25,2435.34,0.6,2416.51
10226,2556.5,2435.09,0.3,2416.5
10227,2556.75,2435.82,0.4,2416.5
10228,2557.0,2435.52,0.3,2416.5
10229,2557.25,2435.59,0.2,2416.5
10230,2557.5,2435.59,0.2,2416.5
10231,2557.75,2436.98,1.0,2416.49
10232,2558.0,2437.47,0.4,2416.49
10233,2558.25,2437.23,0.4,2416.49
10234,2558.5,2437.67,0.7,2416.49
10235,2558.75,2438.41,0.2,2416.48
10236,2559.0,2438.14,0.4,2416.48
10237,2559.25,2437.9,0.2,2416.48
10238,2559.5,2438.14,0.4,2416.48
10239,2559.75,2438.13,0.2,2416.47
10240,2560.0,2438.12,0.3,2416.47
10241,2560.25,2440.59,0.9,2416.47
10242,2560.5,2441.07,0.4,2416.47
10243,2560.75,2441.06,0.2,2416.47
10244,2561.0,2441.55,0.6,2416.46
10245,2561.25,2441.8,0.5,2416.46
10246,2561.5,2442.04,0.3,2416.46
10247,2561.75,2442.04,0.2,2416.46
10248,2562.0,2442.14,0.4,2416.45
10249,2562.25,2440.99,0.2,2416.45
10250,2562.5,2441.23,0.2,2416.45
10251,2562.75,2441.46,1.2,2416.45
10252,2563.0,2441.7,0.2,2416.45
10253,2563.25,2442.43,0.6,2416.44
10254,2563.5,2439.8,0.6,2416.44
10255,2563.75,2440.04,0.3,2416.44
10256,2564.0,2440.28,0.2,2416.44
10257,2564.25,2440.52,0.2,2416.43
10258,2564.5,2439.31,0.4,2416.43
10259,2564.75,2439.55,0.3,2416.43
10260,2565.0,2439.54,0.2,2416.43
10261,2565.25,2435.48,1.2,2416.42
10262,2565.5,2435.73,0.4,2416.42
10263,2565.75,2434.53,0.2,2416.42
10264,2566.0,2435.73,0.6,2416.42
10265,2566.25,2435.98,0.3,2416.42
10266,2566.5,2435.97,0.2,2416.41
10267,2566.75,2436.69,0.2,2416.41
10268,2567.0,2437.04,0.2,2416.41
10269,2567.25,2435.32,0.2,2416.41
10270,2567.5,2435.31,0.1,2416.4
10271,2567.75,2435.55,1.0,2416.4
10272,2568.0,2435.79,0.4,2416.4
10273,2568.25,2436.03,0.2,2416.4
10274,2568.5,2436.52,0.7,2416.39
10275,2568.75,2436.52,0.2,2416.39
10276,2569.0,2436.76,0.3,2416.39
10277,2569.25,2437.47,0.2,2416.39
10278,2569.5,2437.72,0.2,2416.39
10279,2569.75,2437.66,0.1,2416.38
10280,2570.0,2437.41,0.2,2416.38
10281,2570.25,2441.58,1.3,2416.38
10282,2570.5,2442.07,0.4,2416.38
10283,2570.75,2442.3,0.3,2416.37
10284,2571.0,2443.03,0.6,2416.37
10285,2571.25,2443.27,0.1,2416.37
10286,2571.5,2443.02,0.3,2416.37
10287,2571.75,2442.98,0.2,2416.36
10288,2572.0,2442.27,0.3,2416.36
10289,2572.25,2441.79,0.4,2416.36
10290,2572.5,2441.77,0.2,2416.36
10291,2572.75,2444.98,1.1,2416.36
10292,2573.0,2443.41,0.2,2416.35
10293,2573.25,2443.38,0.3,2416.35
10294,2573.5,2443.86,0.9,2416.35
10295,2573.75,2443.85,0.2,2416.35
10296,2574.0,2443.82,0.3,2416.34
10297,2574.25,2444.29,0.3,2416.34
10298,2574.5,2444.29,0.2,2416.34
10299,2574.75,2444.54,0.2,2416.34
10300,2575.0,2444.3,0.2,2416.34
10301,2575.25,2441.79,1.1,2416.33
10302,2575.5,2442.98,0.2,2416.33
10303,2575.75,2443.23,0.3,2416.33
10304,2576.0,2443.94,0.6,2416.33
10305,2576.25,2443.94,0.3,2416.32
10306,2576.5,2443.69,0.2,2416.32
10307,2576.75,2443.69,0.1,2416.32
10308,2577.0,2444.42,0.4,2416.32
10309,2577.25,2444.17,0.2,2416.31
10310,2577.5,2444.17,0.4,2416.31
10311,2577.75,2445.05,1.1,2416.31
10312,2578.0,2445.29,0.3,2416.31
10313,2578.25,2445.28,0.4,2416.31
10314,2578.5,2444.84,0.9,2416.3
10315,2578.75,2445.08,0.2,2416.3
10316,2579.0,2445.29,0.3,2416.3
10317,2579.25,2445.28,0.2,2416.3
10318,2579.5,2445.66,0.4,2416.29
10319,2579.75,2445.66,0.2,2416.29
10320,2580.0,2445.38,0.4,2416.29
10321,2580.25,2444.14,1.2,2416.29
10322,2580.5,2443.16,0.3,2416.28
10323,2580.75,2443.16,0.4,2416.28
10324,2581.0,2441.7,0.6,2416.28
10325,2581.25,2442.35,0.4,2416.28
10326,2581.5,2438.62,0.8,2416.28
10327,2581.75,2446.44,3.1,2416.27
10328,2582.0,2446.2,0.5,2416.27
10329,2582.25,2446.43,0.2,2416.27
10330,2582.5,2446.39,0.2,2416.27
10331,2582.75,2443.0,1.0,2416.26
10332,2583.0,2443.73,0.2,2416.26
10333,2583.25,2443.97,0.4,2416.26
10334,2583.5,2437.13,0.6,2416.26
10335,2583.75,2437.87,0.4,2416.25
10336,2584.0,2438.1,0.2,2416.25
10337,2584.25,2438.58,0.2,2416.25
10338,2584.5,2438.58,0.2,2416.25
10339,2584.75,2439.06,0.2,2416.25
10340,2585.0,2439.55,0.3,2416.24
10341,2585.25,2439.02,1.7,2416.24
10342,2585.5,2439.0,0.3,2416.24
10343,2585.75,2438.76,0.4,2416.24
10344,2586.0,2437.53,0.7,2416.23
10345,2586.25,2437.27,0.2,2416.23
10346,2586.5,2437.76,0.4,2416.23
10347,2586.75,2438.24,0.2,2416.23
10348,2587.0,2437.06,0.3,2416.23
10349,2587.25,2436.01,0.2,2416.22
10350,2587.5,2435.29,0.8,2416.22
10351,2587.75,2435.53,0.6,2416.22
10352,2588.0,2435.47,0.4,2416.22
10353,2588.25,2435.47,0.4,2416.21
10354,2588.5,2435.25,0.7,2416.21
10355,2588.75,2434.77,0.3,2416.21
10356,2589.0,2435.25,0.2,2416.21
10357,2589.25,2435.49,0.3,2416.2
10358,2589.5,2435.0,0.3,2416.2
10359,2589.75,2435.24,0.2,2416.2
10360,2590.0,2437.48,0.8,2416.2
10361,2590.25,2437.71,0.2,2416.2
10362,2590.5,2437.71,0.5,2416.19
10363,2590.75,2437.86,0.3,2416.19
10364,2591.0,2438.32,0.7,2416.19
10365,2591.25,2438.55,0.3,2416.19
10366,2591.5,2438.8,0.4,2416.18
10367,2591.75,2439.02,0.2,2416.18
10368,2592.0,2438.86,0.4,2416.18
10369,2592.25,2438.86,0.2,2416.18
10370,2592.5,2437.87,1.2,2416.17
10371,2592.75,2438.35,0.2,2416.17
10372,2593.0,2439.08,0.3,2416.17
10373,2593.25,2439.08,0.2,2416.17
10374,2593.5,2440.69,0.7,2416.17
10375,2593.75,2441.18,0.3,2416.16
10376,2594.0,2441.67,0.3,2416.16
10377,2594.25,2442.62,0.2,2416.16
10378,2594.5,2442.37,0.2,2416.16
10379,2594.75,2441.3,0.2,2416.15
10380,2595.0,2442.24,1.1,2416.15
10381,2595.25,2442.71,0.4,2416.15
10382,2595.5,2441.94,0.4,2416.15
10383,2595.75,2442.18,0.4,2416.15
10384,2596.0,2438.73,0.8,2416.14
10385,2596.25,2439.21,0.1,2416.14
10386,2596.5,2439.2,0.4,2416.14
10387,2596.75,2439.44,0.2,2416.14
10388,2597.0,2437.96,0.4,2416.13
10389,2597.25,2437.96,0.2,2416.13
10390,2597.5,2439.36,1.3,2416.13
10391,2597.75,2439.6,0.3,2416.13
10392,2598.0,2440.08,0.3,2416.12
10393,2598.25,2440.32,0.2,2416.12
10394,2598.5,2437.82,0.9,2416.12
10395,2598.75,2439.04,0.3,2416.12
10396,2599.0,2439.0,0.2,2416.12
10397,2599.25,2439.24,0.1,2416.11
10398,2599.5,2439.72,0.4,2416.11
10399,2599.75,2438.43,0.2,2416.11
10400,2600.0,2436.94,1.1,2416.11
10401,2600.25,2437.31,0.2,2416.1
10402,2600.5,2438.25,0.2,2416.1
10403,2600.75,2438.49,0.1,2416.1
10404,2601.0,2440.21,0.6,2416.1
10405,2601.25,2439.95,0.3,2416.09
10406,2601.5,2440.19,0.4,2416.09
10407,2601.75,2440.7,0.1,2416.09
10408,2602.0,2441.24,0.4,2416.09
10409,2602.25,2441.7,0.2,2416.09
10410,2602.5,2440.76,1.0,2416.08
10411,2602.75,2440.99,0.3,2416.08
10412,2603.0,2440.99,0.4,2416.08
10413,2603.25,2440.74,0.4,2416.08
10414,2603.5,2441.31,0.6,2416.07
10415,2603.75,2442.04,0.2,2416.07
10416,2604.0,2442.29,0.2,2416.07
10417,2604.25,2442.54,0.2,2416.07
10418,2604.5,2442.29,0.2,2416.06
10419,2604.75,2442.05,0.2,2416.06
10420,2605.0,2443.51,0.9,2416.06
10421,2605.25,2443.25,0.3,2416.06
10422,2605.5,2443.01,0.2,2416.06
10423,2605.75,2443.01,0.4,2416.05
10424,2606.0,2442.77,0.6,2416.05
10425,2606.25,2443.22,0.2,2416.05
10426,2606.5,2443.46,0.4,2416.05
10427,2606.75,2443.45,0.2,2416.04
10428,2607.0,2442.54,0.4,2416.04
10429,2607.25,2441.0,0.4,2416.04
10430,2607.5,2440.32,1.3,2416.04
10431,2607.75,2440.57,0.4,2416.04
10432,2608.0,2440.32,0.2,2416.03
10433,2608.25,2440.62,1.1,2416.03
10434,2608.5,2440.84,0.2,2416.03
10435,2608.75,2440.82,0.5,2416.03
10436,2609.0,2441.07,0.4,2416.02
10437,2609.25,2442.21,0.2,2416.02
10438,2609.5,2442.44,0.1,2416.02
10439,2609.75,2442.44,0.2,2416.02
10440,2610.0,2444.88,1.2,2416.01
10441,2610.25,2444.89,0.2,2416.01
10442,2610.5,2445.11,0.4,2416.01
10443,2610.75,2445.11,0.8,2416.01
10444,2611.0,2445.34,0.2,2416.01
10445,2611.25,2445.58,0.4,2416.0
10446,2611.5,2444.53,0.2,2416.0
10447,2611.75,2444.75,0.2,2416.0
10448,2612.0,2443.79,0.4,2416.0
10449,2612.25,2443.37,0.4,2415.99
10450,2612.5,2446.03,1.2,2415.99
10451,2612.75,2446.73,0.4,2415.99
10452,2613.0,2446.98,0.4,2415.99
10453,2613.25,2441.8,0.9,2415.98
10454,2613.5,2442.51,0.3,2415.98
10455,2613.75,2442.49,0.4,2415.98
10456,2614.0,2442.98,0.3,2415.98
10457,2614.25,2443.21,0.1,2415.98
10458,2614.5,2443.21,0.1,2415.97
10459,2614.75,2443.45,0.4,2415.97
10460,2615.0,2439.25,1.6,2415.97
10461,2615.25,2439.73,0.9,2415.97
10462,2615.5,2439.96,0.4,2415.96
10463,2615.75,2440.45,1.0,2415.96
10464,2616.0,2440.44,0.3,2415.96
10465,2616.25,2440.67,0.3,2415.96
10466,2616.5,2440.67,0.1,2415.95
10467,2616.75,2440.84,0.2,2415.95
10468,2617.0,2440.32,0.2,2415.95
10469,2617.25,2440.81,0.1,2415.95
10470,2617.5,2441.79,1.2,2415.95
10471,2617.75,2441.54,0.3,2415.94
10472,2618.0,2442.0,0.3,2415.94
10473,2618.25,2438.31,0.7,2415.94
10474,2618.5,2438.77,0.4,2415.94
10475,2618.75,2439.25,0.2,2415.93
10476,2619.0,2439.01,0.3,2415.93
10477,2619.25,2439.7,0.3,2415.93
10478,2619.5,2439.7,0.3,2415.93
10479,2619.75,2439.44,0.3,2415.93
10480,2620.0,2438.25,1.0,2415.92
10481,2620.25,2438.5,0.2,2415.92
10482,2620.5,2438.8,0.3,2415.92
10483,2620.75,2437.79,0.6,2415.92
10484,2621.0,2438.52,0.4,2415.91
10485,2621.25,2438.97,0.2,2415.91
10486,2621.5,2439.22,0.3,2415.91
10487,2621.75,2440.93,0.4,2415.91
10488,2622.0,2438.32,0.3,2415.9
10489,2622.25,2438.32,0.2,2415.9
10490,2622.5,2439.31,0.9,2415.9
10491,2622.75,2439.8,0.2,2415.9
10492,2623.0,2439.8,0.4,2415.9
10493,2623.25,2440.04,0.6,2415.89
10494,2623.5,2440.04,0.4,2415.89
10495,2623.75,2440.25,0.3,2415.89
10496,2624.0,2440.94,0.3,2415.89
10497,2624.25,2440.63,0.4,2415.88
10498,2624.5,2440.88,0.2,2415.88
10499,2624.75,2440.89,0.2,2415.88
10500,2625.0,2441.12,1.0,2415.88
10501,2625.25,2441.27,0.5,2415.87
10502,2625.5,2441.27,0.3,2415.87
10503,2625.75,2441.71,0.7,2415.87
10504,2626.0,2442.2,0.3,2415.87
10505,2626.25,2441.94,0.4,2415.87
10506,2626.5,2440.96,1.3,2415.86
10507,2626.75,2439.27,0.2,2415.86
10508,2627.0,2439.76,0.2,2415.86
10509,2627.25,2440.21,0.2,2415.86
10510,2627.5,2440.45,1.4,2415.85
10511,2627.75,2440.68,0.3,2415.85
10512,2628.0,2441.16,0.5,2415.85
10513,2628.25,2441.4,0.7,2415.85
10514,2628.5,2441.64,0.1,2415.85
10515,2628.75,2442.37,0.4,2415.84
10516,2629.0,2442.61,0.2,2415.84
10517,2629.25,2442.85,0.1,2415.84
10518,2629.5,2442.34,0.2,2415.84
10519,2629.75,2442.83,0.2,2415.83
10520,2630.0,2442.12,1.0,2415.83
10521,2630.25,2441.86,0.2,2415.83
10522,2630.5,2442.35,0.7,2415.83
10523,2630.75,2442.58,0.6,2415.82
10524,2631.0,2443.07,0.2,2415.82
10525,2631.25,2443.31,0.2,2415.82
10526,2631.5,2443.05,0.2,2415.82
10527,2631.75,2440.89,0.2,2415.82
10528,2632.0,2441.38,0.2,2415.81
10529,2632.25,2441.62,0.6,2415.81
10530,2632.5,2440.05,0.9,2415.81
10531,2632.75,2440.12,0.4,2415.81
10532,2633.0,2440.11,0.2,2415.8
10533,2633.25,2441.05,0.6,2415.8
10534,2633.5,2441.3,0.2,2415.8
10535,2633.75,2441.78,0.4,2415.8
10536,2634.0,2442.01,0.2,2415.79
10537,2634.25,2441.76,0.1,2415.79
10538,2634.5,2441.52,0.2,2415.79
10539,2634.75,2441.97,0.3,2415.79
10540,2635.0,2440.99,1.2,2415.79
10541,2635.25,2441.72,0.3,2415.78
10542,2635.5,2442.18,0.4,2415.78
10543,2635.75,2441.42,0.9,2415.78
10544,2636.0,2441.91,0.2,2415.78
10545,2636.25,2442.39,0.6,2415.77
10546,2636.5,2440.47,0.1,2415.77
10547,2636.75,2439.21,0.5,2415.77
10548,2637.0,2439.71,0.2,2415.77
10549,2637.25,2439.7,0.4,2415.76
10550,2637.5,2439.68,0.9,2415.76
10551,2637.75,2439.93,0.2,2415.76
10552,2638.0,2439.92,0.2,2415.76
10553,2638.25,2440.6,0.8,2415.76
10554,2638.5,2440.83,0.2,2415.75
10555,2638.75,2440.83,0.3,2415.75
10556,2639.0,2441.21,0.3,2415.75
10557,2639.25,2441.67,0.2,2415.75
10558,2639.5,2442.16,0.2,2415.74
10559,2639.75,2442.4,0.2,2415.74
10560,2640.0,2439.69,0.8,2415.74
10561,2640.25,2438.94,0.4,2415.74
10562,2640.5,2439.18,0.2,2415.74
10563,2640.75,2439.42,0.6,2415.73
10564,2641.0,2438.2,0.4,2415.73
10565,2641.25,2438.45,0.2,2415.73
10566,2641.5,2438.69,0.2,2415.73
10567,2641.75,2438.05,0.4,2415.72
10568,2642.0,2438.52,0.1,2415.72
10569,2642.25,2438.53,0.2,2415.72
10570,2642.5,2441.46,1.3,2415.72
10571,2642.75,2441.47,0.3,2415.71
10572,2643.0,2441.72,0.4,2415.71
10573,2643.25,2442.68,0.6,2415.71
10574,2643.5,2442.92,0.2,2415.71
10575,2643.75,2443.61,0.4,2415.71
10576,2644.0,2444.09,0.2,2415.7
10577,2644.25,2443.86,0.2,2415.7
10578,2644.5,2444.36,0.1,2415.7
10579,2644.75,2444.85,0.2,2415.7
10580,2645.0,2444.61,1.1,2415.69
10581,2645.25,2444.82,0.3,2415.69
10582,2645.5,2444.84,0.2,2415.69
10583,2645.75,2445.08,0.5,2415.69
10584,2646.0,2445.58,0.2,2415.68
10585,2646.25,2445.33,0.4,2415.68
10586,2646.5,2445.61,0.2,2415.68
10587,2646.75,2443.36,1.8,2415.68
10588,2647.0,2443.0,0.3,2415.68
10589,2647.25,2443.74,0.7,2415.67
10590,2647.5,2438.82,0.9,2415.67
10591,2647.75,2437.85,0.3,2415.67
10592,2648.0,2437.84,0.3,2415.67
10593,2648.25,2438.58,0.5,2415.66
10594,2648.5,2436.58,0.2,2415.66
10595,2648.75,2436.82,0.3,2415.66
10596,2649.0,2437.05,0.2,2415.66
10597,2649.25,2437.51,0.2,2415.65
10598,2649.5,2437.76,0.2,2415.65
10599,2649.75,2438.28,0.9,2415.65
10600,2650.0,2438.49,0.3,2415.65
10601,2650.25,2438.96,0.4,2415.65
10602,2650.5,2437.93,0.1,2415.64
10603,2650.75,2438.89,1.0,2415.64
10604,2651.0,2439.14,0.5,2415.64
10605,2651.25,2437.69,0.7,2415.64
10606,2651.5,2437.9,0.2,2415.63
10607,2651.75,2437.93,0.5,2415.63
10608,2652.0,2436.58,0.2,2415.63
10609,2652.25,2437.07,1.1,2415.63
10610,2652.5,2437.3,0.4,2415.63
10611,2652.75,2437.55,0.4,2415.62
10612,2653.0,2437.55,0.2,2415.62
10613,2653.25,2438.98,0.8,2415.62
10614,2653.5,2439.23,0.4,2415.62
10615,2653.75,2440.01,0.3,2415.61
10616,2654.0,2440.33,0.3,2415.61
10617,2654.25,2440.79,0.2,2415.61
10618,2654.5,2441.03,0.2,2415.61
10619,2654.75,2443.0,1.0,2415.6
10620,2655.0,2443.23,0.3,2415.6
10621,2655.25,2442.98,0.3,2415.6
10622,2655.5,2443.22,0.1,2415.6
10623,2655.75,2443.21,0.8,2415.6
10624,2656.0,2443.44,0.3,2415.59
10625,2656.25,2443.69,0.2,2415.59
10626,2656.5,2444.38,0.3,2415.59
10627,2656.75,2445.11,0.2,2415.59
10628,2657.0,2443.82,0.2,2415.58
10629,2657.25,2443.57,0.8,2415.58
10630,2657.5,2444.03,0.2,2415.58
10631,2657.75,2444.27,0.4,2415.58
10632,2658.0,2444.77,0.1,2415.57
10633,2658.25,2442.46,0.8,2415.57
10634,2658.5,2440.76,0.3,2415.57
10635,2658.75,2440.66,0.3,2415.57
10636,2659.0,2440.91,0.2,2415.57
10637,2659.25,2440.66,0.3,2415.56
10638,2659.5,2440.91,0.3,2415.56
10639,2659.75,2439.65,1.1,2415.56
10640,2660.0,2440.13,0.2,2415.56
10641,2660.25,2439.88,0.3,2415.55
10642,2660.5,2438.86,0.2,2415.55
10643,2660.75,2439.11,0.8,2415.55
10644,2661.0,2439.84,0.3,2415.55
10645,2661.25,2440.3,0.2,2415.55
10646,2661.5,2440.8,0.4,2415.54
10647,2661.75,2439.83,0.3,2415.54
10648,2662.0,2440.32,0.2,2415.54
10649,2662.25,2440.81,1.1,2415.54
10650,2662.5,2440.8,0.4,2415.53
10651,2662.75,2441.05,0.4,2415.53
10652,2663.0,2441.54,0.9,2415.53
10653,2663.25,2441.53,0.2,2415.53
10654,2663.5,2441.74,0.2,2415.52
10655,2663.75,2442.08,0.2,2415.52
10656,2664.0,2442.31,0.3,2415.52
10657,2664.25,2442.06,0.1,2415.52
10658,2664.5,2442.31,0.2,2415.52
10659,2664.75,2442.04,1.1,2415.51
10660,2665.0,2442.02,0.2,2415.51
10661,2665.25,2442.26,0.2,2415.51
10662,2665.5,2440.58,0.7,2415.51
10663,2665.75,2441.28,0.5,2415.5
10664,2666.0,2441.27,0.3,2415.5
10665,2666.25,2441.26,0.2,2415.5
10666,2666.5,2440.53,0.2,2415.5
10667,2666.75,2440.27,0.2,2415.49
10668,2667.0,2440.51,0.3,2415.49
10669,2667.25,2441.0,1.1,2415.49
10670,2667.5,2441.48,0.2,2415.49
10671,2667.75,2441.48,0.4,2415.49
10672,2668.0,2441.48,0.6,2415.48
10673,2668.25,2442.67,0.2,2415.48
10674,2668.5,2442.92,0.2,2415.48
10675,2668.75,2442.44,0.4,2415.48
10676,2669.0,2442.66,0.1,2415.47
10677,2669.25,2442.18,0.2,2415.47
10678,2669.5,2442.88,0.1,2415.47
10679,2669.75,2443.83,1.0,2415.47
10680,2670.0,2443.3,0.3,2415.46
10681,2670.25,2443.56,0.3,2415.46
10682,2670.5,2442.79,0.9,2415.46
10683,2670.75,2443.03,0.3,2415.46
10684,2671.0,2443.75,0.2,2415.46
10685,2671.25,2443.98,0.2,2415.45
10686,2671.5,2443.82,0.4,2415.45
10687,2671.75,2443.74,0.3,2415.45
10688,2672.0,2443.78,0.1,2415.45
10689,2672.25,2444.01,1.1,2415.44
10690,2672.5,2444.25,0.4,2415.44
10691,2672.75,2444.5,0.2,2415.44
10692,2673.0,2445.22,1.4,2415.44
10693,2673.25,2445.69,0.3,2415.44
10694,2673.5,2445.93,0.1,2415.43
10695,2673.75,2445.43,0.2,2415.43
10696,2674.0,2444.95,0.4,2415.43
10697,2674.25,2445.43,0.1,2415.43
10698,2674.5,2445.43,0.2,2415.42
10699,2674.75,2445.41,1.2,2415.42
10700,2675.0,2445.4,0.3,2415.42
10701,2675.25,2445.64,0.4,2415.42
10702,2675.5,2445.9,0.9,2415.41
10703,2675.75,2445.88,0.3,2415.41
10704,2676.0,2445.64,0.1,2415.41
10705,2676.25,2445.38,0.2,2415.41
10706,2676.5,2444.47,0.2,2415.41
10707,2676.75,2444.96,0.2,2415.4
10708,2677.0,2444.95,0.2,2415.4
10709,2677.25,2443.48,1.9,2415.4
10710,2677.5,2442.98,0.4,2415.4
10711,2677.75,2443.89,0.6,2415.39
10712,2678.0,2442.48,0.9,2415.39
10713,2678.25,2442.47,0.2,2415.39
10714,2678.5,2442.46,0.2,2415.39
10715,2678.75,2441.04,0.1,2415.38
10716,2679.0,2441.03,0.2,2415.38
10717,2679.25,2441.27,0.2,2415.38
10718,2679.5,2441.72,0.2,2415.38
10719,2679.75,2442.2,0.9,2415.38
10720,2680.0,2442.19,0.4,2415.37
10721,2680.25,2442.75,0.1,2415.37
10722,2680.5,2441.44,1.3,2415.37
10723,2680.75,2441.66,0.4,2415.37
10724,2681.0,2442.4,0.3,2415.36
10725,2681.25,2442.89,0.2,2415.36
10726,2681.5,2441.87,0.4,2415.36
10727,2681.75,2442.11,0.2,2415.36
10728,2682.0,2442.35,0.3,2415.35
10729,2682.25,2446.02,1.3,2415.35
10730,2682.5,2446.26,0.3,2415.35
10731,2682.75,2446.99,0.2,2415.35
10732,2683.0,2447.22,0.6,2415.35
10733,2683.25,2445.79,0.2,2415.34
10734,2683.5,2446.27,0.4,2415.34
10735,2683.75,2445.32,0.2,2415.34
10736,2684.0,2444.14,0.4,2415.34
10737,2684.25,2443.89,0.4,2415.33
10738,2684.5,2444.12,0.2,2415.33
10739,2684.75,2444.57,1.3,2415.33
10740,2685.0,2443.33,0.5,2415.33
10741,2685.25,2443.54,0.2,2415.33
10742,2685.5,2442.04,0.9,2415.32
10743,2685.75,2442.52,0.2,2415.32
10744,2686.0,2442.77,0.2,2415.32
10745,2686.25,2442.74,0.2,2415.32
10746,2686.5,2443.24,0.2,2415.31
10747,2686.75,2443.47,0.2,2415.31
10748,2687.0,2442.9,0.2,2415.31
10749,2687.25,2443.87,1.3,2415.31
10750,2687.5,2444.11,0.2,2415.3
10751,2687.75,2444.2,0.3,2415.3
10752,2688.0,2443.02,0.7,2415.3
10753,2688.25,2443.25,0.2,2415.3
10754,2688.5,2443.57,0.2,2415.3
10755,2688.75,2443.81,0.1,2415.29
10756,2689.0,2443.57,0.2,2415.29
10757,2689.25,2443.55,0.2,2415.29
10758,2689.5,2443.79,0.1,2415.29
10759,2689.75,2443.79,1.4,2415.28
10760,2690.0,2444.04,0.2,2415.28
10761,2690.25,2443.79,0.2,2415.28
10762,2690.5,2443.51,0.8,2415.28
10763,2690.75,2443.99,0.2,2415.27
10764,2691.0,2444.23,0.2,2415.27
10765,2691.25,2443.77,0.4,2415.27
10766,2691.5,2443.03,0.2,2415.27
10767,2691.75,2443.73,0.3,2415.27
10768,2692.0,2443.5,0.2,2415.26
10769,2692.25,2445.7,1.2,2415.26
10770,2692.5,2445.23,0.3,2415.26
10771,2692.75,2445.7,0.4,2415.26
10772,2693.0,2442.5,0.7,2415.25
10773,2693.25,2442.76,0.3,2415.25
10774,2693.5,2443.25,0.3,2415.25
10775,2693.75,2443.25,0.2,2415.25
10776,2694.0,2443.25,0.2,2415.25
10777,2694.25,2443.97,0.1,2415.24
10778,2694.5,2444.21,0.3,2415.24
10779,2694.75,2444.95,1.5,2415.24
10780,2695.0,2444.96,0.2,2415.24
10781,2695.25,2445.43,0.2,2415.23
10782,2695.5,2443.15,1.0,2415.23
10783,2695.75,2443.39,0.2,2415.23
10784,2696.0,2443.38,0.2,2415.23
10785,2696.25,2443.37,0.2,2415.22
10786,2696.5,2441.89,0.2,2415.22
10787,2696.75,2442.13,0.1,2415.22
10788,2697.0,2442.12,0.5,2415.22
10789,2697.25,2442.61,1.0,2415.22
10790,2697.5,2442.83,0.2,2415.21
10791,2697.75,2443.31,0.3,2415.21
10792,2698.0,2443.3,0.6,2415.21
10793,2698.25,2440.68,0.4,2415.21
10794,2698.5,2440.68,0.1,2415.2
10795,2698.75,2442.12,0.2,2415.2
10796,2699.0,2442.12,0.2,2415.2
10797,2699.25,2442.36,0.1,2415.2
10798,2699.5,2442.59,0.2,2415.19
10799,2699.75,2443.09,1.2,2415.19
10800,2700.0,2442.6,0.2,2415.19
10801,2700.25,2443.3,0.2,2415.19
10802,2700.5,2443.79,0.9,2415.19
10803,2700.75,2444.27,0.1,2415.18
10804,2701.0,2444.47,0.2,2415.18
10805,2701.25,2444.73,0.3,2415.18
10806,2701.5,2443.55,0.2,2415.18
10807,2701.75,2443.55,0.2,2415.17
10808,2702.0,2443.53,0.2,2415.17
10809,2702.25,2440.83,1.3,2415.17
10810,2702.5,2441.02,0.2,2415.17
10811,2702.75,2441.27,0.3,2415.16
10812,2703.0,2441.25,0.6,2415.16
10813,2703.25,2441.49,0.3,2415.16
10814,2703.5,2441.0,0.4,2415.16
10815,2703.75,2441.23,0.1,2415.16
10816,2704.0,2441.23,0.2,2415.15
10817,2704.25,2441.21,0.1,2415.15
10818,2704.5,2438.73,0.1,2415.15
10819,2704.75,2439.95,0.9,2415.15
10820,2705.0,2439.7,0.1,2415.14
10821,2705.25,2439.66,0.2,2415.14
10822,2705.5,2439.86,0.7,2415.14
10823,2705.75,2440.09,0.4,2415.14
10824,2706.0,2440.08,0.2,2415.14
10825,2706.25,2441.15,0.2,2415.13
10826,2706.5,2441.88,0.5,2415.13
10827,2706.75,2442.38,0.3,2415.13
10828,2707.0,2440.63,1.0,2415.13
10829,2707.25,2440.37,0.2,2415.12
10830,2707.5,2440.86,0.2,2415.12
10831,2707.75,2439.86,0.8,2415.12
10832,2708.0,2440.1,0.1,2415.12
10833,2708.25,2440.34,0.3,2415.11
10834,2708.5,2440.32,0.3,2415.11
10835,2708.75,2440.56,0.2,2415.11
10836,2709.0,2440.8,0.2,2415.11
10837,2709.25,2440.55,0.1,2415.11
10838,2709.5,2441.28,1.2,2415.1
10839,2709.75,2441.27,0.2,2415.1
10840,2710.0,2441.5,0.1,2415.1
10841,2710.25,2442.0,1.1,2415.1
10842,2710.5,2442.73,0.2,2415.09
10843,2710.75,2443.2,0.3,2415.09
10844,2711.0,2443.19,0.2,2415.09
10845,2711.25,2442.43,0.3,2415.09
10846,2711.5,2442.64,0.2,2415.08
10847,2711.75,2442.64,0.1,2415.08
10848,2712.0,2438.93,1.3,2415.08
10849,2712.25,2438.68,0.1,2415.08
10850,2712.5,2439.38,0.2,2415.08
10851,2712.75,2438.28,0.6,2415.07
10852,2713.0,2438.76,0.3,2415.07
10853,2713.25,2438.5,0.2,2415.07
10854,2713.5,2438.5,0.2,2415.07
10855,2713.75,2439.28,0.2,2415.06
10856,2714.0,2439.26,0.2,2415.06
10857,2714.25,2439.26,0.2,2415.06
10858,2714.5,2441.96,1.5,2415.06
10859,2714.75,2441.21,0.2,2415.05
10860,2715.0,2441.92,0.4,2415.05
10861,2715.25,2443.85,0.7,2415.05
10862,2715.5,2444.08,0.2,2415.05
10863,2715.75,2444.09,0.4,2415.05
10864,2716.0,2443.82,0.2,2415.04
10865,2716.25,2442.94,0.2,2415.04
10866,2716.5,2442.93,0.2,2415.04
10867,2716.75,2443.17,0.2,2415.04
10868,2717.0,2444.36,1.3,2415.03
10869,2717.25,2445.08,0.4,2415.03
10870,2717.5,2444.83,0.4,2415.03
10871,2717.75,2445.04,0.8,2415.03
10872,2718.0,2445.04,0.3,2415.03
10873,2718.25,2444.94,0.2,2415.02
10874,2718.5,2444.94,0.2,2415.02
10875,2718.75,2445.19,0.2,2415.02
10876,2719.0,2445.41,0.2,2415.02
10877,2719.25,2445.62,0.1,2415.01
10878,2719.5,2445.65,1.1,2415.01
10879,2719.75,2445.91,0.2,2415.01
10880,2720.0,2446.4,0.2,2415.01
10881,2720.25,2447.14,0.9,2415.0
10882,2720.5,2447.39,0.3,2415.0
10883,2720.75,2447.89,0.2,2415.0
10884,2721.0,2446.62,0.3,2415.0
10885,2721.25,2444.88,0.4,2415.0
10886,2721.5,2445.33,0.2,2414.99
10887,2721.75,2445.34,0.2,2414.99
10888,2722.0,2441.94,1.2,2414.99
10889,2722.25,2441.94,0.6,2414.99
10890,2722.5,2441.71,0.3,2414.98
10891,2722.75,2440.68,0.6,2414.98
10892,2723.0,2440.93,0.5,2414.98
10893,2723.25,2441.18,0.2,2414.98
10894,2723.5,2441.67,0.2,2414.97
10895,2723.75,2441.91,0.2,2414.97
10896,2724.0,2441.69,0.2,2414.97
10897,2724.25,2441.93,0.2,2414.97
10898,2724.5,2443.84,1.3,2414.97
10899,2724.75,2443.59,0.2,2414.96
10900,2725.0,2443.37,0.2,2414.96
10901,2725.25,2443.12,0.9,2414.96
10902,2725.5,2443.12,0.2,2414.96
10903,2725.75,2442.88,0.3,2414.95
10904,2726.0,2443.36,0.1,2414.95
10905,2726.25,2442.9,0.3,2414.95
10906,2726.5,2443.06,0.1,2414.95
10907,2726.75,2443.06,0.4,2414.94
10908,2727.0,2442.03,0.9,2414.94
10909,2727.25,2442.5,0.4,2414.94
10910,2727.5,2442.75,0.2,2414.94
10911,2727.75,2440.21,0.9,2414.94
10912,2728.0,2440.7,0.4,2414.93
10913,2728.25,2441.15,0.3,2414.93
10914,2728.5,2441.85,0.2,2414.93
10915,2728.75,2442.09,0.1,2414.93
10916,2729.0,2442.08,0.3,2414.92
10917,2729.25,2442.54,0.2,2414.92
10918,2729.5,2442.77,1.3,2414.92
10919,2729.75,2442.76,0.2,2414.92
10920,2730.0,2442.76,0.4,2414.92
10921,2730.25,2440.78,0.5,2414.91
10922,2730.5,2440.53,0.3,2414.91
10923,2730.75,2440.27,0.3,2414.91
10924,2731.0,2440.27,0.1,2414.91
10925,2731.25,2439.28,0.2,2414.9
10926,2731.5,2439.52,0.3,2414.9
10927,2731.75,2439.23,0.2,2414.9
10928,2732.0,2439.71,1.1,2414.9
10929,2732.25,2439.7,0.3,2414.89
10930,2732.5,2440.43,0.6,2414.89
10931,2732.75,2440.66,0.7,2414.89
10932,2733.0,2440.66,0.2,2414.89
10933,2733.25,2440.16,0.3,2414.89
10934,2733.5,2440.15,0.2,2414.88
10935,2733.75,2440.36,0.1,2414.88
10936,2734.0,2440.35,0.4,2414.88
10937,2734.25,2440.84,0.2,2414.88
10938,2734.5,2444.03,1.3,2414.87
10939,2734.75,2444.0,0.3,2414.87
10940,2735.0,2444.48,0.2,2414.87
10941,2735.25,2448.9,0.8,2414.87
10942,2735.5,2449.14,0.2,2414.86
10943,2735.75,2449.63,0.2,2414.86
10944,2736.0,2449.86,0.2,2414.86
10945,2736.25,2449.18,0.2,2414.86
10946,2736.5,2449.18,0.1,2414.86
10947,2736.75,2449.33,0.2,2414.85
10948,2737.0,2444.63,1.1,2414.85
10949,2737.25,2444.86,0.2,2414.85
10950,2737.5,2444.84,0.2,2414.85
10951,2737.75,2444.83,0.8,2414.84
10952,2738.0,2444.94,0.2,2414.84
10953,2738.25,2444.93,0.3,2414.84
10954,2738.5,2445.41,0.2,2414.84
10955,2738.75,2445.16,0.2,2414.84
10956,2739.0,2445.16,0.1,2414.83
10957,2739.25,2443.17,1.4,2414.83
10958,2739.5,2443.17,0.2,2414.83
10959,2739.75,2442.67,0.3,2414.83
10960,2740.0,2442.66,0.3,2414.82
10961,2740.25,2441.4,0.6,2414.82
10962,2740.5,2441.63,0.3,2414.82
10963,2740.75,2443.04,0.3,2414.82
10964,2741.0,2443.29,10.2,2414.81
10965,2741.25,2441.77,0.2,2414.81
10966,2741.5,2442.02,0.2,2414.81
10967,2741.75,2441.9,1.1,2414.81
10968,2742.0,2442.15,1.0,2414.81
10969,2742.25,2442.38,0.2,2414.8
10970,2742.5,2442.38,0.2,2414.8
10971,2742.75,2442.62,0.6,2414.8
10972,2743.0,2442.84,0.3,2414.8
10973,2743.25,2442.84,0.3,2414.79
10974,2743.5,2442.04,0.2,2414.79
10975,2743.75,2442.28,0.1,2414.79
10976,2744.0,2442.49,0.2,2414.79
10977,2744.25,2441.86,1.3,2414.78
10978,2744.5,2441.1,0.2,2414.78
10979,2744.75,2439.66,0.4,2414.78
10980,2745.0,2442.11,0.7,2414.78
10981,2745.25,2442.11,0.4,2414.78
10982,2745.5,2442.34,0.1,2414.77
10983,2745.75,2442.79,0.2,2414.77
10984,2746.0,2443.02,0.4,2414.77
10985,2746.25,2443.02,0.2,2414.77
10986,2746.5,2443.25,0.2,2414.76
10987,2746.75,2441.46,1.4,2414.76
10988,2747.0,2439.62,0.2,2414.76
10989,2747.25,2439.86,0.3,2414.76
10990,2747.5,2439.87,0.7,2414.75
10991,2747.75,2440.09,0.2,2414.75
10992,2748.0,2440.57,0.2,2414.75
10993,2748.25,2440.56,0.2,2414.75
10994,2748.5,2440.8,0.2,2414.75
10995,2748.75,2441.28,0.2,2414.74
10996,2749.0,2441.52,0.1,2414.74
10997,2749.25,2441.04,1.4,2414.74
10998,2749.5,2441.27,0.4,2414.74
10999,2749.75,2441.08,0.3,2414.73
11000,2750.0,2441.79,1.0,2414.73
11001,2750.25,2442.5,0.2,2414.73
11002,2750.5,2442.25,0.4,2414.73
11003,2750.75,2441.23,5.9,2414.73
11004,2751.0,2441.28,5.3,2414.72
11005,2751.25,2441.87,2.0,2414.72
11006,2751.5,2442.09,0.2,2414.72
11007,2751.75,2439.96,1.2,2414.72
11008,2752.0,2439.44,0.2,2414.71
11009,2752.25,2439.93,0.2,2414.71
11010,2752.5,2440.9,0.6,2414.71
11011,2752.75,2441.64,0.2,2414.71
11012,2753.0,2441.61,0.2,2414.7
11013,2753.25,2441.6,0.2,2414.7
11014,2753.5,2441.58,0.3,2414.7
11015,2753.75,2441.8,0.1,2414.7
11016,2754.0,2442.05,0.1,2414.7
11017,2754.25,2443.71,1.6,2414.69
11018,2754.5,2443.93,0.2,2414.69
11019,2754.75,2444.37,0.3,2414.69
11020,2755.0,2440.8,0.9,2414.69
11021,2755.25,2441.03,0.3,2414.68
11022,2755.5,2441.16,0.2,2414.68
11023,2755.75,2441.84,0.3,2414.68
11024,2756.0,2439.97,0.2,2414.68
11025,2756.25,2440.2,0.1,2414.67
11026,2756.5,2440.45,0.2,2414.67
11027,2756.75,2437.83,1.3,2414.67
11028,2757.0,2438.29,0.3,2414.67
11029,2757.25,2438.52,0.2,2414.67
11030,2757.5,2439.2,0.9,2414.66
11031,2757.75,2439.67,0.2,2414.66
11032,2758.0,2440.1,0.2,2414.66
11033,2758.25,2440.48,0.6,2414.66
11034,2758.5,2440.22,0.2,2414.65
11035,2758.75,2440.22,0.2,2414.65
11036,2759.0,2440.46,0.4,2414.65
11037,2759.25,2438.44,1.0,2414.65
11038,2759.5,2436.43,0.3,2414.64
11039,2759.75,2437.15,0.3,2414.64
11040,2760.0,2437.14,0.8,2414.64
11041,2760.25,2437.38,0.4,2414.64
11042,2760.5,2437.32,0.2,2414.64
11043,2760.75,2437.31,0.1,2414.63
11044,2761.0,2438.03,0.3,2414.63
11045,2761.25,2437.21,0.1,2414.63
11046,2761.5,2437.43,0.3,2414.63
11047,2761.75,2438.08,0.9,2414.62
11048,2762.0,2438.07,0.4,2414.62
11049,2762.25,2436.79,0.3,2414.62
11050,2762.5,2437.24,0.6,2414.62
11051,2762.75,2437.96,0.3,2414.62
11052,2763.0,2438.19,0.2,2414.61
11053,2763.25,2438.66,0.1,2414.61
11054,2763.5,2439.14,0.2,2414.61
11055,2763.75,2439.37,0.2,2414.61
11056,2764.0,2439.11,0.3,2414.6
11057,2764.25,2440.55,1.3,2414.6
11058,2764.5,2441.03,0.2,2414.6
11059,2764.75,2441.25,0.2,2414.6
11060,2765.0,2440.01,1.1,2414.59
11061,2765.25,2440.26,0.3,2414.59
11062,2765.5,2440.45,3.8,2414.59
11063,2765.75,2440.43,0.2,2414.59
11064,2766.0,2440.08,0.4,2414.59
11065,2766.25,2440.31,0.1,2414.58
11066,2766.5,2440.09,1.3,2414.58
11067,2766.75,2440.6,0.4,2414.58
11068,2767.0,2440.36,0.5,2414.58
11069,2767.25,2440.33,0.1,2414.57
11070,2767.5,2440.57,0.7,2414.57
11071,2767.75,2441.53,0.2,2414.57
11072,2768.0,2442.01,0.4,2414.57
11073,2768.25,2441.52,0.2,2414.56
11074,2768.5,2441.76,0.2,2414.56
11075,2768.75,2441.75,0.2,2414.56
11076,2769.0,2444.48,1.2,2414.56
11077,2769.25,2444.96,0.4,2414.56
11078,2769.5,2445.2,0.2,2414.55
11079,2769.75,2444.95,0.2,2414.55
11080,2770.0,2444.94,0.7,2414.55
11081,2770.25,2445.67,0.3,2414.55
11082,2770.5,2445.64,0.3,2414.54
11083,2770.75,2444.48,0.5,2414.54
11084,2771.0,2441.87,0.4,2414.54
11085,2771.25,2441.61,0.2,2414.54
11086,2771.5,2442.14,1.0,2414.54
11087,2771.75,2442.14,0.1,2414.53
11088,2772.0,2442.61,0.3,2414.53
11089,2772.25,2442.61,0.1,2414.53
11090,2772.5,2437.63,0.9,2414.53
11091,2772.75,2438.11,0.4,2414.52
11092,2773.0,2437.69,0.1,2414.52
11093,2773.25,2436.2,1.3,2414.52
11094,2773.5,2436.43,0.4,2414.52
11095,2773.75,2434.9,0.1,2414.51
11096,2774.0,2435.84,1.1,2414.51
11097,2774.25,2435.09,0.3,2414.51
11098,2774.5,2435.07,0.3,2414.51
11099,2774.75,2435.07,0.2,2414.51
11100,2775.0,2437.76,0.8,2414.5
11101,2775.25,2438.25,0.3,2414.5
11102,2775.5,2437.99,0.3,2414.5
11103,2775.75,2435.21,0.4,2414.5
11104,2776.0,2435.43,0.1,2414.49
11105,2776.25,2435.41,0.3,2414.49
11106,2776.5,2437.35,1.0,2414.49
11107,2776.75,2437.33,0.4,2414.49
11108,2777.0,2437.55,0.3,2414.48
11109,2777.25,2438.01,0.8,2414.48
11110,2777.5,2438.24,0.2,2414.48
11111,2777.75,2438.46,0.2,2414.48
11112,2778.0,2439.14,0.2,2414.48
11113,2778.25,2439.37,0.2,2414.47
11114,2778.5,2439.59,0.2,2414.47
11115,2778.75,2440.06,0.2,2414.47
11116,2779.0,2441.72,1.1,2414.47
11117,2779.25,2441.94,0.4,2414.46
11118,2779.5,2442.42,0.3,2414.46
11119,2779.75,2441.9,1.1,2414.46
11120,2780.0,2441.88,0.2,2414.46
11121,2780.25,2442.35,0.3,2414.45
11122,2780.5,2443.9,1.1,2414.45
11123,2780.75,2442.84,0.4,2414.45
11124,2781.0,2443.44,0.3,2414.45
11125,2781.25,2443.41,0.1,2414.45
11126,2781.5,2444.84,0.8,2414.44
11127,2781.75,2444.07,0.2,2414.44
11128,2782.0,2444.04,0.4,2414.44
11129,2782.25,2444.03,0.7,2414.44
11130,2782.5,2444.5,0.1,2414.43
11131,2782.75,2444.24,0.2,2414.43
11132,2783.0,2444.47,0.2,2414.43
11133,2783.25,2444.93,0.2,2414.43
11134,2783.5,2445.15,0.2,2414.43
11135,2783.75,2440.46,1.2,2414.42
11136,2784.0,2440.43,0.2,2414.42
11137,2784.25,2440.43,0.9,2414.42
11138,2784.5,2438.24,0.8,2414.42
11139,2784.75,2438.47,0.2,2414.41
11140,2785.0,2438.21,0.2,2414.41
11141,2785.25,2438.2,0.2,2414.41
11142,2785.5,2435.92,0.3,2414.41
11143,2785.75,2435.91,0.2,2414.4
11144,2786.0,2436.13,0.5,2414.4
11145,2786.25,2435.45,1.1,2414.4
11146,2786.5,2436.14,0.2,2414.4
11147,2786.75,2436.14,0.2,2414.4
11148,2787.0,2437.84,0.5,2414.39
11149,2787.25,2438.32,0.3,2414.39
11150,2787.5,2438.8,0.3,2414.39
11151,2787.75,2439.73,0.6,2414.39
11152,2788.0,2440.22,0.2,2414.38
11153,2788.25,2441.05,0.2,2414.38
11154,2788.5,2440.98,0.2,2414.38
11155,2788.75,2435.8,1.4,2414.38
11156,2789.0,2435.55,0.4,2414.37
11157,2789.25,2435.77,0.4,2414.37
11158,2789.5,2435.5,0.7,2414.37
11159,2789.75,2435.72,0.2,2414.37
11160,2790.0,2436.4,0.3,2414.37
11161,2790.25,2435.72,0.2,2414.36
11162,2790.5,2435.87,0.2,2414.36
11163,2790.75,2435.61,0.4,2414.36
11164,2791.0,2436.28,1.0,2414.36
11165,2791.25,2436.27,0.3,2414.35
11166,2791.5,2436.75,0.4,2414.35
11167,2791.75,2437.22,0.2,2414.35
11168,2792.0,2437.68,1.3,2414.35
11169,2792.25,2437.41,0.2,2414.34
11170,2792.5,2437.87,0.3,2414.34
11171,2792.75,2437.85,0.1,2414.34
11172,2793.0,2438.57,0.2,2414.34
11173,2793.25,2438.31,0.2,2414.34
11174,2793.5,2437.28,1.1,2414.33
11175,2793.75,2437.72,0.2,2414.33
11176,2794.0,2438.42,0.2,2414.33
11177,2794.25,2440.1,1.1,2414.33
11178,2794.5,2439.84,0.4,2414.32
11179,2794.75,2440.32,0.9,2414.32
11180,2795.0,2440.41,0.2,2414.32
11181,2795.25,2440.23,0.4,2414.32
11182,2795.5,2439.98,0.1,2414.32
11183,2795.75,2440.66,0.2,2414.31
11184,2796.0,2441.07,0.9,2414.31
11185,2796.25,2440.94,0.3,2414.31
11186,2796.5,2441.16,0.3,2414.31
11187,2796.75,2439.68,0.6,2414.3
11188,2797.0,2440.16,0.2,2414.3
11189,2797.25,2440.38,0.3,2414.3
11190,2797.5,2440.61,0.2,2414.3
11191,2797.75,2440.83,0.2,2414.29
11192,2798.0,2440.57,0.1,2414.29
11193,2798.25,2441.0,0.2,2414.29
11194,2798.5,2442.46,0.9,2414.29
11195,2798.75,2442.93,0.2,2414.29
11196,2799.0,2443.15,0.3,2414.28
11197,2799.25,2443.12,0.7,2414.28
11198,2799.5,2442.87,0.2,2414.28
11199,2799.75,2441.2,0.3,2414.28
11200,2800.0,2441.65,0.2,2414.27
11201,2800.25,2440.66,0.3,2414.27
11202,2800.5,2440.66,0.2,2414.27
11203,2800.75,2440.16,0.2,2414.27
11204,2801.0,2437.31,0.9,2414.26
11205,2801.25,2438.44,0.3,2414.26
11206,2801.5,2438.89,0.4,2414.26
11207,2801.75,2438.87,0.7,2414.26
11208,2802.0,2438.85,0.2,2414.26
11209,2802.25,2439.07,0.3,2414.25
11210,2802.5,2438.85,0.2,2414.25
11211,2802.75,2439.06,0.2,2414.25
11212,2803.0,2439.24,0.2,2414.25
11213,2803.25,2439.22,0.2,2414.24
11214,2803.5,2438.46,1.1,2414.24
11215,2803.75,2438.03,0.3,2414.24
11216,2804.0,2438.5,0.3,2414.24
11217,2804.25,2439.23,0.6,2414.24
11218,2804.5,2439.22,0.2,2414.23
11219,2804.75,2439.46,0.1,2414.23
11220,2805.0,2439.69,0.2,2414.23
11221,2805.25,2438.29,0.3,2414.23
11222,2805.5,2438.05,0.2,2414.22
11223,2805.75,2438.35,0.2,2414.22
11224,2806.0,2438.33,1.1,2414.22
11225,2806.25,2438.33,0.2,2414.22
11226,2806.5,2438.57,0.3,2414.21
11227,2806.75,2439.55,0.7,2414.21
11228,2807.0,2439.78,0.3,2414.21
11229,2807.25,2440.46,0.2,2414.21
11230,2807.5,2440.69,0.1,2414.21
11231,2807.75,2440.7,0.3,2414.2
11232,2808.0,2440.69,0.2,2414.2
11233,2808.25,2438.32,1.1,2414.2
11234,2808.5,2438.56,0.3,2414.2
11235,2808.75,2439.3,0.4,2414.19
11236,2809.0,2439.79,0.2,2414.19
11237,2809.25,2441.7,0.7,2414.19
11238,2809.5,2441.7,0.3,2414.19
11239,2809.75,2441.7,0.2,2414.18
11240,2810.0,2438.95,0.4,2414.18
11241,2810.25,2438.95,0.1,2414.18
11242,2810.5,2439.55,0.1,2414.18
11243,2810.75,2439.79,1.1,2414.18
11244,2811.0,2440.04,0.4,2414.17
11245,2811.25,2439.99,0.4,2414.17
11246,2811.5,2440.0,0.2,2414.17
11247,2811.75,2441.72,0.6,2414.17
11248,2812.0,2441.95,0.3,2414.16
11249,2812.25,2442.19,0.2,2414.16
11250,2812.5,2441.95,0.2,2414.16
11251,2812.75,2442.19,0.1,2414.16
11252,2813.0,2442.43,0.2,2414.15
11253,2813.25,2439.47,1.2,2414.15
11254,2813.5,2438.99,0.4,2414.15
11255,2813.75,2438.74,0.4,2414.15
11256,2814.0,2439.22,0.2,2414.15
11257,2814.25,2439.71,0.6,2414.14
11258,2814.5,2440.21,0.4,2414.14
11259,2814.75,2440.2,0.2,2414.14
11260,2815.0,2439.2,0.3,2414.14
11261,2815.25,2439.43,0.2,2414.13
11262,2815.5,2439.2,0.3,2414.13
11263,2815.75,2437.63,1.6,2414.13
11264,2816.0,2437.88,0.6,2414.13
11265,2816.25,2438.11,0.3,2414.13
11266,2816.5,2438.6,0.1,2414.12
11267,2816.75,2438.85,0.7,2414.12
11268,2817.0,2439.11,0.2,2414.12
11269,2817.25,2439.55,0.5,2414.12
11270,2817.5,2439.8,0.2,2414.11
11271,2817.75,2440.04,0.1,2414.11
11272,2818.0,2440.28,0.3,2414.11
11273,2818.25,2443.22,1.0,2414.11
11274,2818.5,2442.22,0.2,2414.1
11275,2818.75,2442.46,0.3,2414.1
11276,2819.0,2442.92,0.2,2414.1
11277,2819.25,2442.18,0.6,2414.1
11278,2819.5,2442.66,0.2,2414.1
11279,2819.75,2442.65,0.1,2414.09
11280,2820.0,2442.15,0.2,2414.09
11281,2820.25,2442.39,0.2,2414.09
11282,2820.5,2442.14,0.2,2414.09
11283,2820.75,2442.88,1.1,2414.08
11284,2821.0,2442.87,0.2,2414.08
11285,2821.25,2442.85,0.2,2414.08
11286,2821.5,2444.07,0.8,2414.08
11287,2821.75,2445.02,0.3,2414.07
11288,2822.0,2444.77,0.2,2414.07
11289,2822.25,2444.76,0.3,2414.07
11290,2822.5,2445.01,0.3,2414.07
11291,2822.75,2444.76,0.1,2414.07
11292,2823.0,2444.74,0.2,2414.06
11293,2823.25,2446.69,0.9,2414.06
11294,2823.5,2446.93,0.3,2414.06
11295,2823.75,2446.93,0.2,2414.06
11296,2824.0,2443.68,1.0,2414.05
11297,2824.25,2444.17,0.6,2414.05
11298,2824.5,2443.91,0.4,2414.05
11299,2824.75,2444.75,1.4,2414.05
11300,2825.0,2443.48,0.7,2414.04
11301,2825.25,2443.47,0.1,2414.04
11302,2825.5,2443.46,0.2,2414.04
11303,2825.75,2443.44,0.7,2414.04
11304,2826.0,2443.19,0.2,2414.04
11305,2826.25,2443.19,0.2,2414.03
11306,2826.5,2442.93,0.6,2414.03
11307,2826.75,2443.17,0.2,2414.03
11308,2827.0,2442.8,0.6,2414.03
11309,2827.25,2441.61,0.3,2414.02
11310,2827.5,2441.85,0.2,2414.02
11311,2827.75,2441.86,0.2,2414.02
11312,2828.0,2442.07,0.2,2414.02
11313,2828.25,2443.04,1.3,2414.02
11314,2828.5,2443.27,0.3,2414.01
11315,2828.75,2443.73,0.3,2414.01
11316,2829.0,2442.95,0.9,2414.01
11317,2829.25,2443.45,0.4,2414.01
11318,2829.5,2443.68,0.3,2414.0
11319,2829.75,2442.25,0.3,2414.0
11320,2830.0,2440.63,0.2,2414.0
11321,2830.25,2440.87,0.2,2414.0
11322,2830.5,2440.78,0.2,2413.99
11323,2830.75,2441.17,1.1,2413.99
11324,2831.0,2441.38,0.2,2413.99
11325,2831.25,2441.38,0.2,2413.99
11326,2831.5,2441.87,0.8,2413.99
11327,2831.75,2442.1,0.2,2413.98
11328,2832.0,2441.86,0.4,2413.98
11329,2832.25,2443.0,0.1,2413.98
11330,2832.5,2443.0,0.2,2413.98
11331,2832.75,2443.0,0.2,2413.97
11332,2833.0,2442.99,0.2,2413.97
11333,2833.25,2441.15,1.4,2413.97
11334,2833.5,2440.89,0.2,2413.97
11335,2833.75,2441.6,0.1,2413.96
11336,2834.0,2440.41,0.6,2413.96
11337,2834.25,2440.17,0.5,2413.96
11338,2834.5,2440.16,0.2,2413.96
11339,2834.75,2440.19,0.2,2413.96
11340,2835.0,2439.48,0.4,2413.95
11341,2835.25,2439.5,0.2,2413.95
11342,2835.5,2440.23,0.1,2413.95
11343,2835.75,2440.5,1.1,2413.95
11344,2836.0,2440.97,0.2,2413.94
11345,2836.25,2441.21,0.4,2413.94
11346,2836.5,2441.22,0.6,2413.94
11347,2836.75,2440.39,0.3,2413.94
11348,2837.0,2440.39,0.2,2413.94
11349,2837.25,2440.87,0.2,2413.93
11350,2837.5,2440.86,0.1,2413.93
11351,2837.75,2440.86,0.2,2413.93
11352,2838.0,2441.34,0.2,2413.93
11353,2838.25,2440.08,1.0,2413.92
11354,2838.5,2440.32,0.3,2413.92
11355,2838.75,2440.55,0.4,2413.92
11356,2839.0,2440.77,0.4,2413.92
11357,2839.25,2441.01,0.3,2413.91
11358,2839.5,2441.25,0.2,2413.91
11359,2839.75,2439.84,0.4,2413.91
11360,2840.0,2438.62,0.3,2413.91
11361,2840.25,2438.56,0.4,2413.91
11362,2840.5,2438.55,0.2,2413.9
11363,2840.75,2439.48,1.2,2413.9
11364,2841.0,2438.5,0.2,2413.9
11365,2841.25,2439.23,0.3,2413.9
11366,2841.5,2439.95,0.7,2413.89
11367,2841.75,2440.19,0.4,2413.89
11368,2842.0,2440.66,0.2,2413.89
11369,2842.25,2441.11,0.2,2413.89
11370,2842.5,2441.11,0.3,2413.88
11371,2842.75,2441.35,0.2,2413.88
11372,2843.0,2441.09,0.3,2413.88
11373,2843.25,2442.55,1.0,2413.88
11374,2843.5,2442.77,0.2,2413.88
11375,2843.75,2443.02,0.4,2413.87
11376,2844.0,2443.5,0.6,2413.87
11377,2844.25,2444.47,0.3,2413.87
11378,2844.5,2444.93,0.4,2413.87
11379,2844.75,2444.93,0.2,2413.86
11380,2845.0,2443.37,0.2,2413.86
11381,2845.25,2443.85,0.5,2413.86
11382,2845.5,2443.6,0.2,2413.86
11383,2845.75,2441.12,1.2,2413.85
11384,2846.0,2441.11,0.2,2413.85
11385,2846.25,2439.54,0.4,2413.85
11386,2846.5,2440.26,0.5,2413.85
11387,2846.75,2440.99,0.2,2413.85
11388,2847.0,2441.48,0.3,2413.84
11389,2847.25,2442.91,0.2,2413.84
11390,2847.5,2442.66,0.0,2413.84
11391,2847.75,2442.41,0.2,2413.84
11392,2848.0,2442.16,0.2,2413.83
11393,2848.25,2444.11,1.2,2413.83
11394,2848.5,2443.36,0.1,2413.83
11395,2848.75,2443.82,0.4,2413.83
11396,2849.0,2444.79,0.9,2413.83
11397,2849.25,2445.03,0.3,2413.82
11398,2849.5,2444.02,2.4,2413.82
11399,2849.75,2444.51,0.1,2413.82
11400,2850.0,2444.24,0.5,2413.82
11401,2850.25,2443.97,0.1,2413.81
11402,2850.5,2443.72,0.3,2413.81
11403,2850.75,2443.97,1.1,2413.81
11404,2851.0,2444.46,0.4,2413.81
11405,2851.25,2444.71,0.2,2413.8
11406,2851.5,2446.4,0.7,2413.8
11407,2851.75,2446.41,0.3,2413.8
11408,2852.0,2446.66,0.2,2413.8
11409,2852.25,2447.39,0.2,2413.8
11410,2852.5,2447.15,0.2,2413.79
11411,2852.75,2447.61,0.2,2413.79
11412,2853.0,2447.62,0.4,2413.79
11413,2853.25,2449.06,1.5,2413.79
11414,2853.5,2449.06,0.4,2413.78
11415,2853.75,2449.31,0.4,2413.78
11416,2854.0,2443.67,0.7,2413.78
11417,2854.25,2443.19,0.4,2413.78
11418,2854.5,2443.19,0.2,2413.77
11419,2854.75,2442.37,0.2,2413.77
11420,2855.0,2442.62,0.2,2413.77
11421,2855.25,2442.46,0.2,2413.77
11422,2855.5,2442.46,0.2,2413.77
11423,2855.75,2443.39,1.1,2413.76
11424,2856.0,2443.63,0.3,2413.76
11425,2856.25,2443.74,0.4,2413.76
11426,2856.5,2442.5,0.6,2413.76
11427,2856.75,2442.98,0.2,2413.75
11428,2857.0,2443.21,0.2,2413.75
11429,2857.25,2443.45,0.2,2413.75
11430,2857.5,2443.69,0.2,2413.75
11431,2857.75,2443.45,0.2,2413.74
11432,2858.0,2443.19,0.2,2413.74
11433,2858.25,2445.07,1.5,2413.74
11434,2858.5,2444.83,0.2,2413.74
11435,2858.75,2445.07,0.3,2413.74
11436,2859.0,2445.79,0.9,2413.73
11437,2859.25,2445.53,0.2,2413.73
11438,2859.5,2446.25,0.4,2413.73
11439,2859.75,2445.19,0.1,2413.73
11440,2860.0,2444.93,0.2,2413.72
11441,2860.25,2445.19,0.4,2413.72
11442,2860.5,2445.42,0.2,2413.72
11443,2860.75,2446.99,1.1,2413.72
11444,2861.0,2447.23,0.2,2413.72
11445,2861.25,2447.23,0.2,2413.71
11446,2861.5,2447.46,0.9,2413.71
11447,2861.75,2447.91,0.2,2413.71
11448,2862.0,2448.16,0.2,2413.71
11449,2862.25,2448.29,0.3,2413.7
11450,2862.5,2448.52,0.2,2413.7
11451,2862.75,2448.52,0.3,2413.7
11452,2863.0,2448.27,0.3,2413.7
11453,2863.25,2442.62,1.2,2413.69
11454,2863.5,2442.83,0.3,2413.69
11455,2863.75,2442.82,0.4,2413.69
11456,2864.0,2441.8,0.6,2413.69
11457,2864.25,2441.79,0.2,2413.69
11458,2864.5,2441.78,0.1,2413.68
11459,2864.75,2441.29,0.2,2413.68
11460,2865.0,2441.52,0.4,2413.68
11461,2865.25,2441.28,0.2,2413.68
11462,2865.5,2441.51,0.2,2413.67
11463,2865.75,2442.01,0.7,2413.67
11464,2866.0,2442.89,0.2,2413.67
11465,2866.25,2443.38,0.2,2413.67
11466,2866.5,2441.87,0.9,2413.66
11467,2866.75,2442.11,0.1,2413.66
11468,2867.0,2442.09,0.2,2413.66
11469,2867.25,2442.33,0.2,2413.66
11470,2867.5,2442.1,0.2,2413.66
11471,2867.75,2442.09,0.2,2413.65
11472,2868.0,2441.82,0.2,2413.65
11473,2868.25,2440.39,1.4,2413.65
11474,2868.5,2441.14,0.2,2413.65
11475,2868.75,2441.36,0.2,2413.64
11476,2869.0,2442.34,0.6,2413.64
11477,2869.25,2442.83,0.2,2413.64
11478,2869.5,2442.94,0.2,2413.64
11479,2869.75,2442.54,0.4,2413.64
11480,2870.0,2442.97,0.1,2413.63
11481,2870.25,2443.27,0.3,2413.63
11482,2870.5,2442.09,1.0,2413.63
11483,2870.75,2442.06,0.7,2413.63
11484,2871.0,2442.05,0.1,2413.62
11485,2871.25,2442.31,0.3,2413.62
11486,2871.5,2442.3,0.7,2413.62
11487,2871.75,2442.31,0.4,2413.62
11488,2872.0,2442.31,0.2,2413.61
11489,2872.25,2442.31,0.2,2413.61
11490,2872.5,2442.32,0.2,2413.61
11491,2872.75,2442.57,0.1,2413.61
11492,2873.0,2438.39,1.4,2413.61
11493,2873.25,2438.14,0.2,2413.6
11494,2873.5,2438.63,0.6,2413.6
11495,2873.75,2439.12,0.2,2413.6
11496,2874.0,2439.23,0.6,2413.6
11497,2874.25,2439.23,0.3,2413.59
11498,2874.5,2439.23,0.3,2413.59
11499,2874.75,2440.22,0.3,2413.59
11500,2875.0,2439.97,0.2,2413.59
11501,2875.25,2440.22,0.3,2413.58
11502,2875.5,2443.38,1.4,2413.58
11503,2875.75,2443.87,0.6,2413.58
11504,2876.0,2444.3,0.4,2413.58
11505,2876.25,2444.78,0.8,2413.58
11506,2876.5,2446.22,0.7,2413.57
11507,2876.75,2445.72,0.3,2413.57
11508,2877.0,2445.1,0.3,2413.57
11509,2877.25,2445.08,0.2,2413.57
11510,2877.5,2445.09,0.2,2413.56
11511,2877.75,2445.07,0.3,2413.56
11512,2878.0,2442.03,1.5,2413.56
11513,2878.25,2441.52,0.2,2413.56
11514,2878.5,2441.97,0.2,2413.55
11515,2878.75,2440.78,0.1,2413.55
11516,2879.0,2441.02,0.7,2413.55
11517,2879.25,2441.27,0.9,2413.55
11518,2879.5,2453.75,3.0,2413.55
11519,2879.75,2453.5,0.1,2413.54
11520,2880.0,2453.95,0.1,2413.54
11521,2880.25,2454.2,0.3,2413.54
11522,2880.5,2453.0,1.1,2413.54
11523,2880.75,2453.73,0.3,2413.53
11524,2881.0,2452.36,0.2,2413.53
11525,2881.25,2452.34,0.2,2413.53
11526,2881.5,2443.53,0.6,2413.53
11527,2881.75,2444.2,0.2,2413.53
11528,2882.0,2444.44,0.3,2413.52
11529,2882.25,2444.92,0.1,2413.52
11530,2882.5,2444.91,0.2,2413.52
11531,2882.75,2445.16,0.1,2413.52
11532,2883.0,2445.15,1.2,2413.51
11533,2883.25,2445.39,0.3,2413.51
11534,2883.5,2445.38,0.2,2413.51
11535,2883.75,2445.6,0.4,2413.51
11536,2884.0,2442.14,0.9,2413.5
11537,2884.25,2442.38,0.2,2413.5
11538,2884.5,2443.15,0.3,2413.5
11539,2884.75,2442.89,0.3,2413.5
11540,2885.0,2442.89,0.2,2413.5
11541,2885.25,2443.12,0.3,2413.49
11542,2885.5,2439.43,1.4,2413.49
11543,2885.75,2439.17,0.2,2413.49
11544,2886.0,2439.16,0.4,2413.49
11545,2886.25,2439.17,0.4,2413.48
11546,2886.5,2438.91,0.6,2413.48
11547,2886.75,2439.12,0.2,2413.48
11548,2887.0,2439.36,0.2,2413.48
11549,2887.25,2439.11,0.2,2413.47
11550,2887.5,2439.35,0.2,2413.47
11551,2887.75,2439.59,0.1,2413.47
11552,2888.0,2441.3,1.2,2413.47
11553,2888.25,2441.3,0.4,2413.47
11554,2888.5,2441.53,0.4,2413.46
11555,2888.75,2439.66,0.7,2413.46
11556,2889.0,2439.39,0.2,2413.46
11557,2889.25,2439.53,0.3,2413.46
11558,2889.5,2439.49,0.3,2413.45
11559,2889.75,2436.96,0.2,2413.45
11560,2890.0,2436.96,0.3,2413.45
11561,2890.25,2437.16,0.1,2413.45
11562,2890.5,2434.17,1.4,2413.44
11563,2890.75,2434.9,0.2,2413.44
11564,2891.0,2435.36,0.3,2413.44
11565,2891.25,2436.09,0.6,2413.44
11566,2891.5,2436.59,0.4,2413.44
11567,2891.75,2436.58,0.3,2413.43
11568,2892.0,2437.35,0.2,2413.43
11569,2892.25,2437.34,0.1,2413.43
11570,2892.5,2437.58,0.4,2413.43
11571,2892.75,2438.04,0.2,2413.42
11572,2893.0,2437.78,1.5,2413.42
11573,2893.25,2438.23,0.3,2413.42
11574,2893.5,2438.47,0.2,2413.42
11575,2893.75,2438.73,0.8,2413.42
11576,2894.0,2438.71,0.4,2413.41
11577,2894.25,2439.2,0.3,2413.41
11578,2894.5,2439.19,0.1,2413.41
11579,2894.75,2440.17,0.6,2413.41
11580,2895.0,2440.16,0.1,2413.4
11581,2895.25,2440.4,0.1,2413.4
11582,2895.5,2436.45,1.3,2413.4
11583,2895.75,2436.44,0.5,2413.4
11584,2896.0,2436.92,0.3,2413.39
11585,2896.25,2439.83,0.9,2413.39
11586,2896.5,2439.82,0.2,2413.39
11587,2896.75,2439.81,0.2,2413.39
11588,2897.0,2439.95,0.2,2413.39
11589,2897.25,2440.2,0.2,2413.38
11590,2897.5,2440.43,0.3,2413.38
11591,2897.75,2440.18,0.1,2413.38
11592,2898.0,2440.14,1.1,2413.38
11593,2898.25,2437.92,0.2,2413.37
11594,2898.5,2438.41,0.3,2413.37
11595,2898.75,2438.65,0.9,2413.37
11596,2899.0,2437.83,0.2,2413.37
11597,2899.25,2437.82,0.4,2413.36
11598,2899.5,2439.15,0.1,2413.36
11599,2899.75,2438.4,0.2,2413.36
11600,2900.0,2438.64,0.1,2413.36
11601,2900.25,2439.12,0.2,2413.36
11602,2900.5,2438.51,1.2,2413.35
11603,2900.75,2438.02,0.2,2413.35
11604,2901.0,2438.25,0.3,2413.35
11605,2901.25,2438.73,0.7,2413.35
11606,2901.5,2438.73,0.2,2413.34
11607,2901.75,2438.71,0.3,2413.34
11608,2902.0,2438.95,0.3,2413.34
11609,2902.25,2438.95,0.1,2413.34
11610,2902.5,2439.18,0.2,2413.34
11611,2902.75,2439.43,0.1,2413.33
11612,2903.0,2438.92,1.2,2413.33
11613,2903.25,2439.86,0.3,2413.33
11614,2903.5,2440.32,0.2,2413.33
11615,2903.75,2440.81,0.7,2413.32
11616,2904.0,2440.79,0.4,2413.32
11617,2904.25,2440.79,0.1,2413.32
11618,2904.5,2440.79,0.4,2413.32
11619,2904.75,2440.35,0.2,2413.31
11620,2905.0,2440.58,0.4,2413.31
11621,2905.25,2440.55,0.1,2413.31
11622,2905.5,2439.61,1.4,2413.31
11623,2905.75,2437.94,0.4,2413.31
11624,2906.0,2438.38,0.2,2413.3
11625,2906.25,2438.63,0.9,2413.3
11626,2906.5,2438.63,0.2,2413.3
11627,2906.75,2438.63,0.4,2413.3
11628,2907.0,2437.98,0.2,2413.29
11629,2907.25,2438.22,0.1,2413.29
11630,2907.5,2438.52,0.3,2413.29
11631,2907.75,2439.25,0.2,2413.29
11632,2908.0,2439.76,1.3,2413.28
11633,2908.25,2439.04,0.3,2413.28
11634,2908.5,2438.56,0.4,2413.28
11635,2908.75,2438.95,0.9,2413.28
11636,2909.0,2437.51,0.2,2413.28
11637,2909.25,2437.98,0.2,2413.27
11638,2909.5,2435.78,0.2,2413.27
11639,2909.75,2436.31,0.2,2413.27
11640,2910.0,2437.27,0.1,2413.27
11641,2910.25,2437.52,0.3,2413.26
11642,2910.5,2434.77,1.1,2413.26
11643,2910.75,2434.78,0.3,2413.26
11644,2911.0,2434.79,0.2,2413.26
11645,2911.25,2435.03,0.5,2413.25
11646,2911.5,2435.53,0.4,2413.25
11647,2911.75,2435.77,0.2,2413.25
11648,2912.0,2436.24,0.3,2413.25
11649,2912.25,2436.25,0.2,2413.25
11650,2912.5,2436.26,0.2,2413.24
11651,2912.75,2435.46,0.1,2413.24
11652,2913.0,2439.14,1.1,2413.24
11653,2913.25,2439.13,0.2,2413.24
11654,2913.5,2439.62,0.4,2413.23
11655,2913.75,2440.34,0.7,2413.23
11656,2914.0,2441.07,0.1,2413.23
11657,2914.25,2441.32,0.3,2413.23
11658,2914.5,2441.56,0.2,2413.23
11659,2914.75,2441.81,0.1,2413.22
11660,2915.0,2441.8,0.2,2413.22
11661,2915.25,2442.5,0.2,2413.22
11662,2915.5,2443.83,1.1,2413.22
11663,2915.75,2444.08,0.1,2413.21
11664,2916.0,2444.31,0.6,2413.21
11665,2916.25,2441.86,0.9,2413.21
11666,2916.5,2441.86,0.2,2413.21
11667,2916.75,2441.61,0.2,2413.2
11668,2917.0,2441.57,0.3,2413.2
11669,2917.25,2442.06,0.1,2413.2
11670,2917.5,2442.05,0.2,2413.2
11671,2917.75,2442.29,0.2,2413.2
11672,2918.0,2442.54,1.1,2413.19
11673,2918.25,2442.77,0.2,2413.19
11674,2918.5,2442.75,0.4,2413.19
11675,2918.75,2442.75,0.8,2413.19
11676,2919.0,2443.24,0.2,2413.18
11677,2919.25,2443.24,0.3,2413.18
11678,2919.5,2444.44,0.3,2413.18
11679,2919.75,2444.41,0.1,2413.18
11680,2920.0,2444.41,0.1,2413.17
11681,2920.25,2444.56,0.2,2413.17
11682,2920.5,2443.34,1.3,2413.17
11683,2920.75,2443.57,0.4,2413.17
11684,2921.0,2444.3,0.2,2413.17
11685,2921.25,2439.38,0.9,2413.16
11686,2921.5,2440.07,0.3,2413.16
11687,2921.75,2439.82,0.2,2413.16
11688,2922.0,2439.77,0.2,2413.16
11689,2922.25,2439.52,0.2,2413.15
11690,2922.5,2440.0,0.1,2413.15
11691,2922.75,2440.48,0.2,2413.15
11692,2923.0,2440.77,1.1,2413.15
11693,2923.25,2439.5,0.3,2413.14
11694,2923.5,2439.51,0.2,2413.14
11695,2923.75,2439.5,0.6,2413.14
11696,2924.0,2439.5,0.3,2413.14
11697,2924.25,2439.73,0.2,2413.14
11698,2924.5,2438.99,0.2,2413.13
11699,2924.75,2438.55,0.2,2413.13
11700,2925.0,2438.55,0.2,2413.13
11701,2925.25,2438.78,0.2,2413.13
11702,2925.5,2438.29,1.0,2413.12
11703,2925.75,2438.77,0.2,2413.12
11704,2926.0,2438.52,0.5,2413.12
11705,2926.25,2438.75,0.7,2413.12
11706,2926.5,2439.24,0.1,2413.12
11707,2926.75,2439.72,0.2,2413.11
11708,2927.0,2439.71,0.3,2413.11
11709,2927.25,2439.93,0.1,2413.11
11710,2927.5,2440.42,0.2,2413.11
11711,2927.75,2440.18,0.2,2413.1
11712,2928.0,2441.88,1.1,2413.1
11713,2928.25,2442.11,0.2,2413.1
11714,2928.5,2442.11,0.2,2413.1
11715,2928.75,2439.51,0.6,2413.09
11716,2929.0,2439.75,0.3,2413.09
11717,2929.25,2439.48,0.3,2413.09
11718,2929.5,2438.48,0.2,2413.09
11719,2929.75,2438.48,0.2,2413.09
11720,2930.0,2438.47,0.3,2413.08
11721,2930.25,2438.95,0.2,2413.08
11722,2930.5,2441.84,1.3,2413.08
11723,2930.75,2442.09,0.3,2413.08
11724,2931.0,2442.56,0.4,2413.07
11725,2931.25,2442.8,0.6,2413.07
11726,2931.5,2443.77,0.3,2413.07
11727,2931.75,2444.46,0.4,2413.07
11728,2932.0,2444.71,0.1,2413.06
11729,2932.25,2444.69,0.1,2413.06
11730,2932.5,2444.44,0.1,2413.06
11731,2932.75,2444.2,0.2,2413.06
11732,2933.0,2444.21,1.2,2413.06
11733,2933.25,2445.17,0.3,2413.05
11734,2933.5,2445.17,0.3,2413.05
11735,2933.75,2440.64,0.6,2413.05
11736,2934.0,2440.62,0.3,2413.05
11737,2934.25,2441.08,0.4,2413.04
11738,2934.5,2441.82,0.4,2413.04
11739,2934.75,2440.28,0.1,2413.04
11740,2935.0,2440.5,0.4,2413.04
11741,2935.25,2440.51,0.4,2413.04
11742,2935.5,2440.49,1.0,2413.03
11743,2935.75,2440.23,0.2,2413.03
11744,2936.0,2440.22,0.1,2413.03
11745,2936.25,2441.05,0.9,2413.03
11746,2936.5,2441.51,0.2,2413.02
11747,2936.75,2443.2,0.3,2413.02
11748,2937.0,2443.45,0.2,2413.02
11749,2937.25,2443.94,0.2,2413.02
11750,2937.5,2443.7,0.1,2413.01
11751,2937.75,2441.57,1.1,2413.01
11752,2938.0,2440.05,0.3,2413.01
11753,2938.25,2440.05,0.2,2413.01
11754,2938.5,2440.3,0.1,2413.01
11755,2938.75,2438.81,0.7,2413.0
11756,2939.0,2438.81,0.3,2413.0
11757,2939.25,2439.29,0.2,2413.0
11758,2939.5,2438.65,0.2,2413.0
11759,2939.75,2437.46,0.2,2412.99
11760,2940.0,2437.7,0.2,2412.99
11761,2940.25,2440.06,1.2,2412.99
11762,2940.5,2440.29,0.3,2412.99
11763,2940.75,2440.79,0.2,2412.98
11764,2941.0,2440.99,0.2,2412.98
11765,2941.25,2442.1,0.7,2412.98
11766,2941.5,2441.86,0.2,2412.98
11767,2941.75,2442.1,0.3,2412.98
11768,2942.0,2442.34,0.2,2412.97
11769,2942.25,2442.59,0.1,2412.97
11770,2942.5,2442.82,0.2,2412.97
11771,2942.75,2440.18,1.1,2412.97
11772,2943.0,2438.69,0.2,2412.96
11773,2943.25,2438.9,0.1,2412.96
11774,2943.5,2439.4,0.3,2412.96
11775,2943.75,2439.11,0.7,2412.96
11776,2944.0,2439.35,0.2,2412.95
11777,2944.25,2439.6,0.2,2412.95
11778,2944.5,2440.33,0.3,2412.95
11779,2944.75,2440.82,0.1,2412.95
11780,2945.0,2441.3,0.2,2412.95
11781,2945.25,2442.25,1.0,2412.94
11782,2945.5,2442.49,0.3,2412.94
11783,2945.75,2442.73,0.3,2412.94
11784,2946.0,2442.72,0.3,2412.94
11785,2946.25,2441.06,0.6,2412.93
11786,2946.5,2441.05,0.4,2412.93
11787,2946.75,2441.03,0.3,2412.93
11788,2947.0,2441.02,0.1,2412.93
11789,2947.25,2441.27,0.1,2412.93
11790,2947.5,2441.26,0.1,2412.92
11791,2947.75,2442.47,1.1,2412.92
11792,2948.0,2443.18,0.2,2412.92
11793,2948.25,2443.41,0.2,2412.92
11794,2948.5,2443.42,0.2,2412.91
11795,2948.75,2444.64,0.6,2412.91
11796,2949.0,2444.62,0.2,2412.91
11797,2949.25,2444.86,0.2,2412.91
11798,2949.5,2442.41,0.2,2412.9
11799,2949.75,2442.4,0.3,2412.9
11800,2950.0,2442.39,0.1,2412.9
11801,2950.25,2440.39,1.2,2412.9
11802,2950.5,2441.09,0.2,2412.9
11803,2950.75,2441.33,0.2,2412.89
11804,2951.0,2441.56,0.2,2412.89
11805,2951.25,2439.8,0.7,2412.89
11806,2951.5,2439.98,0.4,2412.89
11807,2951.75,2440.69,0.3,2412.88
11808,2952.0,2440.67,0.1,2412.88
11809,2952.25,2441.16,0.1,2412.88
11810,2952.5,2441.15,0.1,2412.88
11811,2952.75,2441.38,1.4,2412.87
11812,2953.0,2441.13,0.4,2412.87
11813,2953.25,2441.11,0.2,2412.87
11814,2953.5,2441.61,0.6,2412.87
11815,2953.75,2442.08,0.2,2412.87
11816,2954.0,2442.54,0.4,2412.86
11817,2954.25,2443.02,0.3,2412.86
11818,2954.5,2441.39,0.4,2412.86
11819,2954.75,2441.84,0.3,2412.86
11820,2955.0,2442.08,0.2,2412.85
11821,2955.25,2442.18,1.4,2412.85
11822,2955.5,2440.9,0.2,2412.85
11823,2955.75,2440.42,0.2,2412.85
11824,2956.0,2440.89,0.6,2412.84
11825,2956.25,2441.39,0.4,2412.84
11826,2956.5,2440.91,0.2,2412.84
11827,2956.75,2441.15,0.2,2412.84
11828,2957.0,2441.39,0.2,2412.84
11829,2957.25,2441.41,0.2,2412.83
11830,2957.5,2442.14,0.2,2412.83
11831,2957.75,2443.61,0.9,2412.83
11832,2958.0,2443.84,0.3,2412.83
11833,2958.25,2444.05,0.3,2412.82
11834,2958.5,2441.34,0.7,2412.82
11835,2958.75,2441.1,0.4,2412.82
11836,2959.0,2441.11,0.3,2412.82
11837,2959.25,2440.65,0.4,2412.82
11838,2959.5,2439.39,0.2,2412.81
11839,2959.75,2439.4,0.3,2412.81
11840,2960.0,2439.6,0.2,2412.81
11841,2960.25,2439.83,1.1,2412.81
11842,2960.5,2439.6,0.2,2412.8
11843,2960.75,2439.09,0.3,2412.8
11844,2961.0,2439.33,0.7,2412.8
11845,2961.25,2439.82,0.3,2412.8
11846,2961.5,2439.32,0.4,2412.79
11847,2961.75,2440.02,0.2,2412.79
11848,2962.0,2439.77,0.3,2412.79
11849,2962.25,2439.52,0.3,2412.79
11850,2962.5,2439.5,0.2,2412.79
11851,2962.75,2442.7,1.1,2412.78
11852,2963.0,2443.18,0.3,2412.78
11853,2963.25,2443.37,0.3,2412.78
11854,2963.5,2443.84,0.9,2412.78
11855,2963.75,2444.07,0.4,2412.77
11856,2964.0,2444.29,0.4,2412.77
11857,2964.25,2445.08,0.4,2412.77
11858,2964.5,2445.27,0.4,2412.77
11859,2964.75,2445.23,0.4,2412.76
11860,2965.0,2445.46,0.2,2412.76
11861,2965.25,2443.25,1.0,2412.76
11862,2965.5,2443.7,0.2,2412.76
11863,2965.75,2444.18,0.4,2412.76
11864,2966.0,2445.66,0.7,2412.75
11865,2966.25,2445.64,0.3,2412.75
11866,2966.5,2444.38,0.2,2412.75
11867,2966.75,2443.61,0.3,2412.75
11868,2967.0,2442.66,0.2,2412.74
11869,2967.25,2442.91,0.2,2412.74
11870,2967.5,2443.39,0.3,2412.74
11871,2967.75,2444.01,1.3,2412.74
11872,2968.0,2444.48,0.4,2412.74
11873,2968.25,2444.23,0.2,2412.73
11874,2968.5,2442.1,1.1,2412.73
11875,2968.75,2442.35,0.1,2412.73
11876,2969.0,2442.84,0.3,2412.73
11877,2969.25,2442.11,0.4,2412.72
11878,2969.5,2442.11,0.2,2412.72
11879,2969.75,2442.1,0.2,2412.72
11880,2970.0,2442.59,0.1,2412.72
11881,2970.25,2440.72,1.1,2412.71
11882,2970.5,2441.68,0.2,2412.71
11883,2970.75,2440.49,0.3,2412.71
11884,2971.0,2440.25,0.7,2412.71
11885,2971.25,2440.49,0.2,2412.71
11886,2971.5,2440.75,0.2,2412.7
11887,2971.75,2439.73,0.2,2412.7
11888,2972.0,2439.73,0.2,2412.7
11889,2972.25,2439.73,0.2,2412.7
11890,2972.5,2439.76,0.2,2412.69
11891,2972.75,2442.69,1.4,2412.69
11892,2973.0,2443.19,0.2,2412.69
11893,2973.25,2443.89,0.3,2412.69
11894,2973.5,2443.91,0.7,2412.68
11895,2973.75,2443.91,0.3,2412.68
11896,2974.0,2444.41,0.2,2412.68
11897,2974.25,2442.39,0.2,2412.68
11898,2974.5,2442.64,0.2,2412.68
11899,2974.75,2442.98,0.1,2412.67
11900,2975.0,2443.23,0.2,2412.67
11901,2975.25,2444.72,1.1,2412.67
11902,2975.5,2444.8,0.2,2412.67
11903,2975.75,2444.8,0.5,2412.66
11904,2976.0,2445.04,0.6,2412.66
11905,2976.25,2445.02,0.3,2412.66
11906,2976.5,2445.01,0.2,2412.66
11907,2976.75,2445.96,0.1,2412.65
11908,2977.0,2445.95,0.2,2412.65
11909,2977.25,2445.7,0.2,2412.65
11910,2977.5,2445.93,0.3,2412.65
11911,2977.75,2445.65,1.2,2412.65
11912,2978.0,2445.89,0.4,2412.64
11913,2978.25,2445.64,0.5,2412.64
11914,2978.5,2446.14,0.6,2412.64
11915,2978.75,2446.62,0.1,2412.64
11916,2979.0,2446.62,0.4,2412.63
11917,2979.25,2445.63,0.2,2412.63
11918,2979.5,2444.33,0.2,2412.63
11919,2979.75,2444.57,0.1,2412.63
11920,2980.0,2445.06,0.2,2412.63
11921,2980.25,2446.24,0.9,2412.62
11922,2980.5,2446.48,0.2,2412.62
11923,2980.75,2446.98,0.4,2412.62
11924,2981.0,2442.94,0.7,2412.62
11925,2981.25,2443.19,0.3,2412.61
11926,2981.5,2442.28,0.2,2412.61
11927,2981.75,2442.51,0.2,2412.61
11928,2982.0,2442.5,0.2,2412.61
11929,2982.25,2442.74,0.1,2412.6
11930,2982.5,2442.98,0.1,2412.6
11931,2982.75,2442.98,0.9,2412.6
11932,2983.0,2442.87,0.3,2412.6
11933,2983.25,2443.58,0.4,2412.6
11934,2983.5,2443.33,0.9,2412.59
11935,2983.75,2443.8,0.2,2412.59
11936,2984.0,2444.04,0.2,2412.59
11937,2984.25,2442.41,0.2,2412.59
11938,2984.5,2442.65,0.1,2412.58
11939,2984.75,2442.89,0.2,2412.58
11940,2985.0,2442.89,0.1,2412.58
11941,2985.25,2442.9,1.5,2412.58
11942,2985.5,2442.89,0.2,2412.57
11943,2985.75,2442.89,1.4,2412.57
11944,2986.0,2442.2,0.7,2412.57
11945,2986.25,2442.19,0.1,2412.57
11946,2986.5,2442.18,0.3,2412.57
11947,2986.75,2442.42,0.2,2412.56
11948,2987.0,2442.86,0.2,2412.56
11949,2987.25,2443.1,0.2,2412.56
11950,2987.5,2441.67,0.2,2412.56
11951,2987.75,2441.71,1.1,2412.55
11952,2988.0,2442.2,0.4,2412.55
11953,2988.25,2442.69,0.2,2412.55
11954,2988.5,2443.05,0.7,2412.55
11955,2988.75,2443.29,0.2,2412.54
11956,2989.0,2444.18,0.2,2412.54
11957,2989.25,2443.54,0.2,2412.54
11958,2989.5,2443.54,0.3,2412.54
11959,2989.75,2443.79,0.1,2412.54
11960,2990.0,2444.28,0.3,2412.53
11961,2990.25,2440.7,1.4,2412.53
11962,2990.5,2440.71,0.3,2412.53
11963,2990.75,2440.96,0.2,2412.53
11964,2991.0,2441.16,0.7,2412.52
11965,2991.25,2440.86,0.2,2412.52
11966,2991.5,2441.35,0.2,2412.52
11967,2991.75,2441.58,0.1,2412.52
11968,2992.0,2441.83,0.2,2412.52
11969,2992.25,2441.78,0.2,2412.51
11970,2992.5,2442.03,0.3,2412.51
11971,2992.75,2443.47,0.7,2412.51
11972,2993.0,2443.71,0.2,2412.51
11973,2993.25,2443.46,0.3,2412.5
11974,2993.5,2442.22,0.8,2412.5
11975,2993.75,2442.21,0.3,2412.5
11976,2994.0,2442.21,0.2,2412.5
11977,2994.25,2441.3,0.3,2412.49
11978,2994.5,2441.5,0.1,2412.49
11979,2994.75,2441.5,0.4,2412.49
11980,2995.0,2441.98,0.2,2412.49
11981,2995.25,2441.98,1.2,2412.49
11982,2995.5,2442.19,0.1,2412.48
11983,2995.75,2442.67,0.2,2412.48
11984,2996.0,2443.78,0.9,2412.48
11985,2996.25,2444.52,0.4,2412.48
11986,2996.5,2445.14,0.3,2412.47
11987,2996.75,2445.12,0.2,2412.47
11988,2997.0,2445.37,0.2,2412.47
11989,2997.25,2445.6,0.2,2412.47
11990,2997.5,2445.59,0.2,2412.46
11991,2997.75,2441.4,0.9,2412.46
11992,2998.0,2441.39,0.3,2412.46
11993,2998.25,2441.14,0.3,2412.46
11994,2998.5,2440.88,0.6,2412.46
11995,2998.75,2441.61,0.2,2412.45
11996,2999.0,2441.59,0.4,2412.45
11997,2999.25,2440.83,0.2,2412.45
11998,2999.5,2441.08,0.1,2412.45
11999,2999.75,2441.57,0.2,2412.44
12000,3000.0,2441.57,0.3,2412.44
12001,3000.25,2442.8,0.8,2412.44
12002,3000.5,2442.8,0.2,2412.44
12003,3000.75,2443.04,0.2,2412.43
12004,3001.0,2443.54,0.7,2412.43
12005,3001.25,2443.79,0.3,2412.43
12006,3001.5,2444.26,0.2,2412.43
12007,3001.75,2444.5,0.3,2412.43
12008,3002.0,2444.49,0.2,2412.42
12009,3002.25,2444.23,0.3,2412.42
12010,3002.5,2444.96,0.2,2412.42
12011,3002.75,2445.7,1.2,2412.42
12012,3003.0,2445.95,0.4,2412.41
12013,3003.25,2446.67,0.3,2412.41
12014,3003.5,2443.96,0.7,2412.41
12015,3003.75,2444.41,0.2,2412.41
12016,3004.0,2443.17,0.2,2412.41
12017,3004.25,2442.4,0.2,2412.4
12018,3004.5,2441.91,0.1,2412.4
12019,3004.75,2442.14,0.2,2412.4
12020,3005.0,2439.98,0.7,2412.4
12021,3005.25,2438.99,0.7,2412.39
12022,3005.5,2439.23,0.1,2412.39
12023,3005.75,2439.7,0.5,2412.39
12024,3006.0,2437.98,0.6,2412.39
12025,3006.25,2438.21,0.5,2412.38
12026,3006.5,2438.2,0.3,2412.38
12027,3006.75,2436.68,0.1,2412.38
12028,3007.0,2437.0,0.2,2412.38
12029,3007.25,2437.28,0.2,2412.38
12030,3007.5,2434.42,1.0,2412.37
12031,3007.75,2436.27,0.3,2412.37
12032,3008.0,2436.52,0.2,2412.37
12033,3008.25,2436.77,0.3,2412.37
12034,3008.5,2437.76,0.7,2412.36
12035,3008.75,2438.48,0.2,2412.36
12036,3009.0,2438.49,0.3,2412.36
12037,3009.25,2439.27,0.2,2412.36
12038,3009.5,2439.02,0.2,2412.35
12039,3009.75,2439.22,0.2,2412.35
12040,3010.0,2442.44,1.2,2412.35
12041,3010.25,2442.45,0.2,2412.35
12042,3010.5,2442.91,0.3,2412.35
12043,3010.75,2443.38,0.2,2412.34
12044,3011.0,2443.62,0.8,2412.34
12045,3011.25,2443.87,0.2,2412.34
12046,3011.5,2443.37,0.2,2412.34
12047,3011.75,2443.62,0.2,2412.33
12048,3012.0,2443.93,0.2,2412.33
12049,3012.25,2443.91,0.1,2412.33
12050,3012.5,2444.43,1.3,2412.33
12051,3012.75,2444.44,0.1,2412.33
12052,3013.0,2444.93,0.4,2412.32
12053,3013.25,2444.7,0.2,2412.32
12054,3013.5,2445.18,0.7,2412.32
12055,3013.75,2445.18,0.2,2412.32
12056,3014.0,2445.43,0.2,2412.31
12057,3014.25,2444.12,0.2,2412.31
12058,3014.5,2444.45,0.2,2412.31
12059,3014.75,2442.86,0.1,2412.31
12060,3015.0,2440.89,1.2,2412.3
12061,3015.25,2441.37,0.3,2412.3
12062,3015.5,2441.12,0.2,2412.3
12063,3015.75,2439.09,0.2,2412.3
12064,3016.0,2440.27,0.6,2412.3
12065,3016.25,2440.76,0.3,2412.29
12066,3016.5,2440.75,0.2,2412.29
12067,3016.75,2440.99,0.1,2412.29
12068,3017.0,2441.23,0.2,2412.29
12069,3017.25,2441.47,0.2,2412.28
12070,3017.5,2444.42,1.1,2412.28
12071,3017.75,2444.91,0.2,2412.28
12072,3018.0,2445.15,0.4,2412.28
12073,3018.25,2445.64,0.2,2412.27
12074,3018.5,2446.87,0.6,2412.27
12075,3018.75,2447.1,0.2,2412.27
12076,3019.0,2449.15,0.4,2412.27
12077,3019.25,2448.85,0.2,2412.27
12078,3019.5,2448.6,0.1,2412.26
12079,3019.75,2448.6,0.2,2412.26
12080,3020.0,2442.54,1.5,2412.26
12081,3020.25,2442.53,0.1,2412.26
12082,3020.5,2443.03,0.2,2412.25
12083,3020.75,2443.28,0.7,2412.25
12084,3021.0,2443.27,0.3,2412.25
12085,3021.25,2444.22,0.2,2412.25
12086,3021.5,2443.97,0.4,2412.24
12087,3021.75,2444.2,0.2,2412.24
12088,3022.0,2444.2,0.2,2412.24
12089,3022.25,2444.45,0.2,2412.24
12090,3022.5,2448.14,1.1,2412.24
12091,3022.75,2448.1,0.2,2412.23
12092,3023.0,2448.55,0.2,2412.23
12093,3023.25,2444.5,0.8,2412.23
12094,3023.5,2444.36,0.2,2412.23
12095,3023.75,2444.6,0.3,2412.22
12096,3024.0,2443.86,0.2,2412.22
12097,3024.25,2444.07,0.1,2412.22
12098,3024.5,2444.07,0.4,2412.22
12099,3024.75,2444.78,0.1,2412.22
12100,3025.0,2445.5,1.2,2412.21
12101,3025.25,2443.97,0.2,2412.21
12102,3025.5,2444.45,0.4,2412.21
12103,3025.75,2446.17,0.6,2412.21
12104,3026.0,2446.65,0.2,2412.2
12105,3026.25,2446.86,0.3,2412.2
12106,3026.5,2447.21,0.3,2412.2
12107,3026.75,2447.46,0.2,2412.2
12108,3027.0,2447.45,0.2,2412.19
12109,3027.25,2447.69,0.3,2412.19
12110,3027.5,2442.98,1.4,2412.19
12111,3027.75,2442.97,0.2,2412.19
12112,3028.0,2443.21,0.2,2412.19
12113,3028.25,2439.02,0.6,2412.18
12114,3028.5,2439.23,0.2,2412.18
12115,3028.75,2439.46,0.4,2412.18
12116,3029.0,2437.82,0.3,2412.18
12117,3029.25,2438.07,0.2,2412.17
12118,3029.5,2438.06,0.1,2412.17
12119,3029.75,2438.76,0.2,2412.17
12120,3030.0,2437.29,1.0,2412.17
12121,3030.25,2437.53,0.3,2412.16
12122,3030.5,2437.27,0.2,2412.16
12123,3030.75,2437.27,0.6,2412.16
12124,3031.0,2437.96,0.2,2412.16
12125,3031.25,2437.96,0.3,2412.16
12126,3031.5,2437.97,0.2,2412.15
12127,3031.75,2438.21,0.2,2412.15
12128,3032.0,2438.22,0.1,2412.15
12129,3032.25,2437.97,0.3,2412.15
12130,3032.5,2441.64,0.9,2412.14
12131,3032.75,2441.88,0.3,2412.14
12132,3033.0,2442.34,0.3,2412.14
12133,3033.25,2442.62,0.6,2412.14
12134,3033.5,2443.11,0.2,2412.13
12135,3033.75,2443.36,0.3,2412.13
12136,3034.0,2445.47,0.4,2412.13
12137,3034.25,2445.22,0.2,2412.13
12138,3034.5,2445.21,0.1,2412.13
12139,3034.75,2445.7,0.2,2412.12
12140,3035.0,2444.7,1.1,2412.12
12141,3035.25,2444.71,0.4,2412.12
12142,3035.5,2444.94,0.1,2412.12
12143,3035.75,2444.7,0.7,2412.11
12144,3036.0,2444.94,0.2,2412.11
12145,3036.25,2445.39,0.3,2412.11
12146,3036.5,2446.1,0.2,2412.11
12147,3036.75,2446.09,0.1,2412.11
12148,3037.0,2445.36,0.2,2412.1
12149,3037.25,2445.35,0.2,2412.1
12150,3037.5,2444.1,1.1,2412.1
12151,3037.75,2444.1,0.1,2412.1
12152,3038.0,2443.38,0.1,2412.09
12153,3038.25,2443.37,0.6,2412.09
12154,3038.5,2443.35,0.3,2412.09
12155,3038.75,2443.1,0.3,2412.09
12156,3039.0,2442.57,0.1,2412.08
12157,3039.25,2442.56,0.2,2412.08
12158,3039.5,2442.56,0.1,2412.08
12159,3039.75,2442.8,0.1,2412.08
12160,3040.0,2444.48,1.1,2412.08
12161,3040.25,2444.72,0.2,2412.07
12162,3040.5,2445.22,0.3,2412.07
12163,3040.75,2444.98,0.6,2412.07
12164,3041.0,2445.21,0.3,2412.07
12165,3041.25,2444.93,0.2,2412.06
12166,3041.5,2445.16,0.1,2412.06
12167,3041.75,2444.92,0.2,2412.06
12168,3042.0,2444.91,0.1,2412.06
12169,3042.25,2445.14,0.2,2412.05
12170,3042.5,2444.41,1.1,2412.05
12171,3042.75,2444.39,0.2,2412.05
12172,3043.0,2444.14,0.3,2412.05
12173,3043.25,2444.62,0.7,2412.05
12174,3043.5,2444.88,0.2,2412.04
12175,3043.75,2443.15,0.2,2412.04
12176,3044.0,2443.11,0.1,2412.04
12177,3044.25,2443.35,0.2,2412.04
12178,3044.5,2443.34,0.2,2412.03
12179,3044.75,2443.82,0.1,2412.03
12180,3045.0,2442.98,1.1,2412.03
12181,3045.25,2443.2,0.2,2412.03
12182,3045.5,2443.18,0.2,2412.03
12183,3045.75,2439.98,0.8,2412.02
12184,3046.0,2440.47,0.3,2412.02
12185,3046.25,2440.7,0.2,2412.02
12186,3046.5,2440.45,0.2,2412.02
12187,3046.75,2440.7,0.1,2412.01
12188,3047.0,2441.2,0.2,2412.01
12189,3047.25,2440.96,0.2,2412.01
12190,3047.5,2441.21,1.0,2412.01
12191,3047.75,2441.7,0.3,2412.0
12192,3048.0,2441.7,0.3,2412.0
12193,3048.25,2443.64,0.6,2412.0
12194,3048.5,2444.38,0.3,2412.0
12195,3048.75,2445.3,0.2,2412.0
12196,3049.0,2444.82,0.3,2411.99
12197,3049.25,2445.06,0.3,2411.99
12198,3049.5,2445.06,0.1,2411.99
12199,3049.75,2444.82,0.2,2411.99
12200,3050.0,2445.33,1.1,2411.98
12201,3050.25,2443.57,0.2,2411.98
12202,3050.5,2444.29,0.4,2411.98
12203,3050.75,2444.78,0.6,2411.98
12204,3051.0,2445.02,0.2,2411.97
12205,3051.25,2445.27,0.4,2411.97
12206,3051.5,2445.27,0.2,2411.97
12207,3051.75,2445.27,0.1,2411.97
12208,3052.0,2445.27,0.1,2411.97
12209,3052.25,2445.26,0.4,2411.96
12210,3052.5,2444.78,1.3,2411.96
12211,3052.75,2444.54,0.2,2411.96
12212,3053.0,2445.03,0.2,2411.96
12213,3053.25,2446.77,0.7,2411.95
12214,3053.5,2447.23,0.1,2411.95
12215,3053.75,2446.76,0.2,2411.95
12216,3054.0,2447.25,0.4,2411.95
12217,3054.25,2447.36,0.1,2411.94
12218,3054.5,2447.36,0.2,2411.94
12219,3054.75,2447.84,0.2,2411.94
12220,3055.0,2448.08,1.0,2411.94
12221,3055.25,2448.31,0.1,2411.94
12222,3055.5,2448.31,0.4,2411.93
12223,3055.75,2446.09,0.8,2411.93
12224,3056.0,2446.81,0.3,2411.93
12225,3056.25,2447.46,0.2,2411.93
12226,3056.5,2447.7,0.2,2411.92
12227,3056.75,2448.18,0.2,2411.92
12228,3057.0,2448.17,0.2,2411.92
12229,3057.25,2447.43,0.4,2411.92
12230,3057.5,2441.97,1.4,2411.92
12231,3057.75,2442.21,0.2,2411.91
12232,3058.0,2442.45,0.2,2411.91
12233,3058.25,2442.69,0.7,2411.91
12234,3058.5,2442.68,0.6,2411.91
12235,3058.75,2440.4,0.4,2411.9
12236,3059.0,2439.15,0.2,2411.9
12237,3059.25,2438.89,0.6,2411.9
12238,3059.5,2438.4,0.6,2411.9
12239,3059.75,2436.64,0.2,2411.89
12240,3060.0,2438.56,1.5,2411.89
12241,3060.25,2439.29,0.2,2411.89
12242,3060.5,2439.75,0.2,2411.89
12243,3060.75,2439.5,0.7,2411.89
12244,3061.0,2439.5,0.2,2411.88
12245,3061.25,2439.45,0.3,2411.88
12246,3061.5,2439.94,0.2,2411.88
12247,3061.75,2439.94,0.2,2411.88
12248,3062.0,2439.93,0.2,2411.87
12249,3062.25,2439.09,0.3,2411.87
12250,3062.5,2440.55,1.2,2411.87
12251,3062.75,2440.8,0.1,2411.87
12252,3063.0,2438.18,0.2,2411.86
12253,3063.25,2438.17,0.8,2411.86
12254,3063.5,2438.9,0.3,2411.86
12255,3063.75,2438.91,0.2,2411.86
12256,3064.0,2440.19,0.2,2411.86
12257,3064.25,2438.45,0.1,2411.85
12258,3064.5,2436.93,0.2,2411.85
12259,3064.75,2437.14,0.3,2411.85
12260,3065.0,2438.45,1.2,2411.85
12261,3065.25,2438.45,0.2,2411.84
12262,3065.5,2438.22,0.3,2411.84
12263,3065.75,2438.2,0.5,2411.84
12264,3066.0,2438.69,0.3,2411.84
12265,3066.25,2438.9,0.3,2411.83
12266,3066.5,2439.14,0.3,2411.83
12267,3066.75,2439.38,0.2,2411.83
12268,3067.0,2439.12,0.1,2411.83
12269,3067.25,2439.61,0.1,2411.83
12270,3067.5,2442.84,0.9,2411.82
12271,3067.75,2443.07,0.2,2411.82
12272,3068.0,2443.07,0.4,2411.82
12273,3068.25,2443.07,0.7,2411.82
12274,3068.5,2443.54,0.2,2411.81
12275,3068.75,2443.54,0.2,2411.81
12276,3069.0,2444.04,0.2,2411.81
12277,3069.25,2444.04,0.4,2411.81
12278,3069.5,2444.75,0.1,2411.81
12279,3069.75,2445.07,0.3,2411.8
12280,3070.0,2444.79,1.3,2411.8
12281,3070.25,2445.03,0.2,2411.8
12282,3070.5,2445.52,0.4,2411.8
12283,3070.75,2446.0,0.9,2411.79
12284,3071.0,2446.23,0.3,2411.79
12285,3071.25,2447.56,0.3,2411.79
12286,3071.5,2447.32,0.2,2411.79
12287,3071.75,2447.8,0.1,2411.78
12288,3072.0,2447.79,0.3,2411.78
12289,3072.25,2442.54,1.1,2411.78
12290,3072.5,2440.49,0.5,2411.78
12291,3072.75,2438.81,0.2,2411.78
12292,3073.0,2439.05,0.2,2411.77
12293,3073.25,2439.29,0.9,2411.77
12294,3073.5,2436.43,1.4,2411.77
12295,3073.75,2436.23,0.4,2411.77
12296,3074.0,2436.46,0.2,2411.76
12297,3074.25,2436.7,0.2,2411.76
12298,3074.5,2437.19,0.2,2411.76
12299,3074.75,2435.68,1.1,2411.76
12300,3075.0,2436.41,0.3,2411.75
12301,3075.25,2436.72,0.6,2411.75
12302,3075.5,2436.95,0.2,2411.75
12303,3075.75,2437.18,0.6,2411.75
12304,3076.0,2437.18,0.3,2411.75
12305,3076.25,2437.43,0.3,2411.74
12306,3076.5,2437.18,0.2,2411.74
12307,3076.75,2437.18,0.2,2411.74
12308,3077.0,2437.41,0.1,2411.74
12309,3077.25,2440.17,1.0,2411.73
12310,3077.5,2440.17,0.3,2411.73
12311,3077.75,2440.18,0.2,2411.73
12312,3078.0,2440.67,0.2,2411.73
12313,3078.25,2443.11,0.9,2411.73
12314,3078.5,2443.6,0.2,2411.72
12315,3078.75,2444.85,0.4,2411.72
12316,3079.0,2445.1,0.3,2411.72
12317,3079.25,2445.34,0.2,2411.72
12318,3079.5,2445.34,0.2,2411.71
12319,3079.75,2440.39,1.2,2411.71
12320,3080.0,2440.63,0.3,2411.71
12321,3080.25,2440.87,0.2,2411.71
12322,3080.5,2440.61,0.1,2411.7
12323,3080.75,2441.01,0.7,2411.7
12324,3081.0,2440.76,0.2,2411.7
12325,3081.25,2440.99,0.2,2411.7
12326,3081.5,2441.23,0.1,2411.7
12327,3081.75,2441.24,0.4,2411.69
12328,3082.0,2440.98,0.1,2411.69
12329,3082.25,2440.68,0.9,2411.69
12330,3082.5,2440.44,0.1,2411.69
12331,3082.75,2440.43,0.4,2411.68
12332,3083.0,2440.66,0.3,2411.68
12333,3083.25,2440.66,0.4,2411.68
12334,3083.5,2440.88,0.4,2411.68
12335,3083.75,2440.12,0.4,2411.67
12336,3084.0,2440.59,0.1,2411.67
12337,3084.25,2440.85,0.4,2411.67
12338,3084.5,2440.83,0.2,2411.67
12339,3084.75,2442.3,1.2,2411.67
12340,3085.0,2443.04,0.3,2411.66
12341,3085.25,2443.29,0.3,2411.66
12342,3085.5,2443.31,0.1,2411.66
12343,3085.75,2443.55,0.6,2411.66
12344,3086.0,2444.51,0.3,2411.65
12345,3086.25,2441.73,0.2,2411.65
12346,3086.5,2441.97,0.2,2411.65
12347,3086.75,2442.21,0.3,2411.65
12348,3087.0,2442.44,0.2,2411.64
12349,3087.25,2442.19,0.8,2411.64
12350,3087.5,2442.43,0.2,2411.64
12351,3087.75,2442.91,0.3,2411.64
12352,3088.0,2443.88,0.8,2411.64
12353,3088.25,2443.88,0.2,2411.63
12354,3088.5,2443.87,0.1,2411.63
12355,3088.75,2444.1,0.2,2411.63
12356,3089.0,2443.84,0.1,2411.63
12357,3089.25,2443.83,0.2,2411.62
12358,3089.5,2444.54,0.3,2411.62
12359,3089.75,2444.0,1.1,2411.62
12360,3090.0,2444.22,0.3,2411.62
12361,3090.25,2444.21,0.2,2411.62
12362,3090.5,2443.28,0.7,2411.61
12363,3090.75,2443.77,0.2,2411.61
12364,3091.0,2444.0,0.2,2411.61
12365,3091.25,2444.63,0.1,2411.61
12366,3091.5,2444.87,0.2,2411.6
12367,3091.75,2445.35,0.1,2411.6
12368,3092.0,2445.36,0.2,2411.6
12369,3092.25,2443.88,1.0,2411.6
12370,3092.5,2443.88,0.2,2411.59
12371,3092.75,2444.12,0.2,2411.59
12372,3093.0,2444.12,0.6,2411.59
12373,3093.25,2444.37,0.4,2411.59
12374,3093.5,2444.68,0.5,2411.59
12375,3093.75,2445.18,0.3,2411.58
12376,3094.0,2443.71,0.1,2411.58
12377,3094.25,2443.85,0.2,2411.58
12378,3094.5,2442.59,0.2,2411.58
12379,3094.75,2440.91,1.0,2411.57
12380,3095.0,2441.13,0.3,2411.57
12381,3095.25,2441.5,0.4,2411.57
12382,3095.5,2441.99,0.6,2411.57
12383,3095.75,2442.24,0.2,2411.56
12384,3096.0,2442.48,0.2,2411.56
12385,3096.25,2442.94,0.2,2411.56
12386,3096.5,2443.42,0.1,2411.56
12387,3096.75,2443.65,0.1,2411.56
12388,3097.0,2443.41,0.3,2411.55
12389,3097.25,2441.49,1.3,2411.55
12390,3097.5,2441.97,0.2,2411.55
12391,3097.75,2442.21,0.2,2411.55
12392,3098.0,2442.7,0.7,2411.54
12393,3098.25,2442.43,0.3,2411.54
12394,3098.5,2442.44,0.1,2411.54
12395,3098.75,2441.88,0.2,2411.54
12396,3099.0,2442.14,0.2,2411.53
12397,3099.25,2442.57,0.2,2411.53
12398,3099.5,2441.13,0.1,2411.53
12399,3099.75,2441.6,1.0,2411.53
12400,3100.0,2441.73,0.2,2411.53
12401,3100.25,2441.96,0.3,2411.52
12402,3100.5,2443.43,0.6,2411.52
12403,3100.75,2443.42,0.2,2411.52
12404,3101.0,2443.0,0.3,2411.52
12405,3101.25,2442.79,0.2,2411.51
12406,3101.5,2443.02,0.2,2411.51
12407,3101.75,2443.02,0.2,2411.51
12408,3102.0,2442.77,0.3,2411.51
12409,3102.25,2443.98,1.1,2411.51
12410,3102.5,2444.22,0.2,2411.5
12411,3102.75,2444.93,0.3,2411.5
12412,3103.0,2441.12,0.7,2411.5
12413,3103.25,2440.86,0.2,2411.5
12414,3103.5,2440.84,0.4,2411.49
12415,3103.75,2440.31,0.2,2411.49
12416,3104.0,2440.31,0.1,2411.49
12417,3104.25,2440.21,0.2,2411.49
12418,3104.5,2440.2,0.2,2411.48
12419,3104.75,2444.1,1.1,2411.48
12420,3105.0,2444.34,0.2,2411.48
12421,3105.25,2444.58,0.2,2411.48
12422,3105.5,2445.52,0.7,2411.48
12423,3105.75,2445.53,0.2,2411.47
12424,3106.0,2444.23,0.4,2411.47
12425,3106.25,2444.71,0.1,2411.47
12426,3106.5,2444.95,0.2,2411.47
12427,3106.75,2444.95,0.1,2411.46
12428,3107.0,2445.19,0.2,2411.46
12429,3107.25,2445.47,1.4,2411.46
12430,3107.5,2445.47,0.4,2411.46
12431,3107.75,2445.71,0.4,2411.45
12432,3108.0,2443.39,0.9,2411.45
12433,3108.25,2443.87,0.3,2411.45
12434,3108.5,2444.64,0.2,2411.45
12435,3108.75,2441.99,0.2,2411.45
12436,3109.0,2441.99,0.1,2411.44
12437,3109.25,2442.0,0.2,2411.44
12438,3109.5,2440.8,0.2,2411.44
12439,3109.75,2440.07,1.2,2411.44
12440,3110.0,2440.05,0.4,2411.43
12441,3110.25,2440.3,0.4,2411.43
12442,3110.5,2440.31,0.7,2411.43
12443,3110.75,2440.56,0.3,2411.43
12444,3111.0,2441.05,0.4,2411.43
12445,3111.25,2441.04,0.1,2411.42
12446,3111.5,2441.04,0.4,2411.42
12447,3111.75,2440.8,0.1,2411.42
12448,3112.0,2441.3,0.2,2411.42
12449,3112.25,2440.32,1.4,2411.41
12450,3112.5,2440.57,0.2,2411.41
12451,3112.75,2441.28,0.4,2411.41
12452,3113.0,2441.26,0.6,2411.41
12453,3113.25,2441.96,0.4,2411.4
12454,3113.5,2442.2,0.2,2411.4
12455,3113.75,2441.3,0.2,2411.4
12456,3114.0,2441.54,0.2,2411.4
12457,3114.25,2441.79,0.4,2411.4
12458,3114.5,2441.29,0.2,2411.39
12459,3114.75,2442.46,1.2,2411.39
12460,3115.0,2442.46,0.2,2411.39
12461,3115.25,2442.22,0.2,2411.39
12462,3115.5,2442.7,0.6,2411.38
12463,3115.75,2442.96,0.5,2411.38
12464,3116.0,2443.45,0.2,2411.38
12465,3116.25,2443.94,0.1,2411.38
12466,3116.5,2443.68,0.1,2411.37
12467,3116.75,2444.17,0.2,2411.37
12468,3117.0,2443.93,0.2,2411.37
12469,3117.25,2442.3,1.4,2411.37
12470,3117.5,2442.06,0.3,2411.37
12471,3117.75,2440.61,0.1,2411.36
12472,3118.0,2440.97,0.6,2411.36
12473,3118.25,2440.13,0.3,2411.36
12474,3118.5,2440.38,0.1,2411.36
12475,3118.75,2439.38,0.3,2411.35
12476,3119.0,2439.84,0.2,2411.35
12477,3119.25,2439.84,0.2,2411.35
12478,3119.5,2440.08,0.2,2411.35
12479,3119.75,2440.82,1.2,2411.34
12480,3120.0,2441.55,0.2,2411.34
12481,3120.25,2442.06,0.4,2411.34
12482,3120.5,2439.21,0.9,2411.34
12483,3120.75,2439.67,0.2,2411.34
12484,3121.0,2439.67,0.2,2411.33
12485,3121.25,2439.92,0.2,2411.33
12486,3121.5,2440.41,0.2,2411.33
12487,3121.75,2440.4,0.2,2411.33
12488,3122.0,2440.16,0.2,2411.32
12489,3122.25,2440.42,0.9,2411.32
12490,3122.5,2440.88,0.2,2411.32
12491,3122.75,2441.12,0.4,2411.32
12492,3123.0,2442.11,0.7,2411.32
12493,3123.25,2441.18,0.2,2411.31
12494,3123.5,2440.61,0.3,2411.31
12495,3123.75,2440.17,0.2,2411.31
12496,3124.0,2440.18,0.1,2411.31
12497,3124.25,2440.09,0.2,2411.3
12498,3124.5,2439.05,0.4,2411.3
12499,3124.75,2439.29,1.2,2411.3
12500,3125.0,2439.28,0.2,2411.3
12501,3125.25,2439.27,0.2,2411.29
12502,3125.5,2439.73,0.6,2411.29
12503,3125.75,2439.24,0.3,2411.29
12504,3126.0,2439.49,0.2,2411.29
12505,3126.25,2439.73,0.2,2411.29
12506,3126.5,2439.73,0.1,2411.28
12507,3126.75,2437.78,0.1,2411.28
12508,3127.0,2437.52,0.2,2411.28
12509,3127.25,2440.95,0.7,2411.28
12510,3127.5,2441.19,0.2,2411.27
12511,3127.75,2442.14,0.2,2411.27
12512,3128.0,2441.89,0.7,2411.27
12513,3128.25,2441.89,0.2,2411.27
12514,3128.5,2442.67,0.3,2411.26
12515,3128.75,2442.36,0.3,2411.26
12516,3129.0,2442.61,0.2,2411.26
12517,3129.25,2442.82,0.1,2411.26
12518,3129.5,2442.82,0.2,2411.26
12519,3129.75,2443.61,1.2,2411.25
12520,3130.0,2443.61,0.3,2411.25
12521,3130.25,2444.34,0.4,2411.25
12522,3130.5,2444.58,0.6,2411.25
12523,3130.75,2445.31,0.4,2411.24
12524,3131.0,2445.37,0.4,2411.24
12525,3131.25,2445.58,0.1,2411.24
12526,3131.5,2445.57,0.2,2411.24
12527,3131.75,2445.5,0.1,2411.23
12528,3132.0,2444.01,0.2,2411.23
12529,3132.25,2444.02,1.1,2411.23
12530,3132.5,2444.51,0.2,2411.23
12531,3132.75,2444.99,0.4,2411.23
12532,3133.0,2445.96,0.6,2411.22
12533,3133.25,2446.2,0.4,2411.22
12534,3133.5,2443.92,0.3,2411.22
12535,3133.75,2444.39,0.2,2411.22
12536,3134.0,2444.63,0.2,2411.21
12537,3134.25,2445.09,0.2,2411.21
12538,3134.5,2445.34,0.2,2411.21
12539,3134.75,2442.71,1.5,2411.21
12540,3135.0,2442.96,0.2,2411.21
12541,3135.25,2442.95,0.3,2411.2
12542,3135.5,2443.16,0.8,2411.2
12543,3135.75,2443.4,0.2,2411.2
12544,3136.0,2443.63,0.2,2411.2
12545,3136.25,2443.39,0.2,2411.19
12546,3136.5,2443.84,0.3,2411.19
12547,3136.75,2443.84,0.1,2411.19
12548,3137.0,2443.84,0.2,2411.19
12549,3137.25,2443.56,1.2,2411.18
12550,3137.5,2443.55,0.2,2411.18
12551,3137.75,2443.55,0.3,2411.18
12552,3138.0,2444.02,0.6,2411.18
12553,3138.25,2444.26,0.4,2411.18
12554,3138.5,2443.52,0.4,2411.17
12555,3138.75,2443.5,0.2,2411.17
12556,3139.0,2443.25,0.2,2411.17
12557,3139.25,2443.25,0.3,2411.17
12558,3139.5,2442.77,0.9,2411.16
12559,3139.75,2441.35,0.7,2411.16
12560,3140.0,2441.07,0.3,2411.16
12561,3140.25,2441.3,0.2,2411.16
12562,3140.5,2441.77,1.0,2411.15
12563,3140.75,2441.75,0.2,2411.15
12564,3141.0,2442.23,0.2,2411.15
12565,3141.25,2442.48,0.1,2411.15
12566,3141.5,2443.21,0.2,2411.15
12567,3141.75,2443.2,0.2,2411.14
12568,3142.0,2442.69,1.2,2411.14
12569,3142.25,2442.68,0.3,2411.14
12570,3142.5,2442.93,0.3,2411.14
12571,3142.75,2443.43,0.2,2411.13
12572,3143.0,2443.66,0.9,2411.13
12573,3143.25,2444.16,0.2,2411.13
12574,3143.5,2445.14,0.4,2411.13
12575,3143.75,2445.15,0.1,2411.13
12576,3144.0,2445.85,0.4,2411.12
12577,3144.25,2444.25,0.3,2411.12
12578,3144.5,2443.45,1.4,2411.12
12579,3144.75,2442.95,0.2,2411.12
12580,3145.0,2443.45,0.1,2411.11
12581,3145.25,2443.44,0.2,2411.11
12582,3145.5,2443.2,0.7,2411.11
12583,3145.75,2443.65,0.2,2411.11
12584,3146.0,2444.52,0.4,2411.1
12585,3146.25,2444.52,0.2,2411.1
12586,3146.5,2445.01,0.1,2411.1
12587,3146.75,2445.26,0.2,2411.1
12588,3147.0,2445.45,1.3,2411.1
12589,3147.25,2445.93,0.2,2411.09
12590,3147.5,2446.18,0.3,2411.09
12591,3147.75,2446.43,0.1,2411.09
12592,3148.0,2446.25,0.9,2411.09
12593,3148.25,2446.71,0.2,2411.08
12594,3148.5,2445.73,0.2,2411.08
12595,3148.75,2445.72,0.2,2411.08
12596,3149.0,2444.4,0.1,2411.08
12597,3149.25,2444.64,0.2,2411.07
12598,3149.5,2443.68,1.6,2411.07
12599,3149.75,2443.42,0.4,2411.07
12600,3150.0,2443.41,0.4,2411.07
12601,3150.25,2442.93,0.2,2411.07
12602,3150.5,2442.47,0.7,2411.06
12603,3150.75,2442.7,0.4,2411.06
12604,3151.0,2442.94,0.3,2411.06
12605,3151.25,2443.15,0.2,2411.06
12606,3151.5,2443.39,0.2,2411.05
12607,3151.75,2443.63,0.2,2411.05
12608,3152.0,2443.5,1.3,2411.05
12609,3152.25,2443.74,0.3,2411.05
12610,3152.5,2444.22,0.4,2411.04
12611,3152.75,2444.46,0.3,2411.04
12612,3153.0,2445.34,0.6,2411.04
12613,3153.25,2446.5,0.3,2411.04
12614,3153.5,2445.8,0.2,2411.04
12615,3153.75,2446.05,0.2,2411.03
12616,3154.0,2445.77,0.2,2411.03
12617,3154.25,2446.0,0.2,2411.03
12618,3154.5,2444.49,1.1,2411.03
12619,3154.75,2442.81,0.3,2411.02
12620,3155.0,2442.8,0.1,2411.02
12621,3155.25,2442.7,0.8,2411.02
12622,3155.5,2442.7,0.3,2411.02
12623,3155.75,2443.2,0.4,2411.02
12624,3156.0,2443.19,0.1,2411.01
12625,3156.25,2443.43,0.1,2411.01
12626,3156.5,2443.67,0.2,2411.01
12627,3156.75,2443.66,0.2,2411.01
12628,3157.0,2443.41,1.1,2411.0
12629,3157.25,2443.65,0.2,2411.0
12630,3157.5,2443.64,0.4,2411.0
12631,3157.75,2440.2,0.8,2411.0
12632,3158.0,2440.66,0.4,2410.99
12633,3158.25,2439.14,0.2,2410.99
12634,3158.5,2439.06,0.3,2410.99
12635,3158.75,2439.05,0.2,2410.99
12636,3159.0,2439.3,0.2,2410.99
12637,3159.25,2439.75,0.1,2410.98
12638,3159.5,2440.72,1.0,2410.98
12639,3159.75,2440.96,0.5,2410.98
12640,3160.0,2441.2,0.2,2410.98
12641,3160.25,2443.16,0.7,2410.97
12642,3160.5,2443.86,0.2,2410.97
12643,3160.75,2445.53,0.4,2410.97
12644,3161.0,2445.78,0.2,2410.97
12645,3161.25,2446.26,0.1,2410.96
12646,3161.5,2446.25,0.2,2410.96
12647,3161.75,2446.23,0.3,2410.96
12648,3162.0,2445.53,1.1,2410.96
12649,3162.25,2446.51,0.2,2410.96
12650,3162.5,2446.51,0.4,2410.95
12651,3162.75,2441.01,0.8,2410.95
12652,3163.0,2441.46,0.4,2410.95
12653,3163.25,2441.96,0.2,2410.95
12654,3163.5,2441.2,0.2,2410.94
12655,3163.75,2441.44,0.1,2410.94
12656,3164.0,2441.43,0.2,2410.94
12657,3164.25,2441.43,0.2,2410.94
12658,3164.5,2442.09,1.6,2410.93
12659,3164.75,2441.84,0.2,2410.93
12660,3165.0,2442.31,0.2,2410.93
12661,3165.25,2441.11,0.7,2410.93
12662,3165.5,2441.09,0.3,2410.93
12663,3165.75,2441.8,0.2,2410.92
12664,3166.0,2442.04,0.3,2410.92
12665,3166.25,2442.02,0.1,2410.92
12666,3166.5,2442.27,0.2,2410.92
12667,3166.75,2441.77,0.2,2410.91
12668,3167.0,2442.65,1.2,2410.91
12669,3167.25,2443.14,0.3,2410.91
12670,3167.5,2443.62,0.2,2410.91
12671,3167.75,2440.64,0.8,2410.91
12672,3168.0,2441.13,0.2,2410.9
12673,3168.25,2442.63,0.3,2410.9
12674,3168.5,2443.18,0.1,2410.9
12675,3168.75,2443.16,0.2,2410.9
12676,3169.0,2443.4,0.2,2410.89
12677,3169.25,2443.86,0.2,2410.89
12678,3169.5,2440.73,1.2,2410.89
12679,3169.75,2440.72,0.2,2410.89
12680,3170.0,2440.96,0.4,2410.88
12681,3170.25,2442.43,0.6,2410.88
12682,3170.5,2443.14,0.2,2410.88
12683,3170.75,2441.84,0.2,2410.88
12684,3171.0,2442.07,0.2,2410.88
12685,3171.25,2442.55,0.1,2410.87
12686,3171.5,2443.0,0.3,2410.87
12687,3171.75,2443.0,0.2,2410.87
12688,3172.0,2439.89,1.4,2410.87
12689,3172.25,2440.14,0.2,2410.86
12690,3172.5,2440.39,0.2,2410.86
12691,3172.75,2440.87,0.9,2410.86
12692,3173.0,2440.86,0.2,2410.86
12693,3173.25,2440.87,0.2,2410.85
12694,3173.5,2439.9,0.2,2410.85
12695,3173.75,2440.36,0.2,2410.85
12696,3174.0,2440.61,0.4,2410.85
12697,3174.25,2440.61,0.3,2410.85
12698,3174.5,2441.09,1.1,2410.84
12699,3174.75,2441.59,0.2,2410.84
12700,3175.0,2442.32,0.2,2410.84
12701,3175.25,2442.81,1.0,2410.84
12702,3175.5,2443.31,0.5,2410.83
12703,3175.75,2442.84,0.3,2410.83
12704,3176.0,2443.33,0.2,2410.83
12705,3176.25,2443.05,0.2,2410.83
12706,3176.5,2443.29,0.2,2410.83
12707,3176.75,2443.06,0.3,2410.82
12708,3177.0,2441.88,1.1,2410.82
12709,3177.25,2442.12,0.1,2410.82
12710,3177.5,2442.38,0.4,2410.82
12711,3177.75,2442.83,1.1,2410.81
12712,3178.0,2455.59,2.4,2410.81
12713,3178.25,2455.58,0.3,2410.81
12714,3178.5,2455.43,0.3,2410.81
12715,3178.75,2455.43,0.1,2410.8
12716,3179.0,2455.83,0.2,2410.8
12717,3179.25,2455.82,0.2,2410.8
12718,3179.5,2453.41,1.1,2410.8
12719,3179.75,2453.12,0.3,2410.8
12720,3180.0,2453.12,0.2,2410.79
12721,3180.25,2453.35,0.9,2410.79
12722,3180.5,2453.57,0.2,2410.79
12723,3180.75,2453.81,0.2,2410.79
12724,3181.0,2454.04,0.2,2410.78
12725,3181.25,2454.28,0.2,2410.78
12726,3181.5,2454.27,0.2,2410.78
12727,3181.75,2454.03,0.2,2410.78
12728,3182.0,2445.48,1.1,2410.77
12729,3182.25,2445.48,0.2,2410.77
12730,3182.5,2445.24,0.2,2410.77
12731,3182.75,2446.19,0.7,2410.77
12732,3183.0,2446.93,0.2,2410.77
12733,3183.25,2446.88,0.5,2410.76
12734,3183.5,2447.12,0.2,2410.76
12735,3183.75,2446.64,0.2,2410.76
12736,3184.0,2446.41,0.3,2410.76
12737,3184.25,2445.64,0.4,2410.75
12738,3184.5,2441.76,1.6,2410.75
12739,3184.75,2442.0,0.2,2410.75
12740,3185.0,2442.71,0.2,2410.75
12741,3185.25,2442.71,0.6,2410.74
12742,3185.5,2442.71,0.2,2410.74
12743,3185.75,2442.7,0.4,2410.74
12744,3186.0,2442.7,0.1,2410.74
12745,3186.25,2442.69,0.1,2410.74
12746,3186.5,2441.01,0.1,2410.73
12747,3186.75,2441.25,0.2,2410.73
12748,3187.0,2440.02,1.3,2410.73
12749,3187.25,2440.3,0.4,2410.73
12750,3187.5,2440.54,0.2,2410.72
12751,3187.75,2440.49,0.9,2410.72
12752,3188.0,2440.73,0.5,2410.72
12753,3188.25,2440.72,0.3,2410.72
12754,3188.5,2439.44,0.2,2410.72
12755,3188.75,2439.18,0.2,2410.71
12756,3189.0,2439.42,0.2,2410.71
12757,3189.25,2439.65,0.2,2410.71
12758,3189.5,2439.89,1.1,2410.71
12759,3189.75,2440.12,0.3,2410.7
12760,3190.0,2440.62,0.2,2410.7
12761,3190.25,2444.51,0.7,2410.7
12762,3190.5,2444.5,0.2,2410.7
12763,3190.75,2445.47,0.2,2410.69
12764,3191.0,2445.22,0.2,2410.69
12765,3191.25,2444.97,0.2,2410.69
12766,3191.5,2445.21,0.1,2410.69
12767,3191.75,2444.5,0.5,2410.69
12768,3192.0,2443.95,1.1,2410.68
12769,3192.25,2444.2,0.2,2410.68
12770,3192.5,2444.43,0.3,2410.68
12771,3192.75,2444.43,0.9,2410.68
12772,3193.0,2444.66,0.2,2410.67
12773,3193.25,2443.77,0.2,2410.67
12774,3193.5,2443.77,0.2,2410.67
12775,3193.75,2444.01,0.2,2410.67
12776,3194.0,2444.0,0.1,2410.66
12777,3194.25,2443.75,0.2,2410.66
12778,3194.5,2445.18,1.4,2410.66
12779,3194.75,2445.42,0.2,2410.66
12780,3195.0,2445.48,0.4,2410.66
12781,3195.25,2446.21,0.6,2410.65
12782,3195.5,2446.46,0.4,2410.65
12783,3195.75,2446.46,0.1,2410.65
12784,3196.0,2445.28,0.2,2410.65
12785,3196.25,2445.52,0.2,2410.64
12786,3196.5,2445.77,0.1,2410.64
12787,3196.75,2446.26,0.3,2410.64
12788,3197.0,2444.12,1.2,2410.64
12789,3197.25,2444.36,0.2,2410.63
12790,3197.5,2442.45,0.3,2410.63
12791,3197.75,2442.95,0.6,2410.63
12792,3198.0,2443.2,0.2,2410.63
12793,3198.25,2443.21,0.7,2410.63
12794,3198.5,2443.46,0.1,2410.62
12795,3198.75,2443.46,0.2,2410.62
12796,3199.0,2443.23,0.3,2410.62
12797,3199.25,2443.25,0.2,2410.62
12798,3199.5,2445.43,0.7,2410.61
12799,3199.75,2445.42,0.2,2410.61
12800,3200.0,2445.18,0.2,2410.61
12801,3200.25,2445.91,0.7,2410.61
12802,3200.5,2446.39,0.2,2410.61
12803,3200.75,2446.39,0.2,2410.6
12804,3201.0,2446.4,0.2,2410.6
12805,3201.25,2446.65,0.2,2410.6
12806,3201.5,2446.89,0.1,2410.6
12807,3201.75,2447.14,0.3,2410.59
12808,3202.0,2448.57,0.8,2410.59
12809,3202.25,2448.57,0.2,2410.59
12810,3202.5,2448.33,0.2,2410.59
12811,3202.75,2448.58,0.7,2410.58
12812,3203.0,2448.58,0.3,2410.58
12813,3203.25,2448.14,0.2,2410.58
12814,3203.5,2447.89,0.2,2410.58
12815,3203.75,2448.36,0.4,2410.58
12816,3204.0,2447.73,0.1,2410.57
12817,3204.25,2447.53,1.1,2410.57
12818,3204.5,2447.25,0.4,2410.57
12819,3204.75,2447.49,0.4,2410.57
12820,3205.0,2448.22,0.3,2410.56
12821,3205.25,2448.46,0.9,2410.56
12822,3205.5,2449.36,0.4,2410.56
12823,3205.75,2449.6,0.2,2410.56
12824,3206.0,2450.05,0.2,2410.55
12825,3206.25,2450.3,0.2,2410.55
12826,3206.5,2450.05,0.2,2410.55
12827,3206.75,2449.08,0.9,2410.55
12828,3207.0,2449.08,0.3,2410.55
12829,3207.25,2449.4,0.4,2410.54
12830,3207.5,2450.37,0.1,2410.54
12831,3207.75,2446.15,0.8,2410.54
12832,3208.0,2446.4,0.2,2410.54
12833,3208.25,2445.16,0.4,2410.53
12834,3208.5,2445.4,0.2,2410.53
12835,3208.75,2445.39,0.2,2410.53
12836,3209.0,2443.82,0.1,2410.53
12837,3209.25,2439.12,0.9,2410.53
12838,3209.5,2439.12,0.2,2410.52
12839,3209.75,2439.36,0.2,2410.52
12840,3210.0,2439.35,0.1,2410.52
12841,3210.25,2439.75,1.0,2410.52
12842,3210.5,2440.0,0.4,2410.51
12843,3210.75,2439.89,0.2,2410.51
12844,3211.0,2439.89,0.1,2410.51
12845,3211.25,2439.89,0.2,2410.51
12846,3211.5,2439.87,0.2,2410.5
12847,3211.75,2440.85,1.4,2410.5
12848,3212.0,2441.3,0.3,2410.5
12849,3212.25,2441.78,0.2,2410.5
12850,3212.5,2441.29,0.4,2410.5
12851,3212.75,2441.29,0.9,2410.49
12852,3213.0,2442.44,0.2,2410.49
12853,3213.25,2442.27,0.4,2410.49
12854,3213.5,2442.51,0.2,2410.49
12855,3213.75,2441.09,0.2,2410.48
12856,3214.0,2441.32,0.2,2410.48
12857,3214.25,2441.2,1.3,2410.48
12858,3214.5,2441.46,0.2,2410.48
12859,3214.75,2441.67,0.2,2410.47
12860,3215.0,2441.9,0.1,2410.47
12861,3215.25,2442.64,0.7,2410.47
12862,3215.5,2442.39,0.4,2410.47
12863,3215.75,2442.88,0.2,2410.47
12864,3216.0,2442.88,0.4,2410.46
12865,3216.25,2443.11,0.2,2410.46
12866,3216.5,2442.87,0.2,2410.46
12867,3216.75,2445.5,1.2,2410.46
12868,3217.0,2445.73,0.2,2410.45
12869,3217.25,2445.48,0.4,2410.45
12870,3217.5,2445.48,0.2,2410.45
12871,3217.75,2442.73,0.7,2410.45
12872,3218.0,2443.22,0.5,2410.44
12873,3218.25,2444.91,0.4,2410.44
12874,3218.5,2445.09,0.2,2410.44
12875,3218.75,2444.84,0.3,2410.44
12876,3219.0,2444.82,0.2,2410.44
12877,3219.25,2443.31,0.7,2410.43
12878,3219.5,2443.3,0.4,2410.43
12879,3219.75,2444.0,0.4,2410.43
12880,3220.0,2442.45,0.1,2410.43
12881,3220.25,2442.45,0.7,2410.42
12882,3220.5,2442.92,0.3,2410.42
12883,3220.75,2442.93,0.3,2410.42
12884,3221.0,2442.91,0.1,2410.42
12885,3221.25,2442.65,0.4,2410.42
12886,3221.5,2441.64,0.2,2410.41
12887,3221.75,2441.62,1.4,2410.41
12888,3222.0,2441.84,0.3,2410.41
12889,3222.25,2442.08,0.2,2410.41
12890,3222.5,2442.32,0.3,2410.4
12891,3222.75,2442.31,0.8,2410.4
12892,3223.0,2442.8,0.3,2410.4
12893,3223.25,2443.52,0.5,2410.4
12894,3223.5,2443.77,0.2,2410.39
12895,3223.75,2443.76,0.4,2410.39
12896,3224.0,2444.24,0.2,2410.39
12897,3224.25,2441.95,0.9,2410.39
12898,3224.5,2442.2,0.4,2410.39
12899,3224.75,2442.43,0.3,2410.38
12900,3225.0,2440.57,0.4,2410.38
12901,3225.25,2441.31,0.4,2410.38
12902,3225.5,2441.54,0.4,2410.38
12903,3225.75,2441.78,0.2,2410.37
12904,3226.0,2442.01,0.2,2410.37
12905,3226.25,2442.24,0.2,2410.37
12906,3226.5,2442.48,0.2,2410.37
12907,3226.75,2443.41,1.0,2410.36
12908,3227.0,2443.64,0.1,2410.36
12909,3227.25,2443.89,0.3,2410.36
12910,3227.5,2445.34,0.7,2410.36
12911,3227.75,2445.59,0.4,2410.36
12912,3228.0,2444.56,0.4,2410.35
12913,3228.25,2445.54,0.2,2410.35
12914,3228.5,2445.78,0.5,2410.35
12915,3228.75,2446.27,0.2,2410.35
12916,3229.0,2445.79,0.5,2410.34
12917,3229.25,2444.61,0.9,2410.34
12918,3229.5,2444.86,0.3,2410.34
12919,3229.75,2445.82,0.4,2410.34
12920,3230.0,2446.07,0.7,2410.33
12921,3230.25,2446.29,0.4,2410.33
12922,3230.5,2446.54,0.3,2410.33
12923,3230.75,2446.29,0.3,2410.33
12924,3231.0,2446.55,0.3,2410.33
12925,3231.25,2446.3,0.2,2410.32
12926,3231.5,2446.55,0.2,2410.32
12927,3231.75,2445.1,1.1,2410.32
12928,3232.0,2445.6,0.2,2410.32
12929,3232.25,2446.1,0.3,2410.31
12930,3232.5,2442.99,0.9,2410.31
12931,3232.75,2442.99,0.2,2410.31
12932,3233.0,2441.29,0.3,2410.31
12933,3233.25,2441.02,0.2,2410.31
12934,3233.5,2441.26,0.3,2410.3
12935,3233.75,2441.52,0.3,2410.3
12936,3234.0,2442.0,0.2,2410.3
12937,3234.25,2441.42,1.2,2410.3
12938,3234.5,2441.16,0.3,2410.29
12939,3234.75,2441.61,0.4,2410.29
12940,3235.0,2441.86,0.5,2410.29
12941,3235.25,2442.29,0.5,2410.29
12942,3235.5,2442.28,0.4,2410.28
12943,3235.75,2442.52,0.2,2410.28
12944,3236.0,2442.76,0.3,2410.28
12945,3236.25,2443.21,0.1,2410.28
12946,3236.5,2442.14,0.3,2410.28
12947,3236.75,2442.61,1.1,2410.27
12948,3237.0,2442.85,0.3,2410.27
12949,3237.25,2442.85,0.4,2410.27
12950,3237.5,2443.3,0.6,2410.27
12951,3237.75,2443.05,0.4,2410.26
12952,3238.0,2442.07,0.5,2410.26
12953,3238.25,2442.3,0.4,2410.26
12954,3238.5,2442.29,0.2,2410.26
12955,3238.75,2442.29,0.4,2410.25
12956,3239.0,2442.53,0.3,2410.25
12957,3239.25,2441.13,1.2,2410.25
12958,3239.5,2441.37,0.2,2410.25
12959,3239.75,2441.37,0.5,2410.25
12960,3240.0,2440.37,0.6,2410.24
12961,3240.25,2440.6,0.2,2410.24
12962,3240.5,2440.85,0.4,2410.24
12963,3240.75,2441.34,0.2,2410.24
12964,3241.0,2441.82,0.4,2410.23
12965,3241.25,2442.06,0.2,2410.23
12966,3241.5,2442.06,0.2,2410.23
12967,3241.75,2442.36,1.2,2410.23
12968,3242.0,2442.85,0.4,2410.23
12969,3242.25,2443.33,0.4,2410.22
12970,3242.5,2443.32,0.6,2410.22
12971,3242.75,2443.57,0.4,2410.22
12972,3243.0,2442.98,0.4,2410.22
12973,3243.25,2443.34,0.2,2410.21
12974,3243.5,2443.59,0.2,2410.21
12975,3243.75,2443.58,0.2,2410.21
12976,3244.0,2442.87,0.1,2410.21
12977,3244.25,2443.36,1.1,2410.2
12978,3244.5,2443.59,0.4,2410.2
12979,3244.75,2443.82,0.2,2410.2
12980,3245.0,2443.3,0.6,2410.2
12981,3245.25,2443.77,0.2,2410.2
12982,3245.5,2444.0,0.2,2410.19
12983,3245.75,2444.71,0.2,2410.19
12984,3246.0,2445.16,0.4,2410.19
12985,3246.25,2445.16,0.2,2410.19
12986,3246.5,2445.39,0.1,2410.18
12987,3246.75,2445.59,1.2,2410.18
12988,3247.0,2444.64,0.2,2410.18
12989,3247.25,2444.64,0.4,2410.18
12990,3247.5,2442.95,0.7,2410.17
12991,3247.75,2442.92,0.7,2410.17
12992,3248.0,2442.68,0.4,2410.17
12993,3248.25,2441.62,0.3,2410.17
12994,3248.5,2441.62,0.2,2410.17
12995,3248.75,2442.12,0.2,2410.16
12996,3249.0,2442.36,0.2,2410.16
12997,3249.25,2442.85,1.1,2410.16
12998,3249.5,2443.35,0.1,2410.16
12999,3249.75,2443.3,0.4,2410.15
13000,3250.0,2444.77,0.7,2410.15
13001,3250.25,2445.15,0.4,2410.15
13002,3250.5,2445.85,0.2,2410.15
13003,3250.75,2445.61,0.2,2410.14
13004,3251.0,2445.82,0.3,2410.14
13005,3251.25,2446.07,0.1,2410.14
13006,3251.5,2446.04,0.3,2410.14
13007,3251.75,2446.04,1.2,2410.14
13008,3252.0,2446.53,0.2,2410.13
13009,3252.25,2446.76,0.5,2410.13
13010,3252.5,2446.76,0.6,2410.13
13011,3252.75,2446.75,0.4,2410.13
13012,3253.0,2447.49,0.5,2410.12
13013,3253.25,2447.25,0.1,2410.12
13014,3253.5,2447.26,0.2,2410.12
13015,3253.75,2447.71,0.2,2410.12
13016,3254.0,2447.48,0.2,2410.12
13017,3254.25,2446.75,1.2,2410.11
13018,3254.5,2446.98,0.2,2410.11
13019,3254.75,2447.24,0.1,2410.11
13020,3255.0,2447.47,1.0,2410.11
13021,3255.25,2447.73,0.2,2410.1
13022,3255.5,2447.97,0.4,2410.1
13023,3255.75,2448.46,0.2,2410.1
13024,3256.0,2448.2,0.2,2410.1
13025,3256.25,2447.94,0.1,2410.09
13026,3256.5,2447.94,0.2,2410.09
13027,3256.75,2451.36,2.2,2410.09
13028,3257.0,2451.37,0.3,2410.09
13029,3257.25,2451.63,0.3,2410.09
13030,3257.5,2451.87,0.8,2410.08
13031,3257.75,2451.28,0.2,2410.08
13032,3258.0,2449.47,0.4,2410.08
13033,3258.25,2449.67,0.2,2410.08
13034,3258.5,2448.07,0.2,2410.07
13035,3258.75,2447.35,0.2,2410.07
13036,3259.0,2447.1,0.4,2410.07
13037,3259.25,2444.1,0.9,2410.07
13038,3259.5,2443.85,0.4,2410.06
13039,3259.75,2444.3,0.3,2410.06
13040,3260.0,2444.3,0.6,2410.06
13041,3260.25,2443.36,0.1,2410.06
13042,3260.5,2443.82,0.2,2410.06
13043,3260.75,2443.82,0.1,2410.05
13044,3261.0,2443.82,0.2,2410.05
13045,3261.25,2443.81,0.1,2410.05
13046,3261.5,2443.81,0.4,2410.05
13047,3261.75,2445.14,1.2,2410.04
13048,3262.0,2444.9,0.4,2410.04
13049,3262.25,2445.85,0.0,2410.04
13050,3262.5,2441.78,0.9,2410.04
13051,3262.75,2442.24,0.2,2410.03
13052,3263.0,2442.78,0.4,2410.03
13053,3263.25,2442.79,0.2,2410.03
13054,3263.5,2443.02,0.4,2410.03
13055,3263.75,2443.03,0.2,2410.03
13056,3264.0,2439.44,1.1,2410.02
13057,3264.25,2439.59,0.5,2410.02
13058,3264.5,2440.3,0.4,2410.02
13059,3264.75,2440.14,0.2,2410.02
13060,3265.0,2440.4,0.7,2410.01
13061,3265.25,2440.88,0.3,2410.01
13062,3265.5,2441.37,0.1,2410.01
13063,3265.75,2441.87,0.2,2410.01
13064,3266.0,2442.11,0.2,2410.01
13065,3266.25,2441.61,0.2,2410.0
13066,3266.5,2440.88,1.4,2410.0
13067,3266.75,2441.13,0.1,2410.0
13068,3267.0,2442.09,0.4,2410.0
13069,3267.25,2442.05,0.2,2409.99
13070,3267.5,2442.05,0.6,2409.99
13071,3267.75,2442.54,0.4,2409.99
13072,3268.0,2441.81,0.4,2409.99
13073,3268.25,2441.81,0.2,2409.98
13074,3268.5,2441.81,0.2,2409.98
13075,3268.75,2441.57,0.3,2409.98
13076,3269.0,2440.61,1.0,2409.98
13077,3269.25,2440.6,0.4,2409.98
13078,3269.5,2440.36,0.1,2409.97
13079,3269.75,2440.35,0.2,2409.97
13080,3270.0,2441.58,0.7,2409.97
13081,3270.25,2441.81,0.4,2409.97
13082,3270.5,2442.26,0.2,2409.96
13083,3270.75,2442.02,0.1,2409.96
13084,3271.0,2442.25,0.2,2409.96
13085,3271.25,2442.0,0.3,2409.96
13086,3271.5,2442.48,0.8,2409.95
13087,3271.75,2442.23,0.1,2409.95
13088,3272.0,2442.46,0.2,2409.95
13089,3272.25,2444.71,0.8,2409.95
13090,3272.5,2445.42,0.2,2409.95
13091,3272.75,2444.77,0.4,2409.94
13092,3273.0,2445.26,0.1,2409.94
13093,3273.25,2445.51,0.2,2409.94
13094,3273.5,2445.76,0.1,2409.94
13095,3273.75,2445.23,0.2,2409.93
13096,3274.0,2445.99,1.5,2409.93
13097,3274.25,2446.25,0.3,2409.93
13098,3274.5,2446.25,0.2,2409.93
13099,3274.75,2446.75,0.7,2409.92
13100,3275.0,2446.74,0.1,2409.92
13101,3275.25,2446.97,0.4,2409.92
13102,3275.5,2447.42,0.2,2409.92
13103,3275.75,2447.67,0.2,2409.92
13104,3276.0,2447.41,0.1,2409.91
13105,3276.25,2447.66,0.2,2409.91
13106,3276.5,2447.12,0.9,2409.91
13107,3276.75,2447.36,0.1,2409.91
13108,3277.0,2447.59,0.4,2409.9
13109,3277.25,2446.78,0.7,2409.9
13110,3277.5,2446.53,0.2,2409.9
13111,3277.75,2445.77,0.3,2409.9
13112,3278.0,2446.5,0.1,2409.9
13113,3278.25,2446.5,0.1,2409.89
13114,3278.5,2446.48,0.4,2409.89
13115,3278.75,2446.48,0.2,2409.89
13116,3279.0,2446.96,1.1,2409.89
13117,3279.25,2446.71,0.2,2409.88
13118,3279.5,2446.7,0.2,2409.88
13119,3279.75,2448.42,0.8,2409.88
13120,3280.0,2448.62,0.2,2409.88
13121,3280.25,2447.62,0.2,2409.87
13122,3280.5,2446.04,0.4,2409.87
13123,3280.75,2445.79,0.3,2409.87
13124,3281.0,2446.04,0.2,2409.87
13125,3281.25,2446.01,0.2,2409.87
13126,3281.5,2447.19,0.9,2409.86
13127,3281.75,2447.18,0.2,2409.86
13128,3282.0,2446.93,0.2,2409.86
13129,3282.25,2443.72,0.7,2409.86
13130,3282.5,2443.96,0.2,2409.85
13131,3282.75,2442.99,0.2,2409.85
13132,3283.0,2443.0,0.2,2409.85
13133,3283.25,2443.45,0.2,2409.85
13134,3283.5,2443.68,0.2,2409.84
13135,3283.75,2443.18,0.2,2409.84
13136,3284.0,2443.66,0.9,2409.84
13137,3284.25,2444.12,0.2,2409.84
13138,3284.5,2444.6,0.3,2409.84
13139,3284.75,2445.33,0.9,2409.83
13140,3285.0,2445.33,0.3,2409.83
13141,3285.25,2445.31,0.2,2409.83
13142,3285.5,2445.8,0.1,2409.83
13143,3285.75,2445.79,0.1,2409.82
13144,3286.0,2446.03,0.2,2409.82
13145,3286.25,2446.03,0.2,2409.82
13146,3286.5,2441.2,1.1,2409.82
13147,3286.75,2441.89,0.3,2409.82
13148,3287.0,2442.38,0.2,2409.81
13149,3287.25,2440.64,0.5,2409.81
13150,3287.5,2441.84,0.3,2409.81
13151,3287.75,2440.61,0.2,2409.81
13152,3288.0,2441.1,0.3,2409.8
13153,3288.25,2441.4,0.3,2409.8
13154,3288.5,2441.41,0.2,2409.8
13155,3288.75,2441.91,0.3,2409.8
13156,3289.0,2440.62,0.7,2409.79
13157,3289.25,2441.12,0.3,2409.79
13158,3289.5,2441.33,0.2,2409.79
13159,3289.75,2441.81,0.6,2409.79
13160,3290.0,2442.52,0.1,2409.79
13161,3290.25,2442.75,0.2,2409.78
13162,3290.5,2442.99,0.2,2409.78
13163,3290.75,2442.97,0.1,2409.78
13164,3291.0,2443.21,0.2,2409.78
13165,3291.25,2443.42,0.2,2409.77
13166,3291.5,2443.9,1.2,2409.77
13167,3291.75,2443.89,0.2,2409.77
13168,3292.0,2443.39,0.3,2409.77
13169,3292.25,2441.91,0.6,2409.76
13170,3292.5,2442.64,0.2,2409.76
13171,3292.75,2441.66,0.4,2409.76
13172,3293.0,2440.91,0.2,2409.76
13173,3293.25,2441.36,0.3,2409.76
13174,3293.5,2441.85,0.2,2409.75
13175,3293.75,2441.34,0.3,2409.75
13176,3294.0,2444.25,1.2,2409.75
13177,3294.25,2444.26,0.2,2409.75
13178,3294.5,2444.48,0.2,2409.74
13179,3294.75,2445.7,0.6,2409.74
13180,3295.0,2445.41,0.2,2409.74
13181,3295.25,2445.65,0.2,2409.74
13182,3295.5,2446.13,0.1,2409.73
13183,3295.75,2446.59,0.2,2409.73
13184,3296.0,2446.83,0.1,2409.73
13185,3296.25,2445.61,0.2,2409.73
13186,3296.5,2447.29,1.4,2409.73
13187,3296.75,2447.24,0.1,2409.72
13188,3297.0,2447.49,0.3,2409.72
13189,3297.25,2439.73,2.3,2409.72
13190,3297.5,2440.46,0.1,2409.72
13191,3297.75,2441.16,0.2,2409.71
13192,3298.0,2441.64,0.2,2409.71
13193,3298.25,2441.89,0.2,2409.71
13194,3298.5,2442.12,0.2,2409.71
13195,3298.75,2442.36,0.2,2409.71
13196,3299.0,2442.06,0.9,2409.7
13197,3299.25,2442.3,0.3,2409.7
13198,3299.5,2442.53,0.3,2409.7
13199,3299.75,2442.29,0.8,2409.7
13200,3300.0,2442.0,0.2,2409.69
13201,3300.25,2442.48,0.3,2409.69
13202,3300.5,2442.47,0.2,2409.69
13203,3300.75,2442.46,0.1,2409.69
13204,3301.0,2442.68,0.1,2409.68
13205,3301.25,2442.67,0.1,2409.68
13206,3301.5,2443.65,0.9,2409.68
13207,3301.75,2444.1,0.3,2409.68
13208,3302.0,2444.34,0.2,2409.68
13209,3302.25,2446.54,0.7,2409.67
13210,3302.5,2447.36,0.2,2409.67
13211,3302.75,2446.61,0.3,2409.67
13212,3303.0,2446.85,0.2,2409.67
13213,3303.25,2447.08,0.2,2409.66
13214,3303.5,2446.83,0.2,2409.66
13215,3303.75,2445.3,0.2,2409.66
13216,3304.0,2443.78,1.1,2409.66
13217,3304.25,2443.55,0.4,2409.65
13218,3304.5,2443.8,0.1,2409.65
13219,3304.75,2444.04,0.7,2409.65
13220,3305.0,2444.29,0.2,2409.65
13221,3305.25,2444.29,0.3,2409.65
13222,3305.5,2444.29,0.1,2409.64
13223,3305.75,2445.0,0.3,2409.64
13224,3306.0,2445.01,0.2,2409.64
13225,3306.25,2445.25,0.2,2409.64
13226,3306.5,2446.22,1.0,2409.63
13227,3306.75,2446.73,0.1,2409.63
13228,3307.0,2446.73,0.4,2409.63
13229,3307.25,2447.19,0.9,2409.63
13230,3307.5,2447.44,0.3,2409.62
13231,3307.75,2447.93,0.4,2409.62
13232,3308.0,2447.92,0.2,2409.62
13233,3308.25,2448.18,0.2,2409.62
13234,3308.5,2447.92,0.2,2409.62
13235,3308.75,2448.18,0.2,2409.61
13236,3309.0,2446.03,1.2,2409.61
13237,3309.25,2446.5,0.2,2409.61
13238,3309.5,2446.75,0.3,2409.61
13239,3309.75,2446.76,0.5,2409.6
13240,3310.0,2447.52,0.2,2409.6
13241,3310.25,2447.54,0.2,2409.6
13242,3310.5,2447.53,0.1,2409.6
13243,3310.75,2445.86,0.2,2409.6
13244,3311.0,2446.1,0.2,2409.59
13245,3311.25,2445.13,1.1,2409.59
13246,3311.5,2444.79,0.4,2409.59
13247,3311.75,2443.75,0.2,2409.59
13248,3312.0,2443.98,0.4,2409.58
13249,3312.25,2443.73,0.7,2409.58
13250,3312.5,2443.97,0.1,2409.58
13251,3312.75,2444.69,0.3,2409.58
13252,3313.0,2444.68,0.2,2409.57
13253,3313.25,2444.92,0.1,2409.57
13254,3313.5,2445.41,0.2,2409.57
13255,3313.75,2444.66,1.3,2409.57
13256,3314.0,2445.26,0.4,2409.57
13257,3314.25,2445.52,0.4,2409.56
13258,3314.5,2445.75,0.1,2409.56
13259,3314.75,2446.2,0.6,2409.56
13260,3315.0,2446.68,0.3,2409.56
13261,3315.25,2447.17,0.2,2409.55
13262,3315.5,2447.16,0.2,2409.55
13263,3315.75,2447.16,0.2,2409.55
13264,3316.0,2445.84,0.2,2409.55
13265,3316.25,2439.58,1.2,2409.54
13266,3316.5,2439.8,0.2,2409.54
13267,3316.75,2440.43,0.2,2409.54
13268,3317.0,2441.16,0.2,2409.54
13269,3317.25,2441.39,0.6,2409.54
13270,3317.5,2442.75,0.4,2409.53
13271,3317.75,2441.88,0.2,2409.53
13272,3318.0,2442.33,0.2,2409.53
13273,3318.25,2442.82,0.1,2409.53
13274,3318.5,2443.05,0.3,2409.52
13275,3318.75,2442.3,1.2,2409.52
13276,3319.0,2442.55,0.3,2409.52
13277,3319.25,2442.54,0.2,2409.52
13278,3319.5,2441.11,0.1,2409.52
13279,3319.75,2439.06,0.7,2409.51
13280,3320.0,2439.27,0.3,2409.51
13281,3320.25,2439.02,0.3,2409.51
13282,3320.5,2439.27,0.3,2409.51
13283,3320.75,2439.27,0.1,2409.5
13284,3321.0,2439.02,0.2,2409.5
13285,3321.25,2439.28,1.0,2409.5
13286,3321.5,2439.76,0.3,2409.5
13287,3321.75,2439.75,0.4,2409.49
13288,3322.0,2440.24,0.1,2409.49
13289,3322.25,2439.7,0.7,2409.49
13290,3322.5,2440.04,0.2,2409.49
13291,3322.75,2440.41,0.3,2409.49
13292,3323.0,2440.66,0.2,2409.48
13293,3323.25,2440.91,0.2,2409.48
13294,3323.5,2441.15,0.2,2409.48
13295,3323.75,2441.14,1.4,2409.48
13296,3324.0,2441.4,0.2,2409.47
13297,3324.25,2441.89,0.2,2409.47
13298,3324.5,2442.14,0.3,2409.47
13299,3324.75,2442.14,0.5,2409.47
13300,3325.0,2441.72,0.4,2409.46
13301,3325.25,2442.22,0.1,2409.46
13302,3325.5,2442.71,0.1,2409.46
13303,3325.75,2442.71,0.2,2409.46
13304,3326.0,2441.99,0.3,2409.46
13305,3326.25,2443.24,0.9,2409.45
13306,3326.5,2444.18,0.1,2409.45
13307,3326.75,2444.67,0.2,2409.45
13308,3327.0,2444.67,0.2,2409.45
13309,3327.25,2445.62,0.8,2409.44
13310,3327.5,2444.54,0.4,2409.44
13311,3327.75,2443.79,0.2,2409.44
13312,3328.0,2444.04,0.2,2409.44
13313,3328.25,2443.57,0.2,2409.43
13314,3328.5,2443.8,0.1,2409.43
13315,3328.75,2445.91,1.2,2409.43
13316,3329.0,2446.16,0.2,2409.43
13317,3329.25,2446.4,0.2,2409.43
13318,3329.5,2446.62,0.1,2409.42
13319,3329.75,2441.58,1.1,2409.42
13320,3330.0,2441.59,0.1,2409.42
13321,3330.25,2442.08,0.1,2409.42
13322,3330.5,2442.32,0.2,2409.41
13323,3330.75,2442.08,0.3,2409.41
13324,3331.0,2442.34,0.2,2409.41
13325,3331.25,2442.8,1.2,2409.41
13326,3331.5,2440.87,0.2,2409.41
13327,3331.75,2441.11,0.3,2409.4
13328,3332.0,2441.59,0.1,2409.4
13329,3332.25,2441.8,0.8,2409.4
13330,3332.5,2440.43,0.2,2409.4
13331,3332.75,2441.12,0.4,2409.39
13332,3333.0,2441.36,0.2,2409.39
13333,3333.25,2441.84,0.1,2409.39
13334,3333.5,2441.12,0.2,2409.39
13335,3333.75,2441.59,1.0,2409.38
13336,3334.0,2441.84,0.3,2409.38
13337,3334.25,2442.07,0.3,2409.38
13338,3334.5,2442.53,0.2,2409.38
13339,3334.75,2442.77,0.7,2409.38
13340,3335.0,2443.01,0.2,2409.37
13341,3335.25,2443.25,0.2,2409.37
13342,3335.5,2443.09,0.1,2409.37
13343,3335.75,2443.57,0.3,2409.37
13344,3336.0,2443.8,0.1,2409.36
13345,3336.25,2443.8,1.1,2409.36
13346,3336.5,2444.51,0.2,2409.36
13347,3336.75,2444.98,0.2,2409.36
13348,3337.0,2444.75,0.4,2409.35
13349,3337.25,2443.79,0.4,2409.35
13350,3337.5,2444.57,0.3,2409.35
13351,3337.75,2444.12,0.2,2409.35
13352,3338.0,2444.11,0.2,2409.35
13353,3338.25,2444.11,0.2,2409.34
13354,3338.5,2443.87,0.2,2409.34
13355,3338.75,2443.66,1.1,2409.34
13356,3339.0,2444.23,0.3,2409.34
13357,3339.25,2444.72,0.2,2409.33
13358,3339.5,2440.19,0.7,2409.33
13359,3339.75,2440.49,0.2,2409.33
13360,3340.0,2440.49,0.2,2409.33
13361,3340.25,2440.72,0.1,2409.32
13362,3340.5,2440.71,0.2,2409.32
13363,3340.75,2440.7,0.2,2409.32
13364,3341.0,2440.71,0.1,2409.32
13365,3341.25,2438.24,1.1,2409.32
13366,3341.5,2439.18,0.2,2409.31
13367,3341.75,2438.93,0.2,2409.31
13368,3342.0,2440.15,0.7,2409.31
13369,3342.25,2440.64,0.2,2409.31
13370,3342.5,2439.91,0.3,2409.3
13371,3342.75,2439.91,0.2,2409.3
13372,3343.0,2440.15,0.1,2409.3
13373,3343.25,2440.21,0.2,2409.3
13374,3343.5,2439.18,0.2,2409.3
13375,3343.75,2441.35,1.2,2409.29
13376,3344.0,2439.66,0.2,2409.29
13377,3344.25,2439.9,0.3,2409.29
13378,3344.5,2439.33,0.9,2409.29
13379,3344.75,2439.82,0.2,2409.28
13380,3345.0,2440.55,0.2,2409.28
13381,3345.25,2440.79,0.2,2409.28
13382,3345.5,2441.04,0.1,2409.28
13383,3345.75,2441.03,0.2,2409.27
13384,3346.0,2441.03,0.2,2409.27
13385,3346.25,2441.27,1.1,2409.27
13386,3346.5,2441.75,0.2,2409.27
13387,3346.75,2442.24,0.3,2409.27
13388,3347.0,2442.23,0.7,2409.26
13389,3347.25,2442.93,0.1,2409.26
13390,3347.5,2443.4,0.2,2409.26
13391,3347.75,2443.64,0.2,2409.26
13392,3348.0,2443.88,0.2,2409.25
13393,3348.25,2443.62,0.2,2409.25
13394,3348.5,2442.65,0.2,2409.25
13395,3348.75,2442.05,1.1,2409.25
13396,3349.0,2442.29,0.2,2409.24
13397,3349.25,2442.04,0.4,2409.24
13398,3349.5,2442.03,0.7,2409.24
13399,3349.75,2442.02,0.1,2409.24
13400,3350.0,2442.5,0.2,2409.24
13401,3350.25,2442.48,0.2,2409.23
13402,3350.5,2442.7,0.1,2409.23
13403,3350.75,2442.7,0.2,2409.23
13404,3351.0,2442.44,0.2,2409.23
13405,3351.25,2442.2,1.3,2409.22
13406,3351.5,2442.13,0.2,2409.22
13407,3351.75,2442.38,0.2,2409.22
13408,3352.0,2442.63,0.7,2409.22
13409,3352.25,2443.12,0.1,2409.22
13410,3352.5,2443.13,0.2,2409.21
13411,3352.75,2442.87,0.4,2409.21
13412,3353.0,2442.62,0.4,2409.21
13413,3353.25,2442.86,0.2,2409.21
13414,3353.5,2443.34,0.2,2409.2
13415,3353.75,2443.3,1.2,2409.2
13416,3354.0,2443.05,0.2,2409.2
13417,3354.25,2443.05,0.2,2409.2
13418,3354.5,2441.09,0.7,2409.19
13419,3354.75,2442.55,0.4,2409.19
13420,3355.0,2442.79,0.2,2409.19
13421,3355.25,2442.53,0.1,2409.19
13422,3355.5,2442.77,0.2,2409.19
13423,3355.75,2442.25,0.2,2409.18
13424,3356.0,2442.02,0.1,2409.18
13425,3356.25,2442.22,1.0,2409.18
13426,3356.5,2442.72,0.4,2409.18
13427,3356.75,2442.73,0.2,2409.17
13428,3357.0,2443.21,0.7,2409.17
13429,3357.25,2443.43,0.2,2409.17
13430,3357.5,2442.79,0.4,2409.17
13431,3357.75,2442.53,0.2,2409.16
13432,3358.0,2442.53,0.1,2409.16
13433,3358.25,2442.54,0.2,2409.16
13434,3358.5,2442.53,0.2,2409.16
13435,3358.75,2440.14,1.1,2409.16
13436,3359.0,2440.14,0.3,2409.15
13437,3359.25,2440.64,0.2,2409.15
13438,3359.5,2441.33,0.7,2409.15
13439,3359.75,2441.08,0.2,2409.15
13440,3360.0,2441.32,0.2,2409.14
13441,3360.25,2441.8,0.2,2409.14
13442,3360.5,2441.79,0.4,2409.14
13443,3360.75,2441.52,0.2,2409.14
13444,3361.0,2441.77,0.1,2409.13
13445,3361.25,2439.95,1.3,2409.13
13446,3361.5,2439.94,0.3,2409.13
13447,3361.75,2440.89,0.2,2409.13
13448,3362.0,2441.14,0.7,2409.13
13449,3362.25,2441.09,0.3,2409.12
13450,3362.5,2439.92,0.2,2409.12
13451,3362.75,2439.91,0.1,2409.12
13452,3363.0,2440.16,0.3,2409.12
13453,3363.25,2440.65,0.2,2409.11
13454,3363.5,2440.43,0.2,2409.11
13455,3363.75,2441.9,1.3,2409.11
13456,3364.0,2441.88,0.2,2409.11
13457,3364.25,2442.37,0.3,2409.11
13458,3364.5,2442.98,0.6,2409.1
13459,3364.75,2443.72,0.3,2409.1
13460,3365.0,2443.72,0.2,2409.1
13461,3365.25,2444.23,0.2,2409.1
13462,3365.5,2444.47,0.2,2409.09
13463,3365.75,2444.47,0.1,2409.09
13464,3366.0,2444.49,0.2,2409.09
13465,3366.25,2447.9,1.0,2409.09
13466,3366.5,2448.39,0.4,2409.08
13467,3366.75,2447.67,0.2,2409.08
13468,3367.0,2447.91,0.9,2409.08
13469,3367.25,2447.88,0.2,2409.08
13470,3367.5,2447.13,0.2,2409.08
13471,3367.75,2447.62,0.1,2409.07
13472,3368.0,2448.1,0.2,2409.07
13473,3368.25,2448.34,0.2,2409.07
13474,3368.5,2446.8,0.2,2409.07
13475,3368.75,2440.88,1.1,2409.06
13476,3369.0,2441.86,0.1,2409.06
13477,3369.25,2442.09,0.2,2409.06
13478,3369.5,2441.15,0.7,2409.06
13479,3369.75,2441.13,0.2,2409.05
13480,3370.0,2441.63,0.3,2409.05
13481,3370.25,2441.88,0.2,2409.05
13482,3370.5,2442.34,0.2,2409.05
13483,3370.75,2441.86,0.1,2409.05
13484,3371.0,2440.89,0.2,2409.04
13485,3371.25,2444.64,1.3,2409.04
13486,3371.5,2444.66,0.2,2409.04
13487,3371.75,2445.11,0.3,2409.04
13488,3372.0,2444.13,0.7,2409.03
13489,3372.25,2444.38,0.2,2409.03
13490,3372.5,2445.57,0.3,2409.03
13491,3372.75,2445.33,0.1,2409.03
13492,3373.0,2443.58,0.1,2409.02
13493,3373.25,2443.84,0.3,2409.02
13494,3373.5,2443.83,0.2,2409.02
13495,3373.75,2442.36,1.0,2409.02
13496,3374.0,2442.12,0.2,2409.02
13497,3374.25,2442.86,0.2,2409.01
13498,3374.5,2443.35,1.0,2409.01
13499,3374.75,2443.33,0.3,2409.01
13500,3375.0,2442.83,0.4,2409.01
13501,3375.25,2443.33,0.2,2409.0
13502,3375.5,2443.57,0.2,2409.0
13503,3375.75,2444.06,0.1,2409.0
13504,3376.0,2442.39,0.4,2409.0
13505,3376.25,2442.39,1.0,2409.0
13506,3376.5,2442.4,0.4,2408.99
13507,3376.75,2440.64,0.2,2408.99
13508,3377.0,2441.34,0.6,2408.99
13509,3377.25,2443.17,0.4,2408.99
13510,3377.5,2441.7,0.2,2408.98
13511,3377.75,2441.7,0.2,2408.98
13512,3378.0,2441.7,0.2,2408.98
13513,3378.25,2441.46,0.3,2408.98
13514,3378.5,2441.95,0.2,2408.97
13515,3378.75,2441.37,1.4,2408.97
13516,3379.0,2441.85,0.2,2408.97
13517,3379.25,2442.1,0.2,2408.97
13518,3379.5,2442.57,0.9,2408.97
13519,3379.75,2443.29,0.1,2408.96
13520,3380.0,2441.82,0.2,2408.96
13521,3380.25,2441.84,0.2,2408.96
13522,3380.5,2442.09,0.2,2408.96
13523,3380.75,2443.04,0.1,2408.95
13524,3381.0,2443.28,0.2,2408.95
13525,3381.25,2442.8,1.0,2408.95
13526,3381.5,2443.24,0.3,2408.95
13527,3381.75,2443.91,0.3,2408.94
13528,3382.0,2439.96,1.0,2408.94
13529,3382.25,2440.66,0.3,2408.94
13530,3382.5,2440.9,0.3,2408.94
13531,3382.75,2441.15,0.1,2408.94
13532,3383.0,2440.98,0.4,2408.93
13533,3383.25,2441.22,0.2,2408.93
13534,3383.5,2441.46,0.2,2408.93
13535,3383.75,2444.36,1.1,2408.93
13536,3384.0,2444.11,0.3,2408.92
13537,3384.25,2444.35,0.4,2408.92
13538,3384.5,2446.31,0.7,2408.92
13539,3384.75,2446.31,0.3,2408.92
13540,3385.0,2446.31,0.4,2408.92
13541,3385.25,2446.39,0.2,2408.91
13542,3385.5,2446.62,0.1,2408.91
13543,3385.75,2445.63,0.3,2408.91
13544,3386.0,2444.67,0.9,2408.91
13545,3386.25,2444.62,0.9,2408.9
13546,3386.5,2444.62,0.4,2408.9
13547,3386.75,2444.37,0.2,2408.9
13548,3387.0,2444.61,0.5,2408.9
13549,3387.25,2443.62,0.4,2408.89
13550,3387.5,2442.04,0.2,2408.89
13551,3387.75,2442.01,0.2,2408.89
13552,3388.0,2442.5,0.2,2408.89
13553,3388.25,2442.49,0.2,2408.89
13554,3388.5,2444.43,1.1,2408.88
13555,3388.75,2444.66,0.4,2408.88
13556,3389.0,2444.64,0.2,2408.88
13557,3389.25,2444.89,0.2,2408.88
13558,3389.5,2445.12,0.8,2408.87
13559,3389.75,2445.61,0.4,2408.87
13560,3390.0,2444.32,0.2,2408.87
13561,3390.25,2444.29,0.3,2408.87
13562,3390.5,2444.77,0.1,2408.86
13563,3390.75,2445.01,0.2,2408.86
13564,3391.0,2445.75,1.1,2408.86
13565,3391.25,2446.04,0.3,2408.86
13566,3391.5,2446.29,0.2,2408.86
13567,3391.75,2447.03,0.1,2408.85
13568,3392.0,2447.52,0.7,2408.85
13569,3392.25,2446.07,0.5,2408.85
13570,3392.5,2446.56,0.2,2408.85
13571,3392.75,2446.52,0.2,2408.84
13572,3393.0,2446.75,0.1,2408.84
13573,3393.25,2446.02,0.1,2408.84
13574,3393.5,2443.41,1.3,2408.84
13575,3393.75,2443.66,0.3,2408.83
13576,3394.0,2442.15,0.3,2408.83
13577,3394.25,2442.14,0.3,2408.83
13578,3394.5,2442.15,0.6,2408.83
13579,3394.75,2442.14,0.2,2408.83
13580,3395.0,2442.14,0.2,2408.82
13581,3395.25,2442.38,0.2,2408.82
13582,3395.5,2442.61,0.1,2408.82
13583,3395.75,2442.85,0.2,2408.82
13584,3396.0,2444.07,1.2,2408.81
13585,3396.25,2443.82,0.2,2408.81
13586,3396.5,2444.53,0.2,2408.81
13587,3396.75,2444.77,0.2,2408.81
13588,3397.0,2443.74,0.5,2408.81
13589,3397.25,2442.82,0.4,2408.8
13590,3397.5,2443.27,0.2,2408.8
13591,3397.75,2443.51,0.1,2408.8
13592,3398.0,2442.08,0.1,2408.8
13593,3398.25,2442.37,0.1,2408.79
13594,3398.5,2443.08,1.1,2408.79
13595,3398.75,2443.46,0.2,2408.79
13596,3399.0,2443.21,0.2,2408.79
13597,3399.25,2443.19,0.2,2408.78
13598,3399.5,2440.21,0.8,2408.78
13599,3399.75,2440.22,0.3,2408.78
13600,3400.0,2439.97,0.2,2408.78
13601,3400.25,2439.97,0.2,2408.78
13602,3400.5,2440.42,0.2,2408.77
13603,3400.75,2440.41,0.2,2408.77
13604,3401.0,2440.89,0.9,2408.77
13605,3401.25,2440.88,0.2,2408.77
13606,3401.5,2441.36,0.4,2408.76
13607,3401.75,2441.59,0.6,2408.76
13608,3402.0,2441.59,0.7,2408.76
13609,3402.25,2440.59,0.5,2408.76
13610,3402.5,2440.35,0.2,2408.75
13611,3402.75,2440.58,0.2,2408.75
13612,3403.0,2440.82,0.2,2408.75
13613,3403.25,2440.81,0.2,2408.75
13614,3403.5,2442.52,1.4,2408.75
13615,3403.75,2442.51,0.2,2408.74
13616,3404.0,2442.5,0.1,2408.74
13617,3404.25,2442.5,0.2,2408.74
13618,3404.5,2442.74,0.7,2408.74
13619,3404.75,2442.97,0.3,2408.73
13620,3405.0,2442.96,0.2,2408.73
13621,3405.25,2442.71,0.2,2408.73
13622,3405.5,2442.94,0.1,2408.73
13623,3405.75,2443.18,0.1,2408.72
13624,3406.0,2442.43,1.3,2408.72
13625,3406.25,2443.41,0.2,2408.72
13626,3406.5,2443.64,0.3,2408.72
13627,3406.75,2443.64,0.4,2408.72
13628,3407.0,2443.7,0.9,2408.71
13629,3407.25,2442.71,0.3,2408.71
13630,3407.5,2443.5,0.4,2408.71
13631,3407.75,2443.98,0.2,2408.71
13632,3408.0,2444.23,0.2,2408.7
13633,3408.25,2443.68,0.3,2408.7
13634,3408.5,2441.71,1.3,2408.7
13635,3408.75,2441.95,0.2,2408.7
13636,3409.0,2441.95,0.4,2408.7
13637,3409.25,2441.95,0.4,2408.69
13638,3409.5,2441.94,0.4,2408.69
13639,3409.75,2441.7,0.2,2408.69
13640,3410.0,2441.7,0.2,2408.69
13641,3410.25,2442.41,0.2,2408.68
13642,3410.5,2442.41,0.2,2408.68
13643,3410.75,2442.41,0.4,2408.68
13644,3411.0,2442.42,1.2,2408.68
13645,3411.25,2442.66,0.2,2408.67
13646,3411.5,2442.9,0.4,2408.67
13647,3411.75,2442.9,0.6,2408.67
13648,3412.0,2443.14,0.2,2408.67
13649,3412.25,2443.93,0.4,2408.67
13650,3412.5,2444.4,0.1,2408.66
13651,3412.75,2444.16,0.4,2408.66
13652,3413.0,2444.66,0.2,2408.66
13653,3413.25,2444.91,0.2,2408.66
13654,3413.5,2445.16,1.2,2408.65
13655,3413.75,2445.4,0.2,2408.65
13656,3414.0,2445.87,0.1,2408.65
13657,3414.25,2446.11,1.0,2408.65
13658,3414.5,2446.73,0.4,2408.64
13659,3414.75,2446.48,0.3,2408.64
13660,3415.0,2446.72,0.2,2408.64
13661,3415.25,2445.22,0.2,2408.64
13662,3415.5,2444.72,0.1,2408.64
13663,3415.75,2444.0,0.3,2408.63
13664,3416.0,2444.48,1.1,2408.63
13665,3416.25,2444.48,0.3,2408.63
13666,3416.5,2444.72,0.4,2408.63
13667,3416.75,2445.41,0.6,2408.62
13668,3417.0,2445.66,0.3,2408.62
13669,3417.25,2445.49,0.4,2408.62
13670,3417.5,2445.48,0.1,2408.62
13671,3417.75,2445.93,0.1,2408.62
13672,3418.0,2446.41,0.2,2408.61
13673,3418.25,2446.66,0.2,2408.61
13674,3418.5,2442.27,1.6,2408.61
13675,3418.75,2442.5,0.2,2408.61
13676,3419.0,2442.5,0.2,2408.6
13677,3419.25,2443.0,0.7,2408.6
13678,3419.5,2442.97,0.2,2408.6
13679,3419.75,2442.72,0.2,2408.6
13680,3420.0,2442.95,0.1,2408.59
13681,3420.25,2443.44,0.3,2408.59
13682,3420.5,2442.01,0.2,2408.59
13683,3420.75,2442.2,0.2,2408.59
13684,3421.0,2447.33,1.0,2408.59
13685,3421.25,2447.81,0.4,2408.58
13686,3421.5,2447.81,0.3,2408.58
13687,3421.75,2447.8,0.9,2408.58
13688,3422.0,2445.98,0.3,2408.58
13689,3422.25,2445.67,0.2,2408.57
13690,3422.5,2446.16,0.2,2408.57
13691,3422.75,2446.17,0.2,2408.57
13692,3423.0,2446.42,0.1,2408.57
13693,3423.25,2444.74,0.2,2408.56
13694,3423.5,2445.43,0.9,2408.56
13695,3423.75,2445.93,0.4,2408.56
13696,3424.0,2446.17,0.3,2408.56
13697,3424.25,2446.71,0.7,2408.56
13698,3424.5,2446.96,0.2,2408.55
13699,3424.75,2447.2,0.3,2408.55
13700,3425.0,2447.67,0.2,2408.55
13701,3425.25,2447.91,0.3,2408.55
13702,3425.5,2448.87,0.7,2408.54
13703,3425.75,2448.87,0.4,2408.54
13704,3426.0,2444.62,1.1,2408.54
13705,3426.25,2445.1,0.2,2408.54
13706,3426.5,2445.33,0.2,2408.53
13707,3426.75,2445.34,0.7,2408.53
13708,3427.0,2446.05,0.2,2408.53
13709,3427.25,2444.31,0.2,2408.53
13710,3427.5,2444.06,0.2,2408.53
13711,3427.75,2444.31,0.2,2408.52
13712,3428.0,2444.55,0.1,2408.52
13713,3428.25,2445.04,0.2,2408.52
13714,3428.5,2445.12,1.0,2408.52
13715,3428.75,2445.11,0.7,2408.51
13716,3429.0,2445.33,0.3,2408.51
13717,3429.25,2444.84,0.8,2408.51
13718,3429.5,2446.08,0.2,2408.51
13719,3429.75,2445.84,0.4,2408.51
13720,3430.0,2445.61,0.2,2408.5
13721,3430.25,2446.07,0.2,2408.5
13722,3430.5,2446.06,0.4,2408.5
13723,3430.75,2445.83,0.3,2408.5
13724,3431.0,2447.8,1.2,2408.49
13725,3431.25,2446.35,0.2,2408.49
13726,3431.5,2446.6,0.4,2408.49
13727,3431.75,2447.75,0.7,2408.49
13728,3432.0,2447.98,0.2,2408.48
13729,3432.25,2446.98,0.4,2408.48
13730,3432.5,2446.98,0.1,2408.48
13731,3432.75,2447.22,0.2,2408.48
13732,3433.0,2446.98,0.4,2408.48
13733,3433.25,2446.73,0.2,2408.47
13734,3433.5,2444.75,1.0,2408.47
13735,3433.75,2445.47,0.2,2408.47
13736,3434.0,2445.97,0.2,2408.47
13737,3434.25,2446.18,0.7,2408.46
13738,3434.5,2446.18,0.2,2408.46
13739,3434.75,2446.17,0.2,2408.46
13740,3435.0,2446.41,0.2,2408.46
13741,3435.25,2446.4,0.2,2408.45
13742,3435.5,2446.89,0.1,2408.45
13743,3435.75,2446.88,0.2,2408.45
13744,3436.0,2445.89,1.4,2408.45
13745,3436.25,2446.62,0.2,2408.45
13746,3436.5,2447.05,0.3,2408.44
13747,3436.75,2447.51,0.7,2408.44
13748,3437.0,2448.73,0.2,2408.44
13749,3437.25,2447.73,0.3,2408.44
13750,3437.5,2447.68,0.2,2408.43
13751,3437.75,2447.68,0.2,2408.43
13752,3438.0,2447.68,0.1,2408.43
13753,3438.25,2447.68,0.1,2408.43
13754,3438.5,2448.67,1.4,2408.42
13755,3438.75,2448.88,0.2,2408.42
13756,3439.0,2449.13,0.2,2408.42
13757,3439.25,2449.87,0.6,2408.42
13758,3439.5,2449.86,0.3,2408.42
13759,3439.75,2450.35,0.2,2408.41
13760,3440.0,2450.1,0.2,2408.41
13761,3440.25,2450.35,0.2,2408.41
13762,3440.5,2450.84,0.1,2408.41
13763,3440.75,2450.36,0.3,2408.4
13764,3441.0,2450.56,0.9,2408.4
13765,3441.25,2451.05,0.3,2408.4
13766,3441.5,2451.55,0.4,2408.4
13767,3441.75,2445.31,1.1,2408.4
13768,3442.0,2446.52,0.4,2408.39
13769,3442.25,2446.77,0.2,2408.39
13770,3442.5,2446.77,0.2,2408.39
13771,3442.75,2447.02,0.3,2408.39
13772,3443.0,2447.24,0.2,2408.38
13773,3443.25,2447.0,0.2,2408.38
13774,3443.5,2447.46,1.4,2408.38
13775,3443.75,2447.7,0.3,2408.38
13776,3444.0,2447.47,0.2,2408.37
13777,3444.25,2446.26,0.7,2408.37
13778,3444.5,2444.35,0.4,2408.37
13779,3444.75,2444.84,0.2,2408.37
13780,3445.0,2445.11,0.2,2408.37
13781,3445.25,2445.36,0.2,2408.36
13782,3445.5,2444.34,0.2,2408.36
13783,3445.75,2444.13,0.2,2408.36
13784,3446.0,2444.86,1.1,2408.36
13785,3446.25,2444.61,0.3,2408.35
13786,3446.5,2445.09,0.4,2408.35
13787,3446.75,2443.6,0.8,2408.35
13788,3447.0,2442.62,0.4,2408.35
13789,3447.25,2443.1,0.4,2408.34
13790,3447.5,2443.1,0.2,2408.34
13791,3447.75,2443.58,0.2,2408.34
13792,3448.0,2443.82,0.2,2408.34
13793,3448.25,2443.58,0.1,2408.34
13794,3448.5,2444.78,1.3,2408.33
13795,3448.75,2445.03,0.3,2408.33
13796,3449.0,2445.5,0.2,2408.33
13797,3449.25,2445.75,0.7,2408.33
13798,3449.5,2446.21,0.2,2408.32
13799,3449.75,2446.68,0.1,2408.32
13800,3450.0,2446.68,0.3,2408.32
13801,3450.25,2446.93,0.2,2408.32
13802,3450.5,2446.94,0.1,2408.32
13803,3450.75,2446.69,0.2,2408.31
13804,3451.0,2448.15,1.3,2408.31
13805,3451.25,2448.41,0.3,2408.31
13806,3451.5,2448.11,0.3,2408.31
13807,3451.75,2448.61,0.6,2408.3
13808,3452.0,2449.56,0.3,2408.3
13809,3452.25,2449.55,0.4,2408.3
13810,3452.5,2449.55,0.3,2408.3
13811,3452.75,2449.79,0.2,2408.29
13812,3453.0,2448.07,0.2,2408.29
13813,3453.25,2448.07,0.2,2408.29
13814,3453.5,2449.55,1.2,2408.29
13815,3453.75,2448.08,0.2,2408.29
13816,3454.0,2448.29,0.3,2408.28
13817,3454.25,2448.78,0.9,2408.28
13818,3454.5,2449.02,0.4,2408.28
13819,3454.75,2449.26,0.1,2408.28
13820,3455.0,2448.52,0.2,2408.27
13821,3455.25,2448.97,0.2,2408.27
13822,3455.5,2448.46,0.2,2408.27
13823,3455.75,2448.94,0.2,2408.27
13824,3456.0,2443.93,1.1,2408.26
13825,3456.25,2444.16,0.3,2408.26
13826,3456.5,2444.41,0.2,2408.26
13827,3456.75,2443.07,0.9,2408.26
13828,3457.0,2441.56,0.4,2408.26
13829,3457.25,2442.05,0.2,2408.25
13830,3457.5,2442.29,0.2,2408.25
13831,3457.75,2442.53,0.2,2408.25
13832,3458.0,2442.28,0.2,2408.25
13833,3458.25,2442.52,0.2,2408.24
13834,3458.5,2446.94,1.1,2408.24
13835,3458.75,2447.18,0.2,2408.24
13836,3459.0,2447.41,0.5,2408.24
13837,3459.25,2444.57,0.6,2408.23
13838,3459.5,2444.8,0.4,2408.23
13839,3459.75,2445.28,0.2,2408.23
13840,3460.0,2445.51,0.3,2408.23
13841,3460.25,2445.98,0.2,2408.23
13842,3460.5,2444.99,0.2,2408.22
13843,3460.75,2444.98,0.4,2408.22
13844,3461.0,2440.8,1.1,2408.22
13845,3461.25,2441.01,0.1,2408.22
13846,3461.5,2441.84,0.2,2408.21
13847,3461.75,2441.84,0.9,2408.21
13848,3462.0,2441.46,0.3,2408.21
13849,3462.25,2441.7,0.4,2408.21
13850,3462.5,2442.06,0.1,2408.21
13851,3462.75,2441.83,0.2,2408.2
13852,3463.0,2442.29,0.2,2408.2
13853,3463.25,2443.73,1.2,2408.2
13854,3463.5,2444.22,0.2,2408.2
13855,3463.75,2444.43,0.2,2408.19
13856,3464.0,2444.68,0.3,2408.19
13857,3464.25,2444.43,0.7,2408.19
13858,3464.5,2444.93,0.4,2408.19
13859,3464.75,2444.93,0.2,2408.18
13860,3465.0,2445.18,0.2,2408.18
13861,3465.25,2445.18,0.3,2408.18
13862,3465.5,2444.94,0.3,2408.18
13863,3465.75,2446.91,1.2,2408.18
13864,3466.0,2446.43,0.3,2408.17
13865,3466.25,2446.42,0.4,2408.17
13866,3466.5,2446.88,0.1,2408.17
13867,3466.75,2447.87,0.7,2408.17
13868,3467.0,2448.46,0.2,2408.16
13869,3467.25,2448.71,0.3,2408.16
13870,3467.5,2448.97,0.2,2408.16
13871,3467.75,2448.98,0.2,2408.16
13872,3468.0,2448.48,0.3,2408.15
13873,3468.25,2450.96,1.3,2408.15
13874,3468.5,2451.44,0.4,2408.15
13875,3468.75,2451.44,0.7,2408.15
13876,3469.0,2451.94,0.5,2408.15
13877,3469.25,2444.69,1.1,2408.14
13878,3469.5,2444.92,0.3,2408.14
13879,3469.75,2444.92,0.1,2408.14
13880,3470.0,2445.12,0.2,2408.14
13881,3470.25,2445.38,0.3,2408.13
13882,3470.5,2445.12,0.1,2408.13
13883,3470.75,2441.77,1.4,2408.13
13884,3471.0,2441.77,0.4,2408.13
13885,3471.25,2441.76,0.2,2408.12
13886,3471.5,2441.75,0.2,2408.12
13887,3471.75,2442.48,0.8,2408.12
13888,3472.0,2441.34,0.4,2408.12
13889,3472.25,2441.59,0.2,2408.12
13890,3472.5,2441.58,0.2,2408.11
13891,3472.75,2442.28,0.4,2408.11
13892,3473.0,2442.53,0.1,2408.11
13893,3473.25,2442.48,1.0,2408.11
13894,3473.5,2442.96,0.2,2408.1
13895,3473.75,2443.66,0.2,2408.1
13896,3474.0,2443.89,0.2,2408.1
13897,3474.25,2444.12,0.6,2408.1
13898,3474.5,2444.85,0.3,2408.1
13899,3474.75,2445.3,0.4,2408.09
13900,3475.0,2445.3,0.2,2408.09
13901,3475.25,2445.28,0.2,2408.09
13902,3475.5,2443.85,0.2,2408.09
13903,3475.75,2444.12,1.1,2408.08
13904,3476.0,2444.13,0.2,2408.08
13905,3476.25,2444.6,0.4,2408.08
13906,3476.5,2445.1,0.7,2408.08
13907,3476.75,2450.54,3.2,2408.07
13908,3477.0,2449.74,0.2,2408.07
13909,3477.25,2450.48,0.2,2408.07
13910,3477.5,2450.46,0.2,2408.07
13911,3477.75,2450.71,0.2,2408.07
13912,3478.0,2450.69,0.2,2408.06
13913,3478.25,2445.11,1.4,2408.06
13914,3478.5,2444.85,0.2,2408.06
13915,3478.75,2445.59,0.2,2408.06
13916,3479.0,2446.02,0.2,2408.05
13917,3479.25,2446.02,0.9,2408.05
13918,3479.5,2444.88,0.3,2408.05
13919,3479.75,2445.12,0.4,2408.05
13920,3480.0,2445.38,0.1,2408.04
13921,3480.25,2445.61,0.2,2408.04
13922,3480.5,2445.6,0.1,2408.04
13923,3480.75,2445.08,1.3,2408.04
13924,3481.0,2445.31,0.3,2408.04
13925,3481.25,2445.55,0.3,2408.03
13926,3481.5,2445.78,0.2,2408.03
13927,3481.75,2446.83,1.1,2408.03
13928,3482.0,2446.32,0.2,2408.03
13929,3482.25,2446.57,0.2,2408.02
13930,3482.5,2446.3,0.2,2408.02
13931,3482.75,2446.06,0.2,2408.02
13932,3483.0,2446.09,0.2,2408.02
13933,3483.25,2440.48,1.3,2408.02
13934,3483.5,2440.97,0.2,2408.01
13935,3483.75,2440.7,0.3,2408.01
13936,3484.0,2440.95,0.4,2408.01
13937,3484.25,2440.94,0.9,2408.01
13938,3484.5,2440.93,0.1,2408.0
13939,3484.75,2441.38,0.3,2408.0
13940,3485.0,2441.1,0.2,2408.0
13941,3485.25,2441.1,0.2,2408.0
13942,3485.5,2441.06,0.1,2407.99
13943,3485.75,2442.11,1.1,2407.99
13944,3486.0,2442.1,0.3,2407.99
13945,3486.25,2441.85,0.3,2407.99
13946,3486.5,2441.84,0.6,2407.99
13947,3486.75,2442.07,0.5,2407.98
13948,3487.0,2442.06,0.5,2407.98
13949,3487.25,2442.04,0.1,2407.98
13950,3487.5,2442.04,0.3,2407.98
13951,3487.75,2441.8,0.1,2407.97
13952,3488.0,2439.05,0.1,2407.97
13953,3488.25,2438.16,1.4,2407.97
13954,3488.5,2438.39,0.2,2407.97
13955,3488.75,2439.15,0.2,2407.96
13956,3489.0,2439.64,0.9,2407.96
13957,3489.25,2440.84,0.3,2407.96
13958,3489.5,2441.09,0.1,2407.96
13959,3489.75,2441.29,0.3,2407.96
13960,3490.0,2441.29,0.1,2407.95
13961,3490.25,2441.53,0.2,2407.95
13962,3490.5,2440.54,0.2,2407.95
13963,3490.75,2438.46,0.9,2407.95
13964,3491.0,2438.94,0.2,2407.94
13965,3491.25,2439.18,0.2,2407.94
13966,3491.5,2440.14,1.0,2407.94
13967,3491.75,2440.63,0.3,2407.94
13968,3492.0,2442.86,0.2,2407.93
13969,3492.25,2443.1,0.1,2407.93
13970,3492.5,2443.35,0.3,2407.93
13971,3492.75,2443.59,0.2,2407.93
13972,3493.0,2443.35,0.2,2407.93
13973,3493.25,2445.56,1.5,2407.92
13974,3493.5,2445.81,0.3,2407.92
13975,3493.75,2446.06,0.3,2407.92
13976,3494.0,2446.06,0.8,2407.92
13977,3494.25,2445.82,0.3,2407.91
13978,3494.5,2445.81,0.1,2407.91
13979,3494.75,2446.06,0.2,2407.91
13980,3495.0,2446.3,0.2,2407.91
13981,3495.25,2446.55,0.2,2407.91
13982,3495.5,2446.56,0.2,2407.9
13983,3495.75,2444.82,1.1,2407.9
13984,3496.0,2445.52,0.4,2407.9
13985,3496.25,2445.53,0.2,2407.9
13986,3496.5,2443.85,0.8,2407.89
13987,3496.75,2444.58,0.2,2407.89
13988,3497.0,2445.84,0.4,2407.89
13989,3497.25,2445.84,0.2,2407.89
13990,3497.5,2445.84,0.2,2407.88
13991,3497.75,2445.76,0.1,2407.88
13992,3498.0,2445.27,0.2,2407.88
13993,3498.25,2442.8,1.2,2407.88
13994,3498.5,2442.81,0.4,2407.88
13995,3498.75,2443.05,0.4,2407.87
13996,3499.0,2443.29,0.9,2407.87
13997,3499.25,2443.28,0.2,2407.87
13998,3499.5,2443.52,0.2,2407.87
13999,3499.75,2440.33,0.2,2407.86
14000,3500.0,2440.79,0.2,2407.86
14001,3500.25,2441.38,0.2,2407.86
14002,3500.5,2441.39,0.1,2407.86
14003,3500.75,2440.69,1.2,2407.85
14004,3501.0,2440.93,0.2,2407.85
14005,3501.25,2440.92,0.4,2407.85
14006,3501.5,2439.44,0.9,2407.85
14007,3501.75,2438.46,0.4,2407.85
14008,3502.0,2438.71,0.3,2407.84
14009,3502.25,2439.18,0.3,2407.84
14010,3502.5,2438.93,0.4,2407.84
14011,3502.75,2439.42,0.1,2407.84
14012,3503.0,2439.92,0.1,2407.83
14013,3503.25,2441.87,1.6,2407.83
14014,3503.5,2440.35,0.3,2407.83
14015,3503.75,2440.35,0.4,2407.83
14016,3504.0,2441.34,0.5,2407.82
14017,3504.25,2441.55,0.3,2407.82
14018,3504.5,2442.02,0.3,2407.82
14019,3504.75,2442.02,0.2,2407.82
14020,3505.0,2442.02,0.4,2407.82
14021,3505.25,2441.79,0.1,2407.81
14022,3505.5,2442.28,0.9,2407.81
14023,3505.75,2439.33,1.3,2407.81
14024,3506.0,2439.34,0.2,2407.81
14025,3506.25,2440.29,0.3,2407.8
14026,3506.5,2441.73,0.7,2407.8
14027,3506.75,2442.12,0.2,2407.8
14028,3507.0,2442.36,0.2,2407.8
14029,3507.25,2442.61,0.2,2407.8
14030,3507.5,2442.85,0.2,2407.79
14031,3507.75,2443.07,0.2,2407.79
14032,3508.0,2443.08,0.2,2407.79
14033,3508.25,2442.05,1.3,2407.79
14034,3508.5,2442.06,0.2,2407.78
14035,3508.75,2442.55,0.3,2407.78
14036,3509.0,2440.89,0.7,2407.78
14037,3509.25,2440.87,0.2,2407.78
14038,3509.5,2441.35,0.2,2407.77
14039,3509.75,2439.64,0.1,2407.77
14040,3510.0,2439.64,0.2,2407.77
14041,3510.25,2439.89,0.2,2407.77
14042,3510.5,2440.37,0.1,2407.77
14043,3510.75,2441.75,1.1,2407.76
14044,3511.0,2442.25,0.3,2407.76
14045,3511.25,2442.71,0.2,2407.76
14046,3511.5,2439.76,0.7,2407.76
14047,3511.75,2436.66,0.2,2407.75
14048,3512.0,2436.66,0.2,2407.75
14049,3512.25,2436.66,0.2,2407.75
14050,3512.5,2436.9,0.2,2407.75
14051,3512.75,2436.16,0.2,2407.74
14052,3513.0,2436.87,0.2,2407.74
14053,3513.25,2439.81,1.0,2407.74
14054,3513.5,2439.57,0.3,2407.74
14055,3513.75,2440.04,0.3,2407.74
14056,3514.0,2441.52,0.6,2407.73
14057,3514.25,2442.24,0.2,2407.73
14058,3514.5,2442.47,0.1,2407.73
14059,3514.75,2442.68,0.3,2407.73
14060,3515.0,2442.93,0.2,2407.72
14061,3515.25,2442.92,0.2,2407.72
14062,3515.5,2442.92,0.2,2407.72
14063,3515.75,2443.43,1.1,2407.72
14064,3516.0,2443.69,0.2,2407.72
14065,3516.25,2443.68,0.3,2407.71
14066,3516.5,2443.93,0.7,2407.71
14067,3516.75,2444.82,0.4,2407.71
14068,3517.0,2445.31,0.4,2407.71
14069,3517.25,2445.55,0.1,2407.7
14070,3517.5,2445.31,0.1,2407.7
14071,3517.75,2445.8,0.1,2407.7
14072,3518.0,2445.8,0.1,2407.7
14073,3518.25,2445.32,1.1,2407.69
14074,3518.5,2445.56,0.2,2407.69
14075,3518.75,2444.3,0.3,2407.69
14076,3519.0,2444.31,0.5,2407.69
14077,3519.25,2445.3,0.3,2407.69
14078,3519.5,2445.31,0.2,2407.68
14079,3519.75,2445.98,0.4,2407.68
14080,3520.0,2446.22,0.3,2407.68
14081,3520.25,2444.99,0.2,2407.68
14082,3520.5,2445.2,0.2,2407.67
14083,3520.75,2443.73,0.8,2407.67
14084,3521.0,2443.97,0.2,2407.67
14085,3521.25,2438.44,1.6,2407.67
14086,3521.5,2438.95,1.1,2407.66
14087,3521.75,2438.46,0.2,2407.66
14088,3522.0,2439.2,0.1,2407.66
14089,3522.25,2439.44,0.3,2407.66
14090,3522.5,2439.45,0.1,2407.66
14091,3522.75,2440.15,0.4,2407.65
14092,3523.0,2440.39,0.1,2407.65
14093,3523.25,2440.15,1.0,2407.65
14094,3523.5,2440.15,0.4,2407.65
14095,3523.75,2440.16,0.4,2407.64
14096,3524.0,2440.16,0.8,2407.64
14097,3524.25,2440.66,0.2,2407.64
14098,3524.5,2440.66,0.4,2407.64
14099,3524.75,2440.83,0.2,2407.63
14100,3525.0,2441.08,0.2,2407.63
14101,3525.25,2441.53,0.3,2407.63
14102,3525.5,2441.52,0.2,2407.63
14103,3525.75,2442.0,1.2,2407.63
14104,3526.0,2442.5,0.1,2407.62
14105,3526.25,2442.74,0.4,2407.62
14106,3526.5,2442.73,0.6,2407.62
14107,3526.75,2442.14,0.4,2407.62
14108,3527.0,2442.37,0.3,2407.61
14109,3527.25,2442.37,0.2,2407.61
14110,3527.5,2442.36,0.2,2407.61
14111,3527.75,2441.62,0.2,2407.61
14112,3528.0,2442.32,0.2,2407.61
14113,3528.25,2442.07,1.0,2407.6
14114,3528.5,2442.07,0.2,2407.6
14115,3528.75,2442.27,0.2,2407.6
14116,3529.0,2442.77,0.7,2407.6
14117,3529.25,2441.28,0.2,2407.59
14118,3529.5,2441.27,0.2,2407.59
14119,3529.75,2441.27,0.1,2407.59
14120,3530.0,2441.75,0.2,2407.59
14121,3530.25,2441.75,0.1,2407.58
14122,3530.5,2441.74,0.2,2407.58
14123,3530.75,2441.75,1.1,2407.58
14124,3531.0,2442.24,0.3,2407.58
14125,3531.25,2442.47,0.2,2407.58
14126,3531.5,2439.61,0.9,2407.57
14127,3531.75,2438.45,0.3,2407.57
14128,3532.0,2438.93,0.1,2407.57
14129,3532.25,2438.91,0.2,2407.57
14130,3532.5,2439.38,0.2,2407.56
14131,3532.75,2439.38,0.2,2407.56
14132,3533.0,2441.49,0.7,2407.56
14133,3533.25,2442.22,0.5,2407.56
14134,3533.5,2442.21,0.2,2407.55
14135,3533.75,2442.45,0.2,2407.55
14136,3534.0,2442.83,1.0,2407.55
14137,3534.25,2442.83,0.2,2407.55
14138,3534.5,2443.53,0.2,2407.55
14139,3534.75,2443.27,0.2,2407.54
14140,3535.0,2441.76,0.2,2407.54
14141,3535.25,2441.75,0.2,2407.54
14142,3535.5,2441.5,1.1,2407.54
14143,3535.75,2441.74,0.4,2407.53
14144,3536.0,2441.73,0.5,2407.53
14145,3536.25,2441.47,0.1,2407.53
14146,3536.5,2441.71,0.7,2407.53
14147,3536.75,2439.98,0.3,2407.52
14148,3537.0,2439.97,0.4,2407.52
14149,3537.25,2438.69,0.3,2407.52
14150,3537.5,2438.93,0.2,2407.52
14151,3537.75,2439.17,0.1,2407.52
14152,3538.0,2441.84,1.1,2407.51
14153,3538.25,2442.07,0.2,2407.51
14154,3538.5,2442.31,0.5,2407.51
14155,3538.75,2442.77,0.2,2407.51
14156,3539.0,2443.99,0.7,2407.5
14157,3539.25,2443.98,0.3,2407.5
14158,3539.5,2444.68,0.2,2407.5
14159,3539.75,2444.93,0.2,2407.5
14160,3540.0,2444.92,0.1,2407.5
14161,3540.25,2445.17,0.2,2407.49
14162,3540.5,2446.39,1.1,2407.49
14163,3540.75,2446.14,0.2,2407.49
14164,3541.0,2446.36,0.6,2407.49
14165,3541.25,2446.36,0.2,2407.48
14166,3541.5,2445.52,0.9,2407.48
14167,3541.75,2446.02,0.3,2407.48
14168,3542.0,2446.02,0.2,2407.48
14169,3542.25,2446.7,0.1,2407.47
14170,3542.5,2446.68,0.2,2407.47
14171,3542.75,2446.68,0.2,2407.47
14172,3543.0,2447.91,0.9,2407.47
14173,3543.25,2446.58,0.4,2407.47
14174,3543.5,2446.84,0.2,2407.46
14175,3543.75,2446.84,0.2,2407.46
14176,3544.0,2446.85,0.7,2407.46
14177,3544.25,2446.82,0.4,2407.46
14178,3544.5,2447.07,0.2,2407.45
14179,3544.75,2447.06,0.2,2407.45
14180,3545.0,2447.05,0.1,2407.45
14181,3545.25,2447.75,0.2,2407.45
14182,3545.5,2443.22,1.2,2407.44
14183,3545.75,2442.97,0.2,2407.44
14184,3546.0,2442.96,0.6,2407.44
14185,3546.25,2443.19,0.2,2407.44
14186,3546.5,2441.74,0.6,2407.44
14187,3546.75,2442.52,0.4,2407.43
14188,3547.0,2442.5,0.4,2407.43
14189,3547.25,2442.5,0.2,2407.43
14190,3547.5,2442.95,0.1,2407.43
14191,3547.75,2443.16,0.3,2407.42
14192,3548.0,2441.73,1.1,2407.42
14193,3548.25,2442.19,0.3,2407.42
14194,3548.5,2442.68,0.2,2407.42
14195,3548.75,2442.43,0.2,2407.41
14196,3549.0,2443.55,0.7,2407.41
14197,3549.25,2443.81,0.2,2407.41
14198,3549.5,2443.8,0.4,2407.41
14199,3549.75,2443.8,0.2,2407.41
14200,3550.0,2444.05,0.3,2407.4
14201,3550.25,2443.09,0.2,2407.4
14202,3550.5,2442.57,0.6,2407.4
14203,3550.75,2442.81,0.3,2407.4
14204,3551.0,2443.77,0.2,2407.39
14205,3551.25,2443.53,0.1,2407.39
14206,3551.5,2443.53,0.7,2407.39
14207,3551.75,2442.53,0.4,2407.39
14208,3552.0,2441.62,0.2,2407.39
14209,3552.25,2441.87,0.2,2407.38
14210,3552.5,2441.87,0.1,2407.38
14211,3552.75,2442.36,0.1,2407.38
14212,3553.0,2447.26,1.2,2407.38
14213,3553.25,2447.75,0.2,2407.37
14214,3553.5,2448.23,0.3,2407.37
14215,3553.75,2448.48,0.1,2407.37
14216,3554.0,2448.93,0.7,2407.37
14217,3554.25,2449.18,0.2,2407.36
14218,3554.5,2449.42,0.3,2407.36
14219,3554.75,2449.87,0.2,2407.36
14220,3555.0,2450.11,0.2,2407.36
14221,3555.25,2449.87,0.3,2407.36
14222,3555.5,2448.13,1.1,2407.35
14223,3555.75,2448.38,0.4,2407.35
14224,3556.0,2448.86,0.4,2407.35
14225,3556.25,2448.69,0.2,2407.35
14226,3556.5,2449.16,0.7,2407.34
14227,3556.75,2448.73,0.4,2407.34
14228,3557.0,2448.72,0.2,2407.34
14229,3557.25,2449.46,0.2,2407.34
14230,3557.5,2449.21,0.1,2407.33
14231,3557.75,2448.73,0.3,2407.33
14232,3558.0,2449.71,1.1,2407.33
14233,3558.25,2449.7,0.4,2407.33
14234,3558.5,2450.16,0.3,2407.33
14235,3558.75,2449.68,0.6,2407.32
14236,3559.0,2449.92,0.2,2407.32
14237,3559.25,2449.91,0.2,2407.32
14238,3559.5,2450.12,0.2,2407.32
14239,3559.75,2450.36,0.2,2407.31
14240,3560.0,2450.1,0.2,2407.31
14241,3560.25,2450.09,0.3,2407.31
14242,3560.5,2444.41,1.0,2407.31
14243,3560.75,2444.41,0.1,2407.31
14244,3561.0,2444.4,0.4,2407.3
14245,3561.25,2442.4,0.7,2407.3
14246,3561.5,2441.23,0.3,2407.3
14247,3561.75,2439.92,0.4,2407.3
14248,3562.0,2438.81,0.1,2407.29
14249,3562.25,2439.05,0.3,2407.29
14250,3562.5,2439.05,0.2,2407.29
14251,3562.75,2439.75,0.2,2407.29
14252,3563.0,2438.84,1.4,2407.28
14253,3563.25,2439.33,0.2,2407.28
14254,3563.5,2439.57,0.2,2407.28
14255,3563.75,2439.81,0.9,2407.28
14256,3564.0,2440.78,0.2,2407.28
14257,3564.25,2440.77,0.2,2407.27
14258,3564.5,2441.73,0.1,2407.27
14259,3564.75,2441.72,0.2,2407.27
14260,3565.0,2441.47,0.2,2407.27
14261,3565.25,2441.93,0.2,2407.26
14262,3565.5,2437.98,1.1,2407.26
14263,3565.75,2438.2,0.2,2407.26
14264,3566.0,2438.45,0.3,2407.26
14265,3566.25,2438.69,0.8,2407.25
14266,3566.5,2438.91,0.2,2407.25
14267,3566.75,2439.16,0.2,2407.25
14268,3567.0,2439.16,0.2,2407.25
14269,3567.25,2439.41,0.2,2407.25
14270,3567.5,2439.65,0.1,2407.24
14271,3567.75,2439.88,0.2,2407.24
14272,3568.0,2440.61,1.3,2407.24
14273,3568.25,2440.85,0.2,2407.24
14274,3568.5,2441.56,0.2,2407.23
14275,3568.75,2442.06,0.7,2407.23
14276,3569.0,2442.55,0.3,2407.23
14277,3569.25,2442.54,0.2,2407.23
14278,3569.5,2442.55,0.1,2407.22
14279,3569.75,2442.8,0.1,2407.22
14280,3570.0,2442.55,0.2,2407.22
14281,3570.25,2442.76,0.2,2407.22
14282,3570.5,2443.5,1.2,2407.22
14283,3570.75,2443.51,0.2,2407.21
14284,3571.0,2443.5,0.2,2407.21
14285,3571.25,2441.78,0.6,2407.21
14286,3571.5,2440.33,0.4,2407.21
14287,3571.75,2440.33,0.1,2407.2
14288,3572.0,2440.1,0.2,2407.2
14289,3572.25,2440.57,0.1,2407.2
14290,3572.5,2439.32,0.2,2407.2
14291,3572.75,2437.82,0.4,2407.2
14292,3573.0,2441.0,1.0,2407.19
14293,3573.25,2441.25,0.1,2407.19
14294,3573.5,2441.24,0.2,2407.19
14295,3573.75,2441.25,0.7,2407.19
14296,3574.0,2441.24,0.2,2407.18
14297,3574.25,2441.48,0.3,2407.18
14298,3574.5,2441.96,0.1,2407.18
14299,3574.75,2441.96,0.1,2407.18
14300,3575.0,2442.44,0.2,2407.17
14301,3575.25,2442.68,0.3,2407.17
14302,3575.5,2445.87,1.1,2407.17
14303,3575.75,2446.36,0.1,2407.17
14304,3576.0,2446.36,0.3,2407.17
14305,3576.25,2445.27,0.7,2407.16
14306,3576.5,2438.33,0.4,2407.16
14307,3576.75,2438.57,0.2,2407.16
14308,3577.0,2438.33,0.1,2407.16
14309,3577.25,2438.8,0.2,2407.15
14310,3577.5,2439.05,0.1,2407.15
14311,3577.75,2439.52,0.2,2407.15
14312,3578.0,2439.77,0.8,2407.15
14313,3578.25,2440.25,0.2,2407.14
14314,3578.5,2440.74,0.3,2407.14
14315,3578.75,2440.98,0.6,2407.14
14316,3579.0,2441.15,0.2,2407.14
14317,3579.25,2441.16,0.3,2407.14
14318,3579.5,2440.91,0.2,2407.13
14319,3579.75,2441.41,0.1,2407.13
14320,3580.0,2440.68,0.1,2407.13
14321,3580.25,2440.67,0.2,2407.13
14322,3580.5,2443.68,1.2,2407.12
14323,3580.75,2444.13,0.1,2407.12
14324,3581.0,2444.88,0.2,2407.12
14325,3581.25,2444.63,0.9,2407.12
14326,3581.5,2444.61,0.3,2407.11
14327,3581.75,2444.61,0.2,2407.11
14328,3582.0,2444.61,0.2,2407.11
14329,3582.25,2444.86,0.2,2407.11
14330,3582.5,2445.1,0.1,2407.11
14331,3582.75,2445.59,0.2,2407.1
14332,3583.0,2444.87,1.4,2407.1
14333,3583.25,2445.12,0.2,2407.1
14334,3583.5,2445.37,0.4,2407.1
14335,3583.75,2446.57,0.7,2407.09
14336,3584.0,2446.57,0.1,2407.09
14337,3584.25,2446.56,0.2,2407.09
14338,3584.5,2446.32,0.2,2407.09
14339,3584.75,2446.31,0.1,2407.09
14340,3585.0,2446.33,0.2,2407.08
14341,3585.25,2446.33,0.3,2407.08
14342,3585.5,2447.04,1.0,2407.08
14343,3585.75,2447.05,0.3,2407.08
14344,3586.0,2447.29,0.4,2407.07
14345,3586.25,2447.34,0.7,2407.07
14346,3586.5,2447.45,0.4,2407.07
14347,3586.75,2447.69,0.2,2407.07
14348,3587.0,2447.93,0.1,2407.06
14349,3587.25,2448.64,0.2,2407.06
14350,3587.5,2447.9,0.2,2407.06
14351,3587.75,2444.38,0.2,2407.06
14352,3588.0,2443.77,1.4,2407.06
14353,3588.25,2444.01,0.2,2407.05
14354,3588.5,2443.52,0.2,2407.05
14355,3588.75,2444.21,0.7,2407.05
14356,3589.0,2442.56,0.3,2407.05
14357,3589.25,2442.54,0.3,2407.04
14358,3589.5,2442.78,0.1,2407.04
14359,3589.75,2442.78,0.2,2407.04
14360,3590.0,2440.34,0.2,2407.04
14361,3590.25,2440.79,0.1,2407.03
14362,3590.5,2444.14,1.1,2407.03
14363,3590.75,2444.38,0.2,2407.03
14364,3591.0,2444.38,0.2,2407.03
14365,3591.25,2444.6,0.5,2407.03
14366,3591.5,2444.2,0.4,2407.02
14367,3591.75,2444.2,0.1,2407.02
14368,3592.0,2444.69,0.1,2407.02
14369,3592.25,2444.42,0.2,2407.02
14370,3592.5,2445.15,0.2,2407.01
14371,3592.75,2445.15,0.2,2407.01
14372,3593.0,2446.0,1.4,2407.01
14373,3593.25,2446.49,0.2,2407.01
14374,3593.5,2446.48,0.2,2407.01
14375,3593.75,2447.46,0.7,2407.0
14376,3594.0,2447.43,0.2,2407.0
14377,3594.25,2447.67,0.3,2407.0
14378,3594.5,2448.16,0.1,2407.0
14379,3594.75,2447.88,0.2,2406.99
14380,3595.0,2448.11,0.4,2406.99
14381,3595.25,2448.36,0.2,2406.99
14382,3595.5,2447.7,1.0,2406.99
14383,3595.75,2448.2,0.2,2406.98
14384,3596.0,2446.44,0.2,2406.98
14385,3596.25,2443.33,0.7,2406.98
14386,3596.5,2445.02,0.4,2406.98
14387,3596.75,2445.27,0.2,2406.98
14388,3597.0,2445.26,0.1,2406.97
14389,3597.25,2445.04,0.2,2406.97
14390,3597.5,2445.03,0.2,2406.97
14391,3597.75,2445.03,0.2,2406.97
14392,3598.0,2445.89,1.3,2406.96
14393,3598.25,2446.36,0.1,2406.96
14394,3598.5,2446.85,0.2,2406.96
14395,3598.75,2441.83,0.9,2406.96
14396,3599.0,2441.82,0.3,2406.95
14397,3599.25,2442.56,0.3,2406.95
14398,3599.5,2442.58,0.1,2406.95
14399,3599.75,2442.83,0.3,2406.95
14400,3600.0,2443.07,0.1,2406.95
14401,3600.25,2443.32,0.1,2406.94
14402,3600.5,2442.62,0.9,2406.94
14403,3600.75,2443.34,0.2,2406.94
14404,3601.0,2443.57,0.5,2406.94
14405,3601.25,2443.98,0.7,2406.93
14406,3601.5,2443.5,0.2,2406.93
14407,3601.75,2443.73,0.2,2406.93
14408,3602.0,2443.98,0.2,2406.93
14409,3602.25,2443.97,0.2,2406.92
14410,3602.5,2443.01,0.3,2406.92
14411,3602.75,2443.0,0.2,2406.92
14412,3603.0,2442.88,1.2,2406.92
14413,3603.25,2443.12,0.2,2406.92
14414,3603.5,2443.14,0.2,2406.91
14415,3603.75,2442.11,0.6,2406.91
14416,3604.0,2442.34,0.3,2406.91
14417,3604.25,2442.08,0.2,2406.91
14418,3604.5,2442.32,0.1,2406.9
14419,3604.75,2442.31,0.3,2406.9
14420,3605.0,2442.52,0.1,2406.9
14421,3605.25,2442.27,0.2,2406.9
14422,3605.5,2441.78,1.1,2406.9
14423,3605.75,2441.52,0.2,2406.89
14424,3606.0,2441.76,0.5,2406.89
14425,3606.25,2442.0,0.6,2406.89
14426,3606.5,2441.99,0.2,2406.89
14427,3606.75,2442.48,0.2,2406.88
14428,3607.0,2442.22,0.2,2406.88
14429,3607.25,2442.93,0.1,2406.88
14430,3607.5,2443.41,0.2,2406.88
14431,3607.75,2444.36,0.6,2406.87
14432,3608.0,2444.08,0.9,2406.87
14433,3608.25,2444.8,0.3,2406.87
14434,3608.5,2445.29,0.4,2406.87
14435,3608.75,2446.77,1.0,2406.87
14436,3609.0,2447.22,0.3,2406.86
14437,3609.25,2447.46,0.3,2406.86
14438,3609.5,2447.21,0.2,2406.86
14439,3609.75,2447.2,0.2,2406.86
14440,3610.0,2446.46,0.2,2406.85
14441,3610.25,2446.7,0.7,2406.85
14442,3610.5,2446.68,0.7,2406.85
14443,3610.75,2446.67,0.4,2406.85
14444,3611.0,2446.89,0.1,2406.84
14445,3611.25,2444.41,0.6,2406.84
14446,3611.5,2443.28,0.4,2406.84
14447,3611.75,2443.28,0.2,2406.84
14448,3612.0,2443.27,0.2,2406.84
14449,3612.25,2443.29,0.4,2406.83
14450,3612.5,2443.53,0.2,2406.83
14451,3612.75,2443.54,1.4,2406.83
14452,3613.0,2444.38,0.2,2406.83
14453,3613.25,2444.62,0.2,2406.82
14454,3613.5,2444.85,0.2,2406.82
14455,3613.75,2444.84,0.7,2406.82
14456,3614.0,2445.32,0.1,2406.82
14457,3614.25,2445.32,0.3,2406.81
14458,3614.5,2445.56,0.2,2406.81
14459,3614.75,2445.78,0.1,2406.81
14460,3615.0,2445.77,0.5,2406.81
14461,3615.25,2446.55,1.0,2406.81
14462,3615.5,2446.93,0.2,2406.8
14463,3615.75,2446.93,0.2,2406.8
14464,3616.0,2447.17,0.1,2406.8
14465,3616.25,2448.05,0.6,2406.8
14466,3616.5,2447.54,0.4,2406.79
14467,3616.75,2447.77,0.1,2406.79
14468,3617.0,2447.77,0.2,2406.79
14469,3617.25,2447.53,0.3,2406.79
14470,3617.5,2447.02,0.2,2406.79
14471,3617.75,2447.5,1.2,2406.78
14472,3618.0,2447.96,0.1,2406.78
14473,3618.25,2447.96,0.2,2406.78
14474,3618.5,2447.77,0.3,2406.78
14475,3618.75,2448.0,0.5,2406.77
14476,3619.0,2447.75,0.7,2406.77
14477,3619.25,2447.75,0.2,2406.77
14478,3619.5,2447.99,0.4,2406.77
14479,3619.75,2446.73,0.2,2406.76
14480,3620.0,2446.96,0.1,2406.76
14481,3620.25,2447.69,1.3,2406.76
14482,3620.5,2447.93,0.4,2406.76
14483,3620.75,2447.89,0.5,2406.76
14484,3621.0,2445.23,1.0,2406.75
14485,3621.25,2445.96,0.4,2406.75
14486,3621.5,2446.41,0.2,2406.75
14487,3621.75,2446.9,0.2,2406.75
14488,3622.0,2447.38,0.2,2406.74
14489,3622.25,2447.62,0.4,2406.74
14490,3622.5,2447.13,0.1,2406.74
14491,3622.75,2445.96,1.0,2406.74
14492,3623.0,2445.95,0.2,2406.73
14493,3623.25,2446.66,0.2,2406.73
14494,3623.5,2441.54,0.9,2406.73
14495,3623.75,2441.76,0.2,2406.73
14496,3624.0,2442.24,0.3,2406.73
14497,3624.25,2442.48,0.1,2406.72
14498,3624.5,2442.72,0.2,2406.72
14499,3624.75,2441.73,0.1,2406.72
14500,3625.0,2441.96,0.2,2406.72
14501,3625.25,2442.2,1.2,2406.71
14502,3625.5,2442.44,0.2,2406.71
14503,3625.75,2442.68,0.3,2406.71
14504,3626.0,2443.9,0.6,2406.71
14505,3626.25,2442.88,0.3,2406.71
14506,3626.5,2443.12,0.2,2406.7
14507,3626.75,2443.09,0.2,2406.7
14508,3627.0,2441.41,0.3,2406.7
14509,3627.25,2440.37,0.2,2406.7
14510,3627.5,2440.37,0.1,2406.69
14511,3627.75,2439.34,1.5,2406.69
14512,3628.0,2440.07,0.3,2406.69
14513,3628.25,2440.32,0.2,2406.69
14514,3628.5,2440.78,0.6,2406.68
14515,3628.75,2440.78,0.3,2406.68
14516,3629.0,2441.03,0.2,2406.68
14517,3629.25,2441.03,0.2,2406.68
14518,3629.5,2441.28,0.2,2406.68
14519,3629.75,2441.53,0.2,2406.67
14520,3630.0,2441.76,0.2,2406.67
14521,3630.25,2443.21,1.1,2406.67
14522,3630.5,2443.2,0.2,2406.67
14523,3630.75,2443.45,0.3,2406.66
14524,3631.0,2445.41,0.7,2406.66
14525,3631.25,2445.01,0.3,2406.66
14526,3631.5,2445.26,0.2,2406.66
14527,3631.75,2445.51,0.2,2406.65
14528,3632.0,2445.76,0.2,2406.65
14529,3632.25,2445.27,0.2,2406.65
14530,3632.5,2445.28,0.1,2406.65
14531,3632.75,2449.46,1.2,2406.65
14532,3633.0,2449.48,0.3,2406.64
14533,3633.25,2450.19,0.3,2406.64
14534,3633.5,2450.43,0.6,2406.64
14535,3633.75,2450.15,0.2,2406.64
14536,3634.0,2449.91,0.2,2406.63
14537,3634.25,2449.69,0.2,2406.63
14538,3634.5,2449.44,0.2,2406.63
14539,3634.75,2449.92,0.3,2406.63
14540,3635.0,2450.15,0.2,2406.62
14541,3635.25,2450.14,1.3,2406.62
14542,3635.5,2449.89,0.3,2406.62
14543,3635.75,2450.35,0.2,2406.62
14544,3636.0,2450.09,0.7,2406.62
14545,3636.25,2449.2,0.4,2406.61
14546,3636.5,2449.44,0.2,2406.61
14547,3636.75,2448.93,0.2,2406.61
14548,3637.0,2449.18,0.2,2406.61
14549,3637.25,2449.42,0.2,2406.6
14550,3637.5,2449.65,0.2,2406.6
14551,3637.75,2450.1,0.9,2406.6
14552,3638.0,2450.09,0.2,2406.6
14553,3638.25,2450.05,0.4,2406.6
14554,3638.5,2443.85,0.8,2406.59
14555,3638.75,2444.09,0.3,2406.59
14556,3639.0,2444.57,0.2,2406.59
14557,3639.25,2444.77,0.1,2406.59
14558,3639.5,2442.75,0.2,2406.58
14559,3639.75,2442.0,0.3,2406.58
14560,3640.0,2441.99,0.2,2406.58
14561,3640.25,2442.23,1.3,2406.58
14562,3640.5,2441.72,0.2,2406.57
14563,3640.75,2441.47,0.4,2406.57
14564,3641.0,2441.46,2.4,2406.57
14565,3641.25,2439.52,1.1,2406.57
14566,3641.5,2439.76,0.4,2406.57
14567,3641.75,2440.0,0.1,2406.56
14568,3642.0,2440.47,0.2,2406.56
14569,3642.25,2438.3,0.8,2406.56
14570,3642.5,2438.05,0.3,2406.56
14571,3642.75,2438.04,1.3,2406.55
14572,3643.0,2438.03,0.4,2406.55
14573,3643.25,2438.02,0.4,2406.55
14574,3643.5,2438.52,1.3,2406.55
14575,3643.75,2438.51,0.2,2406.54
14576,3644.0,2438.99,0.3,2406.54
14577,3644.25,2439.23,0.3,2406.54
14578,3644.5,2439.23,0.1,2406.54
14579,3644.75,2439.46,0.2,2406.54
14580,3645.0,2439.71,0.2,2406.53
14581,3645.25,2441.43,1.0,2406.53
14582,3645.5,2441.9,0.2,2406.53
14583,3645.75,2442.37,0.2,2406.53
14584,3646.0,2443.15,0.9,2406.52
14585,3646.25,2441.93,0.4,2406.52
14586,3646.5,2442.39,0.1,2406.52
14587,3646.75,2442.85,0.1,2406.52
14588,3647.0,2442.86,0.3,2406.51
14589,3647.25,2442.13,0.2,2406.51
14590,3647.5,2442.37,0.2,2406.51
14591,3647.75,2442.85,1.2,2406.51
14592,3648.0,2443.09,0.2,2406.51
14593,3648.25,2443.57,0.4,2406.5
14594,3648.5,2439.14,0.8,2406.5
14595,3648.75,2439.37,0.1,2406.5
14596,3649.0,2437.84,0.2,2406.5
14597,3649.25,2438.79,0.1,2406.49
14598,3649.5,2439.4,0.4,2406.49
14599,3649.75,2439.89,0.1,2406.49
14600,3650.0,2440.1,0.2,2406.49
14601,3650.25,2438.05,0.9,2406.49
14602,3650.5,2438.04,0.2,2406.48
14603,3650.75,2438.04,0.1,2406.48
14604,3651.0,2439.75,1.2,2406.48
14605,3651.25,2439.5,0.3,2406.48
14606,3651.5,2439.74,0.2,2406.47
14607,3651.75,2440.22,0.4,2406.47
14608,3652.0,2440.46,0.2,2406.47
14609,3652.25,2440.95,0.1,2406.47
14610,3652.5,2439.83,0.8,2406.46
14611,3652.75,2439.57,0.7,2406.46
14612,3653.0,2439.81,0.4,2406.46
14613,3653.25,2439.8,0.4,2406.46
14614,3653.5,2439.08,0.8,2406.46
14615,3653.75,2439.31,0.2,2406.45
14616,3654.0,2439.07,0.2,2406.45
14617,3654.25,2439.54,0.1,2406.45
14618,3654.5,2440.25,0.2,2406.45
14619,3654.75,2440.25,0.2,2406.44
14620,3655.0,2439.98,1.1,2406.44
14621,3655.25,2440.22,0.4,2406.44
14622,3655.5,2440.46,0.2,2406.44
14623,3655.75,2439.45,0.2,2406.43
14624,3656.0,2438.54,1.1,2406.43
14625,3656.25,2437.31,0.2,2406.43
14626,3656.5,2438.0,0.4,2406.43
14627,3656.75,2437.75,0.1,2406.43
14628,3657.0,2437.75,0.2,2406.42
14629,3657.25,2437.99,0.2,2406.42
14630,3657.5,2438.73,1.1,2406.42
14631,3657.75,2438.95,0.2,2406.42
14632,3658.0,2438.94,0.2,2406.41
14633,3658.25,2438.93,0.2,2406.41
14634,3658.5,2439.66,0.9,2406.41
14635,3658.75,2440.14,0.2,2406.41
14636,3659.0,2440.37,0.3,2406.41
14637,3659.25,2440.61,0.1,2406.4
14638,3659.5,2440.61,0.1,2406.4
14639,3659.75,2440.85,0.1,2406.4
14640,3660.0,2441.08,1.1,2406.4
14641,3660.25,2441.57,0.2,2406.39
14642,3660.5,2441.8,0.3,2406.39
14643,3660.75,2442.3,0.2,2406.39
14644,3661.0,2442.09,0.6,2406.39
14645,3661.25,2442.82,0.2,2406.38
14646,3661.5,2441.4,0.1,2406.38
14647,3661.75,2441.4,0.1,2406.38
14648,3662.0,2440.68,0.3,2406.38
14649,3662.25,2439.47,0.2,2406.38
14650,3662.5,2439.11,0.9,2406.37
14651,3662.75,2439.84,0.4,2406.37
14652,3663.0,2439.58,0.2,2406.37
14653,3663.25,2439.83,0.2,2406.37
14654,3663.5,2440.06,0.7,2406.36
14655,3663.75,2440.32,0.2,2406.36
14656,3664.0,2440.3,0.4,2406.36
14657,3664.25,2440.8,0.2,2406.36
14658,3664.5,2441.19,0.2,2406.35
14659,3664.75,2441.19,0.2,2406.35
14660,3665.0,2444.25,1.2,2406.35
14661,3665.25,2444.89,0.2,2406.35
14662,3665.5,2445.13,0.3,2406.35
14663,3665.75,2445.61,0.2,2406.34
14664,3666.0,2445.85,0.6,2406.34
14665,3666.25,2445.85,0.4,2406.34
14666,3666.5,2446.33,0.2,2406.34
14667,3666.75,2446.32,0.3,2406.33
14668,3667.0,2446.06,0.5,2406.33
14669,3667.25,2446.55,0.2,2406.33
14670,3667.5,2441.62,1.3,2406.33
14671,3667.75,2442.08,0.2,2406.32
14672,3668.0,2442.06,0.2,2406.32
14673,3668.25,2442.3,0.2,2406.32
14674,3668.5,2442.75,0.7,2406.32
14675,3668.75,2443.23,0.2,2406.32
14676,3669.0,2443.47,0.2,2406.31
14677,3669.25,2443.48,0.2,2406.31
14678,3669.5,2442.46,0.1,2406.31
14679,3669.75,2442.68,0.3,2406.31
14680,3670.0,2444.41,1.1,2406.3
14681,3670.25,2443.14,0.1,2406.3
14682,3670.5,2443.63,0.3,2406.3
14683,3670.75,2443.86,0.4,2406.3
14684,3671.0,2443.62,0.7,2406.3
14685,3671.25,2444.36,0.2,2406.29
14686,3671.5,2444.84,0.4,2406.29
14687,3671.75,2445.07,0.1,2406.29
14688,3672.0,2445.31,0.4,2406.29
14689,3672.25,2445.52,0.1,2406.28
14690,3672.5,2444.04,1.2,2406.28
14691,3672.75,2444.04,0.2,2406.28
14692,3673.0,2444.51,0.4,2406.28
14693,3673.25,2444.52,0.2,2406.27
14694,3673.5,2448.71,0.7,2406.27
14695,3673.75,2448.92,0.2,2406.27
14696,3674.0,2449.17,0.2,2406.27
14697,3674.25,2449.91,0.2,2406.27
14698,3674.5,2450.13,0.1,2406.26
14699,3674.75,2449.89,0.2,2406.26
14700,3675.0,2447.41,1.1,2406.26
14701,3675.25,2447.41,0.3,2406.26
14702,3675.5,2448.37,0.4,2406.25
14703,3675.75,2448.86,0.2,2406.25
14704,3676.0,2448.32,0.7,2406.25
14705,3676.25,2448.81,0.3,2406.25
14706,3676.5,2449.05,0.3,2406.24
14707,3676.75,2449.31,0.2,2406.24
14708,3677.0,2448.36,0.2,2406.24
14709,3677.25,2448.36,0.2,2406.24
14710,3677.5,2449.84,1.2,2406.24
14711,3677.75,2450.07,0.2,2406.23
14712,3678.0,2450.31,0.2,2406.23
14713,3678.25,2450.32,0.4,2406.23
14714,3678.5,2449.82,0.6,2406.23
14715,3678.75,2449.82,0.2,2406.22
14716,3679.0,2449.82,0.3,2406.22
14717,3679.25,2449.81,0.1,2406.22
14718,3679.5,2448.13,0.3,2406.22
14719,3679.75,2448.38,0.2,2406.21
14720,3680.0,2447.38,1.2,2406.21
14721,3680.25,2447.38,0.3,2406.21
14722,3680.5,2447.13,0.3,2406.21
14723,3680.75,2447.12,0.5,2406.21
14724,3681.0,2448.16,0.4,2406.2
14725,3681.25,2448.2,0.2,2406.2
14726,3681.5,2448.68,0.2,2406.2
14727,3681.75,2448.43,0.2,2406.2
14728,3682.0,2448.17,0.2,2406.19
14729,3682.25,2448.66,0.1,2406.19
14730,3682.5,2451.6,1.0,2406.19
14731,3682.75,2452.32,0.2,2406.19
14732,3683.0,2452.32,0.3,2406.19
14733,3683.25,2452.56,1.1,2406.18
14734,3683.5,2453.34,0.2,2406.18
14735,3683.75,2453.79,0.2,2406.18
14736,3684.0,2454.02,0.1,2406.18
14737,3684.25,2453.77,0.2,2406.17
14738,3684.5,2453.04,0.2,2406.17
14739,3684.75,2453.03,0.1,2406.17
14740,3685.0,2447.65,1.0,2406.17
14741,3685.25,2447.66,0.2,2406.16
14742,3685.5,2447.9,0.2,2406.16
14743,3685.75,2448.6,0.7,2406.16
14744,3686.0,2449.09,0.4,2406.16
14745,3686.25,2448.84,0.2,2406.16
14746,3686.5,2449.08,0.2,2406.15
14747,3686.75,2449.08,0.2,2406.15
14748,3687.0,2449.08,0.3,2406.15
14749,3687.25,2449.32,0.1,2406.15
14750,3687.5,2448.34,1.0,2406.14
14751,3687.75,2448.09,0.2,2406.14
14752,3688.0,2448.83,0.4,2406.14
14753,3688.25,2444.89,0.7,2406.14
14754,3688.5,2444.64,0.2,2406.13
14755,3688.75,2444.48,0.2,2406.13
14756,3689.0,2444.97,0.2,2406.13
14757,3689.25,2444.71,0.3,2406.13
14758,3689.5,2444.95,0.2,2406.13
14759,3689.75,2443.28,0.2,2406.12
14760,3690.0,2443.18,0.8,2406.12
14761,3690.25,2443.18,0.2,2406.12
14762,3690.5,2443.18,0.4,2406.12
14763,3690.75,2445.04,0.7,2406.11
14764,3691.0,2444.38,0.3,2406.11
14765,3691.25,2444.63,0.1,2406.11
14766,3691.5,2444.86,0.2,2406.11
14767,3691.75,2444.86,0.2,2406.11
14768,3692.0,2444.36,0.2,2406.1
14769,3692.25,2444.6,0.1,2406.1
14770,3692.5,2444.86,1.2,2406.1
14771,3692.75,2445.12,0.2,2406.1
14772,3693.0,2444.88,0.2,2406.09
14773,3693.25,2444.36,0.6,2406.09
14774,3693.5,2444.35,0.3,2406.09
14775,3693.75,2444.36,0.3,2406.09
14776,3694.0,2444.12,0.2,2406.08
14777,3694.25,2444.61,0.3,2406.08
14778,3694.5,2444.38,0.1,2406.08
14779,3694.75,2444.88,0.2,2406.08
14780,3695.0,2446.36,1.1,2406.08
14781,3695.25,2446.13,0.2,2406.07
14782,3695.5,2446.12,0.3,2406.07
14783,3695.75,2446.6,0.6,2406.07
14784,3696.0,2444.96,0.4,2406.07
14785,3696.25,2445.43,0.3,2406.06
14786,3696.5,2445.43,0.1,2406.06
14787,3696.75,2445.5,0.1,2406.06
14788,3697.0,2445.74,0.2,2406.06
14789,3697.25,2445.49,0.1,2406.05
14790,3697.5,2447.21,1.4,2406.05
14791,3697.75,2447.45,0.2,2406.05
14792,3698.0,2447.93,0.3,2406.05
14793,3698.25,2448.67,1.0,2406.05
14794,3698.5,2449.38,0.2,2406.04
14795,3698.75,2449.86,0.2,2406.04
14796,3699.0,2450.09,0.1,2406.04
14797,3699.25,2450.05,0.2,2406.04
14798,3699.5,2450.05,0.3,2406.03
14799,3699.75,2450.04,0.1,2406.03
14800,3700.0,2449.78,0.9,2406.03
14801,3700.25,2449.53,0.2,2406.03
14802,3700.5,2449.71,0.2,2406.02
14803,3700.75,2449.68,0.9,2406.02
14804,3701.0,2447.68,0.2,2406.02
14805,3701.25,2447.91,0.2,2406.02
14806,3701.5,2447.91,0.3,2406.02
14807,3701.75,2447.91,0.3,2406.01
14808,3702.0,2447.87,0.2,2406.01
14809,3702.25,2448.09,0.1,2406.01
14810,3702.5,2446.11,0.9,2406.01
14811,3702.75,2446.6,0.2,2406.0
14812,3703.0,2446.59,0.2,2406.0
14813,3703.25,2446.82,0.6,2406.0
14814,3703.5,2447.56,0.2,2406.0
14815,3703.75,2445.8,0.2,2406.0
14816,3704.0,2446.26,0.3,2405.99
14817,3704.25,2445.33,0.2,2405.99
14818,3704.5,2445.32,0.2,2405.99
14819,3704.75,2445.57,0.2,2405.99
14820,3705.0,2444.27,1.3,2405.98
14821,3705.25,2445.17,0.2,2405.98
14822,3705.5,2445.65,0.3,2405.98
14823,3705.75,2444.14,1.0,2405.98
14824,3706.0,2442.77,0.2,2405.97
14825,3706.25,2443.24,0.3,2405.97
14826,3706.5,2443.71,0.1,2405.97
14827,3706.75,2443.7,0.2,2405.97
14828,3707.0,2443.7,0.3,2405.97
14829,3707.25,2444.39,0.1,2405.96
14830,3707.5,2444.63,1.4,2405.96
14831,3707.75,2445.11,0.2,2405.96
14832,3708.0,2445.6,0.3,2405.96
14833,3708.25,2441.03,0.7,2405.95
14834,3708.5,2441.52,0.3,2405.95
14835,3708.75,2442.0,0.3,2405.95
14836,3709.0,2442.24,0.1,2405.95
14837,3709.25,2441.04,0.2,2405.94
14838,3709.5,2440.54,0.2,2405.94
14839,3709.75,2440.77,0.1,2405.94
14840,3710.0,2440.76,1.1,2405.94
14841,3710.25,2440.75,0.2,2405.94
14842,3710.5,2440.96,0.2,2405.93
14843,3710.75,2441.73,0.7,2405.93
14844,3711.0,2440.61,0.4,2405.93
14845,3711.25,2440.61,0.2,2405.93
14846,3711.5,2440.84,0.3,2405.92
14847,3711.75,2441.08,0.2,2405.92
14848,3712.0,2441.32,0.1,2405.92
14849,3712.25,2441.99,0.2,2405.92
14850,3712.5,2442.96,0.9,2405.91
14851,3712.75,2443.21,0.2,2405.91
14852,3713.0,2443.67,0.3,2405.91
14853,3713.25,2443.22,0.8,2405.91
14854,3713.5,2443.21,0.2,2405.91
14855,3713.75,2443.69,0.3,2405.9
14856,3714.0,2443.93,0.2,2405.9
14857,3714.25,2444.38,0.2,2405.9
14858,3714.5,2444.62,0.1,2405.9
14859,3714.75,2444.83,0.1,2405.89
14860,3715.0,2445.56,1.0,2405.89
14861,3715.25,2446.0,0.2,2405.89
14862,3715.5,2446.48,0.1,2405.89
14863,3715.75,2444.25,1.1,2405.89
14864,3716.0,2444.71,0.1,2405.88
14865,3716.25,2444.94,0.2,2405.88
14866,3716.5,2444.93,0.1,2405.88
14867,3716.75,2445.39,0.2,2405.88
14868,3717.0,2445.88,0.2,2405.87
14869,3717.25,2445.88,0.2,2405.87
14870,3717.5,2444.58,1.0,2405.87
14871,3717.75,2445.08,0.4,2405.87
14872,3718.0,2445.32,0.2,2405.86
14873,3718.25,2446.8,0.6,2405.86
14874,3718.5,2447.27,0.2,2405.86
14875,3718.75,2447.27,0.3,2405.86
14876,3719.0,2447.02,0.2,2405.86
14877,3719.25,2447.02,0.2,2405.85
14878,3719.5,2446.28,0.2,2405.85
14879,3719.75,2446.53,0.2,2405.85
14880,3720.0,2442.88,0.9,2405.85
14881,3720.25,2442.46,0.2,2405.84
14882,3720.5,2442.88,0.3,2405.84
14883,3720.75,2441.52,0.7,2405.84
14884,3721.0,2442.0,0.2,2405.84
14885,3721.25,2442.0,0.3,2405.83
14886,3721.5,2442.7,0.1,2405.83
14887,3721.75,2442.46,0.2,2405.83
14888,3722.0,2442.69,0.1,2405.83
14889,3722.25,2442.93,0.4,2405.83
14890,3722.5,2443.66,1.2,2405.82
14891,3722.75,2444.36,0.2,2405.82
14892,3723.0,2444.6,0.2,2405.82
14893,3723.25,2444.84,0.8,2405.82
14894,3723.5,2445.32,0.3,2405.81
14895,3723.75,2445.57,0.3,2405.81
14896,3724.0,2445.78,0.2,2405.81
14897,3724.25,2446.02,0.2,2405.81
14898,3724.5,2446.02,0.2,2405.81
14899,3724.75,2442.93,1.4,2405.8
14900,3725.0,2442.68,0.4,2405.8
14901,3725.25,2442.19,0.4,2405.8
14902,3725.5,2442.63,0.1,2405.8
14903,3725.75,2441.94,0.9,2405.79
14904,3726.0,2441.94,0.2,2405.79
14905,3726.25,2441.93,0.3,2405.79
14906,3726.5,2442.42,0.1,2405.79
14907,3726.75,2442.66,0.2,2405.78
14908,3727.0,2443.13,0.2,2405.78
14909,3727.25,2444.36,1.3,2405.78
14910,3727.5,2444.59,0.2,2405.78
14911,3727.75,2444.83,0.6,2405.78
14912,3728.0,2445.48,0.1,2405.77
14913,3728.25,2443.24,0.9,2405.77
14914,3728.5,2443.48,0.2,2405.77
14915,3728.75,2443.73,0.4,2405.77
14916,3729.0,2444.22,0.2,2405.76
14917,3729.25,2443.47,0.2,2405.76
14918,3729.5,2443.7,0.2,2405.76
14919,3729.75,2443.46,1.1,2405.76
14920,3730.0,2443.45,0.2,2405.75
14921,3730.25,2443.39,0.1,2405.75
14922,3730.5,2443.61,0.2,2405.75
14923,3730.75,2441.75,0.9,2405.75
14924,3731.0,2442.49,0.2,2405.75
14925,3731.25,2442.74,0.4,2405.74
14926,3731.5,2442.98,0.1,2405.74
14927,3731.75,2441.66,0.2,2405.74
14928,3732.0,2441.91,0.2,2405.74
14929,3732.25,2441.92,1.2,2405.73
14930,3732.5,2442.17,0.2,2405.73
14931,3732.75,2442.41,0.4,2405.73
14932,3733.0,2442.42,0.2,2405.73
14933,3733.25,2441.68,0.5,2405.72
14934,3733.5,2442.38,0.2,2405.72
14935,3733.75,2442.14,0.2,2405.72
14936,3734.0,2442.38,0.2,2405.72
14937,3734.25,2442.86,0.1,2405.72
14938,3734.5,2443.11,0.2,2405.71
14939,3734.75,2442.85,1.4,2405.71
14940,3735.0,2442.86,0.4,2405.71
14941,3735.25,2443.34,0.3,2405.71
14942,3735.5,2443.09,0.2,2405.7
14943,3735.75,2444.65,0.9,2405.7
14944,3736.0,2444.78,0.2,2405.7
14945,3736.25,2444.77,0.2,2405.7
14946,3736.5,2445.23,0.1,2405.7
14947,3736.75,2444.26,0.2,2405.69
14948,3737.0,2444.5,0.3,2405.69
14949,3737.25,2441.59,1.2,2405.69
14950,3737.5,2442.07,0.3,2405.69
14951,3737.75,2442.07,0.3,2405.68
14952,3738.0,2442.29,0.3,2405.68
14953,3738.25,2443.01,0.6,2405.68
14954,3738.5,2442.51,0.2,2405.68
14955,3738.75,2442.74,0.2,2405.67
14956,3739.0,2442.73,0.1,2405.67
14957,3739.25,2442.7,0.2,2405.67
14958,3739.5,2442.95,0.3,2405.67
14959,3739.75,2442.7,1.1,2405.67
14960,3740.0,2442.93,0.2,2405.66
14961,3740.25,2442.68,0.2,2405.66
14962,3740.5,2442.93,0.2,2405.66
14963,3740.75,2445.95,0.7,2405.66
14964,3741.0,2446.16,0.2,2405.65
14965,3741.25,2446.65,0.2,2405.65
14966,3741.5,2446.39,0.2,2405.65
14967,3741.75,2446.63,0.2,2405.65
14968,3742.0,2446.62,0.1,2405.64
14969,3742.25,2447.11,1.1,2405.64
14970,3742.5,2447.59,0.2,2405.64
14971,3742.75,2448.05,0.3,2405.64
14972,3743.0,2448.04,0.2,2405.64
14973,3743.25,2448.27,0.7,2405.63
14974,3743.5,2446.57,0.2,2405.63
14975,3743.75,2447.2,0.2,2405.63
14976,3744.0,2447.23,0.1,2405.63
14977,3744.25,2446.5,0.2,2405.62
14978,3744.5,2443.3,0.1,2405.62
14979,3744.75,2446.71,1.2,2405.62
14980,3745.0,2445.52,0.1,2405.62
14981,3745.25,2443.64,1.4,2405.61
14982,3745.5,2443.65,0.2,2405.61
14983,3745.75,2443.57,0.7,2405.61
14984,3746.0,2444.04,0.3,2405.61
14985,3746.25,2444.28,0.2,2405.61
14986,3746.5,2444.77,0.2,2405.6
14987,3746.75,2445.27,0.2,2405.6
14988,3747.0,2445.52,0.1,2405.6
14989,3747.25,2444.53,1.2,2405.6
14990,3747.5,2445.27,0.3,2405.59
14991,3747.75,2445.73,0.2,2405.59
14992,3748.0,2445.49,0.2,2405.59
14993,3748.25,2444.99,0.6,2405.59
14994,3748.5,2445.23,0.4,2405.59
14995,3748.75,2445.48,0.2,2405.58
14996,3749.0,2445.73,0.2,2405.58
14997,3749.25,2445.97,0.3,2405.58
14998,3749.5,2446.2,0.2,2405.58
14999,3749.75,2441.69,1.1,2405.57
15000,3750.0,2442.43,0.2,2405.57
15001,3750.25,2442.41,0.3,2405.57
15002,3750.5,2442.67,0.8,2405.57
15003,3750.75,2442.42,0.7,2405.56
15004,3751.0,2442.36,0.3,2405.56
15005,3751.25,2442.11,0.2,2405.56
15006,3751.5,2441.99,0.1,2405.56
15007,3751.75,2441.98,0.4,2405.56
15008,3752.0,2442.19,0.2,2405.55
15009,3752.25,2442.64,1.0,2405.55
15010,3752.5,2442.62,0.3,2405.55
15011,3752.75,2442.86,0.4,2405.55
15012,3753.0,2443.09,0.6,2405.54
15013,3753.25,2443.34,0.2,2405.54
15014,3753.5,2444.03,0.3,2405.54
15015,3753.75,2444.02,0.2,2405.54
15016,3754.0,2444.5,0.4,2405.53
15017,3754.25,2444.01,0.2,2405.53
15018,3754.5,2444.24,0.1,2405.53
15019,3754.75,2442.77,1.2,2405.53
15020,3755.0,2443.0,0.3,2405.53
15021,3755.25,2443.24,0.5,2405.52
15022,3755.5,2443.24,0.9,2405.52
15023,3755.75,2443.07,0.5,2405.52
15024,3756.0,2443.31,0.4,2405.52
15025,3756.25,2443.54,0.2,2405.51
15026,3756.5,2443.29,0.4,2405.51
15027,3756.75,2443.27,0.2,2405.51
15028,3757.0,2443.48,0.2,2405.51
15029,3757.25,2444.44,1.1,2405.51
15030,3757.5,2444.92,0.3,2405.5
15031,3757.75,2445.16,0.5,2405.5
15032,3758.0,2446.21,0.8,2405.5
15033,3758.25,2446.46,0.3,2405.5
15034,3758.5,2446.46,0.3,2405.49
15035,3758.75,2446.45,0.2,2405.49
15036,3759.0,2446.21,0.2,2405.49
15037,3759.25,2445.47,0.3,2405.49
15038,3759.5,2445.23,0.2,2405.48
15039,3759.75,2448.18,1.1,2405.48
15040,3760.0,2448.88,0.4,2405.48
15041,3760.25,2448.89,0.3,2405.48
15042,3760.5,2449.39,0.7,2405.48
15043,3760.75,2449.59,0.3,2405.47
15044,3761.0,2449.59,0.4,2405.47
15045,3761.25,2450.09,0.2,2405.47
15046,3761.5,2450.34,0.1,2405.47
15047,3761.75,2451.29,0.3,2405.46
15048,3762.0,2450.8,0.1,2405.46
15049,3762.25,2446.62,1.1,2405.46
15050,3762.5,2446.61,0.2,2405.46
15051,3762.75,2446.61,0.4,2405.45
15052,3763.0,2446.34,0.8,2405.45
15053,3763.25,2446.55,0.1,2405.45
15054,3763.5,2445.82,0.2,2405.45
15055,3763.75,2446.07,0.3,2405.45
15056,3764.0,2446.07,0.1,2405.44
15057,3764.25,2444.82,0.2,2405.44
15058,3764.5,2445.06,0.4,2405.44
15059,3764.75,2449.2,0.9,2405.44
15060,3765.0,2449.45,0.3,2405.43
15061,3765.25,2449.2,0.6,2405.43
15062,3765.5,2445.55,0.8,2405.43
15063,3765.75,2446.29,0.2,2405.43
15064,3766.0,2446.52,0.4,2405.42
15065,3766.25,2446.52,0.1,2405.42
15066,3766.5,2446.51,0.2,2405.42
15067,3766.75,2446.27,0.2,2405.42
15068,3767.0,2446.26,0.2,2405.42
15069,3767.25,2446.5,1.2,2405.41
15070,3767.5,2446.99,0.4,2405.41
15071,3767.75,2447.22,0.2,2405.41
15072,3768.0,2447.71,0.7,2405.41
15073,3768.25,2447.94,0.4,2405.4
15074,3768.5,2448.68,0.2,2405.4
15075,3768.75,2448.18,0.2,2405.4
15076,3769.0,2448.17,0.2,2405.4
15077,3769.25,2448.17,0.1,2405.4
15078,3769.5,2448.16,0.2,2405.39
15079,3769.75,2448.89,1.0,2405.39
15080,3770.0,2449.12,0.1,2405.39
15081,3770.25,2450.1,0.4,2405.39
15082,3770.5,2442.51,1.0,2405.38
15083,3770.75,2442.99,0.3,2405.38
15084,3771.0,2441.46,0.2,2405.38
15085,3771.25,2441.7,0.4,2405.38
15086,3771.5,2441.94,0.1,2405.37
15087,3771.75,2442.64,0.1,2405.37
15088,3772.0,2442.14,0.2,2405.37
15089,3772.25,2444.59,1.3,2405.37
15090,3772.5,2444.8,0.2,2405.37
15091,3772.75,2445.04,0.2,2405.36
15092,3773.0,2443.45,0.8,2405.36
15093,3773.25,2444.19,0.3,2405.36
15094,3773.5,2444.18,0.2,2405.36
15095,3773.75,2444.17,0.2,2405.35
15096,3774.0,2443.92,0.2,2405.35
15097,3774.25,2444.16,0.2,2405.35
15098,3774.5,2444.15,0.2,2405.35
15099,3774.75,2445.83,1.4,2405.34
15100,3775.0,2446.0,0.5,2405.34
15101,3775.25,2460.94,2.6,2405.34
15102,3775.5,2453.54,0.7,2405.34
15103,3775.75,2453.02,0.2,2405.34
15104,3776.0,2453.3,0.5,2405.33
15105,3776.25,2453.3,0.1,2405.33
15106,3776.5,2453.31,0.2,2405.33
15107,3776.75,2453.3,0.2,2405.33
15108,3777.0,2451.86,0.1,2405.32
15109,3777.25,2442.3,1.1,2405.32
15110,3777.5,2440.62,0.2,2405.32
15111,3777.75,2439.85,0.2,2405.32
15112,3778.0,2440.09,0.7,2405.31
15113,3778.25,2440.36,0.2,2405.31
15114,3778.5,2440.85,0.2,2405.31
15115,3778.75,2440.86,0.2,2405.31
15116,3779.0,2441.32,0.1,2405.31
15117,3779.25,2441.09,0.2,2405.3
15118,3779.5,2441.09,0.2,2405.3
15119,3779.75,2441.66,0.9,2405.3
15120,3780.0,2441.91,0.3,2405.3
15121,3780.25,2441.91,0.2,2405.29
15122,3780.5,2442.66,0.9,2405.29
15123,3780.75,2442.91,0.3,2405.29
15124,3781.0,2443.16,0.2,2405.29
15125,3781.25,2443.65,0.1,2405.29
15126,3781.5,2442.44,0.3,2405.28
15127,3781.75,2442.44,0.2,2405.28
15128,3782.0,2438.39,1.1,2405.28
15129,3782.25,2438.56,0.7,2405.28
15130,3782.5,2438.79,0.3,2405.27
15131,3782.75,2439.03,0.2,2405.27
15132,3783.0,2440.0,0.7,2405.27
15133,3783.25,2440.46,0.2,2405.27
15134,3783.5,2441.19,0.1,2405.26
15135,3783.75,2441.43,0.2,2405.26
15136,3784.0,2441.64,0.2,2405.26
15137,3784.25,2440.11,0.2,2405.26
15138,3784.5,2440.89,1.2,2405.26
15139,3784.75,2441.1,0.4,2405.25
15140,3785.0,2441.08,0.2,2405.25
15141,3785.25,2440.83,0.2,2405.25
15142,3785.5,2441.32,0.7,2405.25
15143,3785.75,2440.88,0.2,2405.24
15144,3786.0,2440.86,0.2,2405.24
15145,3786.25,2441.35,0.1,2405.24
15146,3786.5,2441.59,0.2,2405.24
15147,3786.75,2441.1,0.2,2405.23
15148,3787.0,2439.17,1.1,2405.23
15149,3787.25,2439.41,0.2,2405.23
15150,3787.5,2439.89,0.4,2405.23
15151,3787.75,2439.89,0.2,2405.23
15152,3788.0,2440.84,0.7,2405.22
15153,3788.25,2441.08,0.4,2405.22
15154,3788.5,2441.32,0.2,2405.22
15155,3788.75,2440.82,0.2,2405.22
15156,3789.0,2440.58,0.2,2405.21
15157,3789.25,2440.82,0.2,2405.21
15158,3789.5,2439.58,1.3,2405.21
15159,3789.75,2440.07,0.2,2405.21
15160,3790.0,2440.05,0.4,2405.21
15161,3790.25,2440.51,0.2,2405.2
15162,3790.5,2439.2,0.7,2405.2
15163,3790.75,2439.69,0.2,2405.2
15164,3791.0,2439.68,0.2,2405.2
15165,3791.25,2439.92,0.2,2405.19
15166,3791.5,2438.21,0.2,2405.19
15167,3791.75,2439.84,1.4,2405.19
15168,3792.0,2440.57,1.2,2405.19
15169,3792.25,2440.8,0.1,2405.18
15170,3792.5,2440.8,0.2,2405.18
15171,3792.75,2441.29,0.2,2405.18
15172,3793.0,2441.52,0.9,2405.18
15173,3793.25,2441.76,0.2,2405.18
15174,3793.5,2441.53,0.3,2405.17
15175,3793.75,2441.77,0.2,2405.17
15176,3794.0,2442.24,0.1,2405.17
15177,3794.25,2442.71,0.3,2405.17
15178,3794.5,2443.69,1.4,2405.16
15179,3794.75,2443.93,0.1,2405.16
15180,3795.0,2444.18,0.2,2405.16
15181,3795.25,2444.84,0.4,2405.16
15182,3795.5,2445.32,0.7,2405.15
15183,3795.75,2445.56,0.1,2405.15
15184,3796.0,2445.8,0.4,2405.15
15185,3796.25,2445.3,0.2,2405.15
15186,3796.5,2444.8,0.1,2405.15
15187,3796.75,2445.28,0.1,2405.14
15188,3797.0,2443.3,1.0,2405.14
15189,3797.25,2443.54,0.3,2405.14
15190,3797.5,2443.29,0.4,2405.14
15191,3797.75,2443.41,0.2,2405.13
15192,3798.0,2442.36,0.9,2405.13
15193,3798.25,2442.85,0.3,2405.13
15194,3798.5,2443.11,0.2,2405.13
15195,3798.75,2443.35,0.1,2405.12
15196,3799.0,2443.57,0.2,2405.12
15197,3799.25,2442.3,0.2,2405.12
15198,3799.5,2444.71,1.2,2405.12
15199,3799.75,2444.72,0.3,2405.12
15200,3800.0,2444.98,0.2,2405.11
15201,3800.25,2445.23,0.3,2405.11
15202,3800.5,2444.8,0.8,2405.11
15203,3800.75,2445.25,0.2,2405.11
15204,3801.0,2445.27,0.2,2405.1
15205,3801.25,2445.76,0.4,2405.1
15206,3801.5,2446.01,0.1,2405.1
15207,3801.75,2446.23,0.2,2405.1
15208,3802.0,2445.05,1.6,2405.1
15209,3802.25,2445.3,0.2,2405.09
15210,3802.5,2445.54,0.3,2405.09
15211,3802.75,2446.29,0.2,2405.09
15212,3803.0,2446.54,0.7,2405.09
15213,3803.25,2447.0,0.2,2405.08
15214,3803.5,2446.98,0.2,2405.08
15215,3803.75,2444.81,0.2,2405.08
15216,3804.0,2445.05,0.2,2405.08
15217,3804.25,2444.54,0.2,2405.07
15218,3804.5,2444.77,1.2,2405.07
15219,3804.75,2444.52,0.2,2405.07
15220,3805.0,2444.52,0.4,2405.07
15221,3805.25,2444.52,0.2,2405.07
15222,3805.5,2444.88,0.6,2405.06
15223,3805.75,2444.38,0.2,2405.06
15224,3806.0,2444.38,0.2,2405.06
15225,3806.25,2444.86,0.1,2405.06
15226,3806.5,2444.85,0.1,2405.05
15227,3806.75,2444.84,0.2,2405.05
15228,3807.0,2445.09,1.1,2405.05
15229,3807.25,2445.3,0.1,2405.05
15230,3807.5,2445.29,0.3,2405.04
15231,3807.75,2445.53,0.1,2405.04
15232,3808.0,2443.87,1.1,2405.04
15233,3808.25,2444.56,0.3,2405.04
15234,3808.5,2444.32,0.3,2405.04
15235,3808.75,2444.78,0.1,2405.03
15236,3809.0,2444.78,0.2,2405.03
15237,3809.25,2445.28,0.2,2405.03
15238,3809.5,2446.02,1.3,2405.03
15239,3809.75,2445.78,0.2,2405.02
15240,3810.0,2445.77,0.4,2405.02
15241,3810.25,2446.33,0.1,2405.02
15242,3810.5,2445.19,1.0,2405.02
15243,3810.75,2445.92,0.4,2405.01
15244,3811.0,2445.93,0.1,2405.01
15245,3811.25,2446.38,0.2,2405.01
15246,3811.5,2446.37,0.2,2405.01
15247,3811.75,2446.36,0.1,2405.01
15248,3812.0,2450.03,1.1,2405.0
15249,3812.25,2449.79,0.3,2405.0
15250,3812.5,2449.79,0.4,2405.0
15251,3812.75,2450.02,0.4,2405.0
15252,3813.0,2450.0,0.4,2404.99
15253,3813.25,2450.5,0.4,2404.99
15254,3813.5,2450.57,0.2,2404.99
15255,3813.75,2450.07,0.1,2404.99
15256,3814.0,2450.06,0.2,2404.99
15257,3814.25,2440.0,1.9,2404.98
15258,3814.5,2440.23,0.2,2404.98
15259,3814.75,2440.71,0.2,2404.98
15260,3815.0,2439.29,0.2,2404.98
15261,3815.25,2439.53,0.2,2404.97
15262,3815.5,2439.01,0.4,2404.97
15263,3815.75,2439.5,0.2,2404.97
15264,3816.0,2439.73,0.2,2404.97
15265,3816.25,2435.63,0.4,2404.96
15266,3816.5,2434.11,0.2,2404.96
15267,3816.75,2396.21,7.6,2404.96
15268,3817.0,2396.46,0.4,2404.96
15269,3817.25,2397.19,0.3,2404.96
15270,3817.5,2394.72,0.3,2404.95
15271,3817.75,2395.17,0.2,2404.95
15272,3818.0,2395.41,0.3,2404.95
15273,3818.25,2395.63,0.2,2404.95
15274,3818.5,2395.71,0.7,2404.94
15275,3818.75,2394.52,0.2,2404.94
15276,3819.0,2394.76,0.1,2404.94
15277,3819.25,2395.21,0.2,2404.94
15278,3819.5,2395.46,0.3,2404.93
15279,3819.75,2394.96,0.2,2404.93
15280,3820.0,2395.67,0.2,2404.93
15281,3820.25,2395.67,0.2,2404.93
15282,3820.5,2395.65,0.4,2404.93
15283,3820.75,2395.86,1.1,2404.92
15284,3821.0,2396.34,0.2,2404.92
15285,3821.25,2398.24,2.7,2404.92
15286,3821.5,2397.99,0.3,2404.92
15287,3821.75,2398.45,0.2,2404.91
15288,3822.0,2398.94,0.2,2404.91
15289,3822.25,2399.17,0.2,2404.91
15290,3822.5,2398.92,0.3,2404.91
15291,3822.75,2399.16,0.2,2404.9
15292,3823.0,2399.36,0.2,2404.9
15293,3823.25,2399.6,0.2,2404.9
15294,3823.5,2400.06,0.4,2404.9
15295,3823.75,2400.05,0.2,2404.9
15296,3824.0,2400.51,0.2,2404.89
15297,3824.25,2399.33,0.2,2404.89
15298,3824.5,2399.19,0.1,2404.89
15299,3824.75,2399.18,0.2,2404.89
15300,3825.0,2398.0,0.2,2404.88
15301,3825.25,2398.47,0.1,2404.88
15302,3825.5,2398.68,0.2,2404.88
15303,3825.75,2398.68,0.2,2404.88
15304,3826.0,2398.66,0.3,2404.88
15305,3826.25,2398.66,0.1,2404.87
15306,3826.5,2395.51,0.2,2404.87
15307,3826.75,2395.5,0.1,2404.87
15308,3827.0,2395.51,0.4,2404.87
15309,3827.25,2395.5,0.2,2404.86
15310,3827.5,2395.96,0.1,2404.86
15311,3827.75,2396.2,0.3,2404.86
15312,3828.0,2396.16,0.3,2404.86
15313,3828.25,2396.65,0.2,2404.85
15314,3828.5,2393.96,3.6,2404.85
15315,3828.75,2397.38,0.5,2404.85
15316,3829.0,2396.72,6.7,2404.85
15317,3829.25,2397.64,6.6,2404.85
15318,3829.5,2394.4,6.5,2404.84
15319,3829.75,2393.9,3.9,2404.84
15320,3830.0,2394.12,0.3,2404.84
15321,3830.25,2394.36,0.2,2404.84
15322,3830.5,2394.83,0.3,2404.83
15323,3830.75,2395.04,0.2,2404.83
15324,3831.0,2395.41,0.2,2404.83
15325,3831.25,2396.09,0.1,2404.83
15326,3831.5,2396.07,0.3,2404.82
15327,3831.75,2396.27,0.3,2404.82
15328,3832.0,2396.63,0.3,2404.82
15329,3832.25,2395.16,0.3,2404.82
15330,3832.5,2394.75,0.1,2404.82
15331,3832.75,2395.06,0.2,2404.81
15332,3833.0,2395.28,0.2,2404.81
15333,3833.25,2395.26,0.2,2404.81
15334,3833.5,2395.12,1.4,2404.81
15335,3833.75,2395.59,0.3,2404.8
15336,3834.0,2395.58,0.1,2404.8
15337,3834.25,2395.55,0.2,2404.8
15338,3834.5,2395.79,0.2,2404.8
15339,3834.75,2395.78,0.2,2404.8
15340,3835.0,2396.5,0.1,2404.79
15341,3835.25,2396.73,0.3,2404.79
15342,3835.5,2395.28,0.2,2404.79
15343,3835.75,2395.75,0.2,2404.79
15344,3836.0,2394.45,0.1,2404.78
15345,3836.25,2395.67,0.7,2404.78
15346,3836.5,2395.9,0.3,2404.78
15347,3836.75,2395.88,0.3,2404.78
15348,3837.0,2396.11,0.4,2404.77
15349,3837.25,2396.31,0.2,2404.77
15350,3837.5,2396.79,0.3,2404.77
15351,3837.75,2397.02,0.2,2404.77
15352,3838.0,2397.0,0.2,2404.77
15353,3838.25,2398.26,0.3,2404.76
15354,3838.5,2397.55,0.2,2404.76
15355,3838.75,2396.31,0.2,2404.76
15356,3839.0,2396.5,0.2,2404.76
15357,3839.25,2396.49,0.3,2404.75
15358,3839.5,2396.71,0.2,2404.75
15359,3839.75,2396.95,0.1,2404.75
15360,3840.0,2396.93,0.2,2404.75
15361,3840.25,2397.13,0.2,2404.74
15362,3840.5,2397.31,0.1,2404.74
15363,3840.75,2397.75,0.2,2404.74
15364,3841.0,2397.98,0.2,2404.74
15365,3841.25,2398.21,0.2,2404.74
15366,3841.5,2396.54,0.2,2404.73
15367,3841.75,2397.0,0.2,2404.73
15368,3842.0,2397.69,0.2,2404.73
15369,3842.25,2398.16,0.1,2404.73
15370,3842.5,2398.37,0.3,2404.72
15371,3842.75,2398.12,0.1,2404.72
15372,3843.0,2398.32,0.4,2404.72
15373,3843.25,2393.2,0.4,2404.72
15374,3843.5,2393.96,0.6,2404.71
15375,3843.75,2393.75,0.6,2404.71
15376,3844.0,2389.32,0.3,2404.71
15377,3844.25,2389.05,0.2,2404.71
15378,3844.5,2388.81,0.2,2404.71
15379,3844.75,2389.29,0.2,2404.7
15380,3845.0,2389.52,0.2,2404.7
15381,3845.25,2389.0,0.1,2404.7
15382,3845.5,2388.75,0.2,2404.7
15383,3845.75,2388.7,0.1,2404.69
15384,3846.0,2389.19,0.1,2404.69
15385,3846.25,2389.19,0.1,2404.69
15386,3846.5,2388.69,0.1,2404.69
15387,3846.75,2388.69,0.2,2404.69
15388,3847.0,2388.91,0.2,2404.68
15389,3847.25,2388.68,0.1,2404.68
15390,3847.5,2388.68,0.2,2404.68
15391,3847.75,2388.44,0.1,2404.68
15392,3848.0,2388.93,0.2,2404.67
15393,3848.25,2386.55,0.2,2404.67
15394,3848.5,2386.58,0.1,2404.67
15395,3848.75,2387.29,0.2,2404.67
15396,3849.0,2387.02,0.2,2404.66
15397,3849.25,2387.48,0.2,2404.66
15398,3849.5,2387.22,0.2,2404.66
15399,3849.75,2387.45,0.2,2404.66
15400,3850.0,2387.67,0.2,2404.66
15401,3850.25,2387.63,0.2,2404.65
15402,3850.5,2387.86,0.2,2404.65
15403,3850.75,2388.05,0.2,2404.65
15404,3851.0,2388.04,0.4,2404.65
15405,3851.25,2387.45,0.4,2404.64
15406,3851.5,2386.95,0.2,2404.64
15407,3851.75,2387.41,0.3,2404.64
15408,3852.0,2387.89,0.2,2404.64
15409,3852.25,2388.11,0.2,2404.63
15410,3852.5,2386.85,0.2,2404.63
15411,3852.75,2387.09,0.1,2404.63
15412,3853.0,2387.32,0.2,2404.63
15413,3853.25,2387.36,0.3,2404.63
15414,3853.5,2387.59,0.1,2404.62
15415,3853.75,2385.77,0.1,2404.62
15416,3854.0,2386.21,0.3,2404.62
15417,3854.25,2386.43,0.3,2404.62
15418,3854.5,2386.86,0.2,2404.61
15419,3854.75,2387.09,0.2,2404.61
15420,3855.0,2387.07,0.2,2404.61
15421,3855.25,2387.3,0.3,2404.61
15422,3855.5,2387.27,0.2,2404.6
15423,3855.75,2387.95,0.2,2404.6
15424,3856.0,2388.42,0.2,2404.6
15425,3856.25,2388.3,0.4,2404.6
15426,3856.5,2388.52,0.1,2404.6
15427,3856.75,2388.76,0.2,2404.59
15428,3857.0,2388.52,0.2,2404.59
15429,3857.25,2387.2,0.4,2404.59
15430,3857.5,2387.45,0.5,2404.59
15431,3857.75,2387.44,0.3,2404.58
15432,3858.0,2387.68,0.1,2404.58
15433,3858.25,2387.44,0.2,2404.58
15434,3858.5,2387.09,0.3,2404.58
15435,3858.75,2387.74,0.2,2404.58
15436,3859.0,2387.73,0.1,2404.57
15437,3859.25,2387.73,0.1,2404.57
15438,3859.5,2387.71,0.2,2404.57
15439,3859.75,2387.47,0.2,2404.57
15440,3860.0,2387.47,0.2,2404.56
15441,3860.25,2387.71,0.1,2404.56
15442,3860.5,2388.19,0.2,2404.56
15443,3860.75,2387.94,0.1,2404.56
15444,3861.0,2388.43,0.1,2404.55
15445,3861.25,2388.4,0.1,2404.55
15446,3861.5,2388.86,0.2,2404.55
15447,3861.75,2388.6,0.1,2404.55
15448,3862.0,2389.07,0.3,2404.55
15449,3862.25,2389.33,0.2,2404.54
15450,3862.5,2389.56,0.2,2404.54
15451,3862.75,2388.12,0.2,2404.54
15452,3863.0,2387.63,0.1,2404.54
15453,3863.25,2387.42,0.2,2404.53
15454,3863.5,2387.66,0.1,2404.53
15455,3863.75,2387.88,0.1,2404.53
15456,3864.0,2387.62,0.2,2404.53
15457,3864.25,2387.9,0.2,2404.52
15458,3864.5,2388.11,0.1,2404.52
15459,3864.75,2388.34,0.1,2404.52
15460,3865.0,2388.32,0.1,2404.52
15461,3865.25,2388.78,0.2,2404.52
15462,3865.5,2389.22,0.2,2404.51
15463,3865.75,2389.45,0.2,2404.51
15464,3866.0,2388.14,0.3,2404.51
15465,3866.25,2387.88,0.2,2404.51
15466,3866.5,2388.1,0.2,2404.5
15467,3866.75,2387.82,0.2,2404.5
15468,3867.0,2387.55,0.1,2404.5
15469,3867.25,2387.53,0.3,2404.5
15470,3867.5,2387.51,0.1,2404.5
15471,3867.75,2387.48,0.2,2404.49
15472,3868.0,2387.18,0.1,2404.49
15473,3868.25,2386.03,0.5,2404.49
15474,3868.5,2386.5,0.2,2404.49
15475,3868.75,2386.46,0.1,2404.48
15476,3869.0,2386.2,0.3,2404.48
15477,3869.25,2386.42,0.2,2404.48
15478,3869.5,2386.4,0.3,2404.48
15479,3869.75,2386.12,0.2,2404.47
15480,3870.0,2386.34,0.2,2404.47
15481,3870.25,2385.84,0.2,2404.47
15482,3870.5,2386.3,0.2,2404.47
15483,3870.75,2386.8,0.2,2404.47
15484,3871.0,2386.98,0.2,2404.46
15485,3871.25,2387.67,0.2,2404.46
15486,3871.5,2387.65,0.2,2404.46
15487,3871.75,2387.63,0.3,2404.46
15488,3872.0,2387.37,0.2,2404.45
15489,3872.25,2387.85,0.2,2404.45
15490,3872.5,2387.84,0.2,2404.45
15491,3872.75,2387.83,0.2,2404.45
15492,3873.0,2387.57,0.1,2404.44
15493,3873.25,2375.0,0.4,2404.44
15494,3873.5,2375.96,0.3,2404.44
15495,3873.75,2368.56,0.3,2404.44
15496,3874.0,2368.54,0.2,2404.44
15497,3874.25,2368.77,0.2,2404.43
15498,3874.5,2368.95,0.1,2404.43
15499,3874.75,2369.19,0.2,2404.43
15500,3875.0,2368.94,0.2,2404.43
15501,3875.25,2369.18,0.2,2404.42
15502,3875.5,2369.41,0.2,2404.42
15503,3875.75,2369.16,0.2,2404.42
15504,3876.0,2369.41,0.1,2404.42
15505,3876.25,2369.65,0.2,2404.41
15506,3876.5,2367.73,0.1,2404.41
15507,3876.75,2367.71,0.2,2404.41
15508,3877.0,2368.19,0.1,2404.41
15509,3877.25,2368.64,0.2,2404.41
15510,3877.5,2368.64,0.2,2404.4
15511,3877.75,2368.87,0.2,2404.4
15512,3878.0,2368.86,0.2,2404.4
15513,3878.25,2368.71,0.4,2404.4
15514,3878.5,2368.67,0.2,2404.39
15515,3878.75,2369.13,0.2,2404.39
15516,3879.0,2369.38,0.1,2404.39
15517,3879.25,2369.25,0.2,2404.39
15518,3879.5,2368.73,0.2,2404.39
15519,3879.75,2368.46,0.2,2404.38
15520,3880.0,2368.71,0.2,2404.38
15521,3880.25,2367.17,0.2,2404.38
15522,3880.5,2367.66,0.2,2404.38
15523,3880.75,2367.16,0.2,2404.37
15524,3881.0,2366.74,0.2,2404.37
15525,3881.25,2366.73,0.2,2404.37
15526,3881.5,2366.59,0.2,2404.37
15527,3881.75,2367.29,0.2,2404.36
15528,3882.0,2367.03,0.2,2404.36
15529,3882.25,2367.27,0.1,2404.36
15530,3882.5,2364.72,0.1,2404.36
15531,3882.75,2364.73,0.2,2404.36
15532,3883.0,2364.97,0.2,2404.35
15533,3883.25,2364.74,0.2,2404.35
15534,3883.5,2363.68,0.2,2404.35
15535,3883.75,2364.14,0.1,2404.35
15536,3884.0,2364.14,0.1,2404.34
15537,3884.25,2364.83,0.1,2404.34
15538,3884.5,2364.32,0.2,2404.34
15539,3884.75,2364.55,0.2,2404.34
15540,3885.0,2365.02,0.1,2404.33
15541,3885.25,2365.02,0.2,2404.33
15542,3885.5,2364.99,0.2,2404.33
15543,3885.75,2364.97,0.2,2404.33
15544,3886.0,2365.2,0.1,2404.33
15545,3886.25,2365.16,0.2,2404.32
15546,3886.5,2365.16,0.2,2404.32
15547,3886.75,2365.62,0.1,2404.32
15548,3887.0,2365.86,0.2,2404.32
15549,3887.25,2366.08,0.2,2404.31
15550,3887.5,2366.09,0.2,2404.31
15551,3887.75,2365.1,0.1,2404.31
15552,3888.0,2364.66,0.2,2404.31
15553,3888.25,2364.56,0.4,2404.3
15554,3888.5,2366.34,0.1,2404.3
15555,3888.75,2366.32,0.3,2404.3
15556,3889.0,2366.32,0.2,2404.3
15557,3889.25,2366.32,0.2,2404.3
15558,3889.5,2366.8,0.2,2404.29
15559,3889.75,2366.79,0.2,2404.29
15560,3890.0,2366.76,0.1,2404.29
15561,3890.25,2367.0,0.2,2404.29
15562,3890.5,2366.99,0.3,2404.28
15563,3890.75,2366.73,0.2,2404.28
15564,3891.0,2367.22,0.2,2404.28
15565,3891.25,2367.21,0.2,2404.28
15566,3891.5,2367.45,0.1,2404.28
15567,3891.75,2366.96,0.2,2404.27
15568,3892.0,2366.72,0.1,2404.27
15569,3892.25,2366.72,0.1,2404.27
15570,3892.5,2366.96,0.2,2404.27
15571,3892.75,2365.2,0.1,2404.26
15572,3893.0,2365.44,0.2,2404.26
15573,3893.25,2364.47,0.2,2404.26
15574,3893.5,2364.93,0.2,2404.26
15575,3893.75,2365.18,0.1,2404.25
15576,3894.0,2365.19,0.2,2404.25
15577,3894.25,2364.71,0.2,2404.25
15578,3894.5,2364.72,0.1,2404.25
15579,3894.75,2365.18,0.1,2404.25
15580,3895.0,2365.44,0.2,2404.24
15581,3895.25,2365.69,0.1,2404.24
15582,3895.5,2365.68,0.3,2404.24
15583,3895.75,2364.97,0.2,2404.24
15584,3896.0,2365.79,0.2,2404.23
15585,3896.25,2365.3,0.2,2404.23
15586,3896.5,2365.3,0.2,2404.23
15587,3896.75,2365.3,0.2,2404.23
15588,3897.0,2365.55,0.2,2404.22
15589,3897.25,2365.3,0.2,2404.22
15590,3897.5,2365.3,0.2,2404.22
15591,3897.75,2365.79,0.2,2404.22
15592,3898.0,2365.79,0.2,2404.22
15593,3898.25,2365.04,0.4,2404.21
15594,3898.5,2365.05,0.2,2404.21
15595,3898.75,2365.05,0.2,2404.21
15596,3899.0,2365.27,0.4,2404.21
15597,3899.25,2364.79,0.2,2404.2
15598,3899.5,2364.79,0.2,2404.2
15599,3899.75,2365.04,0.2,2404.2
15600,3900.0,2365.51,0.2,2404.2
15601,3900.25,2364.77,0.3,2404.2
15602,3900.5,2365.26,0.2,2404.19
15603,3900.75,2365.75,0.4,2404.19
15604,3901.0,2365.76,0.2,2404.19
15605,3901.25,2365.51,0.2,2404.19
15606,3901.5,2363.44,0.1,2404.18
15607,3901.75,2363.9,0.1,2404.18
15608,3902.0,2364.64,0.3,2404.18
15609,3902.25,2364.16,0.1,2404.18
15610,3902.5,2364.41,0.2,2404.17
15611,3902.75,2364.88,0.1,2404.17
15612,3903.0,2366.16,0.4,2404.17
15613,3903.25,2365.62,0.3,2404.17
15614,3903.5,2365.17,0.2,2404.17
15615,3903.75,2365.3,0.2,2404.16
15616,3904.0,2365.54,0.2,2404.16
15617,3904.25,2366.02,0.1,2404.16
15618,3904.5,2364.25,0.1,2404.16
15619,3904.75,2364.0,0.2,2404.15
15620,3905.0,2364.24,0.1,2404.15
15621,3905.25,2364.48,0.1,2404.15
15622,3905.5,2364.94,0.2,2404.15
15623,3905.75,2364.93,0.2,2404.14
15624,3906.0,2364.92,0.2,2404.14
15625,3906.25,2365.17,0.1,2404.14
15626,3906.5,2365.17,0.2,2404.14
15627,3906.75,2364.66,0.2,2404.14
15628,3907.0,2364.65,0.2,2404.13
15629,3907.25,2364.64,0.1,2404.13
15630,3907.5,2364.39,0.2,2404.13
15631,3907.75,2364.63,0.2,2404.13
15632,3908.0,2365.42,0.2,2404.12
15633,3908.25,2365.65,0.1,2404.12
15634,3908.5,2365.64,0.2,2404.12
15635,3908.75,2365.41,0.1,2404.12
15636,3909.0,2365.39,0.2,2404.11
15637,3909.25,2365.6,0.1,2404.11
15638,3909.5,2365.59,0.1,2404.11
15639,3909.75,2365.35,0.1,2404.11
15640,3910.0,2365.34,0.1,2404.11
15641,3910.25,2365.33,0.2,2404.1
15642,3910.5,2365.3,0.2,2404.1
15643,3910.75,2365.31,0.1,2404.1
15644,3911.0,2365.89,0.1,2404.1
15645,3911.25,2366.05,0.3,2404.09
15646,3911.5,2366.04,0.1,2404.09
15647,3911.75,2366.05,0.2,2404.09
15648,3912.0,2366.05,0.1,2404.09
15649,3912.25,2366.04,0.2,2404.09
15650,3912.5,2366.29,0.2,2404.08
15651,3912.75,2366.78,0.2,2404.08
15652,3913.0,2367.08,0.2,2404.08
15653,3913.25,2366.84,0.1,2404.08
15654,3913.5,2367.31,0.2,2404.07
15655,3913.75,2367.32,0.4,2404.07
15656,3914.0,2367.32,0.1,2404.07
15657,3914.25,2367.32,0.2,2404.07
15658,3914.5,2367.33,0.1,2404.06
15659,3914.75,2366.83,0.2,2404.06
15660,3915.0,2367.07,0.1,2404.06
15661,3915.25,2367.07,0.1,2404.06
15662,3915.5,2367.32,0.2,2404.06
15663,3915.75,2367.08,0.2,2404.05
15664,3916.0,2367.06,0.1,2404.05
15665,3916.25,2367.3,0.2,2404.05
15666,3916.5,2367.3,0.2,2404.05
15667,3916.75,2366.81,0.1,2404.04
15668,3917.0,2366.55,0.2,2404.04
15669,3917.25,2366.8,0.2,2404.04
15670,3917.5,2365.94,0.3,2404.04
15671,3917.75,2364.89,0.2,2404.03
15672,3918.0,2365.22,0.2,2404.03
15673,3918.25,2365.46,0.2,2404.03
15674,3918.5,2364.19,0.1,2404.03
15675,3918.75,2364.52,0.2,2404.03
15676,3919.0,2364.34,0.2,2404.02
15677,3919.25,2364.59,0.1,2404.02
15678,3919.5,2364.82,0.3,2404.02
15679,3919.75,2365.28,0.2,2404.02
15680,3920.0,2365.49,0.1,2404.01
15681,3920.25,2365.74,0.3,2404.01
15682,3920.5,2365.97,0.1,2404.01
15683,3920.75,2366.21,0.1,2404.01
15684,3921.0,2365.96,0.2,2404.0
15685,3921.25,2365.95,0.2,2404.0
15686,3921.5,2366.19,0.1,2404.0
15687,3921.75,2366.18,0.2,2404.0
15688,3922.0,2366.18,0.1,2404.0
15689,3922.25,2366.42,0.2,2403.99
15690,3922.5,2366.41,0.1,2403.99
15691,3922.75,2366.38,0.2,2403.99
15692,3923.0,2366.62,0.1,2403.99
15693,3923.25,2366.86,0.1,2403.98
15694,3923.5,2366.61,0.2,2403.98
15695,3923.75,2366.86,0.1,2403.98
15696,3924.0,2367.34,0.2,2403.98
15697,3924.25,2367.54,0.2,2403.98
15698,3924.5,2366.22,0.1,2403.97
15699,3924.75,2366.7,0.2,2403.97
15700,3925.0,2366.95,0.1,2403.97
15701,3925.25,2365.43,0.2,2403.97
15702,3925.5,2366.19,0.2,2403.96
15703,3925.75,2366.43,0.2,2403.96
15704,3926.0,2366.68,0.1,2403.96
15705,3926.25,2366.83,0.2,2403.96
15706,3926.5,2366.82,0.1,2403.95
15707,3926.75,2366.57,0.2,2403.95
15708,3927.0,2367.05,0.2,2403.95
15709,3927.25,2367.29,0.2,2403.95
15710,3927.5,2367.54,0.1,2403.95
15711,3927.75,2366.5,0.3,2403.94
15712,3928.0,2366.51,0.2,2403.94
15713,3928.25,2366.25,0.3,2403.94
15714,3928.5,2366.75,0.2,2403.94
15715,3928.75,2367.0,0.2,2403.93
15716,3929.0,2367.23,0.2,2403.93
15717,3929.25,2367.47,0.2,2403.93
15718,3929.5,2367.71,0.1,2403.93
15719,3929.75,2367.46,0.2,2403.92
15720,3930.0,2367.45,0.2,2403.92
15721,3930.25,2367.94,0.1,2403.92
15722,3930.5,2368.18,0.2,2403.92
15723,3930.75,2367.3,0.2,2403.92
15724,3931.0,2367.54,0.4,2403.91
15725,3931.25,2367.79,0.1,2403.91
15726,3931.5,2367.77,0.1,2403.91
15727,3931.75,2367.98,0.2,2403.91
15728,3932.0,2367.98,0.2,2403.9
15729,3932.25,2368.23,0.2,2403.9
15730,3932.5,2367.46,0.4,2403.9
15731,3932.75,2367.45,0.4,2403.9
15732,3933.0,2366.4,0.2,2403.9
15733,3933.25,2366.4,0.2,2403.89
15734,3933.5,2366.86,0.1,2403.89
15735,3933.75,2367.02,0.2,2403.89
15736,3934.0,2367.52,0.1,2403.89
15737,3934.25,2367.28,0.3,2403.88
15738,3934.5,2367.23,0.1,2403.88
15739,3934.75,2367.23,0.2,2403.88
15740,3935.0,2367.23,0.2,2403.88
15741,3935.25,2367.48,0.3,2403.87
15742,3935.5,2367.46,0.1,2403.87
15743,3935.75,2367.7,0.1,2403.87
15744,3936.0,2367.95,0.5,2403.87
15745,3936.25,2367.46,0.3,2403.87
15746,3936.5,2367.95,0.2,2403.86
15747,3936.75,2367.95,0.1,2403.86
15748,3937.0,2368.44,0.2,2403.86
15749,3937.25,2368.2,0.1,2403.86
15750,3937.5,2366.36,0.3,2403.85
15751,3937.75,2366.58,0.1,2403.85
15752,3938.0,2366.82,0.3,2403.85
15753,3938.25,2367.06,0.2,2403.85
15754,3938.5,2367.56,0.2,2403.84
15755,3938.75,2367.56,0.2,2403.84
15756,3939.0,2367.77,0.2,2403.84
15757,3939.25,2368.02,0.2,2403.84
15758,3939.5,2368.02,0.3,2403.84
15759,3939.75,2368.27,0.1,2403.83
15760,3940.0,2368.02,0.3,2403.83
15761,3940.25,2367.84,0.2,2403.83
15762,3940.5,2367.61,0.1,2403.83
15763,3940.75,2367.36,0.2,2403.82
15764,3941.0,2367.12,0.2,2403.82
15765,3941.25,2366.84,0.1,2403.82
15766,3941.5,2366.58,0.1,2403.82
15767,3941.75,2367.31,0.2,2403.81
15768,3942.0,2367.55,0.2,2403.81
15769,3942.25,2367.31,0.1,2403.81
15770,3942.5,2368.29,0.3,2403.81
15771,3942.75,2368.05,0.2,2403.81
15772,3943.0,2367.54,0.2,2403.8
15773,3943.25,2367.78,0.1,2403.8
15774,3943.5,2366.59,0.3,2403.8
15775,3943.75,2366.59,0.2,2403.8
15776,3944.0,2366.73,0.1,2403.79
15777,3944.25,2366.71,0.2,2403.79
15778,3944.5,2366.7,0.1,2403.79
15779,3944.75,2366.94,0.2,2403.79
15780,3945.0,2367.18,0.2,2403.79
15781,3945.25,2366.68,0.1,2403.78
15782,3945.5,2366.91,0.2,2403.78
15783,3945.75,2367.15,0.2,2403.78
15784,3946.0,2366.91,0.2,2403.78
15785,3946.25,2367.14,0.2,2403.77
15786,3946.5,2367.14,0.2,2403.77
15787,3946.75,2367.6,0.1,2403.77
15788,3947.0,2367.8,0.2,2403.77
15789,3947.25,2366.58,0.3,2403.76
15790,3947.5,2366.57,0.4,2403.76
15791,3947.75,2367.09,0.2,2403.76
15792,3948.0,2366.83,0.1,2403.76
15793,3948.25,2366.59,0.2,2403.76
15794,3948.5,2366.83,0.2,2403.75
15795,3948.75,2366.81,0.2,2403.75
15796,3949.0,2366.51,0.3,2403.75
15797,3949.25,2366.01,0.2,2403.75
15798,3949.5,2366.46,0.2,2403.74
15799,3949.75,2366.46,0.2,2403.74
15800,3950.0,2366.46,0.2,2403.74
15801,3950.25,2366.9,0.1,2403.74
15802,3950.5,2367.14,0.2,2403.73
15803,3950.75,2367.38,0.2,2403.73
15804,3951.0,2367.62,0.2,2403.73
15805,3951.25,2367.86,0.3,2403.73
15806,3951.5,2368.1,0.2,2403.73
15807,3951.75,2368.11,0.2,2403.72
15808,3952.0,2368.06,0.1,2403.72
15809,3952.25,2367.77,0.2,2403.72
15810,3952.5,2368.02,0.1,2403.72
15811,3952.75,2367.98,0.1,2403.71
15812,3953.0,2367.73,0.2,2403.71
15813,3953.25,2367.98,0.1,2403.71
15814,3953.5,2367.73,0.1,2403.71
15815,3953.75,2367.71,0.2,2403.7
15816,3954.0,2367.71,0.1,2403.7
15817,3954.25,2367.95,0.3,2403.7
15818,3954.5,2367.94,0.1,2403.7
15819,3954.75,2368.68,0.1,2403.7
15820,3955.0,2368.89,0.2,2403.69
15821,3955.25,2369.1,0.3,2403.69
15822,3955.5,2369.09,0.1,2403.69
15823,3955.75,2369.09,0.2,2403.69
15824,3956.0,2369.08,0.2,2403.68
15825,3956.25,2368.82,0.2,2403.68
15826,3956.5,2369.0,0.2,2403.68
15827,3956.75,2369.01,0.2,2403.68
15828,3957.0,2369.01,0.3,2403.68
15829,3957.25,2369.02,0.2,2403.67
15830,3957.5,2369.27,0.3,2403.67
15831,3957.75,2367.72,0.2,2403.67
15832,3958.0,2368.43,0.2,2403.67
15833,3958.25,2368.44,0.2,2403.66
15834,3958.5,2368.42,0.2,2403.66
15835,3958.75,2366.72,0.2,2403.66
15836,3959.0,2366.71,0.1,2403.66
15837,3959.25,2367.2,0.2,2403.65
15838,3959.5,2367.43,0.2,2403.65
15839,3959.75,2367.41,0.2,2403.65
15840,3960.0,2366.14,0.1,2403.65
15841,3960.25,2367.09,0.1,2403.65
15842,3960.5,2367.32,0.2,2403.64
15843,3960.75,2366.05,0.1,2403.64
15844,3961.0,2366.28,0.2,2403.64
15845,3961.25,2366.53,0.2,2403.64
15846,3961.5,2366.76,0.2,2403.63
15847,3961.75,2367.01,0.1,2403.63
15848,3962.0,2366.1,0.4,2403.63
15849,3962.25,2366.09,0.3,2403.63
15850,3962.5,2366.33,0.2,2403.62
15851,3962.75,2366.57,0.2,2403.62
15852,3963.0,2366.32,0.2,2403.62
15853,3963.25,2366.53,0.1,2403.62
15854,3963.5,2365.35,0.4,2403.62
15855,3963.75,2365.88,0.2,2403.61
15856,3964.0,2365.62,0.1,2403.61
15857,3964.25,2365.86,0.2,2403.61
15858,3964.5,2366.07,0.2,2403.61
15859,3964.75,2366.54,0.2,2403.6
15860,3965.0,2367.04,0.1,2403.6
15861,3965.25,2367.27,0.2,2403.6
15862,3965.5,2367.51,0.1,2403.6
15863,3965.75,2367.25,0.1,2403.6
15864,3966.0,2367.46,0.1,2403.59
15865,3966.25,2367.7,0.2,2403.59
15866,3966.5,2368.16,0.2,2403.59
15867,3966.75,2368.65,0.1,2403.59
15868,3967.0,2368.15,0.2,2403.58
15869,3967.25,2368.14,0.2,2403.58
15870,3967.5,2368.38,0.1,2403.58
15871,3967.75,2368.86,0.1,2403.58
15872,3968.0,2369.1,0.2,2403.57
15873,3968.25,2369.09,0.2,2403.57
15874,3968.5,2369.33,0.2,2403.57
15875,3968.75,2369.57,0.2,2403.57
15876,3969.0,2369.56,0.1,2403.57
15877,3969.25,2369.79,0.2,2403.56
15878,3969.5,2370.05,0.1,2403.56
15879,3969.75,2369.24,0.1,2403.56
15880,3970.0,2369.48,0.2,2403.56
15881,3970.25,2369.73,0.2,2403.55
15882,3970.5,2369.73,0.3,2403.55
15883,3970.75,2369.72,0.1,2403.55
15884,3971.0,2369.73,0.1,2403.55
15885,3971.25,2369.49,0.2,2403.54
15886,3971.5,2369.73,0.2,2403.54
15887,3971.75,2370.21,0.2,2403.54
15888,3972.0,2369.09,0.4,2403.54
15889,3972.25,2369.39,0.1,2403.54
15890,3972.5,2369.39,0.2,2403.53
15891,3972.75,2369.64,0.2,2403.53
15892,3973.0,2369.64,0.1,2403.53
15893,3973.25,2369.66,0.1,2403.53
15894,3973.5,2370.12,0.3,2403.52
15895,3973.75,2370.13,0.2,2403.52
15896,3974.0,2370.39,0.2,2403.52
15897,3974.25,2370.15,0.2,2403.52
15898,3974.5,2370.16,0.2,2403.51
15899,3974.75,2370.16,0.4,2403.51
15900,3975.0,2370.15,0.1,2403.51
15901,3975.25,2369.91,0.1,2403.51
15902,3975.5,2370.16,0.2,2403.51
15903,3975.75,2370.16,0.1,2403.5
15904,3976.0,2368.56,0.2,2403.5
15905,3976.25,2368.58,0.1,2403.5
15906,3976.5,2369.04,0.2,2403.5
15907,3976.75,2369.6,0.3,2403.49
15908,3977.0,2369.36,0.1,2403.49
15909,3977.25,2368.18,0.2,2403.49
15910,3977.5,2368.61,0.1,2403.49
15911,3977.75,2368.86,0.3,2403.49
15912,3978.0,2369.08,0.2,2403.48
15913,3978.25,2369.1,0.1,2403.48
15914,3978.5,2369.05,0.1,2403.48
15915,3978.75,2369.07,0.2,2403.48
15916,3979.0,2369.32,0.2,2403.47
15917,3979.25,2369.32,0.1,2403.47
15918,3979.5,2369.32,0.3,2403.47
15919,3979.75,2369.35,0.1,2403.47
15920,3980.0,2368.86,0.3,2403.46
15921,3980.25,2368.6,0.1,2403.46
15922,3980.5,2368.85,0.1,2403.46
15923,3980.75,2369.07,0.2,2403.46
15924,3981.0,2368.58,0.2,2403.46
15925,3981.25,2368.79,0.3,2403.45
15926,3981.5,2368.8,0.2,2403.45
15927,3981.75,2368.06,0.2,2403.45
15928,3982.0,2368.06,0.2,2403.45
15929,3982.25,2368.31,0.1,2403.44
15930,3982.5,2368.31,0.2,2403.44
15931,3982.75,2368.06,0.2,2403.44
15932,3983.0,2367.82,0.2,2403.44
15933,3983.25,2368.78,0.2,2403.43
15934,3983.5,2368.53,0.2,2403.43
15935,3983.75,2366.54,0.2,2403.43
15936,3984.0,2366.54,0.2,2403.43
15937,3984.25,2366.54,0.2,2403.43
15938,3984.5,2367.28,0.2,2403.42
15939,3984.75,2366.24,0.2,2403.42
15940,3985.0,2366.73,0.2,2403.42
15941,3985.25,2366.72,0.2,2403.42
15942,3985.5,2366.72,0.2,2403.41
15943,3985.75,2366.46,0.2,2403.41
15944,3986.0,2366.45,0.1,2403.41
15945,3986.25,2367.16,0.2,2403.41
15946,3986.5,2367.39,0.2,2403.4
15947,3986.75,2367.18,0.5,2403.4
15948,3987.0,2366.93,0.1,2403.4
15949,3987.25,2364.7,0.2,2403.4
15950,3987.5,2365.19,0.2,2403.4
15951,3987.75,2364.94,0.2,2403.39
15952,3988.0,2365.18,0.2,2403.39
15953,3988.25,2365.17,0.1,2403.39
15954,3988.5,2365.15,0.3,2403.39
15955,3988.75,2365.14,0.3,2403.38
15956,3989.0,2365.13,0.1,2403.38
15957,3989.25,2365.6,0.2,2403.38
15958,3989.5,2365.59,0.2,2403.38
15959,3989.75,2365.8,0.2,2403.38
15960,3990.0,2366.04,0.1,2403.37
15961,3990.25,2366.52,0.3,2403.37
15962,3990.5,2366.03,0.1,2403.37
15963,3990.75,2364.72,0.1,2403.37
15964,3991.0,2364.96,0.2,2403.36
15965,3991.25,2365.44,0.1,2403.36
15966,3991.5,2365.45,0.3,2403.36
15967,3991.75,2364.31,0.2,2403.36
15968,3992.0,2364.46,0.4,2403.35
15969,3992.25,2364.91,0.2,2403.35
15970,3992.5,2365.15,0.2,2403.35
15971,3992.75,2365.39,0.2,2403.35
15972,3993.0,2364.89,0.2,2403.35
15973,3993.25,2365.12,0.1,2403.34
15974,3993.5,2365.34,0.4,2403.34
15975,3993.75,2365.33,0.1,2403.34
15976,3994.0,2365.57,0.3,2403.34
15977,3994.25,2365.8,0.2,2403.33
15978,3994.5,2366.27,0.2,2403.33
15979,3994.75,2366.25,0.2,2403.33
15980,3995.0,2366.86,0.1,2403.33
15981,3995.25,2367.09,0.2,2403.32
15982,3995.5,2366.61,0.2,2403.32
15983,3995.75,2366.84,0.3,2403.32
15984,3996.0,2367.29,0.1,2403.32
15985,3996.25,2367.03,0.2,2403.32
15986,3996.5,2366.55,0.1,2403.31
15987,3996.75,2366.01,0.3,2403.31
15988,3997.0,2365.78,0.2,2403.31
15989,3997.25,2365.77,0.2,2403.31
15990,3997.5,2366.26,0.2,2403.3
15991,3997.75,2366.51,0.1,2403.3
15992,3998.0,2365.34,0.2,2403.3
15993,3998.25,2365.58,0.2,2403.3
15994,3998.5,2366.08,0.1,2403.3
15995,3998.75,2365.83,0.2,2403.29
15996,3999.0,2365.81,0.2,2403.29
15997,3999.25,2365.8,0.2,2403.29
15998,3999.5,2364.76,0.1,2403.29
15999,3999.75,2364.52,0.2,2403.28
16000,4000.0,2364.53,0.1,2403.28
16001,4000.25,2364.54,0.1,2403.28
16002,4000.5,2364.54,0.1,2403.28
16003,4000.75,2364.75,0.1,2403.27
16004,4001.0,2364.74,0.2,2403.27
16005,4001.25,2365.23,0.2,2403.27
16006,4001.5,2364.09,0.2,2403.27
16007,4001.75,2363.62,0.2,2403.27
16008,4002.0,2363.9,0.2,2403.26
16009,4002.25,2364.15,0.1,2403.26
16010,4002.5,2365.11,0.1,2403.26
16011,4002.75,2365.11,0.2,2403.26
16012,4003.0,2365.19,0.1,2403.25
16013,4003.25,2365.68,0.2,2403.25
16014,4003.5,2365.44,0.1,2403.25
16015,4003.75,2365.65,0.1,2403.25
16016,4004.0,2365.89,0.2,2403.24
16017,4004.25,2365.89,0.2,2403.24
16018,4004.5,2365.4,0.2,2403.24
16019,4004.75,2365.39,0.3,2403.24
16020,4005.0,2365.64,0.3,2403.24
16021,4005.25,2365.62,0.1,2403.23
16022,4005.5,2365.38,0.1,2403.23
16023,4005.75,2365.12,0.2,2403.23
16024,4006.0,2365.36,0.2,2403.23
16025,4006.25,2365.36,0.2,2403.22
16026,4006.5,2364.69,0.3,2403.22
16027,4006.75,2365.17,0.3,2403.22
16028,4007.0,2365.17,0.2,2403.22
16029,4007.25,2365.37,0.2,2403.21
16030,4007.5,2365.85,0.2,2403.21
16031,4007.75,2366.09,0.1,2403.21
16032,4008.0,2366.04,0.2,2403.21
16033,4008.25,2366.29,0.2,2403.21
16034,4008.5,2366.02,0.2,2403.2
16035,4008.75,2365.29,0.2,2403.2
16036,4009.0,2365.78,0.2,2403.2
16037,4009.25,2365.78,0.2,2403.2
16038,4009.5,2364.22,0.1,2403.19
16039,4009.75,2364.48,0.2,2403.19
16040,4010.0,2363.75,0.2,2403.19
16041,4010.25,2363.99,0.2,2403.19
16042,4010.5,2363.77,0.2,2403.19
16043,4010.75,2364.02,0.2,2403.18
16044,4011.0,2364.21,0.1,2403.18
16045,4011.25,2364.16,0.2,2403.18
16046,4011.5,2364.41,0.1,2403.18
16047,4011.75,2362.96,0.2,2403.17
16048,4012.0,2362.71,0.2,2403.17
16049,4012.25,2362.87,0.2,2403.17
16050,4012.5,2363.11,0.2,2403.17
16051,4012.75,2363.59,0.1,2403.16
16052,4013.0,2363.83,0.1,2403.16
16053,4013.25,2363.59,0.2,2403.16
16054,4013.5,2363.59,0.2,2403.16
16055,4013.75,2364.05,0.2,2403.16
16056,4014.0,2364.3,0.2,2403.15
16057,4014.25,2364.79,0.2,2403.15
16058,4014.5,2364.8,0.2,2403.15
16059,4014.75,2364.56,0.2,2403.15
16060,4015.0,2364.55,0.2,2403.14
16061,4015.25,2364.8,0.2,2403.14
16062,4015.5,2364.8,0.2,2403.14
16063,4015.75,2365.3,0.1,2403.14
16064,4016.0,2365.76,0.2,2403.13
16065,4016.25,2366.25,0.1,2403.13
16066,4016.5,2366.25,0.2,2403.13
16067,4016.75,2366.25,0.3,2403.13
16068,4017.0,2366.25,0.2,2403.13
16069,4017.25,2365.73,0.2,2403.12
16070,4017.5,2366.23,0.1,2403.12
16071,4017.75,2366.23,0.2,2403.12
16072,4018.0,2366.47,0.1,2403.12
16073,4018.25,2366.23,0.3,2403.11
16074,4018.5,2366.52,0.3,2403.11
16075,4018.75,2366.28,0.2,2403.11
16076,4019.0,2366.03,0.1,2403.11
16077,4019.25,2366.52,0.1,2403.1
16078,4019.5,2366.75,0.2,2403.1
16079,4019.75,2366.96,0.2,2403.1
16080,4020.0,2366.71,0.1,2403.1
16081,4020.25,2366.71,0.3,2403.1
16082,4020.5,2366.96,0.2,2403.09
16083,4020.75,2366.95,0.2,2403.09
16084,4021.0,2366.69,0.2,2403.09
16085,4021.25,2367.16,0.4,2403.09
16086,4021.5,2366.42,0.3,2403.08
16087,4021.75,2366.41,0.2,2403.08
16088,4022.0,2366.41,0.2,2403.08
16089,4022.25,2364.73,0.2,2403.08
16090,4022.5,2364.48,0.2,2403.08
16091,4022.75,2364.48,0.2,2403.07
16092,4023.0,2364.68,0.2,2403.07
16093,4023.25,2364.68,0.2,2403.07
16094,4023.5,2364.89,0.1,2403.07
16095,4023.75,2364.89,0.3,2403.06
16096,4024.0,2365.13,0.1,2403.06
16097,4024.25,2365.38,0.1,2403.06
16098,4024.5,2365.62,0.1,2403.06
16099,4024.75,2365.38,0.2,2403.05
16100,4025.0,2365.87,0.1,2403.05
16101,4025.25,2365.86,0.1,2403.05
16102,4025.5,2366.12,0.2,2403.05
16103,4025.75,2366.36,0.2,2403.05
16104,4026.0,2366.86,0.2,2403.04
16105,4026.25,2366.44,0.2,2403.04
16106,4026.5,2366.05,0.1,2403.04
16107,4026.75,2366.29,0.2,2403.04
16108,4027.0,2366.29,0.1,2403.03
16109,4027.25,2367.02,0.1,2403.03
16110,4027.5,2367.01,0.2,2403.03
16111,4027.75,2366.75,0.1,2403.03
16112,4028.0,2366.49,0.1,2403.02
16113,4028.25,2366.49,0.1,2403.02
16114,4028.5,2366.49,0.3,2403.02
16115,4028.75,2366.49,0.1,2403.02
16116,4029.0,2367.42,0.2,2403.02
16117,4029.25,2366.93,0.3,2403.01
16118,4029.5,2367.17,0.1,2403.01
16119,4029.75,2367.17,0.2,2403.01
16120,4030.0,2367.41,0.1,2403.01
16121,4030.25,2367.42,0.2,2403.0
16122,4030.5,2367.66,0.2,2403.0
16123,4030.75,2367.91,0.1,2403.0
16124,4031.0,2368.4,0.2,2403.0
16125,4031.25,2367.18,0.2,2403.0
16126,4031.5,2366.94,0.1,2402.99
16127,4031.75,2366.93,0.1,2402.99
16128,4032.0,2366.68,0.2,2402.99
16129,4032.25,2367.16,0.2,2402.99
16130,4032.5,2367.16,0.1,2402.98
16131,4032.75,2366.91,0.3,2402.98
16132,4033.0,2366.91,0.2,2402.98
16133,4033.25,2367.16,0.1,2402.98
16134,4033.5,2367.66,0.2,2402.97
16135,4033.75,2368.15,0.3,2402.97
16136,4034.0,2368.62,0.2,2402.97
16137,4034.25,2367.89,0.1,2402.97
16138,4034.5,2366.63,0.2,2402.97
16139,4034.75,2367.34,0.1,2402.96
16140,4035.0,2367.07,0.1,2402.96
16141,4035.25,2367.32,0.1,2402.96
16142,4035.5,2367.56,0.1,2402.96
16143,4035.75,2367.54,0.3,2402.95
16144,4036.0,2366.19,0.3,2402.95
16145,4036.25,2365.21,0.2,2402.95
16146,4036.5,2364.86,2.4,2402.95
16147,4036.75,2366.28,1.1,2402.94
16148,4037.0,2366.27,0.2,2402.94
16149,4037.25,2366.27,0.1,2402.94
16150,4037.5,2366.75,0.1,2402.94
16151,4037.75,2367.0,0.2,2402.94
16152,4038.0,2366.99,0.2,2402.93
16153,4038.25,2367.23,0.1,2402.93
16154,4038.5,2367.22,0.3,2402.93
16155,4038.75,2367.7,0.1,2402.93
16156,4039.0,2367.69,0.1,2402.92
16157,4039.25,2367.93,0.2,2402.92
16158,4039.5,2367.9,0.2,2402.92
16159,4039.75,2368.36,0.2,2402.92
16160,4040.0,2368.34,0.1,2402.91
16161,4040.25,2368.59,0.2,2402.91
16162,4040.5,2368.33,0.1,2402.91
16163,4040.75,2368.09,0.2,2402.91
16164,4041.0,2367.58,0.5,2402.91
16165,4041.25,2367.79,0.2,2402.9
16166,4041.5,2367.78,0.2,2402.9
16167,4041.75,2367.87,0.2,2402.9
16168,4042.0,2367.86,0.2,2402.9
16169,4042.25,2367.84,0.2,2402.89
16170,4042.5,2368.09,0.1,2402.89
16171,4042.75,2368.08,0.1,2402.89
16172,4043.0,2368.32,0.2,2402.89
16173,4043.25,2368.06,0.2,2402.89
16174,4043.5,2368.55,0.2,2402.88
16175,4043.75,2368.89,0.2,2402.88
16176,4044.0,2369.12,0.1,2402.88
16177,4044.25,2369.61,0.2,2402.88
16178,4044.5,2369.61,0.1,2402.87
16179,4044.75,2370.34,0.2,2402.87
16180,4045.0,2370.32,0.3,2402.87
16181,4045.25,2370.77,0.1,2402.87
16182,4045.5,2371.51,0.1,2402.86
16183,4045.75,2370.77,0.2,2402.86
16184,4046.0,2369.3,0.4,2402.86
16185,4046.25,2369.53,0.2,2402.86
16186,4046.5,2370.02,0.2,2402.86
16187,4046.75,2370.26,0.3,2402.85
16188,4047.0,2370.25,0.3,2402.85
16189,4047.25,2370.24,0.2,2402.85
16190,4047.5,2369.98,0.2,2402.85
16191,4047.75,2369.98,0.2,2402.84
16192,4048.0,2369.97,0.1,2402.84
16193,4048.25,2369.96,0.3,2402.84
16194,4048.5,2369.95,0.2,2402.84
16195,4048.75,2369.69,0.2,2402.83
16196,4049.0,2370.14,0.2,2402.83
16197,4049.25,2370.14,0.1,2402.83
16198,4049.5,2370.62,0.1,2402.83
16199,4049.75,2370.87,0.2,2402.83
16200,4050.0,2370.85,0.3,2402.82
16201,4050.25,2371.09,0.2,2402.82
16202,4050.5,2371.33,0.4,2402.82
16203,4050.75,2371.78,0.4,2402.82
16204,4051.0,2370.79,0.2,2402.81
16205,4051.25,2370.9,0.3,2402.81
16206,4051.5,2371.14,0.3,2402.81
16207,4051.75,2371.2,0.1,2402.81
16208,4052.0,2371.43,0.1,2402.8
16209,4052.25,2371.43,0.2,2402.8
16210,4052.5,2371.44,0.2,2402.8
16211,4052.75,2371.44,0.2,2402.8
16212,4053.0,2372.15,0.1,2402.8
16213,4053.25,2372.15,0.2,2402.79
16214,4053.5,2371.66,0.2,2402.79
16215,4053.75,2371.42,0.2,2402.79
16216,4054.0,2371.41,0.1,2402.79
16217,4054.25,2372.15,0.1,2402.78
16218,4054.5,2372.16,0.1,2402.78
16219,4054.75,2372.37,0.1,2402.78
16220,4055.0,2372.12,0.2,2402.78
16221,4055.25,2371.88,0.2,2402.78
16222,4055.5,2372.62,0.2,2402.77
16223,4055.75,2372.88,0.1,2402.77
16224,4056.0,2371.37,0.2,2402.77
16225,4056.25,2370.11,0.2,2402.77
16226,4056.5,2370.61,0.3,2402.76
16227,4056.75,2370.85,0.1,2402.76
16228,4057.0,2370.61,0.3,2402.76
16229,4057.25,2370.61,0.1,2402.76
16230,4057.5,2371.08,0.1,2402.75
16231,4057.75,2371.07,0.2,2402.75
16232,4058.0,2371.07,0.2,2402.75
16233,4058.25,2370.93,0.1,2402.75
16234,4058.5,2370.92,0.1,2402.75
16235,4058.75,2370.51,0.1,2402.74
16236,4059.0,2369.76,0.2,2402.74
16237,4059.25,2370.71,0.1,2402.74
16238,4059.5,2369.41,0.2,2402.74
16239,4059.75,2369.9,0.2,2402.73
16240,4060.0,2370.39,0.2,2402.73
16241,4060.25,2369.88,0.2,2402.73
16242,4060.5,2370.37,0.2,2402.73
16243,4060.75,2370.11,0.4,2402.72
16244,4061.0,2369.13,0.3,2402.72
16245,4061.25,2369.83,0.2,2402.72
16246,4061.5,2370.05,0.2,2402.72
16247,4061.75,2370.29,0.2,2402.72
16248,4062.0,2370.28,0.2,2402.71
16249,4062.25,2370.52,0.2,2402.71
16250,4062.5,2370.51,0.1,2402.71
16251,4062.75,2370.99,0.1,2402.71
16252,4063.0,2370.49,0.2,2402.7
16253,4063.25,2370.49,0.1,2402.7
16254,4063.5,2370.95,0.2,2402.7
16255,4063.75,2370.94,0.2,2402.7
16256,4064.0,2370.92,0.2,2402.7
16257,4064.25,2370.67,0.2,2402.69
16258,4064.5,2370.91,0.2,2402.69
16259,4064.75,2370.91,0.1,2402.69
16260,4065.0,2371.15,0.3,2402.69
16261,4065.25,2371.38,0.1,2402.68
16262,4065.5,2371.12,0.2,2402.68
16263,4065.75,2371.12,0.2,2402.68
16264,4066.0,2370.62,0.3,2402.68
16265,4066.25,2371.24,0.2,2402.67
16266,4066.5,2370.82,0.2,2402.67
16267,4066.75,2371.18,0.1,2402.67
16268,4067.0,2370.71,0.2,2402.67
16269,4067.25,2369.59,0.2,2402.67
16270,4067.5,2369.83,0.2,2402.66
16271,4067.75,2369.82,0.2,2402.66
16272,4068.0,2369.82,0.2,2402.66
16273,4068.25,2368.27,0.1,2402.66
16274,4068.5,2368.52,0.2,2402.65
16275,4068.75,2368.72,0.1,2402.65
16276,4069.0,2368.96,0.2,2402.65
16277,4069.25,2369.19,0.1,2402.65
16278,4069.5,2369.18,0.1,2402.64
16279,4069.75,2369.43,0.2,2402.64
16280,4070.0,2370.13,0.2,2402.64
16281,4070.25,2370.61,0.2,2402.64
16282,4070.5,2370.85,0.2,2402.64
16283,4070.75,2370.36,0.3,2402.63
16284,4071.0,2370.36,0.1,2402.63
16285,4071.25,2370.82,0.1,2402.63
16286,4071.5,2371.07,0.2,2402.63
16287,4071.75,2371.57,0.2,2402.62
16288,4072.0,2371.8,0.2,2402.62
16289,4072.25,2372.3,0.1,2402.62
16290,4072.5,2372.03,0.2,2402.62
16291,4072.75,2372.28,0.2,2402.61
16292,4073.0,2372.27,0.1,2402.61
16293,4073.25,2372.53,0.2,2402.61
16294,4073.5,2370.58,0.2,2402.61
16295,4073.75,2370.84,0.2,2402.61
16296,4074.0,2371.07,0.1,2402.6
16297,4074.25,2371.07,0.1,2402.6
16298,4074.5,2371.31,0.4,2402.6
16299,4074.75,2371.55,0.1,2402.6
16300,4075.0,2371.54,0.2,2402.59
16301,4075.25,2371.31,0.2,2402.59
16302,4075.5,2371.06,0.1,2402.59
16303,4075.75,2371.54,0.2,2402.59
16304,4076.0,2371.55,0.2,2402.59
16305,4076.25,2371.55,0.1,2402.58
16306,4076.5,2371.8,0.2,2402.58
16307,4076.75,2372.3,0.2,2402.58
16308,4077.0,2372.54,0.2,2402.58
16309,4077.25,2372.54,0.2,2402.57
16310,4077.5,2373.25,0.1,2402.57
16311,4077.75,2371.34,0.1,2402.57
16312,4078.0,2371.34,0.2,2402.57
16313,4078.25,2371.1,0.2,2402.56
16314,4078.5,2370.86,0.1,2402.56
16315,4078.75,2371.1,0.3,2402.56
16316,4079.0,2370.86,0.2,2402.56
16317,4079.25,2370.85,0.1,2402.56
16318,4079.5,2371.09,0.1,2402.55
16319,4079.75,2371.34,0.2,2402.55
16320,4080.0,2371.84,0.1,2402.55
16321,4080.25,2371.59,0.2,2402.55
16322,4080.5,2371.18,0.2,2402.54
16323,4080.75,2371.92,0.4,2402.54
16324,4081.0,2373.25,0.1,2402.54
16325,4081.25,2372.26,0.3,2402.54
16326,4081.5,2372.02,0.2,2402.53
16327,4081.75,2372.02,0.1,2402.53
16328,4082.0,2372.27,0.1,2402.53
16329,4082.25,2372.29,0.2,2402.53
16330,4082.5,2372.52,0.2,2402.53
16331,4082.75,2372.03,0.2,2402.52
16332,4083.0,2372.24,0.2,2402.52
16333,4083.25,2372.24,0.1,2402.52
16334,4083.5,2372.22,0.2,2402.52
16335,4083.75,2371.48,0.2,2402.51
16336,4084.0,2371.72,0.1,2402.51
16337,4084.25,2371.71,0.2,2402.51
16338,4084.5,2372.19,0.1,2402.51
16339,4084.75,2372.43,0.1,2402.5
16340,4085.0,2372.67,0.2,2402.5
16341,4085.25,2372.91,0.1,2402.5
16342,4085.5,2372.66,0.2,2402.5
16343,4085.75,2372.17,0.1,2402.5
16344,4086.0,2372.62,0.2,2402.49
16345,4086.25,2372.83,0.2,2402.49
16346,4086.5,2373.06,0.2,2402.49
16347,4086.75,2372.81,0.1,2402.49
16348,4087.0,2372.56,0.1,2402.48
16349,4087.25,2373.05,0.2,2402.48
16350,4087.5,2371.75,0.2,2402.48
16351,4087.75,2371.99,0.2,2402.48
16352,4088.0,2372.45,0.2,2402.48
16353,4088.25,2372.94,0.1,2402.47
16354,4088.5,2371.5,0.1,2402.47
16355,4088.75,2371.25,0.2,2402.47
16356,4089.0,2371.45,0.2,2402.47
16357,4089.25,2371.68,0.1,2402.46
16358,4089.5,2371.67,0.2,2402.46
16359,4089.75,2371.66,0.1,2402.46
16360,4090.0,2371.9,0.2,2402.46
16361,4090.25,2371.93,0.2,2402.45
16362,4090.5,2373.15,0.2,2402.45
16363,4090.75,2372.4,0.1,2402.45
16364,4091.0,2372.85,0.2,2402.45
16365,4091.25,2373.09,0.2,2402.45
16366,4091.5,2373.57,0.1,2402.44
16367,4091.75,2373.82,0.1,2402.44
16368,4092.0,2373.32,0.1,2402.44
16369,4092.25,2373.31,0.2,2402.44
16370,4092.5,2373.79,0.2,2402.43
16371,4092.75,2374.04,0.2,2402.43
16372,4093.0,2373.77,0.1,2402.43
16373,4093.25,2373.3,0.2,2402.43
16374,4093.5,2373.04,0.2,2402.42
16375,4093.75,2373.03,0.2,2402.42
16376,4094.0,2373.0,0.1,2402.42
16377,4094.25,2373.24,0.2,2402.42
16378,4094.5,2372.74,0.2,2402.42
16379,4094.75,2372.98,0.2,2402.41
16380,4095.0,2373.22,0.1,2402.41
16381,4095.25,2372.96,0.2,2402.41
16382,4095.5,2373.45,0.2,2402.41
16383,4095.75,2373.44,0.2,2402.4
16384,4096.0,2373.47,0.2,2402.4
16385,4096.25,2369.68,0.1,2402.4
16386,4096.5,2369.86,0.2,2402.4
16387,4096.75,2370.12,0.1,2402.39
16388,4097.0,2370.09,0.1,2402.39
16389,4097.25,2370.09,0.2,2402.39
16390,4097.5,2370.08,0.2,2402.39
16391,4097.75,2370.11,0.1,2402.39
16392,4098.0,2368.37,0.1,2402.38
16393,4098.25,2368.11,0.2,2402.38
16394,4098.5,2368.1,0.2,2402.38
16395,4098.75,2368.55,0.2,2402.38
16396,4099.0,2368.55,0.2,2402.37
16397,4099.25,2368.79,0.3,2402.37
16398,4099.5,2369.27,0.3,2402.37
16399,4099.75,2367.24,0.2,2402.37
16400,4100.0,2367.23,0.2,2402.37
16401,4100.25,2367.47,0.2,2402.36
16402,4100.5,2366.82,0.3,2402.36
16403,4100.75,2367.64,0.2,2402.36
16404,4101.0,2367.62,0.1,2402.36
16405,4101.25,2367.87,0.2,2402.35
16406,4101.5,2366.93,0.2,2402.35
16407,4101.75,2366.43,0.1,2402.35
16408,4102.0,2366.68,0.3,2402.35
16409,4102.25,2367.15,0.4,2402.34
16410,4102.5,2367.39,0.1,2402.34
16411,4102.75,2367.14,0.2,2402.34
16412,4103.0,2367.39,0.1,2402.34
16413,4103.25,2366.03,0.2,2402.34
16414,4103.5,2366.76,0.1,2402.33
16415,4103.75,2367.0,0.2,2402.33
16416,4104.0,2366.77,0.1,2402.33
16417,4104.25,2366.51,0.2,2402.33
16418,4104.5,2366.51,0.2,2402.32
16419,4104.75,2366.27,0.2,2402.32
16420,4105.0,2366.73,0.2,2402.32
16421,4105.25,2365.31,0.3,2402.32
16422,4105.5,2365.07,0.1,2402.31
16423,4105.75,2365.3,0.2,2402.31
16424,4106.0,2365.29,0.2,2402.31
16425,4106.25,2365.29,0.2,2402.31
16426,4106.5,2365.29,0.1,2402.31
16427,4106.75,2366.02,0.2,2402.3
16428,4107.0,2366.02,0.1,2402.3
16429,4107.25,2366.27,0.2,2402.3
16430,4107.5,2366.02,0.1,2402.3
16431,4107.75,2366.26,0.2,2402.29
16432,4108.0,2366.25,0.2,2402.29
16433,4108.25,2366.5,0.2,2402.29
16434,4108.5,2366.73,0.1,2402.29
16435,4108.75,2367.19,0.1,2402.29
16436,4109.0,2367.18,0.2,2402.28
16437,4109.25,2367.42,0.2,2402.28
16438,4109.5,2367.67,0.2,2402.28
16439,4109.75,2367.92,0.1,2402.28
16440,4110.0,2367.68,0.3,2402.27
16441,4110.25,2366.74,0.3,2402.27
16442,4110.5,2367.23,0.3,2402.27
16443,4110.75,2395.07,3.9,2402.27
16444,4111.0,2395.53,0.2,2402.26
16445,4111.25,2395.29,0.1,2402.26
16446,4111.5,2395.05,0.1,2402.26
16447,4111.75,2395.07,0.2,2402.26
16448,4112.0,2395.31,0.1,2402.26
16449,4112.25,2395.3,0.2,2402.25
16450,4112.5,2395.3,0.1,2402.25
16451,4112.75,2395.55,0.1,2402.25
16452,4113.0,2395.69,0.2,2402.25
16453,4113.25,2395.45,0.1,2402.24
16454,4113.5,2395.95,0.3,2402.24
16455,4113.75,2395.7,0.1,2402.24
16456,4114.0,2395.69,0.2,2402.24
16457,4114.25,2395.94,0.2,2402.23
16458,4114.5,2395.93,0.1,2402.23
16459,4114.75,2394.19,0.2,2402.23
16460,4115.0,2394.68,0.2,2402.23
16461,4115.25,2393.66,0.2,2402.23
16462,4115.5,2393.65,0.1,2402.22
16463,4115.75,2393.89,0.2,2402.22
16464,4116.0,2393.89,0.2,2402.22
16465,4116.25,2393.89,0.2,2402.22
16466,4116.5,2393.65,0.2,2402.21
16467,4116.75,2392.89,0.4,2402.21
16468,4117.0,2392.89,0.2,2402.21
16469,4117.25,2393.14,0.2,2402.21
16470,4117.5,2393.62,0.2,2402.2
16471,4117.75,2393.88,0.2,2402.2
16472,4118.0,2394.13,0.2,2402.2
16473,4118.25,2394.87,0.3,2402.2
16474,4118.5,2395.11,0.2,2402.2
16475,4118.75,2395.36,0.2,2402.19
16476,4119.0,2395.09,0.2,2402.19
16477,4119.25,2395.09,0.2,2402.19
16478,4119.5,2395.08,0.3,2402.19
16479,4119.75,2394.85,0.1,2402.18
16480,4120.0,2394.6,0.2,2402.18
16481,4120.25,2394.3,0.2,2402.18
16482,4120.5,2395.04,0.2,2402.18
16483,4120.75,2394.49,0.2,2402.18
16484,4121.0,2394.49,0.1,2402.17
16485,4121.25,2393.29,0.3,2402.17
16486,4121.5,2393.04,0.1,2402.17
16487,4121.75,2390.28,0.2,2402.17
16488,4122.0,2390.52,0.1,2402.16
16489,4122.25,2391.21,0.2,2402.16
16490,4122.5,2391.2,0.2,2402.16
16491,4122.75,2391.44,0.2,2402.16
16492,4123.0,2391.68,0.1,2402.15
16493,4123.25,2391.91,0.2,2402.15
16494,4123.5,2392.15,0.1,2402.15
16495,4123.75,2392.14,0.2,2402.15
16496,4124.0,2392.64,0.2,2402.15
16497,4124.25,2392.87,0.2,2402.14
16498,4124.5,2393.35,0.2,2402.14
16499,4124.75,2393.59,0.2,2402.14
16500,4125.0,2393.58,0.1,2402.14
16501,4125.25,2391.98,0.2,2402.13
16502,4125.5,2391.57,0.3,2402.13
16503,4125.75,2391.88,0.2,2402.13
16504,4126.0,2391.86,0.2,2402.13
16505,4126.25,2391.61,0.2,2402.12
16506,4126.5,2391.6,0.2,2402.12
16507,4126.75,2391.96,0.1,2402.12
16508,4127.0,2392.3,0.1,2402.12
16509,4127.25,2392.05,0.2,2402.12
16510,4127.5,2392.5,0.1,2402.11
16511,4127.75,2392.73,0.2,2402.11
16512,4128.0,2393.22,0.4,2402.11
16513,4128.25,2392.47,0.1,2402.11
16514,4128.5,2392.72,0.1,2402.1
16515,4128.75,2392.97,0.2,2402.1
16516,4129.0,2392.98,0.2,2402.1
16517,4129.25,2393.23,0.2,2402.1
16518,4129.5,2393.69,0.2,2402.09
16519,4129.75,2393.71,0.1,2402.09
16520,4130.0,2393.71,0.2,2402.09
16521,4130.25,2394.94,0.2,2402.09
16522,4130.5,2395.19,0.2,2402.09
16523,4130.75,2393.77,0.1,2402.08
16524,4131.0,2393.53,0.2,2402.08
16525,4131.25,2393.5,0.3,2402.08
16526,4131.5,2393.76,0.1,2402.08
16527,4131.75,2394.0,0.1,2402.07
16528,4132.0,2394.0,0.1,2402.07
16529,4132.25,2394.22,0.2,2402.07
16530,4132.5,2394.24,0.1,2402.07
16531,4132.75,2394.73,0.2,2402.07
16532,4133.0,2394.38,0.3,2402.06
16533,4133.25,2394.14,0.1,2402.06
16534,4133.5,2393.89,0.1,2402.06
16535,4133.75,2393.9,0.1,2402.06
16536,4134.0,2394.15,0.2,2402.05
16537,4134.25,2394.64,0.2,2402.05
16538,4134.5,2394.62,0.1,2402.05
16539,4134.75,2394.87,0.2,2402.05
16540,4135.0,2394.86,0.1,2402.04
16541,4135.25,2392.49,0.4,2402.04
16542,4135.5,2392.73,0.2,2402.04
16543,4135.75,2392.75,0.1,2402.04
16544,4136.0,2393.0,0.2,2402.04
16545,4136.25,2393.24,0.1,2402.03
16546,4136.5,2393.48,0.2,2402.03
16547,4136.75,2393.46,0.1,2402.03
16548,4137.0,2393.71,0.1,2402.03
16549,4137.25,2393.95,0.1,2402.02
16550,4137.5,2394.18,0.2,2402.02
16551,4137.75,2394.66,0.3,2402.02
16552,4138.0,2394.9,0.1,2402.02
16553,4138.25,2395.14,0.2,2402.01
16554,4138.5,2395.34,0.1,2402.01
16555,4138.75,2395.09,0.2,2402.01
16556,4139.0,2395.34,0.2,2402.01
16557,4139.25,2395.81,0.3,2402.01
16558,4139.5,2396.3,0.1,2402.0
16559,4139.75,2396.05,0.2,2402.0
16560,4140.0,2395.55,0.2,2402.0
16561,4140.25,2395.54,0.2,2402.0
16562,4140.5,2395.93,0.4,2401.99
16563,4140.75,2383.84,0.1,2401.99
16564,4141.0,2383.89,0.2,2401.99
16565,4141.25,2382.62,0.2,2401.99
16566,4141.5,2376.22,0.4,2401.99
16567,4141.75,2376.46,0.2,2401.98
16568,4142.0,2376.7,0.1,2401.98
16569,4142.25,2376.44,0.1,2401.98
16570,4142.5,2376.68,0.2,2401.98
16571,4142.75,2376.67,0.2,2401.97
16572,4143.0,2377.16,0.2,2401.97
16573,4143.25,2376.67,0.2,2401.97
16574,4143.5,2376.91,0.3,2401.97
16575,4143.75,2377.12,0.1,2401.96
16576,4144.0,2377.18,0.3,2401.96
16577,4144.25,2377.18,0.1,2401.96
16578,4144.5,2376.92,0.3,2401.96
16579,4144.75,2376.68,0.2,2401.96
16580,4145.0,2376.9,0.3,2401.95
16581,4145.25,2377.43,0.2,2401.95
16582,4145.5,2377.42,0.2,2401.95
16583,4145.75,2377.43,0.2,2401.95
16584,4146.0,2377.42,0.2,2401.94
16585,4146.25,2377.89,0.3,2401.94
16586,4146.5,2378.13,0.2,2401.94
16587,4146.75,2378.12,0.2,2401.94
16588,4147.0,2378.36,0.2,2401.93
16589,4147.25,2378.36,0.2,2401.93
16590,4147.5,2378.57,0.2,2401.93
16591,4147.75,2379.03,0.1,2401.93
16592,4148.0,2377.98,0.2,2401.93
16593,4148.25,2377.97,0.1,2401.92
16594,4148.5,2378.22,0.1,2401.92
16595,4148.75,2378.21,0.2,2401.92
16596,4149.0,2377.96,0.2,2401.92
16597,4149.25,2378.67,0.2,2401.91
16598,4149.5,2378.67,0.3,2401.91
16599,4149.75,2378.66,0.2,2401.91
16600,4150.0,2376.6,0.2,2401.91
16601,4150.25,2375.31,0.3,2401.9
16602,4150.5,2375.8,0.2,2401.9
16603,4150.75,2375.55,0.2,2401.9
16604,4151.0,2375.05,0.1,2401.9
16605,4151.25,2375.29,0.1,2401.9
16606,4151.5,2375.05,0.3,2401.89
16607,4151.75,2375.27,0.1,2401.89
16608,4152.0,2375.86,0.1,2401.89
16609,4152.25,2375.88,0.2,2401.89
16610,4152.5,2376.14,0.2,2401.88
16611,4152.75,2375.65,0.2,2401.88
16612,4153.0,2374.39,0.2,2401.88
16613,4153.25,2374.63,0.2,2401.88
16614,4153.5,2374.4,0.1,2401.88
16615,4153.75,2374.65,0.2,2401.87
16616,4154.0,2374.91,0.2,2401.87
16617,4154.25,2375.16,0.2,2401.87
16618,4154.5,2373.62,0.2,2401.87
16619,4154.75,2373.88,0.1,2401.86
16620,4155.0,2374.13,0.2,2401.86
16621,4155.25,2372.73,0.2,2401.86
16622,4155.5,2373.48,0.2,2401.86
16623,4155.75,2373.62,0.1,2401.85
16624,4156.0,2374.12,0.2,2401.85
16625,4156.25,2374.34,0.2,2401.85
16626,4156.5,2374.6,0.1,2401.85
16627,4156.75,2375.07,0.3,2401.85
16628,4157.0,2375.31,0.2,2401.84
16629,4157.25,2375.08,0.2,2401.84
16630,4157.5,2373.86,0.1,2401.84
16631,4157.75,2373.85,0.2,2401.84
16632,4158.0,2374.01,0.1,2401.83
16633,4158.25,2374.02,0.1,2401.83
16634,4158.5,2374.27,0.1,2401.83
16635,4158.75,2374.27,0.4,2401.83
16636,4159.0,2374.52,0.2,2401.82
16637,4159.25,2374.5,0.2,2401.82
16638,4159.5,2374.5,0.1,2401.82
16639,4159.75,2374.27,0.1,2401.82
16640,4160.0,2374.86,0.2,2401.82
16641,4160.25,2374.91,0.4,2401.81
16642,4160.5,2374.89,0.2,2401.81
16643,4160.75,2375.14,0.2,2401.81
16644,4161.0,2375.59,0.1,2401.81
16645,4161.25,2376.08,0.1,2401.8
16646,4161.5,2376.31,0.2,2401.8
16647,4161.75,2377.04,0.1,2401.8
16648,4162.0,2377.29,0.2,2401.8
16649,4162.25,2377.53,0.2,2401.79
16650,4162.5,2377.73,0.2,2401.79
16651,4162.75,2378.22,0.1,2401.79
16652,4163.0,2379.11,0.2,2401.79
16653,4163.25,2379.34,0.2,2401.79
16654,4163.5,2379.33,0.2,2401.78
16655,4163.75,2378.58,0.2,2401.78
16656,4164.0,2379.01,0.2,2401.78
16657,4164.25,2379.25,0.1,2401.78
16658,4164.5,2378.5,0.1,2401.77
16659,4164.75,2377.98,0.2,2401.77
16660,4165.0,2378.77,0.2,2401.77
16661,4165.25,2377.32,0.2,2401.77
16662,4165.5,2377.03,0.2,2401.77
16663,4165.75,2377.27,0.2,2401.76
16664,4166.0,2377.51,0.1,2401.76
16665,4166.25,2377.75,0.3,2401.76
16666,4166.5,2377.49,0.1,2401.76
16667,4166.75,2377.46,0.3,2401.75
16668,4167.0,2377.45,0.2,2401.75
16669,4167.25,2377.68,0.2,2401.75
16670,4167.5,2377.43,0.1,2401.75
16671,4167.75,2376.85,0.1,2401.74
16672,4168.0,2375.32,0.2,2401.74
16673,4168.25,2375.31,0.2,2401.74
16674,4168.5,2375.07,0.2,2401.74
16675,4168.75,2375.05,0.2,2401.74
16676,4169.0,2375.52,0.1,2401.73
16677,4169.25,2375.51,0.2,2401.73
16678,4169.5,2375.5,0.1,2401.73
16679,4169.75,2375.98,0.2,2401.73
16680,4170.0,2375.55,0.4,2401.72
16681,4170.25,2375.79,0.2,2401.72
16682,4170.5,2367.93,0.4,2401.72
16683,4170.75,2367.68,0.1,2401.72
16684,4171.0,2367.92,0.1,2401.71
16685,4171.25,2367.91,0.2,2401.71
16686,4171.5,2367.16,0.2,2401.71
16687,4171.75,2367.86,0.2,2401.71
16688,4172.0,2367.86,0.1,2401.71
16689,4172.25,2368.1,0.2,2401.7
16690,4172.5,2366.59,0.2,2401.7
16691,4172.75,2366.82,0.2,2401.7
16692,4173.0,2366.82,0.2,2401.7
16693,4173.25,2366.81,0.2,2401.69
16694,4173.5,2367.3,0.1,2401.69
16695,4173.75,2367.05,0.2,2401.69
16696,4174.0,2367.05,0.2,2401.69
16697,4174.25,2367.03,0.2,2401.69
16698,4174.5,2367.27,0.1,2401.68
16699,4174.75,2367.25,0.1,2401.68
16700,4175.0,2367.02,0.2,2401.68
16701,4175.25,2367.26,0.2,2401.68
16702,4175.5,2367.01,0.1,2401.67
16703,4175.75,2366.99,0.2,2401.67
16704,4176.0,2367.0,0.2,2401.67
16705,4176.25,2366.99,0.1,2401.67
16706,4176.5,2367.24,0.1,2401.66
16707,4176.75,2367.49,0.1,2401.66
16708,4177.0,2367.24,0.2,2401.66
16709,4177.25,2367.25,0.1,2401.66
16710,4177.5,2367.24,0.2,2401.66
16711,4177.75,2367.74,0.1,2401.65
16712,4178.0,2368.05,0.2,2401.65
16713,4178.25,2367.81,0.1,2401.65
16714,4178.5,2367.79,0.2,2401.65
16715,4178.75,2368.53,0.2,2401.64
16716,4179.0,2368.53,0.2,2401.64
16717,4179.25,2368.52,0.1,2401.64
16718,4179.5,2368.52,0.2,2401.64
16719,4179.75,2368.29,0.2,2401.63
16720,4180.0,2366.67,0.2,2401.63
16721,4180.25,2366.92,0.1,2401.63
16722,4180.5,2366.88,0.2,2401.63
16723,4180.75,2367.1,0.3,2401.63
16724,4181.0,2366.61,0.2,2401.62
16725,4181.25,2366.61,0.2,2401.62
16726,4181.5,2367.06,0.2,2401.62
16727,4181.75,2367.3,0.2,2401.62
16728,4182.0,2367.54,0.2,2401.61
16729,4182.25,2366.8,0.2,2401.61
16730,4182.5,2367.03,0.2,2401.61
16731,4182.75,2367.02,0.2,2401.61
16732,4183.0,2367.02,0.1,2401.6
16733,4183.25,2367.25,0.1,2401.6
16734,4183.5,2367.71,0.3,2401.6
16735,4183.75,2367.95,0.2,2401.6
16736,4184.0,2367.81,0.1,2401.6
16737,4184.25,2367.8,0.1,2401.59
16738,4184.5,2367.56,0.1,2401.59
16739,4184.75,2368.3,0.2,2401.59
16740,4185.0,2367.54,0.2,2401.59
16741,4185.25,2365.77,0.1,2401.58
16742,4185.5,2367.25,0.2,2401.58
16743,4185.75,2367.49,0.2,2401.58
16744,4186.0,2367.49,0.2,2401.58
16745,4186.25,2367.98,0.1,2401.58
16746,4186.5,2368.2,0.1,2401.57
16747,4186.75,2368.45,0.1,2401.57
16748,4187.0,2368.41,0.2,2401.57
16749,4187.25,2368.9,0.2,2401.57
16750,4187.5,2369.14,0.1,2401.56
16751,4187.75,2367.89,0.2,2401.56
16752,4188.0,2368.13,0.2,2401.56
16753,4188.25,2367.88,0.2,2401.56
16754,4188.5,2368.38,0.1,2401.55
16755,4188.75,2369.09,0.1,2401.55
16756,4189.0,2369.58,0.2,2401.55
16757,4189.25,2366.77,0.1,2401.55
16758,4189.5,2367.23,0.2,2401.55
16759,4189.75,2367.23,0.1,2401.54
16760,4190.0,2366.72,0.2,2401.54
16761,4190.25,2366.71,0.1,2401.54
16762,4190.5,2366.96,0.4,2401.54
16763,4190.75,2367.46,0.1,2401.53
16764,4191.0,2367.68,0.2,2401.53
16765,4191.25,2367.91,0.4,2401.53
16766,4191.5,2368.04,0.1,2401.53
16767,4191.75,2368.03,0.2,2401.52
16768,4192.0,2368.02,0.2,2401.52
16769,4192.25,2368.26,0.1,2401.52
16770,4192.5,2368.01,0.2,2401.52
16771,4192.75,2368.46,0.1,2401.52
16772,4193.0,2367.99,0.2,2401.51
16773,4193.25,2368.2,0.2,2401.51
16774,4193.5,2368.44,0.1,2401.51
16775,4193.75,2368.43,0.2,2401.51
16776,4194.0,2369.16,0.2,2401.5
16777,4194.25,2368.91,0.1,2401.5
16778,4194.5,2368.41,0.2,2401.5
16779,4194.75,2368.39,0.1,2401.5
16780,4195.0,2367.94,0.2,2401.49
16781,4195.25,2368.17,0.2,2401.49
16782,4195.5,2368.16,0.2,2401.49
16783,4195.75,2368.15,0.1,2401.49
16784,4196.0,2368.39,0.1,2401.49
16785,4196.25,2368.14,0.1,2401.48
16786,4196.5,2368.38,0.2,2401.48
16787,4196.75,2368.36,0.2,2401.48
16788,4197.0,2368.35,0.2,2401.48
16789,4197.25,2368.35,0.1,2401.47
16790,4197.5,2369.05,0.2,2401.47
16791,4197.75,2369.04,0.1,2401.47
16792,4198.0,2368.79,0.2,2401.47
16793,4198.25,2369.03,0.2,2401.47
16794,4198.5,2367.97,0.2,2401.46
16795,4198.75,2367.71,0.1,2401.46
16796,4199.0,2367.64,0.1,2401.46
16797,4199.25,2367.89,0.1,2401.46
16798,4199.5,2367.64,0.2,2401.45
16799,4199.75,2367.16,0.2,2401.45
16800,4200.0,2366.25,0.2,2401.45
16801,4200.25,2366.5,0.4,2401.45
16802,4200.5,2365.32,0.1,2401.44
16803,4200.75,2365.08,0.1,2401.44
16804,4201.0,2365.8,0.2,2401.44
16805,4201.25,2366.01,0.2,2401.44
16806,4201.5,2366.02,0.2,2401.44
16807,4201.75,2366.5,0.2,2401.43
16808,4202.0,2366.51,0.2,2401.43
16809,4202.25,2366.76,0.2,2401.43
16810,4202.5,2366.76,0.2,2401.43
16811,4202.75,2367.0,0.2,2401.42
16812,4203.0,2367.25,0.1,2401.42
16813,4203.25,2367.5,0.2,2401.42
16814,4203.5,2367.5,0.1,2401.42
16815,4203.75,2367.49,0.2,2401.41
16816,4204.0,2367.5,0.2,2401.41
16817,4204.25,2367.49,0.1,2401.41
16818,4204.5,2367.5,0.2,2401.41
16819,4204.75,2367.5,0.2,2401.41
16820,4205.0,2366.54,0.2,2401.4
16821,4205.25,2366.56,0.0,2401.4
16822,4205.5,2366.77,0.1,2401.4
16823,4205.75,2367.03,0.2,2401.4
16824,4206.0,2367.03,0.1,2401.39
16825,4206.25,2367.52,0.1,2401.39
16826,4206.5,2367.98,0.2,2401.39
16827,4206.75,2367.33,0.2,2401.39
16828,4207.0,2367.07,0.2,2401.39
16829,4207.25,2367.32,0.1,2401.38
16830,4207.5,2367.79,0.1,2401.38
16831,4207.75,2367.68,0.2,2401.38
16832,4208.0,2367.67,0.2,2401.38
16833,4208.25,2367.66,0.2,2401.37
16834,4208.5,2367.66,0.1,2401.37
16835,4208.75,2367.65,0.2,2401.37
16836,4209.0,2367.89,0.1,2401.37
16837,4209.25,2367.89,0.1,2401.36
16838,4209.5,2367.63,0.2,2401.36
16839,4209.75,2367.86,0.2,2401.36
16840,4210.0,2367.85,0.2,2401.36
16841,4210.25,2367.84,0.2,2401.36
16842,4210.5,2367.61,0.2,2401.35
16843,4210.75,2367.35,0.2,2401.35
16844,4211.0,2367.8,0.2,2401.35
16845,4211.25,2367.31,0.3,2401.35
16846,4211.5,2367.8,0.1,2401.34
16847,4211.75,2367.8,0.1,2401.34
16848,4212.0,2367.78,0.1,2401.34
16849,4212.25,2367.99,0.2,2401.34
16850,4212.5,2368.73,0.2,2401.33
16851,4212.75,2368.48,0.1,2401.33
16852,4213.0,2368.72,0.2,2401.33
16853,4213.25,2368.46,0.1,2401.33
16854,4213.5,2368.21,0.1,2401.33
16855,4213.75,2368.46,0.2,2401.32
16856,4214.0,2368.45,0.2,2401.32
16857,4214.25,2368.13,0.2,2401.32
16858,4214.5,2367.4,0.1,2401.32
16859,4214.75,2366.73,0.2,2401.31
16860,4215.0,2365.91,0.2,2401.31
16861,4215.25,2366.28,0.2,2401.31
16862,4215.5,2366.52,0.1,2401.31
16863,4215.75,2366.52,0.2,2401.3
16864,4216.0,2366.27,0.2,2401.3
16865,4216.25,2366.51,0.1,2401.3
16866,4216.5,2366.5,0.3,2401.3
16867,4216.75,2365.07,0.1,2401.3
16868,4217.0,2365.05,0.2,2401.29
16869,4217.25,2364.79,0.2,2401.29
16870,4217.5,2364.79,0.1,2401.29
16871,4217.75,2365.02,0.2,2401.29
16872,4218.0,2365.27,0.1,2401.28
16873,4218.25,2365.99,0.2,2401.28
16874,4218.5,2366.24,0.2,2401.28
16875,4218.75,2366.2,0.1,2401.28
16876,4219.0,2366.2,0.2,2401.28
16877,4219.25,2366.19,0.3,2401.27
16878,4219.5,2366.18,0.1,2401.27
16879,4219.75,2364.72,0.2,2401.27
16880,4220.0,2365.2,0.2,2401.27
16881,4220.25,2365.44,0.1,2401.26
16882,4220.5,2365.69,0.1,2401.26
16883,4220.75,2365.69,0.2,2401.26
16884,4221.0,2366.16,0.2,2401.26
16885,4221.25,2366.38,0.2,2401.25
16886,4221.5,2366.37,0.1,2401.25
16887,4221.75,2366.19,0.2,2401.25
16888,4222.0,2366.43,0.2,2401.25
16889,4222.25,2366.67,0.1,2401.25
16890,4222.5,2367.6,0.2,2401.24
16891,4222.75,2367.6,0.2,2401.24
16892,4223.0,2368.06,0.1,2401.24
16893,4223.25,2367.8,0.2,2401.24
16894,4223.5,2367.56,0.1,2401.23
16895,4223.75,2368.06,0.1,2401.23
16896,4224.0,2367.82,0.1,2401.23
16897,4224.25,2367.56,0.2,2401.23
16898,4224.5,2367.57,0.3,2401.22
16899,4224.75,2366.59,0.2,2401.22
16900,4225.0,2365.96,0.1,2401.22
16901,4225.25,2365.73,0.2,2401.22
16902,4225.5,2365.73,0.1,2401.22
16903,4225.75,2365.23,0.2,2401.21
16904,4226.0,2363.57,0.1,2401.21
16905,4226.25,2363.81,0.1,2401.21
16906,4226.5,2364.21,0.1,2401.21
16907,4226.75,2364.21,0.2,2401.2
16908,4227.0,2364.21,0.2,2401.2
16909,4227.25,2364.46,0.2,2401.2
16910,4227.5,2364.46,0.2,2401.2
16911,4227.75,2364.71,0.2,2401.19
16912,4228.0,2364.71,0.1,2401.19
16913,4228.25,2364.96,0.2,2401.19
16914,4228.5,2365.41,0.2,2401.19
16915,4228.75,2366.15,0.2,2401.19
16916,4229.0,2366.16,0.1,2401.18
16917,4229.25,2366.41,0.3,2401.18
16918,4229.5,2366.16,0.1,2401.18
16919,4229.75,2365.8,0.2,2401.18
16920,4230.0,2365.59,0.4,2401.17
16921,4230.25,2365.81,0.2,2401.17
16922,4230.5,2366.3,0.2,2401.17
16923,4230.75,2366.54,0.1,2401.17
16924,4231.0,2366.52,0.3,2401.17
16925,4231.25,2366.52,0.4,2401.16
16926,4231.5,2366.76,0.1,2401.16
16927,4231.75,2366.51,0.2,2401.16
16928,4232.0,2366.25,0.1,2401.16
16929,4232.25,2366.24,0.1,2401.15
16930,4232.5,2366.23,0.2,2401.15
16931,4232.75,2366.48,0.1,2401.15
16932,4233.0,2366.71,0.2,2401.15
16933,4233.25,2366.94,0.2,2401.14
16934,4233.5,2366.94,0.1,2401.14
16935,4233.75,2367.18,0.2,2401.14
16936,4234.0,2367.42,0.1,2401.14
16937,4234.25,2367.66,0.2,2401.14
16938,4234.5,2366.96,0.2,2401.13
16939,4234.75,2366.89,0.2,2401.13
16940,4235.0,2365.2,0.1,2401.13
16941,4235.25,2365.43,0.1,2401.13
16942,4235.5,2366.14,0.3,2401.12
16943,4235.75,2366.38,0.1,2401.12
16944,4236.0,2366.86,0.2,2401.12
16945,4236.25,2367.1,0.2,2401.12
16946,4236.5,2367.04,0.1,2401.11
16947,4236.75,2367.53,0.3,2401.11
16948,4237.0,2367.73,0.2,2401.11
16949,4237.25,2367.24,0.2,2401.11
16950,4237.5,2368.21,0.3,2401.11
16951,4237.75,2368.42,0.2,2401.1
16952,4238.0,2368.41,0.1,2401.1
16953,4238.25,2368.64,0.2,2401.1
16954,4238.5,2368.88,0.2,2401.1
16955,4238.75,2369.09,0.2,2401.09
16956,4239.0,2368.84,0.1,2401.09
16957,4239.25,2368.83,0.3,2401.09
16958,4239.5,2367.93,0.2,2401.09
16959,4239.75,2367.91,0.4,2401.09
16960,4240.0,2367.92,0.2,2401.08
16961,4240.25,2368.15,0.1,2401.08
16962,4240.5,2368.39,0.2,2401.08
16963,4240.75,2368.38,0.2,2401.08
16964,4241.0,2368.13,0.2,2401.07
16965,4241.25,2368.36,0.1,2401.07
16966,4241.5,2368.6,0.2,2401.07
16967,4241.75,2368.59,0.1,2401.07
16968,4242.0,2368.55,0.2,2401.06
16969,4242.25,2368.3,0.2,2401.06
16970,4242.5,2368.54,0.1,2401.06
16971,4242.75,2368.54,0.2,2401.06
16972,4243.0,2368.05,0.2,2401.06
16973,4243.25,2367.82,0.1,2401.05
16974,4243.5,2368.31,0.2,2401.05
16975,4243.75,2368.55,0.2,2401.05
16976,4244.0,2368.3,0.2,2401.05
16977,4244.25,2368.07,0.2,2401.04
16978,4244.5,2367.18,0.4,2401.04
16979,4244.75,2367.41,0.2,2401.04
16980,4245.0,2367.12,0.1,2401.04
16981,4245.25,2366.88,0.2,2401.03
16982,4245.5,2366.88,0.2,2401.03
16983,4245.75,2366.86,0.2,2401.03
16984,4246.0,2366.61,0.2,2401.03
16985,4246.25,2366.59,0.1,2401.03
16986,4246.5,2366.59,0.2,2401.02
16987,4246.75,2366.59,0.2,2401.02
16988,4247.0,2366.83,0.2,2401.02
16989,4247.25,2366.33,0.2,2401.02
16990,4247.5,2366.82,0.3,2401.01
16991,4247.75,2366.83,0.2,2401.01
16992,4248.0,2367.08,0.1,2401.01
16993,4248.25,2367.3,0.2,2401.01
16994,4248.5,2367.55,0.2,2401.0
16995,4248.75,2368.04,0.2,2401.0
16996,4249.0,2367.32,0.2,2401.0
16997,4249.25,2367.56,0.2,2401.0
16998,4249.5,2366.18,0.2,2401.0
16999,4249.75,2366.57,0.2,2400.99
17000,4250.0,2366.34,0.1,2400.99
17001,4250.25,2366.34,0.1,2400.99
17002,4250.5,2366.34,0.2,2400.99
17003,4250.75,2366.1,0.1,2400.98
17004,4251.0,2366.59,0.2,2400.98
17005,4251.25,2366.83,0.2,2400.98
17006,4251.5,2367.57,0.2,2400.98
17007,4251.75,2367.58,0.1,2400.98
17008,4252.0,2367.8,0.2,2400.97
17009,4252.25,2368.04,0.1,2400.97
17010,4252.5,2368.73,0.4,2400.97
17011,4252.75,2368.98,0.1,2400.97
17012,4253.0,2368.75,0.1,2400.96
17013,4253.25,2367.5,0.2,2400.96
17014,4253.5,2367.75,0.3,2400.96
17015,4253.75,2367.51,0.2,2400.96
17016,4254.0,2367.73,0.2,2400.95
17017,4254.25,2368.22,0.2,2400.95
17018,4254.5,2368.27,0.2,2400.95
17019,4254.75,2368.03,0.3,2400.95
17020,4255.0,2367.79,0.2,2400.95
17021,4255.25,2367.79,0.2,2400.94
17022,4255.5,2368.0,0.3,2400.94
17023,4255.75,2367.51,0.2,2400.94
17024,4256.0,2368.01,0.2,2400.94
17025,4256.25,2368.48,0.2,2400.93
17026,4256.5,2368.0,0.2,2400.93
17027,4256.75,2368.24,0.1,2400.93
17028,4257.0,2368.25,0.1,2400.93
17029,4257.25,2368.74,0.2,2400.92
17030,4257.5,2368.73,0.3,2400.92
17031,4257.75,2368.99,0.1,2400.92
17032,4258.0,2368.98,0.1,2400.92
17033,4258.25,2369.23,0.2,2400.92
17034,4258.5,2367.73,0.1,2400.91
17035,4258.75,2367.97,0.1,2400.91
17036,4259.0,2367.74,0.2,2400.91
17037,4259.25,2367.99,0.4,2400.91
17038,4259.5,2366.14,0.4,2400.9
17039,4259.75,2366.4,0.4,2400.9
17040,4260.0,2373.53,1.7,2400.9
17041,4260.25,2374.02,0.1,2400.9
17042,4260.5,2373.89,0.2,2400.89
17043,4260.75,2374.84,0.2,2400.89
17044,4261.0,2375.33,0.1,2400.89
17045,4261.25,2375.81,0.2,2400.89
17046,4261.5,2376.06,0.2,2400.89
17047,4261.75,2376.29,0.1,2400.88
17048,4262.0,2376.52,0.1,2400.88
17049,4262.25,2377.01,0.2,2400.88
17050,4262.5,2377.01,0.1,2400.88
17051,4262.75,2377.7,0.2,2400.87
17052,4263.0,2377.7,0.2,2400.87
17053,4263.25,2377.94,0.1,2400.87
17054,4263.5,2377.93,0.2,2400.87
17055,4263.75,2378.17,0.1,2400.87
17056,4264.0,2378.66,0.2,2400.86
17057,4264.25,2378.64,0.1,2400.86
17058,4264.5,2376.62,0.2,2400.86
17059,4264.75,2376.87,0.2,2400.86
17060,4265.0,2377.8,0.2,2400.85
17061,4265.25,2377.22,0.2,2400.85
17062,4265.5,2375.55,0.2,2400.85
17063,4265.75,2376.03,0.2,2400.85
17064,4266.0,2376.27,0.1,2400.84
17065,4266.25,2376.26,0.1,2400.84
17066,4266.5,2376.5,0.1,2400.84
17067,4266.75,2376.73,0.2,2400.84
17068,4267.0,2376.71,0.1,2400.84
17069,4267.25,2374.55,0.2,2400.83
17070,4267.5,2374.98,0.2,2400.83
17071,4267.75,2375.21,0.1,2400.83
17072,4268.0,2374.96,0.2,2400.83
17073,4268.25,2375.2,0.2,2400.82
17074,4268.5,2374.95,0.2,2400.82
17075,4268.75,2374.82,0.2,2400.82
17076,4269.0,2374.54,0.1,2400.82
17077,4269.25,2374.53,0.1,2400.81
17078,4269.5,2373.07,0.2,2400.81
17079,4269.75,2373.31,0.1,2400.81
17080,4270.0,2373.55,0.2,2400.81
17081,4270.25,2374.0,0.1,2400.81
17082,4270.5,2373.75,0.2,2400.8
17083,4270.75,2373.99,0.5,2400.8
17084,4271.0,2372.66,0.1,2400.8
17085,4271.25,2372.4,0.1,2400.8
17086,4271.5,2372.39,0.2,2400.79
17087,4271.75,2372.64,0.1,2400.79
17088,4272.0,2372.88,0.2,2400.79
17089,4272.25,2373.11,0.1,2400.79
17090,4272.5,2373.56,0.2,2400.79
17091,4272.75,2373.8,0.1,2400.78
17092,4273.0,2374.04,0.2,2400.78
17093,4273.25,2372.49,0.1,2400.78
17094,4273.5,2372.72,0.2,2400.78
17095,4273.75,2373.21,0.1,2400.77
17096,4274.0,2373.45,0.3,2400.77
17097,4274.25,2374.95,0.2,2400.77
17098,4274.5,2374.87,0.2,2400.77
17099,4274.75,2376.13,0.2,2400.76
17100,4275.0,2376.37,0.2,2400.76
17101,4275.25,2375.87,0.2,2400.76
17102,4275.5,2376.11,0.1,2400.76
17103,4275.75,2376.1,0.1,2400.76
17104,4276.0,2376.57,0.2,2400.75
17105,4276.25,2376.32,0.1,2400.75
17106,4276.5,2375.59,0.2,2400.75
17107,4276.75,2376.06,0.2,2400.75
17108,4277.0,2376.05,0.1,2400.74
17109,4277.25,2376.29,0.2,2400.74
17110,4277.5,2375.02,0.2,2400.74
17111,4277.75,2375.47,0.2,2400.74
17112,4278.0,2375.47,0.2,2400.73
17113,4278.25,2375.2,0.2,2400.73
17114,4278.5,2375.45,0.1,2400.73
17115,4278.75,2375.19,0.2,2400.73
17116,4279.0,2375.18,0.2,2400.73
17117,4279.25,2376.19,0.3,2400.72
17118,4279.5,2376.43,0.1,2400.72
17119,4279.75,2376.64,0.1,2400.72
17120,4280.0,2376.88,0.1,2400.72
17121,4280.25,2376.86,0.2,2400.71
17122,4280.5,2375.35,0.3,2400.71
17123,4280.75,2375.55,0.2,2400.71
17124,4281.0,2376.04,0.1,2400.71
17125,4281.25,2376.03,0.4,2400.7
17126,4281.5,2376.26,0.1,2400.7
17127,4281.75,2376.27,0.3,2400.7
17128,4282.0,2376.5,0.1,2400.7
17129,4282.25,2377.52,0.2,2400.7
17130,4282.5,2377.75,0.2,2400.69
17131,4282.75,2378.0,0.1,2400.69
17132,4283.0,2378.72,0.2,2400.69
17133,4283.25,2378.96,0.1,2400.69
17134,4283.5,2379.45,0.1,2400.68
17135,4283.75,2379.65,0.1,2400.68
17136,4284.0,2379.39,0.1,2400.68
17137,4284.25,2379.13,0.2,2400.68
17138,4284.5,2379.37,0.2,2400.68
17139,4284.75,2378.87,0.2,2400.67
17140,4285.0,2379.11,0.3,2400.67
17141,4285.25,2379.11,0.1,2400.67
17142,4285.5,2379.11,0.1,2400.67
17143,4285.75,2378.87,0.2,2400.66
17144,4286.0,2379.36,0.1,2400.66
17145,4286.25,2379.36,0.1,2400.66
17146,4286.5,2379.36,0.1,2400.66
17147,4286.75,2379.12,0.2,2400.65
17148,4287.0,2379.12,0.2,2400.65
17149,4287.25,2379.11,0.1,2400.65
17150,4287.5,2379.35,0.1,2400.65
17151,4287.75,2379.61,0.2,2400.65
17152,4288.0,2379.36,0.1,2400.64
17153,4288.25,2379.37,0.2,2400.64
17154,4288.5,2379.36,0.2,2400.64
17155,4288.75,2379.61,0.1,2400.64
17156,4289.0,2379.61,0.1,2400.63
17157,4289.25,2378.47,0.3,2400.63
17158,4289.5,2377.8,0.2,2400.63
17159,4289.75,2377.32,0.2,2400.63
17160,4290.0,2377.52,0.1,2400.62
17161,4290.25,2377.53,0.1,2400.62
17162,4290.5,2377.52,0.2,2400.62
17163,4290.75,2376.81,0.2,2400.62
17164,4291.0,2377.05,0.2,2400.62
17165,4291.25,2376.81,0.2,2400.61
17166,4291.5,2377.29,0.1,2400.61
17167,4291.75,2376.43,0.2,2400.61
17168,4292.0,2376.19,0.1,2400.61
17169,4292.25,2376.18,0.2,2400.6
17170,4292.5,2374.66,0.2,2400.6
17171,4292.75,2374.66,0.1,2400.6
17172,4293.0,2374.64,0.1,2400.6
17173,4293.25,2374.38,0.2,2400.59
17174,4293.5,2374.62,0.1,2400.59
17175,4293.75,2374.38,0.2,2400.59
17176,4294.0,2375.08,0.2,2400.59
17177,4294.25,2372.41,0.2,2400.59
17178,4294.5,2372.66,0.2,2400.58
17179,4294.75,2372.42,0.3,2400.58
17180,4295.0,2372.42,0.1,2400.58
17181,4295.25,2372.17,0.2,2400.58
17182,4295.5,2372.16,0.2,2400.57
17183,4295.75,2372.4,0.1,2400.57
17184,4296.0,2372.13,0.1,2400.57
17185,4296.25,2372.12,0.2,2400.57
17186,4296.5,2372.84,0.1,2400.57
17187,4296.75,2372.84,0.2,2400.56
17188,4297.0,2373.39,0.2,2400.56
17189,4297.25,2373.35,0.1,2400.56
17190,4297.5,2373.35,0.1,2400.56
17191,4297.75,2373.59,0.2,2400.55
17192,4298.0,2373.57,0.2,2400.55
17193,4298.25,2373.8,0.2,2400.55
17194,4298.5,2373.79,0.2,2400.55
17195,4298.75,2374.03,0.2,2400.54
17196,4299.0,2374.52,0.1,2400.54
17197,4299.25,2373.4,0.3,2400.54
17198,4299.5,2373.64,0.2,2400.54
17199,4299.75,2373.89,0.1,2400.54
17200,4300.0,2373.66,0.2,2400.53
17201,4300.25,2373.43,0.1,2400.53
17202,4300.5,2373.42,0.2,2400.53
17203,4300.75,2373.91,0.2,2400.53
17204,4301.0,2373.91,0.2,2400.52
17205,4301.25,2373.92,0.1,2400.52
17206,4301.5,2374.16,0.2,2400.52
17207,4301.75,2374.64,0.1,2400.52
17208,4302.0,2374.64,0.2,2400.51
17209,4302.25,2374.4,0.2,2400.51
17210,4302.5,2374.38,0.1,2400.51
17211,4302.75,2374.63,0.2,2400.51
17212,4303.0,2374.64,0.1,2400.51
17213,4303.25,2373.87,0.4,2400.5
17214,4303.5,2373.84,0.1,2400.5
17215,4303.75,2373.84,0.2,2400.5
17216,4304.0,2373.85,0.2,2400.5
17217,4304.25,2373.43,0.2,2400.49
17218,4304.5,2373.93,0.2,2400.49
17219,4304.75,2373.93,0.2,2400.49
17220,4305.0,2374.39,0.2,2400.49
17221,4305.25,2375.13,0.2,2400.49
17222,4305.5,2374.88,0.2,2400.48
17223,4305.75,2375.12,0.1,2400.48
17224,4306.0,2375.83,0.1,2400.48
17225,4306.25,2374.4,0.1,2400.48
17226,4306.5,2374.65,0.3,2400.47
17227,4306.75,2374.9,0.1,2400.47
17228,4307.0,2375.34,0.1,2400.47
17229,4307.25,2374.59,0.1,2400.47
17230,4307.5,2374.36,0.1,2400.46
17231,4307.75,2374.84,0.2,2400.46
17232,4308.0,2375.09,0.2,2400.46
17233,4308.25,2375.32,0.1,2400.46
17234,4308.5,2375.53,0.1,2400.46
17235,4308.75,2376.01,0.2,2400.45
17236,4309.0,2375.75,0.2,2400.45
17237,4309.25,2374.75,0.2,2400.45
17238,4309.5,2374.98,0.2,2400.45
17239,4309.75,2374.98,0.2,2400.44
17240,4310.0,2375.22,0.1,2400.44
17241,4310.25,2375.67,0.2,2400.44
17242,4310.5,2375.66,0.1,2400.44
17243,4310.75,2375.9,0.2,2400.43
17244,4311.0,2376.11,0.2,2400.43
17245,4311.25,2376.35,0.1,2400.43
17246,4311.5,2376.34,0.2,2400.43
17247,4311.75,2375.03,0.2,2400.43
17248,4312.0,2375.43,0.4,2400.42
17249,4312.25,2375.18,0.2,2400.42
17250,4312.5,2375.41,0.1,2400.42
17251,4312.75,2375.4,0.1,2400.42
17252,4313.0,2375.39,0.3,2400.41
17253,4313.25,2375.38,0.2,2400.41
17254,4313.5,2376.09,0.2,2400.41
17255,4313.75,2376.32,0.2,2400.41
17256,4314.0,2376.32,0.2,2400.4
17257,4314.25,2377.1,0.3,2400.4
17258,4314.5,2377.1,0.2,2400.4
17259,4314.75,2375.32,0.2,2400.4
17260,4315.0,2375.32,0.1,2400.4
17261,4315.25,2375.47,0.2,2400.39
17262,4315.5,2375.46,0.2,2400.39
17263,4315.75,2375.46,0.1,2400.39
17264,4316.0,2374.16,0.2,2400.39
17265,4316.25,2374.39,0.1,2400.38
17266,4316.5,2374.39,0.2,2400.38
17267,4316.75,2374.37,0.2,2400.38
17268,4317.0,2374.86,0.2,2400.38
17269,4317.25,2375.09,0.2,2400.38
17270,4317.5,2375.55,0.2,2400.37
17271,4317.75,2376.03,0.2,2400.37
17272,4318.0,2375.78,0.1,2400.37
17273,4318.25,2375.77,0.2,2400.37
17274,4318.5,2376.25,0.2,2400.36
17275,4318.75,2376.5,0.3,2400.36
17276,4319.0,2376.25,0.2,2400.36
17277,4319.25,2373.56,0.3,2400.36
17278,4319.5,2372.46,0.2,2400.35
17279,4319.75,2365.23,0.2,2400.35
17280,4320.0,2365.46,0.2,2400.35
17281,4320.25,2365.45,0.1,2400.35
17282,4320.5,2365.69,0.2,2400.35
17283,4320.75,2365.68,0.2,2400.34
17284,4321.0,2365.92,0.2,2400.34
17285,4321.25,2366.16,0.2,2400.34
17286,4321.5,2366.4,0.1,2400.34
17287,4321.75,2364.86,0.2,2400.33
17288,4322.0,2365.34,0.1,2400.33
17289,4322.25,2365.59,0.1,2400.33
17290,4322.5,2366.28,0.2,2400.33
17291,4322.75,2366.77,0.2,2400.32
17292,4323.0,2367.01,0.1,2400.32
17293,4323.25,2366.67,0.1,2400.32
17294,4323.5,2366.66,0.2,2400.32
17295,4323.75,2366.65,0.1,2400.32
17296,4324.0,2366.16,0.4,2400.31
17297,4324.25,2366.4,0.2,2400.31
17298,4324.5,2366.86,0.2,2400.31
17299,4324.75,2367.1,0.1,2400.31
17300,4325.0,2367.58,0.1,2400.3
17301,4325.25,2367.09,0.1,2400.3
17302,4325.5,2367.33,0.1,2400.3
17303,4325.75,2367.82,0.3,2400.3
17304,4326.0,2368.07,0.1,2400.29
17305,4326.25,2368.3,0.2,2400.29
17306,4326.5,2368.3,0.1,2400.29
17307,4326.75,2368.55,0.1,2400.29
17308,4327.0,2369.04,0.3,2400.29
17309,4327.25,2368.8,0.1,2400.28
17310,4327.5,2367.55,0.2,2400.28
17311,4327.75,2367.06,0.1,2400.28
17312,4328.0,2367.05,0.2,2400.28
17313,4328.25,2367.29,0.2,2400.27
17314,4328.5,2367.29,0.2,2400.27
17315,4328.75,2367.52,0.2,2400.27
17316,4329.0,2366.91,0.1,2400.27
17317,4329.25,2365.37,0.2,2400.27
17318,4329.5,2364.41,0.2,2400.26
17319,4329.75,2364.4,0.1,2400.26
17320,4330.0,2362.7,0.2,2400.26
17321,4330.25,2363.19,0.2,2400.26
17322,4330.5,2363.42,0.2,2400.25
17323,4330.75,2363.78,0.1,2400.25
17324,4331.0,2364.27,0.2,2400.25
17325,4331.25,2364.95,0.3,2400.25
17326,4331.5,2365.43,0.2,2400.24
17327,4331.75,2365.66,0.2,2400.24
17328,4332.0,2366.16,0.1,2400.24
17329,4332.25,2366.14,0.2,2400.24
17330,4332.5,2365.89,0.1,2400.24
17331,4332.75,2365.89,0.2,2400.23
17332,4333.0,2366.12,0.1,2400.23
17333,4333.25,2366.37,0.1,2400.23
17334,4333.5,2366.61,0.2,2400.23
17335,4333.75,2366.84,0.1,2400.22
17336,4334.0,2367.38,0.3,2400.22
17337,4334.25,2367.86,0.1,2400.22
17338,4334.5,2368.39,0.2,2400.22
17339,4334.75,2368.64,0.1,2400.21
17340,4335.0,2369.11,0.1,2400.21
17341,4335.25,2368.86,0.2,2400.21
17342,4335.5,2369.1,0.1,2400.21
17343,4335.75,2369.34,0.1,2400.21
17344,4336.0,2369.34,0.2,2400.2
17345,4336.25,2369.58,0.1,2400.2
17346,4336.5,2369.56,0.1,2400.2
17347,4336.75,2369.05,0.1,2400.2
17348,4337.0,2369.5,0.2,2400.19
17349,4337.25,2369.74,0.2,2400.19
17350,4337.5,2369.96,0.3,2400.19
17351,4337.75,2370.2,0.2,2400.19
17352,4338.0,2369.44,0.1,2400.19
17353,4338.25,2369.69,0.2,2400.18
17354,4338.5,2369.61,0.2,2400.18
17355,4338.75,2369.86,0.2,2400.18
17356,4339.0,2369.45,0.3,2400.18
17357,4339.25,2369.7,0.2,2400.17
17358,4339.5,2369.93,0.2,2400.17
17359,4339.75,2369.92,0.1,2400.17
17360,4340.0,2369.92,0.2,2400.17
17361,4340.25,2368.14,0.2,2400.16
17362,4340.5,2368.62,0.2,2400.16
17363,4340.75,2368.62,0.1,2400.16
17364,4341.0,2368.83,0.2,2400.16
17365,4341.25,2369.06,0.2,2400.16
17366,4341.5,2369.03,0.1,2400.15
17367,4341.75,2369.02,0.2,2400.15
17368,4342.0,2368.34,0.2,2400.15
17369,4342.25,2368.81,0.2,2400.15
17370,4342.5,2368.99,0.1,2400.14
17371,4342.75,2369.23,0.2,2400.14
17372,4343.0,2368.98,0.2,2400.14
17373,4343.25,2369.21,0.1,2400.14
17374,4343.5,2369.21,0.2,2400.13
17375,4343.75,2369.7,0.2,2400.13
17376,4344.0,2369.7,0.2,2400.13
17377,4344.25,2369.68,0.2,2400.13
17378,4344.5,2369.89,0.2,2400.13
17379,4344.75,2367.34,0.2,2400.12
17380,4345.0,2367.54,0.1,2400.12
17381,4345.25,2368.02,0.2,2400.12
17382,4345.5,2368.51,0.2,2400.12
17383,4345.75,2368.75,0.2,2400.11
17384,4346.0,2368.75,0.2,2400.11
17385,4346.25,2368.99,0.1,2400.11
17386,4346.5,2369.25,0.2,2400.11
17387,4346.75,2369.48,0.1,2400.1
17388,4347.0,2367.71,0.2,2400.1
17389,4347.25,2367.96,0.2,2400.1
17390,4347.5,2368.2,0.1,2400.1
17391,4347.75,2368.18,0.2,2400.1
17392,4348.0,2368.18,0.2,2400.09
17393,4348.25,2368.41,0.1,2400.09
17394,4348.5,2368.41,0.1,2400.09
17395,4348.75,2368.87,0.2,2400.09
17396,4349.0,2368.17,0.3,2400.08
17397,4349.25,2368.16,0.2,2400.08
17398,4349.5,2368.88,0.3,2400.08
17399,4349.75,2369.11,0.2,2400.08
17400,4350.0,2369.11,0.2,2400.08
17401,4350.25,2369.34,0.2,2400.07
17402,4350.5,2369.09,0.1,2400.07
17403,4350.75,2369.09,0.2,2400.07
17404,4351.0,2369.07,0.1,2400.07
17405,4351.25,2368.82,0.1,2400.06
17406,4351.5,2369.04,0.2,2400.06
17407,4351.75,2369.27,0.1,2400.06
17408,4352.0,2369.51,0.1,2400.06
17409,4352.25,2369.74,0.1,2400.05
17410,4352.5,2369.73,0.2,2400.05
17411,4352.75,2369.48,0.1,2400.05
17412,4353.0,2369.45,0.1,2400.05
17413,4353.25,2369.44,0.2,2400.05
17414,4353.5,2369.18,0.2,2400.04
17415,4353.75,2369.42,0.2,2400.04
17416,4354.0,2368.16,0.2,2400.04
17417,4354.25,2367.13,0.2,2400.04
17418,4354.5,2367.13,0.2,2400.03
17419,4354.75,2367.38,0.2,2400.03
17420,4355.0,2367.84,0.1,2400.03
17421,4355.25,2367.84,0.2,2400.03
17422,4355.5,2367.84,0.2,2400.02
17423,4355.75,2367.84,0.1,2400.02
17424,4356.0,2367.82,0.1,2400.02
17425,4356.25,2368.26,0.1,2400.02
17426,4356.5,2368.01,0.2,2400.02
17427,4356.75,2368.02,0.4,2400.01
17428,4357.0,2367.76,0.1,2400.01
17429,4357.25,2367.75,0.1,2400.01
17430,4357.5,2367.99,0.2,2400.01
17431,4357.75,2368.48,0.2,2400.0
17432,4358.0,2368.46,0.2,2400.0
17433,4358.25,2368.46,0.2,2400.0
17434,4358.5,2368.69,0.2,2400.0
17435,4358.75,2368.93,0.2,2399.99
17436,4359.0,2369.08,0.2,2399.99
17437,4359.25,2369.53,0.1,2399.99
17438,4359.5,2369.77,0.2,2399.99
17439,4359.75,2370.01,0.1,2399.99
17440,4360.0,2370.0,0.2,2399.98
17441,4360.25,2370.24,0.1,2399.98
17442,4360.5,2370.48,0.3,2399.98
17443,4360.75,2370.22,0.2,2399.98
17444,4361.0,2370.22,0.2,2399.97
17445,4361.25,2370.45,0.1,2399.97
17446,4361.5,2370.7,0.2,2399.97
17447,4361.75,2370.21,0.2,2399.97
17448,4362.0,2369.61,0.1,2399.97
17449,4362.25,2369.34,0.2,2399.96
17450,4362.5,2369.59,0.1,2399.96
17451,4362.75,2369.59,0.2,2399.96
17452,4363.0,2369.11,0.1,2399.96
17453,4363.25,2369.34,0.2,2399.95
17454,4363.5,2369.33,0.1,2399.95
17455,4363.75,2369.82,0.2,2399.95
17456,4364.0,2368.92,0.1,2399.95
17457,4364.25,2367.73,0.2,2399.94
17458,4364.5,2368.43,0.4,2399.94
17459,4364.75,2368.43,0.1,2399.94
17460,4365.0,2368.91,0.2,2399.94
17461,4365.25,2369.15,0.1,2399.94
17462,4365.5,2368.9,0.2,2399.93
17463,4365.75,2369.14,0.1,2399.93
17464,4366.0,2368.89,0.1,2399.93
17465,4366.25,2367.36,0.2,2399.93
17466,4366.5,2367.36,0.2,2399.92
17467,4366.75,2367.36,0.2,2399.92
17468,4367.0,2367.59,0.2,2399.92
17469,4367.25,2367.84,0.2,2399.92
17470,4367.5,2367.84,0.2,2399.91
17471,4367.75,2368.3,0.2,2399.91
17472,4368.0,2368.3,0.2,2399.91
17473,4368.25,2368.28,0.2,2399.91
17474,4368.5,2368.77,0.2,2399.91
17475,4368.75,2368.98,0.1,2399.9
17476,4369.0,2367.76,0.3,2399.9
17477,4369.25,2368.23,0.1,2399.9
17478,4369.5,2368.31,0.1,2399.9
17479,4369.75,2368.56,0.1,2399.89
17480,4370.0,2368.3,0.2,2399.89
17481,4370.25,2368.3,0.2,2399.89
17482,4370.5,2368.78,0.2,2399.89
17483,4370.75,2369.02,0.2,2399.88
17484,4371.0,2368.76,0.2,2399.88
17485,4371.25,2369.0,0.2,2399.88
17486,4371.5,2369.7,0.1,2399.88
17487,4371.75,2370.45,0.2,2399.88
17488,4372.0,2370.45,0.2,2399.87
17489,4372.25,2370.7,0.1,2399.87
17490,4372.5,2370.94,0.2,2399.87
17491,4372.75,2370.94,0.1,2399.87
17492,4373.0,2370.7,0.1,2399.86
17493,4373.25,2371.19,0.1,2399.86
17494,4373.5,2369.44,0.2,2399.86
17495,4373.75,2369.2,0.2,2399.86
17496,4374.0,2368.55,0.2,2399.86
17497,4374.25,2368.31,0.1,2399.85
17498,4374.5,2368.55,0.2,2399.85
17499,4374.75,2368.8,0.2,2399.85
17500,4375.0,2369.27,0.1,2399.85
17501,4375.25,2369.03,0.2,2399.84
17502,4375.5,2369.29,0.2,2399.84
17503,4375.75,2369.54,0.3,2399.84
17504,4376.0,2369.77,0.1,2399.84
17505,4376.25,2369.3,0.2,2399.83
17506,4376.5,2369.55,0.1,2399.83
17507,4376.75,2369.79,0.2,2399.83
17508,4377.0,2370.04,0.3,2399.83
17509,4377.25,2369.79,0.2,2399.83
17510,4377.5,2369.55,0.2,2399.82
17511,4377.75,2368.95,0.2,2399.82
17512,4378.0,2369.66,0.2,2399.82
17513,4378.25,2369.41,0.2,2399.82
17514,4378.5,2369.17,0.1,2399.81
17515,4378.75,2369.4,0.2,2399.81
17516,4379.0,2368.41,0.2,2399.81
17517,4379.25,2369.09,0.2,2399.81
17518,4379.5,2369.08,0.1,2399.8
17519,4379.75,2369.32,0.1,2399.8
17520,4380.0,2369.56,0.1,2399.8
17521,4380.25,2369.25,0.3,2399.8
17522,4380.5,2367.09,0.2,2399.8
17523,4380.75,2367.54,0.1,2399.79
17524,4381.0,2367.79,0.3,2399.79
17525,4381.25,2368.04,0.2,2399.79
17526,4381.5,2368.28,0.1,2399.79
17527,4381.75,2368.28,0.4,2399.78
17528,4382.0,2368.29,0.1,2399.78
17529,4382.25,2368.29,0.2,2399.78
17530,4382.5,2368.29,0.2,2399.78
17531,4382.75,2368.05,0.1,2399.78
17532,4383.0,2368.29,0.1,2399.77
17533,4383.25,2368.05,0.2,2399.77
17534,4383.5,2367.82,0.1,2399.77
17535,4383.75,2366.2,0.4,2399.77
17536,4384.0,2366.31,0.1,2399.76
17537,4384.25,2367.02,0.2,2399.76
17538,4384.5,2367.26,0.1,2399.76
17539,4384.75,2367.5,0.2,2399.76
17540,4385.0,2367.24,0.2,2399.75
17541,4385.25,2367.46,0.1,2399.75
17542,4385.5,2367.46,0.2,2399.75
17543,4385.75,2367.46,0.2,2399.75
17544,4386.0,2367.46,0.2,2399.75
17545,4386.25,2367.21,0.2,2399.74
17546,4386.5,2366.98,0.1,2399.74
17547,4386.75,2366.79,0.2,2399.74
17548,4387.0,2367.0,0.2,2399.74
17549,4387.25,2366.46,0.2,2399.73
17550,4387.5,2366.71,0.1,2399.73
17551,4387.75,2366.93,0.1,2399.73
17552,4388.0,2367.18,0.1,2399.73
17553,4388.25,2367.67,0.3,2399.72
17554,4388.5,2367.91,0.1,2399.72
17555,4388.75,2365.45,0.2,2399.72
17556,4389.0,2366.2,0.2,2399.72
17557,4389.25,2366.44,0.2,2399.72
17558,4389.5,2366.45,0.2,2399.71
17559,4389.75,2366.9,0.2,2399.71
17560,4390.0,2367.4,0.1,2399.71
17561,4390.25,2367.39,0.1,2399.71
17562,4390.5,2367.39,0.2,2399.7
17563,4390.75,2367.64,0.2,2399.7
17564,4391.0,2367.64,0.2,2399.7
17565,4391.25,2368.38,0.1,2399.7
17566,4391.5,2368.13,0.1,2399.69
17567,4391.75,2368.63,0.2,2399.69
17568,4392.0,2368.88,0.1,2399.69
17569,4392.25,2368.88,0.2,2399.69
17570,4392.5,2368.4,0.1,2399.69
17571,4392.75,2368.41,0.1,2399.68
17572,4393.0,2368.41,0.1,2399.68
17573,4393.25,2368.4,0.1,2399.68
17574,4393.5,2368.4,0.2,2399.68
17575,4393.75,2367.41,0.2,2399.67
17576,4394.0,2366.12,0.2,2399.67
17577,4394.25,2366.59,0.1,2399.67
17578,4394.5,2366.82,0.1,2399.67
17579,4394.75,2366.81,0.2,2399.67
17580,4395.0,2366.8,0.1,2399.66
17581,4395.25,2366.8,0.1,2399.66
17582,4395.5,2366.79,0.2,2399.66
17583,4395.75,2366.75,0.2,2399.66
17584,4396.0,2366.26,0.1,2399.65
17585,4396.25,2366.49,0.2,2399.65
17586,4396.5,2366.73,0.2,2399.65
17587,4396.75,2366.98,0.1,2399.65
17588,4397.0,2367.43,0.1,2399.64
17589,4397.25,2366.93,0.2,2399.64
17590,4397.5,2366.92,0.1,2399.64
17591,4397.75,2366.91,0.2,2399.64
17592,4398.0,2367.16,0.2,2399.64
17593,4398.25,2367.39,0.1,2399.63
17594,4398.5,2367.62,0.2,2399.63
17595,4398.75,2364.71,0.2,2399.63
17596,4399.0,2365.2,0.3,2399.63
17597,4399.25,2365.9,0.2,2399.62
17598,4399.5,2365.9,0.1,2399.62
17599,4399.75,2366.13,0.2,2399.62
17600,4400.0,2365.88,0.1,2399.62
17601,4400.25,2366.36,0.2,2399.61
17602,4400.5,2366.85,0.2,2399.61
17603,4400.75,2367.05,0.1,2399.61
17604,4401.0,2367.54,0.2,2399.61
17605,4401.25,2367.3,0.4,2399.61
17606,4401.5,2367.8,0.1,2399.6
17607,4401.75,2368.26,0.2,2399.6
17608,4402.0,2368.27,0.4,2399.6
17609,4402.25,2369.23,0.2,2399.6
17610,4402.5,2369.47,0.1,2399.59
17611,4402.75,2369.48,0.2,2399.59
17612,4403.0,2369.98,0.2,2399.59
17613,4403.25,2369.98,0.1,2399.59
17614,4403.5,2370.24,0.2,2399.58
17615,4403.75,2368.13,0.2,2399.58
17616,4404.0,2367.89,0.3,2399.58
17617,4404.25,2368.38,0.2,2399.58
17618,4404.5,2368.39,0.2,2399.58
17619,4404.75,2368.89,0.1,2399.57
17620,4405.0,2369.13,0.2,2399.57
17621,4405.25,2369.14,0.2,2399.57
17622,4405.5,2369.11,0.2,2399.57
17623,4405.75,2369.6,0.2,2399.56
17624,4406.0,2368.08,0.2,2399.56
17625,4406.25,2368.57,0.1,2399.56
17626,4406.5,2369.07,0.2,2399.56
17627,4406.75,2369.07,0.2,2399.56
17628,4407.0,2369.1,0.3,2399.55
17629,4407.25,2369.07,0.1,2399.55
17630,4407.5,2369.56,0.1,2399.55
17631,4407.75,2369.81,0.2,2399.55
17632,4408.0,2369.82,0.2,2399.54
17633,4408.25,2369.55,0.2,2399.54
17634,4408.5,2369.3,0.2,2399.54
17635,4408.75,2369.62,0.1,2399.54
17636,4409.0,2393.88,2.9,2399.53
17637,4409.25,2395.64,1.2,2399.53
17638,4409.5,2395.62,0.1,2399.53
17639,4409.75,2395.62,0.4,2399.53
17640,4410.0,2395.61,0.2,2399.53
17641,4410.25,2396.1,0.2,2399.52
17642,4410.5,2396.27,0.2,2399.52
17643,4410.75,2396.52,0.2,2399.52
17644,4411.0,2396.51,0.3,2399.52
17645,4411.25,2395.25,0.1,2399.51
17646,4411.5,2395.74,0.2,2399.51
17647,4411.75,2395.73,0.2,2399.51
17648,4412.0,2395.96,0.2,2399.51
17649,4412.25,2396.45,0.1,2399.5
17650,4412.5,2397.16,0.2,2399.5
17651,4412.75,2397.15,0.2,2399.5
17652,4413.0,2396.9,0.2,2399.5
17653,4413.25,2396.9,0.2,2399.5
17654,4413.5,2396.64,0.1,2399.49
17655,4413.75,2394.95,0.3,2399.49
17656,4414.0,2395.68,0.2,2399.49
17657,4414.25,2395.42,0.2,2399.49
17658,4414.5,2395.66,0.2,2399.48
17659,4414.75,2395.9,0.2,2399.48
17660,4415.0,2396.13,0.2,2399.48
17661,4415.25,2396.12,0.2,2399.48
17662,4415.5,2396.34,0.2,2399.48
17663,4415.75,2396.81,0.1,2399.47
17664,4416.0,2396.81,0.2,2399.47
17665,4416.25,2397.05,0.1,2399.47
17666,4416.5,2396.67,0.3,2399.47
17667,4416.75,2397.15,0.1,2399.46
17668,4417.0,2396.91,0.1,2399.46
17669,4417.25,2397.15,0.1,2399.46
17670,4417.5,2397.14,0.2,2399.46
17671,4417.75,2396.9,0.2,2399.45
17672,4418.0,2396.89,0.1,2399.45
17673,4418.25,2396.88,0.2,2399.45
17674,4418.5,2397.12,0.1,2399.45
17675,4418.75,2396.74,0.3,2399.45
17676,4419.0,2396.48,0.1,2399.44
17677,4419.25,2395.99,0.2,2399.44
17678,4419.5,2395.98,0.1,2399.44
17679,4419.75,2396.47,0.1,2399.44
17680,4420.0,2396.16,0.2,2399.43
17681,4420.25,2396.41,0.1,2399.43
17682,4420.5,2396.65,0.1,2399.43
17683,4420.75,2397.12,0.2,2399.43
17684,4421.0,2397.11,0.2,2399.42
17685,4421.25,2397.57,0.2,2399.42
17686,4421.5,2397.8,0.2,2399.42
17687,4421.75,2397.8,0.1,2399.42
17688,4422.0,2397.8,0.2,2399.42
17689,4422.25,2397.8,0.2,2399.41
17690,4422.5,2397.8,0.1,2399.41
17691,4422.75,2397.55,0.3,2399.41
17692,4423.0,2397.55,0.1,2399.41
17693,4423.25,2398.04,0.1,2399.4
17694,4423.5,2398.42,0.1,2399.4
17695,4423.75,2398.41,0.2,2399.4
17696,4424.0,2399.6,0.1,2399.4
17697,4424.25,2399.59,0.2,2399.39
17698,4424.5,2399.84,0.1,2399.39
17699,4424.75,2400.07,0.2,2399.39
17700,4425.0,2400.31,0.2,2399.39
17701,4425.25,2400.31,0.1,2399.39
17702,4425.5,2400.55,0.2,2399.38
17703,4425.75,2401.26,0.1,2399.38
17704,4426.0,2401.02,0.2,2399.38
17705,4426.25,2400.98,0.2,2399.38
17706,4426.5,2400.73,0.2,2399.37
17707,4426.75,2400.24,0.1,2399.37
17708,4427.0,2400.47,0.2,2399.37
17709,4427.25,2400.47,0.2,2399.37
17710,4427.5,2400.69,0.1,2399.37
17711,4427.75,2400.92,0.1,2399.36
17712,4428.0,2400.67,0.2,2399.36
17713,4428.25,2400.67,0.2,2399.36
17714,4428.5,2400.43,0.1,2399.36
17715,4428.75,2399.94,0.3,2399.35
17716,4429.0,2400.18,0.1,2399.35
17717,4429.25,2400.2,0.1,2399.35
17718,4429.5,2400.42,0.2,2399.35
17719,4429.75,2400.18,0.1,2399.34
17720,4430.0,2400.43,0.1,2399.34
17721,4430.25,2400.44,0.2,2399.34
17722,4430.5,2400.21,0.1,2399.34
17723,4430.75,2400.2,0.2,2399.34
17724,4431.0,2400.22,0.3,2399.33
17725,4431.25,2400.46,0.1,2399.33
17726,4431.5,2400.28,0.2,2399.33
17727,4431.75,2400.13,0.2,2399.33
17728,4432.0,2399.63,0.2,2399.32
17729,4432.25,2399.87,0.2,2399.32
17730,4432.5,2399.86,0.1,2399.32
17731,4432.75,2398.82,0.1,2399.32
17732,4433.0,2398.32,0.3,2399.31
17733,4433.25,2397.82,0.1,2399.31
17734,4433.5,2398.31,0.2,2399.31
17735,4433.75,2397.28,0.2,2399.31
17736,4434.0,2397.52,0.1,2399.31
17737,4434.25,2396.66,0.2,2399.3
17738,4434.5,2396.9,0.2,2399.3
17739,4434.75,2397.14,0.1,2399.3
17740,4435.0,2397.38,0.2,2399.3
17741,4435.25,2397.38,0.2,2399.29
17742,4435.5,2397.83,0.2,2399.29
17743,4435.75,2398.32,0.2,2399.29
17744,4436.0,2398.56,0.2,2399.29
17745,4436.25,2398.56,0.3,2399.28
17746,4436.5,2398.76,0.2,2399.28
17747,4436.75,2398.53,0.2,2399.28
17748,4437.0,2399.26,0.1,2399.28
17749,4437.25,2399.75,0.2,2399.28
17750,4437.5,2397.73,0.1,2399.27
17751,4437.75,2397.73,0.2,2399.27
17752,4438.0,2397.73,0.1,2399.27
17753,4438.25,2398.22,0.2,2399.27
17754,4438.5,2398.22,0.1,2399.26
17755,4438.75,2395.64,0.3,2399.26
17756,4439.0,2391.67,0.6,2399.26
17757,4439.25,2391.66,0.1,2399.26
17758,4439.5,2391.48,0.2,2399.26
17759,4439.75,2391.48,0.1,2399.25
17760,4440.0,2391.47,0.1,2399.25
17761,4440.25,2391.71,0.2,2399.25
17762,4440.5,2391.95,0.1,2399.25
17763,4440.75,2392.2,0.1,2399.24
17764,4441.0,2391.96,0.1,2399.24
17765,4441.25,2391.96,0.2,2399.24
17766,4441.5,2391.95,0.2,2399.24
17767,4441.75,2392.18,0.2,2399.23
17768,4442.0,2392.18,0.1,2399.23
17769,4442.25,2391.44,0.1,2399.23
17770,4442.5,2391.43,0.2,2399.23
17771,4442.75,2391.43,0.1,2399.23
17772,4443.0,2391.41,0.2,2399.22
17773,4443.25,2390.92,0.2,2399.22
17774,4443.5,2391.45,0.2,2399.22
17775,4443.75,2391.69,0.2,2399.22
17776,4444.0,2391.69,0.1,2399.21
17777,4444.25,2391.68,0.2,2399.21
17778,4444.5,2391.66,0.1,2399.21
17779,4444.75,2391.17,0.1,2399.21
17780,4445.0,2391.41,0.1,2399.2
17781,4445.25,2391.82,0.2,2399.2
17782,4445.5,2391.58,0.2,2399.2
17783,4445.75,2391.34,0.2,2399.2
17784,4446.0,2391.34,0.1,2399.2
17785,4446.25,2391.55,0.2,2399.19
17786,4446.5,2388.73,0.2,2399.19
17787,4446.75,2388.73,0.1,2399.19
17788,4447.0,2388.4,0.1,2399.19
17789,4447.25,2388.15,0.1,2399.18
17790,4447.5,2388.64,0.2,2399.18
17791,4447.75,2388.39,0.1,2399.18
17792,4448.0,2387.05,0.1,2399.18
17793,4448.25,2387.05,0.1,2399.18
17794,4448.5,2385.41,0.4,2399.17
17795,4448.75,2385.4,0.2,2399.17
17796,4449.0,2385.37,0.2,2399.17
17797,4449.25,2385.85,0.2,2399.17
17798,4449.5,2385.85,0.2,2399.16
17799,4449.75,2386.55,0.2,2399.16
17800,4450.0,2386.79,0.1,2399.16
17801,4450.25,2387.28,0.1,2399.16
17802,4450.5,2387.28,0.2,2399.15
17803,4450.75,2387.74,0.2,2399.15
17804,4451.0,2388.24,0.2,2399.15
17805,4451.25,2388.73,0.1,2399.15
17806,4451.5,2388.74,0.2,2399.15
17807,4451.75,2388.75,0.2,2399.14
17808,4452.0,2388.71,0.2,2399.14
17809,4452.25,2388.95,0.1,2399.14
17810,4452.5,2388.96,0.2,2399.14
17811,4452.75,2387.53,0.2,2399.13
17812,4453.0,2388.0,0.1,2399.13
17813,4453.25,2388.0,0.4,2399.13
17814,4453.5,2389.28,0.1,2399.13
17815,4453.75,2387.77,0.2,2399.12
17816,4454.0,2389.21,0.2,2399.12
17817,4454.25,2388.96,0.2,2399.12
17818,4454.5,2389.21,0.1,2399.12
17819,4454.75,2388.98,0.1,2399.12
17820,4455.0,2389.32,0.1,2399.11
17821,4455.25,2389.54,0.1,2399.11
17822,4455.5,2389.53,0.2,2399.11
17823,4455.75,2389.53,0.2,2399.11
17824,4456.0,2389.51,0.2,2399.1
17825,4456.25,2389.75,0.1,2399.1
17826,4456.5,2389.99,0.1,2399.1
17827,4456.75,2389.73,0.2,2399.1
17828,4457.0,2389.49,0.2,2399.09
17829,4457.25,2389.24,0.2,2399.09
17830,4457.5,2389.5,0.1,2399.09
17831,4457.75,2388.7,0.1,2399.09
17832,4458.0,2388.94,0.2,2399.09
17833,4458.25,2388.94,0.2,2399.08
17834,4458.5,2387.03,0.4,2399.08
17835,4458.75,2387.02,0.2,2399.08
17836,4459.0,2387.27,0.2,2399.08
17837,4459.25,2387.5,0.1,2399.07
17838,4459.5,2387.51,0.2,2399.07
17839,4459.75,2387.75,0.2,2399.07
17840,4460.0,2388.0,0.1,2399.07
17841,4460.25,2388.25,0.2,2399.07
17842,4460.5,2388.25,0.2,2399.06
17843,4460.75,2388.74,0.2,2399.06
17844,4461.0,2388.98,0.1,2399.06
17845,4461.25,2388.98,0.2,2399.06
17846,4461.5,2388.98,0.2,2399.05
17847,4461.75,2389.23,0.1,2399.05
17848,4462.0,2390.19,0.1,2399.05
17849,4462.25,2389.95,0.2,2399.05
17850,4462.5,2389.94,0.2,2399.04
17851,4462.75,2388.43,0.1,2399.04
17852,4463.0,2388.48,0.2,2399.04
17853,4463.25,2388.72,0.1,2399.04
17854,4463.5,2389.5,0.2,2399.04
17855,4463.75,2389.74,0.2,2399.03
17856,4464.0,2389.49,0.2,2399.03
17857,4464.25,2389.74,0.1,2399.03
17858,4464.5,2390.22,0.2,2399.03
17859,4464.75,2389.74,0.2,2399.02
17860,4465.0,2389.95,0.1,2399.02
17861,4465.25,2390.45,0.2,2399.02
17862,4465.5,2390.45,0.2,2399.02
17863,4465.75,2390.91,0.2,2399.01
17864,4466.0,2389.39,0.2,2399.01
17865,4466.25,2389.64,0.2,2399.01
17866,4466.5,2389.63,0.1,2399.01
17867,4466.75,2389.63,0.2,2399.01
17868,4467.0,2389.88,0.2,2399.0
17869,4467.25,2390.13,0.1,2399.0
17870,4467.5,2390.38,0.2,2399.0
17871,4467.75,2390.62,0.1,2399.0
17872,4468.0,2390.63,0.2,2398.99
17873,4468.25,2390.12,0.2,2398.99
17874,4468.5,2382.46,0.5,2398.99
17875,4468.75,2382.94,0.2,2398.99
17876,4469.0,2370.47,0.4,2398.98
17877,4469.25,2370.48,0.2,2398.98
17878,4469.5,2370.21,0.2,2398.98
17879,4469.75,2370.46,0.2,2398.98
17880,4470.0,2370.45,0.1,2398.98
17881,4470.25,2370.7,0.2,2398.97
17882,4470.5,2370.7,0.2,2398.97
17883,4470.75,2370.36,0.1,2398.97
17884,4471.0,2370.61,0.1,2398.97
17885,4471.25,2370.6,0.2,2398.96
17886,4471.5,2371.08,0.2,2398.96
17887,4471.75,2371.08,0.2,2398.96
17888,4472.0,2371.55,0.2,2398.96
17889,4472.25,2371.55,0.1,2398.96
17890,4472.5,2371.55,0.2,2398.95
17891,4472.75,2371.75,0.2,2398.95
17892,4473.0,2371.51,0.2,2398.95
17893,4473.25,2371.5,0.1,2398.95
17894,4473.5,2370.45,0.3,2398.94
17895,4473.75,2369.18,0.2,2398.94
17896,4474.0,2369.42,0.2,2398.94
17897,4474.25,2369.17,0.1,2398.94
17898,4474.5,2368.91,0.1,2398.93
17899,4474.75,2369.4,0.2,2398.93
17900,4475.0,2369.64,0.1,2398.93
17901,4475.25,2369.62,0.1,2398.93
17902,4475.5,2369.62,0.2,2398.93
17903,4475.75,2369.38,0.2,2398.92
17904,4476.0,2369.36,0.2,2398.92
17905,4476.25,2368.04,0.2,2398.92
17906,4476.5,2368.27,0.1,2398.92
17907,4476.75,2368.19,0.2,2398.91
17908,4477.0,2368.17,0.2,2398.91
17909,4477.25,2368.41,0.2,2398.91
17910,4477.5,2368.65,0.0,2398.91
17911,4477.75,2368.4,0.3,2398.9
17912,4478.0,2368.85,0.2,2398.9
17913,4478.25,2369.07,0.1,2398.9
17914,4478.5,2368.39,0.3,2398.9
17915,4478.75,2367.34,0.2,2398.9
17916,4479.0,2366.64,0.1,2398.89
17917,4479.25,2367.09,0.2,2398.89
17918,4479.5,2366.85,0.2,2398.89
17919,4479.75,2367.07,0.2,2398.89
17920,4480.0,2367.55,0.2,2398.88
17921,4480.25,2367.79,0.1,2398.88
17922,4480.5,2367.3,0.2,2398.88
17923,4480.75,2367.56,0.1,2398.88
17924,4481.0,2367.31,0.2,2398.88
17925,4481.25,2367.77,0.1,2398.87
17926,4481.5,2367.53,0.2,2398.87
17927,4481.75,2367.52,0.2,2398.87
17928,4482.0,2367.29,0.2,2398.87
17929,4482.25,2367.28,0.1,2398.86
17930,4482.5,2367.28,0.2,2398.86
17931,4482.75,2367.02,0.2,2398.86
17932,4483.0,2366.76,0.2,2398.86
17933,4483.25,2366.75,0.2,2398.85
17934,4483.5,2365.61,0.3,2398.85
17935,4483.75,2367.32,0.1,2398.85
17936,4484.0,2371.52,1.4,2398.85
17937,4484.25,2372.22,0.1,2398.85
17938,4484.5,2372.98,0.2,2398.84
17939,4484.75,2373.21,0.2,2398.84
17940,4485.0,2373.45,0.1,2398.84
17941,4485.25,2373.45,0.1,2398.84
17942,4485.5,2373.43,0.1,2398.83
17943,4485.75,2373.91,0.2,2398.83
17944,4486.0,2374.16,0.1,2398.83
17945,4486.25,2375.12,0.2,2398.83
17946,4486.5,2375.11,0.2,2398.82
17947,4486.75,2375.11,0.1,2398.82
17948,4487.0,2375.35,0.1,2398.82
17949,4487.25,2375.11,0.1,2398.82
17950,4487.5,2375.11,0.2,2398.82
17951,4487.75,2375.33,0.2,2398.81
17952,4488.0,2375.32,0.2,2398.81
17953,4488.25,2375.3,0.2,2398.81
17954,4488.5,2374.66,0.4,2398.81
17955,4488.75,2375.26,0.2,2398.8
17956,4489.0,2375.26,0.3,2398.8
17957,4489.25,2375.71,0.1,2398.8
17958,4489.5,2376.2,0.1,2398.8
17959,4489.75,2376.2,0.2,2398.79
17960,4490.0,2375.96,0.2,2398.79
17961,4490.25,2376.42,0.2,2398.79
17962,4490.5,2376.43,0.1,2398.79
17963,4490.75,2374.88,0.1,2398.79
17964,4491.0,2375.14,0.2,2398.78
17965,4491.25,2375.02,0.2,2398.78
17966,4491.5,2375.28,0.2,2398.78
17967,4491.75,2375.05,0.4,2398.78
17968,4492.0,2375.05,0.2,2398.77
17969,4492.25,2375.3,0.1,2398.77
17970,4492.5,2375.05,0.2,2398.77
17971,4492.75,2375.06,0.3,2398.77
17972,4493.0,2375.27,0.3,2398.77
17973,4493.25,2375.77,0.1,2398.76
17974,4493.5,2374.79,0.2,2398.76
17975,4493.75,2375.04,0.1,2398.76
17976,4494.0,2375.28,0.2,2398.76
17977,4494.25,2375.04,0.1,2398.75
17978,4494.5,2375.78,0.2,2398.75
17979,4494.75,2375.28,0.1,2398.75
17980,4495.0,2375.73,0.4,2398.75
17981,4495.25,2375.96,0.2,2398.74
17982,4495.5,2376.45,0.2,2398.74
17983,4495.75,2376.2,0.1,2398.74
17984,4496.0,2376.43,0.2,2398.74
17985,4496.25,2376.18,0.2,2398.74
17986,4496.5,2375.93,0.2,2398.73
17987,4496.75,2376.17,0.1,2398.73
17988,4497.0,2376.16,0.1,2398.73
17989,4497.25,2376.15,0.3,2398.73
17990,4497.5,2375.64,0.2,2398.72
17991,4497.75,2376.12,0.1,2398.72
17992,4498.0,2376.36,0.2,2398.72
17993,4498.25,2376.61,0.1,2398.72
17994,4498.5,2375.09,0.3,2398.71
17995,4498.75,2376.33,0.4,2398.71
17996,4499.0,2376.56,0.1,2398.71
17997,4499.25,2376.8,0.2,2398.71
17998,4499.5,2377.29,0.2,2398.71
17999,4499.75,2377.52,0.2,2398.7
18000,4500.0,2377.52,0.2,2398.7
18001,4500.25,2376.44,0.1,2398.7
18002,4500.5,2376.43,0.2,2398.7
18003,4500.75,2376.91,0.2,2398.69
18004,4501.0,2377.39,0.2,2398.69
18005,4501.25,2377.89,0.1,2398.69
18006,4501.5,2377.88,0.1,2398.69
18007,4501.75,2378.12,0.1,2398.68
18008,4502.0,2378.35,0.2,2398.68
18009,4502.25,2378.2,0.1,2398.68
18010,4502.5,2378.45,0.1,2398.68
18011,4502.75,2378.7,0.2,2398.68
18012,4503.0,2378.95,0.1,2398.67
18013,4503.25,2378.04,0.2,2398.67
18014,4503.5,2377.94,0.2,2398.67
18015,4503.75,2377.95,0.2,2398.67
18016,4504.0,2377.94,0.2,2398.66
18017,4504.25,2377.93,0.2,2398.66
18018,4504.5,2378.15,0.1,2398.66
18019,4504.75,2377.91,0.2,2398.66
18020,4505.0,2377.91,0.1,2398.66
18021,4505.25,2377.88,0.1,2398.65
18022,4505.5,2378.13,0.2,2398.65
18023,4505.75,2377.66,0.1,2398.65
18024,4506.0,2377.9,0.2,2398.65
18025,4506.25,2376.23,0.1,2398.64
18026,4506.5,2376.24,0.2,2398.64
18027,4506.75,2376.48,0.2,2398.64
18028,4507.0,2376.72,0.1,2398.64
18029,4507.25,2376.96,0.1,2398.63
18030,4507.5,2376.97,0.1,2398.63
18031,4507.75,2377.22,0.2,2398.63
18032,4508.0,2377.44,0.1,2398.63
18033,4508.25,2377.32,0.2,2398.63
18034,4508.5,2377.56,0.1,2398.62
18035,4508.75,2377.8,0.2,2398.62
18036,4509.0,2377.81,0.2,2398.62
18037,4509.25,2377.78,0.1,2398.62
18038,4509.5,2378.28,0.1,2398.61
18039,4509.75,2378.52,0.2,2398.61
18040,4510.0,2378.46,0.2,2398.61
18041,4510.25,2378.45,0.2,2398.61
18042,4510.5,2378.69,0.1,2398.6
18043,4510.75,2379.15,0.2,2398.6
18044,4511.0,2379.39,0.1,2398.6
18045,4511.25,2379.14,0.1,2398.6
18046,4511.5,2378.88,0.1,2398.6
18047,4511.75,2378.88,0.2,2398.59
18048,4512.0,2378.62,0.2,2398.59
18049,4512.25,2378.36,0.2,2398.59
18050,4512.5,2378.11,0.1,2398.59
18051,4512.75,2378.1,0.2,2398.58
18052,4513.0,2378.09,0.2,2398.58
18053,4513.25,2376.55,0.3,2398.58
18054,4513.5,2376.25,0.1,2398.58
18055,4513.75,2377.9,0.1,2398.58
18056,4514.0,2378.11,0.2,2398.57
18057,4514.25,2377.23,0.2,2398.57
18058,4514.5,2377.23,0.2,2398.57
18059,4514.75,2377.47,0.1,2398.57
18060,4515.0,2377.71,0.1,2398.56
18061,4515.25,2378.2,0.2,2398.56
18062,4515.5,2378.43,0.2,2398.56
18063,4515.75,2378.17,0.2,2398.56
18064,4516.0,2378.41,0.2,2398.55
18065,4516.25,2378.41,0.1,2398.55
18066,4516.5,2378.61,0.1,2398.55
18067,4516.75,2378.36,0.2,2398.55
18068,4517.0,2378.6,0.1,2398.55
18069,4517.25,2378.59,0.1,2398.54
18070,4517.5,2378.58,0.2,2398.54
18071,4517.75,2378.57,0.1,2398.54
18072,4518.0,2376.87,0.1,2398.54
18073,4518.25,2377.08,0.2,2398.53
18074,4518.5,2372.07,0.2,2398.53
18075,4518.75,2371.54,0.2,2398.53
18076,4519.0,2371.78,0.1,2398.53
18077,4519.25,2371.78,0.2,2398.52
18078,4519.5,2372.32,0.1,2398.52
18079,4519.75,2372.56,0.1,2398.52
18080,4520.0,2372.32,0.2,2398.52
18081,4520.25,2372.81,0.1,2398.52
18082,4520.5,2372.82,0.2,2398.51
18083,4520.75,2372.82,0.2,2398.51
18084,4521.0,2372.58,0.2,2398.51
18085,4521.25,2372.84,0.2,2398.51
18086,4521.5,2372.84,0.1,2398.5
18087,4521.75,2372.85,0.2,2398.5
18088,4522.0,2373.09,0.1,2398.5
18089,4522.25,2373.09,0.2,2398.5
18090,4522.5,2373.59,0.2,2398.49
18091,4522.75,2373.35,0.3,2398.49
18092,4523.0,2373.59,0.3,2398.49
18093,4523.25,2372.22,0.2,2398.49
18094,4523.5,2372.49,0.2,2398.49
18095,4523.75,2373.04,0.1,2398.48
18096,4524.0,2373.05,0.2,2398.48
18097,4524.25,2373.05,0.2,2398.48
18098,4524.5,2373.3,0.3,2398.48
18099,4524.75,2373.06,0.3,2398.47
18100,4525.0,2373.06,0.1,2398.47
18101,4525.25,2372.5,0.2,2398.47
18102,4525.5,2372.49,0.2,2398.47
18103,4525.75,2372.21,0.2,2398.47
18104,4526.0,2372.2,0.1,2398.46
18105,4526.25,2372.2,0.1,2398.46
18106,4526.5,2372.19,0.2,2398.46
18107,4526.75,2372.18,0.2,2398.46
18108,4527.0,2372.43,0.2,2398.45
18109,4527.25,2371.68,0.2,2398.45
18110,4527.5,2371.68,0.2,2398.45
18111,4527.75,2371.66,0.1,2398.45
18112,4528.0,2371.66,0.3,2398.44
18113,4528.25,2369.18,0.4,2398.44
18114,4528.5,2369.18,0.1,2398.44
18115,4528.75,2370.3,0.2,2398.44
18116,4529.0,2370.51,0.2,2398.44
18117,4529.25,2370.02,0.2,2398.43
18118,4529.5,2370.25,0.1,2398.43
18119,4529.75,2370.73,0.3,2398.43
18120,4530.0,2369.72,0.1,2398.43
18121,4530.25,2369.71,0.2,2398.42
18122,4530.5,2370.16,0.2,2398.42
18123,4530.75,2370.16,0.1,2398.42
18124,4531.0,2370.61,0.1,2398.42
18125,4531.25,2370.86,0.4,2398.41
18126,4531.5,2371.09,0.2,2398.41
18127,4531.75,2371.09,0.1,2398.41
18128,4532.0,2371.04,0.1,2398.41
18129,4532.25,2371.04,0.1,2398.41
18130,4532.5,2371.27,0.1,2398.4
18131,4532.75,2371.27,0.2,2398.4
18132,4533.0,2371.53,0.1,2398.4
18133,4533.25,2372.01,0.2,2398.4
18134,4533.5,2370.31,0.1,2398.39
18135,4533.75,2370.56,0.2,2398.39
18136,4534.0,2370.57,0.3,2398.39
18137,4534.25,2370.77,0.2,2398.39
18138,4534.5,2370.9,0.2,2398.38
18139,4534.75,2371.61,0.2,2398.38
18140,4535.0,2371.13,0.2,2398.38
18141,4535.25,2369.69,0.1,2398.38
18142,4535.5,2369.94,0.1,2398.38
18143,4535.75,2370.09,0.2,2398.37
18144,4536.0,2369.15,0.1,2398.37
18145,4536.25,2367.84,0.2,2398.37
18146,4536.5,2368.09,0.1,2398.37
18147,4536.75,2367.93,0.3,2398.36
18148,4537.0,2368.18,0.1,2398.36
18149,4537.25,2368.65,0.2,2398.36
18150,4537.5,2368.64,0.2,2398.36
18151,4537.75,2369.11,0.1,2398.36
18152,4538.0,2369.61,0.2,2398.35
18153,4538.25,2370.62,0.2,2398.35
18154,4538.5,2371.12,0.1,2398.35
18155,4538.75,2369.62,0.1,2398.35
18156,4539.0,2369.64,0.2,2398.34
18157,4539.25,2370.09,0.1,2398.34
18158,4539.5,2370.35,0.1,2398.34
18159,4539.75,2370.35,0.3,2398.34
18160,4540.0,2370.59,0.1,2398.33
18161,4540.25,2369.97,0.2,2398.33
18162,4540.5,2369.97,0.1,2398.33
18163,4540.75,2370.21,0.2,2398.33
18164,4541.0,2370.45,0.2,2398.33
18165,4541.25,2370.41,0.2,2398.32
18166,4541.5,2370.4,0.3,2398.32
18167,4541.75,2370.89,0.1,2398.32
18168,4542.0,2370.89,0.1,2398.32
18169,4542.25,2369.59,0.3,2398.31
18170,4542.5,2368.53,0.2,2398.31
18171,4542.75,2368.28,0.2,2398.31
18172,4543.0,2368.76,0.2,2398.31
18173,4543.25,2368.5,0.3,2398.3
18174,4543.5,2369.61,0.2,2398.3
18175,4543.75,2369.82,0.2,2398.3
18176,4544.0,2370.27,0.1,2398.3
18177,4544.25,2371.0,0.2,2398.3
18178,4544.5,2371.25,0.2,2398.29
18179,4544.75,2371.73,0.2,2398.29
18180,4545.0,2371.48,0.2,2398.29
18181,4545.25,2371.71,0.2,2398.29
18182,4545.5,2371.47,0.1,2398.28
18183,4545.75,2371.92,0.2,2398.28
18184,4546.0,2371.91,0.1,2398.28
18185,4546.25,2371.67,0.2,2398.28
18186,4546.5,2371.66,0.1,2398.28
18187,4546.75,2371.9,0.1,2398.27
18188,4547.0,2371.65,0.1,2398.27
18189,4547.25,2371.66,0.3,2398.27
18190,4547.5,2372.12,0.1,2398.27
18191,4547.75,2372.11,0.3,2398.26
18192,4548.0,2370.77,0.1,2398.26
18193,4548.25,2370.52,0.2,2398.26
18194,4548.5,2370.75,0.2,2398.26
18195,4548.75,2369.31,0.1,2398.25
18196,4549.0,2369.8,0.2,2398.25
18197,4549.25,2370.0,0.2,2398.25
18198,4549.5,2369.5,0.2,2398.25
18199,4549.75,2369.5,0.1,2398.25
18200,4550.0,2369.74,0.3,2398.24
18201,4550.25,2368.66,0.1,2398.24
18202,4550.5,2369.16,0.2,2398.24
18203,4550.75,2369.15,0.1,2398.24
18204,4551.0,2369.29,0.1,2398.23
18205,4551.25,2369.77,0.3,2398.23
18206,4551.5,2369.52,0.2,2398.23
18207,4551.75,2370.02,0.2,2398.23
18208,4552.0,2370.25,0.1,2398.22
18209,4552.25,2370.49,0.2,2398.22
18210,4552.5,2370.73,0.2,2398.22
18211,4552.75,2371.19,0.1,2398.22
18212,4553.0,2371.18,0.1,2398.22
18213,4553.25,2371.48,0.4,2398.21
18214,4553.5,2371.93,0.1,2398.21
18215,4553.75,2371.93,0.2,2398.21
18216,4554.0,2368.24,0.1,2398.21
18217,4554.25,2366.73,0.1,2398.2
18218,4554.5,2366.72,0.2,2398.2
18219,4554.75,2367.11,0.3,2398.2
18220,4555.0,2367.11,0.1,2398.2
18221,4555.25,2367.32,0.1,2398.19
18222,4555.5,2367.32,0.1,2398.19
18223,4555.75,2367.78,0.1,2398.19
18224,4556.0,2367.77,0.2,2398.19
18225,4556.25,2368.32,0.2,2398.19
18226,4556.5,2368.79,0.2,2398.18
18227,4556.75,2368.79,0.1,2398.18
18228,4557.0,2369.03,0.1,2398.18
18229,4557.25,2369.75,0.1,2398.18
18230,4557.5,2369.74,0.2,2398.17
18231,4557.75,2369.75,0.2,2398.17
18232,4558.0,2369.52,0.2,2398.17
18233,4558.25,2368.52,0.4,2398.17
18234,4558.5,2367.59,0.2,2398.17
18235,4558.75,2367.36,0.4,2398.16
18236,4559.0,2367.36,0.1,2398.16
18237,4559.25,2367.36,0.3,2398.16
18238,4559.5,2367.12,0.1,2398.16
18239,4559.75,2367.37,0.2,2398.15
18240,4560.0,2367.61,0.2,2398.15
18241,4560.25,2367.62,0.2,2398.15
18242,4560.5,2367.62,0.1,2398.15
18243,4560.75,2367.63,0.2,2398.14
18244,4561.0,2368.12,0.1,2398.14
18245,4561.25,2368.36,0.1,2398.14
18246,4561.5,2368.37,0.3,2398.14
18247,4561.75,2368.61,0.2,2398.14
18248,4562.0,2368.86,0.2,2398.13
18249,4562.25,2369.11,0.1,2398.13
18250,4562.5,2369.6,0.2,2398.13
18251,4562.75,2369.61,0.2,2398.13
18252,4563.0,2370.11,0.3,2398.12
18253,4563.25,2369.11,0.2,2398.12
18254,4563.5,2369.12,0.3,2398.12
18255,4563.75,2369.63,0.2,2398.12
18256,4564.0,2369.84,0.2,2398.11
18257,4564.25,2369.84,0.2,2398.11
18258,4564.5,2369.58,0.2,2398.11
18259,4564.75,2369.34,0.4,2398.11
18260,4565.0,2369.33,0.3,2398.11
18261,4565.25,2369.07,0.1,2398.1
18262,4565.5,2369.06,0.1,2398.1
18263,4565.75,2369.3,0.1,2398.1
18264,4566.0,2370.07,0.2,2398.1
18265,4566.25,2370.31,0.1,2398.09
18266,4566.5,2370.55,0.2,2398.09
18267,4566.75,2370.54,0.2,2398.09
18268,4567.0,2370.53,0.2,2398.09
18269,4567.25,2370.29,0.2,2398.08
18270,4567.5,2370.53,0.2,2398.08
18271,4567.75,2370.02,0.2,2398.08
18272,4568.0,2370.81,0.4,2398.08
18273,4568.25,2370.75,0.2,2398.08
18274,4568.5,2370.75,0.1,2398.07
18275,4568.75,2370.74,0.3,2398.07
18276,4569.0,2370.97,0.2,2398.07
18277,4569.25,2370.73,0.1,2398.07
18278,4569.5,2371.45,0.2,2398.06
18279,4569.75,2371.66,0.1,2398.06
18280,4570.0,2371.66,0.2,2398.06
18281,4570.25,2371.9,0.3,2398.06
18282,4570.5,2371.9,0.1,2398.06
18283,4570.75,2371.89,0.1,2398.05
18284,4571.0,2370.18,0.2,2398.05
18285,4571.25,2370.43,0.1,2398.05
18286,4571.5,2370.41,0.3,2398.05
18287,4571.75,2370.04,0.1,2398.04
18288,4572.0,2370.49,0.1,2398.04
18289,4572.25,2368.95,0.2,2398.04
18290,4572.5,2369.93,0.1,2398.04
18291,4572.75,2370.16,0.2,2398.03
18292,4573.0,2368.52,0.2,2398.03
18293,4573.25,2368.77,0.2,2398.03
18294,4573.5,2369.42,0.2,2398.03
18295,4573.75,2369.66,0.1,2398.03
18296,4574.0,2369.89,0.2,2398.02
18297,4574.25,2369.89,0.2,2398.02
18298,4574.5,2369.88,0.2,2398.02
18299,4574.75,2368.58,0.2,2398.02
18300,4575.0,2368.82,0.2,2398.01
18301,4575.25,2368.57,0.2,2398.01
18302,4575.5,2368.56,0.2,2398.01
18303,4575.75,2369.04,0.1,2398.01
18304,4576.0,2369.49,0.2,2398.0
18305,4576.25,2369.73,0.2,2398.0
18306,4576.5,2370.22,0.1,2398.0
18307,4576.75,2370.22,0.2,2398.0
18308,4577.0,2369.96,0.2,2398.0
18309,4577.25,2369.7,0.1,2397.99
18310,4577.5,2369.7,0.1,2397.99
18311,4577.75,2369.69,0.2,2397.99
18312,4578.0,2367.29,0.2,2397.99
18313,4578.25,2367.74,0.2,2397.98
18314,4578.5,2367.98,0.2,2397.98
18315,4578.75,2368.2,0.2,2397.98
18316,4579.0,2367.67,0.3,2397.98
18317,4579.25,2368.04,0.2,2397.98
18318,4579.5,2368.26,0.1,2397.97
18319,4579.75,2367.95,0.1,2397.97
18320,4580.0,2368.2,0.2,2397.97
18321,4580.25,2368.44,0.1,2397.97
18322,4580.5,2368.93,0.2,2397.96
18323,4580.75,2367.68,0.2,2397.96
18324,4581.0,2368.64,0.2,2397.96
18325,4581.25,2369.13,0.2,2397.96
18326,4581.5,2369.62,0.1,2397.95
18327,4581.75,2369.87,0.1,2397.95
18328,4582.0,2369.85,0.2,2397.95
18329,4582.25,2370.09,0.1,2397.95
18330,4582.5,2370.34,0.2,2397.95
18331,4582.75,2370.59,0.2,2397.94
18332,4583.0,2369.46,0.2,2397.94
18333,4583.25,2369.96,0.2,2397.94
18334,4583.5,2369.96,0.1,2397.94
18335,4583.75,2370.43,0.1,2397.93
18336,4584.0,2370.68,0.1,2397.93
18337,4584.25,2370.92,0.2,2397.93
18338,4584.5,2371.41,0.2,2397.93
18339,4584.75,2371.17,0.2,2397.92
18340,4585.0,2371.38,0.2,2397.92
18341,4585.25,2371.63,0.2,2397.92
18342,4585.5,2372.13,0.1,2397.92
18343,4585.75,2370.58,0.2,2397.92
18344,4586.0,2371.08,0.2,2397.91
18345,4586.25,2371.54,0.2,2397.91
18346,4586.5,2371.3,0.2,2397.91
18347,4586.75,2371.3,0.2,2397.91
18348,4587.0,2371.79,0.1,2397.9
18349,4587.25,2371.62,0.2,2397.9
18350,4587.5,2371.74,0.1,2397.9
18351,4587.75,2371.74,0.2,2397.9
18352,4588.0,2369.99,0.5,2397.89
18353,4588.25,2369.97,0.2,2397.89
18354,4588.5,2368.98,0.4,2397.89
18355,4588.75,2368.98,0.1,2397.89
18356,4589.0,2369.68,0.2,2397.89
18357,4589.25,2369.87,0.1,2397.88
18358,4589.5,2370.12,0.2,2397.88
18359,4589.75,2370.35,0.2,2397.88
18360,4590.0,2370.32,0.3,2397.88
18361,4590.25,2370.55,0.1,2397.87
18362,4590.5,2370.56,0.2,2397.87
18363,4590.75,2370.55,0.2,2397.87
18364,4591.0,2370.79,0.1,2397.87
18365,4591.25,2371.03,0.2,2397.87
18366,4591.5,2371.52,0.2,2397.86
18367,4591.75,2371.52,0.1,2397.86
18368,4592.0,2371.27,0.2,2397.86
18369,4592.25,2371.27,0.1,2397.86
18370,4592.5,2371.5,0.2,2397.85
18371,4592.75,2371.99,0.2,2397.85
18372,4593.0,2369.19,0.2,2397.85
18373,4593.25,2369.45,0.1,2397.85
18374,4593.5,2369.94,0.2,2397.84
18375,4593.75,2369.95,0.3,2397.84
18376,4594.0,2370.9,0.2,2397.84
18377,4594.25,2371.34,0.1,2397.84
18378,4594.5,2371.34,0.2,2397.84
18379,4594.75,2369.91,0.2,2397.83
18380,4595.0,2369.8,0.1,2397.83
18381,4595.25,2370.04,0.1,2397.83
18382,4595.5,2369.78,0.1,2397.83
18383,4595.75,2369.3,0.2,2397.82
18384,4596.0,2369.56,0.2,2397.82
18385,4596.25,2369.8,0.2,2397.82
18386,4596.5,2369.62,0.1,2397.82
18387,4596.75,2369.85,0.1,2397.81
18388,4597.0,2369.6,0.2,2397.81
18389,4597.25,2370.08,0.1,2397.81
18390,4597.5,2370.08,0.4,2397.81
18391,4597.75,2370.31,0.1,2397.81
18392,4598.0,2370.54,0.2,2397.8
18393,4598.25,2370.54,0.2,2397.8
18394,4598.5,2370.77,0.1,2397.8
18395,4598.75,2370.52,0.2,2397.8
18396,4599.0,2370.98,0.1,2397.79
18397,4599.25,2371.19,0.1,2397.79
18398,4599.5,2371.19,0.1,2397.79
18399,4599.75,2371.18,0.2,2397.79
18400,4600.0,2370.93,0.1,2397.78
18401,4600.25,2371.4,0.2,2397.78
18402,4600.5,2371.4,0.2,2397.78
18403,4600.75,2371.39,0.3,2397.78
18404,4601.0,2370.88,0.1,2397.78
18405,4601.25,2370.88,0.2,2397.77
18406,4601.5,2371.12,0.2,2397.77
18407,4601.75,2371.11,0.4,2397.77
18408,4602.0,2371.11,0.1,2397.77
18409,4602.25,2371.34,0.2,2397.76
18410,4602.5,2371.63,0.2,2397.76
18411,4602.75,2371.64,0.1,2397.76
18412,4603.0,2369.88,0.3,2397.76
18413,4603.25,2370.32,0.2,2397.76
18414,4603.5,2369.31,0.2,2397.75
18415,4603.75,2369.56,0.1,2397.75
18416,4604.0,2369.57,0.2,2397.75
18417,4604.25,2369.57,0.2,2397.75
18418,4604.5,2369.57,0.2,2397.74
18419,4604.75,2369.57,0.2,2397.74
18420,4605.0,2370.06,0.2,2397.74
18421,4605.25,2370.52,0.1,2397.74
18422,4605.5,2370.52,0.2,2397.73
18423,4605.75,2370.97,0.1,2397.73
18424,4606.0,2371.22,0.2,2397.73
18425,4606.25,2371.47,0.1,2397.73
18426,4606.5,2371.46,0.2,2397.73
18427,4606.75,2371.93,0.1,2397.72
18428,4607.0,2370.16,0.2,2397.72
18429,4607.25,2369.92,0.1,2397.72
18430,4607.5,2369.91,0.1,2397.72
18431,4607.75,2369.9,0.1,2397.71
18432,4608.0,2369.82,0.2,2397.71
18433,4608.25,2370.05,0.2,2397.71
18434,4608.5,2370.29,0.3,2397.71
18435,4608.75,2370.53,0.2,2397.7
18436,4609.0,2370.78,0.1,2397.7
18437,4609.25,2371.02,0.2,2397.7
18438,4609.5,2371.0,0.1,2397.7
18439,4609.75,2371.01,0.1,2397.7
18440,4610.0,2371.25,0.2,2397.69
18441,4610.25,2371.21,0.2,2397.69
18442,4610.5,2371.18,0.2,2397.69
18443,4610.75,2371.64,0.2,2397.69
18444,4611.0,2371.89,0.1,2397.68
18445,4611.25,2371.63,0.2,2397.68
18446,4611.5,2371.64,0.2,2397.68
18447,4611.75,2371.89,0.1,2397.68
18448,4612.0,2371.9,0.2,2397.68
18449,4612.25,2372.11,0.2,2397.67
18450,4612.5,2372.12,0.2,2397.67
18451,4612.75,2371.88,0.2,2397.67
18452,4613.0,2370.64,0.2,2397.67
18453,4613.25,2370.64,0.1,2397.66
18454,4613.5,2370.64,0.2,2397.66
18455,4613.75,2370.65,0.1,2397.66
18456,4614.0,2371.14,0.2,2397.66
18457,4614.25,2371.84,0.2,2397.65
18458,4614.5,2371.86,0.1,2397.65
18459,4614.75,2370.36,0.2,2397.65
18460,4615.0,2370.36,0.1,2397.65
18461,4615.25,2370.36,0.1,2397.65
18462,4615.5,2370.34,0.2,2397.64
18463,4615.75,2370.34,0.1,2397.64
18464,4616.0,2369.86,0.2,2397.64
18465,4616.25,2370.58,0.1,2397.64
18466,4616.5,2370.57,0.2,2397.63
18467,4616.75,2370.81,0.1,2397.63
18468,4617.0,2371.27,0.1,2397.63
18469,4617.25,2371.26,0.2,2397.63
18470,4617.5,2371.47,0.3,2397.62
18471,4617.75,2371.22,0.1,2397.62
18472,4618.0,2371.88,0.2,2397.62
18473,4618.25,2372.54,0.3,2397.62
18474,4618.5,2372.52,0.2,2397.62
18475,4618.75,2372.76,0.2,2397.61
18476,4619.0,2372.75,0.2,2397.61
18477,4619.25,2372.27,0.2,2397.61
18478,4619.5,2372.27,0.1,2397.61
18479,4619.75,2372.26,0.1,2397.6
18480,4620.0,2372.25,0.1,2397.6
18481,4620.25,2371.99,0.1,2397.6
18482,4620.5,2371.99,0.2,2397.6
18483,4620.75,2372.46,0.2,2397.59
18484,4621.0,2372.2,0.1,2397.59
18485,4621.25,2372.45,0.2,2397.59
18486,4621.5,2372.67,0.1,2397.59
18487,4621.75,2372.92,0.2,2397.59
18488,4622.0,2372.9,0.2,2397.58
18489,4622.25,2373.39,0.1,2397.58
18490,4622.5,2373.62,0.2,2397.58
18491,4622.75,2373.86,0.2,2397.58
18492,4623.0,2372.88,0.4,2397.57
18493,4623.25,2372.87,0.1,2397.57
18494,4623.5,2373.11,0.1,2397.57
18495,4623.75,2373.1,0.1,2397.57
18496,4624.0,2373.1,0.3,2397.57
18497,4624.25,2373.08,0.1,2397.56
18498,4624.5,2372.84,0.2,2397.56
18499,4624.75,2372.83,0.2,2397.56
18500,4625.0,2373.31,0.1,2397.56
18501,4625.25,2371.49,0.2,2397.55
18502,4625.5,2371.68,0.2,2397.55
18503,4625.75,2371.87,0.2,2397.55
18504,4626.0,2371.87,0.2,2397.55
18505,4626.25,2372.09,0.2,2397.54
18506,4626.5,2371.82,0.1,2397.54
18507,4626.75,2371.33,0.1,2397.54
18508,4627.0,2371.58,0.1,2397.54
18509,4627.25,2371.57,0.1,2397.54
18510,4627.5,2371.81,0.2,2397.53
18511,4627.75,2371.32,0.1,2397.53
18512,4628.0,2370.39,0.3,2397.53
18513,4628.25,2370.39,0.1,2397.53
18514,4628.5,2370.62,0.2,2397.52
18515,4628.75,2370.59,0.2,2397.52
18516,4629.0,2371.09,0.1,2397.52
18517,4629.25,2371.29,0.2,2397.52
18518,4629.5,2371.29,0.2,2397.51
18519,4629.75,2371.53,0.1,2397.51
18520,4630.0,2371.53,0.2,2397.51
18521,4630.25,2371.76,0.2,2397.51
18522,4630.5,2371.5,0.1,2397.51
18523,4630.75,2372.21,0.1,2397.5
18524,4631.0,2372.46,0.2,2397.5
18525,4631.25,2372.44,0.2,2397.5
18526,4631.5,2372.44,0.1,2397.5
18527,4631.75,2372.43,0.1,2397.49
18528,4632.0,2371.93,0.1,2397.49
18529,4632.25,2371.93,0.2,2397.49
18530,4632.5,2371.92,0.2,2397.49
18531,4632.75,2370.9,0.2,2397.48
18532,4633.0,2370.89,0.2,2397.48
18533,4633.25,2370.03,0.2,2397.48
18534,4633.5,2370.27,0.2,2397.48
18535,4633.75,2370.59,0.2,2397.48
18536,4634.0,2370.82,0.4,2397.47
18537,4634.25,2370.83,0.1,2397.47
18538,4634.5,2371.05,0.2,2397.47
18539,4634.75,2371.07,0.2,2397.47
18540,4635.0,2371.55,0.2,2397.46
18541,4635.25,2371.81,0.2,2397.46
18542,4635.5,2371.8,0.1,2397.46
18543,4635.75,2371.32,0.1,2397.46
18544,4636.0,2371.78,0.1,2397.46
18545,4636.25,2372.24,0.1,2397.45
18546,4636.5,2372.72,0.4,2397.45
18547,4636.75,2372.48,0.2,2397.45
18548,4637.0,2372.97,0.2,2397.45
18549,4637.25,2373.45,0.1,2397.44
18550,4637.5,2372.95,0.2,2397.44
18551,4637.75,2371.08,0.3,2397.44
18552,4638.0,2371.07,0.4,2397.44
18553,4638.25,2370.82,0.2,2397.43
18554,4638.5,2369.38,0.1,2397.43
18555,4638.75,2369.37,0.2,2397.43
18556,4639.0,2369.62,0.1,2397.43
18557,4639.25,2369.6,0.2,2397.43
18558,4639.5,2369.85,0.1,2397.42
18559,4639.75,2370.07,0.1,2397.42
18560,4640.0,2370.57,0.1,2397.42
18561,4640.25,2370.55,0.2,2397.42
18562,4640.5,2370.79,0.2,2397.41
18563,4640.75,2372.0,0.2,2397.41
18564,4641.0,2372.24,0.2,2397.41
18565,4641.25,2372.58,0.2,2397.41
18566,4641.5,2373.04,0.2,2397.4
18567,4641.75,2373.27,0.2,2397.4
18568,4642.0,2372.0,0.2,2397.4
18569,4642.25,2370.73,0.1,2397.4
18570,4642.5,2370.74,0.1,2397.4
18571,4642.75,2372.27,0.1,2397.39
18572,4643.0,2372.76,0.1,2397.39
18573,4643.25,2372.52,0.2,2397.39
18574,4643.5,2372.52,0.3,2397.39
18575,4643.75,2371.09,0.2,2397.38
18576,4644.0,2371.36,0.2,2397.38
18577,4644.25,2371.82,0.2,2397.38
18578,4644.5,2372.07,0.2,2397.38
18579,4644.75,2372.23,0.1,2397.37
18580,4645.0,2372.23,0.2,2397.37
18581,4645.25,2372.47,0.1,2397.37
18582,4645.5,2372.48,0.1,2397.37
18583,4645.75,2370.97,0.2,2397.37
18584,4646.0,2370.97,0.2,2397.36
18585,4646.25,2370.96,0.1,2397.36
18586,4646.5,2370.96,0.2,2397.36
18587,4646.75,2370.95,0.2,2397.36
18588,4647.0,2371.64,0.1,2397.35
18589,4647.25,2371.64,0.1,2397.35
18590,4647.5,2371.4,0.2,2397.35
18591,4647.75,2370.22,0.2,2397.35
18592,4648.0,2370.93,0.2,2397.35
18593,4648.25,2370.93,0.4,2397.34
18594,4648.5,2370.68,0.1,2397.34
18595,4648.75,2370.67,0.1,2397.34
18596,4649.0,2370.61,0.2,2397.34
18597,4649.25,2370.35,0.1,2397.33
18598,4649.5,2371.06,0.2,2397.33
18599,4649.75,2371.05,0.1,2397.33
18600,4650.0,2371.3,0.1,2397.33
18601,4650.25,2371.29,0.2,2397.32
18602,4650.5,2371.04,0.1,2397.32
18603,4650.75,2371.29,0.1,2397.32
18604,4651.0,2371.04,0.3,2397.32
18605,4651.25,2371.29,0.2,2397.32
18606,4651.5,2371.04,0.2,2397.31
18607,4651.75,2371.04,0.2,2397.31
18608,4652.0,2369.5,0.2,2397.31
18609,4652.25,2369.95,0.3,2397.31
18610,4652.5,2370.18,0.2,2397.3
18611,4652.75,2369.0,0.2,2397.3
18612,4653.0,2368.73,0.2,2397.3
18613,4653.25,2369.19,0.2,2397.3
18614,4653.5,2369.44,0.1,2397.29
18615,4653.75,2369.43,0.3,2397.29
18616,4654.0,2369.66,0.1,2397.29
18617,4654.25,2369.41,0.1,2397.29
18618,4654.5,2369.65,0.1,2397.29
18619,4654.75,2369.88,0.2,2397.28
18620,4655.0,2370.84,0.1,2397.28
18621,4655.25,2369.64,0.2,2397.28
18622,4655.5,2369.64,0.2,2397.28
18623,4655.75,2370.14,0.0,2397.27
18624,4656.0,2370.62,0.3,2397.27
18625,4656.25,2369.34,0.2,2397.27
18626,4656.5,2369.59,0.2,2397.27
18627,4656.75,2368.26,0.2,2397.27
18628,4657.0,2367.07,0.2,2397.26
18629,4657.25,2367.33,0.1,2397.26
18630,4657.5,2367.57,0.2,2397.26
18631,4657.75,2368.55,0.3,2397.26
18632,4658.0,2368.54,0.2,2397.25
18633,4658.25,2368.54,0.1,2397.25
18634,4658.5,2368.53,0.2,2397.25
18635,4658.75,2367.09,0.2,2397.25
18636,4659.0,2367.55,0.2,2397.24
18637,4659.25,2367.79,0.1,2397.24
18638,4659.5,2367.78,0.1,2397.24
18639,4659.75,2368.17,0.2,2397.24
18640,4660.0,2368.87,0.2,2397.24
18641,4660.25,2369.11,0.1,2397.23
18642,4660.5,2369.11,0.4,2397.23
18643,4660.75,2369.09,0.1,2397.23
18644,4661.0,2369.33,0.2,2397.23
18645,4661.25,2369.82,0.2,2397.22
18646,4661.5,2369.56,0.2,2397.22
18647,4661.75,2369.32,0.3,2397.22
18648,4662.0,2369.06,0.2,2397.22
18649,4662.25,2369.05,0.2,2397.21
18650,4662.5,2368.8,0.2,2397.21
18651,4662.75,2367.81,0.2,2397.21
18652,4663.0,2368.38,0.1,2397.21
18653,4663.25,2368.93,0.3,2397.21
18654,4663.5,2368.94,0.3,2397.2
18655,4663.75,2369.42,0.2,2397.2
18656,4664.0,2369.67,0.1,2397.2
18657,4664.25,2369.67,0.2,2397.2
18658,4664.5,2368.89,0.2,2397.19
18659,4664.75,2369.14,0.2,2397.19
18660,4665.0,2369.25,0.2,2397.19
18661,4665.25,2369.25,0.2,2397.19
18662,4665.5,2369.73,0.2,2397.18
18663,4665.75,2369.96,0.2,2397.18
18664,4666.0,2369.72,0.1,2397.18
18665,4666.25,2369.93,0.2,2397.18
18666,4666.5,2370.41,0.2,2397.18
18667,4666.75,2370.16,0.2,2397.17
18668,4667.0,2370.4,0.1,2397.17
18669,4667.25,2370.66,0.1,2397.17
18670,4667.5,2370.66,0.4,2397.17
18671,4667.75,2368.98,0.2,2397.16
18672,4668.0,2369.96,0.1,2397.16
18673,4668.25,2369.97,0.2,2397.16
18674,4668.5,2370.45,0.2,2397.16
18675,4668.75,2370.21,0.1,2397.16
18676,4669.0,2370.21,0.2,2397.15
18677,4669.25,2370.21,0.1,2397.15
18678,4669.5,2370.46,0.1,2397.15
18679,4669.75,2370.7,0.1,2397.15
18680,4670.0,2370.45,0.1,2397.14
18681,4670.25,2370.46,0.2,2397.14
18682,4670.5,2370.93,0.2,2397.14
18683,4670.75,2370.44,0.2,2397.14
18684,4671.0,2370.45,0.1,2397.13
18685,4671.25,2371.18,0.1,2397.13
18686,4671.5,2371.43,0.1,2397.13
18687,4671.75,2371.44,0.2,2397.13
18688,4672.0,2371.69,0.1,2397.13
18689,4672.25,2371.65,0.1,2397.12
18690,4672.5,2371.89,0.2,2397.12
18691,4672.75,2372.39,0.2,2397.12
18692,4673.0,2372.3,0.2,2397.12
18693,4673.25,2371.82,0.1,2397.11
18694,4673.5,2371.57,0.2,2397.11
18695,4673.75,2371.8,0.1,2397.11
18696,4674.0,2371.56,0.2,2397.11
18697,4674.25,2371.8,0.2,2397.1
18698,4674.5,2372.25,0.2,2397.1
18699,4674.75,2372.25,0.2,2397.1
18700,4675.0,2372.24,0.5,2397.1
18701,4675.25,2372.23,0.2,2397.1
18702,4675.5,2371.73,0.1,2397.09
18703,4675.75,2369.98,0.1,2397.09
18704,4676.0,2370.68,0.1,2397.09
18705,4676.25,2368.75,0.2,2397.09
18706,4676.5,2368.74,0.1,2397.08
18707,4676.75,2369.25,0.1,2397.08
18708,4677.0,2369.0,0.1,2397.08
18709,4677.25,2368.99,0.3,2397.08
18710,4677.5,2368.99,0.2,2397.07
18711,4677.75,2368.36,0.2,2397.07
18712,4678.0,2367.37,0.2,2397.07
18713,4678.25,2367.85,0.2,2397.07
18714,4678.5,2368.3,0.2,2397.07
18715,4678.75,2368.55,0.2,2397.06
18716,4679.0,2368.56,0.1,2397.06
18717,4679.25,2369.02,0.3,2397.06
18718,4679.5,2369.51,0.2,2397.06
18719,4679.75,2369.27,0.2,2397.05
18720,4680.0,2369.26,0.2,2397.05
18721,4680.25,2369.5,0.2,2397.05
18722,4680.5,2369.58,0.1,2397.05
18723,4680.75,2369.58,0.2,2397.05
18724,4681.0,2369.58,0.1,2397.04
18725,4681.25,2369.33,0.2,2397.04
18726,4681.5,2369.33,0.2,2397.04
18727,4681.75,2369.33,0.1,2397.04
18728,4682.0,2369.83,0.2,2397.03
18729,4682.25,2370.07,0.2,2397.03
18730,4682.5,2368.02,0.2,2397.03
18731,4682.75,2368.27,0.2,2397.03
18732,4683.0,2368.04,0.2,2397.02
18733,4683.25,2368.04,0.2,2397.02
18734,4683.5,2368.29,0.1,2397.02
18735,4683.75,2368.53,0.2,2397.02
18736,4684.0,2368.78,0.3,2397.02
18737,4684.25,2368.54,0.1,2397.01
18738,4684.5,2368.79,0.1,2397.01
18739,4684.75,2369.25,0.2,2397.01
18740,4685.0,2369.5,0.1,2397.01
18741,4685.25,2369.5,0.2,2397.0
18742,4685.5,2369.77,0.3,2397.0
18743,4685.75,2369.76,0.2,2397.0
18744,4686.0,2370.5,0.2,2397.0
18745,4686.25,2370.75,0.1,2396.99
18746,4686.5,2370.51,0.1,2396.99
18747,4686.75,2370.51,0.1,2396.99
18748,4687.0,2370.27,0.2,2396.99
18749,4687.25,2370.76,0.1,2396.99
18750,4687.5,2369.63,0.3,2396.98
18751,4687.75,2369.88,0.2,2396.98
18752,4688.0,2370.12,0.3,2396.98
18753,4688.25,2370.15,0.2,2396.98
18754,4688.5,2370.64,0.1,2396.97
18755,4688.75,2371.12,0.2,2396.97
18756,4689.0,2370.88,0.1,2396.97
18757,4689.25,2371.11,0.2,2396.97
18758,4689.5,2371.11,0.1,2396.97
18759,4689.75,2371.36,0.2,2396.96
18760,4690.0,2371.11,0.1,2396.96
18761,4690.25,2371.6,0.1,2396.96
18762,4690.5,2372.27,0.1,2396.96
18763,4690.75,2372.27,0.1,2396.95
18764,4691.0,2372.26,0.1,2396.95
18765,4691.25,2372.75,0.3,2396.95
18766,4691.5,2372.75,0.2,2396.95
18767,4691.75,2371.07,0.2,2396.94
18768,4692.0,2371.06,0.2,2396.94
18769,4692.25,2371.77,0.1,2396.94
18770,4692.5,2371.14,0.4,2396.94
18771,4692.75,2371.13,0.1,2396.94
18772,4693.0,2371.45,0.1,2396.93
18773,4693.25,2371.69,0.2,2396.93
18774,4693.5,2370.15,0.1,2396.93
18775,4693.75,2370.39,0.1,2396.93
18776,4694.0,2370.88,0.3,2396.92
18777,4694.25,2371.11,0.1,2396.92
18778,4694.5,2371.12,0.1,2396.92
18779,4694.75,2370.86,0.2,2396.92
18780,4695.0,2371.1,0.1,2396.91
18781,4695.25,2371.59,0.2,2396.91
18782,4695.5,2369.82,0.1,2396.91
18783,4695.75,2369.56,0.1,2396.91
18784,4696.0,2370.27,0.2,2396.91
18785,4696.25,2370.2,0.2,2396.9
18786,4696.5,2370.45,0.2,2396.9
18787,4696.75,2370.7,0.2,2396.9
18788,4697.0,2370.93,0.2,2396.9
18789,4697.25,2371.18,0.1,2396.89
18790,4697.5,2370.04,0.2,2396.89
18791,4697.75,2369.78,0.2,2396.89
18792,4698.0,2370.28,0.1,2396.89
18793,4698.25,2370.48,0.2,2396.88
18794,4698.5,2370.49,0.1,2396.88
18795,4698.75,2370.24,0.2,2396.88
18796,4699.0,2370.48,0.2,2396.88
18797,4699.25,2370.96,0.2,2396.88
18798,4699.5,2370.68,0.1,2396.87
18799,4699.75,2370.22,0.1,2396.87
18800,4700.0,2370.22,0.2,2396.87
18801,4700.25,2370.96,0.1,2396.87
18802,4700.5,2371.25,0.2,2396.86
18803,4700.75,2371.5,0.1,2396.86
18804,4701.0,2371.98,0.2,2396.86
18805,4701.25,2372.44,0.1,2396.86
18806,4701.5,2370.89,0.2,2396.86
18807,4701.75,2370.38,0.2,2396.85
18808,4702.0,2370.13,0.2,2396.85
18809,4702.25,2370.38,0.1,2396.85
18810,4702.5,2369.5,0.2,2396.85
18811,4702.75,2370.0,0.2,2396.84
18812,4703.0,2370.11,0.1,2396.84
18813,4703.25,2370.11,0.1,2396.84
18814,4703.5,2370.11,0.2,2396.84
18815,4703.75,2370.57,0.2,2396.83
18816,4704.0,2370.42,0.1,2396.83
18817,4704.25,2370.88,0.2,2396.83
18818,4704.5,2371.12,0.2,2396.83
18819,4704.75,2371.36,0.2,2396.83
18820,4705.0,2371.36,0.3,2396.82
18821,4705.25,2371.35,0.2,2396.82
18822,4705.5,2371.61,0.1,2396.82
18823,4705.75,2372.09,0.1,2396.82
18824,4706.0,2372.57,0.2,2396.81
18825,4706.25,2372.81,0.1,2396.81
18826,4706.5,2373.0,0.2,2396.81
18827,4706.75,2373.0,0.1,2396.81
18828,4707.0,2373.24,0.1,2396.8
18829,4707.25,2373.0,0.1,2396.8
18830,4707.5,2371.77,0.4,2396.8
18831,4707.75,2383.48,0.9,2396.8
18832,4708.0,2399.05,4.1,2396.8
18833,4708.25,2398.8,0.2,2396.79
18834,4708.5,2398.55,0.3,2396.79
18835,4708.75,2398.54,0.3,2396.79
18836,4709.0,2398.53,0.2,2396.79
18837,4709.25,2398.77,0.1,2396.78
18838,4709.5,2399.48,0.2,2396.78
18839,4709.75,2399.71,0.1,2396.78
18840,4710.0,2399.71,0.2,2396.78
18841,4710.25,2399.96,0.1,2396.77
18842,4710.5,2399.96,0.3,2396.77
18843,4710.75,2400.44,0.2,2396.77
18844,4711.0,2399.36,0.1,2396.77
18845,4711.25,2399.36,0.1,2396.77
18846,4711.5,2399.6,0.2,2396.76
18847,4711.75,2399.43,0.2,2396.76
18848,4712.0,2399.43,0.1,2396.76
18849,4712.25,2398.7,0.1,2396.76
18850,4712.5,2397.81,0.2,2396.75
18851,4712.75,2398.41,0.4,2396.75
18852,4713.0,2398.16,0.2,2396.75
18853,4713.25,2397.68,0.2,2396.75
18854,4713.5,2397.67,0.1,2396.75
18855,4713.75,2398.16,0.2,2396.74
18856,4714.0,2397.9,0.2,2396.74
18857,4714.25,2398.15,0.2,2396.74
18858,4714.5,2397.89,0.1,2396.74
18859,4714.75,2398.13,0.2,2396.73
18860,4715.0,2398.59,0.2,2396.73
18861,4715.25,2396.41,0.3,2396.73
18862,4715.5,2397.11,0.2,2396.73
18863,4715.75,2397.11,0.2,2396.72
18864,4716.0,2397.34,0.1,2396.72
18865,4716.25,2397.59,0.2,2396.72
18866,4716.5,2397.58,0.3,2396.72
18867,4716.75,2398.07,0.1,2396.72
18868,4717.0,2398.28,0.2,2396.71
18869,4717.25,2398.02,0.1,2396.71
18870,4717.5,2397.46,0.4,2396.71
18871,4717.75,2397.94,0.2,2396.71
18872,4718.0,2398.18,0.1,2396.7
18873,4718.25,2396.16,0.1,2396.7
18874,4718.5,2396.64,0.2,2396.7
18875,4718.75,2396.63,0.1,2396.7
18876,4719.0,2396.87,0.2,2396.69
18877,4719.25,2397.01,0.2,2396.69
18878,4719.5,2396.75,0.4,2396.69
18879,4719.75,2397.22,0.4,2396.69
18880,4720.0,2397.71,0.1,2396.69
18881,4720.25,2397.96,0.1,2396.68
18882,4720.5,2398.22,0.2,2396.68
18883,4720.75,2398.46,0.2,2396.68
18884,4721.0,2398.71,0.1,2396.68
18885,4721.25,2397.65,0.1,2396.67
18886,4721.5,2397.9,0.2,2396.67
18887,4721.75,2398.13,0.1,2396.67
18888,4722.0,2398.12,0.2,2396.67
18889,4722.25,2398.11,0.2,2396.67
18890,4722.5,2397.12,0.4,2396.66
18891,4722.75,2397.79,0.3,2396.66
18892,4723.0,2398.04,0.2,2396.66
18893,4723.25,2398.02,0.2,2396.66
18894,4723.5,2398.03,0.1,2396.65
18895,4723.75,2398.02,0.2,2396.65
18896,4724.0,2398.0,0.2,2396.65
18897,4724.25,2397.99,0.1,2396.65
18898,4724.5,2398.2,0.2,2396.64
18899,4724.75,2398.44,0.1,2396.64
18900,4725.0,2398.67,0.1,2396.64
18901,4725.25,2398.91,0.1,2396.64
18902,4725.5,2398.91,0.2,2396.64
18903,4725.75,2399.61,0.2,2396.63
18904,4726.0,2400.09,0.1,2396.63
18905,4726.25,2399.6,0.2,2396.63
18906,4726.5,2399.8,0.1,2396.63
18907,4726.75,2400.04,0.2,2396.62
18908,4727.0,2400.45,0.1,2396.62
18909,4727.25,2400.45,0.2,2396.62
18910,4727.5,2398.17,0.3,2396.62
18911,4727.75,2398.39,0.2,2396.61
18912,4728.0,2398.68,0.2,2396.61
18913,4728.25,2399.17,0.1,2396.61
18914,4728.5,2399.66,0.2,2396.61
18915,4728.75,2399.19,0.1,2396.61
18916,4729.0,2399.45,0.1,2396.6
18917,4729.25,2399.7,0.2,2396.6
18918,4729.5,2399.68,0.1,2396.6
18919,4729.75,2399.44,0.2,2396.6
18920,4730.0,2399.69,0.1,2396.59
18921,4730.25,2400.48,0.2,2396.59
18922,4730.5,2400.25,0.3,2396.59
18923,4730.75,2400.48,0.1,2396.59
18924,4731.0,2398.96,0.2,2396.58
18925,4731.25,2398.95,0.2,2396.58
18926,4731.5,2399.66,0.3,2396.58
18927,4731.75,2399.69,0.1,2396.58
18928,4732.0,2399.93,0.2,2396.58
18929,4732.25,2400.14,0.1,2396.57
18930,4732.5,2399.51,0.4,2396.57
18931,4732.75,2399.52,0.1,2396.57
18932,4733.0,2399.51,0.1,2396.57
18933,4733.25,2399.51,0.2,2396.56
18934,4733.5,2399.52,0.2,2396.56
18935,4733.75,2400.1,0.2,2396.56
18936,4734.0,2400.34,0.2,2396.56
18937,4734.25,2400.35,0.1,2396.56
18938,4734.5,2400.59,0.1,2396.55
18939,4734.75,2401.05,0.2,2396.55
18940,4735.0,2400.46,0.2,2396.55
18941,4735.25,2400.94,0.2,2396.55
18942,4735.5,2400.69,0.1,2396.54
18943,4735.75,2401.17,0.2,2396.54
18944,4736.0,2399.66,0.1,2396.54
18945,4736.25,2399.65,0.1,2396.54
18946,4736.5,2399.65,0.2,2396.53
18947,4736.75,2400.11,0.2,2396.53
18948,4737.0,2400.11,0.2,2396.53
18949,4737.25,2399.08,0.3,2396.53
18950,4737.5,2398.83,0.3,2396.53
18951,4737.75,2398.92,0.2,2396.52
18952,4738.0,2379.63,0.4,2396.52
18953,4738.25,2379.64,0.1,2396.52
18954,4738.5,2379.87,0.2,2396.52
18955,4738.75,2380.36,0.2,2396.51
18956,4739.0,2380.12,0.2,2396.51
18957,4739.25,2379.04,0.1,2396.51
18958,4739.5,2379.74,0.2,2396.51
18959,4739.75,2379.73,0.2,2396.5
18960,4740.0,2380.23,0.2,2396.5
18961,4740.25,2380.46,0.2,2396.5
18962,4740.5,2378.76,0.2,2396.5
18963,4740.75,2379.0,0.2,2396.5
18964,4741.0,2379.0,0.2,2396.49
18965,4741.25,2379.71,0.1,2396.49
18966,4741.5,2379.46,0.2,2396.49
18967,4741.75,2379.95,0.1,2396.49
18968,4742.0,2379.91,0.1,2396.48
18969,4742.25,2377.13,0.3,2396.48
18970,4742.5,2377.62,0.2,2396.48
18971,4742.75,2377.69,0.2,2396.48
18972,4743.0,2377.69,0.1,2396.47
18973,4743.25,2378.39,0.1,2396.47
18974,4743.5,2378.89,0.2,2396.47
18975,4743.75,2379.36,0.2,2396.47
18976,4744.0,2379.12,0.1,2396.47
18977,4744.25,2379.1,0.1,2396.46
18978,4744.5,2377.56,0.2,2396.46
18979,4744.75,2378.04,0.3,2396.46
18980,4745.0,2378.5,0.2,2396.46
18981,4745.25,2377.93,0.3,2396.45
18982,4745.5,2378.4,0.2,2396.45
18983,4745.75,2378.43,0.2,2396.45
18984,4746.0,2378.67,0.2,2396.45
18985,4746.25,2378.91,0.1,2396.45
18986,4746.5,2379.15,0.2,2396.44
18987,4746.75,2378.9,0.1,2396.44
18988,4747.0,2378.86,0.4,2396.44
18989,4747.25,2374.04,0.2,2396.44
18990,4747.5,2372.48,0.1,2396.43
18991,4747.75,2372.7,0.3,2396.43
18992,4748.0,2372.69,0.3,2396.43
18993,4748.25,2372.68,0.2,2396.43
18994,4748.5,2373.04,0.2,2396.42
18995,4748.75,2373.04,0.1,2396.42
18996,4749.0,2373.74,0.2,2396.42
18997,4749.25,2373.98,0.3,2396.42
18998,4749.5,2374.21,0.1,2396.42
18999,4749.75,2374.21,0.2,2396.41
19000,4750.0,2374.22,0.2,2396.41
19001,4750.25,2374.46,0.2,2396.41
19002,4750.5,2374.95,0.2,2396.41
19003,4750.75,2375.2,0.2,2396.4
19004,4751.0,2375.78,0.1,2396.4
19005,4751.25,2376.27,0.3,2396.4
19006,4751.5,2376.29,0.1,2396.4
19007,4751.75,2376.53,0.1,2396.39
19008,4752.0,2376.77,0.3,2396.39
19009,4752.25,2376.86,0.2,2396.39
19010,4752.5,2377.1,0.1,2396.39
19011,4752.75,2378.01,0.2,2396.39
19012,4753.0,2378.25,0.1,2396.38
19013,4753.25,2378.99,0.1,2396.38
19014,4753.5,2379.7,0.2,2396.38
19015,4753.75,2379.7,0.2,2396.38
19016,4754.0,2379.46,0.1,2396.37
19017,4754.25,2379.71,0.2,2396.37
19018,4754.5,2379.96,0.2,2396.37
19019,4754.75,2380.45,0.2,2396.37
19020,4755.0,2380.91,0.2,2396.37
19021,4755.25,2380.67,0.1,2396.36
19022,4755.5,2380.67,0.2,2396.36
19023,4755.75,2380.67,0.2,2396.36
19024,4756.0,2381.16,0.2,2396.36
19025,4756.25,2381.13,0.1,2396.35
19026,4756.5,2381.38,0.1,2396.35
19027,4756.75,2381.62,0.1,2396.35
19028,4757.0,2381.88,0.2,2396.35
19029,4757.25,2379.53,0.3,2396.34
19030,4757.5,2377.97,0.2,2396.34
19031,4757.75,2378.02,0.2,2396.34
19032,4758.0,2378.27,0.4,2396.34
19033,4758.25,2378.52,0.7,2396.34
19034,4758.5,2378.25,0.1,2396.33
19035,4758.75,2378.01,0.2,2396.33
19036,4759.0,2378.24,0.2,2396.33
19037,4759.25,2377.96,0.1,2396.33
19038,4759.5,2377.97,0.2,2396.32
19039,4759.75,2378.21,0.3,2396.32
19040,4760.0,2378.66,0.1,2396.32
19041,4760.25,2379.89,0.2,2396.32
19042,4760.5,2380.38,0.3,2396.31
19043,4760.75,2380.64,0.1,2396.31
19044,4761.0,2380.62,0.2,2396.31
19045,4761.25,2380.62,0.1,2396.31
19046,4761.5,2380.61,0.1,2396.31
19047,4761.75,2381.09,0.3,2396.3
19048,4762.0,2381.1,0.2,2396.3
19049,4762.25,2380.61,0.2,2396.3
19050,4762.5,2380.37,0.1,2396.3
19051,4762.75,2380.34,0.1,2396.29
19052,4763.0,2380.1,0.2,2396.29
19053,4763.25,2379.6,0.2,2396.29
19054,4763.5,2379.82,0.2,2396.29
19055,4763.75,2380.07,0.2,2396.28
19056,4764.0,2379.84,0.2,2396.28
19057,4764.25,2378.41,0.2,2396.28
19058,4764.5,2378.91,0.2,2396.28
19059,4764.75,2379.15,0.1,2396.28
19060,4765.0,2378.9,0.1,2396.27
19061,4765.25,2379.39,0.1,2396.27
19062,4765.5,2379.39,0.2,2396.27
19063,4765.75,2379.15,0.1,2396.27
19064,4766.0,2378.91,0.2,2396.26
19065,4766.25,2378.8,0.1,2396.26
19066,4766.5,2378.79,0.1,2396.26
19067,4766.75,2379.04,0.2,2396.26
19068,4767.0,2379.52,0.1,2396.26
19069,4767.25,2376.41,0.2,2396.25
19070,4767.5,2376.25,0.2,2396.25
19071,4767.75,2370.28,0.5,2396.25
19072,4768.0,2370.28,0.1,2396.25
19073,4768.25,2371.04,0.2,2396.24
19074,4768.5,2371.52,0.2,2396.24
19075,4768.75,2371.52,0.2,2396.24
19076,4769.0,2371.73,0.2,2396.24
19077,4769.25,2371.97,0.2,2396.23
19078,4769.5,2371.97,0.1,2396.23
19079,4769.75,2371.96,0.1,2396.23
19080,4770.0,2372.45,0.1,2396.23
19081,4770.25,2372.44,0.2,2396.23
19082,4770.5,2373.39,0.1,2396.22
19083,4770.75,2373.4,0.3,2396.22
19084,4771.0,2373.66,0.1,2396.22
19085,4771.25,2373.42,0.1,2396.22
19086,4771.5,2373.67,0.2,2396.21
19087,4771.75,2373.91,0.3,2396.21
19088,4772.0,2374.16,0.1,2396.21
19089,4772.25,2373.26,0.4,2396.21
19090,4772.5,2374.21,0.2,2396.2
19091,4772.75,2374.45,0.1,2396.2
19092,4773.0,2374.7,0.1,2396.2
19093,4773.25,2374.71,0.2,2396.2
19094,4773.5,2374.45,0.1,2396.2
19095,4773.75,2374.7,0.2,2396.19
19096,4774.0,2374.8,0.3,2396.19
19097,4774.25,2375.26,0.2,2396.19
19098,4774.5,2375.0,0.1,2396.19
19099,4774.75,2375.0,0.3,2396.18
19100,4775.0,2374.44,0.2,2396.18
19101,4775.25,2374.43,0.2,2396.18
19102,4775.5,2374.67,0.1,2396.18
19103,4775.75,2374.67,0.2,2396.17
19104,4776.0,2374.41,0.2,2396.17
19105,4776.25,2373.91,0.2,2396.17
19106,4776.5,2373.9,0.1,2396.17
19107,4776.75,2373.89,0.1,2396.17
19108,4777.0,2373.9,0.2,2396.16
19109,4777.25,2371.35,0.2,2396.16
19110,4777.5,2370.53,0.2,2396.16
19111,4777.75,2370.52,0.2,2396.16
19112,4778.0,2371.0,0.2,2396.15
19113,4778.25,2371.0,0.1,2396.15
19114,4778.5,2371.45,0.1,2396.15
19115,4778.75,2371.69,0.2,2396.15
19116,4779.0,2371.93,0.1,2396.15
19117,4779.25,2372.13,0.1,2396.14
19118,4779.5,2372.62,0.2,2396.14
19119,4779.75,2373.11,0.1,2396.14
19120,4780.0,2372.85,0.1,2396.14
19121,4780.25,2372.85,0.1,2396.13
19122,4780.5,2372.84,0.1,2396.13
19123,4780.75,2372.58,0.2,2396.13
19124,4781.0,2372.82,0.2,2396.13
19125,4781.25,2372.32,0.1,2396.12
19126,4781.5,2372.57,0.2,2396.12
19127,4781.75,2373.05,0.2,2396.12
19128,4782.0,2372.78,0.1,2396.12
19129,4782.25,2370.34,0.2,2396.12
19130,4782.5,2371.13,0.2,2396.11
19131,4782.75,2370.05,0.1,2396.11
19132,4783.0,2369.81,0.2,2396.11
19133,4783.25,2370.07,0.2,2396.11
19134,4783.5,2370.53,0.2,2396.1
19135,4783.75,2370.78,0.2,2396.1
19136,4784.0,2371.27,0.2,2396.1
19137,4784.25,2371.52,0.2,2396.1
19138,4784.5,2371.52,0.2,2396.09
19139,4784.75,2371.77,0.3,2396.09
19140,4785.0,2372.01,0.2,2396.09
19141,4785.25,2372.25,0.1,2396.09
19142,4785.5,2372.49,0.2,2396.09
19143,4785.75,2372.94,0.2,2396.08
19144,4786.0,2372.94,0.1,2396.08
19145,4786.25,2373.41,0.1,2396.08
19146,4786.5,2373.89,0.2,2396.08
19147,4786.75,2373.89,0.2,2396.07
19148,4787.0,2374.13,0.1,2396.07
19149,4787.25,2373.72,0.4,2396.07
19150,4787.5,2373.47,0.1,2396.07
19151,4787.75,2373.71,0.1,2396.07
19152,4788.0,2373.95,0.2,2396.06
19153,4788.25,2374.4,0.2,2396.06
19154,4788.5,2374.16,0.2,2396.06
19155,4788.75,2374.15,0.2,2396.06
19156,4789.0,2374.39,0.2,2396.05
19157,4789.25,2374.38,0.2,2396.05
19158,4789.5,2374.84,0.1,2396.05
19159,4789.75,2374.34,0.2,2396.05
19160,4790.0,2374.34,0.1,2396.04
19161,4790.25,2373.99,0.2,2396.04
19162,4790.5,2373.74,0.2,2396.04
19163,4790.75,2372.24,0.2,2396.04
19164,4791.0,2371.75,0.2,2396.04
19165,4791.25,2372.0,0.1,2396.03
19166,4791.5,2372.24,0.2,2396.03
19167,4791.75,2372.25,0.1,2396.03
19168,4792.0,2370.13,0.4,2396.03
19169,4792.25,2370.62,0.2,2396.02
19170,4792.5,2370.37,0.1,2396.02
19171,4792.75,2370.36,0.1,2396.02
19172,4793.0,2370.12,0.2,2396.02
19173,4793.25,2369.88,0.1,2396.01
19174,4793.5,2369.86,0.2,2396.01
19175,4793.75,2370.36,0.2,2396.01
19176,4794.0,2370.57,0.2,2396.01
19177,4794.25,2371.06,0.3,2396.01
19178,4794.5,2371.3,0.2,2396.0
19179,4794.75,2371.05,0.1,2396.0
19180,4795.0,2371.49,0.1,2396.0
19181,4795.25,2371.49,0.2,2396.0
19182,4795.5,2371.73,0.1,2395.99
19183,4795.75,2371.48,0.2,2395.99
19184,4796.0,2371.46,0.1,2395.99
19185,4796.25,2369.96,0.2,2395.99
19186,4796.5,2370.4,0.2,2395.98
19187,4796.75,2370.4,0.2,2395.98
19188,4797.0,2370.4,0.2,2395.98
19189,4797.25,2370.63,0.2,2395.98
19190,4797.5,2371.67,0.2,2395.98
19191,4797.75,2371.58,0.2,2395.97
19192,4798.0,2371.58,0.2,2395.97
19193,4798.25,2371.81,0.2,2395.97
19194,4798.5,2371.79,0.2,2395.97
19195,4798.75,2372.27,0.1,2395.96
19196,4799.0,2372.51,0.1,2395.96
19197,4799.25,2372.75,0.3,2395.96
19198,4799.5,2372.74,0.2,2395.96
19199,4799.75,2372.98,0.2,2395.96
19200,4800.0,2373.23,0.2,2395.95
19201,4800.25,2373.22,0.1,2395.95
19202,4800.5,2372.97,0.2,2395.95
19203,4800.75,2372.96,0.1,2395.95
19204,4801.0,2372.96,0.1,2395.94
19205,4801.25,2371.54,0.2,2395.94
19206,4801.5,2371.29,0.2,2395.94
19207,4801.75,2371.52,0.2,2395.94
19208,4802.0,2371.0,0.2,2395.93
19209,4802.25,2371.0,0.2,2395.93
19210,4802.5,2371.24,0.1,2395.93
19211,4802.75,2371.95,0.2,2395.93
19212,4803.0,2372.18,0.1,2395.93
19213,4803.25,2372.67,0.1,2395.92
19214,4803.5,2372.66,0.1,2395.92
19215,4803.75,2373.12,0.1,2395.92
19216,4804.0,2373.36,0.2,2395.92
19217,4804.25,2373.6,0.1,2395.91
19218,4804.5,2373.61,0.2,2395.91
19219,4804.75,2373.61,0.1,2395.91
19220,4805.0,2374.11,0.2,2395.91
19221,4805.25,2374.36,0.2,2395.9
19222,4805.5,2374.15,0.1,2395.9
19223,4805.75,2373.66,0.2,2395.9
19224,4806.0,2373.9,0.2,2395.9
19225,4806.25,2373.88,0.1,2395.9
19226,4806.5,2373.88,0.2,2395.89
19227,4806.75,2374.34,0.2,2395.89
19228,4807.0,2373.55,0.4,2395.89
19229,4807.25,2371.87,0.3,2395.89
19230,4807.5,2371.87,0.2,2395.88
19231,4807.75,2372.36,0.1,2395.88
19232,4808.0,2372.36,0.2,2395.88
19233,4808.25,2372.11,0.1,2395.88
19234,4808.5,2372.12,0.2,2395.87
19235,4808.75,2372.12,0.2,2395.87
19236,4809.0,2372.6,0.2,2395.87
19237,4809.25,2372.85,0.3,2395.87
19238,4809.5,2372.61,0.1,2395.87
19239,4809.75,2372.36,0.1,2395.86
19240,4810.0,2372.36,0.2,2395.86
19241,4810.25,2372.36,0.1,2395.86
19242,4810.5,2372.84,0.3,2395.86
19243,4810.75,2373.3,0.2,2395.85
19244,4811.0,2373.53,0.1,2395.85
19245,4811.25,2371.74,0.1,2395.85
19246,4811.5,2372.48,0.2,2395.85
19247,4811.75,2372.73,0.2,2395.85
19248,4812.0,2372.57,0.2,2395.84
19249,4812.25,2372.82,0.2,2395.84
19250,4812.5,2372.81,0.2,2395.84
19251,4812.75,2372.8,0.2,2395.84
19252,4813.0,2373.05,0.2,2395.83
19253,4813.25,2373.29,0.2,2395.83
19254,4813.5,2373.29,0.1,2395.83
19255,4813.75,2373.49,0.2,2395.83
19256,4814.0,2373.25,0.1,2395.82
19257,4814.25,2373.24,0.2,2395.82
19258,4814.5,2373.7,0.1,2395.82
19259,4814.75,2374.2,0.2,2395.82
19260,4815.0,2374.2,0.1,2395.82
19261,4815.25,2374.2,0.1,2395.81
19262,4815.5,2374.2,0.2,2395.81
19263,4815.75,2374.42,0.3,2395.81
19264,4816.0,2374.66,0.3,2395.81
19265,4816.25,2374.66,0.2,2395.8
19266,4816.5,2374.66,0.2,2395.8
19267,4816.75,2373.39,0.1,2395.8
19268,4817.0,2373.24,0.3,2395.8
19269,4817.25,2373.5,0.2,2395.79
19270,4817.5,2373.74,0.1,2395.79
19271,4817.75,2373.48,0.2,2395.79
19272,4818.0,2373.74,0.1,2395.79
19273,4818.25,2373.73,0.2,2395.79
19274,4818.5,2373.73,0.2,2395.78
19275,4818.75,2373.98,0.2,2395.78
19276,4819.0,2374.2,0.2,2395.78
19277,4819.25,2374.7,0.1,2395.78
19278,4819.5,2375.18,0.2,2395.77
19279,4819.75,2374.94,0.1,2395.77
19280,4820.0,2375.65,0.2,2395.77
19281,4820.25,2375.65,0.2,2395.77
19282,4820.5,2375.16,0.3,2395.77
19283,4820.75,2375.62,0.2,2395.76
19284,4821.0,2375.87,0.2,2395.76
19285,4821.25,2376.05,0.2,2395.76
19286,4821.5,2374.53,0.1,2395.76
19287,4821.75,2374.28,0.2,2395.75
19288,4822.0,2373.04,0.2,2395.75
19289,4822.25,2372.79,0.2,2395.75
19290,4822.5,2372.79,0.1,2395.75
19291,4822.75,2372.77,0.2,2395.74
19292,4823.0,2372.77,0.2,2395.74
19293,4823.25,2373.01,0.2,2395.74
19294,4823.5,2373.0,0.2,2395.74
19295,4823.75,2372.75,0.1,2395.74
19296,4824.0,2373.23,0.2,2395.73
19297,4824.25,2373.22,0.1,2395.73
19298,4824.5,2373.46,0.2,2395.73
19299,4824.75,2373.69,0.1,2395.73
19300,4825.0,2373.68,0.1,2395.72
19301,4825.25,2373.93,0.2,2395.72
19302,4825.5,2374.16,0.2,2395.72
19303,4825.75,2374.41,0.2,2395.72
19304,4826.0,2374.39,0.1,2395.71
19305,4826.25,2374.38,0.3,2395.71
19306,4826.5,2374.59,0.2,2395.71
19307,4826.75,2374.32,0.1,2395.71
19308,4827.0,2372.84,0.2,2395.71
19309,4827.25,2371.57,0.2,2395.7
19310,4827.5,2371.32,0.3,2395.7
19311,4827.75,2371.56,0.2,2395.7
19312,4828.0,2371.8,0.1,2395.7
19313,4828.25,2371.79,0.2,2395.69
19314,4828.5,2371.79,0.2,2395.69
19315,4828.75,2371.79,0.2,2395.69
19316,4829.0,2371.76,0.1,2395.69
19317,4829.25,2372.0,0.2,2395.68
19318,4829.5,2372.45,0.2,2395.68
19319,4829.75,2372.69,0.1,2395.68
19320,4830.0,2372.68,0.2,2395.68
19321,4830.25,2371.94,0.1,2395.68
19322,4830.5,2371.93,0.2,2395.67
19323,4830.75,2371.93,0.2,2395.67
19324,4831.0,2371.91,0.1,2395.67
19325,4831.25,2372.4,0.4,2395.67
19326,4831.5,2372.64,0.1,2395.66
19327,4831.75,2372.64,0.1,2395.66
19328,4832.0,2372.38,0.3,2395.66
19329,4832.25,2372.38,0.2,2395.66
19330,4832.5,2372.87,0.2,2395.66
19331,4832.75,2373.1,0.2,2395.65
19332,4833.0,2373.11,0.1,2395.65
19333,4833.25,2373.1,0.2,2395.65
19334,4833.5,2373.58,0.2,2395.65
19335,4833.75,2373.11,0.1,2395.64
19336,4834.0,2372.41,0.2,2395.64
19337,4834.25,2372.42,0.2,2395.64
19338,4834.5,2373.38,0.2,2395.64
19339,4834.75,2373.36,0.1,2395.63
19340,4835.0,2373.61,0.1,2395.63
19341,4835.25,2373.61,0.1,2395.63
19342,4835.5,2371.84,0.2,2395.63
19343,4835.75,2370.25,0.1,2395.63
19344,4836.0,2370.97,0.2,2395.62
19345,4836.25,2371.21,0.1,2395.62
19346,4836.5,2371.54,0.2,2395.62
19347,4836.75,2371.52,0.1,2395.62
19348,4837.0,2371.77,0.4,2395.61
19349,4837.25,2371.76,0.1,2395.61
19350,4837.5,2372.21,0.2,2395.61
19351,4837.75,2372.7,0.1,2395.61
19352,4838.0,2372.45,0.2,2395.6
19353,4838.25,2372.68,0.1,2395.6
19354,4838.5,2372.93,0.3,2395.6
19355,4838.75,2372.91,0.1,2395.6
19356,4839.0,2372.65,0.2,2395.6
19357,4839.25,2372.62,0.1,2395.59
19358,4839.5,2372.86,0.1,2395.59
19359,4839.75,2372.86,0.4,2395.59
19360,4840.0,2372.85,0.2,2395.59
19361,4840.25,2370.82,0.2,2395.58
19362,4840.5,2370.82,0.1,2395.58
19363,4840.75,2370.56,0.1,2395.58
19364,4841.0,2370.56,0.3,2395.58
19365,4841.25,2370.79,0.1,2395.57
19366,4841.5,2371.25,0.2,2395.57
19367,4841.75,2371.0,0.2,2395.57
19368,4842.0,2370.98,0.2,2395.57
19369,4842.25,2371.29,0.3,2395.57
19370,4842.5,2371.29,0.1,2395.56
19371,4842.75,2371.52,0.1,2395.56
19372,4843.0,2371.51,0.2,2395.56
19373,4843.25,2371.5,0.2,2395.56
19374,4843.5,2371.5,0.1,2395.55
19375,4843.75,2372.2,0.2,2395.55
19376,4844.0,2372.68,0.1,2395.55
19377,4844.25,2372.68,0.2,2395.55
19378,4844.5,2372.67,0.2,2395.55
19379,4844.75,2372.4,0.2,2395.54
19380,4845.0,2373.14,0.1,2395.54
19381,4845.25,2372.65,0.1,2395.54
19382,4845.5,2372.89,0.2,2395.54
19383,4845.75,2372.65,0.2,2395.53
19384,4846.0,2372.9,0.1,2395.53
19385,4846.25,2371.44,0.1,2395.53
19386,4846.5,2371.94,0.2,2395.53
19387,4846.75,2372.13,0.2,2395.52
19388,4847.0,2372.92,0.2,2395.52
19389,4847.25,2373.13,0.2,2395.52
19390,4847.5,2373.37,0.2,2395.52
19391,4847.75,2373.86,0.2,2395.52
19392,4848.0,2373.87,0.1,2395.51
19393,4848.25,2373.79,0.2,2395.51
19394,4848.5,2374.05,0.2,2395.51
19395,4848.75,2374.04,0.1,2395.51
19396,4849.0,2374.04,0.1,2395.5
19397,4849.25,2374.04,0.2,2395.5
19398,4849.5,2374.05,0.1,2395.5
19399,4849.75,2373.82,0.2,2395.5
19400,4850.0,2373.81,0.2,2395.49
19401,4850.25,2373.82,0.1,2395.49
19402,4850.5,2373.81,0.2,2395.49
19403,4850.75,2374.31,0.2,2395.49
19404,4851.0,2374.3,0.1,2395.49
19405,4851.25,2374.54,0.1,2395.48
19406,4851.5,2374.3,0.5,2395.48
19407,4851.75,2372.82,0.1,2395.48
19408,4852.0,2373.31,0.1,2395.48
19409,4852.25,2373.54,0.2,2395.47
19410,4852.5,2373.65,0.1,2395.47
19411,4852.75,2373.88,0.2,2395.47
19412,4853.0,2370.95,0.2,2395.47
19413,4853.25,2371.42,0.2,2395.47
19414,4853.5,2371.93,0.2,2395.46
19415,4853.75,2371.68,0.2,2395.46
19416,4854.0,2372.39,0.2,2395.46
19417,4854.25,2372.89,0.1,2395.46
19418,4854.5,2372.88,0.2,2395.45
19419,4854.75,2372.88,0.2,2395.45
19420,4855.0,2372.89,0.2,2395.45
19421,4855.25,2373.13,0.2,2395.45
19422,4855.5,2373.14,0.1,2395.44
19423,4855.75,2373.38,0.1,2395.44
19424,4856.0,2373.14,0.2,2395.44
19425,4856.25,2373.88,0.1,2395.44
19426,4856.5,2374.32,0.2,2395.44
19427,4856.75,2372.44,0.2,2395.43
19428,4857.0,2372.68,0.4,2395.43
19429,4857.25,2373.44,0.2,2395.43
19430,4857.5,2373.92,0.3,2395.43
19431,4857.75,2372.25,0.1,2395.42
19432,4858.0,2372.48,0.2,2395.42
19433,4858.25,2372.71,0.1,2395.42
19434,4858.5,2372.96,0.2,2395.42
19435,4858.75,2373.41,0.2,2395.41
19436,4859.0,2373.17,0.2,2395.41
19437,4859.25,2373.41,0.1,2395.41
19438,4859.5,2373.89,0.2,2395.41
19439,4859.75,2374.38,0.2,2395.41
19440,4860.0,2373.72,0.2,2395.4
19441,4860.25,2373.97,0.2,2395.4
19442,4860.5,2373.97,0.1,2395.4
19443,4860.75,2374.22,0.2,2395.4
19444,4861.0,2374.71,0.1,2395.39
19445,4861.25,2374.93,0.2,2395.39
19446,4861.5,2375.16,0.2,2395.39
19447,4861.75,2373.3,0.2,2395.39
19448,4862.0,2373.79,0.1,2395.38
19449,4862.25,2374.05,0.2,2395.38
19450,4862.5,2374.29,0.1,2395.38
19451,4862.75,2374.75,0.2,2395.38
19452,4863.0,2375.0,0.2,2395.38
19453,4863.25,2374.51,0.2,2395.37
19454,4863.5,2374.76,0.1,2395.37
19455,4863.75,2375.26,0.2,2395.37
19456,4864.0,2375.02,0.2,2395.37
19457,4864.25,2375.02,0.2,2395.36
19458,4864.5,2374.78,0.1,2395.36
19459,4864.75,2375.03,0.1,2395.36
19460,4865.0,2375.25,0.2,2395.36
19461,4865.25,2375.74,0.2,2395.36
19462,4865.5,2375.74,0.1,2395.35
19463,4865.75,2375.51,0.2,2395.35
19464,4866.0,2376.0,0.2,2395.35
19465,4866.25,2376.0,0.2,2395.35
19466,4866.5,2375.99,0.2,2395.34
19467,4866.75,2375.31,0.2,2395.34
19468,4867.0,2375.06,0.2,2395.34
19469,4867.25,2375.06,0.2,2395.34
19470,4867.5,2374.82,0.2,2395.33
19471,4867.75,2374.39,0.2,2395.33
19472,4868.0,2374.39,0.1,2395.33
19473,4868.25,2374.63,0.2,2395.33
19474,4868.5,2374.62,0.2,2395.33
19475,4868.75,2374.62,0.1,2395.32
19476,4869.0,2374.6,0.1,2395.32
19477,4869.25,2374.6,0.2,2395.32
19478,4869.5,2374.6,0.1,2395.32
19479,4869.75,2373.74,0.2,2395.31
19480,4870.0,2373.73,0.2,2395.31
19481,4870.25,2373.72,0.1,2395.31
19482,4870.5,2373.96,0.2,2395.31
19483,4870.75,2374.2,0.4,2395.3
19484,4871.0,2374.43,0.2,2395.3
19485,4871.25,2373.94,0.2,2395.3
19486,4871.5,2374.18,0.2,2395.3
19487,4871.75,2373.41,0.1,2395.3
19488,4872.0,2372.14,0.2,2395.29
19489,4872.25,2371.6,0.2,2395.29
19490,4872.5,2371.81,0.1,2395.29
19491,4872.75,2372.75,0.1,2395.29
19492,4873.0,2372.5,0.2,2395.28
19493,4873.25,2372.98,0.1,2395.28
19494,4873.5,2372.73,0.2,2395.28
19495,4873.75,2373.45,0.2,2395.28
19496,4874.0,2373.7,0.1,2395.27
19497,4874.25,2373.7,0.2,2395.27
19498,4874.5,2373.68,0.2,2395.27
19499,4874.75,2372.16,0.1,2395.27
19500,4875.0,2372.4,0.2,2395.27
19501,4875.25,2373.11,0.1,2395.26
19502,4875.5,2373.11,0.2,2395.26
19503,4875.75,2373.36,0.1,2395.26
19504,4876.0,2373.35,0.2,2395.26
19505,4876.25,2373.36,0.1,2395.25
19506,4876.5,2373.6,0.2,2395.25
19507,4876.75,2372.46,0.2,2395.25
19508,4877.0,2371.04,0.2,2395.25
19509,4877.25,2371.03,0.1,2395.25
19510,4877.5,2371.25,0.2,2395.24
19511,4877.75,2371.73,0.1,2395.24
19512,4878.0,2371.48,0.2,2395.24
19513,4878.25,2371.72,0.2,2395.24
19514,4878.5,2371.96,0.1,2395.23
19515,4878.75,2371.95,0.2,2395.23
19516,4879.0,2372.68,0.2,2395.23
19517,4879.25,2372.68,0.2,2395.23
19518,4879.5,2372.92,0.1,2395.22
19519,4879.75,2373.66,0.2,2395.22
19520,4880.0,2373.66,0.1,2395.22
19521,4880.25,2374.12,0.2,2395.22
19522,4880.5,2373.88,0.1,2395.22
19523,4880.75,2373.63,0.2,2395.21
19524,4881.0,2373.39,0.2,2395.21
19525,4881.25,2373.63,0.2,2395.21
19526,4881.5,2373.89,0.1,2395.21
19527,4881.75,2373.13,0.2,2395.2
19528,4882.0,2373.13,0.2,2395.2
19529,4882.25,2373.38,0.1,2395.2
19530,4882.5,2373.62,0.2,2395.2
19531,4882.75,2374.12,0.1,2395.19
19532,4883.0,2374.18,0.2,2395.19
19533,4883.25,2374.42,0.1,2395.19
19534,4883.5,2374.17,0.2,2395.19
19535,4883.75,2374.17,0.1,2395.19
19536,4884.0,2374.64,0.4,2395.18
19537,4884.25,2374.4,0.1,2395.18
19538,4884.5,2374.64,0.2,2395.18
19539,4884.75,2374.88,0.2,2395.18
19540,4885.0,2374.88,0.1,2395.17
19541,4885.25,2374.87,0.2,2395.17
19542,4885.5,2375.35,0.2,2395.17
19543,4885.75,2375.59,0.2,2395.17
19544,4886.0,2375.59,0.1,2395.17
19545,4886.25,2375.59,0.2,2395.16
19546,4886.5,2375.34,0.2,2395.16
19547,4886.75,2372.68,0.2,2395.16
19548,4887.0,2373.4,0.4,2395.16
19549,4887.25,2373.15,0.4,2395.15
19550,4887.5,2373.29,0.2,2395.15
19551,4887.75,2373.54,0.1,2395.15
19552,4888.0,2373.98,0.2,2395.15
19553,4888.25,2373.74,0.2,2395.14
19554,4888.5,2374.2,0.3,2395.14
19555,4888.75,2374.43,0.1,2395.14
19556,4889.0,2374.43,0.2,2395.14
19557,4889.25,2374.41,0.2,2395.14
19558,4889.5,2374.9,0.2,2395.13
19559,4889.75,2374.86,0.1,2395.13
19560,4890.0,2374.86,0.2,2395.13
19561,4890.25,2374.85,0.2,2395.13
19562,4890.5,2374.59,0.2,2395.12
19563,4890.75,2374.27,0.1,2395.12
19564,4891.0,2374.26,0.1,2395.12
19565,4891.25,2374.25,0.1,2395.12
19566,4891.5,2373.76,0.2,2395.11
19567,4891.75,2373.24,0.2,2395.11
19568,4892.0,2373.22,0.1,2395.11
19569,4892.25,2373.21,0.2,2395.11
19570,4892.5,2372.97,0.1,2395.11
19571,4892.75,2373.18,0.2,2395.1
19572,4893.0,2373.41,0.2,2395.1
19573,4893.25,2373.66,0.1,2395.1
19574,4893.5,2373.91,0.2,2395.1
19575,4893.75,2374.15,0.2,2395.09
19576,4894.0,2374.15,0.2,2395.09
19577,4894.25,2373.89,0.1,2395.09
19578,4894.5,2374.3,0.2,2395.09
19579,4894.75,2375.0,0.2,2395.08
19580,4895.0,2375.24,0.2,2395.08
19581,4895.25,2375.7,0.2,2395.08
19582,4895.5,2375.44,0.2,2395.08
19583,4895.75,2375.68,0.1,2395.08
19584,4896.0,2375.67,0.2,2395.07
19585,4896.25,2375.66,0.2,2395.07
19586,4896.5,2375.9,0.1,2395.07
19587,4896.75,2375.01,0.3,2395.07
19588,4897.0,2375.25,0.2,2395.06
19589,4897.25,2373.49,0.1,2395.06
19590,4897.5,2373.73,0.2,2395.06
19591,4897.75,2373.96,0.2,2395.06
19592,4898.0,2374.7,0.2,2395.06
19593,4898.25,2374.7,0.2,2395.05
19594,4898.5,2374.91,0.1,2395.05
19595,4898.75,2374.9,0.2,2395.05
19596,4899.0,2374.9,0.2,2395.05
19597,4899.25,2374.9,0.1,2395.04
19598,4899.5,2374.89,0.1,2395.04
19599,4899.75,2375.37,0.2,2395.04
19600,4900.0,2375.12,0.1,2395.04
19601,4900.25,2374.62,0.2,2395.03
19602,4900.5,2374.87,0.2,2395.03
19603,4900.75,2374.62,0.2,2395.03
19604,4901.0,2375.08,0.2,2395.03
19605,4901.25,2374.11,0.1,2395.03
19606,4901.5,2374.12,0.1,2395.02
19607,4901.75,2373.38,0.3,2395.02
19608,4902.0,2373.63,0.2,2395.02
19609,4902.25,2373.87,0.1,2395.02
19610,4902.5,2374.11,0.2,2395.01
19611,4902.75,2374.1,0.2,2395.01
19612,4903.0,2374.35,0.1,2395.01
19613,4903.25,2373.84,0.1,2395.01
19614,4903.5,2372.66,0.2,2395.0
19615,4903.75,2372.9,0.1,2395.0
19616,4904.0,2372.86,0.2,2395.0
19617,4904.25,2373.34,0.1,2395.0
19618,4904.5,2373.59,0.1,2395.0
19619,4904.75,2373.58,0.1,2394.99
19620,4905.0,2373.57,0.1,2394.99
19621,4905.25,2373.56,0.1,2394.99
19622,4905.5,2373.55,0.2,2394.99
19623,4905.75,2373.79,0.2,2394.98
19624,4906.0,2372.29,0.1,2394.98
19625,4906.25,2372.52,0.2,2394.98
19626,4906.5,2372.77,0.2,2394.98
19627,4906.75,2372.67,0.2,2394.97
19628,4907.0,2372.49,0.2,2394.97
19629,4907.25,2372.48,0.2,2394.97
19630,4907.5,2372.5,0.1,2394.97
19631,4907.75,2372.99,0.1,2394.97
19632,4908.0,2372.75,0.2,2394.96
19633,4908.25,2373.7,0.2,2394.96
19634,4908.5,2373.95,0.2,2394.96
19635,4908.75,2374.17,0.1,2394.96
19636,4909.0,2374.43,0.2,2394.95
19637,4909.25,2374.2,0.2,2394.95
19638,4909.5,2373.4,0.2,2394.95
19639,4909.75,2373.41,0.1,2394.95
19640,4910.0,2373.16,0.2,2394.95
19641,4910.25,2373.67,0.3,2394.94
19642,4910.5,2373.68,0.1,2394.94
19643,4910.75,2373.93,0.2,2394.94
19644,4911.0,2374.18,0.2,2394.94
19645,4911.25,2373.94,0.1,2394.93
19646,4911.5,2373.27,0.2,2394.93
19647,4911.75,2373.28,0.2,2394.93
19648,4912.0,2373.52,0.1,2394.93
19649,4912.25,2373.29,0.2,2394.92
19650,4912.5,2373.29,0.2,2394.92
19651,4912.75,2373.54,0.2,2394.92
19652,4913.0,2373.54,0.3,2394.92
19653,4913.25,2373.55,0.3,2394.92
19654,4913.5,2374.03,0.3,2394.91
19655,4913.75,2374.27,0.1,2394.91
19656,4914.0,2374.26,0.1,2394.91
19657,4914.25,2374.03,0.1,2394.91
19658,4914.5,2374.02,0.2,2394.9
19659,4914.75,2374.28,0.2,2394.9
19660,4915.0,2373.77,0.2,2394.9
19661,4915.25,2373.77,0.2,2394.9
19662,4915.5,2374.49,0.1,2394.89
19663,4915.75,2374.25,0.2,2394.89
19664,4916.0,2374.46,0.1,2394.89
19665,4916.25,2374.45,0.2,2394.89
19666,4916.5,2373.47,0.6,2394.89
19667,4916.75,2373.23,0.2,2394.88
19668,4917.0,2373.46,0.2,2394.88
19669,4917.25,2373.42,0.4,2394.88
19670,4917.5,2373.66,0.2,2394.88
19671,4917.75,2373.41,0.2,2394.87
19672,4918.0,2373.36,0.2,2394.87
19673,4918.25,2373.36,0.3,2394.87
19674,4918.5,2373.56,0.2,2394.87
19675,4918.75,2372.02,0.1,2394.86
19676,4919.0,2372.01,0.2,2394.86
19677,4919.25,2372.71,0.1,2394.86
19678,4919.5,2372.95,0.3,2394.86
19679,4919.75,2373.2,0.1,2394.86
19680,4920.0,2373.19,0.2,2394.85
19681,4920.25,2373.66,0.1,2394.85
19682,4920.5,2373.91,0.2,2394.85
19683,4920.75,2373.89,0.1,2394.85
19684,4921.0,2373.89,0.1,2394.84
19685,4921.25,2374.12,0.2,2394.84
19686,4921.5,2373.86,0.3,2394.84
19687,4921.75,2374.09,0.2,2394.84
19688,4922.0,2374.32,0.1,2394.84
19689,4922.25,2373.22,0.1,2394.83
19690,4922.5,2373.71,0.4,2394.83
19691,4922.75,2373.7,0.1,2394.83
19692,4923.0,2374.12,0.2,2394.83
19693,4923.25,2373.1,0.1,2394.82
19694,4923.5,2373.35,0.2,2394.82
19695,4923.75,2373.59,0.2,2394.82
19696,4924.0,2373.84,0.2,2394.82
19697,4924.25,2374.09,0.2,2394.81
19698,4924.5,2375.06,0.2,2394.81
19699,4924.75,2373.31,0.1,2394.81
19700,4925.0,2373.3,0.1,2394.81
19701,4925.25,2373.54,0.1,2394.81
19702,4925.5,2373.99,0.2,2394.8
19703,4925.75,2374.0,0.3,2394.8
19704,4926.0,2373.99,0.2,2394.8
19705,4926.25,2373.98,0.1,2394.8
19706,4926.5,2371.64,0.3,2394.79
19707,4926.75,2372.38,0.3,2394.79
19708,4927.0,2372.38,0.2,2394.79
19709,4927.25,2372.86,0.1,2394.79
19710,4927.5,2373.1,0.2,2394.78
19711,4927.75,2373.09,0.2,2394.78
19712,4928.0,2373.33,0.2,2394.78
19713,4928.25,2373.33,0.2,2394.78
19714,4928.5,2373.81,0.2,2394.78
19715,4928.75,2374.05,0.2,2394.77
19716,4929.0,2374.29,0.2,2394.77
19717,4929.25,2374.53,0.1,2394.77
19718,4929.5,2374.75,0.1,2394.77
19719,4929.75,2374.98,0.1,2394.76
19720,4930.0,2375.22,0.2,2394.76
19721,4930.25,2374.98,0.1,2394.76
19722,4930.5,2375.2,0.2,2394.76
19723,4930.75,2373.95,0.2,2394.76
19724,4931.0,2373.95,0.2,2394.75
19725,4931.25,2374.43,0.2,2394.75
19726,4931.5,2373.66,0.3,2394.75
19727,4931.75,2373.64,0.1,2394.75
19728,4932.0,2377.14,1.5,2394.74
19729,4932.25,2377.84,0.1,2394.74
19730,4932.5,2378.08,0.1,2394.74
19731,4932.75,2378.32,0.1,2394.74
19732,4933.0,2378.81,0.2,2394.73
19733,4933.25,2379.26,0.2,2394.73
19734,4933.5,2379.25,0.1,2394.73
19735,4933.75,2379.26,0.2,2394.73
19736,4934.0,2378.25,0.2,2394.73
19737,4934.25,2378.0,0.2,2394.72
19738,4934.5,2378.0,0.2,2394.72
19739,4934.75,2378.01,0.1,2394.72
19740,4935.0,2377.76,0.2,2394.72
19741,4935.25,2377.77,0.1,2394.71
19742,4935.5,2378.47,0.2,2394.71
19743,4935.75,2378.72,0.1,2394.71
19744,4936.0,2378.48,0.2,2394.71
19745,4936.25,2379.18,0.1,2394.7
19746,4936.5,2378.69,0.3,2394.7
19747,4936.75,2378.46,0.1,2394.7
19748,4937.0,2378.67,0.2,2394.7
19749,4937.25,2379.17,0.2,2394.7
19750,4937.5,2379.66,0.3,2394.69
19751,4937.75,2379.66,0.1,2394.69
19752,4938.0,2380.15,0.2,2394.69
19753,4938.25,2380.15,0.2,2394.69
19754,4938.5,2380.07,0.1,2394.68
19755,4938.75,2380.07,0.1,2394.68
19756,4939.0,2380.06,0.2,2394.68
19757,4939.25,2380.27,0.2,2394.68
19758,4939.5,2380.2,0.2,2394.67
19759,4939.75,2380.93,0.2,2394.67
19760,4940.0,2380.68,0.1,2394.67
19761,4940.25,2380.68,0.1,2394.67
19762,4940.5,2380.43,0.1,2394.67
19763,4940.75,2379.4,0.1,2394.66
19764,4941.0,2379.89,0.2,2394.66
19765,4941.25,2380.37,0.1,2394.66
19766,4941.5,2379.62,0.2,2394.66
19767,4941.75,2380.08,0.2,2394.65
19768,4942.0,2379.83,0.1,2394.65
19769,4942.25,2379.84,0.1,2394.65
19770,4942.5,2379.82,0.2,2394.65
19771,4942.75,2379.83,0.2,2394.65
19772,4943.0,2380.05,0.2,2394.64
19773,4943.25,2380.05,0.1,2394.64
19774,4943.5,2380.05,0.2,2394.64
19775,4943.75,2378.86,0.1,2394.64
19776,4944.0,2377.67,0.1,2394.63
19777,4944.25,2377.88,0.2,2394.63
19778,4944.5,2378.14,0.1,2394.63
19779,4944.75,2378.61,0.2,2394.63
19780,4945.0,2378.61,0.1,2394.62
19781,4945.25,2378.85,0.2,2394.62
19782,4945.5,2379.38,0.1,2394.62
19783,4945.75,2377.84,0.1,2394.62
19784,4946.0,2377.84,0.1,2394.62
19785,4946.25,2378.18,0.2,2394.61
19786,4946.5,2377.73,0.2,2394.61
19787,4946.75,2376.64,0.2,2394.61
19788,4947.0,2377.13,0.4,2394.61
19789,4947.25,2377.13,0.3,2394.6
19790,4947.5,2376.96,0.2,2394.6
19791,4947.75,2377.21,0.1,2394.6
19792,4948.0,2377.47,0.2,2394.6
19793,4948.25,2377.7,0.2,2394.59
19794,4948.5,2377.95,0.1,2394.59
19795,4948.75,2377.95,0.1,2394.59
19796,4949.0,2376.28,0.2,2394.59
19797,4949.25,2376.74,0.2,2394.59
19798,4949.5,2376.99,0.2,2394.58
19799,4949.75,2377.48,0.1,2394.58
19800,4950.0,2377.73,0.2,2394.58
19801,4950.25,2378.2,0.1,2394.58
19802,4950.5,2378.2,0.1,2394.57
19803,4950.75,2378.44,0.1,2394.57
19804,4951.0,2378.43,0.2,2394.57
19805,4951.25,2378.18,0.2,2394.57
19806,4951.5,2378.02,0.3,2394.56
19807,4951.75,2377.77,0.1,2394.56
19808,4952.0,2378.26,0.2,2394.56
19809,4952.25,2378.49,0.2,2394.56
19810,4952.5,2378.24,0.1,2394.56
19811,4952.75,2377.96,0.1,2394.55
19812,4953.0,2377.96,0.2,2394.55
19813,4953.25,2377.95,0.1,2394.55
19814,4953.5,2377.95,0.1,2394.55
19815,4953.75,2378.57,0.4,2394.54
19816,4954.0,2378.56,0.2,2394.54
19817,4954.25,2379.23,0.2,2394.54
19818,4954.5,2378.97,0.2,2394.54
19819,4954.75,2378.96,0.2,2394.54
19820,4955.0,2379.2,0.1,2394.53
19821,4955.25,2379.44,0.2,2394.53
19822,4955.5,2379.43,0.1,2394.53
19823,4955.75,2379.67,0.1,2394.53
19824,4956.0,2379.67,0.2,2394.52
19825,4956.25,2380.15,0.2,2394.52
19826,4956.5,2378.73,0.3,2394.52
19827,4956.75,2378.97,0.1,2394.52
19828,4957.0,2379.43,0.2,2394.51
19829,4957.25,2379.18,0.2,2394.51
19830,4957.5,2379.17,0.1,2394.51
19831,4957.75,2379.41,0.3,2394.51
19832,4958.0,2379.9,0.2,2394.51
19833,4958.25,2378.11,0.2,2394.5
19834,4958.5,2378.12,0.1,2394.5
19835,4958.75,2378.57,0.2,2394.5
19836,4959.0,2378.56,0.2,2394.5
19837,4959.25,2378.8,0.1,2394.49
19838,4959.5,2377.75,0.1,2394.49
19839,4959.75,2378.0,0.2,2394.49
19840,4960.0,2378.45,0.2,2394.49
19841,4960.25,2378.66,0.1,2394.48
19842,4960.5,2378.89,0.2,2394.48
19843,4960.75,2379.12,0.1,2394.48
19844,4961.0,2378.4,0.2,2394.48
19845,4961.25,2378.88,0.2,2394.48
19846,4961.5,2378.92,0.2,2394.47
19847,4961.75,2379.76,0.2,2394.47
19848,4962.0,2380.15,0.3,2394.47
19849,4962.25,2380.13,0.1,2394.47
19850,4962.5,2380.37,0.4,2394.46
19851,4962.75,2378.86,0.3,2394.46
19852,4963.0,2378.85,0.3,2394.46
19853,4963.25,2379.55,0.1,2394.46
19854,4963.5,2379.8,0.1,2394.46
19855,4963.75,2380.5,0.1,2394.45
19856,4964.0,2380.5,0.1,2394.45
19857,4964.25,2380.5,0.2,2394.45
19858,4964.5,2378.75,0.2,2394.45
19859,4964.75,2379.01,0.2,2394.44
19860,4965.0,2377.57,0.2,2394.44
19861,4965.25,2377.81,0.1,2394.44
19862,4965.5,2378.09,0.2,2394.44
19863,4965.75,2378.54,0.2,2394.43
19864,4966.0,2379.0,0.1,2394.43
19865,4966.25,2378.99,0.2,2394.43
19866,4966.5,2378.5,0.2,2394.43
19867,4966.75,2378.5,0.2,2394.43
19868,4967.0,2378.75,0.1,2394.42
19869,4967.25,2378.98,0.2,2394.42
19870,4967.5,2379.01,0.2,2394.42
19871,4967.75,2379.25,0.1,2394.42
19872,4968.0,2379.49,0.4,2394.41
19873,4968.25,2379.71,0.2,2394.41
19874,4968.5,2379.46,0.2,2394.41
19875,4968.75,2379.7,0.1,2394.41
19876,4969.0,2379.94,0.2,2394.4
19877,4969.25,2381.15,0.2,2394.4
19878,4969.5,2381.39,0.1,2394.4
19879,4969.75,2381.14,0.2,2394.4
19880,4970.0,2381.4,0.2,2394.4
19881,4970.25,2381.14,0.1,2394.39
19882,4970.5,2381.14,0.2,2394.39
19883,4970.75,2381.13,0.1,2394.39
19884,4971.0,2381.61,0.2,2394.39
19885,4971.25,2383.8,0.2,2394.38
19886,4971.5,2380.5,0.1,2394.38
19887,4971.75,2380.75,0.2,2394.38
19888,4972.0,2380.73,0.2,2394.38
19889,4972.25,2380.49,0.2,2394.37
19890,4972.5,2380.72,0.2,2394.37
19891,4972.75,2380.46,0.1,2394.37
19892,4973.0,2380.7,0.1,2394.37
19893,4973.25,2380.45,0.2,2394.37
19894,4973.5,2379.5,0.1,2394.36
19895,4973.75,2374.05,0.2,2394.36
19896,4974.0,2374.04,0.2,2394.36
19897,4974.25,2374.74,0.2,2394.36
19898,4974.5,2374.71,0.2,2394.35
19899,4974.75,2374.95,0.1,2394.35
19900,4975.0,2374.7,0.3,2394.35
19901,4975.25,2375.18,0.1,2394.35
19902,4975.5,2375.42,0.2,2394.35
19903,4975.75,2375.1,0.1,2394.34
19904,4976.0,2375.09,0.2,2394.34
19905,4976.25,2374.41,0.2,2394.34
19906,4976.5,2374.64,0.2,2394.34
19907,4976.75,2374.58,0.2,2394.33
19908,4977.0,2373.83,0.2,2394.33
19909,4977.25,2373.83,0.1,2394.33
19910,4977.5,2373.81,0.2,2394.33
19911,4977.75,2372.55,0.1,2394.32
19912,4978.0,2373.0,0.2,2394.32
19913,4978.25,2373.24,0.2,2394.32
19914,4978.5,2373.45,0.1,2394.32
19915,4978.75,2374.19,0.2,2394.32
19916,4979.0,2374.43,0.2,2394.31
19917,4979.25,2374.41,0.2,2394.31
19918,4979.5,2374.12,0.2,2394.31
19919,4979.75,2373.88,0.2,2394.31
19920,4980.0,2374.36,0.2,2394.3
19921,4980.25,2374.81,0.2,2394.3
19922,4980.5,2375.06,0.2,2394.3
19923,4980.75,2373.52,0.2,2394.3
19924,4981.0,2373.51,0.1,2394.29
19925,4981.25,2374.5,0.2,2394.29
19926,4981.5,2374.95,0.1,2394.29
19927,4981.75,2374.95,0.2,2394.29
19928,4982.0,2375.19,0.1,2394.29
19929,4982.25,2375.17,0.1,2394.28
19930,4982.5,2373.59,0.2,2394.28
19931,4982.75,2373.82,0.3,2394.28
19932,4983.0,2373.56,0.1,2394.28
19933,4983.25,2373.56,0.2,2394.27
19934,4983.5,2374.04,0.2,2394.27
19935,4983.75,2373.55,0.2,2394.27
19936,4984.0,2373.3,0.2,2394.27
19937,4984.25,2371.51,0.2,2394.26
19938,4984.5,2372.21,0.1,2394.26
19939,4984.75,2372.19,0.2,2394.26
19940,4985.0,2372.44,0.2,2394.26
19941,4985.25,2370.93,0.2,2394.26
19942,4985.5,2370.91,0.2,2394.25
19943,4985.75,2371.12,0.2,2394.25
19944,4986.0,2371.56,0.3,2394.25
19945,4986.25,2370.22,0.3,2394.25
19946,4986.5,2370.2,0.1,2394.24
19947,4986.75,2370.79,0.3,2394.24
19948,4987.0,2370.53,0.2,2394.24
19949,4987.25,2370.29,0.2,2394.24
19950,4987.5,2370.28,0.2,2394.24
19951,4987.75,2370.64,0.2,2394.23
19952,4988.0,2370.88,0.2,2394.23
19953,4988.25,2371.11,0.3,2394.23
19954,4988.5,2371.11,0.1,2394.23
19955,4988.75,2371.34,0.2,2394.22
19956,4989.0,2371.56,0.1,2394.22
19957,4989.25,2371.55,0.2,2394.22
19958,4989.5,2371.51,0.1,2394.22
19959,4989.75,2372.25,0.2,2394.21
19960,4990.0,2372.0,0.2,2394.21
19961,4990.25,2372.23,0.1,2394.21
19962,4990.5,2372.46,0.1,2394.21
19963,4990.75,2372.21,0.1,2394.21
19964,4991.0,2372.71,0.2,2394.2
19965,4991.25,2372.27,0.4,2394.2
19966,4991.5,2372.26,0.1,2394.2
19967,4991.75,2373.0,0.2,2394.2
19968,4992.0,2373.0,0.2,2394.19
19969,4992.25,2372.73,0.2,2394.19
19970,4992.5,2371.71,0.2,2394.19
19971,4992.75,2371.96,0.1,2394.19
19972,4993.0,2370.9,0.3,2394.18
19973,4993.25,2370.89,0.1,2394.18
19974,4993.5,2371.58,0.1,2394.18
19975,4993.75,2372.07,0.2,2394.18
19976,4994.0,2372.43,0.1,2394.18
19977,4994.25,2372.67,0.2,2394.17
19978,4994.5,2372.41,0.4,2394.17
19979,4994.75,2372.86,0.2,2394.17
19980,4995.0,2372.86,0.1,2394.17
19981,4995.25,2372.37,0.2,2394.16
19982,4995.5,2372.61,0.3,2394.16
19983,4995.75,2372.84,0.1,2394.16
19984,4996.0,2372.85,0.2,2394.16
19985,4996.25,2373.27,0.3,2394.16
19986,4996.5,2373.73,0.3,2394.15
19987,4996.75,2373.71,0.1,2394.15
19988,4997.0,2372.21,0.2,2394.15
19989,4997.25,2371.95,0.2,2394.15
19990,4997.5,2371.94,0.2,2394.14
19991,4997.75,2371.94,0.1,2394.14
19992,4998.0,2371.69,0.1,2394.14
19993,4998.25,2371.93,0.2,2394.14
19994,4998.5,2372.4,0.2,2394.13
19995,4998.75,2372.39,0.2,2394.13
19996,4999.0,2372.88,0.2,2394.13
19997,4999.25,2372.92,0.1,2394.13
19998,4999.5,2373.16,0.2,2394.13
19999,4999.75,2373.39,0.2,2394.12
20000,5000.0,2373.89,0.2,2394.12
20001,5000.25,2373.88,0.1,2394.12
20002,5000.5,2374.12,0.1,2394.12
20003,5000.75,2374.09,0.1,2394.11
20004,5001.0,2373.84,0.1,2394.11
20005,5001.25,2371.74,0.2,2394.11
20006,5001.5,2372.22,0.1,2394.11
20007,5001.75,2372.22,0.2,2394.1
20008,5002.0,2372.42,0.1,2394.1
20009,5002.25,2372.66,0.1,2394.1
20010,5002.5,2372.64,0.2,2394.1
20011,5002.75,2372.64,0.2,2394.1
20012,5003.0,2372.63,0.2,2394.09
20013,5003.25,2371.81,0.1,2394.09
20014,5003.5,2372.27,0.2,2394.09
20015,5003.75,2371.78,0.2,2394.09
20016,5004.0,2372.25,0.2,2394.08
20017,5004.25,2372.49,0.2,2394.08
20018,5004.5,2372.73,0.2,2394.08
20019,5004.75,2372.97,0.2,2394.08
20020,5005.0,2372.94,0.2,2394.07
20021,5005.25,2373.17,0.2,2394.07
20022,5005.5,2373.41,0.2,2394.07
20023,5005.75,2373.64,0.1,2394.07
20024,5006.0,2374.13,0.3,2394.07
20025,5006.25,2373.63,0.2,2394.06
20026,5006.5,2373.62,0.1,2394.06
20027,5006.75,2394.86,4.0,2394.06
20028,5007.0,2395.1,0.4,2394.06
20029,5007.25,2395.84,0.2,2394.05
20030,5007.5,2395.8,0.2,2394.05
20031,5007.75,2395.8,0.2,2394.05
20032,5008.0,2396.28,0.2,2394.05
20033,5008.25,2396.28,0.1,2394.05
20034,5008.5,2396.52,0.2,2394.04
20035,5008.75,2396.98,0.1,2394.04
20036,5009.0,2396.97,0.2,2394.04
20037,5009.25,2396.96,0.1,2394.04
20038,5009.5,2397.2,0.2,2394.03
20039,5009.75,2397.23,0.2,2394.03
20040,5010.0,2397.72,0.1,2394.03
20041,5010.25,2397.23,0.1,2394.03
20042,5010.5,2397.68,0.1,2394.02
20043,5010.75,2397.93,0.2,2394.02
20044,5011.0,2397.67,0.1,2394.02
20045,5011.25,2397.91,0.2,2394.02
20046,5011.5,2397.9,0.2,2394.02
20047,5011.75,2397.89,0.2,2394.01
20048,5012.0,2398.14,0.2,2394.01
20049,5012.25,2398.37,0.2,2394.01
20050,5012.5,2398.37,0.2,2394.01
20051,5012.75,2398.12,0.2,2394.0
20052,5013.0,2398.36,0.1,2394.0
20053,5013.25,2398.36,0.2,2394.0
20054,5013.5,2398.11,0.4,2394.0
20055,5013.75,2398.35,0.1,2393.99
20056,5014.0,2398.85,0.2,2393.99
20057,5014.25,2399.09,0.1,2393.99
20058,5014.5,2399.3,0.2,2393.99
20059,5014.75,2399.3,0.2,2393.99
20060,5015.0,2399.29,0.3,2393.98
20061,5015.25,2398.79,0.2,2393.98
20062,5015.5,2399.26,0.3,2393.98
20063,5015.75,2399.27,0.2,2393.98
20064,5016.0,2399.5,0.3,2393.97
20065,5016.25,2398.25,0.3,2393.97
20066,5016.5,2398.01,0.1,2393.97
20067,5016.75,2398.7,0.2,2393.97
20068,5017.0,2398.45,0.2,2393.96
20069,5017.25,2398.44,0.3,2393.96
20070,5017.5,2398.43,0.1,2393.96
20071,5017.75,2398.14,0.2,2393.96
20072,5018.0,2397.88,0.2,2393.96
20073,5018.25,2398.33,0.1,2393.95
20074,5018.5,2398.58,0.1,2393.95
20075,5018.75,2399.04,0.2,2393.95
20076,5019.0,2397.11,0.2,2393.95
20077,5019.25,2397.11,0.2,2393.94
20078,5019.5,2397.09,0.1,2393.94
20079,5019.75,2397.33,0.2,2393.94
20080,5020.0,2397.08,0.2,2393.94
20081,5020.25,2397.56,0.2,2393.94
20082,5020.5,2397.55,0.1,2393.93
20083,5020.75,2398.04,0.2,2393.93
20084,5021.0,2398.27,0.2,2393.93
20085,5021.25,2397.14,0.2,2393.93
20086,5021.5,2396.94,0.3,2393.92
20087,5021.75,2397.66,0.1,2393.92
20088,5022.0,2397.17,0.2,2393.92
20089,5022.25,2397.16,0.2,2393.92
20090,5022.5,2395.39,0.2,2393.91
20091,5022.75,2395.39,0.2,2393.91
20092,5023.0,2395.87,0.2,2393.91
20093,5023.25,2396.11,0.1,2393.91
20094,5023.5,2396.6,0.2,2393.91
20095,5023.75,2396.56,0.2,2393.9
20096,5024.0,2397.03,0.2,2393.9
20097,5024.25,2395.61,0.2,2393.9
20098,5024.5,2395.86,0.2,2393.9
20099,5024.75,2395.61,0.2,2393.89
20100,5025.0,2396.1,0.1,2393.89
20101,5025.25,2396.59,0.2,2393.89
20102,5025.5,2396.34,0.2,2393.89
20103,5025.75,2396.22,0.1,2393.88
20104,5026.0,2395.96,0.2,2393.88
20105,5026.25,2395.91,0.1,2393.88
20106,5026.5,2395.87,0.3,2393.88
20107,5026.75,2396.11,0.1,2393.88
20108,5027.0,2396.11,0.2,2393.87
20109,5027.25,2396.1,0.2,2393.87
20110,5027.5,2396.1,0.1,2393.87
20111,5027.75,2396.35,0.2,2393.87
20112,5028.0,2396.09,0.4,2393.86
20113,5028.25,2396.34,0.1,2393.86
20114,5028.5,2394.82,0.2,2393.86
20115,5028.75,2394.33,0.2,2393.86
20116,5029.0,2395.65,0.2,2393.86
20117,5029.25,2396.14,0.2,2393.85
20118,5029.5,2396.37,0.1,2393.85
20119,5029.75,2396.61,0.1,2393.85
20120,5030.0,2397.32,0.2,2393.85
20121,5030.25,2397.56,0.2,2393.84
20122,5030.5,2397.79,0.2,2393.84
20123,5030.75,2396.11,0.1,2393.84
20124,5031.0,2396.09,0.2,2393.84
20125,5031.25,2395.11,0.1,2393.83
20126,5031.5,2395.34,0.2,2393.83
20127,5031.75,2394.84,0.1,2393.83
20128,5032.0,2395.3,0.2,2393.83
20129,5032.25,2395.04,0.2,2393.83
20130,5032.5,2393.52,0.2,2393.82
20131,5032.75,2394.0,0.1,2393.82
20132,5033.0,2394.24,0.2,2393.82
20133,5033.25,2394.48,0.1,2393.82
20134,5033.5,2394.48,0.1,2393.81
20135,5033.75,2394.69,0.2,2393.81
20136,5034.0,2395.52,0.1,2393.81
20137,5034.25,2395.76,0.2,2393.81
20138,5034.5,2395.75,0.4,2393.8
20139,5034.75,2395.99,0.1,2393.8
20140,5035.0,2396.48,0.3,2393.8
20141,5035.25,2396.47,0.1,2393.8
20142,5035.5,2396.71,0.3,2393.8
20143,5035.75,2397.19,0.2,2393.79
20144,5036.0,2397.26,0.2,2393.79
20145,5036.25,2397.55,0.2,2393.79
20146,5036.5,2383.12,0.2,2393.79
20147,5036.75,2383.58,0.3,2393.78
20148,5037.0,2378.16,0.2,2393.78
20149,5037.25,2378.38,0.1,2393.78
20150,5037.5,2378.11,0.1,2393.78
20151,5037.75,2378.11,0.2,2393.77
20152,5038.0,2376.15,0.1,2393.77
20153,5038.25,2376.39,0.2,2393.77
20154,5038.5,2375.39,0.2,2393.77
20155,5038.75,2376.09,0.1,2393.77
20156,5039.0,2374.79,0.2,2393.76
20157,5039.25,2375.26,0.2,2393.76
20158,5039.5,2375.5,0.1,2393.76
20159,5039.75,2375.73,0.2,2393.76
20160,5040.0,2375.72,0.2,2393.75
20161,5040.25,2375.96,0.1,2393.75
20162,5040.5,2376.45,0.2,2393.75
20163,5040.75,2376.39,0.2,2393.75
20164,5041.0,2375.5,0.2,2393.75
20165,5041.25,2375.99,0.1,2393.74
20166,5041.5,2375.96,0.2,2393.74
20167,5041.75,2376.66,0.1,2393.74
20168,5042.0,2377.14,0.2,2393.74
20169,5042.25,2377.38,0.1,2393.73
20170,5042.5,2377.62,0.2,2393.73
20171,5042.75,2375.95,0.2,2393.73
20172,5043.0,2376.43,0.1,2393.73
20173,5043.25,2377.07,0.3,2393.72
20174,5043.5,2377.06,0.1,2393.72
20175,5043.75,2377.05,0.2,2393.72
20176,5044.0,2376.89,0.1,2393.72
20177,5044.25,2377.38,0.1,2393.72
20178,5044.5,2377.51,0.1,2393.71
20179,5044.75,2377.75,0.1,2393.71
20180,5045.0,2377.27,0.2,2393.71
20181,5045.25,2377.75,0.2,2393.71
20182,5045.5,2377.49,0.1,2393.7
20183,5045.75,2376.75,0.1,2393.7
20184,5046.0,2375.76,0.2,2393.7
20185,5046.25,2375.75,0.1,2393.7
20186,5046.5,2375.5,0.2,2393.69
20187,5046.75,2375.24,0.2,2393.69
20188,5047.0,2375.48,0.3,2393.69
20189,5047.25,2375.68,0.1,2393.69
20190,5047.5,2375.69,0.1,2393.69
20191,5047.75,2375.19,0.1,2393.68
20192,5048.0,2375.44,0.2,2393.68
20193,5048.25,2375.9,0.2,2393.68
20194,5048.5,2375.89,0.1,2393.68
20195,5048.75,2375.41,0.2,2393.67
20196,5049.0,2374.13,0.1,2393.67
20197,5049.25,2373.93,0.1,2393.67
20198,5049.5,2374.17,0.1,2393.67
20199,5049.75,2374.41,0.2,2393.66
20200,5050.0,2374.67,0.1,2393.66
20201,5050.25,2374.67,0.1,2393.66
20202,5050.5,2374.65,0.2,2393.66
20203,5050.75,2374.41,0.2,2393.66
20204,5051.0,2374.23,0.2,2393.65
20205,5051.25,2374.72,0.1,2393.65
20206,5051.5,2375.58,0.1,2393.65
20207,5051.75,2375.34,0.2,2393.65
20208,5052.0,2375.08,0.1,2393.64
20209,5052.25,2375.07,0.2,2393.64
20210,5052.5,2375.07,0.1,2393.64
20211,5052.75,2375.55,0.2,2393.64
20212,5053.0,2375.55,0.1,2393.64
20213,5053.25,2375.55,0.2,2393.63
20214,5053.5,2375.8,0.2,2393.63
20215,5053.75,2376.04,0.2,2393.63
20216,5054.0,2376.3,0.2,2393.63
20217,5054.25,2374.35,0.1,2393.62
20218,5054.5,2374.6,0.2,2393.62
20219,5054.75,2375.31,0.1,2393.62
20220,5055.0,2375.77,0.2,2393.62
20221,5055.25,2375.78,0.2,2393.61
20222,5055.5,2376.03,0.2,2393.61
20223,5055.75,2376.28,0.1,2393.61
20224,5056.0,2375.39,0.3,2393.61
20225,5056.25,2375.16,0.2,2393.61
20226,5056.5,2375.54,0.2,2393.6
20227,5056.75,2375.78,0.2,2393.6
20228,5057.0,2376.03,0.3,2393.6
20229,5057.25,2375.55,0.1,2393.6
20230,5057.5,2375.6,0.2,2393.59
20231,5057.75,2375.83,0.1,2393.59
20232,5058.0,2376.32,0.2,2393.59
20233,5058.25,2376.56,0.2,2393.59
20234,5058.5,2376.55,0.1,2393.58
20235,5058.75,2376.55,0.1,2393.58
20236,5059.0,2375.84,0.2,2393.58
20237,5059.25,2375.84,0.4,2393.58
20238,5059.5,2376.18,0.2,2393.58
20239,5059.75,2375.93,0.2,2393.57
20240,5060.0,2375.92,0.1,2393.57
20241,5060.25,2376.4,0.2,2393.57
20242,5060.5,2377.11,0.1,2393.57
20243,5060.75,2376.86,0.2,2393.56
20244,5061.0,2375.87,0.2,2393.56
20245,5061.25,2376.1,0.1,2393.56
20246,5061.5,2376.34,0.1,2393.56
20247,5061.75,2376.58,0.1,2393.56
20248,5062.0,2377.06,0.2,2393.55
20249,5062.25,2377.06,0.1,2393.55
20250,5062.5,2377.05,0.3,2393.55
20251,5062.75,2377.29,0.1,2393.55
20252,5063.0,2377.52,0.1,2393.54
20253,5063.25,2377.75,0.2,2393.54
20254,5063.5,2377.98,0.2,2393.54
20255,5063.75,2377.97,0.2,2393.54
20256,5064.0,2378.21,0.2,2393.53
20257,5064.25,2378.45,0.2,2393.53
20258,5064.5,2377.95,0.1,2393.53
20259,5064.75,2377.7,0.2,2393.53
20260,5065.0,2377.93,0.1,2393.53
20261,5065.25,2378.14,0.2,2393.52
20262,5065.5,2378.15,0.2,2393.52
20263,5065.75,2378.41,0.2,2393.52
20264,5066.0,2377.27,0.1,2393.52
20265,5066.25,2377.52,0.2,2393.51
20266,5066.5,2376.39,0.2,2393.51
20267,5066.75,2375.66,0.2,2393.51
20268,5067.0,2375.67,0.4,2393.51
20269,5067.25,2375.93,0.1,2393.5
20270,5067.5,2376.17,0.2,2393.5
20271,5067.75,2376.41,0.1,2393.5
20272,5068.0,2376.42,0.3,2393.5
20273,5068.25,2376.91,0.3,2393.5
20274,5068.5,2376.91,0.2,2393.49
20275,5068.75,2376.68,0.2,2393.49
20276,5069.0,2375.01,0.2,2393.49
20277,5069.25,2375.01,0.2,2393.49
20278,5069.5,2375.25,0.2,2393.48
20279,5069.75,2375.48,0.2,2393.48
20280,5070.0,2375.48,0.1,2393.48
20281,5070.25,2375.73,0.2,2393.48
20282,5070.5,2375.5,0.2,2393.47
20283,5070.75,2376.0,0.1,2393.47
20284,5071.0,2375.1,0.2,2393.47
20285,5071.25,2374.36,0.2,2393.47
20286,5071.5,2374.36,0.2,2393.47
20287,5071.75,2374.36,0.1,2393.46
20288,5072.0,2374.61,0.2,2393.46
20289,5072.25,2374.73,0.1,2393.46
20290,5072.5,2374.74,0.1,2393.46
20291,5072.75,2375.2,0.2,2393.45
20292,5073.0,2375.21,0.1,2393.45
20293,5073.25,2375.43,0.2,2393.45
20294,5073.5,2375.18,0.1,2393.45
20295,5073.75,2375.42,0.1,2393.45
20296,5074.0,2376.02,0.2,2393.44
20297,5074.25,2376.5,0.2,2393.44
20298,5074.5,2376.49,0.2,2393.44
20299,5074.75,2375.74,0.2,2393.44
20300,5075.0,2375.49,0.1,2393.43
20301,5075.25,2375.49,0.2,2393.43
20302,5075.5,2375.71,0.1,2393.43
20303,5075.75,2375.46,0.2,2393.43
20304,5076.0,2374.44,0.2,2393.42
20305,5076.25,2374.43,0.1,2393.42
20306,5076.5,2374.91,0.1,2393.42
20307,5076.75,2373.65,0.2,2393.42
20308,5077.0,2373.89,0.1,2393.42
20309,5077.25,2373.86,0.2,2393.41
20310,5077.5,2373.85,0.1,2393.41
20311,5077.75,2374.09,0.2,2393.41
20312,5078.0,2374.08,0.2,2393.41
20313,5078.25,2374.56,0.2,2393.4
20314,5078.5,2374.06,0.2,2393.4
20315,5078.75,2374.3,0.1,2393.4
20316,5079.0,2373.79,0.3,2393.4
20317,5079.25,2373.79,0.2,2393.39
20318,5079.5,2373.3,0.2,2393.39
20319,5079.75,2373.54,0.1,2393.39
20320,5080.0,2373.77,0.1,2393.39
20321,5080.25,2373.52,0.2,2393.39
20322,5080.5,2373.52,0.1,2393.38
20323,5080.75,2373.74,0.2,2393.38
20324,5081.0,2374.22,0.2,2393.38
20325,5081.25,2374.67,0.2,2393.38
20326,5081.5,2374.91,0.2,2393.37
20327,5081.75,2374.43,0.2,2393.37
20328,5082.0,2374.91,0.1,2393.37
20329,5082.25,2375.14,0.1,2393.37
20330,5082.5,2375.15,0.4,2393.36
20331,5082.75,2375.39,0.2,2393.36
20332,5083.0,2373.84,0.1,2393.36
20333,5083.25,2373.6,0.2,2393.36
20334,5083.5,2373.35,0.1,2393.36
20335,5083.75,2373.83,0.2,2393.35
20336,5084.0,2374.08,0.2,2393.35
20337,5084.25,2373.58,0.2,2393.35
20338,5084.5,2373.59,0.2,2393.35
20339,5084.75,2374.29,0.2,2393.34
20340,5085.0,2374.3,0.2,2393.34
20341,5085.25,2374.29,0.1,2393.34
20342,5085.5,2374.54,0.2,2393.34
20343,5085.75,2374.54,0.3,2393.34
20344,5086.0,2373.79,0.2,2393.33
20345,5086.25,2373.77,0.2,2393.33
20346,5086.5,2373.76,0.1,2393.33
20347,5086.75,2373.76,0.1,2393.33
20348,5087.0,2373.75,0.2,2393.32
20349,5087.25,2374.22,0.2,2393.32
20350,5087.5,2374.21,0.2,2393.32
20351,5087.75,2374.67,0.2,2393.32
20352,5088.0,2374.92,0.2,2393.31
20353,5088.25,2375.41,0.2,2393.31
20354,5088.5,2376.12,0.2,2393.31
20355,5088.75,2375.89,0.1,2393.31
20356,5089.0,2376.26,0.1,2393.31
20357,5089.25,2376.5,0.1,2393.3
20358,5089.5,2376.49,0.2,2393.3
20359,5089.75,2376.73,0.2,2393.3
20360,5090.0,2375.27,0.1,2393.3
20361,5090.25,2375.5,0.1,2393.29
20362,5090.5,2375.42,0.2,2393.29
20363,5090.75,2375.18,0.2,2393.29
20364,5091.0,2372.94,0.2,2393.29
20365,5091.25,2373.43,0.2,2393.28
20366,5091.5,2372.98,0.2,2393.28
20367,5091.75,2372.98,0.2,2393.28
20368,5092.0,2372.5,0.1,2393.28
20369,5092.25,2372.96,0.2,2393.28
20370,5092.5,2373.45,0.2,2393.27
20371,5092.75,2373.7,0.1,2393.27
20372,5093.0,2373.95,0.2,2393.27
20373,5093.25,2374.17,0.1,2393.27
20374,5093.5,2374.67,0.4,2393.26
20375,5093.75,2374.43,0.1,2393.26
20376,5094.0,2374.69,0.2,2393.26
20377,5094.25,2374.93,0.2,2393.26
20378,5094.5,2374.93,0.2,2393.26
20379,5094.75,2374.94,0.1,2393.25
20380,5095.0,2375.41,0.1,2393.25
20381,5095.25,2375.65,0.2,2393.25
20382,5095.5,2374.92,0.2,2393.25
20383,5095.75,2375.34,0.2,2393.24
20384,5096.0,2374.6,0.4,2393.24
20385,5096.25,2375.15,0.3,2393.24
20386,5096.5,2375.41,0.2,2393.24
20387,5096.75,2375.9,0.4,2393.23
20388,5097.0,2375.61,0.2,2393.23
20389,5097.25,2376.34,0.1,2393.23
20390,5097.5,2376.33,0.2,2393.23
20391,5097.75,2376.32,0.1,2393.23
20392,5098.0,2376.78,0.1,2393.22
20393,5098.25,2376.77,0.2,2393.22
20394,5098.5,2376.98,0.2,2393.22
20395,5098.75,2376.48,0.1,2393.22
20396,5099.0,2376.48,0.2,2393.21
20397,5099.25,2372.93,0.2,2393.21
20398,5099.5,2373.4,0.2,2393.21
20399,5099.75,2373.16,0.1,2393.21
20400,5100.0,2373.39,0.4,2393.2
20401,5100.25,2373.64,0.2,2393.2
20402,5100.5,2373.84,0.2,2393.2
20403,5100.75,2373.2,0.3,2393.2
20404,5101.0,2373.16,0.1,2393.2
20405,5101.25,2372.91,0.1,2393.19
20406,5101.5,2372.9,0.1,2393.19
20407,5101.75,2372.89,0.2,2393.19
20408,5102.0,2373.86,0.1,2393.19
20409,5102.25,2373.82,0.2,2393.18
20410,5102.5,2373.8,0.1,2393.18
20411,5102.75,2373.56,0.1,2393.18
20412,5103.0,2374.02,0.2,2393.18
20413,5103.25,2374.0,0.1,2393.17
20414,5103.5,2374.49,0.1,2393.17
20415,5103.75,2374.73,0.2,2393.17
20416,5104.0,2375.18,0.2,2393.17
20417,5104.25,2375.41,0.1,2393.17
20418,5104.5,2375.4,0.2,2393.16
20419,5104.75,2375.84,0.2,2393.16
20420,5105.0,2376.33,0.1,2393.16
20421,5105.25,2376.59,0.2,2393.16
20422,5105.5,2376.58,0.2,2393.15
20423,5105.75,2375.89,0.4,2393.15
20424,5106.0,2375.89,0.2,2393.15
20425,5106.25,2375.65,0.1,2393.15
20426,5106.5,2375.64,0.2,2393.15
20427,5106.75,2375.64,0.4,2393.14
20428,5107.0,2375.87,0.3,2393.14
20429,5107.25,2375.63,0.2,2393.14
20430,5107.5,2375.88,0.2,2393.14
20431,5107.75,2375.63,0.2,2393.13
20432,5108.0,2375.88,0.2,2393.13
20433,5108.25,2375.89,0.1,2393.13
20434,5108.5,2376.15,0.1,2393.13
20435,5108.75,2375.89,0.2,2393.12
20436,5109.0,2376.13,0.2,2393.12
20437,5109.25,2376.59,0.2,2393.12
20438,5109.5,2376.34,0.2,2393.12
20439,5109.75,2374.28,0.2,2393.12
20440,5110.0,2374.77,0.2,2393.11
20441,5110.25,2374.78,0.2,2393.11
20442,5110.5,2374.78,0.1,2393.11
20443,5110.75,2374.38,0.1,2393.11
20444,5111.0,2374.62,0.2,2393.1
20445,5111.25,2373.57,0.2,2393.1
20446,5111.5,2373.57,0.1,2393.1
20447,5111.75,2374.03,0.1,2393.1
20448,5112.0,2374.28,0.2,2393.09
20449,5112.25,2374.77,0.3,2393.09
20450,5112.5,2374.37,0.1,2393.09
20451,5112.75,2374.38,0.2,2393.09
20452,5113.0,2374.61,0.1,2393.09
20453,5113.25,2374.62,0.1,2393.08
20454,5113.5,2374.36,0.1,2393.08
20455,5113.75,2374.61,0.2,2393.08
20456,5114.0,2374.83,0.2,2393.08
20457,5114.25,2373.36,0.2,2393.07
20458,5114.5,2373.6,0.3,2393.07
20459,5114.75,2373.61,0.1,2393.07
20460,5115.0,2374.1,0.2,2393.07
20461,5115.25,2374.09,0.2,2393.06
20462,5115.5,2374.08,0.2,2393.06
20463,5115.75,2373.92,0.2,2393.06
20464,5116.0,2372.97,0.2,2393.06
20465,5116.25,2373.48,0.1,2393.06
20466,5116.5,2374.19,0.2,2393.05
20467,5116.75,2374.43,0.2,2393.05
20468,5117.0,2375.17,0.2,2393.05
20469,5117.25,2373.75,0.2,2393.05
20470,5117.5,2373.51,0.2,2393.04
20471,5117.75,2373.5,0.2,2393.04
20472,5118.0,2373.75,0.1,2393.04
20473,5118.25,2374.02,0.2,2393.04
20474,5118.5,2372.73,0.2,2393.04
20475,5118.75,2373.23,0.1,2393.03
20476,5119.0,2373.0,0.2,2393.03
20477,5119.25,2373.24,0.2,2393.03
20478,5119.5,2373.5,0.2,2393.03
20479,5119.75,2373.25,0.1,2393.02
20480,5120.0,2373.24,0.1,2393.02
20481,5120.25,2373.25,0.2,2393.02
20482,5120.5,2373.98,0.2,2393.02
20483,5120.75,2372.93,0.2,2393.01
20484,5121.0,2372.68,0.2,2393.01
20485,5121.25,2373.38,0.1,2393.01
20486,5121.5,2373.13,0.2,2393.01
20487,5121.75,2373.36,0.1,2393.01
20488,5122.0,2373.61,0.1,2393.0
20489,5122.25,2373.84,0.2,2393.0
20490,5122.5,2374.08,0.1,2393.0
20491,5122.75,2373.58,0.2,2393.0
20492,5123.0,2373.82,0.2,2392.99
20493,5123.25,2374.05,0.1,2392.99
20494,5123.5,2374.54,0.2,2392.99
20495,5123.75,2374.76,0.3,2392.99
20496,5124.0,2374.99,0.2,2392.98
20497,5124.25,2374.74,0.2,2392.98
20498,5124.5,2374.74,0.2,2392.98
20499,5124.75,2374.48,0.2,2392.98
20500,5125.0,2374.48,0.2,2392.98
20501,5125.25,2374.46,0.3,2392.97
20502,5125.5,2374.21,0.2,2392.97
20503,5125.75,2373.45,0.5,2392.97
20504,5126.0,2373.69,0.2,2392.97
20505,5126.25,2373.66,0.2,2392.96
20506,5126.5,2374.39,0.3,2392.96
20507,5126.75,2374.63,0.2,2392.96
20508,5127.0,2374.38,0.1,2392.96
20509,5127.25,2374.61,0.2,2392.96
20510,5127.5,2374.86,0.1,2392.95
20511,5127.75,2375.31,0.2,2392.95
20512,5128.0,2375.3,0.1,2392.95
20513,5128.25,2375.54,0.3,2392.95
20514,5128.5,2375.54,0.1,2392.94
20515,5128.75,2375.51,0.1,2392.94
20516,5129.0,2375.76,0.2,2392.94
20517,5129.25,2375.51,0.1,2392.94
20518,5129.5,2375.76,0.2,2392.93
20519,5129.75,2375.77,0.2,2392.93
20520,5130.0,2375.77,0.1,2392.93
20521,5130.25,2376.48,0.2,2392.93
20522,5130.5,2376.74,0.2,2392.93
20523,5130.75,2376.07,0.3,2392.92
20524,5131.0,2376.32,0.1,2392.92
20525,5131.25,2377.28,0.2,2392.92
20526,5131.5,2374.87,0.3,2392.92
20527,5131.75,2374.88,0.2,2392.91
20528,5132.0,2374.88,0.2,2392.91
20529,5132.25,2375.37,0.1,2392.91
20530,5132.5,2375.12,0.2,2392.91
20531,5132.75,2374.88,0.1,2392.9
20532,5133.0,2374.86,0.2,2392.9
20533,5133.25,2374.87,0.2,2392.9
20534,5133.5,2375.09,0.2,2392.9
20535,5133.75,2375.51,0.2,2392.9
20536,5134.0,2376.0,0.2,2392.89
20537,5134.25,2375.75,0.1,2392.89
20538,5134.5,2376.0,0.2,2392.89
20539,5134.75,2374.22,0.2,2392.89
20540,5135.0,2374.47,0.1,2392.88
20541,5135.25,2374.93,0.2,2392.88
20542,5135.5,2374.92,0.2,2392.88
20543,5135.75,2374.91,0.2,2392.88
20544,5136.0,2375.38,0.1,2392.87
20545,5136.25,2375.37,0.2,2392.87
20546,5136.5,2375.06,0.2,2392.87
20547,5136.75,2375.05,0.2,2392.87
20548,5137.0,2374.82,0.2,2392.87
20549,5137.25,2375.55,0.2,2392.86
20550,5137.5,2375.32,0.1,2392.86
20551,5137.75,2375.57,0.1,2392.86
20552,5138.0,2375.8,0.2,2392.86
20553,5138.25,2375.8,0.1,2392.85
20554,5138.5,2376.06,0.2,2392.85
20555,5138.75,2376.54,0.1,2392.85
20556,5139.0,2376.3,0.2,2392.85
20557,5139.25,2376.31,0.2,2392.85
20558,5139.5,2376.31,0.2,2392.84
20559,5139.75,2375.84,0.1,2392.84
20560,5140.0,2376.09,0.3,2392.84
20561,5140.25,2376.08,0.1,2392.84
20562,5140.5,2375.86,0.1,2392.83
20563,5140.75,2376.4,0.2,2392.83
20564,5141.0,2376.18,0.2,2392.83
20565,5141.25,2376.54,0.1,2392.83
20566,5141.5,2376.04,0.2,2392.82
20567,5141.75,2375.8,0.1,2392.82
20568,5142.0,2375.8,0.2,2392.82
20569,5142.25,2375.8,0.2,2392.82
20570,5142.5,2375.8,0.2,2392.82
20571,5142.75,2375.8,0.1,2392.81
20572,5143.0,2376.22,0.3,2392.81
20573,5143.25,2376.47,0.1,2392.81
20574,5143.5,2376.0,0.2,2392.81
20575,5143.75,2375.75,0.1,2392.8
20576,5144.0,2375.87,0.2,2392.8
20577,5144.25,2375.84,0.2,2392.8
20578,5144.5,2375.58,0.2,2392.8
20579,5144.75,2375.83,0.1,2392.79
20580,5145.0,2376.32,0.2,2392.79
20581,5145.25,2375.83,0.3,2392.79
20582,5145.5,2376.32,0.1,2392.79
20583,5145.75,2375.59,0.4,2392.79
20584,5146.0,2375.55,0.2,2392.78
20585,5146.25,2375.56,0.2,2392.78
20586,5146.5,2375.8,0.2,2392.78
20587,5146.75,2376.05,0.1,2392.78
20588,5147.0,2375.32,0.2,2392.77
20589,5147.25,2375.56,0.1,2392.77
20590,5147.5,2375.8,0.2,2392.77
20591,5147.75,2376.02,0.2,2392.77
20592,5148.0,2374.35,0.1,2392.76
20593,5148.25,2374.36,0.1,2392.76
20594,5148.5,2374.88,0.2,2392.76
20595,5148.75,2374.86,0.1,2392.76
20596,5149.0,2374.84,0.3,2392.76
20597,5149.25,2375.08,0.1,2392.75
20598,5149.5,2375.34,0.1,2392.75
20599,5149.75,2375.57,0.2,2392.75
20600,5150.0,2375.54,0.2,2392.75
20601,5150.25,2375.53,0.2,2392.74
20602,5150.5,2376.02,0.1,2392.74
20603,5150.75,2374.51,0.2,2392.74
20604,5151.0,2374.75,0.1,2392.74
20605,5151.25,2374.25,0.1,2392.74
20606,5151.5,2372.72,0.2,2392.73
20607,5151.75,2373.21,0.1,2392.73
20608,5152.0,2373.2,0.1,2392.73
20609,5152.25,2373.52,0.1,2392.73
20610,5152.5,2373.29,0.2,2392.72
20611,5152.75,2373.54,0.2,2392.72
20612,5153.0,2373.78,0.5,2392.72
20613,5153.25,2374.02,0.1,2392.72
20614,5153.5,2373.78,0.2,2392.71
20615,5153.75,2374.28,0.2,2392.71
20616,5154.0,2374.52,0.1,2392.71
20617,5154.25,2374.76,0.1,2392.71
20618,5154.5,2374.76,0.1,2392.71
20619,5154.75,2375.24,0.2,2392.7
20620,5155.0,2375.21,0.2,2392.7
20621,5155.25,2375.68,0.2,2392.7
20622,5155.5,2375.38,0.3,2392.7
20623,5155.75,2375.62,0.2,2392.69
20624,5156.0,2374.4,0.8,2392.69
20625,5156.25,2374.63,1.2,2392.69
20626,5156.5,2375.02,0.4,2392.69
20627,5156.75,2375.96,0.2,2392.68
20628,5157.0,2376.2,0.2,2392.68
20629,5157.25,2376.69,0.2,2392.68
20630,5157.5,2376.67,0.2,2392.68
20631,5157.75,2376.91,0.2,2392.68
20632,5158.0,2377.64,0.2,2392.67
20633,5158.25,2377.88,0.2,2392.67
20634,5158.5,2377.87,0.1,2392.67
20635,5158.75,2378.11,0.2,2392.67
20636,5159.0,2377.61,0.1,2392.66
20637,5159.25,2378.07,0.2,2392.66
20638,5159.5,2378.55,0.2,2392.66
20639,5159.75,2378.54,0.1,2392.66
20640,5160.0,2378.3,0.2,2392.66
20641,5160.25,2378.48,0.1,2392.65
20642,5160.5,2378.2,0.1,2392.65
20643,5160.75,2378.66,0.2,2392.65
20644,5161.0,2378.65,0.2,2392.65
20645,5161.25,2375.66,0.2,2392.64
20646,5161.5,2375.91,0.1,2392.64
20647,5161.75,2376.61,0.1,2392.64
20648,5162.0,2376.84,0.2,2392.64
20649,5162.25,2376.83,0.1,2392.63
20650,5162.5,2377.32,0.1,2392.63
20651,5162.75,2377.56,0.2,2392.63
20652,5163.0,2377.56,0.2,2392.63
20653,5163.25,2378.29,0.2,2392.63
20654,5163.5,2379.85,0.2,2392.62
20655,5163.75,2380.32,0.2,2392.62
20656,5164.0,2380.53,0.2,2392.62
20657,5164.25,2380.29,0.2,2392.62
20658,5164.5,2380.77,0.2,2392.61
20659,5164.75,2380.78,0.3,2392.61
20660,5165.0,2381.02,0.2,2392.61
20661,5165.25,2381.26,0.2,2392.61
20662,5165.5,2380.22,0.2,2392.6
20663,5165.75,2380.21,0.1,2392.6
20664,5166.0,2380.45,0.2,2392.6
20665,5166.25,2380.93,0.1,2392.6
20666,5166.5,2380.93,0.1,2392.6
20667,5166.75,2380.92,0.1,2392.59
20668,5167.0,2380.89,0.2,2392.59
20669,5167.25,2381.37,0.1,2392.59
20670,5167.5,2381.86,0.2,2392.59
20671,5167.75,2381.86,0.3,2392.58
20672,5168.0,2381.12,0.1,2392.58
20673,5168.25,2381.42,0.1,2392.58
20674,5168.5,2381.42,0.2,2392.58
20675,5168.75,2381.4,0.2,2392.57
20676,5169.0,2381.16,0.1,2392.57
20677,5169.25,2381.36,0.2,2392.57
20678,5169.5,2381.35,0.1,2392.57
20679,5169.75,2381.34,0.2,2392.57
20680,5170.0,2381.8,0.1,2392.56
20681,5170.25,2381.81,0.2,2392.56
20682,5170.5,2379.43,0.2,2392.56
20683,5170.75,2379.66,0.1,2392.56
20684,5171.0,2378.59,0.2,2392.55
20685,5171.25,2378.11,0.2,2392.55
20686,5171.5,2378.37,0.2,2392.55
20687,5171.75,2378.61,0.2,2392.55
20688,5172.0,2378.86,0.1,2392.55
20689,5172.25,2378.84,0.2,2392.54
20690,5172.5,2378.59,0.2,2392.54
20691,5172.75,2379.29,0.1,2392.54
20692,5173.0,2379.04,0.2,2392.54
20693,5173.25,2379.03,0.2,2392.53
20694,5173.5,2379.03,0.2,2392.53
20695,5173.75,2379.26,0.1,2392.53
20696,5174.0,2379.26,0.2,2392.53
20697,5174.25,2379.25,0.2,2392.52
20698,5174.5,2379.23,0.2,2392.52
20699,5174.75,2379.48,0.2,2392.52
20700,5175.0,2379.71,0.1,2392.52
20701,5175.25,2378.69,0.2,2392.52
20702,5175.5,2377.79,0.2,2392.51
20703,5175.75,2378.26,0.2,2392.51
20704,5176.0,2378.51,0.2,2392.51
20705,5176.25,2378.46,0.2,2392.51
20706,5176.5,2378.45,0.1,2392.5
20707,5176.75,2378.69,0.2,2392.5
20708,5177.0,2378.68,0.2,2392.5
20709,5177.25,2379.17,0.1,2392.5
20710,5177.5,2378.92,0.2,2392.49
20711,5177.75,2379.15,0.2,2392.49
20712,5178.0,2379.13,0.1,2392.49
20713,5178.25,2379.1,0.1,2392.49
20714,5178.5,2379.48,0.2,2392.49
20715,5178.75,2379.72,0.2,2392.48
20716,5179.0,2379.96,0.1,2392.48
20717,5179.25,2379.96,0.1,2392.48
20718,5179.5,2379.71,0.2,2392.48
20719,5179.75,2379.7,0.1,2392.47
20720,5180.0,2379.69,0.1,2392.47
20721,5180.25,2379.7,0.1,2392.47
20722,5180.5,2378.86,0.2,2392.47
20723,5180.75,2379.34,0.2,2392.46
20724,5181.0,2379.59,0.1,2392.46
20725,5181.25,2379.34,0.2,2392.46
20726,5181.5,2379.82,0.1,2392.46
20727,5181.75,2378.82,0.1,2392.46
20728,5182.0,2379.52,0.1,2392.45
20729,5182.25,2379.03,0.1,2392.45
20730,5182.5,2379.25,0.2,2392.45
20731,5182.75,2379.49,0.1,2392.45
20732,5183.0,2379.47,0.2,2392.44
20733,5183.25,2378.97,0.2,2392.44
20734,5183.5,2379.21,0.1,2392.44
20735,5183.75,2378.93,0.2,2392.44
20736,5184.0,2378.92,0.1,2392.44
20737,5184.25,2377.38,0.2,2392.43
20738,5184.5,2377.62,0.2,2392.43
20739,5184.75,2377.38,0.1,2392.43
20740,5185.0,2377.13,0.2,2392.43
20741,5185.25,2377.84,0.1,2392.42
20742,5185.5,2376.61,0.2,2392.42
20743,5185.75,2376.84,0.2,2392.42
20744,5186.0,2377.33,0.2,2392.42
20745,5186.25,2376.6,0.3,2392.41
20746,5186.5,2377.09,0.2,2392.41
20747,5186.75,2377.33,0.2,2392.41
20748,5187.0,2375.41,0.2,2392.41
20749,5187.25,2375.65,0.1,2392.41
20750,5187.5,2376.14,0.2,2392.4
20751,5187.75,2376.14,0.2,2392.4
20752,5188.0,2376.12,0.2,2392.4
20753,5188.25,2376.12,0.2,2392.4
20754,5188.5,2376.12,0.2,2392.39
20755,5188.75,2376.61,0.2,2392.39
20756,5189.0,2376.12,0.1,2392.39
20757,5189.25,2376.37,0.2,2392.39
20758,5189.5,2376.12,0.1,2392.38
20759,5189.75,2376.61,0.2,2392.38
20760,5190.0,2376.59,0.1,2392.38
20761,5190.25,2376.59,0.2,2392.38
20762,5190.5,2375.83,0.3,2392.38
20763,5190.75,2375.57,0.1,2392.37
20764,5191.0,2376.29,0.3,2392.37
20765,5191.25,2376.28,0.1,2392.37
20766,5191.5,2375.79,0.2,2392.37
20767,5191.75,2375.77,0.1,2392.36
20768,5192.0,2376.02,0.1,2392.36
20769,5192.25,2376.26,0.2,2392.36
20770,5192.5,2376.49,0.2,2392.36
20771,5192.75,2376.73,0.2,2392.35
20772,5193.0,2376.73,0.2,2392.35
20773,5193.25,2376.79,0.3,2392.35
20774,5193.5,2376.78,0.2,2392.35
20775,5193.75,2377.02,0.2,2392.35
20776,5194.0,2377.24,0.2,2392.34
20777,5194.25,2377.23,0.1,2392.34
20778,5194.5,2377.22,0.2,2392.34
20779,5194.75,2377.46,0.2,2392.34
20780,5195.0,2377.21,0.2,2392.33
20781,5195.25,2377.45,0.2,2392.33
20782,5195.5,2376.63,0.3,2392.33
20783,5195.75,2376.88,0.1,2392.33
20784,5196.0,2377.11,0.1,2392.33
20785,5196.25,2377.35,0.2,2392.32
20786,5196.5,2376.85,0.1,2392.32
20787,5196.75,2377.09,0.2,2392.32
20788,5197.0,2377.08,0.1,2392.32
20789,5197.25,2376.84,0.1,2392.31
20790,5197.5,2377.54,0.3,2392.31
20791,5197.75,2377.53,0.1,2392.31
20792,5198.0,2377.52,0.2,2392.31
20793,5198.25,2377.27,0.2,2392.3
20794,5198.5,2377.26,0.2,2392.3
20795,5198.75,2377.25,0.2,2392.3
20796,5199.0,2377.44,0.2,2392.3
20797,5199.25,2377.93,0.1,2392.3
20798,5199.5,2377.92,0.1,2392.29
20799,5199.75,2377.68,0.1,2392.29
20800,5200.0,2377.91,0.2,2392.29
20801,5200.25,2378.16,0.2,2392.29
20802,5200.5,2376.91,0.2,2392.28
20803,5200.75,2377.4,0.1,2392.28
20804,5201.0,2377.66,0.1,2392.28
20805,5201.25,2377.9,0.1,2392.28
20806,5201.5,2378.39,0.1,2392.27
20807,5201.75,2378.39,0.2,2392.27
20808,5202.0,2377.66,0.2,2392.27
20809,5202.25,2377.91,0.1,2392.27
20810,5202.5,2378.61,0.3,2392.27
20811,5202.75,2377.11,0.1,2392.26
20812,5203.0,2377.11,0.2,2392.26
20813,5203.25,2376.85,0.3,2392.26
20814,5203.5,2376.85,0.1,2392.26
20815,5203.75,2375.33,0.2,2392.25
20816,5204.0,2375.33,0.1,2392.25
20817,5204.25,2375.32,0.2,2392.25
20818,5204.5,2375.55,0.1,2392.25
20819,5204.75,2375.55,0.1,2392.25
20820,5205.0,2375.79,0.4,2392.24
20821,5205.25,2375.78,0.2,2392.24
20822,5205.5,2374.57,0.3,2392.24
20823,5205.75,2374.8,0.1,2392.24
20824,5206.0,2374.8,0.2,2392.23
20825,5206.25,2375.03,0.2,2392.23
20826,5206.5,2375.04,0.1,2392.23
20827,5206.75,2375.48,0.2,2392.23
20828,5207.0,2375.71,0.2,2392.22
20829,5207.25,2375.95,0.1,2392.22
20830,5207.5,2376.2,0.3,2392.22
20831,5207.75,2376.44,0.2,2392.22
20832,5208.0,2376.44,0.2,2392.22
20833,5208.25,2377.46,0.1,2392.21
20834,5208.5,2377.96,0.1,2392.21
20835,5208.75,2376.68,0.2,2392.21
20836,5209.0,2376.68,0.3,2392.21
20837,5209.25,2376.93,0.3,2392.2
20838,5209.5,2377.39,0.2,2392.2
20839,5209.75,2377.88,0.1,2392.2
20840,5210.0,2378.12,0.2,2392.2
20841,5210.25,2379.85,0.2,2392.19
20842,5210.5,2379.36,0.2,2392.19
20843,5210.75,2379.6,0.2,2392.19
20844,5211.0,2380.09,0.2,2392.19
20845,5211.25,2379.84,0.2,2392.19
20846,5211.5,2379.85,0.1,2392.18
20847,5211.75,2379.59,0.1,2392.18
20848,5212.0,2379.82,0.1,2392.18
20849,5212.25,2380.07,0.1,2392.18
20850,5212.5,2380.55,0.1,2392.17
20851,5212.75,2379.81,0.2,2392.17
20852,5213.0,2379.32,0.2,2392.17
20853,5213.25,2377.81,0.1,2392.17
20854,5213.5,2378.31,0.1,2392.16
20855,5213.75,2376.79,0.2,2392.16
20856,5214.0,2376.78,0.1,2392.16
20857,5214.25,2377.01,0.2,2392.16
20858,5214.5,2377.23,0.1,2392.16
20859,5214.75,2377.23,0.2,2392.15
20860,5215.0,2376.98,0.1,2392.15
20861,5215.25,2376.66,0.2,2392.15
20862,5215.5,2376.46,0.2,2392.15
20863,5215.75,2377.36,0.2,2392.14
20864,5216.0,2373.91,0.2,2392.14
20865,5216.25,2373.89,0.4,2392.14
20866,5216.5,2373.89,0.1,2392.14
20867,5216.75,2374.14,0.2,2392.14
20868,5217.0,2374.37,0.1,2392.13
20869,5217.25,2374.36,0.1,2392.13
20870,5217.5,2374.61,0.2,2392.13
20871,5217.75,2375.09,0.1,2392.13
20872,5218.0,2375.05,0.2,2392.12
20873,5218.25,2375.05,0.2,2392.12
20874,5218.5,2374.8,0.2,2392.12
20875,5218.75,2375.04,0.1,2392.12
20876,5219.0,2374.78,0.1,2392.11
20877,5219.25,2374.77,0.2,2392.11
20878,5219.5,2374.76,0.1,2392.11
20879,5219.75,2374.51,0.2,2392.11
20880,5220.0,2374.51,0.1,2392.11
20881,5220.25,2374.45,0.2,2392.1
20882,5220.5,2374.2,0.2,2392.1
20883,5220.75,2374.65,0.1,2392.1
20884,5221.0,2375.11,0.1,2392.1
20885,5221.25,2375.59,0.1,2392.09
20886,5221.5,2375.11,0.2,2392.09
20887,5221.75,2375.6,0.2,2392.09
20888,5222.0,2375.34,0.2,2392.09
20889,5222.25,2374.31,0.2,2392.08
20890,5222.5,2374.3,0.1,2392.08
20891,5222.75,2373.27,0.2,2392.08
20892,5223.0,2373.0,0.2,2392.08
20893,5223.25,2372.95,0.3,2392.08
20894,5223.5,2373.44,0.1,2392.07
20895,5223.75,2373.82,0.1,2392.07
20896,5224.0,2374.06,0.1,2392.07
20897,5224.25,2374.29,0.2,2392.07
20898,5224.5,2374.53,0.1,2392.06
20899,5224.75,2374.04,0.2,2392.06
20900,5225.0,2371.45,0.1,2392.06
20901,5225.25,2370.73,0.2,2392.06
20902,5225.5,2371.43,0.2,2392.05
20903,5225.75,2371.91,0.1,2392.05
20904,5226.0,2372.15,0.2,2392.05
20905,5226.25,2372.36,0.1,2392.05
20906,5226.5,2372.6,0.2,2392.05
20907,5226.75,2372.59,0.1,2392.04
20908,5227.0,2372.82,0.3,2392.04
20909,5227.25,2373.3,0.1,2392.04
20910,5227.5,2371.63,0.2,2392.04
20911,5227.75,2371.87,0.2,2392.03
20912,5228.0,2372.49,0.2,2392.03
20913,5228.25,2372.72,0.2,2392.03
20914,5228.5,2372.47,0.2,2392.03
20915,5228.75,2372.71,0.2,2392.03
20916,5229.0,2372.95,0.1,2392.02
20917,5229.25,2372.94,0.1,2392.02
20918,5229.5,2373.42,0.2,2392.02
20919,5229.75,2373.42,0.1,2392.02
20920,5230.0,2374.12,0.3,2392.01
20921,5230.25,2373.38,0.2,2392.01
20922,5230.5,2373.12,0.2,2392.01
20923,5230.75,2373.85,0.1,2392.01
20924,5231.0,2374.34,0.1,2392.0
20925,5231.25,2372.92,0.1,2392.0
20926,5231.5,2372.69,0.2,2392.0
20927,5231.75,2373.16,0.1,2392.0
20928,5232.0,2373.41,0.2,2392.0
20929,5232.25,2373.42,0.1,2391.99
20930,5232.5,2372.24,0.2,2391.99
20931,5232.75,2372.25,0.1,2391.99
20932,5233.0,2372.02,0.1,2391.99
20933,5233.25,2372.51,0.2,2391.98
20934,5233.5,2372.77,0.2,2391.98
20935,5233.75,2373.23,0.1,2391.98
20936,5234.0,2373.24,0.2,2391.98
20937,5234.25,2373.49,0.1,2391.97
20938,5234.5,2373.5,0.3,2391.97
20939,5234.75,2373.51,0.1,2391.97
20940,5235.0,2373.75,0.2,2391.97
20941,5235.25,2372.71,0.4,2391.97
20942,5235.5,2373.43,0.1,2391.96
20943,5235.75,2373.43,0.2,2391.96
20944,5236.0,2373.93,0.2,2391.96
20945,5236.25,2373.93,0.1,2391.96
20946,5236.5,2374.42,0.2,2391.95
20947,5236.75,2374.43,0.2,2391.95
20948,5237.0,2374.68,0.1,2391.95
20949,5237.25,2374.94,0.2,2391.95
20950,5237.5,2375.4,0.2,2391.95
20951,5237.75,2375.41,0.2,2391.94
20952,5238.0,2375.66,0.3,2391.94
20953,5238.25,2374.85,0.3,2391.94
20954,5238.5,2373.64,0.2,2391.94
20955,5238.75,2373.71,0.2,2391.93
20956,5239.0,2373.93,0.2,2391.93
20957,5239.25,2373.69,0.2,2391.93
20958,5239.5,2373.92,0.1,2391.93
20959,5239.75,2373.43,0.2,2391.92
20960,5240.0,2374.12,0.2,2391.92
20961,5240.25,2374.85,0.2,2391.92
20962,5240.5,2375.34,0.1,2391.92
20963,5240.75,2374.83,0.2,2391.92
20964,5241.0,2375.32,0.1,2391.91
20965,5241.25,2375.28,0.2,2391.91
20966,5241.5,2375.28,0.1,2391.91
20967,5241.75,2374.75,0.2,2391.91
20968,5242.0,2374.99,0.2,2391.9
20969,5242.25,2374.74,0.2,2391.9
20970,5242.5,2374.24,0.2,2391.9
20971,5242.75,2374.23,0.2,2391.9
20972,5243.0,2374.22,0.2,2391.89
20973,5243.25,2373.97,0.2,2391.89
20974,5243.5,2373.71,0.2,2391.89
20975,5243.75,2373.93,0.1,2391.89
20976,5244.0,2374.16,0.1,2391.89
20977,5244.25,2374.16,0.1,2391.88
20978,5244.5,2374.39,0.1,2391.88
20979,5244.75,2374.39,0.2,2391.88
20980,5245.0,2374.38,0.2,2391.88
20981,5245.25,2372.9,0.3,2391.87
20982,5245.5,2372.4,0.2,2391.87
20983,5245.75,2372.64,0.2,2391.87
20984,5246.0,2372.63,0.5,2391.87
20985,5246.25,2373.09,0.2,2391.86
20986,5246.5,2373.26,0.1,2391.86
20987,5246.75,2373.26,0.2,2391.86
20988,5247.0,2373.49,0.1,2391.86
20989,5247.25,2373.21,0.1,2391.86
20990,5247.5,2373.45,0.1,2391.85
20991,5247.75,2374.18,0.2,2391.85
20992,5248.0,2373.93,0.2,2391.85
20993,5248.25,2373.68,0.1,2391.85
20994,5248.5,2373.91,0.2,2391.84
20995,5248.75,2374.61,0.2,2391.84
20996,5249.0,2374.38,0.1,2391.84
20997,5249.25,2374.35,0.1,2391.84
20998,5249.5,2374.58,0.1,2391.84
20999,5249.75,2374.57,0.2,2391.83
21000,5250.0,2374.81,0.2,2391.83
21001,5250.25,2373.71,0.3,2391.83
21002,5250.5,2373.94,0.1,2391.83
21003,5250.75,2374.18,0.2,2391.82
21004,5251.0,2373.93,0.1,2391.82
21005,5251.25,2374.41,0.1,2391.82
21006,5251.5,2374.15,0.2,2391.82
21007,5251.75,2374.64,0.1,2391.81
21008,5252.0,2373.13,0.2,2391.81
21009,5252.25,2372.88,0.1,2391.81
21010,5252.5,2373.35,0.2,2391.81
21011,5252.75,2373.36,0.1,2391.81
21012,5253.0,2374.34,0.2,2391.8
21013,5253.25,2374.83,0.2,2391.8
21014,5253.5,2375.06,0.1,2391.8
21015,5253.75,2375.3,0.1,2391.8
21016,5254.0,2375.3,0.2,2391.79
21017,5254.25,2373.76,0.2,2391.79
21018,5254.5,2373.75,0.2,2391.79
21019,5254.75,2374.0,0.2,2391.79
21020,5255.0,2374.73,0.1,2391.78
21021,5255.25,2373.35,0.2,2391.78
21022,5255.5,2373.6,0.2,2391.78
21023,5255.75,2373.37,0.2,2391.78
21024,5256.0,2372.44,0.1,2391.78
21025,5256.25,2373.14,0.2,2391.77
21026,5256.5,2373.15,0.1,2391.77
21027,5256.75,2373.16,0.1,2391.77
21028,5257.0,2371.95,0.2,2391.77
21029,5257.25,2372.45,0.1,2391.76
21030,5257.5,2372.2,0.3,2391.76
21031,5257.75,2371.96,0.1,2391.76
21032,5258.0,2371.96,0.1,2391.76
21033,5258.25,2372.46,0.4,2391.75
21034,5258.5,2372.71,0.1,2391.75
21035,5258.75,2373.2,0.2,2391.75
21036,5259.0,2372.95,0.1,2391.75
21037,5259.25,2373.2,0.3,2391.75
21038,5259.5,2373.94,0.1,2391.74
21039,5259.75,2373.94,0.2,2391.74
21040,5260.0,2373.94,0.2,2391.74
21041,5260.25,2373.54,0.3,2391.74
21042,5260.5,2374.05,0.2,2391.73
21043,5260.75,2374.29,0.2,2391.73
21044,5261.0,2374.76,0.2,2391.73
21045,5261.25,2374.52,0.2,2391.73
21046,5261.5,2374.51,0.1,2391.73
21047,5261.75,2374.76,0.1,2391.72
21048,5262.0,2374.52,0.1,2391.72
21049,5262.25,2374.29,0.2,2391.72
21050,5262.5,2374.53,0.2,2391.72
21051,5262.75,2374.77,0.2,2391.71
21052,5263.0,2375.21,0.1,2391.71
21053,5263.25,2375.44,0.2,2391.71
21054,5263.5,2375.44,0.1,2391.71
21055,5263.75,2375.44,0.1,2391.7
21056,5264.0,2375.43,0.0,2391.7
21057,5264.25,2375.39,0.2,2391.7
21058,5264.5,2375.39,0.1,2391.7
21059,5264.75,2375.88,0.2,2391.7
21060,5265.0,2374.7,0.2,2391.69
21061,5265.25,2372.98,0.2,2391.69
21062,5265.5,2373.44,0.2,2391.69
21063,5265.75,2373.43,0.1,2391.69
21064,5266.0,2373.42,0.2,2391.68
21065,5266.25,2373.66,0.1,2391.68
21066,5266.5,2374.39,0.2,2391.68
21067,5266.75,2374.39,0.2,2391.68
21068,5267.0,2374.1,0.1,2391.67
21069,5267.25,2372.59,0.2,2391.67
21070,5267.5,2372.57,0.2,2391.67
21071,5267.75,2372.57,0.2,2391.67
21072,5268.0,2373.18,0.1,2391.67
21073,5268.25,2372.68,0.3,2391.66
21074,5268.5,2372.67,0.2,2391.66
21075,5268.75,2373.15,0.2,2391.66
21076,5269.0,2373.64,0.1,2391.66
21077,5269.25,2373.88,0.2,2391.65
21078,5269.5,2374.36,0.2,2391.65
21079,5269.75,2374.33,0.2,2391.65
21080,5270.0,2374.08,0.1,2391.65
21081,5270.25,2373.83,0.4,2391.65
21082,5270.5,2374.29,0.2,2391.64
21083,5270.75,2374.52,0.2,2391.64
21084,5271.0,2374.98,0.1,2391.64
21085,5271.25,2374.74,0.2,2391.64
21086,5271.5,2374.98,0.2,2391.63
21087,5271.75,2375.45,0.1,2391.63
21088,5272.0,2375.69,0.3,2391.63
21089,5272.25,2376.18,0.1,2391.63
21090,5272.5,2376.18,0.3,2391.62
21091,5272.75,2375.93,0.2,2391.62
21092,5273.0,2375.93,0.1,2391.62
21093,5273.25,2376.42,0.2,2391.62
21094,5273.5,2376.62,0.2,2391.62
21095,5273.75,2376.38,0.1,2391.61
21096,5274.0,2376.62,0.2,2391.61
21097,5274.25,2376.86,0.2,2391.61
21098,5274.5,2376.85,0.2,2391.61
21099,5274.75,2376.6,0.2,2391.6
21100,5275.0,2375.23,0.2,2391.6
21101,5275.25,2374.98,0.4,2391.6
21102,5275.5,2375.23,0.3,2391.6
21103,5275.75,2375.22,0.1,2391.59
21104,5276.0,2375.46,0.4,2391.59
21105,5276.25,2375.91,0.1,2391.59
21106,5276.5,2376.14,0.2,2391.59
21107,5276.75,2375.89,0.2,2391.59
21108,5277.0,2376.13,0.1,2391.58
21109,5277.25,2376.37,0.3,2391.58
21110,5277.5,2376.62,0.2,2391.58
21111,5277.75,2376.37,0.2,2391.58
21112,5278.0,2376.61,0.3,2391.57
21113,5278.25,2376.62,0.2,2391.57
21114,5278.5,2376.61,0.1,2391.57
21115,5278.75,2376.8,0.2,2391.57
21116,5279.0,2376.05,0.1,2391.56
21117,5279.25,2374.74,0.2,2391.56
21118,5279.5,2374.73,0.2,2391.56
21119,5279.75,2374.73,0.1,2391.56
21120,5280.0,2374.97,0.4,2391.56
21121,5280.25,2373.52,0.1,2391.55
21122,5280.5,2374.0,0.1,2391.55
21123,5280.75,2374.5,0.2,2391.55
21124,5281.0,2374.48,0.2,2391.55
21125,5281.25,2374.24,0.2,2391.54
21126,5281.5,2374.23,0.1,2391.54
21127,5281.75,2374.23,0.2,2391.54
21128,5282.0,2374.22,0.2,2391.54
21129,5282.25,2374.7,0.1,2391.54
21130,5282.5,2374.7,0.1,2391.53
21131,5282.75,2374.93,0.2,2391.53
21132,5283.0,2375.33,0.2,2391.53
21133,5283.25,2375.79,0.2,2391.53
21134,5283.5,2376.03,0.1,2391.52
21135,5283.75,2376.27,0.2,2391.52
21136,5284.0,2376.71,0.3,2391.52
21137,5284.25,2376.71,0.1,2391.52
21138,5284.5,2376.95,0.2,2391.51
21139,5284.75,2377.19,0.4,2391.51
21140,5285.0,2376.45,0.1,2391.51
21141,5285.25,2376.68,0.3,2391.51
21142,5285.5,2376.92,0.1,2391.51
21143,5285.75,2377.15,0.2,2391.5
21144,5286.0,2377.4,0.2,2391.5
21145,5286.25,2377.38,0.2,2391.5
21146,5286.5,2377.62,0.2,2391.5
21147,5286.75,2377.82,0.1,2391.49
21148,5287.0,2377.57,0.2,2391.49
21149,5287.25,2377.56,0.2,2391.49
21150,5287.5,2378.05,0.1,2391.49
21151,5287.75,2378.29,0.2,2391.48
21152,5288.0,2378.04,0.2,2391.48
21153,5288.25,2378.04,0.1,2391.48
21154,5288.5,2378.49,0.1,2391.48
21155,5288.75,2377.99,0.2,2391.48
21156,5289.0,2378.2,0.1,2391.47
21157,5289.25,2378.21,0.1,2391.47
21158,5289.5,2378.21,0.1,2391.47
21159,5289.75,2378.7,0.2,2391.47
21160,5290.0,2375.7,0.2,2391.46
21161,5290.25,2375.45,0.1,2391.46
21162,5290.5,2374.28,0.2,2391.46
21163,5290.75,2374.27,0.2,2391.46
21164,5291.0,2374.73,0.2,2391.45
21165,5291.25,2374.74,0.1,2391.45
21166,5291.5,2373.71,0.1,2391.45
21167,5291.75,2373.7,0.2,2391.45
21168,5292.0,2374.43,0.1,2391.45
21169,5292.25,2374.19,0.4,2391.44
21170,5292.5,2373.93,0.2,2391.44
21171,5292.75,2373.92,0.1,2391.44
21172,5293.0,2373.9,0.1,2391.44
21173,5293.25,2374.15,0.3,2391.43
21174,5293.5,2374.14,0.2,2391.43
21175,5293.75,2374.57,0.1,2391.43
21176,5294.0,2374.81,0.2,2391.43
21177,5294.25,2374.55,0.1,2391.43
21178,5294.5,2375.0,0.2,2391.42
21179,5294.75,2375.25,0.2,2391.42
21180,5295.0,2374.48,0.2,2391.42
21181,5295.25,2374.97,0.2,2391.42
21182,5295.5,2375.45,0.2,2391.41
21183,5295.75,2375.45,0.1,2391.41
21184,5296.0,2375.66,0.1,2391.41
21185,5296.25,2375.41,0.2,2391.41
21186,5296.5,2375.65,0.1,2391.4
21187,5296.75,2375.64,0.1,2391.4
21188,5297.0,2376.34,0.2,2391.4
21189,5297.25,2376.58,0.1,2391.4
21190,5297.5,2376.83,0.2,2391.4
21191,5297.75,2376.7,0.1,2391.39
21192,5298.0,2377.19,0.2,2391.39
21193,5298.25,2375.91,0.1,2391.39
21194,5298.5,2375.91,0.2,2391.39
21195,5298.75,2376.15,0.2,2391.38
21196,5299.0,2376.16,0.2,2391.38
21197,5299.25,2375.91,0.2,2391.38
21198,5299.5,2375.67,0.2,2391.38
21199,5299.75,2375.43,0.1,2391.37
21200,5300.0,2374.05,0.2,2391.37
21201,5300.25,2374.05,0.2,2391.37
21202,5300.5,2374.54,0.1,2391.37
21203,5300.75,2374.52,0.2,2391.37
21204,5301.0,2374.98,0.2,2391.36
21205,5301.25,2374.98,0.1,2391.36
21206,5301.5,2375.22,0.2,2391.36
21207,5301.75,2374.78,0.2,2391.36
21208,5302.0,2374.76,0.2,2391.35
21209,5302.25,2375.25,0.2,2391.35
21210,5302.5,2375.0,0.1,2391.35
21211,5302.75,2374.76,0.1,2391.35
21212,5303.0,2374.99,0.2,2391.35
21213,5303.25,2374.75,0.2,2391.34
21214,5303.5,2374.75,0.2,2391.34
21215,5303.75,2373.29,0.1,2391.34
21216,5304.0,2373.02,0.2,2391.34
21217,5304.25,2372.79,0.2,2391.33
21218,5304.5,2373.03,0.2,2391.33
21219,5304.75,2372.77,0.1,2391.33
21220,5305.0,2372.62,0.4,2391.33
21221,5305.25,2406.09,3.9,2391.32
21222,5305.5,2406.33,0.1,2391.32
21223,5305.75,2407.03,0.4,2391.32
21224,5306.0,2407.27,0.1,2391.32
21225,5306.25,2407.51,0.2,2391.32
21226,5306.5,2407.74,0.1,2391.31
21227,5306.75,2407.49,0.2,2391.31
21228,5307.0,2404.61,0.3,2391.31
21229,5307.25,2405.35,0.1,2391.31
21230,5307.5,2405.55,0.1,2391.3
21231,5307.75,2405.55,0.1,2391.3
21232,5308.0,2405.54,0.1,2391.3
21233,5308.25,2405.99,0.2,2391.3
21234,5308.5,2405.75,0.1,2391.29
21235,5308.75,2404.46,0.2,2391.29
21236,5309.0,2404.45,0.1,2391.29
21237,5309.25,2404.93,0.1,2391.29
21238,5309.5,2405.05,0.1,2391.29
21239,5309.75,2405.54,0.2,2391.28
21240,5310.0,2404.36,0.2,2391.28
21241,5310.25,2404.36,0.1,2391.28
21242,5310.5,2404.61,0.1,2391.28
21243,5310.75,2404.83,0.2,2391.27
21244,5311.0,2405.32,0.1,2391.27
21245,5311.25,2405.57,0.1,2391.27
21246,5311.5,2405.08,0.2,2391.27
21247,5311.75,2405.08,0.1,2391.26
21248,5312.0,2405.54,0.2,2391.26
21249,5312.25,2406.26,0.2,2391.26
21250,5312.5,2406.25,0.2,2391.26
21251,5312.75,2407.19,0.2,2391.26
21252,5313.0,2406.93,0.2,2391.25
21253,5313.25,2406.93,0.1,2391.25
21254,5313.5,2407.39,0.1,2391.25
21255,5313.75,2407.39,0.2,2391.25
21256,5314.0,2407.37,0.2,2391.24
21257,5314.25,2407.12,0.1,2391.24
21258,5314.5,2407.6,0.2,2391.24
21259,5314.75,2406.77,0.2,2391.24
21260,5315.0,2407.01,0.2,2391.24
21261,5315.25,2406.52,0.1,2391.23
21262,5315.5,2406.77,0.2,2391.23
21263,5315.75,2407.0,0.2,2391.23
21264,5316.0,2407.45,0.2,2391.23
21265,5316.25,2407.91,0.2,2391.22
21266,5316.5,2407.91,0.1,2391.22
21267,5316.75,2407.89,0.4,2391.22
21268,5317.0,2407.89,0.1,2391.22
21269,5317.25,2407.82,0.2,2391.21
21270,5317.5,2408.05,0.1,2391.21
21271,5317.75,2407.79,0.2,2391.21
21272,5318.0,2407.54,0.2,2391.21
21273,5318.25,2408.28,0.2,2391.21
21274,5318.5,2408.02,0.2,2391.2
21275,5318.75,2408.25,0.2,2391.2
21276,5319.0,2408.46,0.1,2391.2
21277,5319.25,2408.45,0.2,2391.2
21278,5319.5,2408.45,0.1,2391.19
21279,5319.75,2406.46,0.3,2391.19
21280,5320.0,2406.7,0.2,2391.19
21281,5320.25,2404.99,0.1,2391.19
21282,5320.5,2405.23,0.2,2391.18
21283,5320.75,2405.5,0.2,2391.18
21284,5321.0,2406.24,0.1,2391.18
21285,5321.25,2406.24,0.1,2391.18
21286,5321.5,2406.47,0.1,2391.18
21287,5321.75,2406.48,0.1,2391.17
21288,5322.0,2406.73,0.2,2391.17
21289,5322.25,2406.97,0.2,2391.17
21290,5322.5,2406.97,0.2,2391.17
21291,5322.75,2406.97,0.2,2391.16
21292,5323.0,2406.96,0.1,2391.16
21293,5323.25,2407.21,0.2,2391.16
21294,5323.5,2407.21,0.2,2391.16
21295,5323.75,2407.21,0.2,2391.15
21296,5324.0,2407.46,0.2,2391.15
21297,5324.25,2407.46,0.1,2391.15
21298,5324.5,2407.21,0.2,2391.15
21299,5324.75,2406.48,0.3,2391.15
21300,5325.0,2406.22,0.1,2391.14
21301,5325.25,2406.46,0.1,2391.14
21302,5325.5,2406.21,0.2,2391.14
21303,5325.75,2406.45,0.2,2391.14
21304,5326.0,2406.21,0.2,2391.13
21305,5326.25,2406.43,0.1,2391.13
21306,5326.5,2406.92,0.2,2391.13
21307,5326.75,2407.16,0.2,2391.13
21308,5327.0,2405.73,0.2,2391.13
21309,5327.25,2405.88,0.2,2391.12
21310,5327.5,2405.88,0.2,2391.12
21311,5327.75,2406.16,0.2,2391.12
21312,5328.0,2406.41,0.1,2391.12
21313,5328.25,2406.41,0.2,2391.11
21314,5328.5,2406.17,0.2,2391.11
21315,5328.75,2405.93,0.1,2391.11
21316,5329.0,2405.93,0.1,2391.11
21317,5329.25,2405.93,0.2,2391.1
21318,5329.5,2406.65,0.2,2391.1
21319,5329.75,2405.75,0.2,2391.1
21320,5330.0,2406.2,0.1,2391.1
21321,5330.25,2406.44,0.1,2391.1
21322,5330.5,2406.93,0.1,2391.09
21323,5330.75,2406.44,0.1,2391.09
21324,5331.0,2406.93,0.2,2391.09
21325,5331.25,2406.67,0.2,2391.09
21326,5331.5,2406.66,0.2,2391.08
21327,5331.75,2406.66,0.2,2391.08
21328,5332.0,2406.9,0.2,2391.08
21329,5332.25,2406.89,0.1,2391.08
21330,5332.5,2406.66,0.2,2391.07
21331,5332.75,2406.39,0.1,2391.07
21332,5333.0,2406.63,0.1,2391.07
21333,5333.25,2406.38,0.2,2391.07
21334,5333.5,2406.37,0.2,2391.07
21335,5333.75,2406.37,0.1,2391.06
21336,5334.0,2405.3,0.2,2391.06
21337,5334.25,2405.8,0.1,2391.06
21338,5334.5,2405.79,0.2,2391.06
21339,5334.75,2406.76,0.4,2391.05
21340,5335.0,2406.74,0.3,2391.05
21341,5335.25,2398.22,0.3,2391.05
21342,5335.5,2398.45,0.3,2391.05
21343,5335.75,2398.41,0.2,2391.05
21344,5336.0,2397.91,0.2,2391.04
21345,5336.25,2398.15,0.1,2391.04
21346,5336.5,2397.91,0.2,2391.04
21347,5336.75,2393.46,0.2,2391.04
21348,5337.0,2393.7,0.2,2391.03
21349,5337.25,2393.45,0.1,2391.03
21350,5337.5,2393.44,0.2,2391.03
21351,5337.75,2393.67,0.2,2391.03
21352,5338.0,2393.91,0.2,2391.02
21353,5338.25,2393.91,0.1,2391.02
21354,5338.5,2394.12,0.2,2391.02
21355,5338.75,2394.57,0.1,2391.02
21356,5339.0,2394.57,0.2,2391.02
21357,5339.25,2394.81,0.1,2391.01
21358,5339.5,2394.81,0.2,2391.01
21359,5339.75,2393.32,0.2,2391.01
21360,5340.0,2393.57,0.2,2391.01
21361,5340.25,2393.55,0.2,2391.0
21362,5340.5,2393.56,0.1,2391.0
21363,5340.75,2393.57,0.2,2391.0
21364,5341.0,2394.06,0.1,2391.0
21365,5341.25,2393.59,0.2,2390.99
21366,5341.5,2393.59,0.1,2390.99
21367,5341.75,2393.59,0.1,2390.99
21368,5342.0,2393.6,0.2,2390.99
21369,5342.25,2394.09,0.2,2390.99
21370,5342.5,2394.11,0.1,2390.98
21371,5342.75,2393.07,0.2,2390.98
21372,5343.0,2393.53,0.2,2390.98
21373,5343.25,2390.82,0.2,2390.98
21374,5343.5,2390.82,0.2,2390.97
21375,5343.75,2390.84,0.2,2390.97
21376,5344.0,2390.84,0.1,2390.97
21377,5344.25,2391.09,0.2,2390.97
21378,5344.5,2390.86,0.2,2390.96
21379,5344.75,2390.21,0.2,2390.96
21380,5345.0,2390.22,0.2,2390.96
21381,5345.25,2389.98,0.2,2390.96
21382,5345.5,2389.74,0.2,2390.96
21383,5345.75,2390.2,0.1,2390.95
21384,5346.0,2390.69,0.1,2390.95
21385,5346.25,2390.94,0.2,2390.95
21386,5346.5,2390.95,0.1,2390.95
21387,5346.75,2390.95,0.2,2390.94
21388,5347.0,2391.2,0.1,2390.94
21389,5347.25,2391.45,0.2,2390.94
21390,5347.5,2391.45,0.1,2390.94
21391,5347.75,2391.16,0.1,2390.94
21392,5348.0,2391.61,0.2,2390.93
21393,5348.25,2391.81,0.1,2390.93
21394,5348.5,2391.55,0.2,2390.93
21395,5348.75,2391.78,0.3,2390.93
21396,5349.0,2392.26,0.1,2390.92
21397,5349.25,2392.46,0.2,2390.92
21398,5349.5,2392.69,0.2,2390.92
21399,5349.75,2391.78,0.2,2390.92
21400,5350.0,2393.02,0.2,2390.91
21401,5350.25,2392.76,0.2,2390.91
21402,5350.5,2393.0,0.2,2390.91
21403,5350.75,2392.99,0.1,2390.91
21404,5351.0,2393.22,0.2,2390.91
21405,5351.25,2392.95,0.2,2390.9
21406,5351.5,2393.2,0.3,2390.9
21407,5351.75,2393.68,0.2,2390.9
21408,5352.0,2393.15,0.3,2390.9
21409,5352.25,2392.9,0.2,2390.89
21410,5352.5,2392.89,0.1,2390.89
21411,5352.75,2391.63,0.1,2390.89
21412,5353.0,2391.62,0.2,2390.89
21413,5353.25,2391.86,0.2,2390.88
21414,5353.5,2392.09,0.4,2390.88
21415,5353.75,2392.09,0.1,2390.88
21416,5354.0,2391.59,0.1,2390.88
21417,5354.25,2391.82,0.1,2390.88
21418,5354.5,2392.06,0.2,2390.87
21419,5354.75,2392.3,0.2,2390.87
21420,5355.0,2392.53,0.1,2390.87
21421,5355.25,2393.02,0.1,2390.87
21422,5355.5,2392.73,0.2,2390.86
21423,5355.75,2392.48,0.1,2390.86
21424,5356.0,2392.99,0.2,2390.86
21425,5356.25,2393.68,0.2,2390.86
21426,5356.5,2393.91,0.1,2390.85
21427,5356.75,2393.66,0.2,2390.85
21428,5357.0,2393.42,0.1,2390.85
21429,5357.25,2393.16,0.2,2390.85
21430,5357.5,2393.06,0.1,2390.85
21431,5357.75,2393.51,0.2,2390.84
21432,5358.0,2393.5,0.1,2390.84
21433,5358.25,2393.49,0.2,2390.84
21434,5358.5,2393.49,0.2,2390.84
21435,5358.75,2392.36,0.2,2390.83
21436,5359.0,2392.82,0.2,2390.83
21437,5359.25,2393.07,0.2,2390.83
21438,5359.5,2393.08,0.1,2390.83
21439,5359.75,2391.1,0.4,2390.83
21440,5360.0,2391.34,0.1,2390.82
21441,5360.25,2391.34,0.2,2390.82
21442,5360.5,2391.58,0.1,2390.82
21443,5360.75,2391.84,0.2,2390.82
21444,5361.0,2392.54,0.2,2390.81
21445,5361.25,2392.79,0.2,2390.81
21446,5361.5,2391.27,0.1,2390.81
21447,5361.75,2391.27,0.2,2390.81
21448,5362.0,2391.75,0.2,2390.8
21449,5362.25,2391.5,0.1,2390.8
21450,5362.5,2391.49,0.2,2390.8
21451,5362.75,2391.73,0.1,2390.8
21452,5363.0,2391.7,0.2,2390.8
21453,5363.25,2391.45,0.1,2390.79
21454,5363.5,2391.45,0.1,2390.79
21455,5363.75,2391.65,0.2,2390.79
21456,5364.0,2391.64,0.3,2390.79
21457,5364.25,2390.5,0.2,2390.78
21458,5364.5,2390.5,0.3,2390.78
21459,5364.75,2389.76,0.2,2390.78
21460,5365.0,2388.57,0.2,2390.78
21461,5365.25,2377.23,0.2,2390.77
21462,5365.5,2377.8,0.3,2390.77
21463,5365.75,2377.79,0.1,2390.77
21464,5366.0,2377.55,0.1,2390.77
21465,5366.25,2378.0,0.1,2390.77
21466,5366.5,2378.0,0.2,2390.76
21467,5366.75,2377.99,0.2,2390.76
21468,5367.0,2378.23,0.2,2390.76
21469,5367.25,2378.46,0.1,2390.76
21470,5367.5,2378.47,0.2,2390.75
21471,5367.75,2378.92,0.1,2390.75
21472,5368.0,2378.92,0.2,2390.75
21473,5368.25,2379.38,0.2,2390.75
21474,5368.5,2379.38,0.2,2390.75
21475,5368.75,2379.62,0.2,2390.74
21476,5369.0,2379.62,0.1,2390.74
21477,5369.25,2377.94,0.1,2390.74
21478,5369.5,2376.81,0.1,2390.74
21479,5369.75,2377.29,0.2,2390.73
21480,5370.0,2377.53,0.1,2390.73
21481,5370.25,2377.52,0.2,2390.73
21482,5370.5,2377.52,0.1,2390.73
21483,5370.75,2377.73,0.1,2390.72
21484,5371.0,2377.97,0.2,2390.72
21485,5371.25,2377.71,0.3,2390.72
21486,5371.5,2377.71,0.2,2390.72
21487,5371.75,2378.2,0.2,2390.72
21488,5372.0,2378.16,0.2,2390.71
21489,5372.25,2378.4,0.2,2390.71
21490,5372.5,2377.46,0.1,2390.71
21491,5372.75,2377.21,0.2,2390.71
21492,5373.0,2377.44,0.2,2390.7
21493,5373.25,2377.43,0.1,2390.7
21494,5373.5,2377.64,0.1,2390.7
21495,5373.75,2377.63,0.2,2390.7
21496,5374.0,2377.63,0.2,2390.69
21497,5374.25,2377.87,0.2,2390.69
21498,5374.5,2376.66,0.2,2390.69
21499,5374.75,2376.66,0.2,2390.69
21500,5375.0,2375.11,0.1,2390.69
21501,5375.25,2375.11,0.2,2390.68
21502,5375.5,2375.59,0.1,2390.68
21503,5375.75,2375.59,0.2,2390.68
21504,5376.0,2376.05,0.2,2390.68
21505,5376.25,2376.03,0.2,2390.67
21506,5376.5,2375.54,0.2,2390.67
21507,5376.75,2376.23,0.1,2390.67
21508,5377.0,2376.47,0.2,2390.67
21509,5377.25,2376.71,0.2,2390.66
21510,5377.5,2376.46,0.1,2390.66
21511,5377.75,2375.97,0.1,2390.66
21512,5378.0,2375.95,0.2,2390.66
21513,5378.25,2375.94,0.2,2390.66
21514,5378.5,2376.15,0.2,2390.65
21515,5378.75,2376.14,0.2,2390.65
21516,5379.0,2375.88,0.1,2390.65
21517,5379.25,2376.12,0.2,2390.65
21518,5379.5,2375.45,0.3,2390.64
21519,5379.75,2375.44,0.2,2390.64
21520,5380.0,2377.58,1.7,2390.64
21521,5380.25,2381.92,0.9,2390.64
21522,5380.5,2381.93,0.1,2390.64
21523,5380.75,2382.67,0.2,2390.63
21524,5381.0,2382.91,0.1,2390.63
21525,5381.25,2383.38,0.2,2390.63
21526,5381.5,2384.09,0.2,2390.63
21527,5381.75,2384.58,0.1,2390.62
21528,5382.0,2384.83,0.4,2390.62
21529,5382.25,2384.83,0.1,2390.62
21530,5382.5,2385.07,0.2,2390.62
21531,5382.75,2385.08,0.1,2390.61
21532,5383.0,2385.57,0.2,2390.61
21533,5383.25,2385.82,0.1,2390.61
21534,5383.5,2385.33,0.1,2390.61
21535,5383.75,2385.56,0.2,2390.61
21536,5384.0,2385.8,0.2,2390.6
21537,5384.25,2386.27,0.2,2390.6
21538,5384.5,2385.72,0.2,2390.6
21539,5384.75,2384.29,0.2,2390.6
21540,5385.0,2384.53,0.1,2390.59
21541,5385.25,2382.86,0.2,2390.59
21542,5385.5,2383.36,0.1,2390.59
21543,5385.75,2383.85,0.2,2390.59
21544,5386.0,2383.85,0.1,2390.58
21545,5386.25,2384.09,0.2,2390.58
21546,5386.5,2384.1,0.1,2390.58
21547,5386.75,2384.35,0.2,2390.58
21548,5387.0,2384.59,0.2,2390.58
21549,5387.25,2384.59,0.1,2390.57
21550,5387.5,2385.2,0.2,2390.57
21551,5387.75,2385.3,0.2,2390.57
21552,5388.0,2385.29,0.1,2390.57
21553,5388.25,2385.75,0.2,2390.56
21554,5388.5,2385.99,0.2,2390.56
21555,5388.75,2386.23,0.1,2390.56
21556,5389.0,2385.97,0.2,2390.56
21557,5389.25,2386.46,0.2,2390.55
21558,5389.5,2385.96,0.4,2390.55
21559,5389.75,2386.2,0.2,2390.55
21560,5390.0,2386.89,0.2,2390.55
21561,5390.25,2386.89,0.2,2390.55
21562,5390.5,2387.12,0.2,2390.54
21563,5390.75,2386.09,0.1,2390.54
21564,5391.0,2386.32,0.1,2390.54
21565,5391.25,2386.31,0.3,2390.54
21566,5391.5,2386.3,0.2,2390.53
21567,5391.75,2386.8,0.2,2390.53
21568,5392.0,2386.78,0.2,2390.53
21569,5392.25,2385.02,0.4,2390.53
21570,5392.5,2385.26,0.1,2390.53
21571,5392.75,2385.01,0.2,2390.52
21572,5393.0,2384.99,0.1,2390.52
21573,5393.25,2384.99,0.2,2390.52
21574,5393.5,2384.98,0.1,2390.52
21575,5393.75,2385.2,0.1,2390.51
21576,5394.0,2384.93,0.2,2390.51
21577,5394.25,2384.93,0.2,2390.51
21578,5394.5,2385.16,0.2,2390.51
21579,5394.75,2385.41,0.1,2390.5
21580,5395.0,2385.88,0.2,2390.5
21581,5395.25,2386.12,0.3,2390.5
21582,5395.5,2386.36,0.2,2390.5
21583,5395.75,2386.86,0.2,2390.5
21584,5396.0,2386.61,0.2,2390.49
21585,5396.25,2387.1,0.1,2390.49
21586,5396.5,2387.57,0.1,2390.49
21587,5396.75,2387.08,0.3,2390.49
21588,5397.0,2388.03,0.1,2390.48
21589,5397.25,2387.78,0.2,2390.48
21590,5397.5,2387.77,0.2,2390.48
21591,5397.75,2387.79,0.1,2390.48
21592,5398.0,2386.53,0.2,2390.47
21593,5398.25,2386.78,0.2,2390.47
21594,5398.5,2385.74,0.2,2390.47
21595,5398.75,2386.2,0.1,2390.47
21596,5399.0,2385.96,0.2,2390.47
21597,5399.25,2386.46,0.2,2390.46
21598,5399.5,2385.79,0.2,2390.46
21599,5399.75,2385.8,0.2,2390.46
21600,5400.0,2384.54,0.2,2390.46
21601,5400.25,2385.04,0.1,2390.45
21602,5400.5,2385.53,0.2,2390.45
21603,5400.75,2386.02,0.1,2390.45
21604,5401.0,2386.01,0.2,2390.45
21605,5401.25,2385.75,0.2,2390.45
21606,5401.5,2385.5,0.1,2390.44
21607,5401.75,2385.96,0.1,2390.44
21608,5402.0,2386.44,0.2,2390.44
21609,5402.25,2386.21,0.1,2390.44
21610,5402.5,2385.5,0.2,2390.43
21611,5402.75,2385.26,0.2,2390.43
21612,5403.0,2385.43,0.2,2390.43
21613,5403.25,2385.42,0.2,2390.43
21614,5403.5,2385.63,0.3,2390.42
21615,5403.75,2385.87,0.2,2390.42
21616,5404.0,2385.87,0.2,2390.42
21617,5404.25,2385.61,0.1,2390.42
21618,5404.5,2387.08,0.2,2390.42
21619,5404.75,2387.07,0.1,2390.41
21620,5405.0,2386.59,0.2,2390.41
21621,5405.25,2387.54,0.2,2390.41
21622,5405.5,2387.77,0.1,2390.41
21623,5405.75,2387.77,0.1,2390.4
21624,5406.0,2387.04,0.3,2390.4
21625,5406.25,2387.04,0.1,2390.4
21626,5406.5,2386.54,0.2,2390.4
21627,5406.75,2386.79,0.2,2390.39
21628,5407.0,2387.04,0.1,2390.39
21629,5407.25,2386.54,0.2,2390.39
21630,5407.5,2386.78,0.1,2390.39
21631,5407.75,2387.24,0.1,2390.39
21632,5408.0,2387.48,0.2,2390.38
21633,5408.25,2386.27,0.1,2390.38
21634,5408.5,2383.31,0.1,2390.38
21635,5408.75,2383.29,0.3,2390.38
21636,5409.0,2383.78,0.1,2390.37
21637,5409.25,2384.27,0.2,2390.37
