sample_id,inference_ms,db_write_ms
0,205.58,2.71
1,27.74,2.11
2,28.15,2.88
3,31.35,4.09
4,29.58,2.03
5,29.32,2.03
6,29.45,4.19
7,29.08,3.03
8,29.77,1.84
9,29.19,2.76
10,27.56,1.85
11,28.6,1.85
12,28.39,2.45
13,27.74,1.04
14,29.3,1.12
15,293.73,1.78
16,30.22,1.48
17,32.77,2.52
18,30.84,1.55
19,28.95,1.27
20,28.78,4.0
21,28.4,2.03
22,30.54,2.29
23,31.73,1.26
24,29.44,1.79
25,28.17,2.33
26,30.25,1.4
27,28.56,2.59
28,28.95,1.75
29,26.86,1.98
30,29.61,1.75
31,33.42,4.67
32,27.59,2.21
33,26.33,1.46
34,27.99,3.09
35,28.45,1.37
36,25.89,2.42
37,26.57,1.02
38,26.87,1.31
39,26.72,2.41
40,27.44,2.99
41,26.16,2.38
42,28.17,2.12
43,26.39,1.97
44,27.86,1.23
45,28.03,1.67
46,28.26,1.85
47,27.41,3.4
48,27.31,2.55
49,26.31,1.1
50,26.3,2.53
51,27.5,1.91
52,27.58,1.7
53,27.67,2.84
54,27.89,3.36
55,29.61,3.23
56,32.38,1.59
57,27.26,1.97
58,28.11,2.54
59,26.5,3.29
60,27.37,1.84
61,26.45,2.07
62,25.87,1.43
63,25.62,1.38
64,26.33,3.08
65,27.39,3.83
66,26.73,2.16
67,29.02,3.32
68,25.81,2.57
69,26.11,1.72
70,26.3,2.57
71,28.19,4.12
72,27.3,2.19
73,26.24,4.16
74,27.07,0.78
75,26.55,3.09
76,26.15,2.3
77,27.27,1.97
78,28.18,2.31
79,26.2,1.0
80,27.27,2.04
81,27.76,2.57
82,26.29,4.02
83,27.33,1.81
84,27.31,1.61
85,26.29,1.82
86,26.39,3.21
87,26.74,2.54
88,26.67,1.8
89,26.69,2.73
90,26.29,2.31
91,27.71,3.28
92,26.91,1.68
93,26.47,1.95
94,27.06,1.9
95,30.4,1.24
96,26.04,2.51
97,26.46,2.47
98,27.12,2.23
99,25.9,2.03
100,25.87,1.26
101,28.42,1.88
102,28.07,1.94
103,27.26,1.61
104,26.96,2.09
105,29.23,2.62
106,26.56,4.73
107,27.06,2.39
108,26.36,2.47
109,29.59,2.16
110,28.18,1.03
111,28.38,2.2
112,26.46,2.28
113,27.4,5.96
114,28.11,2.06
115,31.9,2.51
116,28.07,2.19
117,27.89,1.39
118,27.0,3.52
119,25.77,3.01
120,26.67,3.05
121,27.76,1.55
122,26.57,3.9
123,27.59,1.27
124,28.32,2.81
125,17.75,5.35
126,25.94,1.5
127,25.85,1.77
128,28.13,2.32
129,26.23,1.82
130,26.69,1.2
131,26.35,2.29
132,26.96,1.46
133,27.13,2.69
134,27.34,1.54
135,26.73,4.14
136,28.42,1.63
137,25.76,1.96
138,26.05,3.08
139,27.69,1.36
140,27.66,2.44
141,27.02,3.75
142,26.49,1.17
143,29.18,2.4
144,30.29,2.47
145,26.83,3.04
146,28.11,1.36
147,26.47,1.31
148,26.85,2.74
149,27.72,2.51
150,28.32,2.46
151,25.76,2.56
152,25.94,1.7
153,26.77,2.44
154,26.65,2.5
155,26.7,1.67
156,26.52,4.69
157,26.07,2.69
158,27.62,1.38
159,27.18,2.89
160,28.74,1.51
161,26.7,3.05
162,25.77,3.54
163,26.88,1.6
164,27.21,3.27
165,28.44,2.63
166,26.24,3.09
167,26.71,4.75
168,26.71,2.02
169,76.54,1.65
170,26.87,1.56
171,26.76,1.61
172,27.7,2.16
173,27.06,2.55
174,28.38,2.49
175,28.66,3.1
176,27.87,2.24
177,27.04,3.98
178,26.85,2.0
179,27.17,6.61
180,26.76,2.86
181,28.46,1.58
182,26.79,1.45
183,28.08,2.7
184,26.55,2.04
185,27.47,2.96
186,29.52,2.69
187,26.53,2.16
188,26.08,1.59
189,28.15,1.21
190,27.13,1.86
191,26.51,3.13
192,26.84,2.42
193,26.63,1.35
194,28.11,2.39
195,27.43,2.6
196,27.67,1.56
197,26.32,2.37
198,31.17,2.28
199,28.82,1.41
200,28.6,2.57
201,28.57,2.79
202,28.89,3.43
203,27.01,3.39
204,26.72,1.28
205,27.63,1.53
206,27.49,2.73
207,27.47,2.73
208,26.04,2.73
209,25.9,10.39
210,26.82,2.8
211,27.87,3.51
212,27.15,3.26
213,25.94,2.89
214,26.48,1.96
215,26.46,3.01
216,28.27,1.63
217,26.39,2.02
218,27.46,1.83
219,27.41,2.3
220,28.61,5.62
221,26.37,1.05
222,26.06,2.93
223,27.81,1.17
224,26.58,1.84
225,28.17,3.44
226,27.76,2.28
227,25.67,1.45
228,27.43,1.67
229,28.21,2.92
230,26.4,1.66
231,27.13,2.43
232,26.52,2.27
233,28.87,1.71
234,26.03,5.25
235,26.11,2.87
236,26.67,0.99
237,27.2,2.4
238,26.14,1.71
239,26.65,3.13
240,25.6,1.62
241,26.34,2.13
242,27.57,2.72
243,26.76,3.15
244,26.68,1.38
245,27.9,1.95
246,26.6,1.84
247,27.71,1.71
248,27.11,4.51
249,27.33,2.62
250,28.14,1.34
251,27.72,3.21
252,29.18,5.2
253,27.17,3.36
254,28.36,1.21
255,28.27,1.83
256,28.99,3.69
257,26.59,1.68
258,26.75,2.66
259,27.73,3.03
260,28.89,1.54
261,26.36,2.17
262,25.94,0.61
263,28.93,1.48
264,27.75,2.01
265,27.7,1.35
266,26.91,4.28
267,27.02,1.26
268,26.37,1.87
269,27.18,2.35
270,27.21,3.96
271,27.08,1.25
272,28.38,3.54
273,26.32,2.23
274,26.18,1.5
275,26.91,2.68
276,26.44,2.41
277,26.13,1.75
278,26.81,2.29
279,25.77,1.91
280,27.92,2.33
281,27.55,2.9
282,28.37,4.2
283,27.76,1.36
284,27.24,5.22
285,28.62,1.02
286,26.06,2.09
287,29.23,2.82
288,26.09,2.49
289,26.39,1.73
290,27.8,2.05
291,27.06,1.83
292,27.56,1.76
293,26.35,3.13
294,26.92,2.57
295,26.59,1.69
296,26.91,3.19
297,27.79,2.52
298,27.5,3.08
299,26.07,2.86
300,27.62,1.6
301,28.59,1.78
302,26.52,3.0
303,26.64,2.84
304,27.38,2.21
305,26.96,2.33
306,28.77,3.71
307,26.28,1.76
308,27.26,2.77
309,25.75,2.05
310,26.61,2.04
311,27.69,3.45
312,28.71,3.1
313,26.14,3.08
314,26.43,3.75
315,27.74,2.24
316,30.02,2.92
317,27.21,1.97
318,26.51,2.53
319,26.78,2.11
320,27.11,2.31
321,25.71,2.82
322,27.16,1.6
323,26.4,5.14
324,27.85,1.49
325,27.0,1.37
326,29.29,3.54
327,28.18,3.05
328,27.53,2.86
329,26.55,2.86
330,28.33,2.21
331,26.31,1.55
332,27.07,2.29
333,26.84,1.7
334,26.59,3.29
335,28.27,2.1
336,28.72,1.6
337,27.41,1.96
338,26.57,2.63
339,26.93,1.78
340,26.22,1.6
341,28.96,2.45
342,26.69,2.45
343,26.68,1.82
344,52.04,1.84
345,26.42,2.44
346,27.67,1.25
347,27.88,1.27
348,25.46,1.67
349,27.69,2.04
350,28.03,2.52
351,27.08,4.02
352,27.03,3.14
353,28.84,2.09
354,26.4,2.21
355,27.4,1.49
356,26.94,2.21
357,25.7,1.98
358,27.12,2.53
359,28.13,1.6
360,26.15,2.74
361,39.27,4.11
362,25.81,2.13
363,29.53,2.61
364,26.83,2.93
365,27.06,1.9
366,27.43,2.43
367,27.33,2.24
368,35.44,2.31
369,27.12,1.63
370,26.55,2.25
371,26.32,2.72
372,27.18,3.98
373,27.02,3.27
374,25.98,5.27
375,26.9,1.64
376,28.03,3.15
377,27.91,2.39
378,26.4,5.34
379,26.67,1.61
380,25.57,1.59
381,29.72,1.75
382,27.46,0.95
383,25.34,1.8
384,27.49,1.64
385,27.63,2.36
386,27.47,2.55
387,26.12,4.71
388,26.98,3.25
389,26.01,1.77
390,26.04,1.55
391,40.2,2.71
392,28.95,1.31
393,26.66,4.63
394,27.3,3.57
395,28.22,1.84
396,27.24,1.12
397,26.78,3.82
398,26.98,2.13
399,27.93,3.65
400,25.34,1.18
401,26.27,1.75
402,26.55,2.23
403,26.94,2.27
404,27.9,1.86
405,26.33,2.86
406,27.74,1.45
407,27.06,2.1
408,25.66,2.34
409,27.81,2.73
410,26.3,2.96
411,27.38,1.42
412,26.15,1.2
413,27.68,3.71
414,26.56,2.54
415,26.28,1.65
416,27.01,4.14
417,27.12,2.33
418,25.52,3.57
419,26.57,2.29
420,26.89,5.07
421,25.62,4.49
422,25.89,2.01
423,25.8,3.28
424,25.74,2.88
425,28.5,3.85
426,26.86,1.51
427,27.39,2.93
428,17.76,3.4
429,26.72,1.1
430,26.7,1.39
431,27.69,0.98
432,28.95,2.0
433,27.4,2.97
434,27.17,4.06
435,27.63,2.29
436,27.36,4.27
437,27.1,1.28
438,25.79,1.13
439,27.12,2.18
440,30.73,2.6
441,28.89,2.2
442,26.11,0.97
443,26.5,2.15
444,27.34,1.32
445,25.8,2.91
446,25.98,2.58
447,28.67,1.53
448,26.51,1.81
449,26.34,1.46
450,26.4,2.17
451,28.37,3.26
452,25.71,1.5
453,26.15,2.72
454,28.32,1.8
455,26.6,1.62
456,27.54,2.13
457,25.59,1.47
458,26.8,1.78
459,28.03,1.38
460,27.35,4.88
461,25.8,2.26
462,26.42,1.68
463,26.1,2.42
464,26.26,2.13
465,25.06,2.04
466,26.75,2.85
467,26.68,3.01
468,26.17,1.8
469,27.63,1.77
470,26.4,1.99
471,25.76,0.89
472,28.1,1.21
473,26.3,3.84
474,25.9,4.3
475,26.77,2.01
476,26.44,2.8
477,26.13,2.52
478,27.31,7.63
479,26.37,3.48
480,27.14,2.11
481,26.64,1.52
482,26.2,1.17
483,26.29,2.41
484,60.99,1.64
485,26.83,1.26
486,27.57,1.72
487,26.53,1.44
488,25.95,4.37
489,27.29,3.17
490,29.79,2.22
491,26.38,4.02
492,29.16,2.3
493,27.72,1.58
494,27.36,4.09
495,26.58,2.76
496,25.95,1.47
497,25.81,2.06
498,27.44,1.57
499,27.39,1.28
500,28.35,3.22
501,25.59,4.78
502,26.51,1.27
503,26.96,2.79
504,25.61,1.72
505,27.45,1.83
506,28.22,1.76
507,27.08,1.58
508,26.61,2.27
509,27.08,1.6
510,26.39,2.48
511,26.3,2.18
512,25.96,2.02
513,25.87,1.55
514,28.47,1.77
515,26.13,3.01
516,28.46,2.72
517,27.38,1.51
518,25.86,2.32
519,26.82,3.01
520,26.93,1.14
521,26.93,2.77
522,25.75,1.71
523,27.76,2.8
524,27.86,1.64
525,28.27,1.08
526,26.07,1.16
527,27.68,2.27
528,26.99,2.47
529,26.95,1.55
530,26.08,2.87
531,26.56,1.14
532,26.31,2.17
533,25.78,1.37
534,27.86,1.71
535,27.8,2.27
536,26.34,1.58
537,27.8,1.91
538,26.67,3.33
539,26.2,1.77
540,17.41,3.11
541,26.84,1.42
542,26.73,2.75
543,26.61,3.96
544,26.55,0.83
545,26.53,1.62
546,27.02,2.8
547,26.57,2.05
548,26.61,2.58
549,26.07,1.75
550,27.6,2.3
551,27.1,2.09
552,27.62,3.55
553,27.02,2.46
554,26.47,2.55
555,26.32,1.89
556,27.25,1.83
557,26.88,1.87
558,27.6,2.61
559,25.93,1.88
560,27.77,2.5
561,28.02,5.1
562,32.26,3.15
563,35.28,1.95
564,30.82,3.6
565,30.67,1.89
566,34.74,0.98
567,28.22,1.49
568,31.68,1.05
569,30.3,1.93
570,28.56,2.24
571,29.63,4.35
572,31.51,2.54
573,29.75,2.04
574,28.47,3.1
575,32.94,0.92
576,40.27,2.45
577,29.2,3.03
578,28.5,1.23
579,27.14,3.52
580,33.99,2.55
581,34.71,1.88
582,27.13,2.87
583,32.68,5.52
584,26.83,2.39
585,28.73,2.46
586,29.98,1.85
587,29.27,1.58
588,34.88,3.1
589,29.67,1.58
590,28.25,2.29
591,29.44,1.84
592,27.24,2.7
593,29.06,2.54
594,27.07,3.37
595,31.87,1.81
596,27.93,2.0
597,27.61,1.5
598,38.39,1.86
599,27.54,2.59
600,26.81,3.01
601,28.19,1.54
602,27.51,3.15
603,28.58,3.83
604,27.99,2.63
605,27.03,4.71
606,27.84,1.63
607,27.89,1.35
608,18.17,1.09
609,27.3,4.05
610,26.66,2.89
611,28.19,2.18
612,28.58,2.49
613,25.89,1.42
614,26.86,5.92
615,27.23,2.34
616,26.84,2.33
617,26.65,2.98
618,26.77,2.7
619,28.16,2.43
620,27.61,1.62
621,27.82,2.69
622,28.47,4.72
623,27.2,3.81
624,27.19,4.21
625,28.7,1.81
626,26.09,1.5
627,27.76,2.12
628,27.12,2.28
629,25.82,3.45
630,32.65,1.13
631,27.06,4.1
632,26.58,2.09
633,27.05,1.88
634,26.25,1.48
635,27.86,1.15
636,28.98,3.09
637,26.81,2.29
638,31.27,1.33
639,27.75,1.33
640,29.3,1.95
641,27.05,4.34
642,26.38,2.01
643,45.43,1.22
644,26.49,2.02
645,27.4,2.0
646,28.09,0.76
647,26.58,2.18
648,27.47,2.03
649,26.93,2.94
650,27.15,4.66
651,29.59,3.49
652,26.33,2.0
653,30.52,1.43
654,28.96,6.23
655,26.79,2.28
656,27.92,2.24
657,26.08,2.2
658,27.09,2.41
659,26.17,2.1
660,26.2,1.77
661,27.01,1.79
662,26.53,2.2
663,27.64,1.79
664,65.69,1.67
665,28.28,2.32
666,26.59,2.01
667,29.05,4.06
668,26.04,0.77
669,26.61,3.44
670,26.55,3.66
671,27.41,0.97
672,25.69,1.94
673,27.64,1.92
674,26.96,1.27
675,26.4,1.63
676,26.51,1.43
677,28.36,4.49
678,27.38,3.24
679,26.6,3.7
680,26.49,2.97
681,26.96,1.42
682,26.1,1.8
683,27.74,2.71
684,26.62,1.36
685,26.75,2.96
686,28.4,2.02
687,26.94,1.92
688,28.12,2.96
689,25.68,2.66
690,26.14,1.93
691,27.59,3.54
692,26.35,1.44
693,26.02,2.85
694,26.79,2.82
695,27.15,1.97
696,27.85,2.54
697,27.82,1.35
698,25.76,3.22
699,26.06,2.07
700,25.78,1.81
701,25.86,3.39
702,26.28,1.68
703,26.16,1.27
704,25.89,1.19
705,25.49,2.84
706,25.7,1.33
707,25.55,4.49
708,27.35,0.97
709,25.6,4.39
710,25.44,2.42
711,25.76,2.14
712,26.41,1.79
713,26.93,2.61
714,27.21,2.19
715,26.6,3.46
716,25.75,2.33
717,26.29,2.36
718,25.37,1.92
719,27.38,2.18
720,26.48,2.52
721,25.66,1.12
722,27.46,1.3
723,26.81,3.0
724,27.35,2.38
725,27.02,2.07
726,26.76,2.24
727,26.63,2.56
728,26.61,1.79
729,25.82,1.63
730,26.41,2.41
731,26.44,1.5
732,25.64,2.62
733,17.96,1.13
734,26.45,3.36
735,27.72,2.69
736,26.07,2.47
737,27.19,3.3
738,27.09,4.33
739,26.31,3.34
740,25.66,1.07
741,26.17,1.33
742,26.36,1.73
743,27.64,2.25
744,26.0,2.74
745,26.12,1.66
746,27.06,2.4
747,28.81,1.65
748,29.67,1.74
749,25.6,1.27
750,27.12,1.54
751,26.86,1.3
752,26.48,1.51
753,25.88,3.39
754,26.66,1.52
755,26.25,6.38
756,26.62,2.71
757,26.0,2.4
758,27.83,1.58
759,27.03,2.95
760,26.44,1.77
761,25.9,2.34
762,26.83,6.2
763,26.68,2.14
764,25.6,3.52
765,25.7,1.68
766,27.54,2.19
767,26.26,4.52
768,27.2,1.73
769,26.76,4.6
770,26.3,2.95
771,27.55,1.78
772,25.6,2.87
773,27.09,3.28
774,26.41,2.85
775,26.67,1.19
776,25.72,1.66
777,25.99,2.02
778,28.82,2.16
779,25.35,2.85
780,26.65,2.39
781,25.82,1.3
782,27.52,2.59
783,25.66,2.84
784,25.8,2.78
785,26.93,3.43
786,27.74,3.11
787,26.96,2.67
788,25.77,2.16
789,28.84,1.15
790,26.7,2.64
791,27.41,2.42
792,25.66,2.48
793,26.45,1.34
794,27.86,1.44
795,26.62,3.39
796,25.56,2.19
797,26.0,2.92
798,27.76,2.25
799,27.44,2.25
800,26.36,3.24
801,27.34,1.81
802,27.77,2.31
803,25.8,1.85
804,57.41,1.87
805,27.45,1.97
806,27.09,2.43
807,27.51,1.84
808,25.93,3.68
809,27.66,1.56
810,27.83,2.07
811,27.25,1.87
812,27.51,3.97
813,26.31,2.41
814,26.51,3.36
815,26.67,1.23
816,26.44,2.48
817,26.55,3.18
818,26.93,2.3
819,27.21,3.41
820,26.17,1.81
821,27.5,3.91
822,27.12,5.58
823,26.62,1.92
824,26.26,1.86
825,25.95,3.98
826,27.01,4.19
827,27.61,1.81
828,17.66,1.88
829,25.73,1.99
830,26.49,1.3
831,25.92,1.54
832,26.92,1.49
833,26.64,1.64
834,26.07,2.19
835,26.23,2.44
836,26.28,4.14
837,26.94,1.49
838,26.89,3.3
839,27.23,2.04
840,26.5,2.18
841,27.44,2.92
842,26.58,1.42
843,27.26,2.59
844,25.78,2.38
845,26.04,2.71
846,27.1,2.5
847,27.11,5.94
848,25.75,1.72
849,27.15,1.8
850,27.26,1.73
851,26.49,1.78
852,26.64,1.72
853,27.0,3.58
854,27.18,3.93
855,26.61,1.77
856,25.93,1.6
857,27.19,2.69
858,27.33,1.78
859,26.54,2.87
860,26.0,2.41
861,26.4,1.21
862,25.49,4.13
863,26.72,4.56
864,26.72,1.74
865,27.89,1.91
866,25.78,2.5
867,26.06,2.54
868,26.04,2.9
869,26.7,4.97
870,27.28,2.07
871,25.76,1.62
872,26.18,1.28
873,26.47,1.66
874,26.92,2.2
875,26.85,4.56
876,25.9,1.81
877,25.79,2.43
878,25.76,2.21
879,27.0,3.58
880,27.94,6.12
881,25.88,1.8
882,27.62,1.83
883,25.94,3.38
884,30.37,2.92
885,27.58,4.66
886,27.29,2.81
887,25.76,1.93
888,25.94,2.82
889,27.92,3.47
890,26.96,3.09
891,26.13,2.73
892,26.84,3.41
893,25.75,3.55
894,26.31,3.87
895,28.16,2.88
896,25.67,2.08
897,26.81,2.36
898,27.83,3.61
899,27.09,1.61
900,27.09,2.58
901,25.99,1.9
902,26.33,2.25
903,25.98,3.71
904,27.22,2.4
905,25.73,2.27
906,26.81,1.29
907,26.87,3.0
908,26.9,2.88
909,26.82,5.29
910,26.53,1.97
911,26.79,2.43
912,27.29,2.46
913,26.18,4.18
914,26.07,2.14
915,26.12,2.49
916,25.48,2.84
917,30.22,2.4
918,26.48,1.86
919,25.54,2.41
920,26.6,3.42
921,27.42,1.48
922,25.55,2.35
923,25.68,1.68
924,25.89,3.59
925,25.58,1.21
926,26.06,1.78
927,27.13,2.59
928,26.3,4.16
929,25.57,2.17
930,26.9,1.78
931,26.41,4.72
932,26.36,1.25
933,26.19,0.92
934,28.28,2.65
935,25.92,1.82
936,25.51,1.48
937,27.2,2.95
938,26.24,2.45
939,26.6,1.78
940,26.94,1.33
941,26.09,3.15
942,26.61,2.89
943,26.27,2.14
944,25.21,4.66
945,27.36,1.45
946,26.93,1.21
947,26.13,1.69
948,26.78,2.19
949,26.88,2.45
950,25.67,2.02
951,26.06,2.56
952,25.55,1.35
953,27.4,3.96
954,26.59,2.15
955,27.15,3.48
956,26.06,2.55
957,27.16,2.67
958,26.84,2.8
959,26.49,2.66
960,46.42,2.88
961,26.14,3.79
962,27.55,2.41
963,25.7,2.96
964,26.42,2.15
965,26.62,3.96
966,26.58,1.7
967,27.04,4.57
968,25.64,2.19
969,26.17,1.26
970,26.09,2.34
971,25.39,1.69
972,28.35,3.12
973,27.74,1.71
974,26.61,1.86
975,25.57,1.05
976,26.78,1.86
977,26.12,0.84
978,27.47,1.18
979,26.66,3.02
980,27.55,3.05
981,25.51,2.64
982,27.79,1.51
983,27.8,2.18
984,28.16,2.22
985,28.99,1.4
986,28.58,4.06
987,26.74,3.16
988,27.39,2.04
989,26.35,2.25
990,25.76,2.42
991,27.76,0.98
992,27.16,2.02
993,25.77,1.69
994,26.79,1.49
995,26.93,1.99
996,26.51,4.57
997,27.04,2.88
998,26.34,1.77
999,26.25,2.8
1000,26.55,3.9
1001,28.09,3.22
1002,27.55,2.28
1003,26.56,1.72
1004,26.76,2.94
1005,26.12,2.6
1006,27.83,3.18
1007,26.48,2.87
1008,26.5,3.39
1009,26.77,1.8
1010,28.16,3.77
1011,27.16,2.41
1012,26.8,5.1
1013,27.04,1.69
1014,26.16,4.46
1015,27.84,2.41
1016,25.56,1.72
1017,27.11,1.83
1018,25.84,1.96
1019,26.28,2.64
1020,28.24,2.74
1021,27.57,1.77
1022,27.08,2.2
1023,27.07,5.24
1024,26.92,4.44
1025,28.64,2.65
1026,26.82,2.26
1027,26.3,2.34
1028,26.53,2.84
1029,27.4,1.48
1030,27.15,2.01
1031,27.52,1.14
1032,27.07,2.61
1033,26.63,2.88
1034,26.29,1.83
1035,26.73,4.18
1036,25.99,1.36
1037,25.96,1.24
1038,26.64,2.43
1039,27.3,3.38
1040,25.82,4.36
1041,26.85,1.85
1042,26.04,3.43
1043,26.65,2.19
1044,26.39,2.08
1045,26.51,3.17
1046,26.33,2.89
1047,27.55,1.18
1048,28.07,4.02
1049,25.7,3.87
1050,26.85,1.73
1051,26.89,2.61
1052,26.08,2.71
1053,26.28,2.47
1054,25.95,1.79
1055,26.75,1.7
1056,27.44,2.2
1057,25.5,3.56
1058,26.13,2.77
1059,27.31,1.92
1060,26.28,3.03
1061,26.7,0.71
1062,27.37,3.52
1063,17.47,1.11
1064,26.63,1.93
1065,27.28,1.42
1066,26.87,1.33
1067,25.39,3.54
1068,31.05,1.85
1069,27.77,2.56
1070,27.02,2.18
1071,26.79,2.69
1072,29.23,2.29
1073,27.05,1.33
1074,26.34,3.32
1075,28.87,1.83
1076,27.22,1.19
1077,26.7,1.88
1078,29.41,4.06
1079,27.48,3.13
1080,28.26,1.94
1081,29.1,1.94
1082,31.39,1.96
1083,26.91,5.11
1084,26.97,2.59
1085,26.61,2.64
1086,25.98,3.36
1087,26.49,2.45
1088,27.33,2.01
1089,28.31,2.06
1090,30.2,2.16
1091,27.16,2.19
1092,28.57,2.98
1093,26.18,2.27
1094,26.45,2.98
1095,26.45,2.15
1096,26.51,2.3
1097,27.24,1.0
1098,26.29,3.21
1099,27.86,2.56
1100,27.38,3.32
1101,26.45,0.7
1102,26.14,5.13
1103,27.98,2.1
1104,26.39,3.47
1105,26.73,1.47
1106,27.16,2.84
1107,27.93,1.46
1108,27.54,1.73
1109,52.01,4.79
1110,26.33,2.06
1111,25.81,2.43
1112,27.13,3.15
1113,28.23,2.71
1114,25.94,2.36
1115,25.42,2.58
1116,26.43,5.82
1117,26.65,2.17
1118,27.46,2.41
1119,25.73,3.39
1120,26.42,3.46
1121,25.84,3.58
1122,17.72,2.87
1123,26.04,1.41
1124,28.59,4.28
1125,27.69,1.41
1126,25.71,2.51
1127,25.74,1.65
1128,26.93,2.17
1129,26.25,2.54
1130,26.59,2.53
1131,26.14,2.63
1132,27.47,4.24
1133,26.72,2.67
1134,26.13,2.02
1135,27.03,3.27
1136,26.41,3.58
1137,28.62,1.36
1138,27.56,2.83
1139,27.05,2.95
1140,27.77,1.98
1141,26.43,3.86
1142,25.9,2.1
1143,27.29,2.34
1144,26.19,2.08
1145,26.18,2.24
1146,27.61,1.44
1147,27.75,1.25
1148,27.67,4.21
1149,27.05,1.59
1150,27.89,1.5
1151,26.17,0.94
1152,27.82,1.72
1153,28.58,1.31
1154,27.99,4.29
1155,27.2,3.33
1156,28.33,1.69
1157,26.53,5.48
1158,27.06,3.3
1159,27.55,1.95
1160,26.9,0.82
1161,27.1,5.56
1162,28.4,1.28
1163,27.43,1.15
1164,28.26,3.35
1165,26.76,5.91
1166,27.09,3.87
1167,26.57,2.79
1168,27.96,2.82
1169,27.15,3.13
1170,27.29,3.01
1171,26.83,2.49
1172,27.65,2.32
1173,28.81,2.17
1174,28.94,1.65
1175,27.33,1.99
1176,27.13,1.13
1177,27.74,2.14
1178,28.1,1.5
1179,27.66,1.43
1180,26.32,2.39
1181,29.0,3.88
1182,26.85,3.21
1183,26.67,1.19
1184,27.96,1.5
1185,26.48,3.24
1186,27.14,1.5
1187,27.03,2.03
1188,27.64,2.77
1189,25.7,1.51
1190,26.77,2.32
1191,27.55,1.31
1192,26.37,1.75
1193,26.13,2.53
1194,28.12,1.18
1195,27.09,2.65
1196,25.58,2.21
1197,27.37,2.78
1198,26.53,2.43
1199,28.23,3.84
1200,25.77,2.34
1201,26.94,1.87
1202,25.31,2.34
1203,28.76,2.77
1204,26.88,2.27
1205,26.12,2.26
1206,25.6,1.68
1207,26.0,1.71
1208,29.16,1.27
1209,26.26,4.48
1210,26.94,1.35
1211,26.61,1.69
1212,26.49,1.67
1213,27.97,3.18
1214,27.26,1.98
1215,26.24,3.67
1216,27.1,1.7
1217,29.24,2.49
1218,28.0,1.59
1219,27.83,5.25
1220,26.25,1.38
1221,25.93,2.52
1222,25.72,2.87
1223,26.57,2.63
1224,26.31,2.07
1225,26.95,2.11
1226,25.95,2.26
1227,26.2,2.1
1228,27.56,3.27
1229,25.68,5.39
1230,28.5,1.78
1231,26.9,1.29
1232,27.87,2.15
1233,26.12,6.25
1234,27.35,1.61
1235,26.19,4.29
1236,26.24,4.35
1237,25.77,1.78
1238,27.98,2.79
1239,26.11,4.27
1240,26.3,1.91
1241,28.23,2.05
1242,26.43,1.76
1243,28.13,1.48
1244,27.22,1.72
1245,31.62,1.36
1246,26.17,2.26
1247,26.14,1.64
1248,28.35,2.44
1249,26.37,1.19
1250,26.62,2.54
1251,26.83,3.11
1252,27.13,1.0
1253,27.02,2.58
1254,25.38,3.64
1255,25.95,1.37
1256,26.9,4.35
1257,27.39,2.63
1258,28.64,1.68
1259,26.03,2.18
1260,26.94,2.78
1261,25.82,2.29
1262,26.48,2.76
1263,53.04,1.54
1264,26.86,2.38
1265,26.56,1.26
1266,26.26,2.13
1267,27.67,1.55
1268,26.98,1.66
1269,27.11,3.65
1270,26.61,3.44
1271,40.51,2.84
1272,28.09,1.44
1273,26.15,1.96
1274,27.03,3.62
1275,26.49,2.36
1276,26.73,5.63
1277,26.87,2.6
1278,28.32,2.4
1279,29.15,1.97
1280,26.66,2.35
1281,28.5,2.09
1282,25.87,2.95
1283,27.15,3.26
1284,25.87,1.63
1285,27.81,1.31
1286,26.22,1.07
1287,26.75,2.73
1288,27.98,1.43
1289,27.02,0.94
1290,26.25,2.6
1291,26.77,6.03
1292,25.58,2.22
1293,27.26,3.11
1294,26.65,2.3
1295,27.35,2.14
1296,26.88,3.21
1297,27.7,1.98
1298,26.24,2.48
1299,25.73,2.53
1300,26.07,1.7
1301,26.04,3.31
1302,25.27,2.08
1303,30.41,1.64
1304,27.15,2.76
1305,28.41,1.55
1306,27.89,2.25
1307,28.06,2.22
1308,25.65,3.44
1309,26.92,2.69
1310,26.07,2.2
1311,26.57,3.09
1312,26.72,3.88
1313,26.23,2.78
1314,26.13,2.23
1315,28.86,1.32
1316,26.8,1.45
1317,25.72,1.97
1318,26.22,1.74
1319,25.86,2.07
1320,27.27,2.28
1321,26.45,2.75
1322,28.42,2.16
1323,25.82,2.7
1324,25.86,2.28
1325,26.84,1.01
1326,25.83,1.53
1327,26.73,2.1
1328,26.23,1.37
1329,25.65,2.83
1330,26.72,4.11
1331,27.17,3.62
1332,27.14,2.04
1333,27.22,4.04
1334,28.1,2.36
1335,28.14,1.94
1336,26.51,1.74
1337,26.69,1.97
1338,27.71,1.91
1339,27.7,2.38
1340,28.54,2.37
1341,27.01,2.23
1342,27.4,2.65
1343,25.99,3.58
1344,26.98,3.25
1345,26.86,1.23
1346,26.4,0.8
1347,27.82,3.23
1348,26.03,1.29
1349,27.36,2.03
1350,28.27,1.39
1351,25.55,1.08
1352,26.4,2.76
1353,26.49,3.02
1354,28.0,1.77
1355,26.92,0.79
1356,27.08,1.79
1357,26.29,2.6
1358,27.29,1.23
1359,27.32,2.39
1360,31.14,2.21
1361,26.8,2.81
1362,27.3,2.33
1363,27.71,1.51
1364,27.91,3.59
1365,27.79,2.09
1366,26.34,2.2
1367,26.44,1.53
1368,26.32,1.86
1369,27.74,1.56
1370,29.73,2.08
1371,26.03,4.41
1372,28.51,1.29
1373,27.11,1.17
1374,26.66,4.01
1375,26.89,2.05
1376,26.77,1.7
1377,27.06,3.37
1378,25.92,1.75
1379,33.45,4.62
1380,26.39,2.92
1381,27.59,1.83
1382,26.3,5.27
1383,26.91,1.75
1384,28.01,2.99
1385,25.84,2.51
1386,27.61,3.75
1387,27.8,4.16
1388,25.66,2.25
1389,26.38,1.65
1390,25.74,2.68
1391,25.82,1.7
1392,25.52,4.98
1393,26.64,2.35
1394,26.54,1.92
1395,25.55,2.4
1396,29.08,1.3
1397,26.78,1.51
1398,27.66,3.6
1399,25.78,1.71
1400,25.95,1.46
1401,27.24,2.76
1402,27.71,3.58
1403,25.51,2.97
1404,26.57,3.31
1405,27.97,1.64
1406,27.5,1.26
1407,26.88,4.06
1408,19.29,1.96
1409,26.03,2.01
1410,52.63,3.79
1411,26.51,2.78
1412,28.17,2.67
1413,27.34,5.29
1414,26.12,1.72
1415,26.66,3.23
1416,27.2,2.28
1417,26.66,2.48
1418,25.78,4.1
1419,27.3,2.73
1420,26.71,2.76
1421,25.85,3.42
1422,27.06,1.92
1423,25.39,1.59
1424,27.03,1.47
1425,25.97,1.01
1426,26.39,5.07
1427,26.23,1.43
1428,26.31,2.04
1429,26.5,1.99
1430,25.71,2.52
1431,26.72,3.08
1432,26.5,3.14
1433,27.07,1.76
1434,27.68,2.08
1435,26.93,2.49
1436,26.08,2.01
1437,26.45,4.23
1438,28.4,2.71
1439,26.52,2.99
1440,26.84,2.9
1441,26.42,3.56
1442,27.51,2.39
1443,26.05,1.32
1444,17.67,2.61
1445,26.05,1.72
1446,26.79,1.8
1447,26.55,2.81
1448,25.64,3.65
1449,27.28,2.24
1450,27.17,2.52
1451,27.61,4.4
1452,26.65,2.45
1453,26.05,6.3
1454,25.95,2.79
1455,27.13,1.1
1456,26.16,3.01
1457,26.46,2.59
1458,26.98,3.73
1459,26.15,2.91
1460,25.45,2.11
1461,26.97,1.36
1462,26.91,2.05
1463,27.64,1.58
1464,28.0,1.76
1465,26.99,2.82
1466,26.46,4.34
1467,26.63,2.61
1468,26.4,1.38
1469,26.54,2.66
1470,26.72,3.59
1471,26.82,1.74
1472,27.56,2.11
1473,27.27,2.24
1474,26.35,1.63
1475,26.35,2.88
1476,28.65,2.12
1477,26.09,2.63
1478,26.92,1.56
1479,25.97,1.87
1480,26.2,2.97
1481,26.32,1.92
1482,27.12,4.44
1483,26.93,1.9
1484,26.32,2.43
1485,25.79,3.23
1486,25.8,1.26
1487,26.5,1.1
1488,26.01,1.21
1489,26.47,3.69
1490,26.61,1.78
1491,27.55,6.19
1492,25.09,1.78
1493,26.9,2.4
1494,26.58,4.12
1495,26.07,4.97
1496,26.49,5.08
1497,25.91,3.61
1498,25.93,3.35
1499,25.8,2.82
1500,26.05,3.04
1501,26.99,1.79
1502,27.41,1.6
1503,27.07,2.22
1504,25.49,2.08
1505,25.61,1.86
1506,25.3,2.94
1507,26.99,3.26
1508,26.05,2.31
1509,26.19,4.02
1510,29.29,1.41
1511,26.9,2.06
1512,26.08,1.67
1513,27.47,1.05
1514,27.8,2.15
1515,26.55,2.12
1516,28.05,4.08
1517,27.04,2.86
1518,26.35,1.48
1519,26.48,4.67
1520,26.83,3.63
1521,25.77,2.81
1522,28.06,2.03
1523,26.81,1.52
1524,26.18,1.92
1525,25.95,3.44
1526,28.48,4.73
1527,25.45,4.13
1528,27.79,1.83
1529,27.88,1.42
1530,25.66,2.35
1531,25.86,1.1
1532,28.44,2.53
1533,26.99,2.1
1534,26.88,1.85
1535,26.14,1.18
1536,26.14,2.73
1537,25.05,1.8
1538,26.19,1.39
1539,27.52,0.71
1540,26.21,2.2
1541,27.26,4.52
1542,25.7,4.33
1543,27.44,1.85
1544,27.28,1.75
1545,28.19,2.68
1546,25.69,1.49
1547,26.9,2.51
1548,27.02,3.02
1549,26.43,3.64
1550,28.21,2.14
1551,28.22,2.05
1552,26.24,1.57
1553,26.17,1.6
1554,26.37,2.03
1555,25.93,2.58
1556,25.5,3.21
1557,27.06,1.61
1558,26.63,4.04
1559,27.14,2.0
1560,25.69,2.21
1561,28.07,1.65
1562,26.03,0.84
1563,27.59,3.17
1564,26.42,2.99
1565,25.84,1.99
1566,25.68,2.29
1567,27.16,2.74
1568,26.56,1.19
1569,27.03,1.8
1570,53.04,3.06
1571,27.31,1.35
1572,26.37,2.5
1573,26.05,1.29
1574,26.33,2.68
1575,25.69,2.19
1576,26.42,1.17
1577,25.73,3.55
1578,26.07,1.66
1579,26.94,1.61
1580,26.2,2.41
1581,26.33,3.52
1582,25.86,1.48
1583,25.71,2.28
1584,26.34,2.64
1585,25.5,2.94
1586,26.46,2.39
1587,26.43,1.92
1588,25.71,1.6
1589,26.14,2.3
1590,27.4,1.45
1591,26.75,0.69
1592,27.59,2.65
1593,27.9,3.19
1594,27.58,0.86
1595,28.31,1.49
1596,27.26,2.85
1597,27.23,5.07
1598,27.64,2.24
1599,27.11,1.66
1600,26.86,2.07
1601,28.25,3.86
1602,25.74,1.72
1603,27.36,1.62
1604,28.45,1.83
1605,27.82,1.52
1606,27.15,2.34
1607,27.57,4.26
1608,27.73,2.53
1609,27.95,2.01
1610,26.0,1.98
1611,16.91,1.19
1612,27.98,3.17
1613,25.4,2.16
1614,25.18,2.07
1615,26.8,7.98
1616,29.12,2.51
1617,26.42,1.65
1618,26.48,1.88
1619,26.61,3.52
1620,27.16,2.33
1621,27.26,1.25
1622,28.57,3.21
1623,26.2,1.7
1624,27.41,4.71
1625,27.26,3.43
1626,27.49,1.86
1627,27.02,3.72
1628,26.13,2.29
1629,26.15,3.13
1630,26.6,2.7
1631,27.58,1.59
1632,25.87,1.72
1633,25.77,3.36
1634,26.15,1.95
1635,26.38,1.89
1636,27.84,1.52
1637,28.31,2.64
1638,26.07,5.08
1639,26.13,1.45
1640,25.66,2.25
1641,27.09,3.92
1642,27.92,2.16
1643,26.14,2.67
1644,25.8,1.46
1645,26.02,2.64
1646,25.85,2.07
1647,25.92,3.3
1648,27.15,3.58
1649,29.07,6.27
1650,26.78,2.81
1651,26.35,2.54
1652,28.0,2.41
1653,26.56,1.93
1654,25.54,2.55
1655,26.14,1.98
1656,25.93,2.38
1657,26.85,3.77
1658,25.61,1.49
1659,25.88,3.51
1660,25.64,3.77
1661,26.35,2.12
1662,25.66,0.95
1663,27.04,1.75
1664,25.47,3.74
1665,27.73,2.21
1666,25.75,1.49
1667,25.84,1.82
1668,25.71,3.12
1669,26.5,2.77
1670,27.17,2.02
1671,25.68,1.92
1672,26.73,1.9
1673,26.05,1.54
1674,26.11,4.25
1675,26.22,1.96
1676,27.41,3.62
1677,26.64,4.09
1678,26.17,3.32
1679,25.82,1.87
1680,27.0,2.62
1681,27.44,2.2
1682,26.68,1.55
1683,27.44,2.53
1684,26.65,1.39
1685,26.6,3.58
1686,26.01,1.85
1687,25.55,2.41
1688,26.21,2.49
1689,27.35,2.01
1690,26.93,2.81
1691,28.22,1.84
1692,27.02,3.15
1693,27.91,1.3
1694,25.71,2.34
1695,28.08,4.83
1696,25.82,1.49
1697,27.06,1.7
1698,27.44,2.73
1699,26.91,2.39
1700,27.58,2.56
1701,27.91,2.71
1702,27.2,2.87
1703,27.19,3.47
1704,25.93,2.62
1705,26.9,2.02
1706,27.36,2.91
1707,30.04,4.76
1708,28.43,2.11
1709,25.67,1.51
1710,26.34,3.47
1711,28.77,2.12
1712,25.86,0.93
1713,26.13,3.12
1714,25.33,1.8
1715,27.83,2.15
1716,27.47,2.54
1717,26.1,2.4
1718,25.89,2.96
1719,26.49,1.87
1720,26.27,2.73
1721,26.35,2.01
1722,26.99,2.99
1723,26.71,2.85
1724,29.08,1.53
1725,26.69,3.44
1726,28.21,1.8
1727,26.0,3.07
1728,26.61,2.58
1729,27.54,4.64
1730,27.33,2.04
1731,45.3,1.94
1732,27.58,2.21
1733,26.02,1.97
1734,26.13,3.06
1735,26.15,1.17
1736,26.33,1.46
1737,25.95,1.45
1738,26.12,3.25
1739,26.89,4.41
1740,27.47,2.13
1741,25.83,2.08
1742,25.45,2.29
1743,27.74,3.54
1744,26.66,1.54
1745,26.99,2.45
1746,26.73,3.29
1747,25.34,2.72
1748,26.42,2.4
1749,27.8,3.32
1750,27.24,0.75
1751,27.3,2.92
1752,26.04,1.71
1753,26.22,1.07
1754,28.04,2.73
1755,28.23,3.86
1756,28.01,2.11
1757,26.75,3.26
1758,26.24,4.24
1759,27.43,3.77
1760,27.64,4.29
1761,26.4,2.99
1762,26.51,2.29
1763,27.81,1.17
1764,25.72,2.02
1765,16.56,1.59
1766,28.33,5.3
1767,26.93,2.07
1768,26.34,2.34
1769,26.34,2.77
1770,26.91,2.26
1771,27.59,4.38
1772,27.18,1.73
1773,27.92,2.41
1774,27.97,1.65
1775,26.84,1.31
1776,26.91,1.74
1777,26.63,2.19
1778,26.55,1.87
1779,25.58,1.69
1780,26.46,1.27
1781,26.22,2.15
1782,25.83,1.22
1783,26.37,3.02
1784,27.73,2.3
1785,26.66,1.24
1786,28.04,1.97
1787,26.22,1.65
1788,26.1,2.53
1789,27.18,3.8
1790,27.66,1.05
1791,26.1,2.33
1792,26.47,2.09
1793,27.07,2.91
1794,27.51,2.42
1795,26.66,1.65
1796,26.71,1.96
1797,27.49,1.62
1798,25.97,3.42
1799,27.49,2.24
1800,27.6,4.76
1801,26.64,2.17
1802,25.83,1.68
1803,26.63,1.21
1804,26.61,1.08
1805,25.88,1.18
1806,27.18,2.48
1807,25.41,2.73
1808,26.05,1.18
1809,27.28,3.18
1810,26.14,1.83
1811,27.47,2.36
1812,29.34,4.24
1813,26.44,3.19
1814,25.99,2.0
1815,27.28,1.56
1816,25.97,0.94
1817,27.11,1.67
1818,26.1,2.05
1819,26.95,1.5
1820,26.2,2.11
1821,26.29,2.3
1822,27.25,2.03
1823,26.98,1.72
1824,25.58,2.38
1825,27.38,2.66
1826,28.34,1.44
1827,27.72,3.91
1828,27.05,2.14
1829,25.89,2.24
1830,26.9,2.95
1831,26.2,2.44
1832,27.88,3.26
1833,25.83,2.5
1834,27.92,1.74
1835,26.75,2.57
1836,26.6,1.41
1837,26.58,2.32
1838,28.15,2.2
1839,25.59,2.05
1840,26.55,2.11
1841,26.08,1.05
1842,25.89,1.79
1843,26.9,2.31
1844,28.55,2.37
1845,27.95,1.48
1846,27.57,3.69
1847,25.97,1.57
1848,26.36,3.28
1849,25.79,2.64
1850,26.09,1.72
1851,25.9,4.53
1852,25.53,1.38
1853,26.01,3.21
1854,25.43,3.32
1855,27.71,1.7
1856,26.45,3.88
1857,25.41,2.01
1858,27.26,2.5
1859,28.7,2.47
1860,26.97,2.11
1861,25.56,3.08
1862,25.97,3.06
1863,25.75,1.11
1864,26.6,3.75
1865,26.97,1.14
1866,25.99,3.36
1867,26.62,3.49
1868,26.7,1.44
1869,26.95,1.89
1870,26.64,1.43
1871,27.48,2.04
1872,47.05,1.97
1873,29.28,3.04
1874,26.94,3.76
1875,27.53,3.89
1876,26.24,1.78
1877,27.27,2.05
1878,26.66,1.13
1879,26.56,1.61
1880,27.17,3.27
1881,26.29,4.25
1882,26.06,1.36
1883,25.64,1.76
1884,27.1,2.2
1885,27.68,2.49
1886,26.6,1.61
1887,26.63,2.64
1888,26.93,1.84
1889,27.01,2.21
1890,26.01,2.77
1891,27.36,2.23
1892,26.59,1.87
1893,26.22,2.13
1894,26.71,2.15
1895,28.65,1.92
1896,28.35,2.01
1897,26.85,4.22
1898,26.47,2.79
1899,26.11,1.98
1900,26.64,2.94
1901,26.08,1.95
1902,27.2,3.56
1903,25.68,2.58
1904,26.84,2.13
1905,25.74,2.66
1906,25.98,1.19
1907,27.46,1.42
1908,29.12,1.38
1909,26.3,2.36
1910,26.99,4.45
1911,25.81,5.43
1912,26.24,2.87
1913,27.24,2.72
1914,26.77,1.08
1915,25.81,1.79
1916,25.68,1.62
1917,27.33,1.74
1918,25.74,2.08
1919,26.57,1.84
1920,25.38,1.01
1921,27.34,3.0
1922,27.87,1.45
1923,26.95,2.45
1924,26.68,5.1
1925,27.78,1.54
1926,27.41,0.81
1927,26.96,1.98
1928,27.6,3.46
1929,26.67,4.87
1930,28.48,1.36
1931,27.19,2.71
1932,27.89,1.85
1933,26.53,2.13
1934,27.99,6.41
1935,26.01,1.22
1936,26.96,2.46
1937,25.85,2.68
1938,26.06,3.44
1939,27.28,2.31
1940,27.02,2.52
1941,28.05,1.9
1942,26.33,2.48
1943,26.35,1.94
1944,26.79,2.85
1945,27.06,1.92
1946,27.12,2.59
1947,26.74,2.2
1948,26.4,3.49
1949,26.04,2.18
1950,25.9,1.1
1951,28.55,3.69
1952,28.7,1.55
1953,25.52,1.71
1954,25.84,1.75
1955,28.71,3.86
1956,27.49,0.95
1957,26.81,7.81
1958,26.69,3.4
1959,27.61,2.43
1960,27.19,2.18
1961,26.23,2.49
1962,26.95,2.74
1963,26.18,2.88
1964,26.92,2.78
1965,28.19,2.31
1966,26.86,2.06
1967,27.19,2.09
1968,28.44,2.06
1969,26.42,3.5
1970,27.05,2.82
1971,26.75,0.69
1972,26.96,2.89
1973,27.82,2.41
1974,30.65,2.21
1975,26.37,1.91
1976,27.58,3.49
1977,27.27,3.25
1978,26.75,1.63
1979,27.52,2.62
1980,29.71,1.51
1981,26.8,1.28
1982,26.6,1.73
1983,26.36,3.14
1984,28.88,3.26
1985,26.32,2.73
1986,25.62,2.97
1987,26.47,2.74
1988,26.28,1.72
1989,26.15,2.65
1990,26.76,3.07
1991,25.79,3.01
1992,26.02,3.58
1993,27.24,2.95
1994,26.29,2.56
1995,26.59,3.41
1996,26.01,2.2
1997,26.7,1.56
1998,28.4,2.09
1999,26.29,1.65
2000,28.59,1.7
2001,26.0,2.1
2002,26.83,1.62
2003,25.69,1.97
2004,26.9,1.04
2005,26.12,2.42
2006,27.31,2.23
2007,25.78,1.61
2008,26.0,2.9
2009,27.04,3.24
2010,26.87,1.17
2011,27.15,1.64
2012,27.5,1.64
2013,27.08,1.53
2014,27.41,3.1
2015,26.24,2.06
2016,27.5,2.0
2017,26.8,1.0
2018,26.75,2.87
2019,25.98,1.36
2020,26.4,2.28
2021,27.02,2.49
2022,25.7,3.84
2023,26.93,1.32
2024,26.8,0.67
2025,26.47,2.4
2026,27.45,4.57
2027,26.58,3.65
2028,26.58,2.42
2029,25.92,1.83
2030,26.8,3.07
2031,27.78,1.51
2032,27.4,2.69
2033,27.74,2.72
2034,27.25,3.4
2035,26.18,6.71
2036,27.19,2.6
2037,26.35,1.82
2038,50.45,2.2
2039,26.15,1.1
2040,26.27,1.69
2041,26.22,1.89
2042,27.85,1.8
2043,19.24,2.37
2044,26.51,1.6
2045,27.59,3.48
2046,26.04,2.23
2047,25.93,2.22
2048,26.97,1.95
2049,26.89,2.37
2050,26.44,3.1
2051,25.79,1.57
2052,28.19,1.71
2053,28.23,1.97
2054,28.78,1.3
2055,29.56,1.6
2056,26.7,1.84
2057,26.49,3.16
2058,27.86,2.47
2059,26.54,2.4
2060,26.5,3.13
2061,26.77,2.11
2062,28.49,2.6
2063,26.39,2.14
2064,27.65,2.47
2065,26.98,1.76
2066,26.6,0.84
2067,27.16,2.11
2068,26.03,3.93
2069,26.86,3.22
2070,27.23,3.27
2071,27.49,3.65
2072,26.67,2.31
2073,28.79,2.41
2074,26.85,1.74
2075,28.99,1.96
2076,26.15,2.85
2077,26.58,3.6
2078,26.16,2.1
2079,28.02,1.86
2080,27.7,2.23
2081,27.1,2.83
2082,28.17,1.25
2083,27.31,0.89
2084,26.52,1.79
2085,27.78,1.37
2086,25.95,1.82
2087,27.26,2.1
2088,27.48,1.86
2089,29.08,3.98
2090,28.87,2.54
2091,29.23,2.51
2092,26.57,2.85
2093,27.47,1.41
2094,27.35,3.37
2095,28.14,2.16
2096,26.77,2.91
2097,27.1,1.45
2098,26.4,1.2
2099,28.46,3.09
2100,28.34,2.59
2101,27.0,1.55
2102,26.64,1.57
2103,27.8,3.49
2104,26.46,1.38
2105,26.65,4.29
2106,26.96,1.55
2107,26.55,2.87
2108,26.12,1.95
2109,26.25,2.83
2110,27.48,1.79
2111,26.21,2.09
2112,26.95,2.26
2113,27.37,1.49
2114,27.48,2.99
2115,28.11,1.81
2116,28.78,2.03
2117,28.31,1.5
2118,26.27,0.8
2119,26.56,2.06
2120,26.82,5.84
2121,27.03,3.05
2122,26.67,2.21
2123,27.03,2.0
2124,26.57,2.25
2125,25.98,2.77
2126,26.65,1.39
2127,26.17,3.48
2128,26.99,2.96
2129,26.07,2.97
2130,25.87,2.65
2131,26.62,2.24
2132,27.18,2.91
2133,26.01,2.82
2134,25.46,1.93
2135,26.04,1.77
2136,27.02,2.32
2137,27.17,4.14
2138,26.05,1.36
2139,25.99,1.24
2140,25.81,2.38
2141,26.7,2.27
2142,26.29,2.39
2143,27.46,2.45
2144,26.45,2.04
2145,26.73,4.04
2146,26.96,1.17
2147,26.52,1.6
2148,29.81,2.14
2149,26.39,1.15
2150,25.76,2.07
2151,27.36,4.33
2152,25.58,2.24
2153,25.92,2.44
2154,28.08,1.34
2155,26.02,1.74
2156,26.25,1.92
2157,28.94,1.96
2158,25.72,3.72
2159,26.66,2.78
2160,27.32,1.43
2161,26.41,2.46
2162,26.05,2.72
2163,25.58,3.51
2164,26.32,4.19
2165,27.28,1.48
2166,28.81,1.61
2167,25.74,1.35
2168,26.8,2.03
2169,28.24,2.68
2170,26.45,3.3
2171,27.5,2.16
2172,26.68,1.96
2173,27.6,2.36
2174,27.84,1.59
2175,26.31,5.13
2176,26.19,1.17
2177,27.53,2.4
2178,27.08,5.0
2179,26.74,2.23
2180,26.69,2.06
2181,26.15,1.93
2182,26.91,2.07
2183,29.04,3.85
2184,27.4,0.92
2185,26.67,4.11
2186,25.71,1.26
2187,26.79,2.0
2188,27.7,1.87
2189,27.27,2.82
2190,26.52,1.17
2191,27.14,2.68
2192,27.7,5.0
2193,27.87,1.29
2194,27.33,2.4
2195,50.3,1.71
2196,25.5,2.64
2197,26.62,2.24
2198,28.05,1.72
2199,25.79,2.71
2200,25.49,4.58
2201,26.41,2.06
2202,28.0,2.97
2203,26.37,1.33
2204,25.76,1.52
2205,26.8,2.69
2206,27.37,4.03
2207,27.69,2.57
2208,27.13,1.96
2209,26.94,2.22
2210,25.65,1.35
2211,26.34,2.83
2212,26.27,3.17
2213,25.98,1.86
2214,26.64,1.84
2215,27.91,2.48
2216,27.98,1.87
2217,26.02,2.17
2218,26.58,5.15
2219,26.55,2.02
2220,25.56,1.93
2221,27.0,1.72
2222,26.09,3.0
2223,26.32,2.07
2224,26.01,1.72
2225,25.68,3.78
2226,27.85,3.93
2227,25.93,1.75
2228,27.07,1.05
2229,26.52,3.33
2230,25.4,1.69
2231,25.81,3.05
2232,26.22,1.01
2233,25.77,3.18
2234,25.76,1.37
2235,27.39,2.98
2236,26.68,2.24
2237,25.92,1.52
2238,28.81,1.89
2239,25.76,2.93
2240,26.56,2.32
2241,25.66,2.81
2242,28.01,4.91
2243,26.25,1.19
2244,27.33,4.25
2245,26.56,2.32
2246,27.01,1.55
2247,25.89,1.31
2248,27.86,2.06
2249,29.82,3.22
2250,25.91,2.11
2251,26.21,4.07
2252,28.09,1.25
2253,28.24,2.21
2254,26.97,1.35
2255,25.91,2.57
2256,25.58,3.17
2257,25.68,1.88
2258,27.96,0.79
2259,26.38,2.41
2260,27.55,2.65
2261,26.57,2.62
2262,18.26,3.65
2263,27.85,1.45
2264,26.04,2.92
2265,28.22,3.59
2266,26.81,1.09
2267,26.0,2.53
2268,26.7,1.82
2269,28.14,2.15
2270,27.69,2.56
2271,25.82,1.83
2272,26.73,1.7
2273,25.82,2.26
2274,27.83,1.44
2275,27.78,1.44
2276,26.81,2.92
2277,26.57,1.41
2278,27.56,2.91
2279,26.88,2.68
2280,28.19,1.12
2281,26.54,1.7
2282,26.55,3.59
2283,26.2,1.5
2284,25.7,1.85
2285,26.99,2.68
2286,26.92,3.04
2287,25.56,2.01
2288,28.16,1.75
2289,17.32,3.93
2290,27.88,4.46
2291,26.7,3.29
2292,28.18,2.3
2293,27.1,1.61
2294,28.34,1.6
2295,26.76,2.74
2296,25.94,2.63
2297,26.73,3.9
2298,25.99,2.89
2299,27.63,1.22
2300,25.82,3.39
2301,27.62,1.49
2302,27.22,1.91
2303,26.25,2.46
2304,25.93,4.94
2305,26.85,7.72
2306,27.3,2.84
2307,26.16,2.07
2308,26.6,2.76
2309,29.3,3.17
2310,25.93,1.96
2311,28.66,4.56
2312,27.09,2.44
2313,26.05,2.72
2314,26.46,2.9
2315,27.95,2.63
2316,26.4,3.11
2317,25.67,1.74
2318,26.51,1.78
2319,28.14,1.43
2320,28.74,2.65
2321,28.43,3.04
2322,26.58,2.67
2323,28.34,4.35
2324,28.52,2.22
2325,26.78,2.91
2326,26.52,1.44
2327,26.69,1.91
2328,27.23,2.94
2329,26.86,3.13
2330,26.87,1.98
2331,26.28,2.16
2332,26.38,1.21
2333,25.92,1.93
2334,25.93,3.18
2335,28.1,2.8
2336,26.2,2.72
2337,26.11,2.27
2338,26.85,2.23
2339,25.84,1.71
2340,26.07,2.94
2341,25.93,2.63
2342,26.98,2.71
2343,26.98,1.8
2344,25.59,0.94
2345,26.87,3.45
2346,27.15,1.84
2347,25.21,1.58
2348,25.87,2.94
2349,27.19,1.9
2350,25.8,3.4
2351,51.13,2.85
2352,26.04,2.93
2353,28.09,1.29
2354,29.83,3.61
2355,27.74,2.47
2356,30.21,1.92
2357,26.11,2.36
2358,27.74,1.09
2359,31.26,2.62
2360,31.86,1.47
2361,31.83,1.3
2362,30.08,1.21
2363,62.85,3.47
2364,29.56,1.73
2365,26.77,4.11
2366,28.1,1.8
2367,26.28,1.12
2368,25.74,1.42
2369,29.29,3.65
2370,26.33,2.09
2371,26.31,1.79
2372,28.64,2.37
2373,26.97,2.72
2374,29.58,3.48
2375,28.73,3.97
2376,26.2,1.93
2377,27.22,1.31
2378,26.52,1.89
2379,29.13,2.47
2380,26.87,1.51
2381,26.36,1.52
2382,26.93,2.55
2383,27.35,2.18
2384,27.11,2.25
2385,28.49,1.64
2386,28.14,2.03
2387,29.98,1.54
2388,26.95,3.18
2389,26.02,3.37
2390,25.78,1.06
2391,26.48,1.53
2392,25.61,1.22
2393,26.08,1.72
2394,26.73,2.15
2395,27.07,1.25
2396,27.36,1.54
2397,27.13,1.49
2398,27.4,2.42
2399,27.8,2.29
2400,26.41,1.67
2401,25.77,2.39
2402,25.95,1.79
2403,27.11,2.0
2404,27.46,4.35
2405,28.34,3.8
2406,26.13,1.32
2407,25.89,3.1
2408,27.0,3.08
2409,26.51,1.41
2410,26.17,3.09
2411,25.99,4.12
2412,25.85,1.42
2413,27.25,1.54
2414,26.57,3.34
2415,26.23,2.48
2416,28.61,2.77
2417,26.31,2.55
2418,28.15,2.6
2419,31.18,1.31
2420,29.34,3.38
2421,28.01,3.55
2422,25.7,2.03
2423,25.97,2.19
2424,26.69,1.21
2425,28.13,2.73
2426,27.93,2.8
2427,26.33,2.17
2428,27.38,3.49
2429,27.5,1.95
2430,27.34,2.79
2431,26.3,1.48
2432,26.86,2.2
2433,25.74,2.08
2434,26.57,2.44
2435,27.27,1.92
2436,27.91,2.11
2437,27.93,3.1
2438,26.3,1.87
2439,26.15,1.17
2440,25.94,4.48
2441,25.91,3.87
2442,29.25,1.33
2443,26.06,2.93
2444,26.26,1.82
2445,26.59,2.47
2446,27.07,2.5
2447,25.75,2.03
2448,26.35,1.63
2449,28.37,1.69
2450,26.65,1.54
2451,27.72,1.6
2452,27.82,2.17
2453,26.55,1.67
2454,27.56,2.92
2455,28.36,4.03
2456,26.42,1.76
2457,27.17,2.45
2458,27.02,2.72
2459,25.48,2.69
2460,26.37,2.29
2461,25.59,3.0
2462,27.66,2.7
2463,26.33,1.36
2464,28.7,3.15
2465,26.03,3.17
2466,26.9,1.64
2467,28.63,2.26
2468,26.42,2.93
2469,26.61,2.05
2470,26.64,3.42
2471,26.81,5.73
2472,26.05,1.63
2473,26.83,1.28
2474,26.01,2.51
2475,26.99,2.97
2476,25.47,2.03
2477,26.92,3.98
2478,28.09,1.3
2479,26.18,2.94
2480,26.39,1.75
2481,26.9,4.43
2482,25.94,4.94
2483,26.8,1.64
2484,27.35,1.79
2485,26.14,3.14
2486,26.39,1.91
2487,25.9,2.19
2488,28.5,2.25
2489,27.42,1.03
2490,26.59,2.21
2491,27.35,1.69
2492,25.92,1.83
2493,26.67,3.96
2494,26.21,1.35
2495,28.26,3.08
2496,27.61,1.99
2497,26.47,1.99
2498,26.58,3.05
2499,25.82,2.55
2500,26.25,2.8
2501,29.31,3.28
2502,28.34,1.95
2503,27.95,1.74
2504,28.7,1.44
2505,33.18,1.6
2506,29.81,7.24
2507,31.24,3.66
2508,28.21,1.3
2509,27.11,1.31
2510,27.98,2.7
2511,29.05,2.77
2512,28.09,2.77
2513,27.79,2.01
2514,27.8,2.12
2515,27.41,2.54
2516,29.72,2.3
2517,27.34,0.92
2518,27.64,2.03
2519,27.13,1.58
2520,26.04,2.39
2521,26.28,7.35
2522,26.62,2.58
2523,27.45,1.96
2524,27.34,3.22
2525,26.35,2.7
2526,26.66,2.63
2527,28.89,2.84
2528,25.63,5.07
2529,27.71,1.42
2530,28.12,2.69
2531,25.98,1.54
2532,27.74,2.78
2533,28.97,1.54
2534,29.98,1.88
2535,26.34,1.98
2536,26.34,3.29
2537,26.64,3.21
2538,26.01,1.35
2539,27.43,2.27
2540,26.78,1.68
2541,26.48,1.35
2542,26.11,2.04
2543,25.36,1.97
2544,25.92,5.87
2545,25.98,2.65
2546,26.0,1.28
2547,28.7,1.78
2548,26.84,3.35
2549,26.12,5.13
2550,28.45,1.18
2551,26.31,1.05
2552,26.45,4.7
2553,26.61,2.6
2554,28.54,1.57
2555,27.87,2.76
2556,31.61,0.78
2557,26.47,2.23
2558,26.61,2.54
2559,32.12,3.22
2560,26.3,1.48
2561,25.95,2.3
2562,25.78,1.54
2563,26.31,2.46
2564,57.9,1.56
2565,26.33,1.89
2566,27.18,1.49
2567,27.46,2.89
2568,25.68,3.14
2569,27.81,2.03
2570,29.46,2.26
2571,27.57,1.25
2572,26.27,1.97
2573,26.69,2.18
2574,27.46,6.35
2575,28.3,1.43
2576,30.3,4.0
2577,27.78,3.32
2578,26.76,2.49
2579,28.55,4.5
2580,27.45,2.58
2581,28.93,2.6
2582,26.17,2.18
2583,26.94,3.63
2584,25.7,3.45
2585,29.05,1.73
2586,28.19,1.31
2587,25.84,2.05
2588,27.56,1.62
2589,27.88,2.17
2590,27.62,3.65
2591,26.19,1.85
2592,26.35,2.19
2593,28.26,2.28
2594,29.62,3.12
2595,27.14,0.91
2596,26.17,1.75
2597,28.92,2.42
2598,26.19,3.6
2599,27.63,1.83
2600,26.71,1.05
2601,18.17,2.85
2602,30.01,1.73
2603,27.22,1.38
2604,26.84,1.73
2605,27.48,2.07
2606,26.51,1.75
2607,26.52,0.92
2608,26.04,3.19
2609,27.62,3.71
2610,26.11,2.89
2611,26.14,1.41
2612,25.95,2.05
2613,25.99,2.22
2614,26.59,2.83
2615,27.14,2.91
2616,27.18,1.66
2617,26.2,2.3
2618,26.65,2.67
2619,35.58,3.98
2620,32.58,2.95
2621,26.02,3.05
2622,26.62,2.3
2623,31.12,3.91
2624,27.14,2.62
2625,26.78,1.58
2626,28.45,3.9
2627,28.68,2.94
2628,29.99,1.86
2629,26.93,1.84
2630,27.52,2.51
2631,25.96,2.68
2632,26.85,2.41
2633,28.09,2.52
2634,27.67,4.39
2635,26.57,3.42
2636,25.77,2.4
2637,25.78,3.24
2638,26.43,1.47
2639,26.52,2.61
2640,28.98,4.59
2641,27.28,2.04
2642,27.48,1.59
2643,27.14,1.71
2644,26.82,1.44
2645,26.02,1.63
2646,27.73,1.92
2647,27.28,1.27
2648,27.53,2.24
2649,26.83,3.19
2650,27.46,1.55
2651,25.76,4.09
2652,27.32,2.73
2653,26.81,3.36
2654,26.55,1.71
2655,26.13,3.13
2656,18.0,1.44
2657,25.49,3.18
2658,25.88,2.38
2659,27.08,2.78
2660,28.27,1.39
2661,26.75,1.56
2662,26.44,2.83
2663,27.78,1.52
2664,26.77,2.68
2665,25.21,1.29
2666,26.82,3.12
2667,27.61,1.36
2668,26.11,2.78
2669,26.87,2.86
2670,26.22,1.68
2671,25.78,2.81
2672,26.85,2.47
2673,26.28,1.79
2674,26.08,1.49
2675,26.59,1.02
2676,26.9,2.56
2677,26.26,1.19
2678,26.14,2.31
2679,25.75,2.0
2680,26.45,2.92
2681,27.86,1.97
2682,25.81,1.95
2683,26.25,2.98
2684,26.86,2.54
2685,26.19,2.53
2686,28.39,2.69
2687,25.32,1.2
2688,17.22,3.01
2689,25.49,2.84
2690,26.0,1.48
2691,28.15,2.02
2692,28.12,2.19
2693,26.16,2.11
2694,26.1,2.54
2695,28.02,3.95
2696,27.05,3.43
2697,26.32,1.32
2698,27.39,2.85
2699,26.85,3.79
2700,27.08,2.6
2701,25.84,3.44
2702,27.85,4.98
2703,27.17,3.35
2704,28.46,2.46
2705,25.83,3.38
2706,27.61,2.36
2707,27.18,2.25
2708,27.67,1.93
2709,26.12,4.16
2710,25.76,1.6
2711,25.89,4.11
2712,26.55,2.72
2713,27.1,1.27
2714,26.55,2.58
2715,26.43,0.96
2716,26.45,2.86
2717,27.13,3.17
2718,25.84,1.76
2719,25.9,2.34
2720,27.27,4.86
2721,26.15,1.82
2722,28.09,1.46
2723,26.41,4.03
2724,26.85,4.88
2725,26.81,2.23
2726,27.07,3.34
2727,26.86,3.81
2728,26.26,1.65
2729,27.44,1.83
2730,26.96,3.64
2731,33.17,4.37
2732,27.75,2.79
2733,28.32,1.57
2734,28.33,4.93
2735,27.08,1.8
2736,27.37,1.95
2737,36.03,2.55
2738,26.81,4.14
2739,30.03,3.13
2740,29.1,2.63
2741,27.74,2.68
2742,27.8,2.26
2743,25.45,2.78
2744,63.81,0.81
2745,26.4,1.98
2746,28.32,2.45
2747,27.99,1.4
2748,27.33,2.6
2749,27.78,2.05
2750,26.79,4.49
2751,29.03,4.18
2752,26.6,1.85
2753,28.6,2.1
2754,31.99,2.16
2755,29.48,1.86
2756,25.95,2.41
2757,27.97,1.64
2758,25.53,1.42
2759,26.48,2.86
2760,26.4,2.86
2761,28.42,1.61
2762,27.44,3.18
2763,27.36,1.73
2764,26.43,2.46
2765,27.07,3.09
2766,26.2,2.2
2767,26.26,2.67
2768,28.07,1.81
2769,27.54,2.06
2770,25.93,2.05
2771,26.79,1.65
2772,26.03,2.07
2773,25.56,1.2
2774,27.61,1.83
2775,26.26,1.99
2776,25.87,2.01
2777,27.59,2.02
2778,27.06,2.17
2779,28.0,2.7
2780,29.24,3.16
2781,25.63,1.72
2782,28.02,1.38
2783,27.68,1.47
2784,27.5,1.83
2785,26.18,1.93
2786,26.98,1.64
2787,40.82,1.33
2788,38.62,1.85
2789,26.13,2.39
2790,29.09,2.82
2791,37.56,1.78
2792,27.28,1.89
2793,26.32,1.54
2794,30.25,2.2
2795,26.1,1.59
2796,26.13,2.8
2797,26.34,1.09
2798,25.64,1.93
2799,26.34,2.51
2800,27.27,2.4
2801,26.35,6.54
2802,25.61,2.56
2803,26.3,1.49
2804,26.53,2.14
2805,25.87,1.09
2806,27.73,2.15
2807,27.47,1.59
2808,26.26,3.21
2809,27.98,1.79
2810,26.36,2.12
2811,27.66,1.73
2812,27.49,4.46
2813,28.07,1.96
2814,27.74,4.63
2815,29.31,3.08
2816,27.52,2.7
2817,28.51,2.58
2818,25.74,2.61
2819,26.27,1.03
2820,31.09,1.99
2821,29.1,3.12
2822,26.62,2.18
2823,26.41,1.27
2824,26.37,2.18
2825,28.25,4.4
2826,27.11,3.66
2827,27.33,2.17
2828,26.51,3.26
2829,29.15,1.92
2830,28.33,1.13
2831,25.81,1.54
2832,25.53,4.16
2833,26.38,1.99
2834,27.11,2.02
2835,27.27,1.97
2836,26.34,4.77
2837,26.65,4.26
2838,26.59,5.41
2839,26.43,2.09
2840,26.24,2.5
2841,27.01,1.21
2842,26.89,4.02
2843,25.74,1.39
2844,27.01,2.43
2845,26.41,1.43
2846,26.04,1.76
2847,26.96,1.59
2848,26.62,1.75
2849,29.36,1.79
2850,28.03,1.79
2851,25.99,3.11
2852,26.4,1.43
2853,26.96,2.43
2854,27.47,3.62
2855,27.49,1.81
2856,25.85,1.67
2857,25.89,2.03
2858,26.86,3.57
2859,26.71,2.41
2860,26.49,1.8
2861,27.14,2.7
2862,25.8,1.43
2863,27.91,2.92
2864,30.87,2.62
2865,25.9,1.97
2866,26.35,1.59
2867,26.42,1.56
2868,27.01,2.76
2869,28.07,3.64
2870,27.74,1.72
2871,27.61,2.67
2872,25.52,0.97
2873,26.74,1.76
2874,26.09,2.2
2875,26.3,1.55
2876,17.38,1.53
2877,28.66,1.7
2878,26.79,2.5
2879,25.75,2.06
2880,25.33,0.91
2881,27.36,0.95
2882,27.97,1.75
2883,25.7,2.67
2884,27.22,0.74
2885,27.06,1.82
2886,54.82,1.8
2887,28.94,3.88
2888,29.04,1.91
2889,27.44,2.59
2890,25.83,2.35
2891,26.82,0.95
2892,37.95,3.03
2893,25.7,2.43
2894,26.47,2.73
2895,28.61,10.7
2896,28.05,0.97
2897,26.01,4.44
2898,26.94,1.98
2899,27.43,2.5
2900,27.72,2.19
2901,26.59,1.88
2902,26.09,1.77
2903,27.46,2.54
2904,27.2,1.21
2905,26.33,3.0
2906,26.14,1.88
2907,27.37,1.42
2908,25.81,1.86
2909,27.38,3.68
2910,26.52,1.8
2911,28.05,2.57
2912,27.35,1.66
2913,25.91,3.01
2914,27.11,2.93
2915,25.92,4.66
2916,26.14,2.07
2917,26.27,2.91
2918,27.07,2.31
2919,25.67,3.74
2920,27.8,1.67
2921,29.07,3.0
2922,28.78,2.06
2923,26.79,2.17
2924,30.48,2.31
2925,27.37,2.46
2926,28.53,2.12
2927,26.24,2.43
2928,26.38,4.18
2929,28.85,3.3
2930,27.79,3.15
2931,26.92,1.85
2932,25.77,1.56
2933,26.77,3.26
2934,27.45,3.16
2935,28.59,4.01
2936,26.85,1.75
2937,27.73,2.03
2938,26.0,1.16
2939,28.74,1.9
2940,27.0,3.32
2941,25.61,1.85
2942,26.85,2.88
2943,28.0,2.06
2944,26.45,2.53
2945,25.82,1.41
2946,27.51,2.3
2947,26.12,0.67
2948,27.51,2.07
2949,27.12,1.16
2950,27.14,3.61
2951,27.25,3.04
2952,26.85,2.68
2953,27.42,4.09
2954,26.11,1.52
2955,26.97,4.48
2956,26.9,3.23
2957,27.7,2.02
2958,26.91,3.51
2959,25.64,1.43
2960,26.32,1.6
2961,26.69,1.74
2962,26.26,1.8
2963,25.93,1.46
2964,27.2,3.63
2965,28.25,2.01
2966,25.44,2.56
2967,28.69,1.77
2968,28.96,1.07
2969,28.49,2.48
2970,26.35,1.04
2971,26.47,2.17
2972,25.84,1.29
2973,26.81,4.93
2974,26.27,3.2
2975,26.02,2.32
2976,26.93,3.69
2977,26.19,1.59
2978,26.55,2.77
2979,25.87,2.41
2980,26.1,2.47
2981,28.03,3.7
2982,26.31,2.98
2983,26.0,2.5
2984,27.43,1.15
2985,29.22,1.52
2986,30.44,2.12
2987,26.19,2.31
2988,29.7,1.42
2989,27.27,5.84
2990,26.58,4.08
2991,28.24,2.83
2992,28.66,2.29
2993,27.84,2.04
2994,42.79,1.52
2995,27.5,2.3
2996,27.08,2.47
2997,29.2,1.35
2998,26.34,2.54
2999,27.41,2.09
3000,27.03,1.04
3001,25.53,1.58
3002,26.88,1.89
3003,28.69,4.74
3004,26.32,2.78
3005,26.93,1.3
3006,26.26,2.7
3007,27.42,1.2
3008,26.34,3.43
3009,26.26,1.84
3010,26.96,2.14
3011,26.25,3.78
3012,26.98,1.33
3013,26.23,1.27
3014,26.84,1.76
3015,26.73,3.37
3016,26.79,1.21
3017,25.71,0.72
3018,26.9,1.86
3019,26.15,2.78
3020,26.84,3.6
3021,27.72,1.85
3022,25.71,1.89
3023,26.06,3.53
3024,26.22,1.05
3025,27.07,1.91
3026,27.2,2.4
3027,26.94,2.66
3028,26.67,1.81
3029,26.19,2.26
3030,25.94,0.82
3031,27.72,1.71
3032,28.48,2.67
3033,26.81,1.5
3034,26.62,2.28
3035,26.66,2.66
3036,26.87,1.94
3037,26.98,2.38
3038,27.69,1.51
3039,27.66,2.05
3040,25.94,2.84
3041,26.78,2.37
3042,26.93,1.76
3043,28.36,2.43
3044,28.46,2.96
3045,25.59,0.98
3046,25.45,3.54
3047,26.24,1.95
3048,25.91,2.64
3049,26.7,3.59
3050,27.08,1.29
3051,59.57,1.68
3052,28.28,1.98
3053,25.58,1.63
3054,27.04,4.45
3055,26.5,1.58
3056,25.49,1.78
3057,28.48,2.42
3058,27.29,1.38
3059,27.98,1.9
3060,27.29,2.53
3061,27.17,1.95
3062,26.22,2.14
3063,27.95,1.8
3064,27.36,1.21
3065,28.14,2.53
3066,27.31,4.49
3067,26.13,2.24
3068,27.37,2.44
3069,27.33,2.94
3070,27.92,1.34
3071,26.14,4.4
3072,26.02,2.41
3073,26.61,4.27
3074,27.49,1.66
3075,28.95,4.61
3076,27.64,3.03
3077,26.86,2.78
3078,28.08,2.44
3079,26.33,2.01
3080,26.21,3.6
3081,27.46,2.35
3082,27.16,1.01
3083,26.87,1.42
3084,26.95,2.07
3085,26.09,2.52
3086,26.31,2.18
3087,27.35,3.62
3088,28.13,1.02
3089,26.24,2.36
3090,30.13,1.08
3091,26.91,3.02
3092,27.22,2.14
3093,27.49,2.63
3094,27.27,1.58
3095,29.1,3.71
3096,28.58,3.38
3097,27.04,2.81
3098,26.67,2.11
3099,25.77,2.81
3100,25.57,1.68
3101,26.62,3.13
3102,27.01,4.31
3103,27.35,3.42
3104,26.63,1.66
3105,29.15,2.57
3106,25.39,1.33
3107,27.9,2.8
3108,25.66,2.67
3109,27.85,1.05
3110,26.86,1.4
3111,27.74,1.99
3112,25.71,1.97
3113,25.46,1.37
3114,26.14,2.6
3115,28.08,2.46
3116,26.05,2.06
3117,27.47,1.64
3118,27.41,3.39
3119,26.4,4.32
3120,26.01,1.83
3121,27.68,1.74
3122,26.6,2.71
3123,26.32,1.93
3124,26.0,2.1
3125,26.43,2.99
3126,25.84,1.04
3127,27.72,3.77
3128,26.58,2.29
3129,27.71,1.89
3130,28.12,2.15
3131,27.35,2.19
3132,28.3,1.11
3133,26.21,4.05
3134,25.84,2.26
3135,27.24,2.66
3136,26.72,3.26
3137,25.6,1.48
3138,27.41,2.69
3139,26.54,2.0
3140,25.76,3.12
3141,26.65,0.95
3142,28.12,2.14
3143,28.89,1.75
3144,37.05,2.65
3145,27.48,2.69
3146,27.48,1.68
3147,26.65,1.67
3148,26.0,2.13
3149,27.16,1.55
3150,26.63,3.12
3151,26.14,1.92
3152,26.34,0.7
3153,26.4,1.92
3154,27.78,1.47
3155,27.27,1.16
3156,27.07,1.36
3157,26.34,2.33
3158,27.89,3.79
3159,25.91,2.52
3160,26.58,1.75
3161,27.22,2.67
3162,29.35,1.85
3163,28.96,1.69
3164,27.08,1.4
3165,27.0,1.1
3166,26.08,1.9
3167,26.62,2.37
3168,26.81,2.14
3169,26.07,1.88
3170,28.52,1.52
3171,26.7,2.84
3172,25.78,1.31
3173,27.44,3.04
3174,27.09,1.49
3175,26.08,1.65
3176,27.73,1.24
3177,27.99,1.82
3178,26.42,3.29
3179,26.36,2.74
3180,26.43,3.29
3181,26.69,2.74
3182,26.76,1.43
3183,28.78,1.95
3184,26.56,1.63
3185,27.6,3.79
3186,28.37,1.38
3187,27.26,3.18
3188,25.9,3.18
3189,26.78,4.63
3190,29.65,1.89
3191,25.95,2.96
3192,28.48,5.54
3193,27.28,1.74
3194,26.44,1.2
3195,27.49,1.05
3196,26.76,2.96
3197,26.11,1.05
3198,26.87,1.92
3199,26.49,2.65
3200,56.7,2.4
3201,26.93,2.64
3202,27.74,2.43
3203,25.94,3.71
3204,17.95,1.52
3205,27.5,1.7
3206,28.02,1.63
3207,28.26,3.1
3208,26.09,3.19
3209,26.92,2.67
3210,26.67,3.57
3211,28.19,1.39
3212,27.65,4.34
3213,28.11,4.09
3214,26.77,2.99
3215,29.03,4.54
3216,30.07,1.15
3217,26.92,1.8
3218,26.19,1.66
3219,27.3,2.97
3220,27.7,1.46
3221,25.86,3.01
3222,27.5,3.85
3223,29.03,2.94
3224,17.35,2.49
3225,27.55,1.5
3226,29.43,1.59
3227,29.1,3.67
3228,30.67,3.04
3229,27.0,2.19
3230,27.3,1.88
3231,27.11,0.99
3232,25.96,1.45
3233,27.36,4.78
3234,26.87,1.33
3235,27.31,2.4
3236,26.53,3.33
3237,25.61,1.35
3238,25.6,2.4
3239,25.87,3.24
3240,28.02,2.24
3241,28.77,7.01
3242,27.26,1.14
3243,26.04,3.4
3244,27.87,2.08
3245,26.15,3.03
3246,25.79,2.66
3247,26.18,1.66
3248,26.81,2.44
3249,26.65,1.06
3250,26.18,2.83
3251,28.39,2.51
3252,25.6,2.87
3253,27.35,3.4
3254,25.96,2.58
3255,26.9,2.36
3256,26.12,1.56
3257,25.8,1.67
3258,26.63,3.58
3259,26.69,3.95
3260,27.43,2.02
3261,26.22,2.27
3262,28.23,1.55
3263,27.13,3.56
3264,26.74,2.9
3265,26.75,4.84
3266,26.99,1.57
3267,25.88,1.91
3268,27.1,2.44
3269,25.98,2.88
3270,26.56,2.04
3271,26.21,1.57
3272,28.7,3.17
3273,28.22,2.97
3274,27.06,1.54
3275,26.24,3.83
3276,26.58,3.55
3277,25.49,2.35
3278,25.76,2.3
3279,25.98,2.78
3280,28.13,1.58
3281,27.26,2.25
3282,26.87,0.94
3283,26.67,3.16
3284,26.7,1.19
3285,26.38,4.06
3286,26.29,1.95
3287,17.76,2.04
3288,26.23,1.73
3289,27.04,1.98
3290,26.1,3.93
3291,26.64,0.82
3292,26.71,3.71
3293,26.71,2.55
3294,26.17,1.37
3295,26.15,1.45
3296,25.38,4.35
3297,26.99,1.52
3298,26.83,1.4
3299,25.88,3.51
3300,26.94,2.55
3301,26.89,1.53
3302,26.23,2.43
3303,27.1,1.48
3304,25.96,3.46
3305,26.24,3.4
3306,28.7,2.75
3307,26.96,2.57
3308,25.79,4.5
3309,27.07,2.23
3310,27.84,1.39
3311,26.62,2.66
3312,29.25,5.13
3313,25.57,1.48
3314,26.96,1.93
3315,27.38,2.63
3316,25.79,2.18
3317,27.04,1.5
3318,27.23,3.49
3319,27.82,5.63
3320,26.27,2.41
3321,25.74,1.55
3322,25.65,1.2
3323,26.02,2.47
3324,26.9,3.46
3325,26.22,2.69
3326,27.99,2.22
3327,26.65,1.76
3328,28.24,1.44
3329,29.22,3.11
3330,26.24,3.21
3331,26.42,1.2
3332,27.19,4.2
3333,26.99,2.8
3334,25.88,3.9
3335,56.4,1.3
3336,28.42,1.29
3337,27.28,2.1
3338,27.82,2.72
3339,27.56,4.57
3340,26.0,2.95
3341,26.39,2.02
3342,27.58,1.48
3343,26.21,3.64
3344,27.77,1.51
3345,27.18,4.27
3346,26.23,1.99
3347,27.51,4.2
3348,28.7,2.92
3349,26.24,2.11
3350,26.57,1.81
3351,26.0,1.94
3352,28.21,2.64
3353,25.93,2.3
3354,26.48,1.76
3355,26.99,2.08
3356,28.66,2.3
3357,26.24,0.95
3358,44.02,2.67
3359,27.11,1.5
3360,28.03,1.4
3361,26.28,1.13
3362,26.47,1.09
3363,26.95,1.29
3364,27.69,1.68
3365,27.06,4.86
3366,27.04,1.8
3367,26.1,2.39
3368,29.91,2.61
3369,28.07,2.35
3370,28.24,2.16
3371,27.73,1.38
3372,28.26,3.98
3373,26.57,4.59
3374,28.7,1.14
3375,25.98,1.48
3376,27.88,1.99
3377,26.18,1.51
3378,26.1,2.72
3379,26.03,1.66
3380,27.28,5.29
3381,27.93,3.58
3382,27.67,2.42
3383,27.61,3.36
3384,28.49,3.46
3385,27.54,1.78
3386,25.9,1.61
3387,28.21,2.3
3388,27.14,3.14
3389,29.02,2.35
3390,26.92,1.18
3391,26.94,1.61
3392,26.47,2.16
3393,25.62,2.16
3394,27.22,4.9
3395,26.18,1.28
3396,26.56,2.72
3397,28.5,4.04
3398,26.58,5.52
3399,28.06,1.89
3400,26.49,2.71
3401,27.79,2.8
3402,26.41,2.41
3403,26.73,2.14
3404,17.73,2.65
3405,25.9,0.81
3406,26.15,2.92
3407,27.34,2.34
3408,25.79,2.04
3409,27.0,5.05
3410,27.29,1.7
3411,25.33,1.89
3412,28.63,4.94
3413,26.07,1.6
3414,27.44,1.79
3415,28.03,2.1
3416,26.83,3.12
3417,25.72,2.42
3418,26.46,1.33
3419,27.2,1.8
3420,27.37,1.75
3421,26.95,2.16
3422,26.19,2.64
3423,29.07,2.63
3424,29.43,1.09
3425,17.85,3.41
3426,26.16,2.46
3427,28.06,3.87
3428,28.37,2.66
3429,29.99,3.46
3430,27.82,2.68
3431,26.87,3.81
3432,27.21,2.74
3433,29.91,2.14
3434,25.75,5.52
3435,18.24,3.18
3436,27.51,2.8
3437,27.26,1.34
3438,26.23,1.33
3439,26.69,2.5
3440,27.07,2.36
3441,28.22,1.74
3442,27.47,2.35
3443,29.03,4.2
3444,27.2,2.94
3445,27.43,1.41
3446,26.43,2.13
3447,29.27,1.61
3448,26.25,1.91
3449,28.28,1.89
3450,27.13,1.84
3451,26.85,1.35
3452,28.13,2.11
3453,25.9,1.78
3454,28.28,0.69
3455,27.06,5.06
3456,28.03,3.44
3457,27.19,1.91
3458,26.25,2.24
3459,25.7,1.39
3460,27.86,4.39
3461,27.24,4.75
3462,26.11,2.37
3463,26.66,3.35
3464,26.96,2.39
3465,27.35,1.3
3466,28.65,1.89
3467,27.76,2.35
3468,28.47,1.86
3469,26.6,2.04
3470,28.49,2.15
3471,26.46,2.15
3472,27.32,2.27
3473,27.36,1.46
3474,26.25,1.67
3475,27.19,1.33
3476,25.59,3.29
3477,27.65,0.96
3478,27.25,3.53
3479,26.29,3.87
3480,25.99,1.97
3481,28.78,0.79
3482,28.33,1.93
3483,28.48,2.17
3484,26.08,1.49
3485,27.95,1.81
3486,27.2,4.1
3487,26.7,2.9
3488,25.28,1.54
3489,59.88,1.17
3490,27.87,1.95
3491,27.03,2.04
3492,26.01,2.71
3493,26.69,1.8
3494,26.48,2.73
3495,25.61,4.83
3496,27.74,3.08
3497,27.88,2.18
3498,26.3,2.07
3499,26.47,1.93
3500,29.26,3.57
3501,26.36,1.73
3502,26.12,2.27
3503,26.36,2.27
3504,26.83,1.82
3505,27.05,1.29
3506,27.95,2.53
3507,26.29,2.17
3508,29.26,2.72
3509,25.5,1.8
3510,27.57,3.63
3511,26.7,1.57
3512,27.13,4.41
3513,26.12,1.11
3514,25.84,2.65
3515,26.59,2.69
3516,27.45,1.62
3517,26.08,2.64
3518,26.63,3.71
3519,26.95,0.92
3520,26.86,2.72
3521,25.97,0.82
3522,25.76,1.51
3523,27.79,4.27
3524,27.1,1.76
3525,18.23,1.39
3526,25.94,2.06
3527,26.21,5.09
3528,25.74,1.07
3529,26.02,1.46
3530,26.51,4.05
3531,26.35,4.68
3532,26.74,2.14
3533,25.5,1.36
3534,25.4,5.15
3535,26.57,4.21
3536,27.15,2.92
3537,26.04,1.61
3538,25.7,2.18
3539,25.91,2.09
3540,28.39,2.54
3541,26.59,3.98
3542,26.64,3.16
3543,26.16,1.45
3544,26.3,3.86
3545,28.61,2.52
3546,28.12,2.93
3547,27.96,4.0
3548,26.01,1.43
3549,25.65,2.19
3550,25.88,1.8
3551,26.6,1.19
3552,27.15,2.56
3553,28.99,6.08
3554,29.74,1.07
3555,28.81,2.2
3556,28.38,2.88
3557,28.68,2.34
3558,26.5,2.13
3559,26.13,1.32
3560,26.66,2.44
3561,27.94,1.64
3562,28.12,0.93
3563,25.63,3.59
3564,28.18,3.27
3565,25.43,2.27
3566,26.04,2.44
3567,27.02,3.42
3568,25.91,2.43
3569,28.99,3.2
3570,26.74,1.98
3571,27.78,3.76
3572,27.26,2.53
3573,26.34,2.41
3574,28.63,1.34
3575,26.01,2.5
3576,27.29,1.6
3577,25.33,1.72
3578,25.22,1.61
3579,28.32,1.45
3580,26.82,5.21
3581,26.93,3.79
3582,26.92,4.8
3583,25.36,1.36
3584,26.35,2.29
3585,26.78,1.33
3586,26.06,1.68
3587,25.59,1.54
3588,25.69,3.65
3589,26.55,1.9
3590,27.73,3.41
3591,25.89,2.83
3592,25.96,5.59
3593,17.2,1.23
3594,26.87,3.68
3595,27.8,3.52
3596,25.6,1.51
3597,27.99,3.33
3598,25.2,2.55
3599,27.32,2.03
3600,27.05,1.6
3601,27.43,1.67
3602,27.29,5.05
3603,27.76,2.23
3604,28.03,3.04
3605,26.61,1.62
3606,26.66,1.63
3607,25.99,3.43
3608,26.38,1.3
3609,28.63,1.88
3610,27.19,2.26
3611,26.02,2.33
3612,25.99,2.07
3613,27.9,2.61
3614,26.28,2.94
3615,26.83,2.99
3616,26.15,1.5
3617,27.05,1.99
3618,28.51,3.59
3619,27.81,3.18
3620,26.81,1.29
3621,26.21,2.56
3622,27.66,1.01
3623,27.62,2.27
3624,28.13,4.75
3625,27.41,1.52
3626,26.94,1.59
3627,25.72,3.02
3628,26.89,1.2
3629,26.74,1.73
3630,26.41,2.83
3631,28.3,1.73
3632,25.36,2.03
3633,26.5,3.0
3634,25.58,2.63
3635,29.52,2.48
3636,26.09,1.94
3637,27.85,2.58
3638,27.01,2.12
3639,28.25,2.67
3640,26.73,1.82
3641,27.48,2.07
3642,26.96,1.5
3643,55.77,2.19
3644,27.02,1.61
3645,26.06,1.43
3646,28.06,2.47
3647,26.1,2.42
3648,25.45,3.04
3649,26.35,1.87
3650,25.66,2.62
3651,26.87,2.77
3652,27.33,2.66
3653,27.32,1.6
3654,25.84,2.36
3655,27.32,2.57
3656,27.32,2.23
3657,25.67,0.97
3658,26.87,2.37
3659,27.1,5.39
3660,25.97,1.93
3661,26.42,1.66
3662,27.51,2.58
3663,27.88,2.52
3664,26.72,3.59
3665,26.52,1.35
3666,26.82,2.98
3667,27.15,2.82
3668,26.77,2.1
3669,28.41,2.55
3670,27.27,3.36
3671,27.21,3.15
3672,27.27,1.41
3673,26.2,3.09
3674,27.41,2.17
3675,26.66,2.29
3676,27.56,2.29
3677,26.35,2.1
3678,29.93,3.58
3679,26.27,2.15
3680,27.5,1.42
3681,25.78,1.9
3682,26.18,2.39
3683,26.5,3.64
3684,26.31,2.83
3685,26.52,1.58
3686,26.68,6.01
3687,25.44,2.47
3688,27.05,3.71
3689,26.46,2.09
3690,26.54,2.75
3691,26.23,3.11
3692,26.77,3.62
3693,26.24,3.4
3694,27.39,3.15
3695,26.52,1.96
3696,26.08,1.77
3697,26.07,2.54
3698,27.58,3.23
3699,27.02,2.04
3700,27.57,3.41
3701,26.41,3.98
3702,31.68,1.54
3703,27.04,1.59
3704,26.17,2.1
3705,26.46,2.52
3706,25.91,1.8
3707,28.03,3.82
3708,31.88,2.64
3709,26.08,2.26
3710,27.9,1.25
3711,27.46,1.31
3712,25.93,2.49
3713,26.12,0.95
3714,26.48,3.34
3715,25.43,2.09
3716,26.32,8.14
3717,27.63,5.6
3718,26.9,2.07
3719,25.86,2.13
3720,26.32,3.31
3721,27.22,4.4
3722,26.69,1.16
3723,28.24,1.09
3724,27.2,1.74
3725,25.68,2.81
3726,26.97,2.71
3727,29.2,3.41
3728,26.29,1.38
3729,26.67,0.88
3730,26.58,3.14
3731,26.35,1.6
3732,26.11,0.99
3733,27.24,2.36
3734,27.18,3.06
3735,26.08,2.12
3736,33.02,1.85
3737,27.26,2.09
3738,26.54,1.92
3739,26.53,1.3
3740,26.24,1.67
3741,26.31,2.74
3742,27.28,2.53
3743,26.31,2.38
3744,26.36,1.49
3745,27.11,2.07
3746,25.99,0.93
3747,27.65,2.39
3748,25.72,3.94
3749,28.01,1.23
3750,25.99,1.76
3751,26.58,2.54
3752,25.95,3.67
3753,28.4,1.86
3754,25.78,1.69
3755,27.71,1.01
3756,27.09,2.32
3757,28.7,5.04
3758,28.04,2.49
3759,27.68,2.21
3760,25.94,2.53
3761,27.45,2.22
3762,27.03,1.61
3763,27.8,3.09
3764,27.03,2.44
3765,27.24,2.24
3766,29.19,1.51
3767,25.86,3.75
3768,25.58,2.9
3769,28.17,1.78
3770,26.35,3.32
3771,27.06,1.82
3772,27.39,1.63
3773,27.66,1.64
3774,27.93,1.1
3775,30.51,2.69
3776,27.29,1.07
3777,27.87,1.36
3778,27.04,0.97
3779,25.87,2.15
3780,26.05,2.1
3781,26.14,1.95
3782,27.73,1.47
3783,26.08,1.39
3784,26.55,2.68
3785,28.28,1.79
3786,27.77,2.53
3787,26.3,1.56
3788,26.87,2.39
3789,26.4,3.75
3790,27.25,2.81
3791,25.7,1.89
3792,26.65,2.47
3793,25.85,2.02
3794,26.12,2.23
3795,26.43,1.95
3796,25.66,2.08
3797,55.18,2.42
3798,25.94,1.5
3799,28.15,1.48
3800,28.39,1.28
3801,27.97,1.17
3802,26.32,1.37
3803,26.07,2.37
3804,25.82,1.56
3805,25.15,2.73
3806,26.35,2.26
3807,26.12,1.01
3808,27.06,2.89
3809,26.62,3.08
3810,27.63,1.5
3811,25.64,2.63
3812,27.48,1.58
3813,26.19,2.31
3814,26.59,1.34
3815,26.65,1.09
3816,27.14,1.91
3817,25.72,2.12
3818,27.28,1.9
3819,29.04,1.39
3820,26.78,1.9
3821,27.82,2.48
3822,25.74,2.19
3823,26.07,2.39
3824,28.52,1.7
3825,25.99,3.56
3826,27.15,1.39
3827,27.66,2.7
3828,27.43,3.57
3829,26.29,2.7
3830,26.71,2.05
3831,26.46,1.8
3832,26.02,3.37
3833,27.12,1.26
3834,28.25,1.51
3835,28.12,1.9
3836,28.47,3.65
3837,26.38,2.59
3838,27.54,1.51
3839,27.09,1.97
3840,26.92,1.74
3841,27.01,1.68
3842,26.94,3.29
3843,25.91,1.29
3844,34.18,4.24
3845,27.89,3.1
3846,29.9,3.44
3847,31.29,1.85
3848,26.72,2.1
3849,28.59,1.25
3850,26.86,1.8
3851,25.86,2.71
3852,27.04,3.74
3853,27.88,1.43
3854,26.92,1.92
3855,26.82,2.09
3856,25.54,1.27
3857,26.98,2.82
3858,26.54,1.67
3859,27.64,2.06
3860,27.71,1.86
3861,27.54,1.62
3862,26.61,2.22
3863,26.13,2.04
3864,25.98,1.92
3865,26.29,1.66
3866,26.72,2.53
3867,27.01,4.31
3868,26.04,2.35
3869,27.07,3.31
3870,27.47,1.28
3871,25.81,2.37
3872,26.63,1.43
3873,25.97,1.23
3874,27.44,1.66
3875,26.48,3.59
3876,25.52,3.25
3877,28.05,2.45
3878,25.51,1.21
3879,29.56,2.06
3880,26.67,2.51
3881,26.63,2.39
3882,25.78,1.06
3883,26.85,1.56
3884,28.46,2.17
3885,26.42,2.76
3886,27.6,0.92
3887,28.02,2.09
3888,26.54,2.36
3889,26.62,3.13
3890,29.19,2.94
3891,27.31,2.81
3892,25.65,1.62
3893,25.45,1.04
3894,27.16,1.9
3895,25.9,3.32
3896,26.39,3.89
3897,26.09,2.96
3898,27.04,2.64
3899,27.79,2.59
3900,26.39,1.78
3901,26.3,2.11
3902,27.69,4.34
3903,27.6,1.53
3904,26.25,4.25
3905,26.77,1.96
3906,26.04,3.78
3907,26.2,1.27
3908,26.48,2.81
3909,27.36,1.66
3910,26.11,1.26
3911,26.78,2.43
3912,26.82,3.33
3913,26.42,1.59
3914,26.9,1.22
3915,25.63,2.15
3916,26.06,2.15
3917,27.93,2.77
3918,25.95,3.25
3919,25.81,2.17
3920,26.09,4.67
3921,25.49,2.43
3922,27.12,1.94
3923,26.61,1.17
3924,27.34,2.0
3925,26.02,1.95
3926,27.12,3.27
3927,26.06,2.68
3928,25.26,1.39
3929,26.49,2.38
3930,25.88,2.91
3931,26.89,4.1
3932,27.5,3.17
3933,27.3,3.02
3934,26.26,2.28
3935,25.43,2.6
3936,27.19,3.67
3937,27.51,1.31
3938,26.88,1.94
3939,26.68,1.63
3940,25.95,2.59
3941,25.46,3.64
3942,27.6,1.75
3943,27.59,0.86
3944,25.89,1.89
3945,27.56,3.21
3946,26.68,2.76
3947,26.74,2.64
3948,27.35,1.99
3949,26.3,1.33
3950,26.43,2.73
3951,25.41,1.59
3952,26.52,5.33
3953,26.23,2.8
3954,25.7,1.76
3955,27.21,1.74
3956,27.37,2.14
3957,25.71,2.02
3958,27.41,3.48
3959,25.59,2.4
3960,28.62,1.66
3961,27.31,4.74
3962,26.56,2.27
3963,52.53,3.03
3964,26.4,1.74
3965,26.19,2.57
3966,26.78,2.52
3967,25.34,1.05
3968,26.71,4.98
3969,25.65,3.73
3970,27.18,1.9
3971,25.45,1.43
3972,26.22,2.56
3973,27.8,2.3
3974,26.34,2.57
3975,26.8,2.4
3976,25.64,2.73
3977,26.47,3.97
3978,27.31,2.79
3979,27.05,1.46
3980,26.19,3.84
3981,26.96,4.29
3982,26.15,7.85
3983,27.58,1.42
3984,18.76,2.45
3985,27.13,0.97
3986,27.77,2.78
3987,26.07,1.79
3988,27.59,4.8
3989,26.46,1.63
3990,25.5,1.13
3991,26.27,1.84
3992,26.05,1.01
3993,26.1,3.01
3994,27.59,0.97
3995,26.23,2.25
3996,26.66,0.97
3997,26.64,1.96
3998,26.95,4.29
3999,26.22,2.57
4000,27.34,1.58
4001,26.38,2.2
4002,26.64,2.24
4003,25.8,2.69
4004,27.14,1.29
4005,26.07,2.82
4006,27.84,0.75
4007,27.78,1.73
4008,27.1,1.83
4009,26.58,2.87
4010,26.84,2.25
4011,26.1,1.27
4012,27.23,1.5
4013,26.39,2.41
4014,28.47,2.16
4015,28.89,1.77
4016,28.56,1.84
4017,27.6,2.94
4018,31.78,1.81
4019,28.34,2.15
4020,27.94,5.3
4021,27.11,1.26
4022,30.18,1.06
4023,27.51,3.04
4024,28.88,1.7
4025,27.83,1.96
4026,27.03,1.63
4027,70.02,2.01
4028,30.14,4.22
4029,28.76,3.07
4030,28.38,3.14
4031,27.4,1.26
4032,26.0,1.4
4033,25.72,0.71
4034,27.94,1.61
4035,25.89,3.26
4036,25.98,2.74
4037,26.52,2.04
4038,27.18,2.21
4039,26.41,1.69
4040,25.62,2.42
4041,28.12,3.02
4042,26.66,1.17
4043,26.1,2.51
4044,28.99,3.23
4045,27.44,1.89
4046,26.35,2.95
4047,28.27,6.86
4048,27.66,2.13
4049,26.23,2.6
4050,26.69,1.66
4051,27.17,2.39
4052,26.54,2.68
4053,25.9,2.41
4054,26.75,1.48
4055,27.7,2.42
4056,25.82,3.99
4057,26.87,2.66
4058,27.21,3.27
4059,26.48,2.02
4060,26.08,3.0
4061,27.92,2.49
4062,26.53,1.52
4063,26.89,2.53
4064,27.14,1.5
4065,26.64,1.73
4066,26.21,2.4
4067,25.7,2.51
4068,27.14,1.38
4069,26.68,3.39
4070,27.05,2.8
4071,25.96,1.68
4072,27.29,1.2
4073,25.78,2.1
4074,26.61,1.86
4075,28.17,2.33
4076,26.49,1.92
4077,18.8,1.0
4078,26.96,1.91
4079,28.85,1.97
4080,26.47,2.87
4081,25.98,1.68
4082,27.46,4.36
4083,27.79,1.04
4084,27.14,3.76
4085,26.39,2.03
4086,26.6,3.14
4087,26.39,2.3
4088,26.93,3.51
4089,28.42,1.91
4090,26.63,1.43
4091,27.09,3.93
4092,27.05,2.13
4093,28.35,2.43
4094,25.82,3.65
4095,25.89,1.47
4096,41.52,2.82
4097,27.4,1.76
4098,28.84,2.11
4099,26.53,2.29
4100,26.29,1.22
4101,26.05,1.63
4102,25.67,3.82
4103,27.31,3.17
4104,26.8,2.17
4105,26.89,2.45
4106,26.61,1.98
4107,28.36,3.83
4108,26.34,2.05
4109,29.01,2.44
4110,26.18,3.52
4111,27.53,1.63
4112,27.58,4.15
4113,29.6,1.21
4114,27.27,4.27
4115,26.73,1.92
4116,26.7,2.02
4117,26.19,1.04
4118,25.52,1.86
4119,55.99,1.47
4120,27.18,1.75
4121,17.65,2.11
4122,28.14,3.26
4123,27.56,2.42
4124,28.22,2.52
4125,26.8,1.44
4126,27.58,1.56
4127,26.16,4.57
4128,25.44,1.66
4129,26.69,4.32
4130,26.07,2.02
4131,25.98,2.23
4132,26.42,3.41
4133,26.01,3.7
4134,26.65,2.13
4135,26.89,1.91
4136,25.94,2.18
4137,27.88,2.55
4138,26.07,3.18
4139,26.17,2.23
4140,26.11,2.85
4141,26.18,4.29
4142,25.44,2.59
4143,28.19,2.52
4144,29.6,1.21
4145,27.32,0.78
4146,26.75,2.6
4147,45.97,2.14
4148,26.75,1.81
4149,26.66,2.45
4150,26.01,2.17
4151,26.02,3.49
4152,25.56,2.3
4153,27.25,1.65
4154,27.13,3.31
4155,26.89,2.04
4156,27.73,2.75
4157,26.01,1.84
4158,27.24,1.72
4159,29.32,2.3
4160,27.73,2.24
4161,28.61,2.7
4162,27.81,2.0
4163,26.35,1.07
4164,26.68,1.87
4165,28.05,3.06
4166,28.54,1.98
4167,26.88,2.02
4168,28.3,3.3
4169,28.32,1.67
4170,27.39,1.2
4171,27.48,2.09
4172,25.85,1.83
4173,26.65,1.51
4174,26.19,2.07
4175,28.18,2.71
4176,27.08,2.22
4177,28.67,2.52
4178,29.68,4.6
4179,28.77,1.94
4180,26.81,2.49
4181,27.67,1.82
4182,26.21,1.59
4183,27.4,1.76
4184,26.32,1.84
4185,27.29,2.57
4186,27.25,5.7
4187,26.23,1.67
4188,26.22,1.88
4189,25.98,2.17
4190,26.44,2.61
4191,25.24,2.47
4192,26.47,3.72
4193,26.24,0.84
4194,27.71,0.86
4195,27.83,1.83
4196,26.28,3.45
4197,26.33,1.19
4198,27.84,0.67
4199,26.7,2.8
4200,28.19,2.45
4201,26.67,1.44
4202,26.54,1.5
4203,26.56,1.51
4204,27.29,2.33
4205,25.85,1.73
4206,28.45,2.71
4207,25.99,0.71
4208,26.18,1.58
4209,26.06,1.42
4210,26.33,2.01
4211,27.59,1.79
4212,27.01,3.06
4213,28.29,1.06
4214,27.32,2.27
4215,25.86,2.78
4216,26.98,4.68
4217,26.96,1.84
4218,26.53,2.53
4219,26.54,1.08
4220,27.01,0.85
4221,26.85,3.12
4222,26.67,2.22
4223,25.89,3.57
4224,25.87,1.28
4225,27.7,2.74
4226,26.94,4.7
4227,25.73,2.63
4228,26.65,2.49
4229,27.29,2.23
4230,26.12,1.19
4231,27.52,3.83
4232,55.23,1.74
4233,28.57,2.72
4234,46.71,1.19
4235,48.85,1.39
4236,48.6,3.95
4237,29.53,1.94
4238,29.61,3.98
4239,26.7,2.16
4240,68.95,1.07
4241,30.07,3.18
4242,34.6,1.76
4243,29.9,2.94
4244,125.25,2.25
4245,33.45,1.2
4246,43.14,2.38
4247,67.84,5.36
4248,68.81,2.71
4249,46.88,2.17
4250,57.44,3.42
4251,88.48,2.42
4252,57.42,2.42
4253,34.88,1.44
4254,36.02,2.44
4255,35.52,3.37
4256,33.89,1.59
4257,29.33,3.93
4258,27.19,2.15
4259,30.04,1.56
4260,27.53,3.32
4261,30.96,1.98
4262,27.47,3.02
4263,27.21,1.98
4264,30.77,2.17
4265,28.59,2.71
4266,29.52,2.5
4267,27.97,1.0
4268,31.4,1.42
4269,31.22,3.23
4270,30.93,2.11
4271,26.74,1.8
4272,29.07,1.29
4273,32.08,1.44
4274,28.68,0.99
4275,29.09,2.14
4276,26.43,1.75
4277,29.76,1.51
4278,33.5,2.17
4279,29.28,2.57
4280,26.76,5.14
4281,26.88,1.22
4282,27.0,3.54
4283,28.29,3.28
4284,27.67,1.63
4285,31.27,2.41
4286,25.71,1.85
4287,28.19,2.4
4288,26.95,4.07
4289,31.01,2.84
4290,29.3,2.73
4291,28.48,1.87
4292,32.23,1.23
4293,31.95,2.05
4294,29.18,3.61
4295,28.67,1.21
4296,31.95,1.46
4297,30.67,2.34
4298,37.85,1.5
4299,27.81,1.62
4300,30.3,1.88
4301,29.87,1.29
4302,721.72,1.51
4303,32.4,2.95
4304,31.49,1.32
4305,33.04,1.17
4306,29.14,1.73
4307,28.21,2.98
4308,31.56,2.06
4309,30.85,1.85
4310,27.36,2.27
4311,29.14,1.11
4312,31.27,2.71
4313,28.4,2.59
4314,37.04,1.89
4315,28.66,3.33
4316,28.68,1.42
4317,31.03,3.49
4318,33.22,2.37
4319,28.53,1.95
4320,29.6,2.21
4321,28.66,2.13
4322,31.4,3.63
4323,29.35,1.45
4324,38.66,1.64
4325,35.04,3.37
4326,37.44,1.75
4327,27.88,3.19
4328,38.27,4.39
4329,30.45,1.9
4330,30.22,2.92
4331,28.79,1.4
4332,29.18,3.01
4333,29.43,2.41
4334,26.05,2.69
4335,28.61,1.72
4336,27.03,1.15
4337,27.92,2.72
4338,26.97,0.97
4339,28.21,1.96
4340,28.98,3.24
4341,26.45,2.4
4342,29.54,4.85
4343,27.08,3.35
4344,26.07,1.71
4345,28.24,2.25
4346,31.05,2.18
4347,26.93,1.18
4348,27.2,1.53
4349,28.14,1.78
4350,28.53,0.99
4351,34.99,2.27
4352,35.14,2.01
4353,30.75,1.14
4354,33.01,2.62
4355,29.81,2.96
4356,32.73,2.44
4357,45.78,1.95
4358,34.85,2.82
4359,59.2,2.92
4360,41.68,2.52
4361,30.65,1.6
4362,29.7,2.49
4363,28.64,3.59
4364,29.9,1.75
4365,28.57,5.15
4366,27.47,1.8
4367,30.51,2.25
4368,27.29,1.7
4369,27.21,2.43
4370,31.14,1.11
4371,27.06,1.79
4372,26.77,1.44
4373,28.09,2.35
4374,27.18,3.31
4375,28.93,2.88
4376,26.94,0.86
4377,26.93,5.04
4378,26.43,2.5
4379,27.92,1.63
4380,28.07,2.37
4381,31.69,2.39
4382,28.19,1.7
4383,29.84,2.41
4384,28.58,1.75
4385,28.25,1.89
4386,27.2,1.69
4387,26.44,1.25
4388,28.05,2.36
4389,28.58,2.81
4390,26.92,2.73
4391,27.26,3.09
4392,27.44,2.53
4393,30.87,1.8
4394,27.83,3.11
4395,27.46,1.29
4396,35.26,1.55
4397,27.84,1.51
4398,28.35,3.43
4399,27.83,3.25
4400,28.67,2.7
4401,27.71,3.42
4402,28.82,1.57
4403,26.36,2.56
4404,28.04,2.12
4405,26.79,3.12
4406,26.83,2.13
4407,26.66,1.91
4408,28.98,2.76
4409,26.8,3.16
4410,27.87,1.7
4411,26.53,2.17
4412,29.09,1.46
4413,27.9,0.82
4414,27.21,2.41
4415,26.25,2.84
4416,28.7,2.47
4417,27.28,1.02
4418,25.93,1.93
4419,28.38,0.92
4420,28.06,3.85
4421,30.63,1.44
4422,26.71,3.68
4423,28.53,3.25
4424,26.16,1.55
4425,26.72,1.41
4426,27.04,2.56
4427,26.86,1.59
4428,29.21,2.32
4429,29.16,1.83
4430,26.31,1.09
4431,29.47,0.91
4432,28.05,2.44
4433,26.14,1.78
4434,29.13,1.78
4435,27.12,2.94
4436,26.3,3.56
4437,26.77,2.0
4438,26.35,1.94
4439,26.48,2.72
4440,26.63,1.29
4441,27.88,2.43
4442,26.43,2.78
4443,26.39,2.92
4444,27.7,1.03
4445,26.81,1.64
4446,26.9,1.57
4447,27.11,2.32
4448,27.82,2.7
4449,25.54,4.05
4450,28.23,1.83
4451,27.66,1.82
4452,27.65,3.52
4453,27.39,2.51
4454,27.49,3.7
4455,25.47,2.5
4456,27.5,1.4
4457,27.24,1.31
4458,29.11,1.2
4459,27.88,2.9
4460,27.02,3.58
4461,26.42,4.66
4462,36.89,3.12
4463,28.7,3.54
4464,28.46,1.76
4465,32.73,1.4
4466,26.53,3.13
4467,48.99,2.63
4468,26.13,2.32
4469,26.99,2.6
4470,26.13,2.53
4471,27.97,3.72
4472,26.29,3.74
4473,17.77,2.77
4474,27.41,3.12
4475,29.82,2.73
4476,27.82,1.85
4477,29.5,3.01
4478,33.67,1.27
4479,70.68,3.39
4480,26.53,1.38
4481,27.69,2.5
4482,27.01,1.59
4483,26.53,2.78
4484,33.24,2.2
4485,25.86,1.18
4486,27.76,2.63
4487,27.19,1.77
4488,27.55,3.17
4489,39.03,2.23
4490,27.11,2.61
4491,26.15,1.52
4492,31.08,1.76
4493,27.41,1.85
4494,26.21,3.14
4495,26.37,4.35
4496,26.81,1.61
4497,29.7,3.42
4498,27.52,0.93
4499,32.9,1.38
4500,26.22,1.52
4501,26.49,1.3
4502,26.08,1.18
4503,27.89,2.63
4504,26.5,2.04
4505,25.67,2.59
4506,27.75,2.93
4507,27.49,2.48
4508,26.97,2.9
4509,28.21,2.16
4510,27.04,1.38
4511,26.73,3.4
4512,28.22,1.76
4513,27.04,1.53
4514,26.54,2.07
4515,26.48,1.54
4516,28.31,1.88
4517,26.4,2.55
4518,26.07,2.56
4519,29.09,1.55
4520,26.96,1.83
4521,26.87,3.42
4522,25.84,2.71
4523,26.41,5.1
4524,27.45,3.57
4525,27.11,3.52
4526,27.26,1.28
4527,26.56,3.02
4528,27.63,2.18
4529,26.63,1.79
4530,26.46,2.38
4531,27.15,3.25
4532,26.81,2.72
4533,26.75,1.57
4534,27.01,3.0
4535,27.12,1.72
4536,28.54,2.43
4537,27.31,1.97
4538,26.61,2.04
4539,26.37,3.02
4540,25.95,1.47
4541,29.16,4.85
4542,25.99,1.07
4543,26.7,1.75
4544,26.1,2.58
4545,26.02,2.81
4546,27.57,2.14
4547,26.17,2.18
4548,27.21,2.62
4549,27.3,2.03
4550,18.02,3.89
4551,27.14,3.11
4552,25.8,3.16
4553,29.81,1.51
4554,27.84,2.16
4555,26.83,1.97
4556,28.81,1.49
4557,32.25,2.57
4558,27.85,1.79
4559,27.94,2.89
4560,27.82,1.45
4561,25.81,4.43
4562,29.78,1.55
4563,26.25,2.43
4564,28.37,3.05
4565,27.53,1.77
4566,35.86,3.13
4567,26.72,1.36
4568,27.38,3.98
4569,27.17,2.24
4570,27.75,1.75
4571,26.39,1.97
4572,26.7,3.08
4573,28.2,1.76
4574,26.91,1.65
4575,28.93,2.04
4576,26.19,1.39
4577,27.76,4.61
4578,26.55,1.77
4579,26.19,3.1
4580,25.52,2.42
4581,27.03,1.5
4582,26.87,2.22
4583,27.65,3.05
4584,27.05,2.06
4585,26.26,3.59
4586,25.85,3.35
4587,27.09,3.21
4588,27.11,1.85
4589,27.42,1.44
4590,27.96,1.74
4591,26.59,2.41
4592,25.88,2.77
4593,26.17,0.93
4594,28.46,2.22
4595,26.35,2.37
4596,27.93,1.99
4597,26.28,3.73
4598,26.87,2.63
4599,27.87,3.76
4600,26.78,2.04
4601,27.16,3.24
4602,28.19,4.28
4603,30.22,3.76
4604,27.28,1.44
4605,26.19,2.01
4606,26.92,1.94
4607,27.99,2.71
4608,27.7,2.93
4609,26.83,1.59
4610,26.45,2.29
4611,26.27,0.99
4612,25.61,3.96
4613,26.81,1.81
4614,26.26,2.28
4615,18.77,1.97
4616,26.14,3.52
4617,26.32,0.72
4618,26.15,2.21
4619,27.49,2.13
4620,27.68,1.86
4621,26.09,4.44
4622,28.22,1.56
4623,27.81,3.03
4624,27.4,2.57
4625,27.56,3.69
4626,28.47,1.7
4627,27.76,1.66
4628,26.37,3.45
4629,28.72,2.64
4630,28.52,1.2
4631,25.43,1.79
4632,28.3,2.6
4633,26.41,3.11
4634,26.58,1.7
4635,25.66,0.69
4636,28.25,2.74
4637,26.18,1.37
4638,28.78,0.99
4639,27.09,0.72
4640,34.29,3.08
4641,29.58,2.34
4642,26.14,2.03
4643,27.9,3.88
4644,26.03,2.87
4645,26.39,4.25
4646,26.8,1.27
4647,26.7,2.19
4648,27.23,1.17
4649,26.23,2.03
4650,51.1,2.01
4651,29.24,2.86
4652,28.37,2.27
4653,27.37,2.86
4654,26.45,2.95
4655,27.02,5.27
4656,26.46,1.96
4657,25.35,1.53
4658,25.68,2.46
4659,27.29,1.61
4660,27.15,4.03
4661,26.33,1.99
4662,26.3,1.77
4663,29.49,1.84
4664,29.68,2.97
4665,26.8,2.09
4666,29.01,1.72
4667,31.1,4.33
4668,25.63,1.58
4669,28.06,2.26
4670,26.38,2.89
4671,26.46,1.16
4672,28.05,2.7
4673,28.33,1.46
4674,28.26,3.09
4675,27.81,1.51
4676,27.18,2.94
4677,26.41,3.46
4678,28.1,3.14
4679,28.64,2.46
4680,27.56,2.03
4681,28.0,1.77
4682,29.0,4.01
4683,26.43,1.68
4684,27.24,1.47
4685,27.71,2.9
4686,28.97,1.62
4687,25.46,1.52
4688,28.67,1.25
4689,26.68,1.83
4690,27.52,2.15
4691,28.29,2.45
4692,26.09,3.26
4693,28.89,2.75
4694,26.09,2.06
4695,27.34,2.06
4696,26.68,2.73
4697,26.38,3.7
4698,27.57,2.34
4699,26.09,1.84
4700,26.29,1.5
4701,27.26,1.25
4702,26.99,2.91
4703,26.23,2.8
4704,28.71,2.8
4705,28.93,2.11
4706,27.11,3.91
4707,25.91,1.83
4708,26.67,3.26
4709,26.86,2.19
4710,26.58,1.74
4711,27.56,2.82
4712,27.21,2.62
4713,27.8,2.57
4714,26.14,2.3
4715,26.59,2.19
4716,28.47,5.79
4717,26.98,3.57
4718,27.75,2.97
4719,26.46,2.33
4720,27.21,3.33
4721,27.76,2.74
4722,30.09,2.25
4723,27.8,1.97
4724,26.38,2.15
4725,28.07,0.63
4726,26.02,2.42
4727,26.81,1.83
4728,27.33,4.21
4729,26.36,2.24
4730,27.75,1.38
4731,26.16,2.18
4732,26.78,1.46
4733,26.43,2.69
4734,27.63,2.5
4735,26.61,3.26
4736,27.12,1.62
4737,25.88,2.26
4738,26.31,1.29
4739,28.29,2.95
4740,26.44,2.74
4741,26.63,2.71
4742,33.28,2.23
4743,27.53,2.63
4744,28.08,4.23
4745,28.22,1.99
4746,25.99,2.35
4747,27.67,1.44
4748,30.11,1.57
4749,26.93,2.31
4750,27.99,3.46
4751,29.77,2.01
4752,28.67,2.03
4753,27.59,1.89
4754,27.31,1.8
4755,26.52,2.5
4756,27.92,1.22
4757,25.68,3.71
4758,25.96,1.71
4759,26.28,2.97
4760,28.14,1.34
4761,28.47,2.91
4762,27.72,2.91
4763,27.89,2.6
4764,29.44,1.5
4765,27.18,2.46
4766,26.08,1.39
4767,26.32,2.01
4768,26.41,3.36
4769,27.64,3.06
4770,27.96,2.24
4771,26.29,1.51
4772,22.7,2.88
4773,29.88,2.24
4774,27.77,0.88
4775,26.21,3.04
4776,26.73,2.2
4777,27.28,3.6
4778,25.89,1.44
4779,26.35,0.62
4780,26.43,2.49
4781,33.31,2.5
4782,27.68,1.13
4783,28.85,1.5
4784,26.29,6.7
4785,37.21,1.97
4786,26.86,2.98
4787,30.92,1.72
4788,27.29,0.96
4789,26.44,2.08
4790,26.85,2.0
4791,26.24,1.9
4792,28.11,2.13
4793,27.32,2.47
4794,27.03,2.1
4795,25.34,1.34
4796,25.94,2.7
4797,25.9,1.02
4798,27.65,0.98
4799,26.81,2.99
4800,26.31,2.73
4801,27.39,2.18
4802,26.55,1.27
4803,26.68,1.68
4804,26.77,2.0
4805,27.34,1.18
4806,27.9,1.66
4807,27.63,2.89
4808,27.37,3.94
4809,28.97,1.88
4810,26.86,3.01
4811,27.85,1.03
4812,26.3,2.9
4813,26.74,1.61
4814,26.05,2.52
4815,27.65,2.02
4816,28.05,3.77
4817,28.36,1.57
4818,28.46,2.86
4819,31.1,1.99
4820,27.56,2.09
4821,26.24,2.07
4822,27.47,1.59
4823,27.75,2.21
4824,28.96,2.17
4825,26.71,2.45
4826,27.45,2.3
4827,30.28,3.06
4828,26.41,3.22
4829,26.49,1.46
4830,26.75,3.15
4831,31.77,1.38
4832,27.12,2.82
4833,28.96,2.85
4834,28.71,1.04
4835,29.51,2.31
4836,27.29,1.85
4837,29.33,1.64
4838,27.06,3.82
4839,59.45,1.71
4840,26.03,1.61
4841,27.66,2.29
4842,27.39,2.93
4843,27.63,2.1
4844,26.66,3.55
4845,26.9,2.75
4846,27.32,0.93
4847,27.9,1.8
4848,27.25,1.78
4849,26.09,2.7
4850,28.02,0.78
4851,28.2,6.17
4852,26.55,2.75
4853,27.27,2.36
4854,26.62,3.57
4855,27.85,5.68
4856,27.39,3.15
4857,26.85,3.25
4858,30.22,2.34
4859,26.39,2.1
4860,28.24,1.84
4861,26.36,1.6
4862,27.86,1.69
4863,25.97,1.3
4864,27.16,2.16
4865,27.78,1.13
4866,27.32,2.4
4867,27.55,2.19
4868,26.01,2.36
4869,26.03,1.81
4870,27.46,7.62
4871,29.5,3.83
4872,31.18,1.35
4873,35.4,2.44
4874,26.11,1.75
4875,26.0,1.48
4876,26.98,1.3
4877,28.97,2.65
4878,26.35,1.69
4879,27.82,3.28
4880,25.54,3.31
4881,48.02,3.86
4882,26.62,1.58
4883,25.81,2.69
4884,49.0,2.87
4885,25.96,1.84
4886,28.82,1.63
4887,26.68,4.24
4888,29.19,2.44
4889,27.08,2.87
4890,27.92,1.6
4891,27.49,1.37
4892,28.47,1.77
4893,26.23,2.12
4894,27.57,1.45
4895,28.8,2.22
4896,53.81,1.13
4897,36.34,1.42
4898,34.38,2.91
4899,29.15,2.83
4900,27.35,1.9
4901,27.33,1.48
4902,26.3,1.48
4903,26.42,1.92
4904,29.11,2.88
4905,26.63,3.23
4906,28.08,1.82
4907,28.43,1.4
4908,26.81,2.48
4909,25.87,1.6
4910,27.74,1.81
4911,25.44,3.78
4912,27.21,3.1
4913,25.63,2.37
4914,27.72,1.34
4915,27.12,2.42
4916,27.69,3.4
4917,27.13,1.92
4918,28.3,3.82
4919,27.08,3.73
4920,26.56,4.33
4921,27.85,2.51
4922,26.01,2.81
4923,29.56,3.92
4924,27.93,2.66
4925,27.61,1.82
4926,26.09,1.86
4927,28.97,2.45
4928,27.97,1.33
4929,26.36,2.1
4930,26.69,3.45
4931,28.0,0.93
4932,28.0,4.11
4933,27.27,3.49
4934,27.43,1.85
4935,25.76,2.77
4936,27.43,2.23
4937,26.47,3.64
4938,26.91,3.3
4939,27.6,1.27
4940,26.01,2.81
4941,27.67,2.05
4942,27.21,2.3
4943,28.59,1.66
4944,28.83,4.48
4945,29.27,3.37
4946,26.89,1.66
4947,26.54,1.3
4948,30.71,1.91
4949,29.27,2.65
4950,26.24,2.45
4951,28.52,3.67
4952,26.32,3.05
4953,27.21,3.28
4954,26.77,2.54
4955,26.83,1.28
4956,27.35,2.06
4957,26.43,3.4
4958,27.35,2.18
4959,25.78,2.72
4960,27.16,1.96
4961,27.04,1.47
4962,26.12,2.12
4963,26.36,2.52
4964,28.03,1.71
4965,25.79,2.03
4966,25.78,1.53
4967,26.27,3.48
4968,26.83,1.98
4969,26.9,3.98
4970,28.31,4.1
4971,27.24,2.15
4972,28.1,1.49
4973,28.73,0.97
4974,28.85,1.24
4975,26.4,1.28
4976,29.46,3.86
4977,26.62,2.33
4978,33.52,2.6
4979,27.95,0.92
4980,27.54,1.38
4981,28.22,3.17
4982,25.6,2.5
4983,41.72,2.1
4984,26.23,2.79
4985,27.11,4.28
4986,27.58,2.04
4987,26.38,2.29
4988,27.91,2.4
4989,27.12,5.79
4990,34.13,0.96
4991,26.5,2.92
4992,36.88,2.13
4993,26.88,2.79
4994,26.6,1.71
4995,28.45,2.18
4996,52.9,2.96
4997,31.85,7.73
4998,30.32,3.07
4999,26.27,1.59
5000,26.24,1.88
5001,25.72,1.86
5002,33.69,1.09
5003,26.93,1.95
5004,27.75,2.98
5005,27.48,1.34
5006,34.41,3.39
5007,28.8,2.71
5008,27.4,1.66
5009,25.56,2.1
5010,27.54,4.22
5011,30.38,2.98
5012,30.75,2.23
5013,26.4,2.02
5014,27.43,2.29
5015,27.23,1.81
5016,27.29,0.96
5017,26.15,5.04
5018,26.18,2.37
5019,27.4,2.61
5020,26.31,2.17
5021,25.74,1.66
5022,28.41,2.07
5023,25.65,1.17
5024,17.91,5.53
5025,25.51,1.36
5026,27.21,1.47
5027,27.14,1.87
5028,27.73,3.73
5029,27.27,2.24
5030,25.8,1.36
5031,26.97,3.68
5032,26.81,2.98
5033,26.93,2.76
5034,27.59,2.96
5035,25.93,5.8
5036,27.59,5.33
5037,28.93,1.69
5038,27.68,4.26
5039,27.15,2.59
5040,28.0,2.72
5041,27.01,1.13
5042,26.49,2.08
5043,27.71,1.61
5044,27.41,3.1
5045,27.04,3.42
5046,28.24,0.97
5047,27.31,2.21
5048,26.92,3.49
5049,26.03,2.07
5050,27.64,2.98
5051,27.15,2.56
5052,26.17,2.55
5053,29.3,2.0
5054,27.45,1.37
5055,26.77,1.42
5056,26.24,2.96
5057,26.95,2.24
5058,26.6,2.11
5059,28.08,1.88
5060,27.34,1.97
5061,28.87,3.38
5062,25.89,1.95
5063,27.05,1.3
5064,27.5,3.0
5065,25.79,2.05
5066,26.87,2.25
5067,28.79,4.23
5068,27.46,2.21
5069,27.6,2.5
5070,25.99,1.39
5071,27.41,2.04
5072,26.78,2.84
5073,26.89,1.19
5074,26.62,2.41
5075,26.93,2.32
5076,26.28,2.26
5077,26.8,3.37
5078,27.03,2.54
5079,27.34,4.02
5080,25.19,1.5
5081,27.38,2.35
5082,25.88,2.3
5083,27.17,1.45
5084,26.49,3.26
5085,25.97,5.64
5086,26.57,2.21
5087,27.55,2.72
5088,27.03,2.3
5089,28.05,1.67
5090,26.83,1.07
5091,26.22,1.68
5092,25.8,1.28
5093,26.79,4.4
5094,27.61,2.13
5095,27.04,1.94
5096,28.17,3.18
5097,26.58,1.42
5098,25.76,1.64
5099,28.38,2.29
5100,25.94,3.36
5101,27.19,2.72
5102,30.16,2.46
5103,30.42,2.3
5104,27.11,2.61
5105,28.05,2.41
5106,31.5,1.47
5107,27.29,2.27
5108,27.11,1.45
5109,32.24,2.3
5110,32.44,1.84
5111,25.91,6.15
5112,26.46,2.19
5113,27.52,1.27
5114,30.44,2.11
5115,29.01,2.74
5116,28.09,4.35
5117,31.55,1.76
5118,27.49,1.18
5119,26.51,3.09
5120,26.19,1.28
5121,26.86,1.87
5122,26.92,2.01
5123,27.97,2.16
5124,27.89,2.93
5125,27.75,1.69
5126,27.21,1.99
5127,26.87,2.21
5128,26.09,2.36
5129,27.06,2.31
5130,27.13,2.65
5131,26.0,3.12
5132,27.32,2.6
5133,26.5,2.67
5134,36.48,1.18
5135,27.28,2.27
5136,27.36,2.7
5137,25.48,2.98
5138,55.81,1.69
5139,26.58,1.71
5140,26.18,1.77
5141,26.64,2.76
5142,26.78,3.37
5143,26.93,1.89
5144,28.02,3.2
5145,25.5,2.34
5146,26.06,2.12
5147,25.92,2.05
5148,32.27,3.0
5149,28.55,2.54
5150,30.76,5.53
5151,28.27,1.58
5152,25.95,2.74
5153,26.13,1.8
5154,27.58,1.57
5155,26.94,2.22
5156,26.88,2.35
5157,26.25,7.15
5158,27.55,2.07
5159,27.07,1.42
5160,26.11,2.48
5161,25.98,0.97
5162,28.09,2.15
5163,31.83,2.24
5164,27.11,3.06
5165,27.61,3.29
5166,28.62,1.82
5167,30.31,2.1
5168,26.89,1.64
5169,27.74,1.42
5170,28.39,2.52
5171,27.2,1.34
5172,27.45,1.89
5173,27.52,1.49
5174,26.9,2.77
5175,26.11,4.57
5176,27.52,1.32
5177,27.06,1.06
5178,28.82,2.12
5179,26.24,2.24
5180,26.43,2.43
5181,27.23,1.86
5182,27.77,2.05
5183,25.8,2.58
5184,32.63,3.37
5185,29.14,1.02
5186,26.94,1.92
5187,26.76,2.42
5188,27.97,1.54
5189,28.1,4.45
5190,26.72,1.73
5191,30.39,2.19
5192,31.98,2.78
5193,26.79,1.76
5194,26.78,1.06
5195,27.02,1.87
5196,30.16,3.36
5197,26.75,1.94
5198,26.07,1.59
5199,26.28,3.22
5200,26.84,1.95
5201,27.66,1.81
5202,27.61,2.36
5203,25.83,3.03
5204,27.52,5.77
5205,28.07,3.1
5206,26.19,3.54
5207,27.83,1.82
5208,27.69,1.48
5209,27.29,2.28
5210,25.81,2.32
5211,26.89,1.45
5212,26.42,2.07
5213,26.16,2.61
5214,27.16,2.57
5215,26.52,2.72
5216,26.37,2.5
5217,27.54,1.82
5218,26.7,1.81
5219,26.71,1.38
5220,25.51,4.54
5221,26.83,2.24
5222,25.78,2.03
5223,28.1,1.53
5224,28.08,7.2
5225,29.58,1.45
5226,26.02,1.87
5227,26.73,2.63
5228,30.15,2.83
5229,32.22,3.26
5230,27.3,4.59
5231,28.17,2.72
5232,27.23,1.46
5233,27.85,2.01
5234,26.47,2.52
5235,26.95,5.09
5236,27.65,1.27
5237,28.46,3.6
5238,26.54,2.39
5239,29.32,3.11
5240,29.16,2.14
5241,26.88,1.59
5242,28.14,3.01
5243,29.48,2.89
5244,31.48,3.28
5245,30.31,2.21
5246,30.35,1.75
5247,29.43,1.19
5248,26.75,3.09
5249,29.87,2.64
5250,28.27,1.51
5251,28.93,1.79
5252,26.97,1.85
5253,27.62,1.23
5254,29.97,1.6
5255,32.2,1.41
5256,32.76,1.89
5257,27.56,1.66
5258,26.8,1.16
5259,31.92,5.0
5260,28.23,3.67
5261,26.69,1.63
5262,30.2,2.48
5263,28.27,2.63
5264,27.39,3.58
5265,26.53,1.6
5266,26.81,3.44
5267,26.66,1.79
5268,26.19,1.3
5269,30.41,2.97
5270,27.47,3.73
5271,26.94,6.27
5272,25.79,1.38
5273,26.28,2.94
5274,28.11,1.89
5275,28.57,3.04
5276,27.91,1.24
5277,26.16,1.34
5278,26.58,1.63
5279,26.64,2.3
5280,26.02,1.72
5281,26.26,2.9
5282,26.72,3.36
5283,26.67,2.83
5284,28.52,4.25
5285,26.62,2.63
5286,64.88,1.37
5287,27.9,3.84
5288,27.06,1.75
5289,26.48,3.2
5290,26.25,4.18
5291,26.34,2.67
5292,26.65,1.22
5293,28.95,1.54
5294,26.61,3.78
5295,26.89,2.08
5296,27.05,2.3
5297,27.48,3.01
5298,26.16,2.94
5299,26.67,2.49
5300,26.69,2.05
5301,27.09,1.96
5302,26.37,3.14
5303,27.39,2.78
5304,28.12,2.01
5305,26.27,3.43
5306,26.22,2.11
5307,25.93,1.58
5308,26.53,1.64
5309,27.96,1.5
5310,27.56,2.0
5311,28.25,3.65
5312,26.72,1.61
5313,30.75,2.4
5314,27.21,1.71
5315,26.53,2.01
5316,27.05,1.22
5317,26.45,2.04
5318,27.44,2.06
5319,26.47,2.76
5320,26.53,2.43
5321,26.5,1.38
5322,26.91,3.43
5323,27.74,2.42
5324,27.19,2.41
5325,27.03,2.22
5326,29.37,1.81
5327,25.54,2.43
5328,27.88,2.69
5329,28.24,1.11
5330,29.24,1.79
5331,27.47,2.01
5332,27.1,2.47
5333,26.03,3.59
5334,27.83,1.63
5335,26.02,1.82
5336,28.26,1.81
5337,26.39,1.62
5338,27.11,1.94
5339,28.06,3.03
5340,26.34,1.46
5341,27.35,2.64
5342,27.11,1.13
5343,26.17,1.78
5344,28.09,1.95
5345,26.82,4.35
5346,26.09,1.99
5347,27.0,0.92
5348,28.67,1.0
5349,29.62,2.26
5350,27.07,2.84
5351,26.32,2.59
5352,27.52,2.38
5353,26.91,3.54
5354,26.24,1.79
5355,26.96,3.18
5356,26.56,1.16
5357,28.52,1.55
5358,29.0,1.08
5359,27.13,1.99
5360,26.51,2.18
5361,26.46,2.33
5362,26.03,2.28
5363,29.03,1.54
5364,28.15,2.06
5365,26.87,1.22
5366,27.9,3.84
5367,27.55,1.97
5368,25.77,1.83
5369,25.59,4.2
5370,26.38,1.35
5371,26.59,1.42
5372,26.12,1.44
5373,26.41,2.17
5374,27.28,2.64
5375,26.31,2.99
5376,26.87,6.23
5377,26.68,0.91
5378,28.47,2.84
5379,26.32,1.78
5380,26.18,1.76
5381,26.05,1.74
5382,25.55,1.55
5383,29.82,4.37
5384,25.47,3.12
5385,27.84,2.25
5386,26.96,3.82
5387,26.99,1.22
5388,27.34,1.31
5389,27.28,0.93
5390,26.32,1.68
5391,28.01,2.37
5392,27.36,2.32
5393,25.8,2.36
5394,31.52,1.27
5395,33.79,3.07
5396,18.41,2.45
5397,26.49,2.98
5398,27.61,1.04
5399,27.77,2.52
5400,26.84,1.38
5401,31.49,1.9
5402,29.72,2.76
5403,27.18,2.31
5404,27.18,1.58
5405,28.67,2.23
5406,27.41,1.21
5407,26.37,3.53
5408,26.8,2.05
5409,26.84,3.48
5410,28.0,1.8
5411,26.14,1.81
5412,26.27,1.64
5413,26.95,3.16
5414,26.38,1.68
5415,26.54,2.88
5416,28.93,1.91
5417,27.05,1.01
5418,26.5,1.77
5419,28.42,1.39
5420,27.83,2.26
5421,28.45,1.38
5422,26.54,3.22
5423,26.9,2.15
5424,26.19,2.07
5425,32.11,2.89
5426,28.77,3.27
5427,29.3,2.21
5428,28.43,1.63
5429,26.55,1.09
5430,26.45,1.69
5431,27.35,1.74
5432,27.72,2.32
5433,28.84,1.94
5434,27.86,2.93
5435,27.74,1.74
5436,28.95,2.18
5437,30.31,3.57
5438,27.06,2.55
5439,28.18,2.17
5440,29.7,1.75
5441,27.95,1.73
5442,27.2,1.58
5443,27.56,1.79
5444,27.7,3.01
5445,26.8,2.04
5446,26.4,1.3
5447,30.53,4.51
5448,30.11,2.53
5449,28.96,1.27
5450,28.32,1.86
5451,27.55,2.33
5452,26.88,4.4
5453,28.68,1.43
5454,27.23,3.29
5455,27.9,3.9
5456,27.2,1.73
5457,25.68,1.99
5458,26.07,1.47
5459,26.74,2.05
5460,26.78,2.19
5461,27.64,2.9
5462,28.95,3.44
5463,26.86,1.65
5464,27.67,1.01
5465,32.07,2.21
5466,61.52,2.5
5467,27.68,2.46
5468,28.15,1.95
5469,27.85,2.34
5470,26.24,4.08
5471,27.84,2.59
5472,27.83,1.92
5473,28.44,1.82
5474,26.27,2.08
5475,26.06,4.28
5476,26.36,2.07
5477,26.63,2.21
5478,25.67,1.84
5479,25.82,3.45
5480,29.03,4.87
5481,30.33,2.67
5482,32.9,2.3
5483,31.18,2.26
5484,42.19,0.86
5485,27.56,3.0
5486,32.41,2.35
5487,49.36,2.64
5488,34.91,1.67
5489,26.82,1.91
5490,28.47,1.89
5491,27.22,3.35
5492,29.52,1.91
5493,31.08,5.12
5494,26.22,2.64
5495,27.62,1.34
5496,37.2,2.11
5497,28.35,1.71
5498,27.72,0.93
5499,47.39,4.22
5500,48.48,2.95
5501,41.67,2.75
5502,43.67,2.38
5503,35.08,1.28
5504,25.65,1.83
5505,26.08,3.12
5506,26.63,1.46
5507,26.73,0.81
5508,26.77,2.03
5509,49.07,2.1
5510,29.67,2.35
5511,32.27,2.98
5512,30.26,2.87
5513,33.76,2.47
5514,34.49,3.59
5515,29.3,1.21
5516,28.11,2.72
5517,27.41,2.86
5518,33.69,1.36
5519,57.8,1.22
5520,30.97,1.65
5521,27.13,1.71
5522,28.61,3.01
5523,35.88,1.74
5524,36.05,1.58
5525,26.44,1.74
5526,28.83,3.48
5527,28.26,2.24
5528,26.32,2.07
5529,29.12,2.13
5530,28.06,3.73
5531,27.97,1.65
5532,27.5,3.77
5533,29.16,2.42
5534,28.05,2.09
5535,26.59,6.05
5536,27.3,1.46
5537,26.41,1.93
5538,31.22,1.36
5539,35.01,3.26
5540,27.16,4.37
5541,28.19,4.34
5542,31.18,3.63
5543,27.76,2.06
5544,27.14,1.92
5545,27.43,1.14
5546,27.85,5.02
5547,26.72,2.68
5548,25.99,1.83
5549,32.62,3.79
5550,28.02,1.51
5551,26.56,2.62
5552,29.6,2.08
5553,28.19,2.87
5554,29.93,2.17
5555,27.06,1.25
5556,29.79,2.29
5557,29.29,3.39
5558,34.36,2.2
5559,27.09,3.03
5560,30.99,1.46
5561,27.58,2.2
5562,28.22,1.73
5563,26.98,3.0
5564,28.62,2.25
5565,26.96,2.93
5566,27.99,3.44
5567,29.22,2.93
5568,29.99,2.48
5569,27.96,1.49
5570,28.53,2.22
5571,27.91,1.8
5572,27.64,1.94
5573,28.76,1.92
5574,28.12,1.5
5575,27.21,1.02
5576,27.38,1.7
5577,27.48,2.4
5578,29.56,1.3
5579,26.85,2.24
5580,26.29,4.76
5581,27.58,3.35
5582,26.65,4.29
5583,28.47,2.6
5584,29.25,3.55
5585,26.34,1.67
5586,28.05,1.72
5587,27.37,0.74
5588,29.34,3.58
5589,27.13,4.12
5590,28.01,1.78
5591,26.47,2.01
5592,26.63,1.65
5593,26.83,2.59
5594,29.19,3.49
5595,28.98,1.11
5596,27.11,2.62
5597,27.82,1.99
5598,26.87,2.33
5599,27.82,2.67
5600,27.95,2.06
5601,28.92,2.14
5602,30.25,2.04
5603,28.61,3.28
5604,28.58,2.63
5605,29.87,2.43
5606,28.83,1.34
5607,28.36,1.91
5608,26.02,3.19
5609,29.65,2.26
5610,27.76,2.9
5611,26.85,4.51
5612,27.7,3.37
5613,28.07,2.31
5614,27.36,1.81
5615,28.09,0.8
5616,28.79,2.08
5617,27.03,1.95
5618,26.16,2.6
5619,28.61,2.09
5620,28.77,1.96
5621,27.81,1.09
5622,29.63,1.53
5623,26.69,2.69
5624,29.29,4.42
5625,27.11,2.14
5626,26.33,2.54
5627,26.9,3.26
5628,27.81,1.61
5629,26.7,2.58
5630,26.61,1.66
5631,27.44,3.15
5632,28.81,2.36
5633,26.23,2.51
5634,28.43,1.63
5635,26.77,2.95
5636,26.27,5.12
5637,27.58,1.49
5638,30.17,1.94
5639,39.77,2.44
5640,72.67,3.05
5641,29.24,1.78
5642,28.67,0.72
5643,27.03,3.83
5644,28.99,3.02
5645,26.98,1.11
5646,34.28,1.75
5647,30.1,4.17
5648,31.1,3.97
5649,26.64,3.24
5650,27.73,2.07
5651,27.15,2.3
5652,28.9,2.11
5653,28.45,3.49
5654,26.21,1.57
5655,27.67,1.61
5656,27.49,3.33
5657,27.31,2.19
5658,28.33,3.86
5659,26.59,1.7
5660,26.82,2.18
5661,31.14,1.54
5662,32.55,2.23
5663,28.27,1.23
5664,26.36,1.83
5665,28.4,1.25
5666,27.18,2.94
5667,27.34,2.96
5668,26.49,1.11
5669,28.12,3.79
5670,26.86,6.04
5671,29.09,2.27
5672,26.88,1.72
5673,29.32,6.89
5674,29.35,1.31
5675,31.51,2.24
5676,23.5,2.39
5677,26.93,3.81
5678,27.47,2.57
5679,27.99,1.82
5680,28.11,1.52
5681,27.4,1.94
5682,29.9,1.49
5683,26.59,2.27
5684,26.57,1.78
5685,27.83,1.22
5686,27.67,3.68
5687,27.04,1.82
5688,29.73,1.34
5689,26.89,2.08
5690,28.64,2.29
5691,31.42,1.11
5692,27.74,2.54
5693,27.27,1.46
5694,28.05,4.41
5695,26.3,2.74
5696,30.64,1.9
5697,27.96,1.65
5698,26.42,2.13
5699,27.1,2.84
5700,28.43,2.2
5701,28.07,2.04
5702,27.43,2.28
5703,29.5,1.75
5704,29.35,1.94
5705,28.63,0.97
5706,29.61,3.29
5707,28.75,2.51
5708,29.35,1.63
5709,28.68,4.76
5710,28.78,2.3
5711,29.35,1.47
5712,28.3,3.14
5713,26.91,2.61
5714,27.7,2.61
5715,29.64,1.88
5716,29.68,2.66
5717,26.76,2.0
5718,29.23,2.78
5719,30.81,1.04
5720,30.38,1.87
5721,27.5,4.43
5722,28.46,1.64
5723,25.94,1.75
5724,25.95,1.86
5725,25.92,1.37
5726,26.95,0.92
5727,26.52,2.03
5728,27.03,2.35
5729,26.25,2.18
5730,27.41,2.1
5731,26.7,2.26
5732,26.41,3.35
5733,26.36,2.06
5734,25.76,1.77
5735,27.86,1.99
5736,26.44,2.81
5737,26.41,3.91
5738,29.53,1.73
5739,27.15,2.32
5740,27.68,2.55
5741,27.95,1.5
5742,26.97,2.24
5743,26.41,1.24
5744,26.46,1.1
5745,27.4,2.58
5746,25.49,1.91
5747,26.38,2.41
5748,28.36,2.21
5749,26.76,1.51
5750,26.14,2.19
5751,30.96,1.36
5752,28.87,3.88
5753,28.59,1.29
5754,29.8,2.06
5755,27.82,1.47
5756,26.72,2.8
5757,28.38,1.95
5758,26.38,1.81
5759,28.24,3.13
5760,26.36,2.25
5761,27.88,2.74
5762,25.62,1.5
5763,26.28,1.27
5764,26.44,2.32
5765,26.84,1.96
5766,26.74,2.86
5767,28.5,2.16
5768,28.12,2.42
5769,26.03,1.16
5770,26.36,4.74
5771,28.98,2.08
5772,27.07,2.94
5773,27.5,1.59
5774,26.68,2.52
5775,28.35,1.32
5776,28.48,2.67
5777,27.38,1.93
5778,62.21,2.25
5779,26.71,2.94
5780,27.34,1.36
5781,27.48,1.69
5782,29.0,2.67
5783,27.69,5.15
5784,26.46,2.11
5785,28.11,2.82
5786,26.18,2.13
5787,27.73,4.84
5788,26.17,1.11
5789,26.73,2.31
5790,31.31,1.16
5791,29.92,0.82
5792,27.87,2.51
5793,26.61,2.35
5794,26.44,1.99
5795,27.25,2.13
5796,27.64,7.69
5797,25.78,2.01
5798,28.15,2.73
5799,28.47,1.72
5800,29.38,2.5
5801,28.97,2.02
5802,29.77,1.89
5803,31.55,4.61
5804,28.79,3.56
5805,28.46,2.35
5806,26.84,0.89
5807,27.39,1.93
5808,26.69,6.56
5809,28.08,2.03
5810,29.1,3.46
5811,27.76,3.96
5812,31.53,2.43
5813,27.41,1.59
5814,26.07,0.84
5815,34.26,2.93
5816,27.79,1.61
5817,26.89,2.39
5818,27.06,1.35
5819,26.2,2.0
5820,27.23,2.26
5821,27.5,2.48
5822,27.55,1.42
5823,27.68,3.59
5824,25.82,1.75
5825,26.38,1.14
5826,27.7,2.13
5827,26.21,2.26
5828,31.46,2.37
5829,28.85,3.84
5830,33.42,2.02
5831,32.56,2.12
5832,27.44,1.43
5833,26.33,3.09
5834,28.21,2.4
5835,26.82,1.88
5836,27.61,1.04
5837,26.94,3.97
5838,26.78,1.36
5839,26.68,1.76
5840,26.38,2.57
5841,28.19,1.38
5842,27.12,1.22
5843,29.62,0.95
5844,28.02,2.97
5845,27.9,1.79
5846,28.39,7.18
5847,25.64,1.5
5848,27.17,1.54
5849,28.38,1.78
5850,27.41,2.45
5851,28.74,1.84
5852,26.61,2.84
5853,28.4,1.5
5854,27.41,1.28
5855,26.44,1.08
5856,26.01,0.91
5857,28.95,1.81
5858,34.66,1.97
5859,29.96,1.73
5860,29.65,3.66
5861,35.36,3.64
5862,27.38,1.95
5863,28.98,1.09
5864,32.9,1.77
5865,30.12,1.75
5866,28.1,1.71
5867,26.32,1.68
5868,26.91,1.71
5869,27.49,1.91
5870,27.7,1.73
5871,26.47,2.42
5872,26.85,2.57
5873,25.57,1.55
5874,27.48,3.7
5875,29.0,1.5
5876,26.24,1.17
5877,26.97,2.59
5878,27.05,1.6
5879,27.0,2.53
5880,28.17,0.85
5881,27.73,3.88
5882,26.06,2.91
5883,27.01,1.22
5884,32.86,1.23
5885,27.56,4.34
5886,31.28,1.66
5887,26.26,1.59
5888,27.22,0.9
5889,26.74,1.93
5890,28.59,2.03
5891,29.07,2.96
5892,26.95,1.27
5893,27.92,1.21
5894,28.29,2.67
5895,29.58,3.33
5896,18.79,1.19
5897,29.48,3.43
5898,27.2,2.26
5899,28.36,3.44
5900,27.71,2.16
5901,29.26,0.81
5902,26.82,2.09
5903,27.35,3.4
5904,26.4,1.56
5905,28.23,1.91
5906,27.3,2.07
5907,27.23,0.7
5908,25.78,4.34
5909,28.11,1.55
5910,27.89,2.72
5911,26.43,2.15
5912,27.54,3.68
5913,25.76,2.62
5914,30.77,2.03
5915,27.46,1.56
5916,26.09,3.06
5917,27.52,1.05
5918,29.42,2.88
5919,27.43,1.43
5920,26.53,3.67
5921,26.96,2.37
5922,28.18,2.88
5923,28.68,2.3
5924,26.79,1.1
5925,28.01,1.58
5926,25.74,2.91
5927,28.41,2.38
5928,27.85,3.57
5929,27.72,2.62
5930,28.03,1.51
5931,27.73,1.62
5932,28.79,2.32
5933,27.74,0.88
5934,28.43,4.35
5935,26.59,2.66
5936,27.7,3.64
5937,27.96,1.18
5938,27.39,3.66
5939,28.49,5.43
5940,28.03,1.31
5941,25.74,3.03
5942,26.77,2.23
5943,28.26,1.2
5944,30.48,2.71
5945,20.51,3.11
5946,27.88,1.75
5947,29.39,3.55
5948,27.68,1.14
5949,29.48,1.22
5950,28.08,2.35
5951,63.7,2.25
5952,26.11,1.67
5953,28.47,3.08
5954,27.83,2.75
5955,26.92,3.14
5956,26.04,2.12
5957,27.18,2.83
5958,28.81,1.86
5959,27.8,5.06
5960,27.66,1.61
5961,27.88,5.17
5962,26.74,2.26
5963,30.21,1.28
5964,28.55,3.85
5965,28.03,2.34
5966,30.04,3.13
5967,26.89,3.63
5968,28.2,2.55
5969,29.87,1.76
5970,28.29,3.29
5971,26.15,2.23
5972,26.27,2.93
5973,26.83,0.94
5974,29.1,2.66
5975,27.3,1.72
5976,29.66,4.31
5977,25.79,2.86
5978,26.52,2.45
5979,28.76,2.7
5980,28.05,1.49
5981,31.25,4.26
5982,37.13,4.94
5983,25.94,2.6
5984,24.06,4.2
5985,28.86,1.77
5986,28.86,1.62
5987,29.0,2.26
5988,29.45,2.65
5989,26.22,1.9
5990,29.15,2.76
5991,27.6,2.52
5992,20.2,1.49
5993,27.47,2.74
5994,29.67,3.14
5995,25.44,2.38
5996,26.77,3.53
5997,27.26,1.37
5998,26.03,2.68
5999,27.53,1.39
6000,27.48,1.43
6001,32.64,1.73
6002,37.5,1.53
6003,30.28,1.79
6004,29.4,2.04
6005,27.56,3.11
6006,26.1,1.96
6007,30.45,1.18
6008,27.75,3.51
6009,31.02,1.59
6010,27.42,2.17
6011,30.2,2.66
6012,45.61,2.41
6013,28.92,3.45
6014,25.99,2.7
6015,30.28,1.58
6016,26.1,5.32
6017,25.94,2.41
6018,25.85,2.1
6019,26.62,3.27
6020,34.98,2.46
6021,26.2,2.61
6022,32.44,6.03
6023,26.48,1.99
6024,29.18,1.96
6025,26.17,2.33
6026,33.41,3.42
6027,25.64,1.22
6028,26.03,1.01
6029,26.88,1.76
6030,26.12,1.16
6031,27.7,1.88
6032,26.62,2.72
6033,27.08,1.56
6034,27.59,1.26
6035,26.61,2.29
6036,27.02,3.14
6037,27.07,1.13
6038,26.74,3.09
6039,27.47,3.09
6040,25.67,3.26
6041,26.43,3.62
6042,27.42,5.37
6043,26.84,1.93
6044,25.45,2.33
6045,28.3,1.88
6046,25.97,2.23
6047,26.92,4.11
6048,26.61,1.3
6049,29.18,1.58
6050,27.15,3.86
6051,27.15,3.35
6052,26.07,1.92
6053,26.26,3.13
6054,26.59,2.55
6055,27.27,4.06
6056,26.57,2.29
6057,28.2,3.35
6058,26.43,6.4
6059,28.17,2.83
6060,27.02,2.27
6061,27.06,2.97
6062,18.54,1.92
6063,26.71,5.78
6064,27.66,2.39
6065,29.14,2.0
6066,26.76,1.59
6067,35.34,3.45
6068,28.46,3.15
6069,26.79,1.82
6070,26.13,2.8
6071,31.64,1.22
6072,27.82,2.4
6073,27.43,2.67
6074,32.92,4.41
6075,27.14,1.64
6076,26.91,1.33
6077,27.43,1.56
6078,26.61,1.3
6079,34.38,3.8
6080,28.69,4.13
6081,26.43,2.53
6082,27.18,3.63
6083,26.02,2.35
6084,26.71,2.14
6085,27.33,1.95
6086,27.58,1.97
6087,27.03,1.2
6088,22.44,2.47
6089,27.06,2.19
6090,26.91,3.0
6091,26.45,2.31
6092,26.96,2.09
6093,27.97,1.57
6094,29.41,2.29
6095,47.03,2.99
6096,77.46,1.41
6097,30.18,2.3
6098,27.71,2.44
6099,27.98,1.67
6100,26.35,1.76
6101,28.97,2.44
6102,27.02,1.41
6103,26.45,2.56
6104,29.04,1.56
6105,26.37,3.4
6106,26.8,5.67
6107,27.23,1.58
6108,26.33,2.76
6109,26.42,1.66
6110,28.08,3.37
6111,26.65,1.34
6112,28.48,2.7
6113,26.49,1.57
6114,25.76,2.05
6115,27.33,1.47
6116,25.92,3.09
6117,27.27,1.59
6118,27.63,2.78
6119,28.46,1.94
6120,27.52,2.13
6121,26.86,2.36
6122,26.51,1.64
6123,26.49,2.42
6124,26.08,4.1
6125,26.09,1.63
6126,28.32,3.56
6127,26.53,4.05
6128,25.89,1.61
6129,28.5,1.24
6130,27.81,2.51
6131,26.44,1.79
6132,27.66,4.7
6133,26.19,2.26
6134,25.91,1.61
6135,26.99,1.41
6136,54.78,3.44
6137,26.37,1.77
6138,28.47,2.26
6139,28.28,3.26
6140,27.93,1.83
6141,26.82,2.19
6142,27.21,2.21
6143,26.53,2.93
6144,28.46,2.82
6145,27.59,2.04
6146,26.38,2.28
6147,26.4,1.92
6148,25.9,1.23
6149,27.37,2.47
6150,26.21,4.74
6151,25.96,1.56
6152,28.35,1.63
6153,28.8,1.57
6154,26.39,2.97
6155,26.59,2.66
6156,27.37,2.09
6157,26.58,1.54
6158,27.35,2.31
6159,26.47,1.19
6160,30.72,2.36
6161,27.13,3.15
6162,26.28,1.35
6163,29.26,1.21
6164,26.69,4.19
6165,35.86,1.74
6166,32.26,3.51
6167,28.07,2.09
6168,29.45,2.09
6169,27.62,2.65
6170,32.48,1.56
6171,30.94,2.35
6172,30.69,1.91
6173,28.17,1.31
6174,31.61,2.55
6175,27.61,2.0
6176,28.56,2.09
6177,27.55,1.37
6178,27.58,4.21
6179,26.96,3.16
6180,26.78,3.27
6181,26.74,1.97
6182,26.98,1.11
6183,26.78,4.86
6184,27.78,2.17
6185,26.58,1.65
6186,28.6,2.63
6187,28.57,3.55
6188,27.49,2.21
6189,27.47,3.71
6190,27.85,3.43
6191,28.04,1.45
6192,26.45,1.7
6193,27.82,3.26
6194,27.31,0.75
6195,31.71,2.1
6196,29.51,1.26
6197,28.76,1.84
6198,27.08,1.97
6199,27.72,1.93
6200,27.46,1.78
6201,27.92,1.43
6202,28.37,5.57
6203,27.33,4.7
6204,28.09,1.4
6205,30.3,4.19
6206,29.18,1.9
6207,26.22,2.34
6208,28.29,2.17
6209,27.18,1.71
6210,32.5,3.3
6211,29.7,2.34
6212,28.24,1.84
6213,28.05,1.32
6214,27.5,1.56
6215,29.55,1.15
6216,26.73,2.24
6217,26.51,1.38
6218,26.43,2.0
6219,27.94,3.85
6220,27.69,3.6
6221,28.18,2.2
6222,26.75,2.15
6223,27.66,4.72
6224,28.68,2.74
6225,26.99,1.95
6226,27.63,1.26
6227,26.39,2.61
6228,26.18,3.1
6229,26.15,1.73
6230,27.12,2.5
6231,27.94,1.92
6232,27.31,2.07
6233,26.22,0.82
6234,26.83,2.04
6235,27.55,3.28
6236,27.47,1.73
6237,26.85,2.27
6238,28.2,1.64
6239,27.46,2.57
6240,27.79,2.04
6241,26.23,1.53
6242,27.67,3.79
6243,33.97,3.23
6244,26.58,1.75
6245,30.46,2.72
6246,26.51,2.76
6247,16.91,2.88
6248,26.83,1.13
6249,27.38,3.33
6250,28.14,1.77
6251,26.47,1.93
6252,27.63,6.39
6253,30.19,2.51
6254,30.44,1.91
6255,30.94,0.92
6256,29.06,3.88
6257,26.25,1.3
6258,26.15,1.49
6259,28.14,1.95
6260,26.77,3.92
6261,28.9,3.03
6262,26.05,2.09
6263,27.15,2.52
6264,28.57,1.75
6265,18.62,2.35
6266,27.21,2.29
6267,27.88,3.28
6268,26.34,3.28
6269,26.99,2.71
6270,27.97,1.93
6271,26.8,2.99
6272,27.13,2.15
6273,29.04,1.44
6274,28.69,1.89
6275,28.58,2.3
6276,27.23,3.2
6277,35.9,2.07
6278,26.46,1.37
6279,28.82,2.28
6280,27.07,2.33
6281,27.16,2.4
6282,27.11,3.22
6283,28.47,3.35
6284,26.64,1.75
6285,26.97,1.74
6286,27.47,1.47
6287,26.94,2.94
6288,29.37,3.97
6289,19.55,1.96
6290,27.5,2.02
6291,27.06,4.0
6292,27.23,2.72
6293,24.64,2.65
6294,27.86,1.38
6295,29.01,2.92
6296,65.93,1.53
6297,28.83,1.41
6298,26.7,1.94
6299,26.61,1.76
6300,26.1,2.04
6301,25.99,1.25
6302,26.51,3.27
6303,30.1,3.49
6304,39.13,1.02
6305,28.31,3.29
6306,28.87,1.61
6307,27.02,3.14
6308,26.57,2.17
6309,26.48,2.25
6310,27.06,2.07
6311,33.32,3.61
6312,26.11,1.36
6313,25.43,2.84
6314,27.1,3.46
6315,26.6,2.96
6316,26.89,5.64
6317,26.74,1.8
6318,26.38,3.26
6319,29.2,2.13
6320,27.69,3.65
6321,27.84,2.22
6322,28.42,1.91
6323,27.02,3.75
6324,26.39,1.83
6325,27.29,1.26
6326,29.03,1.81
6327,27.37,2.85
6328,27.26,3.88
6329,28.25,2.33
6330,28.52,3.77
6331,27.46,1.29
6332,28.46,1.86
6333,28.81,1.98
6334,29.73,2.13
6335,29.18,2.3
6336,28.58,2.93
6337,26.24,1.86
6338,27.07,2.35
6339,25.93,2.19
6340,29.16,1.54
6341,25.72,2.13
6342,29.52,2.1
6343,26.89,2.08
6344,27.46,2.25
6345,28.61,2.29
6346,27.34,1.87
6347,28.42,3.7
6348,26.77,1.39
6349,26.92,1.67
6350,28.1,6.77
6351,28.3,1.47
6352,26.58,1.29
6353,28.62,2.99
6354,26.74,0.97
6355,28.54,2.03
6356,26.12,5.25
6357,26.99,1.2
6358,28.04,1.01
6359,28.02,1.22
6360,27.53,3.19
6361,27.28,3.49
6362,26.75,1.81
6363,28.99,2.92
6364,26.72,3.88
6365,26.07,4.55
6366,26.5,2.02
6367,28.74,0.89
6368,26.35,1.6
6369,27.46,1.88
6370,26.45,2.01
6371,26.4,2.06
6372,28.74,3.48
6373,26.12,3.71
6374,27.66,2.08
6375,27.88,3.45
6376,26.06,2.57
6377,28.12,2.28
6378,46.78,3.2
6379,26.75,2.29
6380,25.98,5.07
6381,26.53,1.25
6382,27.9,1.81
6383,28.4,2.12
6384,35.65,2.65
6385,27.35,3.7
6386,28.16,2.2
6387,28.62,1.26
6388,27.38,3.12
6389,27.95,3.01
6390,26.73,1.02
6391,27.08,2.22
6392,28.91,1.18
6393,25.91,1.71
6394,27.41,1.55
6395,28.48,3.08
6396,26.95,2.33
6397,28.47,1.33
6398,30.18,3.16
6399,28.94,1.25
6400,26.58,2.54
6401,27.67,1.61
6402,27.95,1.92
6403,26.48,2.72
6404,25.97,2.74
6405,28.1,3.8
6406,26.05,2.15
6407,27.2,2.52
6408,27.93,1.87
6409,27.7,2.39
6410,27.37,2.65
6411,28.44,2.14
6412,28.72,1.08
6413,26.94,2.54
6414,26.76,2.57
6415,27.29,1.7
6416,28.04,1.33
6417,26.99,4.02
6418,30.35,2.71
6419,26.23,2.03
6420,26.78,1.41
6421,26.53,1.6
6422,25.87,3.75
6423,27.62,2.35
6424,26.24,1.79
6425,27.84,2.73
6426,25.91,1.61
6427,27.99,4.06
6428,29.38,3.82
6429,26.83,1.85
6430,31.21,1.73
6431,28.95,0.78
6432,26.86,1.23
6433,33.07,1.3
6434,35.32,2.35
6435,27.42,1.95
6436,29.04,1.3
6437,28.02,1.99
6438,27.24,2.72
6439,26.87,2.75
6440,26.13,1.04
6441,32.39,2.11
6442,26.21,1.28
6443,28.06,3.19
6444,28.1,3.05
6445,28.29,1.55
6446,29.3,1.64
6447,26.39,1.85
6448,28.92,0.9
6449,29.88,2.55
6450,27.83,2.0
6451,26.84,3.28
6452,26.83,1.43
6453,27.52,1.74
6454,28.92,1.22
6455,26.67,1.49
6456,28.86,1.39
6457,28.5,3.31
6458,26.66,1.68
6459,27.46,2.34
6460,59.85,1.91
6461,27.02,1.34
6462,26.14,2.08
6463,26.89,2.83
6464,26.9,1.37
6465,27.89,3.08
6466,17.38,1.58
6467,28.0,1.83
6468,26.05,2.75
6469,26.53,1.71
6470,26.38,2.26
6471,26.79,1.96
6472,29.27,2.34
6473,27.94,0.86
6474,27.27,1.07
6475,27.9,2.85
6476,27.47,3.37
6477,27.42,1.55
6478,26.1,2.02
6479,26.74,2.5
6480,28.24,2.94
6481,26.7,0.99
6482,30.22,1.56
6483,27.47,1.95
6484,26.69,2.95
6485,26.84,6.05
6486,28.01,2.03
6487,25.84,1.27
6488,26.51,2.61
6489,25.64,3.77
6490,26.68,2.32
6491,27.35,1.55
6492,29.09,3.26
6493,28.05,2.9
6494,28.29,1.48
6495,27.68,2.59
6496,30.04,3.32
6497,29.56,3.57
6498,28.67,2.17
6499,26.28,1.93
6500,29.08,3.64
6501,27.14,1.37
6502,26.97,2.65
6503,28.6,1.29
6504,26.58,3.41
6505,27.11,2.01
6506,28.17,3.7
6507,27.91,2.71
6508,26.72,1.36
6509,29.37,3.93
6510,30.08,4.14
6511,26.07,3.17
6512,29.27,1.64
6513,27.62,1.97
6514,29.27,2.36
6515,26.45,1.68
6516,28.53,4.38
6517,28.45,2.36
6518,25.98,0.75
6519,26.04,2.55
6520,27.14,1.94
6521,27.28,2.16
6522,26.63,1.92
6523,27.64,3.07
6524,26.77,3.48
6525,26.99,2.49
6526,27.57,1.94
6527,28.0,2.19
6528,28.02,2.24
6529,26.51,1.61
6530,27.51,2.81
6531,27.67,2.68
6532,31.66,4.12
6533,27.37,3.68
6534,26.77,1.69
6535,28.22,3.09
6536,27.39,1.52
6537,28.42,2.94
6538,27.86,1.81
6539,27.96,1.48
6540,27.61,2.49
6541,26.23,0.76
6542,28.48,1.1
6543,27.59,2.07
6544,28.09,2.3
6545,26.48,1.92
6546,25.63,1.18
6547,26.66,1.6
6548,26.64,2.6
6549,29.44,2.81
6550,30.21,2.21
6551,26.36,3.54
6552,26.85,2.61
6553,26.83,1.65
6554,28.2,1.99
6555,26.84,1.27
6556,27.09,2.13
6557,27.28,3.47
6558,26.51,2.93
6559,26.36,3.9
6560,27.02,1.97
6561,27.65,3.81
6562,27.23,2.06
6563,26.65,4.01
6564,27.22,2.21
6565,27.42,2.95
6566,26.13,4.02
6567,27.28,2.06
6568,28.5,2.43
6569,25.25,3.73
6570,27.42,2.11
6571,26.97,1.31
6572,27.6,5.24
6573,26.66,1.84
6574,26.35,2.37
6575,29.03,3.53
6576,26.57,1.74
6577,29.41,1.49
6578,27.42,2.46
6579,26.19,1.09
6580,28.55,1.98
6581,27.38,2.45
6582,27.63,2.0
6583,27.23,1.2
6584,26.43,4.21
6585,26.7,2.32
6586,30.09,3.95
6587,29.67,2.01
6588,29.07,1.57
6589,30.66,2.48
6590,27.13,2.04
6591,36.51,1.39
6592,32.4,4.01
6593,31.68,1.74
6594,27.99,1.07
6595,32.26,3.79
6596,28.46,1.82
6597,27.71,1.75
6598,26.93,1.1
6599,26.75,4.47
6600,27.37,1.33
6601,29.34,2.28
6602,28.43,3.21
6603,27.95,2.63
6604,26.04,2.17
6605,27.15,1.13
6606,26.36,1.61
6607,28.04,2.4
6608,26.33,1.62
6609,25.13,2.41
6610,26.8,2.92
6611,74.9,3.27
6612,30.93,1.36
6613,27.44,5.36
6614,26.77,3.03
6615,28.59,2.22
6616,27.88,3.44
6617,26.23,5.73
6618,28.27,1.25
6619,26.38,2.03
6620,26.2,0.86
6621,26.24,2.4
6622,26.84,2.58
6623,27.06,2.19
6624,25.8,1.71
6625,26.35,0.98
6626,26.94,2.58
6627,26.54,3.98
6628,28.93,1.76
6629,18.36,2.65
6630,27.77,1.19
6631,29.11,2.67
6632,31.37,1.9
6633,26.37,1.64
6634,28.25,1.64
6635,26.29,1.9
6636,27.54,2.59
6637,26.75,1.32
6638,26.74,1.9
6639,26.13,2.19
6640,27.25,1.43
6641,28.41,4.57
6642,53.15,1.58
6643,26.88,1.7
6644,29.22,1.5
6645,26.69,4.57
6646,27.89,2.78
6647,28.25,1.53
6648,28.74,3.46
6649,27.26,2.41
6650,25.54,2.47
6651,30.72,1.94
6652,35.98,1.65
6653,26.81,2.55
6654,29.22,1.79
6655,30.78,4.6
6656,27.07,1.34
6657,29.35,4.11
6658,27.68,2.13
6659,27.83,2.51
6660,25.67,3.11
6661,29.0,1.73
6662,26.03,3.14
6663,26.62,0.75
6664,26.7,1.67
6665,29.17,1.54
6666,25.56,1.35
6667,27.42,2.04
6668,27.82,2.6
6669,26.92,2.95
6670,26.82,2.45
6671,26.25,1.71
6672,26.34,2.58
6673,26.23,2.34
6674,27.74,3.24
6675,26.38,3.04
6676,26.32,2.25
6677,25.96,1.55
6678,27.3,1.71
6679,28.27,1.79
6680,27.24,1.96
6681,26.2,2.48
6682,27.31,2.96
6683,26.2,2.18
6684,28.1,2.24
6685,27.15,2.36
6686,26.96,1.81
6687,26.02,1.54
6688,28.82,1.1
6689,26.08,1.69
6690,27.78,2.69
6691,29.06,1.68
6692,26.98,2.02
6693,27.56,2.68
6694,25.87,2.74
6695,26.15,1.45
6696,27.55,3.32
6697,25.95,3.49
6698,27.5,1.42
6699,27.31,1.6
6700,28.52,3.58
6701,25.08,2.1
6702,26.41,0.92
6703,31.44,1.27
6704,26.07,2.01
6705,26.46,1.4
6706,27.56,1.89
6707,25.66,2.25
6708,27.32,3.99
6709,25.72,1.98
6710,28.51,3.42
6711,25.4,3.94
6712,26.91,3.95
6713,28.39,2.49
6714,26.34,1.01
6715,26.15,2.68
6716,27.6,3.39
6717,27.1,2.15
6718,28.6,4.47
6719,27.82,3.14
6720,27.58,2.79
6721,28.01,3.44
6722,26.71,2.54
6723,26.3,0.82
6724,27.96,1.82
6725,28.71,3.59
6726,26.96,1.61
6727,26.23,2.04
6728,27.6,1.47
6729,26.33,4.54
6730,26.85,4.36
6731,27.66,1.56
6732,31.71,2.36
6733,26.95,1.7
6734,29.41,2.85
6735,27.51,2.73
6736,27.32,3.08
6737,29.44,2.54
6738,26.69,7.2
6739,28.27,1.48
6740,27.26,1.12
6741,27.67,1.9
6742,27.81,1.19
6743,29.82,1.23
6744,26.49,1.49
6745,47.98,1.54
6746,36.02,1.52
6747,31.15,2.74
6748,26.85,1.82
6749,27.86,2.07
6750,30.65,3.18
6751,26.29,1.64
6752,29.39,2.0
6753,27.12,2.58
6754,29.0,1.02
6755,26.27,0.86
6756,27.79,2.56
6757,27.68,2.71
6758,26.71,5.08
6759,25.88,2.37
6760,25.78,3.09
6761,26.37,2.06
6762,25.99,2.51
6763,26.9,4.34
6764,27.58,0.95
6765,26.86,2.63
6766,26.29,5.23
6767,28.38,2.49
6768,27.64,4.31
6769,29.18,1.73
6770,30.08,2.2
6771,27.15,2.26
6772,26.31,0.92
6773,54.59,1.39
6774,26.89,1.44
6775,26.9,3.09
6776,26.61,3.15
6777,25.89,2.53
6778,27.66,3.09
6779,29.31,2.08
6780,26.73,3.6
6781,26.39,2.23
6782,28.34,2.28
6783,25.94,2.0
6784,28.49,2.93
6785,26.66,1.88
6786,25.93,3.29
6787,27.66,1.42
6788,25.89,1.43
6789,27.4,2.93
6790,28.11,2.15
6791,30.97,1.86
6792,32.31,3.18
6793,26.16,1.75
6794,28.61,2.05
6795,25.55,3.89
6796,25.84,4.12
6797,27.06,4.17
6798,26.97,1.99
6799,28.13,3.64
6800,26.23,1.52
6801,29.1,1.55
6802,26.08,0.87
6803,28.51,4.35
6804,25.93,1.58
6805,32.02,2.12
6806,29.2,1.55
6807,26.0,2.94
6808,27.56,1.92
6809,26.15,1.32
6810,26.8,2.66
6811,26.62,1.25
6812,26.35,1.59
6813,26.97,0.96
6814,27.12,1.26
6815,28.79,2.39
6816,26.92,1.01
6817,26.69,1.23
6818,29.18,2.22
6819,27.23,1.79
6820,26.65,4.94
6821,25.65,4.63
6822,27.0,1.57
6823,25.71,2.78
6824,28.65,3.0
6825,25.95,1.75
6826,43.58,1.22
6827,28.13,2.21
6828,31.38,2.08
6829,29.71,1.87
6830,27.49,2.66
6831,25.92,1.65
6832,29.07,1.4
6833,26.09,2.32
6834,29.74,2.6
6835,26.68,1.39
6836,28.38,3.23
6837,26.74,1.1
6838,30.0,1.77
6839,26.97,2.01
6840,27.56,1.73
6841,26.03,1.78
6842,28.79,4.7
6843,31.86,1.58
6844,28.75,5.91
6845,27.32,2.65
6846,28.43,2.31
6847,25.93,2.69
6848,29.42,6.12
6849,26.78,1.5
6850,30.96,1.42
6851,30.32,1.65
6852,30.44,2.25
6853,28.8,1.12
6854,27.03,2.25
6855,27.85,4.38
6856,25.77,2.36
6857,27.11,1.98
6858,27.21,1.74
6859,27.36,3.19
6860,25.89,1.6
6861,25.87,4.66
6862,30.41,4.82
6863,26.12,2.47
6864,26.98,2.22
6865,26.24,3.36
6866,26.75,3.45
6867,27.28,1.61
6868,26.47,1.8
6869,26.05,1.31
6870,29.41,2.62
6871,26.51,2.91
6872,26.45,1.3
6873,28.25,1.86
6874,27.5,1.3
6875,26.26,1.55
6876,25.85,2.77
6877,26.15,1.66
6878,26.2,1.97
6879,25.42,1.16
6880,26.15,2.4
6881,28.16,2.19
6882,25.64,1.66
6883,28.3,2.06
6884,26.03,2.39
6885,27.85,1.61
6886,26.27,1.23
6887,26.44,4.58
6888,27.64,1.73
6889,28.51,2.14
6890,27.17,3.33
6891,27.71,9.13
6892,27.25,1.35
6893,29.37,2.66
6894,26.83,1.68
6895,26.14,1.79
6896,28.12,1.67
6897,26.71,1.42
6898,27.47,2.19
6899,28.56,1.23
6900,26.82,3.25
6901,25.72,2.28
6902,26.06,2.64
6903,27.59,1.85
6904,25.85,1.92
6905,26.29,2.5
6906,27.55,1.4
6907,26.56,1.93
6908,29.59,1.58
6909,26.62,1.56
6910,28.48,0.96
6911,25.8,3.8
6912,28.07,1.69
6913,26.54,3.54
6914,27.56,3.41
6915,26.34,1.33
6916,25.63,1.44
6917,27.7,6.2
6918,29.08,4.48
6919,26.74,2.2
6920,28.3,2.47
6921,26.27,1.73
6922,28.04,2.65
6923,26.25,1.67
6924,27.99,0.99
6925,25.36,1.31
6926,26.24,2.24
6927,26.37,1.42
6928,31.95,2.17
6929,27.18,1.45
6930,27.53,1.63
6931,29.0,3.13
6932,26.53,2.46
6933,26.33,2.22
6934,28.91,3.16
6935,25.95,2.7
6936,25.61,3.97
6937,26.84,1.85
6938,29.7,1.87
6939,26.56,1.32
6940,27.25,1.87
6941,26.39,3.27
6942,27.57,3.74
6943,25.45,3.27
6944,26.35,1.09
6945,51.47,3.43
6946,25.76,1.07
6947,26.42,3.19
6948,28.99,1.92
6949,29.01,2.95
6950,29.21,1.31
6951,25.89,3.56
6952,27.93,1.24
6953,27.34,1.7
6954,26.08,1.49
6955,27.66,1.1
6956,28.39,2.31
6957,27.67,4.58
6958,28.74,6.47
6959,35.49,2.31
6960,45.16,3.48
6961,28.11,2.44
6962,28.46,2.72
6963,26.38,1.94
6964,27.35,2.41
6965,26.4,2.76
6966,28.06,1.77
6967,26.47,2.16
6968,26.01,2.17
6969,26.59,3.1
6970,25.67,1.45
6971,27.16,2.18
6972,26.49,4.78
6973,29.03,3.55
6974,27.95,3.82
6975,26.04,2.25
6976,27.0,2.53
6977,26.39,3.32
6978,26.31,4.15
6979,27.54,1.02
6980,26.53,1.31
6981,27.49,3.76
6982,26.56,1.99
6983,27.64,1.7
6984,26.98,1.35
6985,28.38,1.78
6986,26.37,1.27
6987,27.98,5.14
6988,27.53,2.21
6989,25.72,2.17
6990,26.67,2.82
6991,26.21,3.27
6992,26.56,3.25
6993,27.04,3.42
6994,29.92,1.73
6995,26.47,1.98
6996,26.58,3.03
6997,27.52,1.8
6998,26.8,2.22
6999,27.65,2.61
7000,27.89,3.05
7001,26.65,1.09
7002,26.11,2.96
7003,27.99,2.03
7004,27.73,2.95
7005,26.33,3.04
7006,25.66,4.23
7007,26.08,3.82
7008,26.24,3.81
7009,25.73,3.96
7010,26.88,2.5
7011,26.85,2.25
7012,26.53,3.16
7013,26.21,2.98
7014,26.2,1.97
7015,27.19,2.62
7016,26.41,2.19
7017,26.46,1.58
7018,27.76,3.73
7019,27.36,2.28
7020,26.78,5.05
7021,26.54,1.16
7022,26.29,1.78
7023,25.65,2.25
7024,26.25,3.51
7025,26.28,2.61
7026,26.49,2.52
7027,30.34,1.42
7028,35.96,1.4
7029,26.43,2.53
7030,28.99,1.29
7031,27.51,1.8
7032,26.1,2.72
7033,27.0,1.5
7034,25.8,4.23
7035,29.47,3.63
7036,27.37,1.19
7037,27.06,1.53
7038,29.7,0.89
7039,28.19,1.63
7040,28.76,3.02
7041,27.08,1.89
7042,25.94,2.68
7043,26.47,1.21
7044,26.67,3.06
7045,26.6,1.78
7046,26.68,2.24
7047,26.8,2.14
7048,26.97,1.34
7049,26.08,1.4
7050,27.92,3.28
7051,29.57,2.61
7052,27.39,3.39
7053,25.37,2.53
7054,27.03,2.36
7055,26.58,1.12
7056,27.74,2.0
7057,27.97,2.2
7058,25.87,4.86
7059,26.96,2.93
7060,26.4,4.11
7061,26.82,2.83
7062,27.08,1.67
7063,26.02,2.33
7064,27.31,2.45
7065,27.75,1.53
7066,27.84,1.91
7067,26.71,2.05
7068,27.7,4.23
7069,26.25,0.97
7070,27.54,3.61
7071,27.15,1.53
7072,26.57,1.29
7073,25.78,3.57
7074,26.36,2.98
7075,28.38,3.68
7076,27.46,3.07
7077,27.99,5.07
7078,28.43,2.78
7079,26.84,2.09
7080,55.38,2.55
7081,29.13,3.66
7082,27.14,1.63
7083,26.13,1.71
7084,26.18,1.97
7085,27.05,0.96
7086,27.58,2.35
7087,28.32,1.05
7088,28.35,2.27
7089,27.1,3.15
7090,26.34,1.84
7091,27.43,4.35
7092,28.2,1.24
7093,27.49,3.58
7094,27.16,2.92
7095,26.92,1.12
7096,26.66,6.58
7097,25.73,2.17
7098,27.37,1.57
7099,25.89,1.27
7100,27.81,2.04
7101,25.63,2.11
7102,26.25,2.32
7103,27.3,1.98
7104,26.03,2.87
7105,26.48,1.91
7106,29.22,1.03
7107,27.65,2.1
7108,27.64,0.86
7109,27.07,2.56
7110,27.24,1.5
7111,27.41,2.38
7112,26.9,3.76
7113,28.54,1.52
7114,27.44,3.4
7115,27.12,1.87
7116,26.6,4.49
7117,29.42,1.92
7118,27.47,1.59
7119,28.64,2.93
7120,26.7,1.87
7121,30.64,1.59
7122,28.14,1.84
7123,26.6,2.19
7124,26.25,3.81
7125,28.23,1.03
7126,26.68,2.25
7127,27.59,2.86
7128,25.78,2.4
7129,26.84,3.76
7130,28.21,2.16
7131,28.84,2.07
7132,27.41,2.82
7133,26.37,2.32
7134,29.06,1.9
7135,26.86,2.74
7136,25.55,1.71
7137,26.98,1.74
7138,29.29,1.8
7139,27.51,3.82
7140,29.5,0.61
7141,32.92,2.61
7142,32.92,2.26
7143,28.88,1.14
7144,28.43,2.52
7145,26.53,2.69
7146,28.08,2.82
7147,31.16,0.77
7148,30.22,3.84
7149,25.78,1.66
7150,27.9,2.93
7151,26.68,2.99
7152,28.05,1.57
7153,28.03,2.9
7154,26.75,1.91
7155,29.01,0.97
7156,26.87,3.55
7157,26.34,1.63
7158,26.53,1.58
7159,26.46,1.89
7160,28.2,2.48
7161,26.84,2.18
7162,27.75,2.77
7163,27.03,1.3
7164,26.6,1.65
7165,26.19,2.12
7166,27.55,4.75
7167,26.64,2.13
7168,26.93,3.44
7169,26.66,2.26
7170,28.36,1.83
7171,27.87,2.02
7172,27.61,2.08
7173,26.51,2.83
7174,26.59,3.86
7175,26.64,2.57
7176,27.38,3.58
7177,29.06,1.51
7178,25.81,1.89
7179,25.72,1.67
7180,26.94,2.52
7181,27.06,1.93
7182,26.28,2.98
7183,27.56,1.53
7184,26.85,2.26
7185,31.29,2.93
7186,27.51,0.97
7187,27.22,5.2
7188,28.45,1.99
7189,26.84,0.99
7190,26.14,2.37
7191,26.0,2.26
7192,26.46,2.15
7193,26.75,3.31
7194,28.63,3.0
7195,27.9,2.51
7196,29.11,2.66
7197,26.03,2.13
7198,26.56,4.53
7199,27.37,1.23
7200,28.72,2.35
7201,26.34,2.28
7202,28.47,3.08
7203,27.36,1.59
7204,27.12,1.11
7205,26.3,2.37
7206,26.51,2.49
7207,26.15,4.04
7208,30.03,1.34
7209,26.13,3.53
7210,27.31,5.74
7211,18.42,1.91
7212,27.22,1.33
7213,26.18,1.89
7214,28.35,2.24
7215,27.73,2.79
7216,27.03,1.76
7217,27.64,4.15
7218,26.27,1.43
7219,25.84,1.11
7220,26.64,3.46
7221,27.24,0.9
7222,26.68,2.05
7223,28.79,7.75
7224,26.96,2.21
7225,26.65,1.42
7226,26.74,2.18
7227,26.71,2.18
7228,26.67,2.37
7229,28.7,2.9
7230,52.1,1.47
7231,26.85,4.37
7232,27.25,2.45
7233,26.94,2.98
7234,26.08,1.73
7235,25.58,3.72
7236,26.45,2.01
7237,26.75,2.49
7238,25.32,1.53
7239,26.14,1.49
7240,27.56,2.93
7241,25.62,1.86
7242,26.78,1.58
7243,26.07,1.72
7244,26.2,2.94
7245,27.37,1.73
7246,27.57,2.12
7247,28.14,2.24
7248,26.48,1.03
7249,27.33,1.24
7250,26.47,2.55
7251,25.86,1.66
7252,27.19,3.4
7253,26.35,3.28
7254,28.77,2.97
7255,26.42,4.61
7256,28.21,2.15
7257,29.1,2.89
7258,27.77,1.76
7259,25.87,5.94
7260,27.94,4.92
7261,27.85,2.24
7262,27.87,2.6
7263,28.56,3.83
7264,26.65,2.1
7265,28.64,1.71
7266,28.0,3.16
7267,26.49,2.3
7268,27.35,2.39
7269,26.74,1.59
7270,32.43,1.12
7271,28.73,2.45
7272,27.12,3.2
7273,27.74,2.03
7274,26.36,3.95
7275,26.17,1.68
7276,26.63,1.46
7277,27.01,2.17
7278,27.17,2.15
7279,26.38,3.03
7280,28.28,1.63
7281,28.01,3.85
7282,26.22,4.89
7283,27.55,2.19
7284,27.35,3.67
7285,27.25,1.46
7286,26.24,3.42
7287,26.2,3.38
7288,27.6,3.14
7289,26.84,2.21
7290,27.65,0.68
7291,29.15,1.72
7292,27.38,1.73
7293,25.66,1.5
7294,28.12,2.34
7295,26.43,1.88
7296,27.35,1.6
7297,26.31,1.46
7298,27.9,1.67
7299,27.92,3.49
7300,28.88,1.71
7301,26.77,1.81
7302,25.9,1.85
7303,28.71,2.55
7304,26.2,2.67
7305,26.58,0.66
7306,26.1,3.35
7307,26.31,3.95
7308,26.61,1.46
7309,25.85,1.51
7310,29.55,1.86
7311,26.85,1.64
7312,26.03,2.43
7313,27.12,1.02
7314,25.93,1.42
7315,26.11,4.12
7316,27.24,1.54
7317,26.61,3.66
7318,27.31,2.57
7319,25.81,1.08
7320,28.21,2.87
7321,25.71,2.12
7322,25.97,1.85
7323,29.26,2.45
7324,26.91,2.69
7325,25.87,2.95
7326,27.77,3.57
7327,26.68,2.62
7328,27.3,1.28
7329,28.43,1.84
7330,25.98,7.22
7331,27.58,2.97
7332,28.79,5.74
7333,25.74,3.89
7334,26.64,2.45
7335,29.26,2.51
7336,29.21,2.19
7337,44.69,1.11
7338,27.78,2.24
7339,26.34,3.61
7340,28.7,1.75
7341,31.1,2.62
7342,57.97,3.13
7343,29.96,1.55
7344,35.81,1.86
7345,33.96,1.48
7346,52.3,1.6
7347,32.51,1.33
7348,33.56,1.55
7349,27.6,3.93
7350,27.49,1.54
7351,27.35,2.34
7352,26.54,1.82
7353,27.38,3.57
7354,26.11,3.76
7355,27.06,3.14
7356,26.36,2.52
7357,27.29,2.03
7358,27.22,1.38
7359,28.32,4.84
7360,27.76,1.64
7361,26.43,2.9
7362,27.76,3.4
7363,28.81,1.78
7364,29.97,3.37
7365,26.72,3.02
7366,27.55,4.44
7367,25.16,1.84
7368,28.56,1.33
7369,27.98,1.82
7370,29.49,2.42
7371,26.27,2.28
7372,26.3,1.9
7373,27.02,1.04
7374,27.76,2.69
7375,28.69,4.9
7376,28.39,2.68
7377,26.33,2.84
7378,28.75,2.8
7379,27.61,2.61
7380,30.19,3.23
7381,27.57,2.61
7382,26.99,1.96
7383,28.02,1.62
7384,27.95,2.01
7385,26.01,2.52
7386,27.16,1.96
7387,30.27,2.52
7388,28.41,2.65
7389,27.51,3.11
7390,26.27,3.72
7391,28.05,2.3
7392,27.55,1.32
7393,27.96,1.94
7394,27.52,2.27
7395,58.46,1.07
7396,27.7,3.88
7397,27.38,2.36
7398,28.07,2.59
7399,26.95,3.84
7400,25.94,1.73
7401,28.66,2.8
7402,27.26,2.13
7403,27.85,2.07
7404,26.49,1.63
7405,27.28,4.33
7406,26.58,1.92
7407,27.66,2.94
7408,27.02,1.05
7409,27.47,3.57
7410,27.55,3.39
7411,29.61,2.31
7412,27.14,2.03
7413,28.64,2.61
7414,25.56,5.56
7415,27.79,1.1
7416,27.26,3.04
7417,27.51,1.55
7418,29.1,2.21
7419,27.08,2.02
7420,27.16,1.88
7421,26.68,2.22
7422,26.68,1.41
7423,27.31,3.36
7424,26.6,1.09
7425,28.44,2.76
7426,27.79,1.95
7427,25.94,1.39
7428,29.11,2.41
7429,27.58,1.19
7430,25.53,2.26
7431,28.35,1.26
7432,27.79,2.68
7433,28.22,1.54
7434,28.22,1.86
7435,27.56,2.5
7436,34.47,1.63
7437,26.38,2.17
7438,28.55,1.21
7439,36.03,2.86
7440,35.98,4.51
7441,39.33,6.8
7442,26.07,2.31
7443,30.28,3.05
7444,28.69,1.09
7445,28.22,4.06
7446,26.36,3.04
7447,26.04,1.83
7448,26.04,3.65
7449,26.29,2.01
7450,26.46,1.85
7451,26.87,2.69
7452,27.7,1.45
7453,27.09,3.35
7454,27.18,1.46
7455,26.36,1.46
7456,26.99,1.55
7457,25.79,3.02
7458,27.33,1.74
7459,26.95,1.3
7460,26.63,1.75
7461,28.48,2.2
7462,28.1,1.39
7463,28.04,1.4
7464,26.35,5.18
7465,26.83,1.58
7466,28.99,1.96
7467,27.56,1.92
7468,28.79,1.88
7469,29.58,2.85
7470,27.82,3.25
7471,26.75,1.97
7472,28.64,1.36
7473,27.09,3.71
7474,26.91,2.14
7475,27.88,4.45
7476,25.93,0.91
7477,27.98,2.41
7478,28.12,4.79
7479,26.47,1.93
7480,26.94,2.03
7481,27.53,2.5
7482,27.43,1.78
7483,26.77,1.96
7484,27.27,1.94
7485,32.43,1.73
7486,28.37,3.64
7487,26.61,2.68
7488,27.33,2.46
7489,28.2,3.08
7490,28.95,2.0
7491,29.05,1.63
7492,28.57,1.75
7493,27.77,2.23
7494,28.91,1.46
7495,28.28,1.82
7496,27.86,1.81
7497,27.4,5.21
7498,26.86,0.73
7499,26.24,2.07
7500,26.29,4.44
7501,28.25,2.34
7502,27.28,3.01
7503,28.35,2.32
7504,27.96,1.7
7505,27.06,0.91
7506,26.15,2.42
7507,27.02,1.63
7508,25.99,1.62
7509,27.44,1.82
7510,28.36,4.47
7511,26.46,5.82
7512,27.86,2.43
7513,29.55,1.85
7514,29.1,1.39
7515,34.91,2.68
7516,26.34,4.54
7517,28.05,2.02
7518,33.36,0.86
7519,30.29,2.91
7520,28.33,3.3
7521,28.72,1.18
7522,26.88,2.39
7523,27.36,2.67
7524,27.07,2.16
7525,26.49,1.62
7526,28.39,3.34
7527,27.77,1.89
7528,26.63,1.23
7529,25.97,0.98
7530,31.73,3.69
7531,28.28,2.85
7532,28.06,2.31
7533,26.85,1.87
7534,26.11,1.8
7535,26.48,1.45
7536,26.73,1.87
7537,26.18,0.95
7538,25.48,1.66
7539,28.52,1.97
7540,26.74,2.84
7541,27.26,2.19
7542,28.0,3.06
7543,26.36,3.82
7544,26.78,3.4
7545,26.42,2.69
7546,27.26,2.24
7547,28.09,1.5
7548,26.27,2.99
7549,27.35,4.36
7550,25.94,2.55
7551,25.67,4.79
7552,26.02,1.21
7553,27.55,1.4
7554,27.68,3.13
7555,26.37,2.47
7556,29.29,3.76
7557,27.4,2.21
7558,26.82,1.57
7559,27.3,2.04
7560,26.92,1.21
7561,28.73,1.42
7562,27.75,3.28
7563,26.96,3.16
7564,28.41,2.57
7565,30.13,1.12
7566,27.05,1.93
7567,28.07,1.36
7568,28.15,3.56
7569,27.18,1.76
7570,26.16,1.44
7571,27.13,2.25
7572,28.87,1.72
7573,30.32,4.03
7574,27.87,1.66
7575,27.26,1.27
7576,73.68,0.94
7577,31.79,2.2
7578,27.31,1.78
7579,27.05,1.26
7580,26.32,3.58
7581,26.8,2.91
7582,30.47,2.2
7583,28.64,3.84
7584,26.42,2.9
7585,27.86,1.6
7586,30.23,1.47
7587,28.26,3.09
7588,31.32,2.61
7589,42.35,2.38
7590,27.34,1.59
7591,27.77,2.84
7592,27.69,1.65
7593,27.35,2.14
7594,29.39,3.97
7595,29.1,1.71
7596,28.78,1.19
7597,27.14,1.46
7598,26.61,3.31
7599,30.19,2.46
7600,28.75,2.11
7601,29.23,1.82
7602,29.06,2.7
7603,27.33,1.58
7604,27.58,2.51
7605,20.28,1.66
7606,27.56,1.55
7607,28.21,1.72
7608,27.86,1.92
7609,29.93,2.18
7610,31.84,2.45
7611,26.02,0.51
7612,30.01,1.61
7613,26.38,1.9
7614,26.61,4.06
7615,28.91,1.44
7616,26.64,2.38
7617,27.04,4.05
7618,28.63,1.32
7619,27.84,2.61
7620,30.96,1.61
7621,28.86,1.82
7622,27.07,1.61
7623,29.83,1.66
7624,30.99,6.61
7625,28.14,3.12
7626,29.5,3.46
7627,26.88,2.71
7628,28.92,1.17
7629,27.15,2.61
7630,27.17,3.42
7631,27.43,1.58
7632,29.47,3.27
7633,28.04,2.95
7634,26.38,4.67
7635,26.63,1.88
7636,27.96,1.43
7637,28.36,1.93
7638,27.52,3.95
7639,26.47,1.07
7640,26.63,0.97
7641,28.23,2.31
7642,29.13,1.86
7643,27.46,2.23
7644,27.52,3.25
7645,27.07,1.78
7646,29.78,1.05
7647,26.22,5.04
7648,27.93,1.49
7649,26.96,1.46
7650,28.06,3.46
7651,28.25,1.91
7652,26.06,2.17
7653,27.42,2.7
7654,26.28,3.43
7655,26.81,1.95
7656,29.01,4.09
7657,36.27,0.95
7658,27.32,3.02
7659,27.06,1.59
7660,26.67,3.85
7661,25.72,2.36
7662,25.48,1.7
7663,27.71,2.9
7664,28.03,3.18
7665,27.53,2.88
7666,26.57,1.47
7667,26.38,1.83
7668,27.84,2.22
7669,31.51,2.19
7670,25.99,3.0
7671,26.03,0.99
7672,28.05,2.54
7673,30.76,1.98
7674,28.2,1.59
7675,29.68,1.65
7676,30.01,2.04
7677,30.63,0.53
7678,28.9,1.68
7679,26.1,1.57
7680,25.88,2.75
7681,27.31,1.61
7682,28.45,2.04
7683,27.91,4.12
7684,27.51,3.31
7685,28.81,3.19
7686,26.9,1.82
7687,26.9,2.77
7688,19.05,2.03
7689,29.98,2.06
7690,25.52,2.62
7691,27.12,1.75
7692,28.42,4.04
7693,29.28,2.09
7694,26.56,2.85
7695,26.22,3.98
7696,26.23,3.36
7697,28.29,1.27
7698,27.03,2.66
7699,27.41,3.13
7700,26.98,3.18
7701,28.12,1.43
7702,27.74,1.71
7703,28.23,3.31
7704,26.1,1.64
7705,64.97,1.97
7706,30.22,4.18
7707,26.88,2.18
7708,25.61,1.66
7709,27.96,1.57
7710,27.5,2.54
7711,26.2,1.31
7712,28.16,2.02
7713,25.89,2.54
7714,31.59,3.74
7715,28.97,2.91
7716,27.6,1.67
7717,27.34,3.57
7718,26.91,1.97
7719,28.8,1.36
7720,30.39,2.08
7721,28.68,3.96
7722,31.38,2.38
7723,26.06,2.24
7724,40.36,4.28
7725,27.73,1.26
7726,29.75,1.33
7727,28.58,1.17
7728,25.9,2.58
7729,29.23,2.38
7730,26.42,4.13
7731,28.01,2.45
7732,27.99,1.89
7733,30.53,2.23
7734,26.36,2.33
7735,29.92,1.14
7736,32.43,6.58
7737,27.1,2.74
7738,30.16,2.42
7739,27.99,2.85
7740,28.56,2.96
7741,26.7,2.1
7742,30.54,1.73
7743,28.8,2.83
7744,26.35,2.6
7745,27.48,1.61
7746,28.63,3.93
7747,30.03,2.5
7748,31.09,2.98
7749,27.96,3.88
7750,27.4,2.25
7751,26.54,2.53
7752,27.44,3.08
7753,27.57,1.67
7754,27.24,2.27
7755,27.36,2.34
7756,28.13,1.52
7757,28.62,5.62
7758,26.89,1.27
7759,25.92,1.32
7760,29.72,3.76
7761,26.87,2.96
7762,26.22,1.48
7763,26.28,2.84
7764,28.14,4.0
7765,28.28,2.2
7766,25.88,6.29
7767,27.67,1.12
7768,28.19,2.94
7769,27.12,3.55
7770,26.41,3.18
7771,27.84,2.05
7772,29.17,1.98
7773,27.29,2.66
7774,26.81,3.08
7775,29.57,2.83
7776,32.28,3.37
7777,27.96,1.48
7778,28.63,2.03
7779,25.88,1.53
7780,27.86,1.91
7781,29.04,3.34
7782,27.48,2.32
7783,27.06,6.31
7784,29.12,2.4
7785,25.76,2.28
7786,28.23,2.32
7787,29.54,1.72
7788,27.03,2.17
7789,29.23,3.49
7790,28.14,2.33
7791,31.1,1.62
7792,28.87,1.54
7793,26.99,1.86
7794,29.53,2.29
7795,26.21,3.59
7796,27.09,1.3
7797,28.14,1.96
7798,28.17,2.36
7799,29.33,1.07
7800,31.38,1.59
7801,27.19,1.7
7802,30.76,1.62
7803,31.9,2.4
7804,29.25,2.09
7805,29.24,1.78
7806,29.01,2.64
7807,26.47,4.43
7808,29.54,4.29
7809,27.4,1.03
7810,26.77,2.8
7811,25.99,2.07
7812,26.5,2.37
7813,26.14,1.9
7814,25.94,2.33
7815,27.0,2.36
7816,29.98,1.77
7817,28.23,1.55
7818,29.0,1.86
7819,29.26,2.44
7820,30.8,2.83
7821,30.32,3.13
7822,29.96,1.83
7823,28.92,2.49
7824,27.68,3.27
7825,26.99,3.55
7826,28.16,2.17
7827,28.95,2.04
7828,27.19,2.4
7829,26.31,1.41
7830,29.25,2.06
7831,26.7,3.0
7832,27.23,2.88
7833,28.01,2.0
7834,29.75,2.43
7835,25.49,1.6
7836,26.76,2.95
7837,30.61,2.16
7838,27.16,1.99
7839,28.69,1.93
7840,28.6,2.17
7841,27.13,1.86
7842,27.57,2.9
7843,28.49,1.9
7844,30.62,4.21
7845,27.08,4.0
7846,28.68,1.56
7847,27.13,2.29
7848,28.05,1.72
7849,27.8,1.95
7850,28.52,4.96
7851,28.16,1.97
7852,26.2,2.57
7853,26.47,2.76
7854,67.14,1.49
7855,27.53,1.58
7856,26.96,1.37
7857,26.48,1.56
7858,25.37,0.71
7859,25.36,2.77
7860,26.97,5.06
7861,28.76,2.36
7862,28.0,1.26
7863,28.22,1.72
7864,27.17,1.85
7865,28.56,1.48
7866,30.42,3.14
7867,27.35,3.08
7868,26.36,1.4
7869,28.97,2.97
7870,29.71,4.1
7871,30.23,4.76
7872,28.31,7.0
7873,26.88,1.55
7874,27.78,6.89
7875,26.18,1.93
7876,27.27,1.76
7877,26.56,2.54
7878,28.15,1.76
7879,27.86,2.61
7880,26.77,1.31
7881,27.73,2.02
7882,27.72,3.72
7883,26.7,2.18
7884,30.39,2.36
7885,26.69,2.69
7886,28.24,3.55
7887,27.08,1.15
7888,26.59,2.81
7889,28.07,2.0
7890,28.99,2.38
7891,27.39,3.4
7892,28.26,1.38
7893,27.82,1.48
7894,27.95,1.03
7895,27.85,1.79
7896,29.28,3.79
7897,27.55,2.12
7898,29.9,1.3
7899,27.0,1.83
7900,27.37,1.23
7901,27.36,1.42
7902,26.07,2.6
7903,30.36,1.39
7904,27.4,3.47
7905,28.93,2.16
7906,26.26,2.3
7907,30.04,1.99
7908,30.81,3.03
7909,29.41,3.04
7910,31.34,2.54
7911,47.47,2.79
7912,38.9,2.04
7913,32.55,2.76
7914,28.84,1.94
7915,28.18,2.23
7916,39.92,1.99
7917,33.82,1.85
7918,27.74,1.69
7919,27.81,2.68
7920,27.15,3.76
7921,31.21,3.56
7922,27.82,1.35
7923,28.33,3.73
7924,28.43,1.96
7925,29.11,2.83
7926,28.23,1.55
7927,26.46,2.36
7928,26.35,2.52
7929,26.65,1.23
7930,31.68,2.84
7931,28.12,3.81
7932,26.58,2.08
7933,26.57,3.83
7934,29.63,2.06
7935,34.69,3.13
7936,30.29,0.92
7937,25.75,5.86
7938,27.34,4.05
7939,27.28,1.99
7940,26.67,1.01
7941,28.11,2.5
7942,28.88,1.25
7943,29.71,2.66
7944,27.97,2.62
7945,31.86,1.53
7946,28.99,3.48
7947,29.34,3.07
7948,27.45,3.29
7949,29.75,2.23
7950,27.01,1.26
7951,28.19,3.29
7952,27.25,2.0
7953,26.07,1.28
7954,25.87,3.82
7955,26.3,5.15
7956,26.13,2.19
7957,28.22,5.28
7958,26.88,2.31
7959,26.92,1.91
7960,26.37,1.73
7961,26.66,4.28
7962,25.77,1.63
7963,27.52,2.99
7964,27.02,1.78
7965,27.96,1.85
7966,27.7,3.36
7967,26.55,1.91
7968,29.09,1.89
7969,26.13,3.5
7970,28.02,4.22
7971,26.4,2.88
7972,29.36,1.71
7973,28.03,1.81
7974,26.05,2.3
7975,25.8,2.53
7976,25.95,1.5
7977,27.52,2.97
7978,27.3,2.3
7979,26.9,1.12
7980,26.94,1.53
7981,26.41,1.82
7982,27.53,2.16
7983,27.55,4.74
7984,27.89,2.45
7985,25.99,1.59
7986,28.52,2.43
7987,26.02,1.93
7988,27.86,2.53
7989,25.84,2.81
7990,29.0,3.61
7991,28.81,2.2
7992,30.43,4.29
7993,27.51,3.2
7994,25.22,1.68
7995,28.0,5.39
7996,27.81,2.54
7997,29.58,1.59
7998,25.91,4.31
7999,26.56,5.11
8000,63.34,2.2
8001,26.69,1.82
8002,26.89,2.08
8003,25.58,2.96
8004,27.07,3.71
8005,59.55,2.8
8006,27.91,2.32
8007,26.96,4.05
8008,27.87,1.96
8009,27.13,3.36
8010,28.51,1.98
8011,29.67,2.64
8012,26.71,2.13
8013,26.05,2.18
8014,28.39,1.91
8015,28.9,3.81
8016,43.01,1.66
8017,27.08,1.66
8018,26.41,5.2
8019,28.57,3.29
8020,27.08,0.86
8021,29.52,1.78
8022,26.36,1.08
8023,27.81,1.52
8024,28.21,0.63
8025,28.23,2.11
8026,26.25,1.41
8027,26.48,2.28
8028,29.88,1.16
8029,27.37,2.3
8030,28.22,1.89
8031,28.32,4.06
8032,30.06,3.91
8033,27.26,3.05
8034,29.22,1.95
8035,28.19,4.92
8036,31.83,1.2
8037,26.11,1.27
8038,40.09,2.15
8039,28.32,5.48
8040,27.73,2.05
8041,26.64,2.07
8042,26.15,1.25
8043,26.48,3.25
8044,29.13,3.26
8045,27.31,3.05
8046,28.71,1.73
8047,26.76,1.68
8048,26.65,1.33
8049,30.12,2.3
8050,29.42,1.44
8051,26.91,1.39
8052,28.9,1.88
8053,29.57,1.83
8054,28.11,1.79
8055,27.39,2.68
8056,28.7,2.3
8057,29.59,1.98
8058,29.36,2.39
8059,28.7,1.5
8060,27.05,2.32
8061,27.81,2.36
8062,28.8,1.22
8063,28.76,3.31
8064,28.63,1.56
8065,29.28,2.31
8066,28.04,3.55
8067,27.73,3.22
8068,29.11,2.26
8069,26.01,1.93
8070,28.71,3.25
8071,27.47,2.92
8072,27.85,1.74
8073,36.5,1.62
8074,27.42,0.97
8075,26.45,2.37
8076,25.36,2.15
8077,32.58,3.51
8078,39.63,2.57
8079,27.15,3.8
8080,25.93,1.68
8081,26.91,3.51
8082,29.33,1.8
8083,27.92,3.04
8084,26.67,1.24
8085,29.63,2.45
8086,29.13,1.01
8087,27.53,2.0
8088,25.81,2.65
8089,28.89,1.81
8090,29.1,1.46
8091,28.07,3.12
8092,28.79,2.14
8093,27.8,1.83
8094,29.35,2.26
8095,26.73,6.39
8096,26.54,3.53
8097,29.52,3.54
8098,29.17,2.65
8099,28.31,2.38
8100,27.37,0.85
8101,26.92,1.7
8102,26.65,1.84
8103,29.54,1.05
8104,27.05,1.4
8105,28.56,1.01
8106,29.52,2.19
8107,29.28,3.09
8108,29.63,3.46
8109,26.95,2.63
8110,28.28,1.51
8111,30.23,1.03
8112,29.72,1.1
8113,29.04,1.34
8114,27.87,1.56
8115,28.18,2.09
8116,25.8,1.48
8117,26.2,2.55
8118,27.7,2.03
8119,29.63,2.23
8120,30.07,3.51
8121,28.57,1.39
8122,26.48,2.63
8123,29.43,2.21
8124,34.47,1.95
8125,37.68,3.17
8126,28.42,3.16
8127,28.48,1.52
8128,28.95,2.07
8129,27.48,2.49
8130,27.88,2.0
8131,30.89,2.81
8132,25.97,2.49
8133,25.76,4.63
8134,26.38,1.21
8135,31.3,2.12
8136,26.97,1.55
8137,27.2,2.83
8138,29.81,1.17
8139,26.26,2.56
8140,29.11,1.73
8141,28.88,1.66
8142,27.87,1.25
8143,29.66,1.85
8144,28.75,3.43
8145,26.21,2.2
8146,57.79,2.86
8147,26.48,4.33
8148,26.5,2.47
8149,27.7,1.78
8150,27.04,2.68
8151,26.45,1.79
8152,28.94,1.82
8153,27.1,1.21
8154,26.77,3.22
8155,27.82,1.91
8156,26.31,2.39
8157,28.27,1.47
8158,29.41,2.65
8159,25.98,1.64
8160,28.31,2.1
8161,26.98,3.16
8162,29.53,3.05
8163,27.53,2.21
8164,30.1,1.1
8165,28.2,7.37
8166,27.24,4.47
8167,28.11,2.97
8168,26.1,1.65
8169,28.8,2.13
8170,29.9,1.79
8171,25.59,3.69
8172,26.34,2.47
8173,28.11,1.63
8174,27.24,1.84
8175,26.95,3.49
8176,26.84,4.22
8177,27.51,4.1
8178,29.1,3.01
8179,34.89,2.01
8180,27.87,0.61
8181,31.88,2.51
8182,27.93,2.22
8183,27.62,2.35
8184,28.5,2.27
8185,28.84,1.31
8186,25.89,2.78
8187,29.3,2.87
8188,27.38,2.92
8189,29.43,3.25
8190,28.21,2.83
8191,27.87,1.89
8192,27.67,2.16
8193,26.09,2.31
8194,27.36,2.32
8195,29.47,3.32
8196,27.84,2.88
8197,26.76,5.11
8198,26.11,5.38
8199,27.26,2.3
8200,30.28,0.5
8201,25.79,3.65
8202,26.74,1.79
8203,27.89,1.62
8204,28.88,1.9
8205,27.74,1.86
8206,28.12,2.84
8207,30.01,1.19
8208,28.25,1.45
8209,28.16,2.55
8210,27.77,2.86
8211,27.7,2.88
8212,26.96,1.62
8213,27.52,1.5
8214,28.51,1.82
8215,28.63,2.45
8216,27.85,4.03
8217,28.76,0.98
8218,28.34,2.04
8219,26.88,1.31
8220,28.96,1.15
8221,26.98,3.28
8222,26.93,2.77
8223,26.82,2.66
8224,27.89,3.22
8225,25.73,1.84
8226,29.96,1.87
8227,30.38,5.34
8228,26.53,2.02
8229,26.33,2.99
8230,25.92,2.23
8231,26.67,1.06
8232,26.05,0.98
8233,27.33,1.77
8234,26.49,3.4
8235,28.52,3.05
8236,27.41,3.21
8237,27.93,1.5
8238,28.16,4.25
8239,32.67,1.51
8240,28.42,2.42
8241,30.7,2.22
8242,27.73,2.08
8243,30.32,3.8
8244,50.86,1.68
8245,40.42,1.3
8246,27.08,2.24
8247,28.16,1.9
8248,28.76,8.59
8249,66.57,2.92
8250,27.9,1.89
8251,31.44,1.46
8252,27.86,1.05
8253,25.84,1.48
8254,28.88,2.33
8255,28.21,3.94
8256,26.18,3.49
8257,30.75,2.44
8258,28.12,1.96
8259,28.85,2.48
8260,27.9,1.81
8261,29.74,4.43
8262,37.45,2.06
8263,28.88,2.15
8264,29.46,0.92
8265,34.47,2.06
8266,27.75,3.11
8267,26.47,1.45
8268,29.47,1.65
8269,26.7,3.06
8270,26.6,1.23
8271,28.17,3.4
8272,29.82,1.8
8273,28.7,1.91
8274,28.88,1.42
8275,33.22,2.59
8276,29.62,5.95
8277,29.87,3.04
8278,27.07,1.58
8279,27.25,3.51
8280,27.14,1.96
8281,28.84,3.86
8282,26.38,3.07
8283,29.41,0.69
8284,27.05,1.49
8285,27.38,3.25
8286,26.51,2.36
8287,29.89,1.48
8288,27.48,1.73
8289,27.51,1.04
8290,26.01,2.15
8291,27.26,5.39
8292,26.02,3.07
8293,27.86,5.35
8294,27.15,3.17
8295,27.41,3.36
8296,27.04,4.9
8297,29.58,2.59
8298,27.25,2.06
8299,28.49,3.36
8300,26.52,3.98
8301,25.85,1.84
8302,26.4,1.67
8303,37.83,2.35
8304,26.61,3.1
8305,26.61,3.06
8306,28.74,1.26
8307,35.36,4.78
8308,28.98,1.72
8309,30.45,2.0
8310,29.11,1.55
8311,27.25,6.55
8312,25.85,2.45
8313,27.47,1.58
8314,27.29,3.14
8315,30.79,3.03
8316,27.41,2.06
8317,28.15,3.12
8318,26.24,1.6
8319,28.44,1.83
8320,29.61,1.0
8321,28.15,1.31
8322,27.99,4.59
8323,28.1,4.29
8324,30.58,2.28
8325,32.46,4.33
8326,27.15,2.09
8327,29.4,2.02
8328,27.06,2.28
8329,28.1,2.12
8330,29.91,2.04
8331,26.45,3.52
8332,26.92,2.36
8333,26.22,2.96
8334,27.44,3.36
8335,28.67,2.6
8336,25.99,1.51
8337,27.61,1.3
8338,27.3,2.36
8339,28.81,2.08
8340,29.02,2.3
8341,27.28,2.21
8342,28.17,6.26
8343,28.41,1.31
8344,27.09,1.0
8345,27.23,2.54
8346,27.15,1.91
8347,34.02,2.53
8348,30.17,2.81
8349,26.68,3.72
8350,63.72,1.22
8351,27.19,1.78
8352,28.31,2.64
8353,30.2,3.03
8354,27.7,5.35
8355,26.43,3.26
8356,26.42,2.18
8357,28.62,1.56
8358,29.45,1.78
8359,28.47,1.76
8360,30.89,2.89
8361,27.82,2.47
8362,29.13,1.31
8363,31.01,1.87
8364,27.51,3.16
8365,31.35,2.56
8366,32.2,2.79
8367,30.53,2.59
8368,28.96,4.27
8369,28.79,2.45
8370,27.33,1.91
8371,27.72,1.54
8372,26.13,2.46
8373,25.8,0.84
8374,29.94,2.07
8375,27.76,2.05
8376,29.71,1.29
8377,31.07,1.54
8378,28.27,3.08
8379,29.25,2.44
8380,26.68,2.32
8381,27.39,2.52
8382,27.61,2.31
8383,27.57,3.66
8384,27.73,2.34
8385,26.55,1.24
8386,29.2,4.27
8387,26.07,2.58
8388,26.02,1.76
8389,27.87,1.35
8390,29.57,2.61
8391,29.32,2.12
8392,26.41,4.18
8393,28.98,1.94
8394,26.65,1.59
8395,27.59,3.18
8396,29.23,3.22
8397,25.93,2.38
8398,26.02,2.92
8399,29.07,2.19
8400,27.32,2.44
8401,27.23,3.55
8402,28.27,2.86
8403,29.93,2.08
8404,26.7,3.82
8405,29.61,0.86
8406,26.24,5.06
8407,30.68,1.12
8408,27.26,1.73
8409,28.76,2.19
8410,26.83,2.1
8411,28.31,3.33
8412,25.96,1.46
8413,27.44,2.47
8414,29.6,1.77
8415,28.82,2.5
8416,28.23,2.17
8417,28.61,2.31
8418,31.72,1.79
8419,28.94,1.81
8420,29.46,2.5
8421,26.96,3.25
8422,29.97,1.75
8423,29.72,1.57
8424,27.49,2.84
8425,29.58,2.2
8426,26.93,3.1
8427,28.82,1.55
8428,30.02,1.09
8429,27.77,1.8
8430,27.81,1.64
8431,29.42,2.16
8432,28.42,1.73
8433,26.01,2.99
8434,31.05,1.98
8435,28.75,2.36
8436,29.53,2.37
8437,29.06,2.41
8438,27.41,2.2
8439,26.7,2.73
8440,28.83,1.62
8441,29.76,3.9
8442,30.06,2.02
8443,27.69,1.32
8444,28.34,2.4
8445,30.25,1.58
8446,30.1,2.9
8447,30.45,5.39
8448,26.07,1.62
8449,29.72,2.54
8450,27.01,1.1
8451,27.34,2.67
8452,27.28,1.56
8453,29.38,1.73
8454,26.3,1.43
8455,26.97,2.98
8456,29.25,3.33
8457,26.48,2.25
8458,29.59,1.57
8459,26.23,4.2
8460,28.03,1.65
8461,30.0,0.94
8462,28.74,2.67
8463,25.72,1.43
8464,31.47,3.31
8465,27.75,1.91
8466,29.54,2.83
8467,27.19,3.9
8468,26.44,1.37
8469,29.41,1.77
8470,28.15,2.16
8471,28.3,4.12
8472,27.07,1.71
8473,28.19,1.75
8474,28.84,2.69
8475,28.03,1.77
8476,28.18,2.37
8477,29.21,1.2
8478,28.15,5.4
8479,27.69,1.3
8480,25.38,1.96
8481,28.97,2.2
8482,27.84,4.78
8483,31.15,1.31
8484,31.72,4.92
8485,29.86,3.01
8486,28.78,2.63
8487,29.18,1.5
8488,28.19,2.8
8489,27.34,1.67
8490,29.1,3.69
8491,30.79,1.51
8492,28.43,2.13
8493,27.8,1.78
8494,31.38,1.5
8495,28.31,2.99
8496,27.62,2.76
8497,26.67,3.61
8498,28.92,1.09
8499,53.14,3.41
8500,26.71,6.06
8501,26.45,1.86
8502,29.16,4.75
8503,26.78,2.0
8504,27.33,1.29
8505,26.45,1.97
8506,28.95,3.38
8507,27.94,1.59
8508,27.25,1.75
8509,26.98,2.82
8510,25.91,2.23
8511,27.34,2.81
8512,28.99,2.45
8513,25.95,2.7
8514,27.1,1.87
8515,29.03,2.44
8516,25.85,1.54
8517,28.14,3.73
8518,26.51,1.73
8519,27.62,3.5
8520,27.63,2.03
8521,28.11,2.41
8522,27.6,1.83
8523,26.79,1.48
8524,29.58,1.11
8525,26.3,1.46
8526,27.11,1.96
8527,27.63,2.42
8528,26.9,3.33
8529,29.03,1.86
8530,28.75,1.56
8531,29.17,1.25
8532,30.19,2.7
8533,26.33,3.87
8534,28.91,3.69
8535,28.64,2.96
8536,27.11,2.87
8537,27.2,4.39
8538,25.98,2.54
8539,27.62,2.88
8540,27.16,1.96
8541,27.97,1.29
8542,28.44,1.69
8543,26.36,2.22
8544,27.55,2.28
8545,28.76,4.81
8546,28.11,2.3
8547,25.8,3.57
8548,29.41,1.87
8549,27.86,1.96
8550,28.27,1.31
8551,29.19,1.65
8552,28.29,2.75
8553,27.19,2.23
8554,25.79,3.25
8555,28.32,2.39
8556,26.08,1.93
8557,28.71,5.26
8558,17.7,2.14
8559,27.22,3.54
8560,26.57,1.9
8561,28.67,2.96
8562,27.29,3.23
8563,27.26,2.42
8564,28.32,0.87
8565,45.05,2.24
8566,29.22,3.64
8567,26.3,2.75
8568,27.82,2.66
8569,25.66,1.12
8570,27.56,1.67
8571,27.09,2.62
8572,28.88,2.62
8573,28.03,3.62
8574,26.92,2.1
8575,27.44,2.62
8576,26.7,2.24
8577,26.95,1.5
8578,25.72,0.9
8579,26.17,2.64
8580,27.97,2.39
8581,29.57,1.74
8582,25.97,1.16
8583,26.33,2.86
8584,27.22,2.0
8585,28.59,2.78
8586,28.91,4.69
8587,26.36,0.94
8588,27.15,1.68
8589,26.6,2.05
8590,27.93,3.98
8591,30.39,1.16
8592,28.8,4.83
8593,30.21,2.35
8594,28.48,2.14
8595,26.3,2.06
8596,26.02,1.87
8597,27.97,3.38
8598,27.09,1.45
8599,26.37,2.56
8600,26.54,1.91
8601,26.91,1.64
8602,25.84,6.26
8603,29.63,2.63
8604,27.59,2.84
8605,27.26,3.51
8606,26.23,1.26
8607,30.18,4.49
8608,26.64,0.82
8609,27.86,1.64
8610,27.0,1.85
8611,26.28,2.81
8612,25.89,2.43
8613,30.19,2.08
8614,29.02,2.21
8615,26.73,1.5
8616,27.28,1.22
8617,28.61,2.98
8618,27.01,2.94
8619,26.74,4.19
8620,28.65,1.62
8621,28.75,2.94
8622,28.43,1.99
8623,27.15,3.58
8624,27.25,3.35
8625,27.48,2.42
8626,28.7,1.94
8627,26.8,3.27
8628,26.75,2.88
8629,27.42,1.69
8630,27.39,1.31
8631,28.08,1.98
8632,25.81,4.08
8633,29.78,3.52
8634,27.69,1.43
8635,20.42,1.4
8636,26.5,3.71
8637,27.58,1.41
8638,29.01,2.73
8639,26.81,1.74
8640,27.57,4.25
8641,28.42,1.64
8642,28.64,3.52
8643,27.63,2.4
8644,31.23,2.46
8645,27.34,1.01
8646,26.7,0.92
8647,28.12,2.04
8648,28.38,2.46
8649,26.38,1.42
8650,26.71,1.44
8651,28.08,2.79
8652,26.75,2.79
8653,27.49,2.11
8654,28.53,3.04
8655,28.68,1.39
8656,26.45,1.93
8657,28.51,4.3
8658,26.4,2.29
8659,28.39,2.34
8660,26.79,5.6
8661,25.95,1.27
8662,29.11,3.06
8663,31.16,4.33
8664,28.24,1.95
8665,28.47,3.14
8666,29.81,1.5
8667,27.77,1.69
8668,28.32,2.6
8669,27.8,3.06
8670,25.72,3.48
8671,27.15,4.17
8672,27.97,2.17
8673,25.94,3.59
8674,28.31,1.94
8675,28.22,3.19
8676,27.64,2.42
8677,26.22,2.66
8678,30.04,2.64
8679,40.5,1.17
8680,31.59,1.42
8681,28.26,2.32
8682,73.1,1.13
8683,76.49,3.1
8684,36.97,3.15
8685,32.44,2.54
8686,28.4,1.42
8687,30.82,3.87
8688,26.6,5.03
8689,30.68,2.36
8690,27.81,2.73
8691,27.53,2.41
8692,27.64,2.75
8693,29.4,2.12
8694,29.43,2.19
8695,27.37,3.2
8696,26.78,5.69
8697,30.81,1.27
8698,27.02,2.14
8699,28.34,1.39
8700,29.14,4.21
8701,25.58,1.76
8702,25.92,1.25
8703,26.7,2.87
8704,26.05,4.47
8705,29.81,2.9
8706,27.82,2.42
8707,28.23,2.62
8708,27.97,3.92
8709,28.08,1.57
8710,26.85,2.13
8711,28.87,1.86
8712,30.49,1.39
8713,27.98,1.95
8714,29.53,3.47
8715,29.26,2.79
8716,28.96,2.88
8717,26.5,2.36
8718,26.43,2.74
8719,25.79,1.62
8720,26.2,1.97
8721,26.2,2.4
8722,26.91,2.49
8723,28.9,2.53
8724,27.74,2.11
8725,26.68,1.91
8726,28.57,7.87
8727,26.93,3.2
8728,28.98,2.63
8729,28.63,2.03
8730,30.25,1.86
8731,26.2,2.11
8732,38.7,2.5
8733,29.55,1.05
8734,28.32,1.19
8735,26.69,1.73
8736,28.09,2.42
8737,26.42,2.02
8738,28.51,4.02
8739,27.11,1.23
8740,26.14,1.65
8741,27.23,4.09
8742,27.08,2.35
8743,28.9,3.17
8744,26.54,5.06
8745,29.04,1.69
8746,28.35,2.14
8747,28.25,2.0
8748,27.58,1.02
8749,28.83,1.97
8750,31.26,3.17
8751,29.72,2.76
8752,27.36,2.85
8753,30.05,1.92
8754,26.5,1.71
8755,30.08,3.7
8756,28.12,1.82
8757,27.9,2.5
8758,28.7,2.38
8759,28.93,3.99
8760,26.73,3.28
8761,26.23,1.33
8762,27.45,1.38
8763,28.0,2.81
8764,26.87,2.17
8765,26.83,1.86
8766,26.01,3.34
8767,27.59,2.4
8768,28.05,2.27
8769,30.04,3.04
8770,25.92,1.92
8771,28.56,4.17
8772,29.19,1.62
8773,27.32,2.89
8774,27.49,3.95
8775,38.55,1.28
8776,33.67,1.94
8777,27.39,3.51
8778,31.25,3.54
8779,29.82,2.08
8780,35.82,1.66
8781,27.8,3.26
8782,36.77,3.57
8783,28.58,1.4
8784,29.6,1.37
8785,28.06,2.44
8786,28.0,2.86
8787,28.11,1.97
8788,28.66,2.92
8789,33.42,1.68
8790,26.76,0.96
8791,26.65,1.88
8792,28.62,2.28
8793,28.12,1.99
8794,29.89,1.4
8795,37.6,1.08
8796,31.41,1.81
8797,25.69,3.19
8798,27.54,3.68
8799,29.13,3.58
8800,29.47,1.61
8801,27.14,1.4
8802,29.86,2.71
8803,26.45,2.87
8804,27.75,2.61
8805,27.66,0.99
8806,27.5,1.57
8807,28.73,2.2
8808,28.03,2.7
8809,29.49,3.03
8810,29.01,2.36
8811,31.02,2.54
8812,29.65,2.3
8813,27.92,2.93
8814,30.07,2.52
8815,29.36,2.28
8816,61.43,2.0
8817,30.65,2.3
8818,35.68,2.7
8819,27.19,2.48
8820,29.09,2.59
8821,39.91,3.81
8822,26.58,2.47
8823,38.36,1.72
8824,39.05,3.17
8825,28.14,1.29
8826,25.91,1.44
8827,29.12,2.55
8828,28.53,2.74
8829,29.91,1.35
8830,32.03,1.91
8831,45.82,1.75
8832,28.63,1.83
8833,30.73,3.25
8834,25.97,2.95
8835,29.51,2.21
8836,27.41,1.79
8837,29.25,1.3
8838,29.29,3.93
8839,29.83,2.82
8840,26.8,1.68
8841,28.54,2.97
8842,26.31,2.16
8843,27.15,1.98
8844,29.18,2.65
8845,28.94,1.65
8846,28.8,1.94
8847,28.48,2.34
8848,27.62,1.82
8849,27.25,2.91
8850,26.43,4.7
8851,29.66,1.65
8852,28.68,1.14
8853,28.12,1.0
8854,29.05,2.1
8855,27.24,1.71
8856,27.76,2.42
8857,25.97,2.35
8858,27.65,1.17
8859,27.99,1.08
8860,28.99,2.51
8861,28.93,2.35
8862,26.04,1.88
8863,28.86,1.15
8864,31.61,2.69
8865,27.56,3.7
8866,29.81,2.49
8867,28.84,1.59
8868,26.83,2.27
8869,28.51,1.29
8870,28.03,3.4
8871,30.71,2.3
8872,31.84,1.1
8873,28.35,1.97
8874,28.22,2.68
8875,27.83,1.95
8876,29.53,1.99
8877,27.26,1.36
8878,27.74,2.79
8879,27.5,1.72
8880,31.14,0.94
8881,30.45,1.92
8882,25.25,3.3
8883,28.51,1.91
8884,27.12,4.46
8885,28.01,2.64
8886,30.89,2.55
8887,29.05,2.11
8888,30.64,2.17
8889,29.06,2.0
8890,27.82,1.97
8891,30.82,2.75
8892,31.01,1.53
8893,30.0,1.45
8894,30.24,1.42
8895,28.03,5.04
8896,26.82,2.75
8897,31.78,2.51
8898,27.91,1.46
8899,26.3,2.86
8900,29.47,2.12
8901,29.36,2.42
8902,27.06,1.51
8903,27.71,2.37
8904,27.75,1.88
8905,26.66,1.64
8906,28.77,2.99
8907,28.88,1.2
8908,27.89,2.79
8909,25.9,2.93
8910,26.19,1.57
8911,31.1,1.6
8912,28.26,2.04
8913,30.16,2.49
8914,27.6,2.09
8915,28.08,2.65
8916,19.41,4.51
8917,28.04,1.82
8918,28.05,1.12
8919,26.7,3.1
8920,28.61,4.36
8921,29.22,2.6
8922,26.5,1.44
8923,31.47,2.12
8924,27.07,1.42
8925,28.24,2.88
8926,27.75,1.3
8927,26.99,1.97
8928,27.85,1.49
8929,27.04,2.34
8930,28.6,1.92
8931,27.76,2.39
8932,27.86,2.25
8933,27.16,1.5
8934,25.42,2.86
8935,26.94,2.18
8936,28.55,1.5
8937,27.7,5.45
8938,27.41,2.69
8939,27.92,2.09
8940,27.3,3.92
8941,27.98,4.65
8942,25.7,2.1
8943,29.37,2.56
8944,29.68,1.5
8945,26.81,2.1
8946,27.6,2.06
8947,29.92,2.4
8948,28.23,2.54
8949,25.88,2.78
8950,27.72,2.45
8951,29.49,1.37
8952,27.86,1.53
8953,29.93,1.79
8954,27.72,1.99
8955,26.64,3.39
8956,28.01,1.4
8957,29.65,1.93
8958,28.42,3.26
8959,27.33,1.97
8960,27.98,2.68
8961,28.72,2.1
8962,28.5,2.47
8963,29.65,2.03
8964,28.05,2.91
8965,28.61,1.2
8966,27.06,1.92
8967,26.82,2.51
8968,26.76,2.76
8969,27.05,4.04
8970,27.31,1.9
8971,26.93,4.02
8972,25.49,1.71
8973,29.63,3.79
8974,30.9,3.09
8975,30.43,1.54
8976,27.41,2.52
8977,26.89,2.18
8978,27.95,2.86
8979,28.01,2.04
8980,28.21,1.97
8981,29.85,3.85
8982,49.77,2.14
8983,27.48,3.1
8984,26.94,2.03
8985,30.03,4.33
8986,26.32,1.7
8987,27.21,1.74
8988,29.54,4.1
8989,27.71,1.86
8990,28.25,4.22
8991,28.31,3.18
8992,28.05,2.09
8993,27.59,1.08
8994,32.21,2.21
8995,29.04,2.32
8996,26.87,3.55
8997,28.83,4.2
8998,27.72,1.69
8999,27.33,3.07
9000,31.02,3.02
9001,28.02,3.42
9002,26.97,2.72
9003,27.41,1.02
9004,30.56,2.09
9005,28.95,1.4
9006,27.3,2.05
9007,27.17,3.29
9008,27.29,2.51
9009,26.37,3.52
9010,29.17,2.55
9011,27.88,1.32
9012,30.14,0.81
9013,26.98,2.36
9014,28.46,2.04
9015,29.41,1.51
9016,28.63,1.13
9017,29.6,1.66
9018,27.46,2.06
9019,28.2,2.9
9020,28.53,2.4
9021,27.39,4.23
9022,27.18,1.47
9023,28.23,3.17
9024,27.54,2.27
9025,26.38,2.94
9026,25.74,1.87
9027,28.23,3.42
9028,28.99,2.5
9029,27.61,1.7
9030,27.97,2.21
9031,28.3,2.02
9032,27.31,2.71
9033,27.86,1.39
9034,28.22,2.2
9035,29.79,2.61
9036,30.08,2.26
9037,28.1,3.81
9038,26.51,3.03
9039,27.88,2.22
9040,27.49,2.43
9041,29.61,2.5
9042,27.54,2.62
9043,29.2,1.07
9044,27.94,1.97
9045,29.72,1.23
9046,26.74,3.71
9047,29.26,2.17
9048,29.34,2.06
9049,26.75,3.19
9050,27.63,2.64
9051,27.79,1.42
9052,26.59,2.16
9053,26.32,1.95
9054,26.3,1.11
9055,29.25,1.69
9056,27.51,2.07
9057,28.4,2.13
9058,27.62,1.23
9059,26.52,3.53
9060,28.15,2.14
9061,27.8,2.26
9062,26.9,2.61
9063,26.5,1.62
9064,27.31,2.67
9065,26.47,1.92
9066,26.38,1.55
9067,27.52,2.8
9068,26.29,4.04
9069,25.76,2.97
9070,26.7,3.22
9071,26.58,1.81
9072,30.59,1.17
9073,28.43,4.04
9074,27.25,5.06
9075,27.77,4.13
9076,27.29,1.95
9077,28.06,1.4
9078,30.04,1.45
9079,29.24,1.13
9080,27.51,2.13
9081,26.79,4.23
9082,30.71,2.1
9083,29.83,2.51
9084,29.01,3.86
9085,28.75,1.89
9086,30.18,5.02
9087,28.79,4.94
9088,25.86,2.11
9089,27.18,1.77
9090,26.56,2.94
9091,26.07,1.94
9092,27.86,1.4
9093,26.12,3.72
9094,26.68,3.62
9095,27.26,2.37
9096,26.5,1.34
9097,28.14,1.36
9098,28.78,2.32
9099,30.09,1.82
9100,29.93,1.94
9101,44.97,3.35
9102,54.64,2.98
9103,27.6,3.86
9104,28.57,1.5
9105,25.35,1.94
9106,28.2,3.01
9107,28.69,2.66
9108,27.39,4.11
9109,27.04,2.63
9110,25.95,4.66
9111,25.86,2.76
9112,29.95,3.4
9113,22.1,1.96
9114,33.22,2.24
9115,27.24,3.2
9116,26.1,4.24
9117,27.6,2.98
9118,29.97,2.15
9119,29.13,3.86
9120,31.11,0.93
9121,27.71,1.26
9122,26.91,2.92
9123,26.86,2.24
9124,30.52,2.84
9125,28.03,2.28
9126,27.71,2.8
9127,28.71,1.61
9128,29.15,2.8
9129,29.93,3.31
9130,29.13,3.63
9131,27.85,4.98
9132,27.15,2.45
9133,29.6,2.48
9134,26.28,1.21
9135,25.83,1.8
9136,28.1,2.06
9137,28.5,3.39
9138,28.42,1.74
9139,28.22,3.06
9140,30.04,2.22
9141,26.27,2.07
9142,26.66,2.46
9143,28.17,1.9
9144,53.85,1.87
9145,29.28,1.13
9146,30.15,2.02
9147,29.47,1.84
9148,28.3,1.81
9149,26.99,2.63
9150,28.93,2.9
9151,27.41,2.44
9152,29.17,3.31
9153,27.24,2.8
9154,26.76,1.98
9155,28.71,1.85
9156,30.1,2.52
9157,29.73,2.8
9158,26.97,3.89
9159,29.0,3.58
9160,28.33,1.79
9161,28.81,2.14
9162,28.33,2.91
9163,29.45,3.41
9164,28.39,3.24
9165,27.07,2.17
9166,29.24,1.35
9167,28.39,1.49
9168,29.64,2.48
9169,28.64,2.55
9170,30.38,1.43
9171,28.78,2.27
9172,27.63,2.86
9173,30.81,1.4
9174,28.98,3.46
9175,27.42,1.91
9176,27.23,3.68
9177,28.22,1.8
9178,28.8,1.48
9179,31.81,1.85
9180,26.84,2.14
9181,29.39,1.91
9182,28.59,2.04
9183,30.02,2.54
9184,31.39,2.08
9185,35.06,2.17
9186,27.84,1.12
9187,28.97,2.6
9188,30.3,2.15
9189,25.19,4.24
9190,26.45,1.53
9191,28.27,1.08
9192,26.47,2.85
9193,27.2,2.56
9194,25.84,1.49
9195,29.83,1.21
9196,29.81,4.12
9197,27.19,3.92
9198,26.03,0.82
9199,28.38,1.85
9200,29.5,4.33
9201,28.48,1.84
9202,27.75,1.83
9203,28.79,1.99
9204,27.21,1.42
9205,26.43,1.13
9206,30.09,3.39
9207,26.69,1.06
9208,25.81,2.46
9209,32.53,3.17
9210,30.76,1.25
9211,29.75,1.54
9212,29.43,3.62
9213,28.74,2.75
9214,28.86,1.74
9215,28.63,3.6
9216,30.56,3.61
9217,30.54,2.48
9218,26.9,1.55
9219,26.5,1.89
9220,27.35,2.5
9221,26.18,2.06
9222,28.08,3.24
9223,26.9,1.21
9224,26.43,1.22
9225,30.16,2.39
9226,30.78,1.83
9227,31.29,1.73
9228,28.07,1.1
9229,27.63,2.24
9230,30.08,2.18
9231,30.46,2.89
9232,26.89,2.29
9233,26.9,2.11
9234,26.94,3.56
9235,28.78,1.32
9236,28.7,2.76
9237,27.34,1.14
9238,27.15,1.59
9239,27.64,1.37
9240,29.26,3.04
9241,26.78,2.17
9242,29.1,2.21
9243,31.15,1.43
9244,31.32,1.97
9245,29.29,1.64
9246,29.93,2.59
9247,28.77,1.5
9248,27.65,3.79
9249,26.64,1.14
9250,29.2,1.61
9251,31.01,4.35
9252,29.75,1.87
9253,26.36,1.32
9254,26.4,2.43
9255,28.95,1.84
9256,27.75,1.59
9257,27.73,1.44
9258,28.47,6.74
9259,27.16,2.01
9260,29.17,1.03
9261,29.05,4.05
9262,29.81,2.84
9263,31.38,1.64
9264,29.42,1.53
9265,28.49,2.91
9266,27.62,2.02
9267,27.33,1.03
9268,27.3,4.55
9269,32.37,1.87
9270,28.73,4.05
9271,29.77,3.71
9272,27.61,1.49
9273,29.03,3.36
9274,25.7,1.72
9275,26.14,1.05
9276,27.98,1.88
9277,26.66,2.61
9278,28.02,1.85
9279,27.77,1.97
9280,27.1,3.52
9281,27.32,2.32
9282,26.78,1.59
9283,26.7,2.95
9284,28.87,2.41
9285,52.85,0.81
9286,29.63,2.64
9287,26.86,2.6
9288,28.4,2.24
9289,26.44,3.18
9290,25.94,1.7
9291,27.39,2.55
9292,27.03,1.19
9293,26.27,2.62
9294,26.73,4.86
9295,29.29,1.49
9296,26.25,1.64
9297,27.78,1.68
9298,27.52,2.34
9299,28.55,1.45
9300,27.98,2.63
9301,26.83,3.12
9302,29.92,2.76
9303,29.56,1.1
9304,27.6,3.31
9305,27.67,3.24
9306,29.76,3.1
9307,28.48,2.58
9308,25.99,2.43
9309,31.01,3.36
9310,26.46,4.8
9311,27.26,1.52
9312,29.69,3.43
9313,27.4,2.15
9314,29.8,2.11
9315,27.75,1.2
9316,27.59,1.99
9317,28.23,1.49
9318,26.03,1.85
9319,27.59,1.43
9320,28.17,1.86
9321,28.71,1.89
9322,28.11,2.31
9323,28.48,1.17
9324,26.35,1.25
9325,28.17,2.57
9326,30.4,1.62
9327,26.66,3.42
9328,30.02,2.44
9329,32.45,2.84
9330,28.07,3.91
9331,27.51,1.97
9332,29.7,1.77
9333,26.9,3.15
9334,27.33,2.73
9335,28.38,2.06
9336,28.57,3.88
9337,28.9,2.04
9338,28.05,2.25
9339,26.91,2.24
9340,26.87,1.53
9341,27.01,2.3
9342,26.35,3.89
9343,28.61,2.66
9344,27.51,2.25
9345,29.13,2.09
9346,29.14,2.54
9347,30.72,3.0
9348,27.22,2.84
9349,26.4,1.95
9350,28.27,2.53
9351,30.52,2.7
9352,33.62,1.49
9353,27.6,2.38
9354,31.34,0.94
9355,27.64,2.7
9356,28.07,2.9
9357,26.22,3.0
9358,28.72,1.9
9359,28.06,2.52
9360,29.26,3.93
9361,29.1,3.92
9362,27.32,2.2
9363,26.64,2.35
9364,26.65,3.47
9365,30.3,1.22
9366,29.21,1.96
9367,28.42,3.8
9368,28.32,3.29
9369,29.95,2.58
9370,27.7,1.22
9371,27.42,2.18
9372,28.51,1.76
9373,30.18,2.54
9374,32.5,1.61
9375,28.53,1.48
9376,28.12,0.97
9377,28.9,3.63
9378,29.1,1.9
9379,27.74,2.37
9380,31.19,2.22
9381,27.34,1.45
9382,26.04,1.34
9383,29.84,1.49
9384,28.79,1.67
9385,28.06,2.58
9386,27.28,1.62
9387,28.42,4.48
9388,29.51,3.36
9389,28.42,3.08
9390,28.78,2.12
9391,28.05,4.08
9392,28.22,2.04
9393,27.17,2.2
9394,29.98,2.38
9395,27.33,2.95
9396,26.1,2.87
9397,29.76,1.84
9398,25.84,1.8
9399,26.82,2.87
9400,30.45,2.96
9401,25.63,1.9
9402,27.15,1.18
9403,97.05,2.05
9404,27.69,2.86
9405,29.24,4.58
9406,25.8,1.38
9407,27.9,1.88
9408,26.04,1.9
9409,26.99,3.83
9410,27.41,2.19
9411,25.58,1.55
9412,30.63,2.78
9413,32.71,1.89
9414,28.54,1.36
9415,28.39,1.56
9416,29.26,4.45
9417,26.67,2.6
9418,26.41,2.32
9419,27.53,2.01
9420,26.44,2.5
9421,25.7,2.49
9422,28.37,2.5
9423,29.16,2.33
9424,30.15,3.15
9425,26.41,2.25
9426,29.19,1.51
9427,27.15,1.74
9428,29.08,1.01
9429,27.42,5.01
9430,29.41,3.14
9431,28.08,1.6
9432,26.56,1.99
9433,55.28,1.73
9434,27.43,4.12
9435,28.15,1.26
9436,29.11,2.33
9437,30.15,2.13
9438,26.66,3.1
9439,28.92,2.13
9440,33.17,1.1
9441,32.17,2.01
9442,26.24,1.51
9443,28.19,2.3
9444,29.38,3.95
9445,29.04,1.11
9446,26.29,1.62
9447,27.85,1.78
9448,27.06,1.91
9449,28.3,2.99
9450,31.75,2.08
9451,29.92,2.63
9452,27.13,1.73
9453,25.49,2.44
9454,29.62,3.04
9455,28.52,1.66
9456,28.53,3.04
9457,31.96,2.27
9458,29.1,3.38
9459,28.76,2.05
9460,26.85,2.59
9461,27.63,2.19
9462,28.24,2.14
9463,26.58,2.47
9464,29.03,2.76
9465,28.18,1.35
9466,27.12,3.95
9467,27.99,1.06
9468,26.6,1.69
9469,32.08,2.14
9470,32.02,2.62
9471,27.87,4.18
9472,27.76,1.06
9473,27.31,1.82
9474,30.91,0.95
9475,29.1,2.25
9476,28.62,2.48
9477,28.98,4.21
9478,25.76,2.34
9479,28.36,3.38
9480,28.05,2.81
9481,26.51,1.87
9482,28.16,1.27
9483,27.84,2.48
9484,26.7,1.23
9485,26.97,3.74
9486,27.77,2.09
9487,30.12,3.59
9488,28.32,1.84
9489,28.26,2.48
9490,29.71,2.42
9491,30.65,2.19
9492,26.18,1.87
9493,29.63,2.6
9494,31.46,1.54
9495,30.07,1.37
9496,28.07,3.66
9497,30.57,2.98
9498,28.92,2.28
9499,31.01,4.33
9500,28.01,2.0
9501,28.86,3.78
9502,28.42,2.39
9503,27.92,1.48
9504,28.53,4.66
9505,28.03,3.31
9506,27.05,2.12
9507,27.91,2.98
9508,28.6,1.89
9509,28.88,3.1
9510,26.5,0.86
9511,30.58,1.48
9512,27.04,3.29
9513,28.64,2.01
9514,29.49,2.42
9515,28.04,1.3
9516,26.09,4.66
9517,26.11,3.58
9518,25.86,2.05
9519,27.24,1.89
9520,26.63,3.36
9521,28.0,4.92
9522,29.45,3.26
9523,27.56,5.31
9524,28.35,1.54
9525,27.41,1.6
9526,25.97,1.38
9527,26.43,2.66
9528,26.04,2.39
9529,27.72,2.09
9530,28.07,3.08
9531,27.9,3.64
9532,31.04,1.21
9533,29.55,1.75
9534,29.9,3.09
9535,29.92,1.85
9536,29.02,1.62
9537,29.17,3.34
9538,27.94,1.33
9539,30.28,1.97
9540,29.14,2.54
9541,30.5,1.77
9542,28.01,3.04
9543,28.4,1.77
9544,30.72,3.91
9545,28.81,2.12
9546,26.47,2.91
9547,30.45,3.0
9548,29.9,1.73
9549,28.22,0.98
9550,30.4,2.57
9551,29.59,2.29
9552,28.78,2.78
9553,27.46,2.03
9554,29.18,1.87
9555,30.68,4.97
9556,28.49,1.23
9557,33.88,2.98
9558,29.87,1.77
9559,26.12,1.95
9560,28.54,1.96
9561,30.74,1.61
9562,27.27,2.8
9563,25.55,3.88
9564,27.46,2.69
9565,27.73,2.32
9566,29.31,1.5
9567,30.14,2.74
9568,28.03,5.27
9569,26.13,1.91
9570,32.06,1.91
9571,29.19,1.78
9572,30.66,1.83
9573,29.16,0.74
9574,29.38,2.62
9575,29.75,1.59
9576,29.19,1.17
9577,29.93,3.01
9578,28.7,1.44
9579,54.47,1.94
9580,30.18,4.0
9581,17.43,1.27
9582,30.59,1.21
9583,29.63,2.48
9584,30.09,3.52
9585,30.32,1.19
9586,27.55,2.62
9587,26.44,2.81
9588,27.27,0.98
9589,27.74,3.06
9590,29.41,3.16
9591,27.9,1.96
9592,29.18,3.67
9593,30.0,3.51
9594,29.76,2.32
9595,30.48,1.86
9596,28.06,1.51
9597,30.41,2.19
9598,29.57,2.8
9599,29.5,1.95
9600,29.88,0.92
9601,27.04,3.7
9602,29.28,2.4
9603,28.56,1.91
9604,28.4,3.14
9605,29.54,4.1
9606,29.02,0.73
9607,28.72,2.65
9608,29.7,1.26
9609,27.26,2.72
9610,31.03,2.34
9611,29.38,2.87
9612,30.23,1.82
9613,31.04,1.05
9614,26.66,1.86
9615,27.49,2.62
9616,28.73,3.34
9617,26.03,1.39
9618,26.94,3.36
9619,27.61,1.72
9620,30.65,2.57
9621,30.97,1.81
9622,27.42,2.39
9623,26.98,3.18
9624,30.52,1.36
9625,27.61,1.7
9626,27.66,2.4
9627,27.96,5.82
9628,28.2,1.58
9629,30.93,5.03
9630,29.51,4.96
9631,29.09,2.14
9632,29.94,1.98
9633,27.95,1.69
9634,29.14,2.17
9635,28.47,1.27
9636,28.73,2.16
9637,29.87,4.05
9638,28.61,1.74
9639,27.88,2.02
9640,28.92,1.13
9641,29.02,2.58
9642,29.06,2.47
9643,29.06,2.28
9644,26.91,2.04
9645,26.21,1.98
9646,28.46,2.72
9647,28.32,2.2
9648,30.41,2.52
9649,31.96,2.43
9650,29.44,3.49
9651,31.21,2.92
9652,28.75,2.4
9653,28.06,4.09
9654,30.27,2.63
9655,30.83,3.75
9656,26.96,2.84
9657,31.9,1.07
9658,29.02,3.75
9659,30.71,2.35
9660,33.88,2.18
9661,30.05,2.49
9662,30.98,1.94
9663,30.04,2.44
9664,28.37,1.76
9665,30.02,3.71
9666,27.34,2.13
9667,28.54,1.91
9668,28.38,1.54
9669,26.47,2.48
9670,28.56,2.4
9671,31.09,2.6
9672,29.53,1.48
9673,25.42,1.17
9674,27.27,2.86
9675,27.49,4.03
9676,26.09,1.48
9677,28.26,4.2
9678,31.04,2.49
9679,28.03,2.22
9680,28.33,1.9
9681,30.96,1.28
9682,31.25,3.3
9683,27.49,1.63
9684,28.93,1.63
9685,26.22,3.31
9686,30.46,1.05
9687,28.78,1.21
9688,27.27,2.21
9689,27.64,2.5
9690,29.37,2.7
9691,29.22,1.97
9692,28.06,6.12
9693,28.02,2.03
9694,29.67,2.03
9695,26.7,1.62
9696,27.48,2.34
9697,32.31,2.85
9698,29.82,3.6
9699,29.95,1.23
9700,29.25,2.02
9701,27.9,2.66
9702,26.41,2.81
9703,29.0,2.23
9704,29.42,2.76
9705,27.53,1.61
9706,28.01,4.15
9707,27.88,3.31
9708,28.47,1.3
9709,28.72,1.45
9710,28.25,1.46
9711,28.13,2.92
9712,28.36,1.33
9713,26.94,1.95
9714,30.04,2.67
9715,27.44,2.17
9716,26.13,2.47
9717,25.79,1.45
9718,27.73,2.82
9719,27.27,1.74
9720,29.67,1.95
9721,30.5,2.45
9722,29.31,2.32
9723,32.02,2.25
9724,29.76,1.65
9725,26.66,1.97
9726,27.64,2.23
9727,51.07,1.28
9728,28.19,1.85
9729,26.49,2.6
9730,27.75,1.34
9731,25.85,3.53
9732,27.9,3.7
9733,26.99,1.35
9734,27.57,3.83
9735,28.06,2.1
9736,27.6,2.63
9737,28.29,1.82
9738,27.53,3.22
9739,28.36,2.62
9740,26.55,1.61
9741,26.72,1.4
9742,26.94,1.24
9743,26.6,2.4
9744,27.94,2.8
9745,30.01,2.89
9746,27.95,2.12
9747,28.89,1.4
9748,27.26,1.69
9749,31.21,3.53
9750,28.79,1.83
9751,28.52,2.36
9752,29.83,1.45
9753,27.85,2.55
9754,27.1,1.85
9755,26.71,3.38
9756,28.42,3.03
9757,28.69,1.83
9758,29.0,2.12
9759,29.17,1.79
9760,28.59,1.26
9761,27.79,1.58
9762,29.95,2.41
9763,27.44,2.53
9764,26.81,2.36
9765,26.87,1.97
9766,28.56,3.23
9767,27.1,2.28
9768,28.29,2.95
9769,27.36,1.09
9770,28.61,0.5
9771,26.77,2.49
9772,27.0,1.26
9773,28.02,2.04
9774,27.74,1.97
9775,29.48,4.2
9776,27.13,2.61
9777,27.89,2.38
9778,26.95,3.11
9779,28.6,2.58
9780,29.95,1.85
9781,38.76,3.42
9782,27.19,1.43
9783,28.0,2.53
9784,29.21,1.2
9785,30.49,2.41
9786,29.93,2.4
9787,26.22,4.35
9788,26.65,1.19
9789,26.14,1.75
9790,28.28,3.09
9791,26.41,2.54
9792,28.51,2.39
9793,29.07,1.52
9794,27.35,1.76
9795,26.95,3.66
9796,28.38,2.18
9797,27.0,2.59
9798,26.93,2.13
9799,27.23,1.39
9800,27.04,3.23
9801,26.12,2.72
9802,27.68,5.6
9803,28.84,1.48
9804,27.83,3.09
9805,28.41,1.32
9806,27.76,2.37
9807,27.43,3.29
9808,27.49,0.97
9809,26.26,2.05
9810,28.16,1.78
9811,27.11,1.68
9812,27.15,2.6
9813,28.19,3.48
9814,27.18,2.11
9815,27.78,2.42
9816,27.95,2.33
9817,29.29,2.23
9818,27.41,1.44
9819,26.86,3.47
9820,27.82,2.5
9821,27.09,2.61
9822,26.29,1.61
9823,27.55,1.85
9824,29.75,2.07
9825,27.96,1.2
9826,27.76,1.13
9827,26.94,1.75
9828,27.73,2.74
9829,26.72,1.71
9830,26.07,1.48
9831,27.92,1.61
9832,27.0,1.85
9833,28.1,1.93
9834,28.68,5.29
9835,26.64,3.39
9836,27.54,3.35
9837,29.07,3.55
9838,28.16,1.49
9839,26.81,1.36
9840,28.49,1.43
9841,26.67,3.8
9842,27.84,1.79
9843,27.98,1.35
9844,27.54,1.87
9845,26.26,2.02
9846,28.4,2.48
9847,26.98,2.46
9848,26.68,1.6
9849,58.42,2.93
9850,27.83,1.72
9851,28.15,2.09
9852,28.05,2.93
9853,29.53,1.72
9854,28.1,1.77
9855,27.26,2.82
9856,26.65,1.58
9857,27.14,1.91
9858,25.98,2.78
9859,27.11,5.06
9860,27.88,2.84
9861,27.48,2.69
9862,30.5,2.75
9863,27.32,1.45
9864,30.79,2.33
9865,28.12,2.2
9866,26.98,2.53
9867,26.94,2.33
9868,26.92,2.59
9869,29.75,1.96
9870,29.47,2.28
9871,29.28,1.36
9872,27.42,1.96
9873,27.27,3.88
9874,27.48,2.53
9875,38.39,2.21
9876,28.05,4.75
9877,27.0,1.29
9878,29.45,1.43
9879,27.96,4.42
9880,26.43,2.27
9881,27.33,2.02
9882,29.22,1.38
9883,27.2,2.66
9884,28.42,2.77
9885,28.06,1.44
9886,28.43,2.1
9887,27.4,1.95
9888,26.77,2.47
9889,28.39,1.42
9890,26.54,3.67
9891,27.16,3.21
9892,26.69,1.92
9893,26.62,2.04
9894,26.15,2.11
9895,26.64,1.63
9896,27.03,1.86
9897,26.35,2.0
9898,29.07,4.24
9899,27.64,3.25
9900,28.36,3.23
9901,28.8,2.58
9902,28.53,1.42
9903,26.7,2.19
9904,28.13,3.28
9905,27.94,1.35
9906,26.33,2.87
9907,28.97,5.64
9908,27.28,3.4
9909,29.07,3.92
9910,29.68,2.43
9911,26.11,3.28
9912,31.08,1.67
9913,28.86,3.06
9914,29.03,2.89
9915,27.1,2.5
9916,27.4,3.77
9917,27.56,1.79
9918,26.91,2.07
9919,29.03,2.31
9920,27.18,1.47
9921,28.31,2.44
9922,27.58,1.12
9923,25.94,3.38
9924,27.59,2.27
9925,27.8,1.81
9926,27.96,1.59
9927,30.1,2.03
9928,26.87,2.93
9929,27.01,2.77
9930,26.81,1.68
9931,27.14,1.59
9932,26.29,2.89
9933,27.15,1.67
9934,26.92,2.28
9935,28.31,2.34
9936,30.9,2.52
9937,27.48,3.14
9938,27.45,1.34
9939,30.38,1.04
9940,26.77,1.77
9941,27.05,4.58
9942,26.4,5.0
9943,27.39,4.63
9944,27.11,2.06
9945,25.88,1.09
9946,27.78,0.87
9947,26.33,1.74
9948,27.43,2.06
9949,27.03,3.74
9950,27.25,3.15
9951,28.19,2.44
9952,26.63,1.56
9953,27.29,1.52
9954,26.93,2.46
9955,27.15,2.94
9956,28.12,2.6
9957,45.74,1.47
9958,26.08,2.89
9959,26.89,2.64
9960,29.16,1.45
9961,28.52,1.63
9962,27.89,2.93
9963,27.41,2.03
9964,28.78,4.2
9965,28.01,2.72
9966,26.93,1.83
9967,26.87,2.22
9968,27.7,2.28
9969,27.79,1.66
9970,26.62,1.54
9971,26.68,2.95
9972,27.96,3.12
9973,26.39,2.83
9974,29.73,4.08
9975,28.83,1.79
9976,26.16,4.35
9977,28.25,1.55
9978,27.27,1.48
9979,26.89,1.1
9980,26.69,1.86
9981,27.47,1.82
9982,26.88,2.75
9983,27.17,2.45
9984,27.77,1.38
9985,30.22,1.9
9986,27.02,1.92
9987,26.77,1.09
9988,28.9,1.5
9989,27.76,1.64
9990,27.82,3.95
9991,28.4,2.4
9992,26.94,2.9
9993,30.36,1.22
9994,63.94,3.59
9995,28.15,3.75
9996,29.97,1.0
9997,29.95,1.68
9998,28.47,2.71
9999,28.31,2.88
10000,26.05,1.7
10001,28.52,1.97
10002,28.25,1.75
10003,28.3,2.33
10004,27.65,3.59
10005,28.94,1.63
10006,27.13,3.32
10007,25.37,1.63
10008,29.45,1.59
10009,27.58,3.09
10010,28.28,3.22
10011,26.96,3.13
10012,29.47,1.31
10013,26.68,1.85
10014,27.0,3.09
10015,26.35,2.26
10016,28.05,1.45
10017,25.81,2.67
10018,26.02,1.67
10019,27.24,4.56
10020,28.03,4.13
10021,27.83,2.83
10022,27.61,3.84
10023,27.14,2.28
10024,26.79,3.02
10025,28.56,4.02
10026,28.03,2.46
10027,28.81,2.01
10028,27.49,1.13
10029,28.11,2.15
10030,26.49,3.09
10031,27.67,3.25
10032,29.35,2.72
10033,26.93,1.79
10034,26.36,1.01
10035,29.74,1.83
10036,25.89,1.97
10037,27.29,1.96
10038,28.63,2.85
10039,28.25,4.92
10040,28.25,2.34
10041,27.18,2.04
10042,25.99,2.01
10043,29.33,2.34
10044,26.89,1.6
10045,28.84,2.34
10046,30.41,2.67
10047,26.01,2.42
10048,27.34,2.67
10049,29.76,2.65
10050,29.96,1.1
10051,26.8,2.87
10052,29.56,1.7
10053,28.73,1.44
10054,27.59,1.43
10055,30.89,2.65
10056,27.68,2.04
10057,28.61,1.14
10058,26.8,2.69
10059,28.4,1.25
10060,26.28,2.35
10061,26.05,2.45
10062,27.65,3.17
10063,28.06,4.54
10064,29.36,1.29
10065,27.29,2.18
10066,27.95,1.99
10067,27.86,2.65
10068,28.55,2.43
10069,28.15,1.93
10070,27.57,1.87
10071,29.23,1.42
10072,25.87,3.3
10073,27.6,2.67
10074,29.24,3.21
10075,27.11,1.97
10076,28.48,1.71
10077,27.33,1.45
10078,28.9,2.57
10079,29.1,1.47
10080,29.43,4.66
10081,26.39,1.32
10082,28.17,2.48
10083,27.02,4.17
10084,26.37,2.83
10085,33.65,2.39
10086,29.55,1.51
10087,25.61,1.28
10088,27.16,3.03
10089,27.81,4.07
10090,27.9,1.87
10091,27.28,1.41
10092,27.1,0.83
10093,27.28,1.5
10094,27.71,2.13
10095,26.88,4.22
10096,27.42,2.91
10097,26.72,2.51
10098,28.72,1.9
10099,29.08,1.76
10100,29.72,3.91
10101,28.86,2.41
10102,30.58,0.96
10103,29.74,1.7
10104,28.22,1.58
10105,30.18,1.79
10106,28.05,2.79
10107,28.67,2.13
10108,27.82,2.16
10109,27.93,3.76
10110,27.49,1.68
10111,28.13,4.69
10112,26.0,1.7
10113,29.26,2.31
10114,27.95,1.99
10115,28.61,2.34
10116,28.48,2.66
10117,29.58,2.65
10118,29.66,1.65
10119,27.56,1.42
10120,27.69,6.06
10121,26.07,1.83
10122,28.05,2.94
10123,27.37,1.17
10124,29.77,1.99
10125,26.55,2.12
10126,27.05,2.69
10127,26.82,0.75
10128,27.39,2.38
10129,30.38,1.41
10130,27.08,2.53
10131,26.55,1.47
10132,26.17,1.58
10133,27.76,1.99
10134,27.11,1.46
10135,26.15,1.84
10136,29.03,1.38
10137,29.02,1.07
10138,29.4,3.34
10139,26.12,1.33
10140,29.69,2.07
10141,27.07,3.01
10142,26.31,1.74
10143,26.99,1.6
10144,31.38,2.44
10145,29.69,3.48
10146,29.86,1.39
10147,28.14,2.1
10148,27.5,1.11
10149,27.69,1.9
10150,28.73,2.26
10151,27.56,1.58
10152,27.44,1.85
10153,25.34,1.27
10154,27.95,2.3
10155,30.29,3.39
10156,29.12,1.43
10157,28.64,1.73
10158,28.88,2.72
10159,57.01,3.61
10160,26.16,1.22
10161,29.25,2.08
10162,30.27,2.49
10163,27.08,2.14
10164,30.26,0.83
10165,27.79,2.72
10166,27.2,4.09
10167,28.13,2.33
10168,27.01,1.47
10169,26.76,1.81
10170,26.15,4.52
10171,27.77,3.2
10172,26.11,2.87
10173,26.28,2.57
10174,26.95,1.71
10175,26.76,2.05
10176,27.05,2.16
10177,26.26,2.77
10178,27.08,4.07
10179,32.12,3.48
10180,31.65,1.26
10181,29.39,2.43
10182,26.82,2.99
10183,28.71,2.85
10184,27.27,1.73
10185,30.16,7.14
10186,29.77,1.34
10187,30.5,1.44
10188,33.14,2.44
10189,26.37,5.19
10190,35.5,1.59
10191,31.17,2.0
10192,28.95,3.42
10193,28.31,2.21
10194,35.24,1.95
10195,27.91,2.79
10196,30.59,2.48
10197,26.79,3.36
10198,30.92,3.73
10199,26.15,2.52
10200,27.53,2.5
10201,26.57,2.42
10202,27.99,2.71
10203,28.75,2.28
10204,28.41,2.22
10205,28.62,3.59
10206,28.65,4.08
10207,28.57,1.22
10208,26.55,2.23
10209,29.56,1.69
10210,29.39,1.97
10211,29.25,2.61
10212,27.5,2.91
10213,27.18,2.13
10214,30.59,1.04
10215,26.77,1.51
10216,27.99,3.19
10217,29.63,0.74
10218,27.91,3.58
10219,29.85,2.74
10220,27.09,3.77
10221,29.65,2.06
10222,31.06,0.98
10223,26.76,2.64
10224,27.5,3.71
10225,28.29,3.22
10226,29.66,1.71
10227,26.35,2.3
10228,26.23,1.8
10229,28.18,1.6
10230,29.05,3.26
10231,29.95,1.38
10232,33.78,1.56
10233,28.06,1.43
10234,25.9,1.23
10235,30.21,2.36
10236,34.38,3.54
10237,30.6,2.07
10238,33.83,1.22
10239,28.13,3.11
10240,30.38,4.37
10241,31.62,1.72
10242,28.6,1.84
10243,37.17,2.74
10244,27.8,4.26
10245,29.7,1.81
10246,30.65,1.31
10247,32.0,2.86
10248,27.85,3.06
10249,27.44,2.23
10250,25.66,1.78
10251,26.82,3.31
10252,28.98,2.75
10253,33.18,1.64
10254,27.42,2.27
10255,27.84,1.3
10256,31.14,2.93
10257,26.82,2.0
10258,32.13,1.87
10259,26.77,2.2
10260,28.62,2.26
10261,26.83,3.18
10262,27.55,2.82
10263,29.34,2.09
10264,27.19,3.02
10265,30.26,2.61
10266,28.57,1.88
10267,26.88,2.12
10268,27.08,2.1
10269,27.63,2.72
10270,28.61,1.92
10271,28.68,1.9
10272,27.92,4.89
10273,28.42,3.24
10274,25.83,1.64
10275,29.68,2.8
10276,30.54,2.33
10277,27.55,2.6
10278,27.77,2.35
10279,27.55,3.58
10280,30.27,2.56
10281,31.55,2.17
10282,32.1,3.38
10283,27.3,2.44
10284,27.07,2.34
10285,27.38,2.52
10286,29.86,2.14
10287,30.06,2.23
10288,26.68,1.76
10289,29.08,1.65
10290,29.3,1.49
10291,28.98,1.28
10292,26.79,1.57
10293,29.78,2.08
10294,29.26,2.32
10295,27.32,2.0
10296,28.58,0.87
10297,31.42,4.18
10298,27.15,3.44
10299,29.69,2.66
10300,27.49,4.77
10301,29.67,1.51
10302,25.68,4.74
10303,26.78,1.51
10304,29.69,2.45
10305,29.51,1.34
10306,30.02,2.24
10307,26.37,2.6
10308,30.95,2.09
10309,30.39,2.96
10310,26.84,2.32
10311,27.67,1.81
10312,26.06,1.77
10313,29.46,3.08
10314,30.9,1.71
10315,27.96,3.21
10316,29.42,3.63
10317,28.08,1.14
10318,28.88,3.5
10319,29.14,5.07
10320,31.4,2.46
10321,30.86,2.83
10322,28.11,3.37
10323,27.81,1.99
10324,28.86,2.39
10325,32.77,1.32
10326,29.28,2.35
10327,61.99,2.72
10328,26.83,2.74
10329,25.99,3.41
10330,27.38,1.63
10331,28.31,1.8
10332,26.69,4.75
10333,31.35,2.1
10334,29.94,2.41
10335,27.59,2.17
10336,27.04,1.6
10337,27.28,4.26
10338,31.66,1.8
10339,27.36,1.42
10340,29.27,1.86
10341,29.21,1.0
10342,28.44,1.72
10343,27.83,1.51
10344,28.34,2.85
10345,28.45,1.7
10346,29.85,3.17
10347,26.24,3.89
10348,25.29,3.04
10349,28.82,2.04
10350,30.55,2.35
10351,28.75,1.21
10352,29.58,2.11
10353,31.72,1.58
10354,26.24,2.94
10355,30.94,6.23
10356,28.84,2.72
10357,27.14,1.0
10358,27.15,1.93
10359,29.62,2.34
10360,28.34,2.3
10361,25.87,1.66
10362,30.42,2.45
10363,30.1,1.35
10364,28.87,1.53
10365,29.6,2.88
10366,28.79,1.48
10367,30.37,2.76
10368,25.84,1.29
10369,27.43,4.51
10370,28.22,1.63
10371,29.55,2.04
10372,27.06,2.54
10373,27.14,1.78
10374,31.48,2.36
10375,26.44,2.8
10376,27.11,3.27
10377,27.41,3.05
10378,27.4,2.08
10379,27.05,2.1
10380,27.91,5.7
10381,28.98,3.25
10382,26.97,1.54
10383,28.04,2.32
10384,27.2,1.95
10385,27.11,2.11
10386,28.77,1.36
10387,32.2,1.89
10388,28.15,4.59
10389,27.19,2.81
10390,27.75,0.82
10391,27.46,3.62
10392,26.19,3.44
10393,26.52,1.93
10394,26.26,2.97
10395,27.4,1.58
10396,26.33,1.84
10397,25.67,4.05
10398,26.25,2.0
10399,28.18,1.05
10400,27.59,2.17
10401,28.86,2.16
10402,28.33,3.59
10403,27.88,2.24
10404,30.48,1.88
10405,26.12,3.38
10406,26.99,2.34
10407,27.24,1.65
10408,28.36,3.53
10409,27.47,2.4
10410,26.08,2.23
10411,28.63,2.39
10412,25.86,1.45
10413,26.03,1.8
10414,29.33,2.23
10415,31.12,2.06
10416,27.18,3.7
10417,27.01,2.43
10418,27.06,3.13
10419,27.9,2.23
10420,32.74,3.4
10421,29.55,2.61
10422,26.41,2.24
10423,29.36,2.21
10424,26.18,1.52
10425,27.16,2.73
10426,28.44,2.19
10427,26.76,1.82
10428,26.13,3.46
10429,26.17,1.35
10430,29.05,1.88
10431,30.1,3.36
10432,27.28,2.52
10433,26.25,2.18
10434,27.57,2.46
10435,28.3,2.39
10436,28.39,1.21
10437,28.45,1.94
10438,27.07,4.25
10439,29.1,1.71
10440,28.64,1.96
10441,28.59,1.79
10442,29.68,2.15
10443,29.16,1.76
10444,28.25,2.7
10445,29.9,2.41
10446,29.99,3.03
10447,31.91,1.46
10448,29.03,1.94
10449,27.11,2.03
10450,28.25,2.67
10451,28.83,1.62
10452,27.73,3.21
10453,28.22,3.58
10454,29.07,1.5
10455,27.62,1.83
10456,26.83,1.8
10457,27.61,6.38
10458,29.41,1.87
10459,29.37,4.35
10460,27.96,1.34
10461,28.44,1.5
10462,27.78,1.69
10463,29.88,1.59
10464,28.99,2.0
10465,28.46,1.68
10466,26.81,1.6
10467,27.55,3.54
10468,27.12,3.63
10469,26.64,3.25
10470,27.6,2.74
10471,26.98,2.31
10472,26.05,1.82
10473,27.85,1.52
10474,26.41,2.57
10475,31.41,1.39
10476,28.28,1.5
10477,31.47,3.53
10478,27.33,4.76
10479,27.38,2.6
10480,28.63,3.46
10481,26.75,2.02
10482,28.93,1.3
10483,26.22,2.84
10484,28.19,2.79
10485,25.68,2.29
10486,29.24,2.02
10487,27.97,3.27
10488,29.44,1.5
10489,26.51,1.63
10490,26.09,1.49
10491,30.59,2.3
10492,28.41,1.44
10493,19.79,1.69
10494,31.45,1.68
10495,26.08,2.01
10496,26.55,1.23
10497,27.59,2.3
10498,29.18,3.67
10499,28.13,2.35
10500,29.23,4.12
10501,26.77,3.79
10502,25.96,3.04
10503,51.57,2.29
10504,29.35,2.25
10505,26.32,3.02
10506,27.3,1.9
10507,28.69,1.05
10508,27.08,2.71
10509,26.32,1.42
10510,31.37,1.51
10511,27.32,2.23
10512,27.32,2.14
10513,31.22,1.27
10514,26.46,2.38
10515,29.02,3.28
10516,27.79,1.42
10517,28.58,3.7
10518,26.6,1.19
10519,26.69,5.19
10520,29.08,1.89
10521,27.23,2.36
10522,28.77,1.04
10523,29.48,2.17
10524,27.59,2.44
10525,27.25,2.15
10526,30.31,1.78
10527,28.76,1.52
10528,28.88,3.5
10529,28.72,2.25
10530,29.66,4.12
10531,29.22,1.8
10532,26.44,1.87
10533,28.51,3.08
10534,28.33,1.16
10535,28.13,1.37
10536,26.65,3.45
10537,28.01,1.39
10538,29.93,1.08
10539,30.76,4.7
10540,27.0,1.27
10541,27.51,2.4
10542,29.12,2.29
10543,26.41,0.72
10544,29.54,2.0
10545,29.5,2.66
10546,26.1,2.56
10547,27.27,3.19
10548,28.66,1.91
10549,29.41,2.96
10550,28.79,1.69
10551,29.35,1.27
10552,27.57,1.32
10553,29.18,1.24
10554,28.15,3.33
10555,31.53,1.21
10556,29.06,2.48
10557,30.5,2.0
10558,30.37,2.14
10559,28.45,3.84
10560,28.7,1.87
10561,27.61,2.84
10562,29.13,2.26
10563,26.07,2.09
10564,26.76,5.58
10565,26.63,1.25
10566,26.36,3.73
10567,26.82,2.89
10568,27.46,1.84
10569,29.48,4.27
10570,30.19,1.06
10571,29.65,1.81
10572,27.18,1.37
10573,27.18,2.62
10574,25.96,1.43
10575,29.71,2.65
10576,28.26,2.07
10577,27.94,1.84
10578,28.11,2.6
10579,27.52,2.0
10580,27.14,1.44
10581,29.9,6.82
10582,29.0,1.83
10583,31.87,0.92
10584,29.67,1.59
10585,28.1,1.34
10586,29.52,3.1
10587,46.37,2.53
10588,29.35,2.61
10589,28.08,1.92
10590,29.57,1.99
10591,28.19,1.92
10592,29.84,2.15
10593,31.38,3.11
10594,28.51,2.55
10595,27.19,2.72
10596,26.94,2.72
10597,31.63,3.17
10598,28.38,2.5
10599,26.85,2.57
10600,25.92,3.58
10601,26.56,1.71
10602,25.73,1.58
10603,29.61,1.38
10604,28.72,2.39
10605,27.99,1.06
10606,26.6,2.68
10607,28.57,2.13
10608,27.41,3.5
10609,29.12,1.7
10610,30.84,2.05
10611,29.13,3.49
10612,26.38,3.87
10613,27.08,1.7
10614,28.79,2.39
10615,29.67,2.5
10616,28.02,2.58
10617,27.91,2.0
10618,29.39,3.72
10619,26.22,1.05
10620,28.42,1.88
10621,27.2,2.66
10622,26.56,2.67
10623,28.08,3.82
10624,29.64,3.59
10625,28.92,1.99
10626,27.3,3.74
10627,31.13,1.67
10628,27.6,3.23
10629,27.97,4.59
10630,26.8,3.62
10631,25.57,2.32
10632,26.26,1.95
10633,28.02,1.21
10634,30.65,2.52
10635,28.67,1.42
10636,29.0,1.62
10637,26.74,1.38
10638,29.23,1.85
10639,29.03,2.2
10640,27.95,2.48
10641,25.9,1.75
10642,26.42,3.41
10643,29.85,2.05
10644,29.16,1.62
10645,28.69,2.44
10646,31.18,4.88
10647,30.67,2.54
10648,27.39,1.92
10649,26.93,1.21
10650,26.35,2.04
10651,25.89,2.44
10652,29.7,1.91
10653,29.23,1.14
10654,30.16,1.58
10655,28.89,3.98
10656,29.24,3.95
10657,25.74,1.56
10658,30.22,2.91
10659,28.02,1.39
10660,31.17,3.9
10661,27.2,2.45
10662,26.31,3.25
10663,56.87,1.12
10664,25.75,2.92
10665,28.11,2.22
10666,26.99,3.13
10667,26.97,3.21
10668,26.83,2.28
10669,28.22,1.75
10670,28.35,3.04
10671,29.59,2.17
10672,25.93,1.57
10673,27.35,1.54
10674,27.51,1.23
10675,26.68,1.81
10676,27.49,3.46
10677,30.46,2.39
10678,29.68,1.8
10679,26.43,3.07
10680,30.33,1.6
10681,27.3,2.31
10682,28.03,2.07
10683,28.02,3.04
10684,28.79,1.18
10685,26.48,1.58
10686,28.27,1.16
10687,25.65,2.01
10688,31.89,3.61
10689,28.72,1.82
10690,27.71,1.81
10691,28.01,3.15
10692,35.07,3.41
10693,30.31,2.15
10694,26.7,2.93
10695,30.21,1.45
10696,27.3,3.86
10697,28.73,5.26
10698,29.91,2.74
10699,26.62,0.97
10700,28.6,1.78
10701,29.15,2.84
10702,25.84,1.88
10703,30.5,3.7
10704,28.97,2.82
10705,26.62,1.68
10706,27.71,2.25
10707,28.65,1.56
10708,31.18,2.07
10709,33.2,1.78
10710,27.23,3.56
10711,32.47,5.19
10712,31.38,1.26
10713,26.06,1.03
10714,26.24,2.02
10715,26.87,1.21
10716,27.54,2.27
10717,27.35,3.0
10718,28.05,4.05
10719,26.87,2.41
10720,26.63,2.06
10721,26.87,1.01
10722,31.11,2.25
10723,32.58,2.29
10724,28.89,2.87
10725,28.18,1.68
10726,47.68,1.87
10727,28.76,1.23
10728,27.96,0.89
10729,28.18,1.43
10730,25.96,1.19
10731,27.34,2.55
10732,27.96,1.81
10733,27.36,1.79
10734,31.02,1.5
10735,28.31,0.61
10736,29.26,4.07
10737,29.27,1.49
10738,28.23,1.89
10739,27.26,1.24
10740,29.28,3.28
10741,26.77,2.36
10742,28.26,1.6
10743,27.78,1.9
10744,27.05,4.35
10745,25.19,2.16
10746,27.63,2.07
10747,26.72,1.53
10748,26.91,1.04
10749,27.33,2.09
10750,27.47,2.54
10751,28.74,3.46
10752,26.89,0.91
10753,27.37,1.42
10754,31.95,1.76
10755,26.41,2.22
10756,25.89,2.1
10757,31.0,2.12
10758,26.98,2.62
10759,27.54,1.55
10760,29.47,3.23
10761,26.41,2.65
10762,27.36,1.96
10763,26.64,4.22
10764,27.38,4.15
10765,29.62,3.23
10766,27.98,0.67
10767,25.5,4.19
10768,27.9,3.06
10769,27.99,4.97
10770,31.13,3.65
10771,25.8,4.18
10772,27.07,3.16
10773,29.4,3.82
10774,26.6,4.94
10775,26.5,2.43
10776,27.28,1.19
10777,27.03,1.97
10778,28.74,2.6
10779,30.07,2.29
10780,26.76,1.35
10781,30.37,1.16
10782,26.33,1.65
10783,30.06,3.07
10784,28.42,4.19
10785,26.39,3.21
10786,26.91,3.4
10787,28.68,2.15
10788,26.72,1.11
10789,28.32,1.86
10790,28.2,2.01
10791,26.96,1.82
10792,26.72,2.27
10793,28.16,2.66
10794,27.63,3.13
10795,27.19,1.99
10796,26.64,1.04
10797,28.23,1.83
10798,26.82,2.26
10799,28.9,3.63
10800,25.89,1.77
10801,27.7,2.73
10802,28.96,2.5
10803,27.12,2.26
10804,28.32,3.23
10805,26.86,1.71
10806,27.87,1.77
10807,26.97,2.21
10808,28.46,1.72
10809,28.29,2.73
10810,29.18,1.67
10811,26.34,2.44
10812,28.5,2.14
10813,26.47,2.43
10814,28.57,1.85
10815,29.65,1.94
10816,27.16,2.31
10817,28.22,2.41
10818,27.51,2.22
10819,28.16,4.4
10820,27.81,1.5
10821,28.74,2.17
10822,26.26,1.19
10823,29.67,2.58
10824,27.19,1.42
10825,29.37,1.99
10826,55.7,1.92
10827,28.52,2.49
10828,26.59,1.78
10829,26.59,1.75
10830,28.81,3.95
10831,27.22,2.49
10832,26.91,1.78
10833,28.65,2.01
10834,28.69,4.3
10835,27.86,2.03
10836,28.26,1.69
10837,28.75,1.69
10838,26.38,1.79
10839,27.99,1.75
10840,26.99,1.33
10841,28.39,1.42
10842,30.09,1.6
10843,29.35,2.82
10844,29.07,1.91
10845,28.31,2.05
10846,28.22,3.7
10847,27.74,3.74
10848,27.68,1.99
10849,26.73,1.73
10850,29.15,1.57
10851,26.17,2.94
10852,28.76,2.05
10853,27.62,1.91
10854,27.57,1.61
10855,28.07,1.64
10856,27.61,2.53
10857,27.1,1.31
10858,29.56,3.31
10859,26.71,1.8
10860,29.47,2.1
10861,29.16,1.3
10862,27.91,2.21
10863,26.59,1.95
10864,26.68,2.18
10865,25.58,4.01
10866,27.31,2.39
10867,27.99,1.62
10868,26.26,1.67
10869,28.48,2.82
10870,26.4,3.74
10871,28.29,2.49
10872,27.86,2.93
10873,25.76,2.84
10874,25.82,3.93
10875,26.87,1.02
10876,27.08,2.91
10877,28.51,3.3
10878,27.11,1.3
10879,25.76,1.56
10880,28.98,1.58
10881,26.82,1.66
10882,28.21,1.84
10883,28.53,2.45
10884,29.54,3.15
10885,30.09,3.43
10886,29.79,1.59
10887,27.97,1.59
10888,27.53,3.77
10889,29.22,2.88
10890,26.76,2.3
10891,26.75,2.69
10892,26.28,2.2
10893,29.61,2.75
10894,19.73,1.95
10895,26.13,2.48
10896,29.18,1.22
10897,25.71,1.69
10898,29.29,1.7
10899,26.56,1.92
10900,29.2,1.54
10901,19.4,1.8
10902,27.18,1.21
10903,28.93,2.77
10904,27.82,2.15
10905,27.59,1.13
10906,29.28,1.59
10907,27.57,2.55
10908,27.44,1.79
10909,28.02,1.68
10910,28.88,2.16
10911,27.64,2.55
10912,28.3,1.25
10913,26.25,2.77
10914,27.78,1.62
10915,29.07,2.21
10916,27.24,2.19
10917,31.96,1.8
10918,28.0,1.48
10919,26.25,1.99
10920,36.47,4.26
10921,28.78,1.29
10922,26.51,4.38
10923,25.78,2.01
10924,27.39,2.26
10925,27.88,1.44
10926,27.95,1.63
10927,29.48,1.82
10928,26.93,1.46
10929,26.49,2.05
10930,26.84,1.89
10931,25.78,4.67
10932,28.55,1.4
10933,27.86,2.32
10934,26.33,2.46
10935,26.03,1.45
10936,26.2,2.93
10937,26.41,1.9
10938,26.0,0.82
10939,26.96,2.9
10940,26.28,1.42
10941,26.88,1.46
10942,27.04,2.93
10943,26.15,1.94
10944,29.35,3.21
10945,27.11,3.61
10946,26.74,1.72
10947,31.16,3.06
10948,26.02,1.65
10949,27.3,5.44
10950,27.42,1.69
10951,26.85,3.35
10952,25.96,3.12
10953,29.69,2.53
10954,26.24,1.7
10955,28.27,2.09
10956,26.73,0.94
10957,29.41,2.43
10958,27.2,2.56
10959,27.97,2.35
10960,33.51,0.68
10961,35.86,1.34
10962,26.52,1.65
10963,25.85,2.5
10964,229.54,2.5
10965,28.15,2.08
10966,28.67,2.87
10967,30.51,1.48
10968,28.07,2.84
10969,26.59,2.69
10970,27.8,2.59
10971,27.9,2.07
10972,25.81,4.63
10973,26.5,2.71
10974,26.21,1.51
10975,27.17,2.46
10976,26.72,3.01
10977,27.27,1.76
10978,28.0,3.44
10979,28.33,2.59
10980,28.18,0.87
10981,29.17,2.51
10982,28.24,1.89
10983,28.08,2.76
10984,26.11,3.25
10985,26.85,2.41
10986,26.45,4.33
10987,25.74,2.07
10988,25.89,2.86
10989,27.53,3.07
10990,27.21,2.14
10991,26.8,3.04
10992,26.51,1.75
10993,28.92,1.88
10994,26.33,1.32
10995,28.73,2.45
10996,28.93,2.53
10997,27.68,3.57
10998,27.3,3.05
10999,29.49,1.99
11000,62.48,1.39
11001,26.97,2.65
11002,29.39,3.47
11003,36.02,3.01
11004,27.1,3.43
11005,29.24,2.04
11006,29.34,1.85
11007,27.6,1.66
11008,30.39,2.18
11009,27.35,2.16
11010,27.1,2.42
11011,29.6,2.11
11012,26.28,2.11
11013,27.91,1.63
11014,26.68,3.24
11015,25.79,2.29
11016,26.43,2.08
11017,32.89,1.65
11018,27.45,1.31
11019,29.2,3.76
11020,28.88,2.78
11021,30.21,1.16
11022,28.28,3.02
11023,26.29,3.22
11024,28.65,2.34
11025,27.1,4.22
11026,25.59,2.43
11027,28.64,1.26
11028,26.61,2.58
11029,27.09,2.45
11030,27.9,1.75
11031,28.6,2.8
11032,29.44,1.14
11033,28.08,3.31
11034,28.67,1.57
11035,28.5,1.5
11036,28.87,2.13
11037,26.19,2.65
11038,26.67,2.38
11039,25.86,1.65
11040,29.28,1.82
11041,26.01,1.41
11042,27.04,2.03
11043,25.28,3.42
11044,28.54,2.22
11045,25.59,3.14
11046,36.74,3.98
11047,31.63,1.76
11048,31.66,2.07
11049,29.92,5.3
11050,29.5,3.97
11051,25.83,1.14
11052,27.52,2.6
11053,26.23,2.23
11054,30.43,3.1
11055,28.63,1.65
11056,31.07,1.59
11057,31.21,1.7
11058,27.15,1.77
11059,29.08,3.08
11060,30.43,1.39
11061,28.96,1.73
11062,107.46,1.09
11063,29.18,3.33
11064,27.03,3.7
11065,27.72,1.95
11066,25.64,1.98
11067,27.48,2.67
11068,28.21,4.01
11069,26.67,2.62
11070,29.01,1.68
11071,28.57,1.16
11072,30.08,1.42
11073,27.84,2.29
11074,28.48,1.71
11075,28.2,2.41
11076,25.85,1.78
11077,30.41,1.46
11078,25.49,1.39
11079,27.22,4.16
11080,26.21,3.18
11081,33.36,4.45
11082,31.21,2.76
11083,27.79,1.87
11084,29.08,3.78
11085,33.08,2.2
11086,32.61,2.43
11087,27.08,2.19
11088,27.08,0.68
11089,27.61,4.23
11090,27.49,2.71
11091,28.11,2.54
11092,26.83,2.17
11093,27.43,2.38
11094,33.33,1.75
11095,25.71,2.85
11096,27.9,1.32
11097,27.03,2.4
11098,27.15,2.79
11099,29.87,2.06
11100,26.63,2.58
11101,27.33,1.5
11102,27.36,1.51
11103,27.75,2.45
11104,27.02,2.92
11105,28.95,1.05
11106,32.96,2.74
11107,40.84,1.79
11108,26.74,2.06
11109,28.38,1.3
11110,27.81,1.58
11111,26.88,3.28
11112,26.92,2.25
11113,28.13,1.91
11114,26.14,2.12
11115,26.4,2.71
11116,26.38,2.65
11117,30.35,2.16
11118,34.24,3.45
11119,27.72,3.28
11120,27.83,2.63
11121,27.68,2.27
11122,26.86,2.89
11123,26.08,2.52
11124,38.71,3.4
11125,33.28,3.19
11126,27.54,1.48
11127,27.66,1.44
11128,25.72,1.68
11129,28.73,3.29
11130,26.82,1.18
11131,27.97,2.61
11132,26.5,2.57
11133,25.98,3.54
11134,26.27,2.39
11135,26.51,1.3
11136,26.97,1.52
11137,41.54,1.39
11138,28.96,1.79
11139,25.88,2.07
11140,26.08,1.4
11141,26.63,4.01
11142,49.38,1.31
11143,30.93,3.81
11144,26.08,3.58
11145,27.53,3.19
11146,26.65,1.69
11147,30.77,2.55
11148,25.95,1.34
11149,26.98,3.2
11150,25.54,2.16
11151,26.6,1.89
11152,43.87,1.36
11153,26.08,0.83
11154,30.57,1.47
11155,26.65,3.47
11156,25.83,1.89
11157,27.12,2.08
11158,29.35,2.89
11159,26.11,4.58
11160,56.01,3.78
11161,28.12,1.51
11162,35.35,1.02
11163,27.48,5.72
11164,27.14,5.52
11165,27.21,2.4
11166,27.33,1.34
11167,29.73,3.27
11168,38.69,2.13
11169,28.28,2.13
11170,29.52,3.18
11171,25.9,2.54
11172,27.83,1.38
11173,28.02,1.95
11174,27.05,2.9
11175,25.79,2.73
11176,26.5,2.47
11177,30.56,3.23
11178,34.35,1.93
11179,34.3,2.39
11180,29.11,0.58
11181,28.7,1.86
11182,26.06,3.02
11183,27.0,1.9
11184,27.44,1.85
11185,27.6,1.47
11186,29.38,3.32
11187,26.34,2.77
11188,26.43,3.1
11189,27.88,1.12
11190,29.19,2.09
11191,28.66,1.99
11192,28.39,1.99
11193,29.55,1.74
11194,26.2,1.94
11195,26.66,3.13
11196,27.11,1.04
11197,25.81,4.53
11198,26.13,2.7
11199,26.65,2.19
11200,25.91,3.2
11201,26.49,1.25
11202,27.03,1.71
11203,28.4,2.12
11204,27.21,3.84
11205,28.75,2.18
11206,30.31,2.66
11207,26.05,1.76
11208,26.69,2.7
11209,26.78,4.35
11210,26.72,3.31
11211,26.96,2.15
11212,28.84,2.92
11213,27.05,2.8
11214,29.01,2.73
11215,25.84,3.47
11216,29.28,3.46
11217,27.43,2.12
11218,28.05,2.88
11219,26.39,1.91
11220,27.41,1.54
11221,31.85,2.0
11222,26.04,2.16
11223,26.66,1.14
11224,25.21,3.14
11225,27.0,0.74
11226,26.5,6.59
11227,30.5,4.06
11228,31.92,2.0
11229,33.07,2.23
11230,25.87,2.51
11231,26.92,1.76
11232,27.11,2.4
11233,26.62,2.1
11234,26.79,2.14
11235,26.68,2.39
11236,27.17,1.32
11237,29.97,2.26
11238,29.26,2.38
11239,28.16,2.34
11240,27.38,2.04
11241,26.13,3.51
11242,26.57,1.93
11243,27.01,2.44
11244,28.77,3.74
11245,26.7,2.16
11246,26.75,2.42
11247,27.49,2.14
11248,28.34,3.65
11249,30.6,2.01
11250,28.9,3.72
11251,26.25,2.14
11252,27.06,1.58
11253,26.94,2.92
11254,28.79,1.97
11255,26.06,2.85
11256,26.86,0.75
11257,28.27,2.23
11258,27.83,1.85
11259,26.28,1.45
11260,28.64,1.78
11261,28.25,1.77
11262,27.08,2.18
11263,26.03,1.29
11264,27.12,2.53
11265,26.98,3.84
11266,28.25,2.49
11267,29.42,3.08
11268,26.37,3.45
11269,27.31,3.65
11270,28.23,4.7
11271,28.54,1.82
11272,27.14,1.67
11273,26.15,3.04
11274,26.95,2.95
11275,27.24,3.04
11276,26.93,4.74
11277,28.46,2.24
11278,27.47,2.64
11279,27.35,1.5
11280,27.91,5.23
11281,31.43,1.95
11282,28.68,1.97
11283,27.51,1.94
11284,26.39,1.72
11285,26.46,1.66
11286,27.97,1.8
11287,26.8,1.29
11288,25.88,1.63
11289,26.09,4.85
11290,26.78,2.99
11291,27.01,3.22
11292,28.34,3.56
11293,29.09,4.64
11294,26.18,1.1
11295,29.28,1.36
11296,30.7,1.61
11297,26.14,1.84
11298,27.0,1.97
11299,29.29,1.86
11300,27.6,2.43
11301,25.96,2.26
11302,25.95,1.67
11303,29.62,0.93
11304,26.76,1.5
11305,28.9,1.79
11306,26.44,2.02
11307,28.47,1.42
11308,59.9,1.83
11309,28.8,1.42
11310,26.78,2.12
11311,25.94,1.45
11312,27.3,1.58
11313,26.96,1.32
11314,28.69,2.09
11315,26.64,1.57
11316,28.38,3.2
11317,29.14,2.62
11318,28.92,2.16
11319,20.26,1.62
11320,26.34,2.59
11321,26.22,2.93
11322,26.13,2.36
11323,26.98,4.23
11324,26.53,2.67
11325,27.91,3.21
11326,29.07,2.35
11327,27.25,2.92
11328,26.35,1.62
11329,28.69,1.85
11330,28.4,2.56
11331,28.08,2.55
11332,27.7,2.73
11333,25.91,3.46
11334,27.3,1.26
11335,25.39,1.51
11336,26.59,2.44
11337,28.39,1.67
11338,29.15,8.59
11339,28.32,2.74
11340,28.5,2.16
11341,29.33,1.81
11342,29.06,1.84
11343,25.95,2.25
11344,27.25,2.33
11345,26.57,1.85
11346,26.96,2.0
11347,27.49,3.81
11348,29.96,3.87
11349,28.31,2.46
11350,29.0,1.3
11351,26.21,2.76
11352,30.21,4.14
11353,27.98,3.85
11354,26.49,2.99
11355,27.24,3.93
11356,27.3,2.27
11357,29.72,2.86
11358,26.5,1.7
11359,27.66,2.5
11360,27.59,3.79
11361,26.24,1.76
11362,31.31,1.58
11363,27.63,2.31
11364,27.15,2.03
11365,26.28,2.89
11366,26.5,1.86
11367,26.92,4.43
11368,25.76,1.33
11369,26.55,3.67
11370,26.31,1.64
11371,26.66,1.09
11372,28.27,2.45
11373,29.03,2.01
11374,27.13,1.43
11375,28.5,1.14
11376,26.2,2.22
11377,26.38,3.29
11378,26.81,2.81
11379,26.92,2.28
11380,25.84,2.7
11381,28.7,2.2
11382,27.79,1.26
11383,29.54,1.26
11384,27.64,2.05
11385,27.9,2.09
11386,26.1,3.13
11387,25.5,3.01
11388,26.23,2.84
11389,25.99,1.99
11390,27.69,1.28
11391,26.13,2.62
11392,27.36,2.75
11393,30.27,0.86
11394,26.92,1.59
11395,29.04,1.69
11396,27.62,2.33
11397,26.65,1.61
11398,27.11,2.19
11399,26.75,2.05
11400,28.75,2.09
11401,26.69,1.67
11402,26.9,1.72
11403,28.31,1.44
11404,27.61,2.59
11405,26.79,2.8
11406,26.11,1.64
11407,26.1,4.09
11408,26.86,1.96
11409,26.96,4.1
11410,27.84,1.72
11411,30.36,0.99
11412,26.34,2.61
11413,28.08,2.46
11414,28.77,2.26
11415,26.61,1.72
11416,28.4,2.19
11417,26.19,1.81
11418,26.31,1.97
11419,26.86,3.12
11420,25.94,2.4
11421,27.31,2.84
11422,27.42,2.03
11423,25.61,1.94
11424,27.57,1.4
11425,28.42,1.92
11426,28.95,0.59
11427,27.32,1.76
11428,26.17,2.15
11429,26.49,2.79
11430,27.11,2.0
11431,26.09,2.56
11432,27.25,0.93
11433,28.3,2.18
11434,25.63,1.14
11435,26.63,1.37
11436,26.97,2.07
11437,27.81,3.71
11438,29.0,2.58
11439,29.93,2.24
11440,28.47,2.21
11441,27.5,1.67
11442,26.22,1.79
11443,25.57,2.64
11444,26.19,1.28
11445,27.19,2.82
11446,26.85,1.91
11447,26.8,3.1
11448,26.0,3.27
11449,27.52,1.14
11450,27.38,1.76
11451,29.18,1.58
11452,28.25,1.08
11453,26.47,1.47
11454,29.62,5.91
11455,29.47,2.84
11456,27.83,4.79
11457,26.28,3.1
11458,26.35,1.65
11459,26.17,1.91
11460,54.1,2.82
11461,27.84,2.65
11462,26.65,1.77
11463,28.49,1.22
11464,29.61,8.29
11465,26.18,2.1
11466,28.0,1.95
11467,28.33,2.33
11468,26.27,2.02
11469,27.3,2.34
11470,26.37,3.72
11471,28.51,2.12
11472,29.96,1.4
11473,27.84,2.09
11474,27.47,1.85
11475,28.37,3.93
11476,26.52,3.56
11477,26.95,2.32
11478,27.03,1.33
11479,28.1,1.36
11480,26.25,2.24
11481,27.04,2.55
11482,28.91,1.92
11483,26.57,1.84
11484,28.9,1.76
11485,26.17,2.2
11486,26.85,0.86
11487,26.61,1.43
11488,26.94,1.73
11489,26.97,3.61
11490,27.67,1.61
11491,27.56,2.39
11492,28.87,2.44
11493,26.76,3.74
11494,28.52,3.69
11495,27.46,2.17
11496,27.07,1.84
11497,27.94,1.71
11498,29.96,2.02
11499,28.76,1.87
11500,29.22,2.78
11501,25.81,2.63
11502,25.98,2.82
11503,25.99,3.68
11504,27.83,4.69
11505,27.51,2.34
11506,27.99,3.45
11507,28.76,1.93
11508,30.85,3.58
11509,29.6,3.4
11510,31.1,3.33
11511,27.6,2.31
11512,26.12,1.7
11513,26.0,1.27
11514,25.93,2.19
11515,26.52,4.11
11516,27.28,1.97
11517,27.62,3.05
11518,27.85,3.12
11519,30.03,1.99
11520,25.97,3.77
11521,26.71,0.7
11522,27.61,1.36
11523,25.86,1.54
11524,27.87,1.6
11525,27.78,2.55
11526,27.96,2.5
11527,28.56,2.61
11528,25.69,2.82
11529,28.3,1.52
11530,26.64,1.37
11531,27.57,2.61
11532,26.8,1.73
11533,27.03,1.19
11534,26.47,3.28
11535,28.4,3.89
11536,29.05,4.15
11537,29.73,2.4
11538,27.81,2.86
11539,28.66,3.85
11540,28.53,1.72
11541,26.96,3.47
11542,25.86,2.48
11543,27.12,3.21
11544,28.07,2.4
11545,28.12,3.74
11546,25.94,2.43
11547,27.37,1.23
11548,25.86,3.98
11549,27.55,1.52
11550,27.71,3.67
11551,27.53,2.15
11552,26.29,3.56
11553,26.73,3.5
11554,26.4,2.64
11555,28.27,2.73
11556,27.09,2.64
11557,26.24,0.99
11558,28.06,2.33
11559,28.41,1.42
11560,27.67,2.38
11561,32.01,1.41
11562,27.24,1.39
11563,26.87,4.23
11564,26.38,3.41
11565,28.07,2.22
11566,25.33,2.4
11567,25.97,2.02
11568,26.59,2.8
11569,25.71,1.7
11570,27.99,3.31
11571,28.28,2.01
11572,30.43,1.88
11573,27.02,2.24
11574,28.65,1.76
11575,28.52,2.54
11576,27.73,1.8
11577,26.27,2.68
11578,27.13,3.62
11579,27.86,1.67
11580,29.5,2.11
11581,29.5,2.68
11582,29.24,1.87
11583,57.3,2.68
11584,27.01,2.78
11585,27.1,3.43
11586,28.14,1.75
11587,28.46,1.53
11588,27.44,1.97
11589,26.21,1.51
11590,28.84,2.79
11591,26.51,1.4
11592,25.33,5.66
11593,25.8,3.74
11594,27.92,2.24
11595,29.03,3.15
11596,26.78,1.16
11597,26.9,6.11
11598,26.79,1.76
11599,26.39,2.12
11600,27.76,1.06
11601,28.94,2.7
11602,28.0,1.43
11603,29.76,2.32
11604,27.94,1.79
11605,26.08,1.45
11606,25.71,1.61
11607,26.11,2.44
11608,26.35,1.33
11609,26.76,1.65
11610,28.99,2.9
11611,28.4,6.3
11612,32.4,2.69
11613,28.85,1.54
11614,29.52,1.92
11615,28.02,2.25
11616,28.74,1.94
11617,26.85,3.19
11618,28.12,2.43
11619,27.34,3.2
11620,27.59,1.96
11621,30.24,3.78
11622,28.26,2.08
11623,27.41,1.51
11624,28.74,5.32
11625,29.7,1.07
11626,27.45,1.66
11627,27.76,1.73
11628,26.59,6.07
11629,25.92,4.58
11630,28.43,4.05
11631,26.71,1.95
11632,27.31,5.87
11633,27.89,2.58
11634,29.44,3.29
11635,29.53,2.39
11636,27.81,2.18
11637,26.55,2.01
11638,26.31,2.05
11639,27.06,2.84
11640,27.9,2.58
11641,25.85,2.2
11642,29.5,4.07
11643,27.43,0.68
11644,28.42,2.73
11645,29.29,2.97
11646,29.75,3.52
11647,28.04,2.17
11648,27.68,2.42
11649,27.41,3.3
11650,29.33,4.04
11651,27.26,1.97
11652,27.1,2.48
11653,26.32,4.36
11654,28.09,0.95
11655,29.47,1.69
11656,28.58,4.0
11657,27.31,3.45
11658,27.06,2.74
11659,26.64,1.86
11660,28.47,1.56
11661,26.21,1.76
11662,27.35,4.13
11663,28.25,1.73
11664,26.25,2.32
11665,27.67,1.65
11666,29.18,3.12
11667,26.83,1.79
11668,27.55,2.14
11669,29.05,1.14
11670,26.43,1.17
11671,27.25,2.23
11672,26.85,1.31
11673,28.62,5.17
11674,27.43,0.98
11675,27.13,1.62
11676,27.38,2.24
11677,28.69,1.92
11678,27.78,1.43
11679,26.97,1.52
11680,27.89,1.5
11681,28.02,1.98
11682,28.62,4.86
11683,28.3,2.3
11684,27.06,3.57
11685,26.36,2.73
11686,25.53,3.47
11687,26.75,0.73
11688,28.46,1.97
11689,27.12,3.75
11690,26.35,1.77
11691,27.82,4.5
11692,26.7,4.03
11693,29.76,1.84
11694,28.31,1.82
11695,28.69,1.48
11696,25.55,1.73
11697,26.39,1.36
11698,26.78,2.64
11699,25.9,1.24
11700,27.87,2.83
11701,27.7,2.86
11702,26.78,1.15
11703,27.09,4.14
11704,27.04,2.73
11705,25.64,3.0
11706,28.41,1.64
11707,26.1,2.85
11708,28.81,3.49
11709,27.21,2.14
11710,25.85,4.96
11711,26.49,2.27
11712,26.92,3.51
11713,26.69,2.5
11714,27.78,2.81
11715,26.74,1.14
11716,26.81,2.58
11717,26.56,1.66
11718,27.98,1.59
11719,26.09,4.47
11720,25.9,2.04
11721,26.94,1.49
11722,27.17,1.93
11723,30.56,1.32
11724,28.58,3.95
11725,26.55,1.68
11726,26.68,2.75
11727,26.59,3.83
11728,26.14,1.82
11729,18.67,2.75
11730,25.75,1.47
11731,28.2,5.92
11732,26.21,3.24
11733,29.6,2.06
11734,28.15,1.63
11735,29.13,2.13
11736,26.96,1.94
11737,50.1,4.86
11738,26.35,1.36
11739,25.7,2.35
11740,27.2,2.21
11741,27.26,2.12
11742,27.22,2.13
11743,27.36,2.12
11744,27.64,3.16
11745,27.45,2.84
11746,28.21,2.63
11747,29.54,0.66
11748,28.74,2.51
11749,27.4,1.15
11750,28.96,2.88
11751,28.27,4.01
11752,25.88,1.54
11753,26.74,2.0
11754,28.08,1.75
11755,26.69,3.65
11756,26.41,2.31
11757,27.59,4.44
11758,25.83,2.63
11759,29.82,2.45
11760,25.99,2.29
11761,26.13,3.09
11762,25.77,1.11
11763,27.15,2.3
11764,28.81,2.16
11765,26.94,2.97
11766,27.01,2.06
11767,27.08,1.47
11768,25.88,2.23
11769,27.59,1.44
11770,28.56,1.03
11771,26.86,2.98
11772,29.23,2.81
11773,27.41,2.68
11774,26.5,3.75
11775,27.4,1.71
11776,25.93,1.26
11777,26.55,2.16
11778,26.23,1.94
11779,25.99,1.59
11780,26.92,2.16
11781,26.78,1.74
11782,27.61,1.07
11783,27.61,1.87
11784,26.5,1.41
11785,28.89,2.44
11786,27.83,1.71
11787,27.56,3.47
11788,27.11,4.23
11789,27.99,2.92
11790,26.54,1.2
11791,27.22,4.06
11792,26.84,4.18
11793,26.15,2.24
11794,28.79,3.78
11795,28.06,1.78
11796,28.98,1.05
11797,27.23,1.64
11798,27.03,4.44
11799,28.06,1.23
11800,27.65,2.23
11801,27.49,2.26
11802,26.6,1.81
11803,26.75,1.86
11804,28.62,2.29
11805,28.59,1.78
11806,29.42,1.26
11807,28.19,2.43
11808,25.91,3.42
11809,27.68,3.15
11810,28.42,1.61
11811,29.11,1.35
11812,30.41,1.99
11813,28.51,4.17
11814,27.65,2.88
11815,29.4,2.95
11816,27.89,3.18
11817,30.33,2.63
11818,28.47,2.34
11819,30.88,2.9
11820,28.51,1.79
11821,25.63,1.26
11822,26.92,2.97
11823,26.55,3.65
11824,25.76,1.42
11825,26.48,3.09
11826,26.41,4.36
11827,25.7,2.22
11828,28.78,1.6
11829,28.49,2.34
11830,29.21,1.79
11831,27.07,1.74
11832,28.39,2.65
11833,26.38,1.17
11834,26.4,1.25
11835,27.07,2.24
11836,28.32,2.21
11837,27.64,2.55
11838,28.06,4.71
11839,28.41,2.32
11840,26.83,2.83
11841,26.81,1.51
11842,25.65,3.03
11843,27.32,1.8
11844,28.05,2.29
11845,28.9,2.13
11846,32.07,3.36
11847,30.77,1.32
11848,27.99,0.89
11849,31.57,2.04
11850,30.02,2.68
11851,28.73,2.37
11852,26.92,3.64
11853,26.64,2.65
11854,31.24,1.78
11855,29.98,0.88
11856,32.31,2.02
11857,29.44,3.36
11858,29.04,1.9
11859,30.36,2.25
11860,30.63,2.63
11861,30.33,1.48
11862,27.88,2.86
11863,28.28,4.28
11864,30.82,2.08
11865,27.61,1.42
11866,28.67,2.17
11867,27.93,0.91
11868,26.23,2.55
11869,28.61,2.67
11870,29.56,4.35
11871,26.78,2.06
11872,58.39,2.62
11873,27.0,1.58
11874,27.64,1.93
11875,28.41,1.21
11876,29.34,2.06
11877,29.47,1.97
11878,26.77,2.51
11879,28.76,1.73
11880,26.0,2.3
11881,27.09,1.95
11882,27.02,1.95
11883,27.48,2.3
11884,26.65,2.26
11885,27.72,3.02
11886,26.69,2.12
11887,29.43,1.93
11888,26.26,2.07
11889,26.06,1.67
11890,26.69,1.93
11891,26.84,5.02
11892,26.75,1.54
11893,25.86,1.99
11894,27.92,1.91
11895,27.39,2.02
11896,25.94,1.95
11897,27.51,2.49
11898,26.63,1.12
11899,27.37,3.37
11900,26.34,2.87
11901,27.46,1.35
11902,26.22,0.9
11903,27.28,1.51
11904,26.66,2.02
11905,25.91,6.25
11906,27.24,2.77
11907,27.01,1.08
11908,26.6,1.69
11909,27.07,2.18
11910,26.68,2.46
11911,26.72,1.32
11912,26.73,2.11
11913,26.53,1.67
11914,27.12,1.43
11915,25.74,2.47
11916,27.69,3.03
11917,26.29,3.12
11918,27.31,2.8
11919,26.59,1.82
11920,26.67,2.96
11921,27.2,2.52
11922,26.05,2.35
11923,26.51,1.74
11924,27.99,1.82
11925,26.7,2.29
11926,26.98,5.91
11927,26.04,2.51
11928,26.32,1.74
11929,27.62,1.6
11930,27.54,1.83
11931,25.76,5.32
11932,28.19,1.9
11933,30.38,3.2
11934,28.02,1.91
11935,27.22,2.47
11936,26.45,3.05
11937,25.47,1.77
11938,25.82,1.72
11939,28.19,4.32
11940,25.26,3.3
11941,26.21,3.05
11942,28.09,3.05
11943,30.64,2.67
11944,29.03,4.99
11945,27.8,2.26
11946,27.6,2.8
11947,26.48,1.25
11948,27.25,1.6
11949,27.18,1.38
11950,26.14,3.7
11951,26.63,0.8
11952,26.86,1.89
11953,27.31,0.67
11954,26.81,1.6
11955,28.43,1.83
11956,26.29,3.87
11957,26.49,2.61
11958,26.19,1.59
11959,27.13,3.41
11960,30.07,2.24
11961,27.4,2.26
11962,27.09,1.38
11963,25.94,1.5
11964,26.27,1.6
11965,27.0,2.27
11966,26.27,2.3
11967,27.06,4.13
11968,25.52,2.6
11969,28.77,0.75
11970,27.19,2.47
11971,28.44,1.25
11972,28.06,1.51
11973,25.95,1.61
11974,26.89,1.71
11975,27.78,1.28
11976,26.05,2.41
11977,26.44,1.27
11978,27.48,2.57
11979,28.1,5.45
11980,27.49,1.31
11981,25.92,1.99
11982,26.92,0.81
11983,31.22,1.97
11984,27.16,2.88
11985,26.87,2.97
11986,26.25,2.3
11987,25.94,3.18
11988,25.46,6.16
11989,26.24,4.41
11990,26.4,1.81
11991,26.22,1.25
11992,26.75,1.89
11993,26.84,1.52
11994,26.34,2.67
11995,31.99,1.39
11996,28.21,2.16
11997,26.61,3.11
11998,27.03,2.14
11999,26.02,1.52
12000,27.61,3.56
12001,26.59,1.05
12002,27.2,1.95
12003,26.54,2.19
12004,26.07,2.24
12005,29.87,2.39
12006,26.2,2.84
12007,30.36,2.19
12008,27.94,1.92
12009,27.24,1.89
12010,28.79,1.74
12011,26.93,3.05
12012,28.33,1.72
12013,27.02,3.12
12014,27.87,2.24
12015,26.83,1.81
12016,25.85,2.85
12017,26.21,1.66
12018,26.81,2.87
12019,26.38,2.42
12020,30.93,1.75
12021,28.67,2.75
12022,26.57,2.77
12023,26.37,3.54
12024,26.33,3.28
12025,52.9,2.71
12026,26.96,1.42
12027,25.91,5.93
12028,27.37,1.27
12029,26.27,3.25
12030,29.74,2.64
12031,26.32,1.39
12032,30.11,2.12
12033,29.85,2.16
12034,28.19,3.75
12035,26.16,1.67
12036,26.79,2.0
12037,26.31,0.87
12038,26.03,4.45
12039,27.34,1.45
12040,26.15,2.54
12041,26.42,2.14
12042,26.51,2.14
12043,27.88,3.08
12044,27.86,4.34
12045,27.9,2.46
12046,28.11,2.89
12047,25.8,2.54
12048,28.08,3.34
12049,26.46,1.85
12050,26.63,3.42
12051,27.02,3.47
12052,26.76,3.43
12053,26.41,1.71
12054,27.09,2.08
12055,28.72,2.45
12056,28.62,1.29
12057,29.09,4.21
12058,29.08,2.21
12059,26.02,2.49
12060,27.78,1.77
12061,27.46,1.31
12062,26.74,1.75
12063,27.48,2.43
12064,27.73,2.91
12065,27.79,2.37
12066,27.88,2.56
12067,29.37,1.94
12068,28.46,2.71
12069,29.3,4.03
12070,28.8,2.95
12071,28.59,3.08
12072,26.44,2.5
12073,26.85,1.22
12074,26.0,1.47
12075,26.48,2.67
12076,27.0,2.22
12077,27.01,2.65
12078,27.87,4.35
12079,30.24,2.98
12080,28.93,3.68
12081,29.11,2.31
12082,27.59,1.61
12083,29.91,2.17
12084,26.52,1.61
12085,26.69,4.15
12086,26.48,3.05
12087,26.93,2.74
12088,28.06,3.65
12089,28.36,0.99
12090,26.12,2.82
12091,28.43,1.32
12092,26.87,2.22
12093,26.26,1.96
12094,26.55,2.9
12095,27.06,2.44
12096,26.92,3.81
12097,26.46,1.75
12098,26.44,2.96
12099,27.25,2.37
12100,25.57,1.16
12101,27.29,1.54
12102,26.9,2.1
12103,27.54,3.47
12104,27.47,2.68
12105,26.55,1.4
12106,28.79,2.1
12107,28.58,4.99
12108,27.77,2.33
12109,28.99,1.95
12110,25.63,2.71
12111,26.77,3.02
12112,26.75,1.85
12113,26.18,2.72
12114,25.88,1.95
12115,29.52,2.97
12116,29.05,2.38
12117,30.59,2.7
12118,26.2,1.64
12119,28.88,1.6
12120,27.14,3.25
12121,26.08,2.16
12122,26.56,2.49
12123,26.69,1.97
12124,26.18,3.19
12125,30.84,1.75
12126,28.2,2.11
12127,30.66,3.05
12128,28.86,3.56
12129,28.28,1.8
12130,27.67,4.87
12131,27.84,2.52
12132,28.1,1.47
12133,25.89,2.58
12134,28.81,1.91
12135,29.39,2.65
12136,26.19,2.19
12137,27.24,2.29
12138,29.93,1.55
12139,29.12,3.31
12140,26.85,1.4
12141,28.44,1.43
12142,26.96,2.58
12143,27.6,4.23
12144,28.02,1.93
12145,28.27,2.95
12146,27.82,3.42
12147,25.78,3.08
12148,26.31,1.97
12149,26.06,1.44
12150,26.95,0.92
12151,27.87,2.0
12152,28.46,3.57
12153,26.43,1.42
12154,28.77,2.94
12155,27.18,1.52
12156,27.22,2.32
12157,28.01,2.95
12158,26.53,1.71
12159,27.05,2.38
12160,26.93,1.89
12161,26.44,2.95
12162,27.54,2.45
12163,28.18,2.28
12164,26.86,4.15
12165,26.64,2.9
12166,27.35,1.69
12167,26.18,2.15
12168,28.71,2.16
12169,28.6,2.3
12170,26.63,6.11
12171,26.44,2.58
12172,26.45,0.99
12173,25.73,1.79
12174,26.85,1.03
12175,27.46,1.95
12176,27.39,1.01
12177,28.1,1.57
12178,31.59,1.21
12179,28.22,2.6
12180,26.07,2.23
12181,29.62,2.51
12182,26.16,2.13
12183,25.68,1.27
12184,26.97,2.73
12185,27.32,4.8
12186,27.69,2.62
12187,28.21,1.88
12188,27.88,1.26
12189,27.67,1.55
12190,26.47,2.67
12191,30.01,3.42
12192,29.17,2.47
12193,27.27,3.06
12194,29.09,2.95
12195,27.46,2.73
12196,25.63,1.71
12197,26.96,2.39
12198,29.51,1.59
12199,28.27,2.24
12200,25.79,2.54
12201,27.05,4.36
12202,31.2,1.32
12203,30.41,2.7
12204,28.4,4.02
12205,26.24,3.01
12206,27.59,3.11
12207,26.11,2.82
12208,25.73,3.74
12209,54.79,1.44
12210,26.99,1.28
12211,26.22,2.22
12212,27.09,0.94
12213,27.21,3.64
12214,27.97,3.63
12215,27.13,1.87
12216,29.97,1.92
12217,27.37,2.16
12218,29.7,2.27
12219,27.89,2.34
12220,27.32,2.78
12221,25.61,2.08
12222,28.76,3.25
12223,26.18,2.66
12224,29.79,1.75
12225,30.42,3.8
12226,27.96,1.29
12227,30.32,2.14
12228,26.35,3.28
12229,17.93,1.67
12230,26.49,2.52
12231,28.23,2.77
12232,27.84,1.58
12233,31.66,2.16
12234,27.26,2.09
12235,29.75,1.78
12236,27.48,5.59
12237,27.91,1.64
12238,27.37,3.33
12239,25.58,1.9
12240,26.92,1.44
12241,25.99,2.32
12242,26.17,2.89
12243,29.3,3.22
12244,30.56,4.16
12245,26.61,7.23
12246,26.37,2.46
12247,27.39,1.71
12248,27.38,2.67
12249,26.43,2.0
12250,29.08,3.22
12251,28.12,1.32
12252,27.08,5.74
12253,27.69,3.13
12254,26.28,1.13
12255,26.63,1.68
12256,30.06,3.08
12257,26.64,3.56
12258,29.89,1.34
12259,28.55,2.96
12260,31.33,1.02
12261,28.49,2.15
12262,28.68,3.47
12263,26.82,1.78
12264,26.07,1.22
12265,27.0,2.36
12266,26.12,1.75
12267,28.54,2.86
12268,26.16,1.56
12269,26.12,1.63
12270,29.13,0.99
12271,29.41,2.38
12272,31.36,2.09
12273,29.98,1.38
12274,26.37,2.4
12275,29.19,3.36
12276,26.38,2.04
12277,26.46,2.48
12278,26.11,2.48
12279,28.16,1.37
12280,28.97,5.07
12281,26.88,1.84
12282,27.33,2.89
12283,29.54,3.03
12284,28.99,2.1
12285,26.47,2.84
12286,26.92,2.46
12287,26.1,1.26
12288,26.54,1.95
12289,30.46,1.74
12290,27.18,1.85
12291,30.73,1.32
12292,28.45,3.49
12293,28.66,4.22
12294,27.79,3.29
12295,27.54,3.7
12296,27.59,1.94
12297,25.48,1.73
12298,26.8,1.63
12299,27.58,2.88
12300,26.04,2.44
12301,28.26,2.16
12302,27.3,3.74
12303,28.13,2.62
12304,27.59,1.59
12305,29.48,1.69
12306,27.51,2.92
12307,28.04,3.38
12308,27.08,2.78
12309,25.62,4.75
12310,27.74,4.28
12311,27.21,2.65
12312,25.84,1.59
12313,27.97,1.32
12314,30.61,1.91
12315,27.95,3.01
12316,29.63,4.62
12317,27.94,2.63
12318,29.82,3.55
12319,27.47,2.02
12320,28.55,2.86
12321,26.66,3.09
12322,27.59,1.01
12323,27.26,1.89
12324,28.7,3.25
12325,28.25,2.48
12326,26.52,1.38
12327,29.55,0.84
12328,29.24,1.92
12329,27.22,2.16
12330,26.68,1.56
12331,25.85,2.36
12332,26.7,2.73
12333,25.85,2.91
12334,28.92,0.87
12335,26.96,1.32
12336,28.37,1.97
12337,27.58,2.8
12338,28.47,2.71
12339,28.17,2.69
12340,28.96,1.91
12341,26.76,1.95
12342,27.2,1.66
12343,28.91,3.03
12344,27.06,1.54
12345,26.96,3.13
12346,26.02,2.42
12347,31.04,2.19
12348,30.92,1.71
12349,27.52,1.29
12350,27.73,1.72
12351,25.78,1.95
12352,58.3,0.86
12353,27.58,2.06
12354,26.36,3.22
12355,26.87,2.79
12356,29.08,1.82
12357,29.56,2.27
12358,29.94,1.78
12359,29.77,2.36
12360,27.84,4.12
12361,26.97,3.28
12362,26.2,2.74
12363,26.83,1.83
12364,26.89,3.0
12365,26.41,1.13
12366,26.97,2.01
12367,27.25,2.81
12368,27.16,2.99
12369,25.72,2.91
12370,28.75,2.5
12371,26.18,2.06
12372,27.89,2.76
12373,27.42,1.52
12374,28.93,1.59
12375,26.03,2.28
12376,26.93,2.39
12377,26.12,1.07
12378,25.7,2.67
12379,27.36,3.03
12380,27.71,2.16
12381,28.21,5.75
12382,26.59,1.69
12383,26.89,1.93
12384,27.17,1.9
12385,28.55,2.16
12386,29.08,1.95
12387,27.34,1.27
12388,28.03,1.79
12389,26.73,2.14
12390,27.48,3.64
12391,28.75,5.37
12392,27.15,3.8
12393,25.82,1.63
12394,17.55,1.68
12395,28.19,2.09
12396,27.46,4.54
12397,27.85,2.08
12398,25.63,1.31
12399,29.14,1.82
12400,26.32,3.01
12401,28.23,2.93
12402,26.85,2.05
12403,25.95,2.93
12404,26.03,0.9
12405,26.93,2.32
12406,27.25,3.14
12407,28.57,1.59
12408,27.7,1.59
12409,27.37,1.05
12410,27.22,4.2
12411,27.26,1.67
12412,26.39,2.45
12413,27.67,2.83
12414,26.71,4.07
12415,28.54,2.09
12416,27.24,1.79
12417,26.43,2.39
12418,27.35,3.72
12419,26.23,2.08
12420,27.24,1.52
12421,25.88,1.2
12422,28.14,1.37
12423,27.08,3.14
12424,28.18,1.96
12425,25.74,1.75
12426,27.17,1.67
12427,28.1,2.3
12428,26.61,2.02
12429,27.25,2.0
12430,28.14,3.82
12431,29.29,4.12
12432,25.68,1.17
12433,29.35,2.54
12434,26.8,1.63
12435,27.41,2.02
12436,25.67,2.52
12437,27.47,2.04
12438,26.55,2.44
12439,25.68,2.91
12440,27.63,2.5
12441,27.56,1.72
12442,26.45,1.73
12443,30.0,1.25
12444,27.72,1.58
12445,28.87,4.88
12446,25.68,1.62
12447,27.71,1.38
12448,25.76,2.53
12449,26.48,2.13
12450,26.32,2.06
12451,27.13,3.91
12452,28.66,2.77
12453,27.56,1.8
12454,26.9,1.88
12455,29.11,1.82
12456,26.76,3.16
12457,26.35,1.97
12458,25.81,1.09
12459,28.16,2.18
12460,26.12,1.2
12461,27.62,5.33
12462,28.46,1.51
12463,26.29,2.09
12464,29.83,2.47
12465,26.8,1.98
12466,28.02,1.98
12467,27.89,2.63
12468,26.53,4.1
12469,25.39,3.03
12470,26.26,4.02
12471,26.37,1.46
12472,26.04,2.53
12473,29.73,2.37
12474,26.5,2.56
12475,29.84,3.86
12476,25.92,2.04
12477,28.13,1.89
12478,25.72,2.76
12479,25.71,1.09
12480,25.84,2.02
12481,25.4,2.11
12482,26.77,1.54
12483,26.1,3.4
12484,27.73,1.46
12485,28.27,2.11
12486,28.57,2.5
12487,29.13,3.82
12488,29.3,2.22
12489,26.6,3.24
12490,26.63,2.95
12491,27.15,2.34
12492,25.96,1.44
12493,28.06,1.25
12494,26.5,2.32
12495,29.34,1.79
12496,28.18,3.21
12497,27.11,3.0
12498,48.43,2.07
12499,26.19,1.4
12500,26.83,2.73
12501,25.73,1.48
12502,25.72,1.64
12503,27.42,1.5
12504,26.35,2.11
12505,28.35,3.55
12506,27.0,2.22
12507,26.29,1.86
12508,27.18,1.21
12509,26.91,2.78
12510,27.07,1.63
12511,29.42,2.33
12512,26.53,1.93
12513,28.02,3.11
12514,27.18,2.09
12515,26.01,2.17
12516,26.7,2.7
12517,28.67,5.17
12518,26.0,3.18
12519,27.85,2.15
12520,27.33,2.23
12521,27.41,1.8
12522,30.68,1.52
12523,26.94,1.78
12524,27.51,1.63
12525,28.47,2.89
12526,27.79,1.45
12527,25.46,3.79
12528,26.33,3.01
12529,25.52,2.24
12530,27.38,2.23
12531,28.54,1.78
12532,28.41,2.48
12533,31.34,3.44
12534,26.77,1.68
12535,28.32,1.21
12536,27.44,2.95
12537,29.85,2.53
12538,27.42,1.42
12539,27.26,1.66
12540,26.56,1.58
12541,27.11,1.67
12542,27.19,1.96
12543,28.15,2.0
12544,27.26,1.72
12545,30.41,1.64
12546,27.23,2.03
12547,28.05,2.38
12548,29.85,1.96
12549,27.25,3.54
12550,26.21,2.73
12551,26.13,1.18
12552,26.55,2.74
12553,27.5,2.84
12554,26.3,1.87
12555,28.54,1.22
12556,28.61,2.23
12557,26.94,2.22
12558,28.61,1.42
12559,29.58,1.25
12560,28.85,2.15
12561,25.7,2.03
12562,26.87,1.88
12563,26.0,2.15
12564,29.09,1.43
12565,26.98,1.87
12566,27.4,2.75
12567,29.31,1.93
12568,29.65,1.14
12569,26.39,1.84
12570,28.91,1.45
12571,27.37,2.48
12572,27.26,2.53
12573,28.45,1.15
12574,26.24,3.02
12575,26.74,1.43
12576,27.85,4.15
12577,29.86,2.18
12578,26.54,1.35
12579,26.95,1.41
12580,26.75,2.56
12581,30.8,1.9
12582,26.42,2.14
12583,27.17,4.24
12584,25.83,1.68
12585,26.9,2.28
12586,26.43,3.93
12587,27.61,2.48
12588,26.19,1.17
12589,26.71,2.72
12590,27.69,1.4
12591,26.59,3.91
12592,29.4,1.6
12593,27.36,7.3
12594,30.13,4.0
12595,30.43,1.62
12596,27.79,2.24
12597,26.66,3.01
12598,29.86,3.04
12599,26.52,2.66
12600,26.11,3.67
12601,29.81,2.12
12602,27.34,1.92
12603,29.76,1.94
12604,29.86,3.14
12605,28.14,2.58
12606,26.33,2.5
12607,26.92,3.06
12608,27.84,0.98
12609,26.46,2.52
12610,27.29,2.43
12611,27.7,4.34
12612,28.38,1.21
12613,28.04,4.15
12614,30.08,2.29
12615,25.69,2.71
12616,27.53,4.35
12617,26.67,2.79
12618,26.78,2.61
12619,25.96,2.45
12620,26.04,1.83
12621,29.04,2.2
12622,26.0,1.67
12623,27.15,2.19
12624,27.91,0.87
12625,25.59,2.64
12626,27.37,2.12
12627,27.84,1.95
12628,26.47,2.43
12629,27.38,1.25
12630,28.28,4.81
12631,27.38,2.14
12632,28.06,2.1
12633,27.5,1.51
12634,26.36,2.25
12635,26.74,3.88
12636,27.29,3.37
12637,26.98,3.13
12638,58.73,2.77
12639,27.48,1.93
12640,28.27,1.25
12641,27.34,2.05
12642,27.37,2.03
12643,27.45,3.39
12644,26.96,2.52
12645,27.37,4.24
12646,27.18,3.59
12647,26.32,1.85
12648,27.55,1.09
12649,28.66,3.87
12650,26.89,3.83
12651,26.8,1.29
12652,25.71,4.07
12653,27.45,2.59
12654,26.46,2.37
12655,27.76,4.25
12656,29.06,3.81
12657,26.77,2.89
12658,26.64,2.69
12659,25.66,2.85
12660,28.78,1.9
12661,25.93,2.18
12662,26.64,1.55
12663,26.26,1.95
12664,26.63,1.92
12665,27.47,1.73
12666,26.88,2.35
12667,27.2,1.96
12668,29.07,2.72
12669,27.77,1.16
12670,31.71,2.13
12671,27.09,2.35
12672,27.29,1.97
12673,26.81,2.08
12674,26.33,1.18
12675,28.89,2.57
12676,27.85,2.88
12677,27.23,2.71
12678,25.76,3.37
12679,27.52,2.41
12680,27.2,2.7
12681,26.82,2.37
12682,26.14,2.93
12683,27.79,1.18
12684,26.22,1.56
12685,25.8,4.2
12686,26.19,0.83
12687,25.85,2.1
12688,27.55,3.56
12689,26.35,2.14
12690,27.89,1.89
12691,29.69,2.34
12692,28.37,1.93
12693,28.52,2.25
12694,27.15,1.69
12695,26.68,3.47
12696,26.95,3.93
12697,26.47,2.11
12698,26.62,1.28
12699,29.89,1.8
12700,26.04,2.07
12701,27.93,2.72
12702,31.67,1.49
12703,26.6,1.64
12704,27.83,2.73
12705,26.52,3.24
12706,28.21,1.74
12707,26.96,1.31
12708,29.01,8.28
12709,25.37,3.04
12710,27.37,2.0
12711,26.97,3.15
12712,27.78,2.12
12713,29.26,3.15
12714,29.89,2.37
12715,30.8,2.31
12716,26.41,2.13
12717,26.77,1.25
12718,25.95,4.83
12719,26.21,1.53
12720,27.25,1.29
12721,25.58,2.04
12722,26.52,1.51
12723,26.53,2.18
12724,29.23,2.93
12725,25.96,3.31
12726,28.68,3.08
12727,26.91,1.97
12728,30.86,2.27
12729,26.84,2.62
12730,26.63,1.1
12731,26.55,2.8
12732,26.14,1.24
12733,27.05,5.03
12734,27.73,1.89
12735,35.92,2.07
12736,32.48,1.64
12737,26.88,1.73
12738,27.86,5.53
12739,29.04,3.24
12740,26.35,1.2
12741,28.51,4.06
12742,26.89,3.59
12743,27.97,1.99
12744,27.61,2.52
12745,26.42,2.21
12746,27.01,4.9
12747,26.76,1.62
12748,26.83,2.36
12749,28.75,1.88
12750,28.32,1.25
12751,30.73,5.35
12752,29.31,1.39
12753,28.44,2.43
12754,28.12,1.11
12755,26.88,1.9
12756,26.43,2.63
12757,27.37,1.6
12758,27.97,2.81
12759,27.46,2.0
12760,26.98,3.54
12761,26.78,3.84
12762,26.11,1.76
12763,26.33,2.29
12764,28.4,2.39
12765,26.4,2.85
12766,26.1,2.24
12767,28.41,2.4
12768,25.49,2.02
12769,28.5,2.33
12770,29.42,3.74
12771,27.14,2.88
12772,28.91,2.95
12773,26.94,2.97
12774,27.13,2.09
12775,26.67,2.53
12776,27.1,1.44
12777,27.22,3.7
12778,26.15,0.73
12779,29.25,2.15
12780,27.04,3.51
12781,28.44,1.29
12782,26.53,2.61
12783,27.26,1.7
12784,28.84,1.92
12785,28.27,3.25
12786,27.02,2.41
12787,25.89,0.99
12788,25.89,1.51
12789,27.41,3.29
12790,28.67,2.66
12791,26.0,4.48
12792,28.65,4.36
12793,52.08,1.94
12794,27.83,6.06
12795,28.06,2.25
12796,29.75,1.51
12797,28.21,1.73
12798,28.16,0.9
12799,26.94,4.23
12800,27.5,4.21
12801,26.87,1.48
12802,25.34,2.03
12803,26.85,2.31
12804,26.6,1.52
12805,29.83,1.1
12806,27.57,2.05
12807,30.9,1.96
12808,27.42,1.91
12809,27.62,2.43
12810,26.17,3.94
12811,26.37,1.97
12812,27.05,2.38
12813,28.08,2.98
12814,28.14,2.78
12815,26.01,1.74
12816,27.82,2.31
12817,29.49,2.77
12818,27.79,1.42
12819,26.93,3.69
12820,26.5,3.95
12821,27.88,1.67
12822,28.38,2.4
12823,26.65,2.88
12824,26.65,1.79
12825,27.03,2.7
12826,26.87,2.38
12827,25.91,1.24
12828,26.15,2.67
12829,28.19,1.43
12830,26.64,3.24
12831,28.27,1.7
12832,29.96,2.09
12833,26.65,3.85
12834,28.85,2.71
12835,25.79,1.45
12836,26.42,1.48
12837,27.03,1.75
12838,27.2,2.61
12839,26.64,2.57
12840,26.83,1.59
12841,29.75,1.4
12842,27.9,2.49
12843,27.73,2.07
12844,26.41,5.27
12845,27.64,2.26
12846,27.49,4.6
12847,28.99,1.39
12848,28.76,1.19
12849,28.71,1.42
12850,30.2,3.58
12851,27.65,4.49
12852,27.28,1.63
12853,28.02,1.85
12854,31.08,1.39
12855,31.38,1.08
12856,27.35,2.97
12857,26.99,2.43
12858,28.1,2.23
12859,26.88,1.27
12860,26.7,4.29
12861,29.37,1.82
12862,28.7,2.76
12863,29.74,1.24
12864,31.06,2.06
12865,29.2,2.5
12866,27.12,2.54
12867,28.7,2.37
12868,29.45,2.71
12869,27.49,1.42
12870,26.64,2.41
12871,27.84,2.33
12872,29.66,2.44
12873,30.59,2.29
12874,25.96,1.34
12875,27.07,1.31
12876,27.14,0.92
12877,29.95,3.09
12878,28.42,3.1
12879,26.69,3.12
12880,26.59,2.52
12881,28.74,0.95
12882,29.98,1.48
12883,26.76,2.38
12884,28.32,2.35
12885,28.05,2.04
12886,26.8,2.58
12887,26.9,2.24
12888,28.66,2.34
12889,29.82,1.72
12890,26.54,3.3
12891,28.8,1.87
12892,30.07,1.31
12893,29.55,1.63
12894,29.18,1.94
12895,29.7,3.31
12896,29.21,2.19
12897,30.28,2.07
12898,29.59,1.35
12899,27.59,3.05
12900,26.77,1.71
12901,27.42,2.14
12902,27.36,4.02
12903,30.72,2.73
12904,28.42,1.16
12905,26.64,1.1
12906,26.6,2.17
12907,28.57,1.37
12908,27.04,2.88
12909,31.53,2.26
12910,27.52,2.38
12911,27.84,1.68
12912,28.28,4.47
12913,29.44,6.94
12914,29.97,1.99
12915,26.06,2.56
12916,32.0,2.31
12917,29.28,2.01
12918,26.49,1.6
12919,26.51,1.44
12920,31.42,1.41
12921,30.28,2.62
12922,30.2,1.81
12923,19.52,0.79
12924,27.24,2.66
12925,26.44,2.19
12926,26.98,3.81
12927,29.19,2.58
12928,36.54,1.23
12929,27.54,0.91
12930,29.39,1.67
12931,26.87,1.73
12932,27.49,3.25
12933,28.7,2.22
12934,29.82,3.5
12935,26.51,1.31
12936,28.41,3.27
12937,29.22,2.97
12938,27.2,0.99
12939,27.95,3.78
12940,29.19,2.31
12941,29.77,2.6
12942,31.04,1.57
12943,33.45,3.71
12944,30.64,1.38
12945,26.48,3.1
12946,27.28,3.09
12947,28.87,1.51
12948,28.52,4.92
12949,26.57,2.44
12950,27.63,2.89
12951,29.14,1.21
12952,30.18,5.19
12953,32.28,1.36
12954,26.59,3.35
12955,63.5,1.49
12956,26.56,1.74
12957,29.33,3.05
12958,29.11,3.36
12959,30.12,1.34
12960,25.88,3.44
12961,29.99,3.38
12962,27.6,1.53
12963,30.83,4.22
12964,36.28,1.24
12965,28.09,1.73
12966,27.13,2.7
12967,29.19,1.58
12968,31.12,2.47
12969,29.97,2.45
12970,30.63,2.07
12971,28.29,3.1
12972,30.68,2.03
12973,27.87,2.44
12974,28.49,3.52
12975,29.92,3.05
12976,27.52,3.05
12977,26.93,1.41
12978,25.96,2.75
12979,26.75,1.57
12980,29.63,1.33
12981,28.55,2.16
12982,28.09,1.55
12983,26.89,3.05
12984,27.68,3.08
12985,26.14,1.04
12986,26.61,1.6
12987,28.32,1.24
12988,31.17,1.85
12989,29.13,2.67
12990,29.73,2.02
12991,29.01,1.76
12992,27.26,3.74
12993,27.43,0.89
12994,27.28,3.65
12995,26.01,1.79
12996,27.71,2.16
12997,28.22,1.8
12998,30.52,4.13
12999,28.49,1.36
13000,34.44,2.24
13001,27.75,2.75
13002,30.05,1.17
13003,32.41,1.54
13004,27.42,2.1
13005,26.48,1.56
13006,27.56,1.61
13007,27.22,1.93
13008,28.51,2.89
13009,27.61,1.94
13010,28.24,3.43
13011,30.74,1.49
13012,27.55,1.35
13013,26.14,4.81
13014,27.17,1.71
13015,28.24,1.32
13016,28.74,1.11
13017,26.9,3.42
13018,26.77,1.94
13019,28.85,2.01
13020,28.23,2.09
13021,28.08,3.34
13022,30.62,2.07
13023,26.78,5.68
13024,26.24,2.35
13025,26.91,3.4
13026,33.09,3.07
13027,30.44,2.19
13028,28.47,1.76
13029,26.49,2.54
13030,26.55,2.73
13031,28.43,1.77
13032,26.97,2.38
13033,27.64,3.65
13034,28.3,5.09
13035,26.58,3.13
13036,31.81,4.69
13037,27.11,1.73
13038,28.72,2.95
13039,29.65,3.8
13040,29.83,1.55
13041,28.21,1.83
13042,27.84,4.46
13043,27.78,1.51
13044,25.79,1.3
13045,26.24,4.1
13046,29.12,3.59
13047,27.38,2.65
13048,28.62,2.19
13049,26.51,1.87
13050,26.77,2.49
13051,25.81,4.19
13052,28.95,2.45
13053,25.87,5.3
13054,27.46,1.55
13055,28.41,2.21
13056,32.15,1.92
13057,28.0,1.44
13058,30.06,2.09
13059,27.6,2.63
13060,30.86,2.74
13061,27.7,5.3
13062,28.79,2.68
13063,28.43,3.53
13064,27.73,2.29
13065,25.89,4.35
13066,28.41,5.81
13067,28.03,2.75
13068,28.86,1.5
13069,27.06,1.79
13070,29.45,2.49
13071,26.29,2.67
13072,29.89,2.94
13073,40.75,2.68
13074,35.66,2.23
13075,26.24,1.73
13076,26.1,2.61
13077,26.21,4.67
13078,28.67,3.35
13079,27.11,2.76
13080,32.55,3.36
13081,28.15,1.92
13082,27.88,1.82
13083,27.47,1.65
13084,26.61,2.12
13085,28.31,1.88
13086,26.82,3.61
13087,26.08,1.84
13088,27.98,1.61
13089,26.22,4.84
13090,26.86,1.86
13091,29.56,2.37
13092,26.9,2.67
13093,25.86,1.41
13094,25.62,3.65
13095,29.69,2.87
13096,29.45,4.15
13097,30.24,1.7
13098,29.57,2.32
13099,27.18,2.26
13100,26.82,2.47
13101,28.29,1.24
13102,26.62,2.33
13103,30.07,1.26
13104,26.67,2.57
13105,27.15,0.95
13106,26.85,1.06
13107,26.28,3.09
13108,26.98,1.79
13109,28.28,1.5
13110,27.52,3.7
13111,26.32,2.54
13112,27.82,3.15
13113,26.49,2.08
13114,25.98,6.5
13115,28.93,1.75
13116,26.72,4.47
13117,26.22,2.17
13118,27.85,1.15
13119,26.14,2.7
13120,26.68,2.52
13121,27.73,1.46
13122,57.39,1.54
13123,26.43,2.2
13124,27.97,2.56
13125,26.54,0.83
13126,27.32,3.39
13127,27.07,1.83
13128,26.57,1.31
13129,26.77,3.24
13130,26.05,2.2
13131,25.98,3.62
13132,26.17,2.65
13133,25.93,2.22
13134,27.36,2.09
13135,27.23,2.7
13136,28.4,1.89
13137,26.04,1.58
13138,26.86,2.84
13139,28.35,2.1
13140,27.62,2.26
13141,27.53,3.44
13142,27.19,2.13
13143,27.68,2.24
13144,26.41,1.75
13145,28.47,2.64
13146,30.89,2.56
13147,28.0,3.19
13148,27.97,1.77
13149,27.57,1.85
13150,26.5,3.06
13151,26.21,2.46
13152,28.31,1.55
13153,27.8,3.75
13154,27.26,1.13
13155,28.7,3.05
13156,26.21,1.34
13157,27.33,4.73
13158,26.27,1.2
13159,26.8,3.53
13160,27.42,2.15
13161,26.36,1.92
13162,28.1,2.4
13163,26.59,2.87
13164,28.34,1.55
13165,28.35,1.61
13166,26.07,2.89
13167,26.61,1.12
13168,27.6,1.76
13169,26.57,7.51
13170,28.31,1.51
13171,26.94,3.52
13172,27.57,1.76
13173,28.28,2.73
13174,27.96,2.89
13175,27.62,3.5
13176,28.23,2.05
13177,26.47,4.93
13178,26.27,1.76
13179,26.7,2.44
13180,27.04,2.45
13181,27.18,1.42
13182,26.74,1.99
13183,26.51,2.37
13184,28.02,1.87
13185,26.89,5.91
13186,27.39,1.59
13187,27.12,3.57
13188,29.33,3.13
13189,27.61,2.21
13190,26.36,1.57
13191,27.02,1.64
13192,26.18,1.81
13193,26.31,1.09
13194,26.84,1.49
13195,28.36,1.23
13196,26.97,3.81
13197,26.2,2.85
13198,26.48,3.05
13199,29.42,2.82
13200,25.44,2.38
13201,26.49,3.99
13202,29.07,1.74
13203,27.23,2.32
13204,27.86,3.0
13205,26.65,1.31
13206,28.12,7.68
13207,28.36,2.25
13208,26.8,2.36
13209,28.65,3.68
13210,27.41,3.21
13211,26.97,2.26
13212,29.59,2.34
13213,27.73,1.22
13214,27.18,1.78
13215,26.73,2.74
13216,27.1,2.66
13217,26.03,3.63
13218,27.61,2.12
13219,27.45,1.28
13220,26.83,3.4
13221,25.48,3.95
13222,26.84,3.19
13223,27.03,2.08
13224,27.12,3.38
13225,28.26,8.77
13226,27.55,2.33
13227,28.02,1.32
13228,26.84,1.76
13229,26.38,2.86
13230,28.26,1.17
13231,28.57,2.38
13232,26.77,2.59
13233,26.43,4.11
13234,26.26,3.76
13235,29.33,3.15
13236,26.43,0.94
13237,26.63,3.22
13238,27.41,2.95
13239,27.7,2.47
13240,27.22,1.11
13241,27.36,1.63
13242,27.53,1.4
13243,27.43,0.99
13244,27.32,2.22
13245,30.85,1.62
13246,28.49,6.36
13247,26.58,2.08
13248,28.22,3.73
13249,26.27,1.19
13250,27.69,1.8
13251,27.27,2.31
13252,27.35,1.55
13253,26.48,1.88
13254,27.6,2.04
13255,29.33,2.03
13256,28.82,4.67
13257,26.43,2.59
13258,26.57,2.7
13259,27.65,2.76
13260,25.98,2.84
13261,28.66,2.15
13262,27.02,1.96
13263,26.32,2.38
13264,28.21,3.54
13265,27.17,3.49
13266,26.58,2.02
13267,25.99,3.03
13268,27.33,2.06
13269,27.11,2.26
13270,29.46,1.84
13271,26.18,2.07
13272,27.26,3.81
13273,26.28,2.31
13274,27.75,2.35
13275,57.39,1.25
13276,27.65,1.97
13277,26.21,2.02
13278,26.27,1.6
13279,28.14,2.24
13280,27.08,1.87
13281,28.04,2.3
13282,25.82,2.34
13283,27.55,1.52
13284,30.79,1.9
13285,25.58,2.3
13286,29.98,3.57
13287,27.69,2.47
13288,26.55,1.71
13289,25.78,2.61
13290,25.61,4.41
13291,27.86,3.21
13292,26.78,2.77
13293,26.11,2.97
13294,27.86,3.96
13295,26.2,3.42
13296,27.41,2.79
13297,31.3,3.41
13298,26.78,1.44
13299,27.57,1.22
13300,28.81,2.37
13301,31.44,2.29
13302,26.06,1.79
13303,26.81,3.1
13304,28.07,1.06
13305,26.68,1.8
13306,28.07,1.83
13307,28.45,1.16
13308,27.32,4.05
13309,29.38,1.29
13310,28.55,1.76
13311,29.57,3.2
13312,26.4,2.88
13313,28.21,1.43
13314,26.43,2.92
13315,26.89,2.5
13316,26.37,5.66
13317,25.94,2.62
13318,26.94,2.1
13319,26.4,1.58
13320,27.21,1.65
13321,26.0,1.6
13322,27.95,3.85
13323,28.27,2.24
13324,26.95,2.79
13325,27.11,4.08
13326,27.05,0.87
13327,26.04,3.71
13328,28.41,2.28
13329,26.63,2.65
13330,27.21,1.6
13331,26.35,1.65
13332,26.56,2.71
13333,27.16,5.78
13334,28.62,3.32
13335,29.19,3.69
13336,27.94,2.06
13337,27.98,1.75
13338,27.64,1.63
13339,28.07,1.83
13340,26.8,0.98
13341,26.43,1.67
13342,28.58,1.78
13343,27.06,2.07
13344,26.48,2.35
13345,27.34,2.57
13346,28.97,2.21
13347,27.91,1.76
13348,27.31,1.01
13349,26.52,1.77
13350,27.82,1.51
13351,27.2,2.68
13352,26.23,3.2
13353,25.84,3.24
13354,27.33,3.01
13355,26.63,2.11
13356,27.18,1.81
13357,28.57,1.65
13358,27.55,1.22
13359,26.82,3.31
13360,27.97,2.08
13361,26.56,1.35
13362,25.64,1.6
13363,27.5,1.57
13364,28.33,2.26
13365,25.95,3.41
13366,27.49,1.94
13367,26.87,0.9
13368,29.0,2.06
13369,26.1,2.09
13370,27.48,2.03
13371,28.09,1.73
13372,27.18,2.43
13373,27.16,2.29
13374,27.51,2.2
13375,26.64,2.62
13376,18.15,1.87
13377,26.13,1.83
13378,25.9,3.87
13379,26.57,2.78
13380,26.09,3.1
13381,27.73,3.63
13382,29.32,2.75
13383,26.67,3.23
13384,25.85,1.18
13385,29.62,2.41
13386,26.15,2.07
13387,26.31,4.35
13388,26.93,3.23
13389,26.04,1.73
13390,26.8,2.58
13391,26.55,2.38
13392,26.55,2.67
13393,27.24,1.48
13394,26.45,2.57
13395,30.35,2.03
13396,27.64,2.49
13397,28.53,1.67
13398,25.75,1.76
13399,27.04,3.56
13400,27.55,1.46
13401,28.26,1.51
13402,26.74,2.18
13403,27.58,1.63
13404,27.0,1.56
13405,25.56,2.32
13406,26.97,1.22
13407,29.09,1.49
13408,27.32,5.06
13409,26.04,2.67
13410,26.22,1.65
13411,53.12,2.63
13412,26.23,2.79
13413,27.7,3.31
13414,26.46,2.12
13415,26.19,3.29
13416,26.54,0.98
13417,27.43,1.46
13418,25.98,2.38
13419,26.93,2.54
13420,26.57,1.55
13421,26.34,2.47
13422,29.55,1.73
13423,26.09,1.99
13424,26.19,3.35
13425,26.72,3.2
13426,27.16,1.49
13427,27.41,1.46
13428,26.08,1.89
13429,26.77,2.2
13430,26.76,1.71
13431,27.36,3.37
13432,26.12,2.56
13433,29.87,2.62
13434,26.53,1.34
13435,26.74,3.55
13436,26.19,0.72
13437,27.82,3.11
13438,26.56,3.23
13439,25.83,1.87
13440,25.78,3.7
13441,26.44,2.17
13442,28.7,2.28
13443,27.26,2.55
13444,27.33,7.96
13445,25.73,3.81
13446,26.4,2.95
13447,26.44,1.54
13448,27.45,2.36
13449,29.41,1.61
13450,27.54,3.09
13451,26.93,2.35
13452,26.92,1.42
13453,28.39,2.3
13454,26.48,1.58
13455,26.63,2.36
13456,26.34,1.58
13457,29.75,2.25
13458,28.31,3.0
13459,27.91,2.18
13460,26.53,1.9
13461,26.58,2.41
13462,26.55,2.94
13463,27.47,1.43
13464,26.48,2.47
13465,25.75,3.77
13466,25.84,2.8
13467,28.86,2.28
13468,27.89,2.87
13469,27.68,2.67
13470,27.8,3.01
13471,28.57,0.99
13472,29.52,1.2
13473,27.09,3.33
13474,26.45,1.22
13475,26.68,2.61
13476,28.24,1.93
13477,26.51,1.49
13478,27.18,2.56
13479,27.38,2.41
13480,27.38,5.18
13481,26.07,1.73
13482,26.52,3.96
13483,27.41,2.56
13484,26.52,1.71
13485,25.78,3.06
13486,26.73,2.79
13487,27.61,2.26
13488,28.61,2.48
13489,28.62,1.75
13490,29.26,1.6
13491,30.19,3.02
13492,27.21,2.03
13493,27.06,2.16
13494,18.59,2.49
13495,28.39,2.47
13496,26.76,1.26
13497,26.57,3.72
13498,26.87,2.34
13499,26.85,2.05
13500,30.55,2.64
13501,29.87,2.45
13502,29.53,3.02
13503,26.68,2.76
13504,26.57,2.97
13505,27.42,3.82
13506,27.71,3.17
13507,28.76,2.09
13508,26.91,1.42
13509,26.09,4.34
13510,26.3,2.02
13511,27.64,1.84
13512,28.35,1.11
13513,26.28,2.55
13514,30.45,2.36
13515,28.56,1.21
13516,26.13,2.67
13517,26.13,1.82
13518,26.29,6.53
13519,28.02,1.77
13520,28.05,1.87
13521,26.2,1.57
13522,26.95,3.71
13523,28.63,1.92
13524,29.52,1.67
13525,27.03,2.95
13526,26.68,1.28
13527,26.51,2.86
13528,26.39,4.54
13529,26.71,2.79
13530,30.0,2.87
13531,26.74,3.15
13532,26.98,4.41
13533,27.73,3.61
13534,30.44,2.65
13535,27.59,3.19
13536,26.54,1.56
13537,27.15,3.04
13538,28.1,1.49
13539,28.5,1.92
13540,28.23,0.65
13541,27.49,2.61
13542,28.16,1.72
13543,26.25,3.47
13544,30.32,2.6
13545,26.02,3.49
13546,26.89,1.44
13547,26.34,3.37
13548,26.7,5.17
13549,26.67,3.02
13550,25.72,3.05
13551,26.95,2.38
13552,27.12,1.8
13553,26.73,3.02
13554,29.1,1.22
13555,29.05,1.88
13556,28.21,1.1
13557,28.03,1.68
13558,27.47,2.88
13559,27.93,2.72
13560,27.09,2.27
13561,27.42,2.38
13562,27.2,1.05
13563,26.81,1.92
13564,32.81,1.69
13565,27.6,1.71
13566,26.43,2.83
13567,28.32,1.58
13568,26.75,1.75
13569,28.02,0.97
13570,27.13,1.98
13571,29.19,1.44
13572,27.04,2.3
13573,25.87,1.52
13574,62.65,2.32
13575,26.16,2.1
13576,25.99,4.34
13577,26.88,2.72
13578,27.79,1.07
13579,26.99,1.34
13580,26.22,2.28
13581,27.52,1.53
13582,29.26,0.68
13583,28.53,3.82
13584,27.19,2.97
13585,26.89,2.74
13586,26.58,1.75
13587,26.58,2.64
13588,26.97,1.68
13589,25.77,2.42
13590,26.96,1.54
13591,27.62,4.08
13592,28.67,1.19
13593,26.68,3.64
13594,28.86,2.26
13595,27.13,1.83
13596,28.82,2.38
13597,27.94,2.98
13598,26.21,3.84
13599,27.39,2.52
13600,25.45,1.56
13601,27.34,2.28
13602,26.57,4.6
13603,27.15,3.82
13604,26.92,3.2
13605,26.59,3.06
13606,27.16,2.94
13607,26.16,3.54
13608,25.86,1.85
13609,27.23,1.29
13610,26.57,2.29
13611,27.78,1.6
13612,27.27,1.46
13613,29.15,1.67
13614,26.67,6.01
13615,27.23,2.35
13616,26.87,2.57
13617,29.06,1.36
13618,27.77,1.06
13619,27.59,1.6
13620,27.44,3.96
13621,27.12,2.54
13622,26.38,2.83
13623,28.27,2.99
13624,28.11,1.76
13625,26.12,3.88
13626,26.26,1.73
13627,28.02,3.91
13628,27.55,2.66
13629,28.79,1.09
13630,28.11,1.65
13631,27.22,1.09
13632,30.92,3.54
13633,26.71,2.2
13634,26.86,0.91
13635,27.51,2.59
13636,28.21,1.8
13637,27.86,1.23
13638,27.47,4.35
13639,28.51,2.32
13640,26.93,1.98
13641,25.94,1.9
13642,27.33,1.21
13643,26.72,1.32
13644,28.08,3.72
13645,27.64,1.84
13646,30.7,2.25
13647,28.41,0.98
13648,27.67,1.31
13649,27.73,2.84
13650,28.02,2.59
13651,26.66,4.49
13652,27.79,3.81
13653,29.0,2.03
13654,28.28,2.69
13655,26.53,1.96
13656,29.3,5.06
13657,26.94,3.52
13658,26.14,2.38
13659,27.85,2.41
13660,26.7,3.97
13661,28.36,2.81
13662,26.69,4.15
13663,27.18,0.93
13664,26.19,2.68
13665,29.77,1.81
13666,26.54,4.49
13667,26.09,4.13
13668,26.26,2.25
13669,26.72,4.11
13670,26.66,4.54
13671,27.85,2.29
13672,27.46,5.98
13673,26.28,2.2
13674,26.41,2.04
13675,26.89,3.15
13676,26.19,1.93
13677,29.47,2.3
13678,26.41,3.91
13679,26.45,2.24
13680,26.79,1.13
13681,26.8,2.58
13682,27.99,1.68
13683,26.6,3.15
13684,27.9,2.94
13685,27.36,4.01
13686,26.81,3.2
13687,26.34,3.44
13688,27.99,1.7
13689,29.18,3.07
13690,28.89,4.89
13691,27.45,1.69
13692,26.77,4.57
13693,26.51,1.79
13694,26.72,1.58
13695,26.22,2.51
13696,27.86,2.96
13697,26.42,3.2
13698,28.8,1.51
13699,26.2,2.65
13700,28.06,1.69
13701,28.05,1.23
13702,30.82,1.53
13703,26.52,1.65
13704,26.22,2.74
13705,27.1,3.53
13706,26.87,1.23
13707,26.23,2.56
13708,26.08,1.39
13709,27.11,2.86
13710,26.99,1.73
13711,27.91,1.46
13712,26.19,3.06
13713,28.43,1.76
13714,27.31,1.96
13715,26.77,0.92
13716,28.68,3.25
13717,27.17,3.09
13718,28.34,2.23
13719,26.6,1.21
13720,27.32,3.61
13721,28.41,1.7
13722,49.35,1.86
13723,26.64,5.61
13724,26.18,1.68
13725,27.47,2.99
13726,27.66,2.79
13727,27.24,2.6
13728,25.9,2.49
13729,26.64,2.59
13730,26.02,2.48
13731,28.33,2.18
13732,29.79,4.07
13733,29.68,1.32
13734,29.33,3.35
13735,27.41,3.09
13736,27.23,2.94
13737,27.28,3.48
13738,28.56,2.14
13739,26.72,1.05
13740,26.63,2.16
13741,26.73,1.5
13742,28.3,1.66
13743,25.94,1.35
13744,28.87,1.84
13745,28.48,1.75
13746,27.47,0.86
13747,28.72,2.94
13748,26.67,5.41
13749,26.08,2.84
13750,27.6,2.05
13751,26.77,2.18
13752,27.83,1.88
13753,26.99,2.31
13754,28.22,2.19
13755,26.73,1.59
13756,27.78,4.36
13757,27.75,1.23
13758,28.91,2.97
13759,27.92,2.14
13760,27.1,4.76
13761,27.9,2.55
13762,26.06,1.93
13763,28.58,2.02
13764,26.23,2.26
13765,28.96,1.41
13766,25.67,1.64
13767,26.97,1.09
13768,28.65,1.54
13769,25.74,2.31
13770,28.28,2.51
13771,25.93,1.01
13772,28.6,2.11
13773,27.39,2.79
13774,28.32,2.09
13775,25.98,1.73
13776,25.75,1.89
13777,26.16,1.79
13778,27.51,1.73
13779,27.99,2.39
13780,27.04,5.6
13781,26.73,1.65
13782,27.41,1.96
13783,27.29,2.18
13784,27.65,1.69
13785,30.25,3.45
13786,27.01,0.86
13787,26.53,1.8
13788,27.31,3.09
13789,28.22,1.98
13790,26.54,1.6
13791,26.07,2.65
13792,27.13,3.2
13793,26.89,2.42
13794,25.68,1.62
13795,28.2,2.67
13796,27.49,1.89
13797,26.68,3.0
13798,26.54,4.03
13799,26.38,0.78
13800,27.08,2.33
13801,27.61,1.11
13802,27.29,5.91
13803,28.19,1.85
13804,25.66,3.0
13805,28.67,2.19
13806,26.95,1.61
13807,28.17,1.54
13808,26.85,4.2
13809,27.49,3.26
13810,26.69,4.84
13811,25.9,2.28
13812,26.65,2.5
13813,25.95,2.0
13814,25.96,1.98
13815,26.79,1.47
13816,26.33,2.3
13817,27.99,1.62
13818,25.64,2.66
13819,25.97,2.38
13820,27.45,2.5
13821,27.56,4.35
13822,27.73,2.19
13823,26.93,3.01
13824,27.09,5.06
13825,26.36,3.75
13826,28.43,3.53
13827,26.75,1.97
13828,27.06,2.44
13829,26.95,1.31
13830,28.12,2.72
13831,26.68,2.48
13832,26.91,2.25
13833,29.85,3.36
13834,26.94,1.37
13835,26.77,4.28
13836,26.75,3.19
13837,27.92,2.16
13838,31.29,2.1
13839,26.08,2.7
13840,27.13,4.09
13841,26.76,2.32
13842,27.02,2.36
13843,28.28,2.24
13844,26.34,4.54
13845,28.33,1.92
13846,26.66,2.2
13847,26.99,4.0
13848,26.28,2.36
13849,26.18,3.51
13850,29.3,1.55
13851,26.8,2.05
13852,27.44,4.03
13853,28.49,1.7
13854,27.31,2.09
13855,26.73,2.47
13856,26.25,1.5
13857,26.27,1.89
13858,27.35,2.33
13859,30.47,2.27
13860,27.61,3.71
13861,29.58,4.12
13862,26.69,1.58
13863,29.89,2.33
13864,27.09,2.91
13865,27.88,4.08
13866,25.62,2.97
13867,27.1,2.5
13868,27.18,2.91
13869,28.13,2.91
13870,26.42,1.54
13871,28.57,2.4
13872,27.66,3.99
13873,26.42,2.05
13874,26.71,2.34
13875,69.16,2.02
13876,27.04,0.88
13877,26.94,2.24
13878,27.06,2.51
13879,25.67,1.81
13880,28.71,1.4
13881,26.44,1.56
13882,25.89,3.02
13883,29.53,4.9
13884,27.88,3.87
13885,26.46,1.3
13886,27.03,3.13
13887,27.56,1.71
13888,29.14,1.76
13889,28.49,1.85
13890,25.92,2.95
13891,27.21,3.27
13892,26.42,2.14
13893,28.39,2.15
13894,28.36,2.68
13895,26.63,2.79
13896,25.8,3.56
13897,26.52,1.33
13898,26.1,2.24
13899,27.64,1.45
13900,26.28,2.18
13901,26.04,2.03
13902,26.65,2.18
13903,26.28,1.62
13904,26.91,1.23
13905,27.61,0.96
13906,28.48,2.11
13907,27.03,1.87
13908,26.11,1.7
13909,26.8,3.78
13910,28.21,1.58
13911,27.29,3.92
13912,25.63,4.26
13913,28.14,1.02
13914,26.79,2.31
13915,27.18,1.9
13916,25.8,0.69
13917,26.86,1.25
13918,28.64,3.03
13919,29.06,4.99
13920,28.16,3.19
13921,26.17,2.53
13922,25.83,2.21
13923,28.73,4.36
13924,26.17,5.26
13925,28.48,1.76
13926,28.83,1.0
13927,26.72,0.96
13928,27.2,3.78
13929,26.85,2.18
13930,26.41,2.39
13931,26.54,1.09
13932,29.0,1.65
13933,25.98,1.98
13934,28.11,2.42
13935,22.48,1.9
13936,26.76,1.47
13937,26.95,1.63
13938,26.76,3.61
13939,26.59,2.45
13940,27.81,2.84
13941,25.41,1.55
13942,26.93,0.68
13943,27.8,1.81
13944,28.68,1.57
13945,27.01,2.56
13946,30.03,8.28
13947,27.75,2.94
13948,27.03,6.65
13949,26.49,2.79
13950,28.05,1.73
13951,26.93,2.56
13952,28.28,4.54
13953,27.54,4.63
13954,27.52,1.77
13955,31.01,2.46
13956,27.75,1.26
13957,27.44,3.1
13958,26.67,4.14
13959,26.15,2.26
13960,30.49,1.7
13961,28.08,2.57
13962,26.59,2.63
13963,26.54,2.3
13964,25.76,2.39
13965,26.81,2.08
13966,26.43,3.31
13967,27.21,2.99
13968,25.66,1.5
13969,27.63,1.49
13970,26.31,2.01
13971,29.16,2.99
13972,27.54,2.36
13973,26.96,1.72
13974,28.71,2.47
13975,28.74,1.95
13976,27.21,3.17
13977,27.43,2.54
13978,26.77,1.96
13979,27.19,2.44
13980,28.44,3.77
13981,27.69,1.77
13982,27.68,2.61
13983,29.2,2.16
13984,29.33,2.64
13985,28.25,1.71
13986,27.02,2.33
13987,28.6,3.47
13988,28.38,1.53
13989,27.92,1.31
13990,27.53,1.33
13991,27.05,1.39
13992,28.17,2.82
13993,26.68,1.27
13994,27.57,1.98
13995,27.61,2.85
13996,27.14,2.63
13997,26.36,1.91
13998,27.15,2.4
13999,27.21,2.32
14000,28.61,2.03
14001,26.57,2.05
14002,27.85,5.44
14003,27.21,3.08
14004,26.28,6.0
14005,28.8,1.82
14006,27.73,2.15
14007,27.41,1.31
14008,26.78,1.61
14009,53.36,4.76
14010,17.98,1.81
14011,25.6,4.8
14012,26.86,1.35
14013,27.78,1.46
14014,28.4,1.94
14015,27.59,2.17
14016,27.03,3.22
14017,26.01,2.67
14018,28.32,1.88
14019,26.85,2.11
14020,27.36,1.96
14021,26.21,1.54
14022,27.87,1.56
14023,27.55,3.36
14024,27.39,1.07
14025,26.95,4.25
14026,27.37,1.94
14027,27.01,1.63
14028,25.46,2.99
14029,26.31,4.03
14030,27.67,3.48
14031,25.43,2.72
14032,27.42,3.44
14033,27.7,1.12
14034,27.39,1.81
14035,27.77,1.55
14036,25.92,3.63
14037,28.94,1.91
14038,28.07,3.12
14039,25.98,2.76
14040,28.97,1.58
14041,25.82,1.76
14042,27.09,3.73
14043,25.94,1.63
14044,27.93,2.34
14045,26.97,1.63
14046,26.98,1.96
14047,26.88,2.18
14048,27.21,1.63
14049,28.7,1.52
14050,25.87,2.5
14051,26.78,1.59
14052,28.03,1.61
14053,25.51,1.53
14054,25.93,2.16
14055,26.13,3.25
14056,30.47,4.07
14057,26.63,1.66
14058,28.0,5.26
14059,26.01,1.49
14060,27.28,3.43
14061,29.89,1.67
14062,27.0,1.57
14063,27.58,1.65
14064,30.45,2.18
14065,29.72,2.81
14066,27.78,2.91
14067,29.67,1.53
14068,26.68,1.5
14069,27.13,1.54
14070,28.15,2.13
14071,28.16,2.05
14072,27.47,1.52
14073,26.83,2.48
14074,26.41,5.5
14075,28.49,1.82
14076,26.16,1.87
14077,28.13,2.78
14078,29.34,1.78
14079,27.98,2.91
14080,29.16,1.67
14081,27.17,4.63
14082,29.34,2.55
14083,26.97,1.74
14084,26.74,1.76
14085,26.87,1.81
14086,25.73,3.85
14087,27.17,1.34
14088,26.54,1.7
14089,26.01,1.78
14090,26.3,2.21
14091,28.35,2.0
14092,27.74,1.23
14093,27.61,1.9
14094,29.03,2.14
14095,29.02,1.73
14096,26.12,2.93
14097,28.34,3.21
14098,26.76,2.16
14099,27.46,2.44
14100,26.74,0.94
14101,27.52,1.88
14102,26.53,3.33
14103,26.12,1.88
14104,27.16,1.66
14105,27.14,5.53
14106,27.07,4.61
14107,26.52,2.68
14108,27.78,3.51
14109,29.09,0.91
14110,27.07,1.62
14111,26.87,1.84
14112,29.76,2.03
14113,26.34,1.83
14114,27.44,0.8
14115,26.92,2.6
14116,26.76,2.77
14117,27.53,4.22
14118,28.34,1.62
14119,26.32,1.57
14120,26.4,0.76
14121,25.7,1.98
14122,28.66,3.19
14123,27.2,1.74
14124,26.69,5.25
14125,27.03,2.01
14126,27.38,2.36
14127,27.33,1.29
14128,26.35,2.5
14129,27.28,1.01
14130,25.56,2.94
14131,26.6,2.97
14132,27.71,3.83
14133,26.31,1.48
14134,26.24,2.37
14135,28.31,2.79
14136,27.47,2.66
14137,26.35,1.57
14138,26.98,0.85
14139,28.41,2.56
14140,27.99,2.09
14141,27.73,1.77
14142,27.57,3.02
14143,26.28,2.19
14144,27.18,1.31
14145,26.62,1.03
14146,27.85,1.42
14147,27.64,5.8
14148,29.18,2.97
14149,53.48,2.4
14150,29.98,2.07
14151,27.0,2.02
14152,26.97,3.55
14153,25.8,1.83
14154,25.61,2.8
14155,27.92,1.94
14156,27.56,4.84
14157,27.95,2.99
14158,27.87,3.66
14159,26.27,1.76
14160,26.76,3.4
14161,28.14,1.96
14162,28.19,2.33
14163,26.79,4.28
14164,27.73,1.47
14165,25.97,2.41
14166,27.95,2.65
14167,25.91,2.74
14168,27.68,1.86
14169,26.43,5.13
14170,27.73,1.33
14171,27.83,3.99
14172,27.37,3.62
14173,27.09,4.76
14174,26.54,1.18
14175,27.0,1.57
14176,26.9,4.04
14177,28.13,1.05
14178,26.72,1.17
14179,27.14,1.83
14180,27.16,2.4
14181,27.48,4.21
14182,29.54,2.07
14183,27.09,1.74
14184,25.88,2.52
14185,26.64,2.69
14186,27.84,2.66
14187,30.54,2.07
14188,29.17,1.02
14189,26.41,1.54
14190,26.0,3.93
14191,28.07,2.4
14192,27.53,1.96
14193,27.67,3.48
14194,26.65,1.42
14195,28.18,2.03
14196,27.35,2.35
14197,28.8,1.87
14198,26.94,2.32
14199,28.22,2.06
14200,27.5,1.27
14201,28.41,2.39
14202,26.41,1.31
14203,26.74,2.38
14204,28.09,3.86
14205,25.41,1.99
14206,27.35,1.39
14207,26.68,2.12
14208,27.84,1.6
14209,28.22,2.82
14210,27.15,2.1
14211,27.34,4.41
14212,26.11,3.54
14213,27.96,2.09
14214,26.11,2.96
14215,26.4,1.9
14216,25.5,2.26
14217,38.58,1.93
14218,26.59,3.02
14219,26.63,3.95
14220,27.07,3.06
14221,28.31,3.22
14222,28.62,3.22
14223,28.44,2.77
14224,28.71,1.41
14225,27.98,4.39
14226,26.59,4.58
14227,27.36,2.03
14228,27.07,1.92
14229,29.17,2.84
14230,28.3,2.77
14231,26.67,2.05
14232,27.52,1.35
14233,27.96,2.52
14234,26.95,2.77
14235,27.31,2.98
14236,27.37,2.56
14237,27.25,2.0
14238,27.26,3.31
14239,26.86,2.28
14240,26.07,1.85
14241,26.68,2.07
14242,27.95,1.11
14243,25.94,2.07
14244,27.86,2.93
14245,27.92,2.55
14246,26.97,4.09
14247,28.42,2.0
14248,26.45,2.7
14249,29.06,3.06
14250,27.16,5.68
14251,27.62,2.36
14252,27.28,1.47
14253,27.06,3.12
14254,26.51,4.69
14255,28.32,1.96
14256,26.38,3.12
14257,26.58,3.64
14258,28.19,3.34
14259,25.84,2.34
14260,26.03,1.68
14261,26.47,2.15
14262,26.38,2.67
14263,27.27,3.2
14264,28.18,2.54
14265,26.75,1.91
14266,26.08,2.78
14267,26.2,3.14
14268,26.08,2.59
14269,26.79,1.59
14270,25.85,2.07
14271,28.64,3.25
14272,26.58,1.28
14273,26.77,0.96
14274,25.93,4.07
14275,27.5,2.73
14276,26.18,2.84
14277,27.86,1.45
14278,26.93,2.99
14279,27.77,2.48
14280,26.25,1.18
14281,26.59,3.93
14282,28.27,2.37
14283,28.8,1.9
14284,27.21,1.91
14285,27.11,0.99
14286,26.76,2.82
14287,28.49,2.47
14288,26.99,2.06
14289,28.79,3.71
14290,26.81,1.28
14291,62.31,1.75
14292,26.66,1.58
14293,27.56,1.99
14294,27.18,2.29
14295,25.74,2.64
14296,27.08,1.94
14297,30.64,1.57
14298,25.99,4.37
14299,25.91,5.84
14300,27.45,2.36
14301,27.25,1.64
14302,29.43,4.02
14303,27.74,1.25
14304,29.58,1.95
14305,26.4,1.68
14306,28.82,1.4
14307,26.05,1.99
14308,26.01,1.58
14309,26.22,2.24
14310,29.01,2.25
14311,27.63,1.74
14312,27.08,1.92
14313,26.41,2.03
14314,27.08,3.08
14315,25.91,2.1
14316,27.46,3.1
14317,26.9,2.81
14318,27.9,2.8
14319,26.16,3.88
14320,29.23,1.42
14321,26.71,1.84
14322,26.33,4.51
14323,27.18,2.01
14324,25.36,0.72
14325,26.65,2.05
14326,27.16,2.35
14327,26.66,0.78
14328,28.34,3.79
14329,26.4,1.67
14330,27.88,2.54
14331,27.1,2.03
14332,27.12,1.33
14333,26.92,1.45
14334,27.44,1.53
14335,28.82,3.44
14336,27.29,2.1
14337,27.51,1.81
14338,27.26,1.53
14339,27.8,3.59
14340,28.73,4.0
14341,29.24,3.57
14342,27.4,2.71
14343,29.03,2.5
14344,27.67,1.37
14345,28.6,2.02
14346,27.77,1.69
14347,26.39,1.07
14348,25.91,3.4
14349,26.82,1.68
14350,27.88,3.59
14351,27.29,3.17
14352,27.14,2.78
14353,30.06,2.84
14354,27.68,1.74
14355,27.18,4.68
14356,27.25,2.26
14357,26.6,2.51
14358,27.41,1.72
14359,26.32,1.53
14360,28.71,2.69
14361,29.4,2.43
14362,27.29,1.62
14363,27.61,1.25
14364,25.74,1.34
14365,27.35,3.59
14366,28.6,1.74
14367,28.64,1.94
14368,28.29,3.98
14369,27.98,1.42
14370,27.83,1.66
14371,28.21,1.64
14372,27.07,4.25
14373,26.24,4.94
14374,26.89,3.01
14375,27.8,3.04
14376,26.51,1.76
14377,26.29,4.85
14378,26.07,2.48
14379,26.31,3.13
14380,27.31,2.13
14381,27.32,2.0
14382,27.42,4.33
14383,27.89,2.76
14384,26.46,3.98
14385,27.72,2.46
14386,26.66,1.59
14387,28.42,1.76
14388,26.62,2.32
14389,26.14,1.73
14390,27.63,1.43
14391,29.95,3.6
14392,27.03,1.79
14393,26.97,2.35
14394,27.89,2.51
14395,26.76,1.76
14396,27.27,3.98
14397,26.65,1.42
14398,26.25,2.47
14399,26.98,2.46
14400,27.07,2.18
14401,27.32,1.32
14402,26.83,3.15
14403,27.22,3.0
14404,27.83,1.7
14405,26.95,2.95
14406,25.43,2.59
14407,27.04,1.33
14408,25.86,1.58
14409,28.81,3.51
14410,27.13,2.52
14411,27.55,1.78
14412,28.08,1.58
14413,25.45,1.81
14414,27.33,1.86
14415,25.98,1.59
14416,26.72,1.11
14417,28.27,3.51
14418,26.26,3.28
14419,26.26,1.34
14420,26.63,2.35
14421,27.28,1.55
14422,28.4,2.0
14423,27.0,1.94
14424,27.53,1.88
14425,26.67,4.96
14426,27.54,1.87
14427,27.56,1.61
14428,26.23,1.64
14429,26.11,3.38
14430,27.82,1.15
14431,31.6,1.64
14432,26.29,3.97
14433,28.11,2.45
14434,27.1,2.4
14435,31.23,5.22
14436,27.52,2.46
14437,26.5,1.68
14438,28.32,1.99
14439,27.5,1.41
14440,27.45,3.68
14441,28.98,2.8
14442,28.52,3.49
14443,26.57,3.62
14444,26.57,1.89
14445,26.96,1.53
14446,27.76,2.18
14447,29.07,1.57
14448,26.03,2.38
14449,28.71,3.5
14450,28.01,2.08
14451,29.08,2.36
14452,27.27,2.14
14453,26.59,3.07
14454,26.66,1.7
14455,26.38,0.92
14456,25.92,2.69
14457,25.99,3.3
14458,29.21,2.66
14459,26.03,1.72
14460,48.17,1.41
14461,25.37,2.71
14462,27.29,2.36
14463,27.72,2.12
14464,25.78,4.61
14465,25.79,1.52
14466,26.22,4.53
14467,28.1,2.25
14468,27.99,1.07
14469,26.94,2.07
14470,30.45,3.27
14471,28.2,1.92
14472,26.35,1.23
14473,28.13,2.08
14474,27.42,1.58
14475,25.83,2.71
14476,37.52,3.03
14477,27.17,1.46
14478,27.04,1.68
14479,26.04,3.01
14480,26.27,1.58
14481,25.73,1.44
14482,36.99,1.39
14483,26.9,2.56
14484,27.05,2.52
14485,27.08,1.69
14486,26.6,2.23
14487,28.8,4.1
14488,26.84,1.51
14489,26.27,1.02
14490,26.44,2.67
14491,26.45,2.13
14492,26.02,1.68
14493,27.98,2.89
14494,27.39,3.11
14495,27.63,0.92
14496,25.91,1.71
14497,27.56,5.62
14498,30.47,2.81
14499,27.0,2.92
14500,27.01,3.56
14501,27.18,2.24
14502,26.55,3.06
14503,27.01,2.97
14504,28.53,2.76
14505,26.3,1.96
14506,26.01,2.38
14507,27.96,1.76
14508,31.07,2.24
14509,31.13,1.39
14510,26.39,1.62
14511,27.13,1.99
14512,26.9,1.53
14513,26.37,1.82
14514,28.65,2.08
14515,26.3,2.61
14516,26.44,3.25
14517,26.09,1.85
14518,27.16,3.8
14519,26.37,3.24
14520,26.08,2.72
14521,28.55,2.37
14522,27.95,2.53
14523,31.42,3.58
14524,27.59,3.63
14525,28.41,3.8
14526,27.76,2.26
14527,28.5,2.78
14528,27.99,3.81
14529,25.63,1.73
14530,26.12,1.96
14531,32.78,2.24
14532,28.48,3.19
14533,30.09,3.21
14534,27.92,2.03
14535,26.25,1.22
14536,26.51,2.46
14537,28.92,1.54
14538,28.05,1.23
14539,29.73,1.34
14540,26.47,2.54
14541,20.0,3.84
14542,27.95,2.26
14543,26.16,2.42
14544,26.29,3.57
14545,25.82,1.2
14546,27.35,2.74
14547,26.07,2.22
14548,27.2,2.79
14549,25.91,1.83
14550,27.67,1.6
14551,27.18,2.35
14552,27.46,4.3
14553,27.76,3.14
14554,27.26,1.82
14555,27.79,1.3
14556,26.01,1.14
14557,26.07,3.77
14558,25.72,1.52
14559,31.06,1.95
14560,28.23,3.78
14561,25.79,1.17
14562,26.61,4.04
14563,29.1,2.01
14564,47.99,1.41
14565,47.97,2.02
14566,26.72,1.67
14567,27.82,2.65
14568,26.74,1.72
14569,37.37,1.04
14570,27.1,2.04
14571,40.73,1.29
14572,29.71,2.42
14573,26.35,1.38
14574,38.78,1.83
14575,26.14,2.39
14576,27.06,2.04
14577,26.6,2.46
14578,27.23,2.92
14579,26.85,1.4
14580,27.29,2.17
14581,26.45,0.59
14582,27.12,2.46
14583,25.9,1.97
14584,26.22,1.5
14585,26.95,2.53
14586,25.54,3.56
14587,27.25,1.84
14588,28.21,1.53
14589,26.88,2.38
14590,26.5,1.3
14591,26.78,1.71
14592,27.62,3.63
14593,25.9,2.28
14594,26.66,1.05
14595,26.02,1.08
14596,25.75,2.37
14597,28.08,3.14
14598,26.73,1.17
14599,30.96,2.66
14600,30.71,3.79
14601,26.36,4.74
14602,28.77,2.54
14603,25.31,2.73
14604,26.12,0.95
14605,27.11,5.15
14606,25.66,1.77
14607,29.4,1.53
14608,26.75,2.01
14609,26.19,4.07
14610,28.82,5.38
14611,27.44,2.34
14612,27.21,3.32
14613,28.5,2.26
14614,26.98,1.47
14615,26.15,4.02
14616,26.55,1.74
14617,26.45,4.11
14618,27.2,3.74
14619,27.76,2.85
14620,29.43,4.63
14621,25.8,5.44
14622,28.99,2.07
14623,28.42,1.61
14624,28.41,1.06
14625,27.93,5.46
14626,26.9,1.87
14627,27.03,3.5
14628,26.7,1.65
14629,27.66,4.12
14630,29.84,1.68
14631,29.81,1.38
14632,25.88,2.05
14633,27.39,1.8
14634,28.94,2.83
14635,28.47,2.18
14636,29.19,2.86
14637,27.31,1.98
14638,26.12,1.71
14639,27.22,1.76
14640,27.25,5.04
14641,28.68,2.44
14642,26.73,1.01
14643,26.24,1.81
14644,26.59,2.31
14645,26.34,4.66
14646,29.18,3.36
14647,29.0,1.54
14648,26.77,5.86
14649,27.74,2.2
14650,26.97,3.66
14651,27.89,1.4
14652,26.42,0.85
14653,27.45,1.27
14654,26.88,0.61
14655,27.3,5.18
14656,26.46,2.42
14657,28.44,1.54
14658,26.73,2.67
14659,29.45,2.4
14660,26.67,2.85
14661,28.07,3.61
14662,26.13,1.98
14663,27.08,1.57
14664,28.51,3.1
14665,29.08,3.07
14666,28.89,2.32
14667,26.67,5.32
14668,56.85,1.87
14669,26.06,1.55
14670,26.51,2.63
14671,27.12,1.7
14672,26.64,2.71
14673,27.86,1.59
14674,27.72,1.9
14675,30.62,4.74
14676,26.74,1.89
14677,28.03,1.62
14678,28.09,3.55
14679,26.37,1.46
14680,26.97,1.69
14681,26.13,2.8
14682,29.16,3.24
14683,26.37,3.63
14684,26.72,1.65
14685,26.49,2.82
14686,27.59,1.85
14687,26.89,1.75
14688,26.43,3.6
14689,27.44,1.79
14690,27.01,2.49
14691,27.37,2.37
14692,26.69,1.45
14693,30.2,3.28
14694,28.48,2.78
14695,26.93,1.01
14696,26.93,2.49
14697,27.5,1.63
14698,27.25,3.45
14699,28.23,1.25
14700,27.14,1.93
14701,26.39,2.57
14702,27.81,2.27
14703,27.35,3.02
14704,27.36,1.21
14705,27.09,4.31
14706,28.26,2.75
14707,27.69,3.83
14708,26.63,3.16
14709,27.21,2.22
14710,26.75,1.33
14711,27.5,1.78
14712,26.43,4.2
14713,27.5,3.87
14714,26.76,1.74
14715,26.32,0.72
14716,25.75,2.04
14717,26.05,1.98
14718,28.79,2.01
14719,27.98,2.75
14720,30.45,3.16
14721,26.16,3.31
14722,27.04,2.66
14723,29.04,1.08
14724,27.06,1.94
14725,26.17,5.59
14726,27.59,2.58
14727,27.66,2.58
14728,27.3,2.57
14729,26.88,2.63
14730,26.01,0.86
14731,27.04,2.02
14732,27.19,2.19
14733,30.5,3.72
14734,26.92,2.27
14735,25.97,1.15
14736,28.62,2.64
14737,26.83,1.61
14738,26.88,1.37
14739,28.58,1.59
14740,26.04,2.76
14741,26.52,3.68
14742,27.96,2.7
14743,27.8,2.87
14744,26.26,2.69
14745,26.25,2.32
14746,25.71,2.94
14747,25.98,0.85
14748,25.69,2.33
14749,27.03,1.47
14750,27.35,3.54
14751,28.21,2.1
14752,27.51,2.25
14753,26.69,1.22
14754,26.16,3.34
14755,26.07,2.86
14756,27.01,2.78
14757,28.18,1.61
14758,26.21,1.63
14759,26.58,2.43
14760,27.38,1.69
14761,26.09,2.65
14762,28.82,0.94
14763,27.27,1.83
14764,25.91,4.57
14765,26.67,2.65
14766,25.75,2.38
14767,26.65,4.92
14768,25.23,0.87
14769,28.42,1.61
14770,27.1,1.9
14771,29.76,3.14
14772,26.76,3.16
14773,28.45,1.57
14774,28.13,3.32
14775,27.22,1.89
14776,26.3,3.61
14777,26.39,1.47
14778,26.54,2.12
14779,26.84,1.83
14780,27.13,3.4
14781,26.65,1.81
14782,28.57,2.19
14783,29.07,2.73
14784,26.62,2.77
14785,27.86,3.17
14786,26.22,2.42
14787,28.28,1.88
14788,28.09,1.94
14789,26.45,2.25
14790,26.2,2.46
14791,27.53,2.1
14792,28.33,2.24
14793,27.41,1.21
14794,27.19,2.91
14795,28.55,2.39
14796,27.7,3.32
14797,26.3,2.23
14798,29.47,1.11
14799,25.92,1.93
14800,25.96,2.05
14801,27.11,3.0
14802,27.59,0.97
14803,27.67,2.26
14804,27.45,2.73
14805,27.63,1.71
14806,26.35,2.29
14807,29.85,1.73
14808,27.16,1.66
14809,25.83,1.89
14810,28.32,1.67
14811,26.43,2.93
14812,27.62,1.66
14813,27.7,1.55
14814,27.34,4.51
14815,26.5,3.27
14816,54.19,1.06
14817,26.68,1.64
14818,27.5,2.45
14819,29.05,2.53
14820,26.63,1.23
14821,26.81,3.54
14822,27.08,3.1
14823,26.87,2.7
14824,28.73,3.83
14825,26.21,2.67
14826,28.26,2.66
14827,27.6,4.15
14828,27.33,3.46
14829,26.2,1.59
14830,28.7,2.87
14831,28.08,1.71
14832,26.96,2.72
14833,29.36,2.69
14834,27.68,1.28
14835,26.07,2.12
14836,26.1,2.47
14837,27.11,1.87
14838,27.0,2.52
14839,26.96,3.07
14840,27.13,2.2
14841,26.68,2.43
14842,27.51,3.87
14843,28.81,2.69
14844,26.2,2.41
14845,27.25,1.52
14846,27.15,2.91
14847,26.77,2.54
14848,26.77,3.72
14849,27.13,2.27
14850,26.52,1.08
14851,26.25,1.13
14852,26.24,2.99
14853,26.78,1.77
14854,25.68,2.65
14855,26.34,2.33
14856,27.38,2.08
14857,28.04,2.14
14858,27.7,1.57
14859,27.71,2.21
14860,25.72,1.76
14861,27.18,1.92
14862,27.21,1.96
14863,25.87,2.03
14864,26.08,3.22
14865,26.76,2.11
14866,27.26,3.35
14867,27.0,4.12
14868,26.39,3.13
14869,27.05,2.76
14870,26.8,2.54
14871,27.87,3.15
14872,26.33,2.31
14873,25.93,3.3
14874,27.79,2.85
14875,26.28,1.93
14876,27.26,3.18
14877,26.41,2.31
14878,26.63,2.13
14879,26.61,1.84
14880,27.05,2.38
14881,26.65,3.32
14882,27.15,3.18
14883,26.45,2.56
14884,28.34,2.83
14885,25.69,3.7
14886,27.47,2.1
14887,28.96,1.42
14888,28.14,3.75
14889,30.27,1.8
14890,27.38,1.69
14891,27.36,1.08
14892,27.06,2.8
14893,27.7,1.16
14894,27.18,1.65
14895,26.59,2.82
14896,26.25,2.97
14897,26.67,1.71
14898,29.99,2.11
14899,30.37,1.57
14900,30.23,1.79
14901,31.27,2.48
14902,28.03,1.82
14903,28.2,2.02
14904,29.07,1.24
14905,27.09,3.5
14906,28.43,2.73
14907,25.71,3.06
14908,27.82,3.73
14909,28.24,1.6
14910,27.11,1.93
14911,25.71,1.04
14912,26.91,7.82
14913,25.98,2.1
14914,28.33,3.37
14915,26.55,1.36
14916,28.03,3.32
14917,28.21,4.68
14918,26.47,2.17
14919,26.81,1.49
14920,26.58,2.11
14921,27.56,0.91
14922,26.84,2.19
14923,26.59,3.09
14924,27.72,2.19
14925,25.85,1.99
14926,18.13,2.75
14927,27.08,2.83
14928,26.9,1.15
14929,27.76,2.31
14930,25.76,5.9
14931,27.91,1.3
14932,27.84,2.15
14933,29.6,4.84
14934,27.06,3.46
14935,26.66,1.81
14936,26.86,2.42
14937,27.1,2.22
14938,26.56,1.65
14939,26.8,2.16
14940,27.86,1.99
14941,26.55,2.33
14942,25.92,1.65
14943,30.37,1.34
14944,28.18,2.19
14945,25.74,4.42
14946,26.09,2.3
14947,26.16,1.95
14948,26.45,3.01
14949,26.73,2.09
14950,28.0,4.7
14951,26.88,2.22
14952,27.18,2.95
14953,26.66,1.65
14954,27.82,2.72
14955,29.24,2.48
14956,27.63,2.18
14957,26.51,1.82
14958,27.52,1.72
14959,26.61,2.49
14960,26.77,2.86
14961,27.85,2.12
14962,28.12,2.5
14963,27.47,2.19
14964,26.02,2.32
14965,27.94,2.05
14966,26.39,2.24
14967,26.75,6.55
14968,29.74,2.52
14969,27.22,2.88
14970,27.56,2.65
14971,28.24,2.0
14972,26.69,3.73
14973,25.72,1.98
14974,26.29,3.39
14975,27.86,1.95
14976,27.32,1.52
14977,26.39,2.58
14978,25.96,1.43
14979,27.35,2.76
14980,26.94,1.38
14981,29.3,1.96
14982,27.16,1.26
14983,28.12,6.89
14984,27.52,1.15
14985,27.84,2.23
14986,26.08,3.52
14987,26.18,3.37
14988,28.37,3.13
14989,29.07,1.96
14990,27.14,3.82
14991,28.09,3.21
14992,27.48,2.42
14993,26.55,2.45
14994,58.47,1.97
14995,27.67,1.55
14996,30.73,3.65
14997,29.51,3.76
14998,29.32,1.56
14999,27.11,2.09
15000,26.59,2.1
15001,26.06,2.2
15002,25.99,2.28
15003,30.56,3.25
15004,31.18,1.65
15005,28.44,1.59
15006,29.41,3.65
15007,25.94,1.85
15008,19.81,1.34
15009,28.73,1.83
15010,26.0,1.95
15011,28.26,4.15
15012,28.31,3.22
15013,27.62,3.52
15014,28.66,3.09
15015,30.48,3.25
15016,29.95,1.69
15017,28.67,2.06
15018,27.05,1.5
15019,27.3,2.05
15020,29.4,2.93
15021,28.53,2.35
15022,27.56,3.76
15023,28.44,1.41
15024,29.03,2.72
15025,30.29,1.35
15026,30.78,2.31
15027,29.29,2.99
15028,32.75,2.04
15029,31.9,2.77
15030,28.88,1.52
15031,28.22,1.14
15032,30.23,2.78
15033,28.35,4.47
15034,28.47,1.49
15035,29.74,3.63
15036,30.12,2.26
15037,29.65,1.3
15038,30.55,1.42
15039,28.82,2.24
15040,29.36,1.89
15041,30.47,1.32
15042,28.71,1.13
15043,30.35,1.59
15044,28.33,2.4
15045,29.0,2.22
15046,29.26,1.82
15047,30.05,2.41
15048,27.69,3.37
15049,27.29,2.61
15050,28.78,2.12
15051,28.33,3.23
15052,29.09,1.52
15053,31.28,2.03
15054,26.31,2.05
15055,30.56,1.36
15056,28.98,1.88
15057,29.83,0.97
15058,29.21,4.78
15059,26.45,1.53
15060,28.67,4.2
15061,30.91,2.26
15062,28.67,2.79
15063,30.22,1.83
15064,30.01,2.42
15065,31.99,2.89
15066,30.34,2.9
15067,30.2,3.03
15068,29.14,1.92
15069,29.79,1.84
15070,29.33,1.18
15071,27.35,2.74
15072,30.78,3.43
15073,29.73,4.25
15074,29.38,2.51
15075,26.89,1.64
15076,26.67,1.13
15077,28.17,3.38
15078,26.74,1.08
15079,29.24,1.94
15080,28.39,2.03
15081,29.44,2.16
15082,28.17,2.26
15083,30.81,2.35
15084,29.71,0.85
15085,30.66,2.24
15086,27.7,0.91
15087,27.65,2.98
15088,28.34,1.78
15089,26.99,0.94
15090,25.92,1.61
15091,26.34,1.77
15092,30.57,3.58
15093,27.19,2.41
15094,28.61,2.55
15095,27.2,3.57
15096,26.29,2.14
15097,26.92,3.01
15098,27.9,2.93
15099,26.42,1.33
15100,26.11,4.01
15101,28.09,1.26
15102,26.08,3.21
15103,26.52,1.21
15104,27.77,2.83
15105,26.64,4.69
15106,26.12,2.04
15107,27.61,2.01
15108,27.08,2.84
15109,26.57,1.95
15110,30.06,4.61
15111,27.89,2.4
15112,27.01,1.96
15113,27.23,1.79
15114,28.23,1.53
15115,26.37,1.73
15116,27.64,1.93
15117,26.5,1.83
15118,29.3,1.71
15119,26.38,5.15
15120,28.11,1.47
15121,26.94,2.36
15122,31.2,2.82
15123,26.1,2.86
15124,27.15,2.17
15125,26.28,2.02
15126,27.25,2.67
15127,26.95,2.48
15128,29.32,2.01
15129,26.85,1.19
15130,27.18,1.85
15131,26.16,1.41
15132,28.45,1.7
15133,26.21,2.26
15134,28.98,2.57
15135,26.22,4.54
15136,27.54,1.8
15137,27.22,3.03
15138,30.98,2.52
15139,26.32,3.74
15140,31.19,2.8
15141,27.24,1.49
15142,28.06,1.12
15143,26.72,2.52
15144,26.64,1.8
15145,27.76,1.5
15146,26.61,1.34
15147,27.24,2.37
15148,28.12,4.07
15149,27.05,1.89
15150,25.92,2.82
15151,25.9,2.14
15152,26.27,1.33
15153,28.35,2.99
15154,27.5,1.44
15155,26.29,2.24
15156,27.52,1.94
15157,29.11,3.18
15158,27.35,1.46
15159,26.02,2.6
15160,26.38,1.59
15161,26.95,1.81
15162,27.51,0.52
15163,27.41,5.14
15164,26.9,2.77
15165,25.77,1.64
15166,26.92,1.42
15167,60.49,1.83
15168,26.66,2.96
15169,26.41,1.04
15170,27.17,2.1
15171,27.77,4.52
15172,27.75,1.41
15173,25.88,2.3
15174,26.44,5.37
15175,27.92,2.87
15176,31.35,2.34
15177,27.68,2.73
15178,29.63,1.9
15179,27.33,3.74
15180,26.63,1.9
15181,29.62,1.02
15182,26.37,1.9
15183,26.6,1.51
15184,27.22,1.99
15185,27.65,2.01
15186,27.9,3.59
15187,27.72,2.94
15188,29.81,2.47
15189,27.3,2.22
15190,28.07,1.46
15191,28.74,0.93
15192,30.24,2.33
15193,30.3,3.06
15194,28.45,2.13
15195,27.34,1.8
15196,27.54,2.68
15197,28.87,2.15
15198,28.36,4.37
15199,27.09,3.64
15200,29.37,3.27
15201,29.5,3.01
15202,26.99,1.33
15203,28.36,2.9
15204,29.67,2.59
15205,30.3,2.84
15206,26.5,2.71
15207,27.17,2.67
15208,30.79,6.56
15209,27.62,2.16
15210,27.95,3.24
15211,28.73,1.84
15212,27.64,3.05
15213,27.79,3.24
15214,27.43,2.57
15215,27.15,4.34
15216,30.39,1.56
15217,26.74,1.83
15218,27.09,2.42
15219,27.89,3.17
15220,26.74,2.39
15221,27.15,3.72
15222,27.82,1.71
15223,28.08,1.41
15224,28.73,2.52
15225,25.59,2.16
15226,26.84,2.77
15227,27.57,2.2
15228,27.14,1.94
15229,27.91,2.16
15230,27.55,2.25
15231,28.84,1.97
15232,27.12,2.05
15233,26.88,1.89
15234,26.52,3.14
15235,27.81,2.41
15236,29.86,5.49
15237,27.11,2.37
15238,27.17,1.79
15239,26.47,6.48
15240,28.9,2.63
15241,28.14,3.31
15242,27.65,2.82
15243,27.66,2.86
15244,29.03,2.76
15245,29.15,1.43
15246,27.79,2.58
15247,27.21,1.31
15248,28.96,2.08
15249,26.92,1.66
15250,29.47,2.57
15251,26.67,2.54
15252,28.72,2.7
15253,27.79,2.5
15254,26.57,1.75
15255,29.18,2.0
15256,29.44,3.22
15257,29.81,3.41
15258,27.76,1.41
15259,31.74,1.21
15260,34.02,1.66
15261,37.17,3.38
15262,27.99,3.62
15263,31.09,1.54
15264,28.32,2.52
15265,31.21,4.64
15266,30.06,2.63
15267,164.05,3.93
15268,50.47,3.32
15269,31.13,1.55
15270,30.17,2.06
15271,31.41,2.26
15272,31.26,2.32
15273,29.06,3.21
15274,30.7,2.62
15275,26.31,0.69
15276,28.06,1.32
15277,29.55,0.93
15278,33.09,2.39
15279,27.28,2.45
15280,28.79,2.49
15281,30.23,1.52
15282,45.32,2.91
15283,139.43,2.96
15284,33.66,1.35
15285,30.12,1.24
15286,29.72,2.23
15287,28.51,4.56
15288,28.98,4.39
15289,29.09,2.79
15290,29.35,1.66
15291,29.52,3.17
15292,27.09,1.86
15293,27.14,1.64
15294,29.27,0.94
15295,26.95,2.32
15296,27.19,1.73
15297,27.09,2.31
15298,28.08,0.89
15299,28.47,2.38
15300,29.69,0.84
15301,28.99,3.44
15302,26.62,2.74
15303,28.09,1.99
15304,29.88,2.79
15305,32.22,1.5
15306,27.55,2.29
15307,25.89,3.06
15308,26.5,0.65
15309,27.45,1.86
15310,29.45,2.21
15311,29.68,2.06
15312,27.99,3.99
15313,27.63,1.42
15314,26.53,1.74
15315,28.69,1.03
15316,26.73,4.07
15317,27.83,2.02
15318,29.11,1.87
15319,32.77,2.18
15320,29.82,2.87
15321,29.11,2.56
15322,34.62,6.42
15323,25.96,2.67
15324,29.53,1.85
15325,30.69,1.78
15326,31.22,1.9
15327,27.47,1.22
15328,30.17,2.26
15329,18.95,3.04
15330,26.58,1.74
15331,27.34,1.61
15332,25.94,4.08
15333,27.44,1.26
15334,29.75,0.97
15335,27.91,1.4
15336,27.77,1.2
15337,26.75,2.6
15338,28.82,1.93
15339,29.23,2.04
15340,26.48,3.53
15341,74.5,1.69
15342,27.14,3.03
15343,27.56,4.07
15344,26.5,1.85
15345,30.42,2.99
15346,36.59,2.02
15347,29.66,3.22
15348,31.68,1.19
15349,35.91,1.15
15350,31.47,1.9
15351,27.58,1.56
15352,29.46,1.81
15353,27.22,2.04
15354,26.76,2.97
15355,28.26,1.89
15356,27.51,1.6
15357,27.36,1.93
15358,26.08,1.64
15359,26.7,1.53
15360,27.84,1.17
15361,26.58,2.29
15362,28.0,1.77
15363,26.39,3.28
15364,28.87,1.25
15365,27.41,1.79
15366,27.46,4.6
15367,26.39,1.53
15368,28.27,2.02
15369,27.66,1.37
15370,28.54,1.3
15371,27.19,4.13
15372,27.28,2.38
15373,27.09,2.35
15374,27.12,1.13
15375,31.05,2.57
15376,29.09,3.54
15377,26.63,3.52
15378,26.39,2.91
15379,27.22,1.42
15380,29.07,2.52
15381,27.75,2.91
15382,27.33,1.09
15383,27.95,1.42
15384,26.79,3.17
15385,28.22,3.16
15386,26.04,1.2
15387,27.26,3.06
15388,28.12,2.31
15389,28.99,3.04
15390,28.96,1.73
15391,27.17,2.88
15392,27.41,3.12
15393,28.71,1.93
15394,29.0,2.24
15395,32.1,1.72
15396,32.75,4.31
15397,33.57,2.12
15398,30.78,1.54
15399,29.5,1.67
15400,30.63,2.34
15401,28.6,3.01
15402,32.92,1.3
15403,34.24,4.66
15404,28.69,2.52
15405,28.62,2.68
15406,26.37,2.14
15407,27.41,2.24
15408,27.46,2.1
15409,29.26,3.34
15410,28.23,2.22
15411,27.17,3.02
15412,27.69,1.87
15413,27.77,2.41
15414,27.3,1.61
15415,26.05,3.62
15416,27.51,1.59
15417,29.75,1.95
15418,27.78,1.96
15419,27.42,1.93
15420,26.43,2.97
15421,27.61,1.96
15422,28.88,3.89
15423,28.82,1.6
15424,28.22,2.38
15425,26.38,1.63
15426,27.95,2.63
15427,27.83,2.21
15428,27.09,2.09
15429,26.81,3.58
15430,79.65,1.71
15431,27.27,2.81
15432,29.04,1.64
15433,27.43,2.33
15434,27.64,1.38
15435,27.07,1.71
15436,27.18,2.15
15437,27.33,4.6
15438,28.19,2.32
15439,27.38,4.31
15440,27.16,2.43
15441,26.74,1.91
15442,25.83,4.12
15443,27.57,2.65
15444,26.29,1.72
15445,28.23,2.69
15446,25.54,1.98
15447,27.32,1.0
15448,27.52,3.24
15449,27.68,3.45
15450,26.99,4.64
15451,26.33,2.63
15452,28.17,2.01
15453,26.16,3.11
15454,25.63,3.13
15455,28.46,4.29
15456,26.98,2.19
15457,26.67,2.08
15458,27.83,1.67
15459,27.84,2.76
15460,29.06,1.2
15461,26.77,3.04
15462,27.12,2.82
15463,30.78,2.81
15464,26.92,2.35
15465,28.59,4.11
15466,26.55,3.15
15467,27.39,1.75
15468,26.94,1.76
15469,30.56,1.57
15470,28.52,2.77
15471,26.15,1.49
15472,27.49,3.43
15473,26.83,3.78
15474,26.29,1.57
15475,27.67,2.07
15476,28.76,2.24
15477,25.72,3.17
15478,26.52,4.24
15479,28.22,1.13
15480,28.19,1.96
15481,29.48,2.0
15482,27.18,1.27
15483,29.3,1.83
15484,26.34,2.64
15485,27.01,1.99
15486,27.36,1.2
15487,26.88,7.03
15488,28.38,2.48
15489,27.4,2.33
15490,28.54,1.43
15491,27.63,2.47
15492,27.79,2.08
15493,27.46,1.05
15494,27.88,1.45
15495,28.18,3.06
15496,28.65,4.84
15497,26.34,2.58
15498,26.98,3.46
15499,26.23,2.09
15500,26.49,2.15
15501,28.45,3.44
15502,27.43,4.33
15503,27.47,3.75
15504,27.48,1.45
15505,26.36,2.17
15506,28.51,2.49
15507,28.3,2.01
15508,27.63,2.6
15509,25.91,3.09
15510,28.53,3.32
15511,26.66,4.37
15512,26.82,1.95
15513,28.63,1.29
15514,27.67,2.57
15515,27.58,4.73
15516,26.53,1.84
15517,26.55,2.93
15518,28.29,2.94
15519,26.86,2.4
15520,26.61,2.23
15521,27.79,1.54
15522,30.15,0.89
15523,28.09,1.43
15524,26.92,1.9
15525,26.28,3.45
15526,28.24,2.14
15527,27.08,1.81
15528,26.32,1.56
15529,27.11,2.89
15530,28.82,3.83
15531,27.46,3.41
15532,27.41,2.84
15533,27.23,1.23
15534,26.56,1.93
15535,26.0,4.85
15536,27.18,3.49
15537,27.09,1.2
15538,27.49,2.18
15539,26.09,2.57
15540,27.88,1.64
15541,25.89,0.88
15542,27.17,2.32
15543,29.29,1.62
15544,26.74,1.63
15545,26.72,1.93
15546,25.9,2.11
15547,25.84,2.22
15548,27.28,1.56
15549,26.98,2.04
15550,26.85,1.1
15551,27.65,2.52
15552,25.95,0.71
15553,27.27,1.98
15554,26.48,3.21
15555,27.99,1.46
15556,26.85,2.96
15557,28.24,3.53
15558,28.53,0.59
15559,26.0,2.09
15560,27.97,0.7
15561,25.71,2.12
15562,27.43,2.22
15563,27.39,0.82
15564,27.15,4.81
15565,25.72,2.5
15566,27.51,1.58
15567,31.18,4.0
15568,27.16,1.09
15569,25.46,1.36
15570,27.39,0.89
15571,29.24,4.57
15572,28.06,2.54
15573,27.76,2.9
15574,28.26,2.51
15575,30.13,2.8
15576,27.94,2.3
15577,31.19,2.48
15578,28.98,2.32
15579,27.33,1.74
15580,26.61,2.18
15581,27.97,2.48
15582,31.89,2.33
15583,26.11,1.23
15584,28.34,1.3
15585,26.0,3.43
15586,26.5,1.97
15587,26.03,2.81
15588,27.32,1.44
15589,26.12,1.23
15590,27.05,1.59
15591,25.84,2.04
15592,26.28,1.71
15593,25.89,3.73
15594,26.72,2.39
15595,26.74,4.66
15596,26.38,2.62
15597,27.77,0.85
15598,27.23,3.4
15599,27.22,1.22
15600,26.92,2.44
15601,27.0,1.63
15602,27.54,5.24
15603,57.6,3.96
15604,25.91,1.65
15605,28.8,2.12
15606,27.25,2.45
15607,28.71,3.14
15608,27.33,2.25
15609,26.23,1.48
15610,26.57,1.67
15611,27.84,2.22
15612,26.67,3.65
15613,26.32,2.64
15614,27.84,1.63
15615,27.03,2.88
15616,27.18,1.91
15617,25.84,3.18
15618,18.77,6.12
15619,26.51,1.93
15620,27.03,3.07
15621,26.54,1.65
15622,26.28,2.13
15623,26.53,2.25
15624,27.5,2.06
15625,26.61,5.96
15626,25.75,1.97
15627,28.08,2.81
15628,26.83,1.03
15629,27.39,2.65
15630,28.54,3.51
15631,26.6,1.8
15632,29.46,0.82
15633,27.26,2.19
15634,25.31,2.24
15635,28.46,2.97
15636,26.03,4.97
15637,27.53,1.91
15638,26.11,1.58
15639,27.2,1.4
15640,25.85,2.41
15641,25.96,2.7
15642,27.92,1.79
15643,27.93,3.04
15644,25.58,2.68
15645,26.21,2.26
15646,25.95,1.55
15647,26.37,1.84
15648,25.73,0.84
15649,26.64,2.45
15650,25.97,2.25
15651,25.5,2.4
15652,28.93,2.72
15653,25.76,2.6
15654,25.59,2.13
15655,27.23,2.27
15656,27.09,1.27
15657,26.36,1.76
15658,27.76,2.27
15659,26.44,1.66
15660,25.79,3.14
15661,25.74,1.71
15662,26.89,2.43
15663,27.46,2.33
15664,27.83,3.0
15665,27.01,3.19
15666,25.76,2.94
15667,26.76,0.96
15668,27.21,3.59
15669,26.67,4.1
15670,26.6,1.84
15671,25.51,2.45
15672,26.1,1.56
15673,26.82,1.02
15674,26.52,1.66
15675,26.49,1.79
15676,26.52,1.93
15677,26.52,1.52
15678,26.21,1.66
15679,27.23,2.22
15680,27.37,1.64
15681,27.24,2.77
15682,25.82,2.92
15683,27.87,5.77
15684,26.12,3.49
15685,27.67,2.45
15686,26.54,1.74
15687,26.29,2.5
15688,26.39,2.54
15689,27.0,1.81
15690,26.69,3.04
15691,31.72,1.27
15692,26.58,2.02
15693,26.96,2.78
15694,26.16,1.98
15695,27.58,2.05
15696,26.32,2.11
15697,25.62,1.59
15698,25.8,3.56
15699,26.21,1.48
15700,25.14,2.53
15701,25.49,2.63
15702,27.67,1.52
15703,25.95,2.29
15704,26.29,1.55
15705,27.72,3.88
15706,27.26,1.41
15707,26.09,1.71
15708,27.38,1.36
15709,25.85,1.29
15710,25.89,4.21
15711,27.21,2.77
15712,25.8,2.35
15713,25.69,1.71
15714,26.39,3.2
15715,43.83,1.6
15716,29.11,3.06
15717,26.41,1.57
15718,27.35,1.72
15719,26.23,3.01
15720,27.07,3.14
15721,26.91,2.83
15722,25.79,1.46
15723,26.66,1.86
15724,26.29,2.37
15725,26.84,1.58
15726,26.68,3.85
15727,27.01,0.85
15728,27.33,1.63
15729,27.76,1.82
15730,26.47,0.71
15731,27.38,1.27
15732,26.31,2.86
15733,27.24,2.25
15734,26.32,4.18
15735,25.98,4.13
15736,26.98,2.65
15737,26.25,2.52
15738,28.22,2.29
15739,26.53,0.77
15740,26.15,1.27
15741,25.93,2.32
15742,27.11,2.85
15743,30.39,2.5
15744,54.92,1.56
15745,26.93,3.24
15746,26.19,4.03
15747,25.94,3.24
15748,28.44,3.31
15749,26.39,1.78
15750,26.88,3.42
15751,25.94,2.36
15752,25.98,2.73
15753,26.17,2.58
15754,26.95,2.12
15755,28.08,1.58
15756,26.74,2.15
15757,27.69,3.3
15758,27.51,1.87
15759,25.66,3.18
15760,25.73,2.99
15761,25.93,1.97
15762,27.07,3.88
15763,26.06,1.93
15764,26.12,4.07
15765,26.11,2.65
15766,26.02,2.21
15767,27.37,1.56
15768,25.96,2.15
15769,26.91,2.05
15770,27.53,1.35
15771,28.49,2.04
15772,29.1,1.61
15773,25.72,2.81
15774,28.29,3.75
15775,25.91,1.36
15776,28.29,4.41
15777,26.61,2.11
15778,26.94,1.51
15779,25.76,3.01
15780,26.21,1.86
15781,26.84,2.15
15782,26.29,1.89
15783,25.74,1.61
15784,25.71,2.97
15785,26.31,1.98
15786,27.44,1.25
15787,25.73,2.77
15788,26.5,1.37
15789,25.55,1.4
15790,26.69,3.59
15791,27.37,1.38
15792,26.0,0.88
15793,25.53,2.86
15794,26.51,1.97
15795,26.54,2.04
15796,29.33,1.96
15797,26.72,2.44
15798,26.69,1.65
15799,26.21,4.02
15800,25.96,1.23
15801,28.34,2.66
15802,27.19,2.88
15803,27.61,1.64
15804,27.87,1.48
15805,28.96,3.34
15806,27.16,1.5
15807,28.48,1.75
15808,27.06,3.17
15809,26.51,2.26
15810,27.81,1.08
15811,25.56,4.48
15812,26.31,1.8
15813,26.18,1.89
15814,26.07,2.47
15815,25.67,2.86
15816,27.68,4.88
15817,27.72,1.15
15818,28.17,3.1
15819,26.87,3.0
15820,28.29,2.11
15821,26.04,3.05
15822,28.43,3.23
15823,28.35,1.28
15824,33.21,4.48
15825,29.65,1.19
15826,28.65,1.41
15827,27.11,2.0
15828,26.87,4.81
15829,26.08,1.97
15830,28.45,2.2
15831,27.1,3.95
15832,27.71,1.97
15833,32.52,1.39
15834,29.21,1.88
15835,26.66,3.85
15836,27.75,2.29
15837,26.53,4.82
15838,26.72,2.99
15839,25.75,1.72
15840,27.81,2.27
15841,27.64,1.58
15842,26.71,1.7
15843,27.58,12.0
15844,27.07,3.34
15845,26.86,3.14
15846,28.0,1.73
15847,26.55,4.17
15848,25.79,3.45
15849,26.18,4.72
15850,26.3,4.63
15851,26.78,1.23
15852,26.08,1.43
15853,27.16,1.49
15854,27.03,1.53
15855,27.79,2.53
15856,28.55,1.77
15857,28.29,5.1
15858,27.33,4.77
15859,27.02,2.22
15860,28.91,4.87
15861,26.42,4.04
15862,29.58,1.86
15863,26.59,1.0
15864,27.09,2.04
15865,26.46,1.72
15866,26.22,2.42
15867,26.26,2.31
15868,28.93,2.28
15869,28.02,2.74
15870,27.88,1.37
15871,28.1,2.62
15872,29.02,1.87
15873,27.04,2.41
15874,27.64,3.26
15875,26.51,1.36
15876,26.81,1.99
15877,27.61,2.12
15878,28.54,1.81
15879,27.4,3.19
15880,28.47,1.67
15881,27.94,1.78
15882,29.02,1.68
15883,26.27,3.44
15884,25.96,1.83
15885,26.82,2.68
15886,26.54,4.91
15887,32.59,2.16
15888,28.05,3.47
15889,25.91,4.34
15890,29.75,3.36
15891,25.8,2.21
15892,26.57,2.88
15893,27.5,1.33
15894,27.01,1.63
15895,29.25,1.75
15896,26.05,5.45
15897,43.68,1.61
15898,26.07,1.6
15899,50.94,1.47
15900,27.41,2.78
15901,28.36,2.36
15902,26.77,3.44
15903,29.77,2.91
15904,31.78,1.28
15905,25.54,1.61
15906,25.7,3.84
15907,28.43,2.05
15908,29.68,3.58
15909,26.15,2.1
15910,26.28,1.51
15911,17.72,1.97
15912,26.11,1.51
15913,27.59,1.77
15914,27.18,2.41
15915,25.86,2.73
15916,27.52,1.18
15917,29.23,2.21
15918,25.74,1.76
15919,26.96,1.72
15920,29.98,2.35
15921,27.58,1.79
15922,26.34,3.87
15923,29.37,3.58
15924,28.91,3.57
15925,27.12,1.83
15926,27.17,1.51
15927,26.22,2.3
15928,25.91,2.1
15929,27.64,1.74
15930,27.74,1.39
15931,28.1,2.19
15932,26.46,1.89
15933,27.65,2.93
15934,27.64,2.9
15935,27.71,3.46
15936,26.84,1.34
15937,30.42,2.61
15938,29.92,1.66
15939,25.81,1.37
15940,26.66,1.87
15941,26.76,3.41
15942,27.78,1.92
15943,27.14,4.16
15944,27.47,2.77
15945,27.54,1.9
15946,31.37,3.54
15947,26.6,2.66
15948,26.15,1.53
15949,26.56,4.68
15950,28.66,2.47
15951,28.55,2.24
15952,26.99,1.58
15953,26.49,3.57
15954,26.56,2.74
15955,25.85,2.86
15956,26.56,1.82
15957,26.86,3.11
15958,26.96,3.21
15959,27.05,1.7
15960,27.01,1.26
15961,27.5,2.81
15962,26.28,1.19
15963,25.82,2.37
15964,27.26,1.86
15965,29.71,3.62
15966,27.37,1.9
15967,26.02,3.47
15968,27.15,1.81
15969,26.66,3.32
15970,26.33,5.07
15971,27.58,1.45
15972,26.74,2.5
15973,27.52,6.68
15974,26.67,2.29
15975,27.16,2.28
15976,28.56,3.05
15977,27.77,2.26
15978,26.39,1.12
15979,26.32,3.5
15980,28.86,1.0
15981,26.71,1.88
15982,28.05,3.61
15983,26.55,1.93
15984,27.67,1.69
15985,28.23,3.16
15986,26.2,1.58
15987,26.28,1.36
15988,30.27,2.48
15989,26.75,2.07
15990,26.08,1.35
15991,27.2,2.87
15992,27.35,2.68
15993,26.64,1.93
15994,25.96,1.98
15995,27.57,2.69
15996,26.57,3.58
15997,28.29,1.99
15998,25.94,2.89
15999,26.6,2.79
16000,27.49,3.16
16001,27.82,2.26
16002,26.36,1.55
16003,26.53,1.85
16004,28.23,2.55
16005,27.13,4.61
16006,25.8,1.83
16007,28.02,3.07
16008,26.59,1.95
16009,26.49,2.33
16010,31.34,4.08
16011,26.52,3.02
16012,27.92,1.35
16013,26.3,1.77
16014,27.27,3.68
16015,26.17,2.36
16016,27.37,1.41
16017,25.58,1.6
16018,26.95,2.95
16019,25.58,3.31
16020,27.79,2.24
16021,28.44,5.99
16022,27.47,3.09
16023,29.22,2.02
16024,26.4,1.61
16025,26.43,1.51
16026,31.35,2.55
16027,26.69,1.83
16028,26.58,4.35
16029,27.15,4.0
16030,27.09,2.87
16031,27.24,1.39
16032,25.66,1.7
16033,26.4,3.68
16034,26.88,1.78
16035,26.39,3.49
16036,26.96,2.69
16037,28.97,2.27
16038,26.16,1.68
16039,28.36,2.14
16040,27.77,2.4
16041,26.58,3.36
16042,27.9,1.56
16043,26.8,2.0
16044,27.78,2.27
16045,26.54,2.9
16046,27.0,1.55
16047,26.0,1.31
16048,27.04,2.91
16049,27.75,1.21
16050,27.74,3.72
16051,26.58,2.09
16052,26.22,1.2
16053,26.24,1.84
16054,26.8,2.59
16055,26.62,1.8
16056,26.24,2.24
16057,26.44,2.99
16058,29.44,2.05
16059,25.96,1.53
16060,26.18,1.97
16061,27.05,3.92
16062,26.72,4.37
16063,26.3,0.99
16064,26.87,3.44
16065,26.05,2.46
16066,27.26,3.22
16067,28.48,1.79
16068,26.66,1.1
16069,28.54,2.81
16070,26.67,1.53
16071,28.26,1.28
16072,27.48,1.31
16073,60.71,2.83
16074,27.61,2.35
16075,28.24,3.04
16076,18.36,2.91
16077,26.3,1.88
16078,26.58,2.16
16079,27.15,1.81
16080,27.45,2.05
16081,25.59,1.51
16082,27.44,2.6
16083,26.14,3.42
16084,26.96,1.61
16085,27.33,3.72
16086,26.78,2.33
16087,27.39,2.45
16088,26.46,1.13
16089,26.12,1.08
16090,26.37,2.36
16091,28.55,3.05
16092,27.53,1.7
16093,26.34,4.34
16094,27.55,2.99
16095,26.11,1.55
16096,27.6,2.25
16097,27.18,5.99
16098,25.25,1.35
16099,26.38,2.75
16100,27.13,1.96
16101,26.73,2.95
16102,26.57,3.69
16103,27.71,1.91
16104,26.95,3.48
16105,26.99,5.41
16106,28.02,2.29
16107,26.01,3.05
16108,28.74,1.76
16109,27.02,2.24
16110,28.87,2.07
16111,27.52,3.06
16112,26.32,3.6
16113,28.74,2.13
16114,27.25,4.11
16115,26.86,4.1
16116,26.73,3.12
16117,27.77,1.81
16118,27.06,1.74
16119,25.74,1.61
16120,25.87,3.25
16121,26.5,1.37
16122,26.34,2.92
16123,25.85,1.44
16124,27.06,3.09
16125,29.21,2.24
16126,28.4,3.79
16127,25.52,3.51
16128,26.18,3.95
16129,25.78,3.99
16130,27.78,2.36
16131,25.96,1.4
16132,28.82,1.46
16133,26.33,0.97
16134,27.95,1.44
16135,27.02,2.29
16136,27.06,1.78
16137,26.39,2.07
16138,26.48,2.71
16139,29.48,1.97
16140,26.3,1.42
16141,28.05,2.18
16142,27.93,1.55
16143,26.19,2.0
16144,27.73,3.81
16145,26.79,2.0
16146,27.29,4.52
16147,27.3,3.95
16148,26.44,1.77
16149,26.12,1.43
16150,26.61,2.18
16151,26.15,3.53
16152,26.13,1.83
16153,31.53,3.2
16154,26.83,3.61
16155,26.9,1.63
16156,26.54,1.7
16157,25.62,2.96
16158,26.52,2.36
16159,31.22,1.69
16160,28.33,1.93
16161,28.12,2.16
16162,26.89,1.19
16163,31.17,3.02
16164,33.86,1.84
16165,30.49,0.73
16166,29.21,2.2
16167,27.42,1.65
16168,27.16,4.37
16169,26.16,1.76
16170,27.74,1.43
16171,29.04,2.73
16172,26.7,1.71
16173,25.68,1.63
16174,26.2,2.73
16175,27.43,1.47
16176,26.11,1.24
16177,26.92,4.44
16178,27.86,2.81
16179,27.56,2.0
16180,28.52,2.22
16181,26.15,2.72
16182,26.68,3.28
16183,26.78,1.64
16184,27.74,2.58
16185,28.08,1.82
16186,28.89,2.06
16187,31.54,2.37
16188,28.97,2.22
16189,28.23,2.99
16190,26.25,2.7
16191,26.71,1.22
16192,25.69,1.29
16193,28.31,1.92
16194,28.4,4.62
16195,27.22,1.58
16196,26.92,2.05
16197,27.73,1.8
16198,28.99,1.78
16199,27.32,2.39
16200,26.38,3.9
16201,29.98,2.67
16202,29.16,1.61
16203,26.5,6.69
16204,25.99,2.3
16205,28.1,1.77
16206,29.7,3.92
16207,26.02,1.84
16208,26.67,4.33
16209,25.54,1.57
16210,27.4,3.94
16211,28.46,2.41
16212,26.68,3.73
16213,28.16,4.76
16214,28.7,1.41
16215,27.48,3.71
16216,27.16,1.27
16217,25.69,1.46
16218,26.17,1.61
16219,26.26,2.72
16220,28.01,2.26
16221,27.47,2.08
16222,26.92,2.36
16223,27.55,2.82
16224,28.77,2.91
16225,27.85,3.45
16226,30.17,4.61
16227,25.59,2.21
16228,27.46,1.81
16229,28.26,2.84
16230,29.13,1.41
16231,25.9,1.7
16232,26.67,3.32
16233,26.21,2.12
16234,30.15,1.37
16235,26.09,1.23
16236,26.31,2.27
16237,28.89,3.51
16238,27.55,3.5
16239,29.47,2.33
16240,27.78,4.97
16241,27.78,2.13
16242,27.28,2.11
16243,61.23,0.8
16244,26.67,1.86
16245,26.24,3.13
16246,27.74,4.16
16247,27.12,1.6
16248,25.63,2.68
16249,27.01,3.38
16250,25.75,2.24
16251,27.23,0.89
16252,27.51,2.46
16253,27.09,3.02
16254,29.07,1.52
16255,26.28,2.01
16256,26.25,1.4
16257,27.87,0.8
16258,26.1,3.36
16259,26.12,2.22
16260,27.18,4.22
16261,25.52,3.14
16262,27.92,1.93
16263,27.22,2.15
16264,26.95,2.79
16265,26.55,3.28
16266,26.62,2.53
16267,27.02,3.46
16268,26.32,1.98
16269,26.14,1.49
16270,27.63,2.17
16271,28.11,2.42
16272,26.92,1.38
16273,26.38,1.3
16274,25.97,2.66
16275,33.72,1.89
16276,26.49,2.08
16277,27.22,1.93
16278,26.69,4.09
16279,30.86,3.69
16280,27.37,1.36
16281,26.38,1.8
16282,26.18,3.13
16283,25.84,2.83
16284,26.38,2.19
16285,27.47,1.41
16286,25.6,1.69
16287,28.17,1.81
16288,26.54,2.49
16289,33.5,4.4
16290,27.74,1.69
16291,26.77,1.48
16292,26.21,2.13
16293,26.99,3.36
16294,28.12,1.25
16295,26.19,3.98
16296,27.53,2.08
16297,33.62,1.66
16298,28.75,1.17
16299,27.81,2.95
16300,26.08,2.08
16301,26.14,2.38
16302,28.04,1.55
16303,26.16,1.96
16304,28.04,1.83
16305,26.72,2.14
16306,27.88,1.7
16307,27.22,1.2
16308,27.07,6.63
16309,27.43,1.29
16310,26.49,2.39
16311,26.29,1.1
16312,27.95,1.0
16313,27.45,2.31
16314,26.76,2.39
16315,26.79,3.69
16316,26.82,2.61
16317,28.3,2.1
16318,25.84,1.52
16319,25.75,4.05
16320,26.85,3.23
16321,27.27,1.35
16322,26.82,2.26
16323,28.71,2.36
16324,25.93,1.94
16325,27.04,3.03
16326,26.67,3.1
16327,26.78,2.06
16328,26.87,1.99
16329,27.24,4.05
16330,28.29,3.23
16331,26.69,2.29
16332,27.55,1.16
16333,27.52,2.55
16334,27.89,2.94
16335,27.16,0.74
16336,27.94,2.46
16337,26.37,1.88
16338,26.08,2.04
16339,26.07,1.55
16340,25.68,2.1
16341,28.64,3.88
16342,27.13,1.86
16343,28.15,3.27
16344,26.74,1.61
16345,27.88,3.01
16346,27.97,2.23
16347,27.53,2.56
16348,26.57,2.23
16349,27.79,2.88
16350,27.0,0.8
16351,27.43,1.26
16352,27.45,2.63
16353,27.17,0.98
16354,27.27,1.8
16355,27.12,2.18
16356,28.0,1.6
16357,26.75,1.69
16358,27.3,2.48
16359,26.17,3.33
16360,27.36,1.52
16361,26.79,1.77
16362,30.25,1.66
16363,27.71,0.84
16364,26.9,2.36
16365,25.74,3.23
16366,26.45,3.34
16367,28.15,1.57
16368,28.32,1.35
16369,26.01,2.24
16370,26.0,3.1
16371,26.29,2.37
16372,29.1,2.5
16373,27.11,3.51
16374,28.67,1.66
16375,27.38,2.04
16376,26.84,4.28
16377,26.64,2.06
16378,25.6,1.34
16379,25.37,1.7
16380,25.76,1.53
16381,26.13,2.57
16382,27.06,1.56
16383,26.0,2.48
16384,27.05,1.66
16385,25.93,0.95
16386,26.89,2.52
16387,26.64,2.36
16388,26.04,2.74
16389,26.08,1.7
16390,26.37,1.63
16391,25.85,2.61
16392,26.46,4.09
16393,27.32,2.24
16394,27.38,2.64
16395,26.46,1.96
16396,26.07,1.2
16397,26.67,3.28
16398,46.37,3.2
16399,25.99,2.96
16400,26.08,2.07
16401,25.88,2.83
16402,26.9,3.18
16403,27.85,4.25
16404,25.85,3.3
16405,28.36,2.28
16406,27.48,1.32
16407,26.27,2.37
16408,29.67,2.47
16409,26.58,2.96
16410,25.91,3.82
16411,26.67,2.14
16412,26.47,5.16
16413,26.11,1.1
16414,26.7,2.63
16415,27.18,1.62
16416,27.98,1.04
16417,27.79,2.05
16418,26.69,1.24
16419,25.84,2.09
16420,26.39,2.26
16421,26.83,3.48
16422,28.25,1.22
16423,25.99,3.2
16424,27.84,2.31
16425,25.37,3.36
16426,26.37,1.87
16427,26.74,1.31
16428,26.83,1.37
16429,26.49,1.33
16430,25.9,2.69
16431,26.61,4.02
16432,25.67,1.78
16433,27.07,2.86
16434,27.06,1.21
16435,27.67,2.39
16436,26.47,2.91
16437,26.8,1.25
16438,27.01,2.05
16439,26.61,2.96
16440,27.02,0.69
16441,26.75,3.8
16442,26.46,2.56
16443,27.44,2.96
16444,27.16,1.89
16445,28.65,1.12
16446,27.75,2.76
16447,25.92,2.15
16448,27.68,2.25
16449,26.2,3.44
16450,27.12,3.02
16451,26.54,4.8
16452,26.4,2.37
16453,31.19,1.69
16454,27.2,2.06
16455,26.81,2.63
16456,27.83,3.34
16457,27.23,1.24
16458,25.68,2.23
16459,27.01,4.24
16460,28.03,2.02
16461,27.19,3.23
16462,27.93,2.71
16463,27.93,3.26
16464,28.33,1.61
16465,26.66,1.61
16466,32.09,2.24
16467,32.06,1.21
16468,26.01,2.0
16469,29.73,2.46
16470,27.86,4.54
16471,29.52,2.61
16472,28.24,2.86
16473,19.41,3.55
16474,26.49,1.51
16475,27.32,2.08
16476,27.27,5.87
16477,27.43,2.16
16478,25.56,3.48
16479,26.24,3.27
16480,25.58,1.23
16481,28.02,2.52
16482,27.83,2.36
16483,25.6,2.54
16484,26.11,1.65
16485,25.96,1.42
16486,26.14,1.84
16487,25.45,2.14
16488,26.41,3.58
16489,26.04,4.6
16490,27.03,3.89
16491,28.36,3.14
16492,27.75,1.49
16493,26.66,1.89
16494,27.29,2.42
16495,26.89,1.73
16496,26.78,2.8
16497,27.71,2.97
16498,25.93,2.76
16499,26.31,3.35
16500,27.48,1.55
16501,28.2,3.23
16502,26.07,1.68
16503,25.94,1.53
16504,28.12,2.75
16505,27.53,3.62
16506,27.67,2.71
16507,26.93,2.24
16508,28.15,2.52
16509,27.38,2.35
16510,27.16,1.42
16511,28.92,1.35
16512,28.36,2.16
16513,27.71,2.3
16514,26.36,2.24
16515,26.99,2.92
16516,28.02,2.04
16517,26.44,2.79
16518,26.5,2.1
16519,25.99,4.62
16520,26.79,2.3
16521,25.48,5.68
16522,28.78,2.56
16523,26.92,2.04
16524,26.89,1.55
16525,28.59,1.25
16526,26.3,1.5
16527,29.85,1.57
16528,27.95,2.61
16529,28.78,1.8
16530,27.32,2.4
16531,27.07,3.72
16532,27.1,2.15
16533,27.14,5.11
16534,26.67,1.39
16535,26.63,2.1
16536,27.02,1.79
16537,27.15,3.24
16538,26.15,0.91
16539,27.16,1.25
16540,25.8,2.13
16541,26.59,4.14
16542,29.05,2.44
16543,26.44,1.3
16544,25.99,1.38
16545,29.58,4.35
16546,29.35,1.74
16547,25.88,1.53
16548,27.19,4.02
16549,27.51,3.33
16550,26.23,3.7
16551,27.14,1.52
16552,28.33,1.21
16553,26.31,2.35
16554,25.58,2.54
16555,26.17,2.57
16556,34.69,4.02
16557,29.05,1.11
16558,32.59,3.14
16559,28.22,1.44
16560,28.18,3.13
16561,27.66,1.84
16562,27.0,1.61
16563,26.83,1.74
16564,26.37,1.25
16565,26.05,2.26
16566,68.53,1.63
16567,27.85,3.05
16568,27.04,2.87
16569,26.11,4.37
16570,26.04,2.58
16571,26.59,2.74
16572,26.36,3.9
16573,26.16,1.73
16574,27.52,1.23
16575,25.46,2.41
16576,27.59,1.26
16577,26.77,5.94
16578,28.3,3.98
16579,27.25,5.29
16580,26.58,2.28
16581,26.35,2.77
16582,27.12,1.85
16583,27.48,3.17
16584,28.46,1.37
16585,27.6,0.8
16586,27.29,1.62
16587,27.92,1.24
16588,26.93,4.02
16589,26.31,4.6
16590,26.66,1.27
16591,28.96,3.73
16592,25.99,3.26
16593,26.25,1.19
16594,26.21,1.9
16595,27.42,1.76
16596,29.1,3.0
16597,28.3,1.36
16598,27.33,2.14
16599,25.71,1.69
16600,25.72,2.69
16601,26.09,2.04
16602,26.47,1.8
16603,26.71,2.04
16604,26.74,5.02
16605,27.81,1.88
16606,26.9,1.47
16607,29.27,2.81
16608,28.09,2.1
16609,28.17,1.26
16610,28.04,5.43
16611,29.42,1.93
16612,28.26,1.91
16613,28.48,2.37
16614,26.2,4.45
16615,26.46,1.14
16616,27.27,2.49
16617,27.1,5.13
16618,27.84,2.34
16619,25.77,1.36
16620,26.88,1.74
16621,26.17,2.42
16622,27.39,3.79
16623,27.94,1.94
16624,26.95,3.1
16625,32.84,1.25
16626,26.72,1.25
16627,28.97,1.83
16628,30.36,3.96
16629,27.73,2.29
16630,26.99,2.5
16631,26.45,2.49
16632,26.64,3.47
16633,27.83,1.74
16634,17.17,2.93
16635,26.52,1.6
16636,26.4,4.92
16637,25.83,1.62
16638,26.41,1.56
16639,28.66,2.77
16640,25.47,2.3
16641,26.62,2.54
16642,27.22,2.44
16643,28.72,1.44
16644,26.17,4.24
16645,26.5,3.18
16646,27.66,3.83
16647,25.4,1.8
16648,27.08,2.63
16649,27.34,2.41
16650,25.59,3.49
16651,27.79,3.54
16652,26.36,2.4
16653,26.65,1.21
16654,25.41,4.54
16655,26.71,2.78
16656,25.91,1.74
16657,27.54,2.62
16658,27.85,1.22
16659,26.27,3.39
16660,27.42,1.24
16661,26.57,2.04
16662,26.24,2.45
16663,28.52,3.37
16664,27.43,2.32
16665,26.95,2.87
16666,27.46,2.2
16667,26.07,2.2
16668,26.8,2.3
16669,31.59,2.06
16670,28.32,1.13
16671,27.13,1.64
16672,29.21,2.45
16673,29.59,2.01
16674,26.54,2.09
16675,25.66,1.96
16676,25.72,1.58
16677,28.14,1.83
16678,28.22,1.97
16679,27.6,2.23
16680,27.46,2.6
16681,26.71,2.07
16682,27.77,1.47
16683,27.1,1.27
16684,27.95,6.29
16685,28.9,1.42
16686,28.31,1.81
16687,26.4,2.74
16688,31.1,2.57
16689,27.97,2.74
16690,26.4,1.86
16691,26.6,2.45
16692,31.57,2.28
16693,30.16,1.96
16694,26.43,2.46
16695,27.09,3.39
16696,29.61,2.21
16697,27.45,2.21
16698,26.55,3.41
16699,25.62,3.27
16700,26.81,4.19
16701,27.38,1.1
16702,26.54,3.2
16703,27.15,2.83
16704,26.34,1.56
16705,27.39,2.46
16706,26.9,3.39
16707,26.87,1.6
16708,27.72,2.66
16709,26.54,3.15
16710,26.46,1.45
16711,26.7,2.1
16712,27.22,2.51
16713,27.13,1.62
16714,27.77,1.57
16715,26.89,2.11
16716,27.92,3.07
16717,27.63,2.88
16718,27.21,1.58
16719,25.93,2.89
16720,27.17,1.59
16721,26.93,1.17
16722,26.72,1.92
16723,26.33,3.49
16724,27.64,2.89
16725,28.42,2.22
16726,26.73,1.88
16727,25.89,1.9
16728,26.1,2.32
16729,26.56,1.45
16730,28.51,1.94
16731,27.18,2.04
16732,26.16,1.3
16733,25.96,1.59
16734,27.19,2.62
16735,26.4,2.23
16736,25.87,1.97
16737,26.66,1.55
16738,26.19,4.18
16739,26.09,1.59
16740,27.23,2.46
16741,26.07,1.83
16742,26.1,2.26
16743,26.3,2.67
16744,26.82,1.29
16745,27.82,2.22
16746,28.46,3.58
16747,26.99,4.5
16748,27.61,2.11
16749,25.97,2.26
16750,28.45,5.39
16751,27.82,3.5
16752,26.46,1.74
16753,26.61,1.74
16754,27.88,3.26
16755,26.83,1.49
16756,26.6,3.44
16757,25.76,2.54
16758,27.2,2.74
16759,26.54,2.01
16760,27.76,1.73
16761,29.83,3.99
16762,28.88,2.02
16763,27.2,1.89
16764,27.5,2.16
16765,63.15,2.4
16766,26.64,1.47
16767,26.06,1.78
16768,28.02,1.74
16769,27.12,3.12
16770,27.69,1.56
16771,27.39,1.1
16772,25.9,1.01
16773,26.2,1.24
16774,28.74,3.84
16775,26.91,2.24
16776,26.22,2.72
16777,26.14,2.76
16778,26.23,2.28
16779,27.57,2.16
16780,26.28,3.38
16781,26.48,2.36
16782,26.71,3.89
16783,27.1,2.85
16784,27.62,1.74
16785,25.53,1.82
16786,27.07,1.66
16787,29.08,3.62
16788,28.99,1.89
16789,26.06,1.62
16790,25.68,2.53
16791,26.78,2.14
16792,27.07,2.5
16793,27.26,4.74
16794,26.23,3.21
16795,26.18,2.25
16796,26.18,1.27
16797,26.18,1.82
16798,28.11,2.96
16799,28.19,1.39
16800,25.81,5.24
16801,26.33,2.24
16802,26.17,2.27
16803,27.29,1.7
16804,27.14,2.71
16805,25.81,1.4
16806,26.52,5.29
16807,28.39,3.77
16808,27.39,3.3
16809,26.82,1.28
16810,26.89,2.42
16811,26.08,3.61
16812,26.79,2.82
16813,27.27,1.49
16814,26.84,1.72
16815,28.22,1.86
16816,28.76,1.75
16817,26.99,4.1
16818,27.46,1.03
16819,27.54,2.89
16820,25.8,1.33
16821,27.79,1.52
16822,27.03,1.0
16823,26.56,1.79
16824,26.72,4.07
16825,26.32,2.47
16826,28.42,1.38
16827,27.26,3.34
16828,25.83,3.64
16829,25.95,2.32
16830,25.29,5.02
16831,27.77,3.09
16832,26.92,2.92
16833,27.3,1.61
16834,25.67,2.86
16835,25.28,2.43
16836,25.97,2.74
16837,26.96,1.69
16838,28.12,2.34
16839,27.03,1.61
16840,26.81,0.94
16841,26.66,3.32
16842,26.13,1.22
16843,26.94,2.32
16844,26.36,2.54
16845,25.69,2.54
16846,26.21,1.99
16847,25.91,2.48
16848,27.6,2.69
16849,25.83,2.99
16850,26.26,4.45
16851,27.21,2.44
16852,26.37,2.28
16853,26.88,1.55
16854,25.76,2.65
16855,25.88,2.91
16856,27.02,2.06
16857,26.92,2.77
16858,27.88,1.98
16859,25.44,2.91
16860,25.64,3.21
16861,27.7,3.19
16862,27.95,2.33
16863,26.16,1.47
16864,26.35,1.74
16865,27.5,2.82
16866,25.88,5.93
16867,28.39,1.94
16868,29.69,2.67
16869,26.62,1.78
16870,26.98,1.51
16871,26.62,1.7
16872,26.2,0.97
16873,26.79,3.82
16874,25.56,0.91
16875,28.11,2.0
16876,25.96,1.39
16877,27.07,1.56
16878,26.74,3.86
16879,26.61,2.41
16880,26.57,1.51
16881,25.48,1.76
16882,17.88,1.64
16883,26.9,2.19
16884,27.19,2.38
16885,26.81,4.75
16886,28.41,1.03
16887,27.63,2.19
16888,26.08,1.96
16889,26.89,3.25
16890,26.83,2.56
16891,27.35,2.82
16892,26.85,2.55
16893,26.67,1.53
16894,26.08,3.61
16895,26.14,3.06
16896,26.09,3.21
16897,27.03,3.69
16898,26.81,2.63
16899,27.31,4.02
16900,26.36,2.59
16901,27.38,2.04
16902,26.06,2.22
16903,26.62,2.2
16904,25.51,1.81
16905,25.96,4.27
16906,25.89,2.51
16907,26.33,2.31
16908,26.38,2.6
16909,27.47,7.33
16910,26.83,1.42
16911,25.67,1.59
16912,25.75,1.28
16913,26.54,2.03
16914,26.04,2.46
16915,25.73,1.85
16916,26.61,1.79
16917,17.46,2.36
16918,27.01,1.82
16919,25.71,2.52
16920,25.87,3.48
16921,26.68,2.92
16922,26.39,3.17
16923,28.12,3.44
16924,27.96,2.49
16925,58.05,2.09
16926,26.43,1.63
16927,26.51,1.9
16928,27.2,1.8
16929,27.71,2.98
16930,26.88,2.56
16931,26.53,2.94
16932,26.2,1.4
16933,27.93,3.95
16934,25.45,1.88
16935,26.38,1.43
16936,25.24,1.87
16937,26.22,6.01
16938,26.33,1.91
16939,27.61,1.95
16940,27.94,2.06
16941,26.53,2.1
16942,27.06,1.63
16943,26.55,2.36
16944,27.41,3.42
16945,25.93,2.52
16946,26.09,1.43
16947,25.31,1.94
16948,25.96,1.78
16949,27.51,2.27
16950,26.82,3.79
16951,26.58,2.1
16952,27.32,2.15
16953,27.08,4.53
16954,27.07,3.16
16955,26.15,2.8
16956,26.09,4.87
16957,25.97,2.71
16958,27.71,1.01
16959,26.89,3.11
16960,25.96,1.18
16961,26.42,2.67
16962,26.98,1.12
16963,27.22,1.85
16964,28.14,1.92
16965,25.81,1.64
16966,26.16,1.94
16967,26.52,3.36
16968,26.33,1.67
16969,26.82,2.77
16970,26.11,1.51
16971,26.46,2.06
16972,27.33,2.53
16973,26.1,1.49
16974,26.65,1.32
16975,28.48,2.71
16976,29.22,3.49
16977,26.62,2.16
16978,26.39,1.85
16979,25.84,2.37
16980,25.99,2.28
16981,26.43,2.45
16982,26.66,0.81
16983,26.41,1.45
16984,26.4,1.59
16985,27.31,2.36
16986,26.38,2.4
16987,29.53,2.87
16988,26.75,2.47
16989,27.13,1.32
16990,27.1,3.97
16991,27.7,3.7
16992,27.26,1.35
16993,26.2,2.54
16994,27.01,1.75
16995,26.89,2.35
16996,27.19,3.39
16997,27.03,5.22
16998,27.31,3.01
16999,28.2,2.5
17000,25.87,1.94
17001,27.24,2.39
17002,27.19,3.83
17003,25.68,2.19
17004,26.95,1.56
17005,27.83,1.16
17006,27.09,2.73
17007,26.77,2.46
17008,27.62,1.72
17009,26.91,3.35
17010,26.23,1.88
17011,27.51,2.11
17012,28.4,2.21
17013,27.94,1.93
17014,26.5,2.45
17015,27.56,3.53
17016,29.38,1.41
17017,27.2,2.71
17018,27.32,2.38
17019,27.91,2.37
17020,28.14,3.15
17021,27.12,2.27
17022,26.02,2.7
17023,27.19,2.96
17024,26.72,1.82
17025,27.82,2.51
17026,26.4,2.01
17027,26.54,2.11
17028,26.21,1.96
17029,26.73,2.69
17030,26.89,2.3
17031,27.4,2.61
17032,27.27,2.21
17033,26.16,1.17
17034,27.26,2.25
17035,26.73,2.28
17036,26.59,2.45
17037,26.33,1.76
17038,26.06,1.38
17039,26.99,2.86
17040,27.76,1.99
17041,26.33,2.38
17042,27.45,1.99
17043,28.35,2.22
17044,27.29,1.86
17045,27.19,1.51
17046,28.23,2.69
17047,26.84,1.75
17048,27.99,2.38
17049,26.17,2.62
17050,26.47,1.76
17051,26.57,1.37
17052,26.71,5.87
17053,27.15,1.8
17054,26.01,2.86
17055,26.55,4.83
17056,26.5,3.05
17057,26.47,1.97
17058,26.39,2.17
17059,27.82,1.6
17060,25.72,3.17
17061,26.2,2.79
17062,25.96,1.81
17063,27.16,1.47
17064,26.07,1.31
17065,25.68,3.3
17066,26.45,2.34
17067,25.7,2.43
17068,25.71,1.6
17069,26.13,1.24
17070,26.67,3.27
17071,26.86,2.26
17072,28.65,3.2
17073,26.8,1.91
17074,26.73,2.02
17075,27.07,2.96
17076,26.93,2.98
17077,27.32,3.06
17078,27.79,1.98
17079,28.6,2.85
17080,26.71,3.47
17081,26.1,2.13
17082,25.34,1.81
17083,56.5,3.81
17084,29.08,1.71
17085,26.78,2.86
17086,26.35,2.17
17087,26.62,1.07
17088,27.88,3.5
17089,26.44,0.74
17090,28.56,1.01
17091,26.91,2.75
17092,26.89,2.75
17093,25.64,1.72
17094,26.54,2.36
17095,27.99,0.81
17096,28.48,2.95
17097,27.56,2.46
17098,25.53,2.19
17099,26.17,2.24
17100,27.67,2.71
17101,26.63,2.2
17102,26.28,1.05
17103,26.36,5.36
17104,27.41,3.6
17105,26.78,1.33
17106,27.17,1.94
17107,26.19,2.03
17108,25.45,3.43
17109,28.94,0.94
17110,28.25,1.82
17111,26.76,1.1
17112,26.84,1.99
17113,28.24,1.84
17114,27.1,2.3
17115,26.57,1.75
17116,27.75,1.65
17117,28.61,2.85
17118,26.33,2.67
17119,26.85,2.77
17120,26.58,2.07
17121,26.56,1.77
17122,26.25,2.12
17123,28.11,2.72
17124,27.23,0.93
17125,27.42,2.61
17126,41.69,2.52
17127,26.12,2.28
17128,27.35,2.1
17129,26.8,0.8
17130,26.45,1.87
17131,26.16,4.55
17132,27.02,2.24
17133,26.2,1.97
17134,26.36,2.24
17135,26.98,2.56
17136,26.04,2.9
17137,26.43,2.03
17138,28.0,2.64
17139,27.0,4.35
17140,26.62,3.33
17141,28.38,5.68
17142,25.96,1.71
17143,25.86,4.35
17144,26.75,1.62
17145,26.76,2.56
17146,25.58,2.98
17147,26.13,1.81
17148,27.36,2.31
17149,26.69,3.2
17150,25.37,1.68
17151,26.6,4.34
17152,27.76,1.28
17153,26.98,4.83
17154,27.3,3.32
17155,25.92,2.15
17156,28.39,1.89
17157,26.16,1.82
17158,27.78,2.11
17159,26.38,2.18
17160,26.3,3.68
17161,26.96,4.89
17162,26.93,2.41
17163,27.59,1.59
17164,27.4,1.79
17165,26.32,2.07
17166,26.88,1.47
17167,27.22,1.39
17168,25.55,5.15
17169,27.68,2.51
17170,28.49,1.59
17171,25.75,3.09
17172,28.06,1.39
17173,27.37,1.44
17174,26.16,1.61
17175,25.96,4.31
17176,26.18,2.01
17177,25.64,0.84
17178,26.57,3.61
17179,25.78,1.97
17180,25.47,1.06
17181,26.21,1.96
17182,27.19,2.74
17183,27.18,2.62
17184,26.97,4.57
17185,28.08,1.58
17186,27.35,2.27
17187,26.69,1.68
17188,27.18,1.2
17189,26.29,3.17
17190,26.56,2.68
17191,26.42,2.49
17192,26.14,2.64
17193,27.39,1.69
17194,28.44,1.49
17195,27.16,2.26
17196,27.17,3.54
17197,26.1,4.23
17198,25.85,3.06
17199,28.38,2.25
17200,26.33,2.48
17201,27.12,2.24
17202,27.0,1.48
17203,26.72,2.25
17204,25.59,1.3
17205,25.98,2.12
17206,26.48,4.28
17207,26.56,3.09
17208,25.67,1.54
17209,26.43,2.16
17210,26.68,1.59
17211,26.11,2.17
17212,26.45,3.38
17213,27.31,2.89
17214,26.46,6.01
17215,25.75,3.59
17216,26.26,2.41
17217,25.98,2.92
17218,25.8,2.05
17219,26.25,1.42
17220,27.38,3.75
17221,26.08,3.33
17222,26.24,2.02
17223,27.1,2.48
17224,26.36,3.66
17225,28.33,3.12
17226,25.76,1.24
17227,26.47,2.45
17228,26.7,2.08
17229,27.99,3.47
17230,26.69,3.36
17231,25.74,3.77
17232,27.22,1.42
17233,28.48,1.63
17234,26.56,3.48
17235,26.98,1.76
17236,26.72,1.21
17237,25.97,2.75
17238,27.01,1.79
17239,26.35,4.55
17240,26.71,2.51
17241,26.22,2.37
17242,26.8,1.92
17243,26.33,4.21
17244,25.85,2.57
17245,26.04,1.89
17246,25.92,1.62
17247,27.06,2.16
17248,53.83,1.51
17249,25.79,3.36
17250,26.72,1.08
17251,29.88,2.1
17252,28.77,2.84
17253,27.7,2.55
17254,26.67,1.67
17255,26.64,2.9
17256,26.35,1.56
17257,28.23,2.21
17258,27.13,2.89
17259,27.9,2.68
17260,27.68,1.7
17261,27.58,3.59
17262,28.04,2.3
17263,26.08,3.0
17264,26.4,4.1
17265,26.29,3.48
17266,26.39,3.48
17267,25.54,2.4
17268,26.49,3.06
17269,27.39,2.42
17270,25.81,1.37
17271,25.82,2.51
17272,27.38,2.47
17273,25.79,2.81
17274,27.51,2.11
17275,26.49,1.64
17276,27.55,2.89
17277,26.83,1.32
17278,26.96,3.99
17279,25.37,2.03
17280,27.31,2.46
17281,29.01,2.78
17282,26.39,2.82
17283,26.09,1.27
17284,25.58,3.09
17285,29.2,2.51
17286,26.6,1.73
17287,27.52,1.65
17288,26.16,1.95
17289,25.26,1.32
17290,27.32,4.43
17291,28.12,4.03
17292,25.99,2.67
17293,27.49,2.04
17294,26.65,2.06
17295,26.62,3.01
17296,26.41,4.5
17297,26.62,1.77
17298,26.86,1.42
17299,26.62,4.13
17300,27.57,1.09
17301,25.75,1.49
17302,26.86,2.02
17303,26.17,1.19
17304,25.89,3.47
17305,25.98,3.14
17306,26.7,1.77
17307,28.26,3.71
17308,26.1,3.97
17309,26.67,2.13
17310,26.48,1.86
17311,26.05,5.5
17312,26.19,2.97
17313,28.96,2.47
17314,27.01,3.84
17315,26.73,2.51
17316,26.1,1.82
17317,27.92,2.3
17318,26.86,3.37
17319,26.45,1.0
17320,26.77,1.98
17321,27.04,3.87
17322,25.77,1.81
17323,26.75,4.13
17324,26.68,3.92
17325,27.44,2.17
17326,25.52,1.77
17327,25.55,1.98
17328,26.49,6.46
17329,25.92,4.71
17330,26.9,2.34
17331,26.97,1.74
17332,25.47,2.33
17333,25.69,2.45
17334,26.06,1.35
17335,26.26,2.3
17336,25.38,3.78
17337,25.9,1.08
17338,26.57,3.1
17339,25.83,3.86
17340,27.37,1.78
17341,27.03,4.38
17342,28.14,1.69
17343,25.49,2.65
17344,26.28,1.97
17345,26.37,1.97
17346,27.04,1.74
17347,27.02,2.94
17348,25.73,3.13
17349,25.79,2.17
17350,26.44,1.29
17351,27.81,2.62
17352,26.44,2.63
17353,27.87,2.04
17354,28.6,4.7
17355,26.07,1.19
17356,26.89,0.92
17357,27.23,1.66
17358,27.31,2.96
17359,25.79,1.46
17360,25.94,1.5
17361,27.23,3.26
17362,27.8,2.68
17363,26.11,2.59
17364,26.62,3.04
17365,26.86,1.88
17366,27.44,1.91
17367,28.08,3.08
17368,26.9,1.3
17369,27.37,0.94
17370,27.2,1.87
17371,28.04,3.23
17372,27.54,2.47
17373,26.48,3.14
17374,29.36,0.99
17375,27.61,2.52
17376,26.31,2.89
17377,25.85,1.3
17378,27.13,3.14
17379,26.03,2.13
17380,27.39,7.6
17381,26.4,0.93
17382,26.43,3.85
17383,26.51,1.9
17384,26.81,1.17
17385,26.21,1.8
17386,26.57,2.49
17387,27.01,3.37
17388,26.76,4.43
17389,26.45,3.93
17390,26.17,1.51
17391,25.77,3.5
17392,25.65,2.6
17393,26.49,1.71
17394,27.78,2.04
17395,26.78,1.68
17396,26.55,2.26
17397,25.74,1.66
17398,26.28,1.48
17399,27.56,2.7
17400,25.9,2.86
17401,25.64,2.06
17402,27.77,3.85
17403,26.83,2.01
17404,26.52,1.97
17405,27.5,2.9
17406,27.41,2.11
17407,26.79,2.3
17408,25.94,0.81
17409,27.57,2.24
17410,27.18,1.07
17411,27.39,1.37
17412,27.35,1.3
17413,27.28,1.47
17414,26.77,1.79
17415,26.51,1.83
17416,26.12,2.9
17417,26.38,2.43
17418,26.86,1.04
17419,26.73,2.3
17420,25.62,2.53
17421,27.79,1.95
17422,26.82,2.17
17423,26.39,2.4
17424,25.46,3.02
17425,27.1,1.19
17426,26.3,2.02
17427,55.0,4.07
17428,27.69,3.92
17429,27.09,3.13
17430,26.87,2.76
17431,26.81,4.31
17432,26.72,4.79
17433,26.35,2.11
17434,25.81,1.51
17435,27.77,2.0
17436,28.03,7.68
17437,26.67,1.19
17438,27.73,1.84
17439,26.66,1.26
17440,26.84,2.34
17441,25.86,1.38
17442,25.9,2.13
17443,28.03,1.02
17444,26.11,2.85
17445,26.25,3.63
17446,28.09,1.91
17447,26.6,2.11
17448,26.36,2.08
17449,26.85,2.39
17450,26.67,2.19
17451,27.3,3.03
17452,28.14,3.64
17453,26.29,1.61
17454,25.46,1.97
17455,26.39,3.19
17456,26.06,1.26
17457,26.3,1.01
17458,27.79,2.44
17459,26.58,2.71
17460,26.0,1.67
17461,28.15,1.77
17462,26.27,1.64
17463,26.49,1.57
17464,26.71,2.94
17465,26.3,1.39
17466,26.31,2.0
17467,27.44,1.55
17468,28.53,1.24
17469,25.62,3.15
17470,26.46,1.81
17471,27.2,2.4
17472,26.97,1.22
17473,26.06,1.65
17474,25.86,3.01
17475,26.4,6.26
17476,26.92,1.01
17477,28.0,2.05
17478,27.34,2.62
17479,26.37,1.74
17480,28.1,3.13
17481,30.11,1.57
17482,27.25,2.37
17483,26.46,1.81
17484,28.55,3.62
17485,28.83,1.7
17486,27.43,1.93
17487,27.52,3.25
17488,25.87,1.48
17489,27.15,2.29
17490,26.86,1.07
17491,27.89,1.44
17492,26.15,2.59
17493,26.48,1.5
17494,26.66,1.79
17495,27.39,2.71
17496,27.21,1.77
17497,26.32,3.09
17498,27.28,2.43
17499,26.48,2.65
17500,27.54,3.66
17501,21.3,2.53
17502,26.97,4.12
17503,26.66,3.2
17504,26.55,1.81
17505,28.44,3.73
17506,26.2,2.47
17507,26.69,1.9
17508,28.16,2.49
17509,27.99,3.47
17510,26.4,2.67
17511,27.25,4.61
17512,26.85,3.44
17513,27.94,2.74
17514,27.18,1.48
17515,26.67,2.07
17516,26.95,2.29
17517,28.41,2.94
17518,27.58,2.87
17519,27.1,2.38
17520,28.32,2.34
17521,25.84,2.97
17522,26.26,1.58
17523,25.68,4.39
17524,30.45,0.98
17525,28.7,3.98
17526,27.25,2.19
17527,26.92,3.32
17528,26.56,2.57
17529,27.11,2.56
17530,26.18,2.78
17531,28.9,3.08
17532,26.8,1.95
17533,31.36,3.37
17534,27.28,1.44
17535,28.41,2.22
17536,28.01,3.11
17537,28.31,3.31
17538,28.48,2.68
17539,26.54,1.9
17540,25.99,3.19
17541,27.66,1.7
17542,27.63,4.48
17543,26.5,2.15
17544,29.59,1.2
17545,27.51,1.38
17546,26.92,2.26
17547,28.23,2.35
17548,26.59,4.89
17549,25.67,1.47
17550,26.61,2.26
17551,27.87,1.46
17552,27.89,1.83
17553,25.5,4.36
17554,28.0,1.41
17555,26.4,2.81
17556,26.08,2.6
17557,27.42,2.2
17558,27.74,2.74
17559,26.34,1.4
17560,25.94,4.32
17561,26.92,4.81
17562,26.72,2.27
17563,28.2,5.87
17564,25.74,1.9
17565,26.91,2.61
17566,27.1,3.95
17567,26.74,1.85
17568,25.63,1.28
17569,28.23,1.17
17570,25.96,5.08
17571,27.1,1.8
17572,27.57,2.07
17573,26.98,1.43
17574,27.34,3.25
17575,27.54,1.63
17576,26.95,1.83
17577,27.38,2.51
17578,27.16,1.45
17579,27.2,2.07
17580,26.9,3.9
17581,28.21,2.64
17582,25.73,2.34
17583,30.67,2.43
17584,26.82,1.9
17585,28.74,4.95
17586,26.71,1.61
17587,27.39,2.42
17588,26.41,2.33
17589,26.66,3.33
17590,26.54,3.46
17591,26.41,2.2
17592,27.69,2.5
17593,27.32,2.54
17594,26.72,0.9
17595,27.27,1.18
17596,27.03,1.75
17597,26.35,1.78
17598,25.67,1.38
17599,26.94,3.0
17600,25.87,2.23
17601,28.1,2.04
17602,27.61,1.35
17603,26.46,2.19
17604,27.93,0.78
17605,45.44,2.09
17606,27.0,2.28
17607,26.95,2.45
17608,26.82,1.19
17609,28.19,2.43
17610,25.54,1.47
17611,26.62,1.61
17612,26.38,2.97
17613,26.9,4.98
17614,25.82,2.27
17615,26.16,1.61
17616,27.11,2.4
17617,26.28,3.24
17618,26.44,2.85
17619,27.38,6.67
17620,27.03,1.67
17621,25.51,2.46
17622,27.65,4.14
17623,26.55,4.03
17624,26.85,1.02
17625,26.43,2.22
17626,27.86,4.03
17627,27.52,7.07
17628,26.78,2.95
17629,26.4,1.92
17630,26.68,1.49
17631,26.91,5.41
17632,26.63,2.98
17633,28.87,1.59
17634,26.37,2.05
17635,27.65,2.52
17636,30.17,2.77
17637,26.84,1.55
17638,26.78,1.74
17639,30.09,1.15
17640,26.52,3.37
17641,27.81,1.94
17642,25.94,2.68
17643,28.08,3.93
17644,27.09,2.43
17645,26.42,2.13
17646,26.37,2.41
17647,26.68,2.28
17648,26.35,3.66
17649,27.63,2.52
17650,26.91,1.79
17651,29.91,3.38
17652,28.59,3.64
17653,26.47,1.3
17654,26.93,4.11
17655,28.06,2.58
17656,27.31,2.49
17657,27.46,3.33
17658,25.93,1.77
17659,26.11,3.26
17660,26.79,1.91
17661,26.65,1.23
17662,25.68,1.49
17663,25.68,2.79
17664,27.06,1.52
17665,28.07,4.24
17666,25.8,3.58
17667,27.65,3.79
17668,17.07,2.34
17669,26.94,2.47
17670,25.82,1.38
17671,27.25,3.31
17672,27.93,2.59
17673,25.37,2.79
17674,26.16,4.37
17675,26.42,1.75
17676,26.28,2.12
17677,28.88,2.54
17678,26.5,1.53
17679,26.38,2.06
17680,28.22,2.71
17681,26.78,1.95
17682,26.76,3.76
17683,25.45,1.22
17684,27.03,3.49
17685,26.43,2.9
17686,27.33,1.77
17687,26.65,1.54
17688,27.99,0.97
17689,26.46,1.62
17690,26.99,3.38
17691,26.72,2.18
17692,26.16,3.54
17693,25.87,1.74
17694,26.78,2.95
17695,26.91,1.67
17696,27.15,1.51
17697,28.0,2.13
17698,26.68,1.71
17699,26.83,1.2
17700,26.11,2.07
17701,26.02,2.32
17702,26.42,3.7
17703,27.07,3.24
17704,25.8,3.63
17705,28.28,2.97
17706,27.16,2.54
17707,26.26,1.36
17708,25.49,2.36
17709,25.62,2.83
17710,26.21,3.99
17711,26.43,2.93
17712,26.9,3.66
17713,27.15,1.47
17714,26.95,1.95
17715,26.96,2.64
17716,26.35,3.54
17717,26.65,2.1
17718,26.14,2.15
17719,26.96,2.93
17720,27.59,1.42
17721,27.35,4.23
17722,26.99,1.57
17723,26.18,1.03
17724,26.32,2.23
17725,26.77,4.39
17726,25.83,2.81
17727,26.26,3.01
17728,28.21,2.26
17729,27.02,2.09
17730,27.66,1.2
17731,26.2,0.9
17732,26.81,2.41
17733,27.81,3.76
17734,26.56,2.55
17735,25.39,2.86
17736,26.74,4.19
17737,26.81,2.54
17738,26.65,2.12
17739,28.1,1.6
17740,25.31,5.0
17741,26.76,2.75
17742,25.63,1.53
17743,26.27,1.39
17744,27.5,3.67
17745,27.1,1.47
17746,26.28,4.67
17747,26.55,0.74
17748,26.66,3.93
17749,26.43,2.7
17750,26.41,2.33
17751,25.6,2.07
17752,25.99,4.74
17753,26.72,2.95
17754,26.21,1.55
17755,26.87,1.12
17756,27.67,2.39
17757,26.72,2.22
17758,26.93,1.21
17759,26.28,2.18
17760,28.58,1.77
17761,26.31,2.23
17762,26.72,2.98
17763,17.51,4.04
17764,27.28,3.2
17765,26.32,1.67
17766,27.78,2.58
17767,26.34,2.28
17768,26.68,1.31
17769,27.68,2.61
17770,27.78,4.68
17771,28.26,2.25
17772,28.21,1.18
17773,26.39,2.25
17774,26.3,1.37
17775,26.85,3.14
17776,26.86,2.75
17777,26.81,2.08
17778,26.89,1.95
17779,26.14,2.04
17780,26.75,2.23
17781,25.72,1.63
17782,26.87,1.28
17783,27.04,3.51
17784,18.18,1.91
17785,26.35,2.38
17786,27.07,2.49
17787,26.21,2.53
17788,26.25,1.39
17789,25.71,1.14
17790,28.18,1.76
17791,26.52,2.61
17792,27.75,1.66
17793,25.77,1.93
17794,26.79,5.21
17795,26.2,1.06
17796,27.84,1.65
17797,26.02,4.75
17798,27.87,2.19
17799,26.06,1.68
17800,26.63,3.55
17801,25.89,2.28
17802,27.17,1.94
17803,27.38,2.4
17804,27.22,1.71
17805,26.07,1.48
17806,27.99,2.13
17807,25.84,1.49
17808,26.62,2.24
17809,26.86,2.56
17810,27.07,3.13
17811,26.18,3.49
17812,26.22,1.89
17813,48.48,2.72
17814,26.98,2.71
17815,26.13,2.54
17816,26.22,1.84
17817,26.94,1.48
17818,26.88,2.72
17819,25.18,1.12
17820,25.85,2.0
17821,26.55,0.8
17822,25.87,1.3
17823,27.23,1.57
17824,28.85,3.45
17825,27.39,2.93
17826,27.53,1.78
17827,25.88,2.98
17828,26.83,3.17
17829,27.09,2.09
17830,25.93,1.28
17831,26.61,2.05
17832,28.07,2.14
17833,27.33,1.36
17834,27.31,2.58
17835,26.38,2.49
17836,26.69,2.66
17837,25.4,2.49
17838,25.43,2.98
17839,28.23,2.07
17840,26.94,2.41
17841,25.76,1.9
17842,26.49,1.76
17843,25.69,3.8
17844,28.04,0.98
17845,28.47,3.16
17846,27.91,1.74
17847,25.69,1.65
17848,26.17,2.47
17849,26.32,1.23
17850,27.96,1.61
17851,27.42,1.58
17852,26.37,2.04
17853,26.18,1.61
17854,26.67,4.22
17855,25.82,4.57
17856,27.56,0.99
17857,25.55,2.77
17858,25.63,3.14
17859,26.49,2.77
17860,25.72,1.71
17861,25.74,2.02
17862,27.07,1.65
17863,26.47,1.88
17864,27.01,1.37
17865,26.31,2.13
17866,27.19,1.22
17867,26.81,2.05
17868,26.41,1.35
17869,25.86,2.42
17870,26.71,1.7
17871,26.45,2.5
17872,25.97,3.43
17873,26.49,4.2
17874,26.88,0.81
17875,26.55,1.59
17876,25.65,1.97
17877,26.19,2.68
17878,25.8,1.15
17879,27.26,1.5
17880,27.25,2.34
17881,29.3,2.3
17882,27.61,2.59
17883,27.17,2.66
17884,26.43,2.55
17885,26.51,2.4
17886,26.91,2.28
17887,26.17,2.9
17888,26.73,0.91
17889,27.07,4.13
17890,28.19,0.92
17891,28.24,1.45
17892,26.15,2.03
17893,26.32,2.91
17894,26.58,0.67
17895,25.93,2.2
17896,27.88,3.06
17897,26.46,3.31
17898,25.88,1.68
17899,28.07,1.97
17900,28.48,1.74
17901,26.14,1.9
17902,26.11,1.47
17903,28.09,1.56
17904,26.17,2.65
17905,26.99,2.35
17906,26.61,2.71
17907,27.06,2.42
17908,25.84,2.95
17909,27.27,3.16
17910,26.74,1.11
17911,26.53,1.58
17912,25.84,2.03
17913,25.93,2.21
17914,26.07,1.7
17915,27.42,3.21
17916,28.25,4.91
17917,28.27,2.4
17918,27.29,2.3
17919,27.17,3.13
17920,28.63,1.06
17921,26.06,2.25
17922,26.7,3.29
17923,26.04,1.72
17924,27.32,1.36
17925,26.6,2.07
17926,28.34,2.17
17927,27.63,1.55
17928,26.39,5.15
17929,27.27,1.84
17930,27.75,1.4
17931,25.98,2.14
17932,25.93,3.2
17933,27.76,2.24
17934,26.81,2.7
17935,27.13,1.57
17936,27.69,4.04
17937,26.78,2.79
17938,26.53,3.38
17939,26.41,2.58
17940,26.38,3.1
17941,26.27,1.57
17942,26.14,1.83
17943,28.11,3.81
17944,26.12,4.15
17945,27.35,1.41
17946,28.1,2.46
17947,26.5,1.87
17948,26.25,1.68
17949,26.06,2.49
17950,27.32,3.51
17951,26.11,2.67
17952,28.93,1.96
17953,27.75,2.73
17954,25.69,1.93
17955,27.8,2.62
17956,52.06,3.89
17957,27.82,0.97
17958,26.49,3.06
17959,26.43,1.2
17960,26.28,3.64
17961,28.49,1.72
17962,26.67,1.37
17963,27.73,2.94
17964,28.36,2.57
17965,26.74,1.49
17966,28.09,1.35
17967,28.36,2.06
17968,26.49,1.37
17969,26.19,1.46
17970,27.09,2.33
17971,29.3,1.51
17972,28.67,2.64
17973,29.32,4.04
17974,29.29,2.1
17975,27.44,2.34
17976,29.29,4.99
17977,25.7,1.38
17978,26.54,3.58
17979,29.88,3.42
17980,26.95,3.13
17981,28.42,3.73
17982,27.6,2.49
17983,26.09,1.76
17984,26.2,3.45
17985,29.17,3.5
17986,29.79,3.46
17987,27.02,2.27
17988,29.48,1.67
17989,27.87,2.4
17990,25.86,3.24
17991,26.17,3.35
17992,26.38,1.87
17993,26.01,2.52
17994,26.9,1.32
17995,29.27,3.3
17996,27.3,1.63
17997,26.26,3.05
17998,26.84,1.41
17999,28.25,3.36
18000,26.93,2.53
18001,25.89,1.63
18002,26.48,2.93
18003,26.2,1.76
18004,26.21,3.0
18005,26.99,1.99
18006,27.38,1.12
18007,26.29,1.5
18008,27.36,1.87
18009,27.2,3.85
18010,25.93,3.19
18011,26.08,4.26
18012,26.04,4.31
18013,26.7,1.8
18014,26.82,2.06
18015,27.48,1.89
18016,25.7,1.7
18017,25.79,1.07
18018,27.15,2.21
18019,26.23,1.33
18020,27.76,2.2
18021,27.53,5.19
18022,27.56,1.82
18023,27.2,2.41
18024,27.3,3.2
18025,27.08,2.49
18026,29.18,2.5
18027,27.36,1.93
18028,27.37,2.03
18029,26.21,1.52
18030,26.43,3.12
18031,27.53,1.11
18032,26.37,3.28
18033,26.22,1.27
18034,25.97,3.27
18035,26.3,1.93
18036,26.17,1.36
18037,26.23,2.81
18038,26.09,3.23
18039,26.06,1.87
18040,26.58,2.97
18041,28.15,0.89
18042,28.69,1.31
18043,26.71,3.73
18044,26.32,2.04
18045,26.66,1.06
18046,18.54,1.68
18047,25.73,1.54
18048,28.31,2.08
18049,25.9,1.92
18050,25.96,2.39
18051,27.29,2.16
18052,25.56,3.83
18053,26.0,2.64
18054,28.57,2.67
18055,26.07,3.55
18056,26.08,1.91
18057,26.52,1.34
18058,26.49,3.61
18059,26.17,2.35
18060,25.77,2.35
18061,27.0,1.73
18062,25.75,1.74
18063,26.16,3.12
18064,26.76,3.3
18065,27.64,3.05
18066,26.96,3.06
18067,27.68,2.79
18068,26.84,2.35
18069,25.99,2.07
18070,26.51,3.61
18071,27.31,1.92
18072,27.91,2.58
18073,26.34,1.61
18074,25.98,1.71
18075,29.76,2.02
18076,25.79,1.61
18077,27.11,3.06
18078,26.27,1.3
18079,28.16,2.32
18080,25.8,2.35
18081,25.89,1.08
18082,26.13,1.87
18083,26.59,2.47
18084,25.93,2.64
18085,25.43,2.05
18086,25.73,2.92
18087,26.35,2.13
18088,26.68,2.24
18089,26.04,2.46
18090,30.93,3.22
18091,25.97,1.7
18092,26.48,1.83
18093,25.93,1.7
18094,27.11,1.95
18095,26.55,3.94
18096,26.57,2.8
18097,26.3,1.42
18098,53.16,1.75
18099,27.03,2.58
18100,26.06,1.55
18101,25.56,1.67
18102,26.01,3.81
18103,25.73,1.74
18104,25.81,3.26
18105,25.27,3.68
18106,26.84,1.66
18107,26.37,1.56
18108,28.68,1.99
18109,27.86,1.44
18110,29.56,2.34
18111,27.28,2.05
18112,27.14,2.57
18113,27.22,3.89
18114,26.61,3.09
18115,25.18,2.71
18116,26.0,1.01
18117,28.09,2.66
18118,25.84,4.43
18119,25.78,0.67
18120,25.91,2.93
18121,29.78,2.09
18122,28.36,1.58
18123,27.49,3.07
18124,28.28,4.41
18125,26.67,3.03
18126,31.15,1.92
18127,26.97,1.53
18128,27.88,2.36
18129,26.01,3.16
18130,27.05,1.91
18131,20.75,1.98
18132,27.25,6.88
18133,25.47,3.43
18134,27.99,3.53
18135,25.73,1.24
18136,26.24,1.68
18137,25.43,2.29
18138,26.45,1.49
18139,25.95,4.22
18140,26.32,3.91
18141,26.24,1.8
18142,25.66,4.54
18143,28.44,2.22
18144,27.04,6.27
18145,26.9,2.36
18146,26.17,2.8
18147,26.99,3.9
18148,26.51,3.71
18149,26.28,2.73
18150,26.39,2.1
18151,26.88,2.73
18152,26.7,1.61
18153,27.24,2.37
18154,26.8,1.43
18155,27.0,1.09
18156,26.84,2.27
18157,25.49,3.69
18158,27.48,3.22
18159,26.18,2.15
18160,26.01,4.48
18161,25.92,1.77
18162,25.95,1.03
18163,27.24,0.93
18164,26.09,1.39
18165,25.98,3.09
18166,26.92,1.73
18167,26.46,2.68
18168,26.42,4.3
18169,25.7,1.43
18170,25.87,2.7
18171,27.78,2.76
18172,26.72,1.58
18173,26.6,3.83
18174,26.14,1.98
18175,27.71,1.91
18176,26.83,5.18
18177,27.9,2.74
18178,28.72,3.22
18179,28.86,3.83
18180,26.56,1.72
18181,27.73,3.67
18182,26.64,1.82
18183,26.36,1.79
18184,28.18,2.0
18185,27.17,1.74
18186,26.9,3.09
18187,28.14,2.48
18188,29.64,1.83
18189,27.95,2.91
18190,26.06,1.99
18191,27.22,1.95
18192,28.78,2.27
18193,27.33,2.68
18194,26.12,2.6
18195,26.44,1.92
18196,27.99,3.12
18197,26.94,2.04
18198,27.85,1.71
18199,26.02,1.24
18200,26.25,3.3
18201,26.63,2.24
18202,26.25,2.42
18203,26.11,3.38
18204,28.15,1.84
18205,26.79,1.28
18206,26.67,2.29
18207,27.33,2.52
18208,26.3,2.0
18209,27.37,4.01
18210,27.47,0.82
18211,25.88,3.48
18212,26.78,3.05
18213,26.93,2.67
18214,29.2,0.59
18215,26.76,3.72
18216,26.85,1.48
18217,29.37,1.82
18218,27.28,2.08
18219,26.0,2.62
18220,27.03,2.87
18221,25.83,3.18
18222,29.14,3.08
18223,27.31,2.46
18224,25.8,2.63
18225,26.3,1.44
18226,27.43,1.65
18227,25.88,3.18
18228,27.52,3.11
18229,26.41,2.97
18230,26.68,1.81
18231,36.08,3.2
18232,25.97,1.4
18233,26.87,3.42
18234,28.1,2.01
18235,27.41,4.37
18236,27.59,1.21
18237,26.38,4.51
18238,25.97,1.93
18239,25.9,1.91
18240,27.15,2.41
18241,26.83,1.68
18242,26.09,2.16
18243,25.69,1.66
18244,27.09,1.68
18245,27.23,2.7
18246,26.98,1.55
18247,25.81,1.64
18248,26.39,1.29
18249,27.74,1.82
18250,26.67,3.76
18251,27.15,1.59
18252,28.36,1.66
18253,26.69,2.41
18254,27.07,1.92
18255,27.2,5.43
18256,28.0,2.09
18257,26.65,2.54
18258,26.27,3.25
18259,56.51,3.22
18260,28.36,2.44
18261,26.2,2.09
18262,26.2,5.0
18263,26.9,2.14
18264,26.73,1.87
18265,27.0,1.72
18266,26.24,1.12
18267,27.61,3.09
18268,26.78,0.87
18269,27.64,2.22
18270,27.93,2.05
18271,27.5,5.45
18272,28.89,1.07
18273,27.23,1.55
18274,27.08,2.11
18275,27.4,2.06
18276,26.94,1.79
18277,26.21,2.15
18278,28.22,1.34
18279,26.34,2.57
18280,33.15,0.88
18281,26.16,2.2
18282,26.28,1.75
18283,26.39,3.34
18284,27.55,4.49
18285,28.12,1.95
18286,27.2,3.88
18287,28.13,1.96
18288,26.02,1.51
18289,25.75,4.47
18290,27.58,2.74
18291,26.82,2.23
18292,26.06,2.93
18293,27.99,2.48
18294,26.0,2.16
18295,27.17,1.31
18296,28.66,2.0
18297,28.0,2.86
18298,26.18,2.12
18299,26.75,3.19
18300,28.57,2.59
18301,27.17,1.57
18302,28.45,1.31
18303,26.37,2.09
18304,27.43,1.8
18305,25.81,2.55
18306,26.89,1.67
18307,26.72,1.74
18308,27.33,3.39
18309,25.91,2.36
18310,27.99,1.68
18311,27.76,2.24
18312,26.94,3.86
18313,26.66,2.5
18314,27.99,2.82
18315,25.93,1.65
18316,26.62,3.36
18317,25.89,5.63
18318,26.18,1.62
18319,26.3,1.39
18320,27.83,2.39
18321,28.17,3.16
18322,26.01,2.15
18323,26.12,1.46
18324,28.11,2.13
18325,28.37,2.83
18326,26.24,1.89
18327,26.02,2.84
18328,26.88,3.55
18329,26.33,2.45
18330,26.79,2.2
18331,25.89,3.1
18332,26.12,1.58
18333,27.51,1.52
18334,28.42,2.0
18335,26.72,1.83
18336,27.62,1.61
18337,25.7,4.63
18338,26.43,5.31
18339,28.89,1.93
18340,25.97,2.31
18341,28.04,2.06
18342,28.11,3.47
18343,28.06,3.75
18344,27.32,1.09
18345,25.92,2.69
18346,25.45,1.32
18347,27.69,4.5
18348,27.64,2.65
18349,27.47,1.6
18350,26.14,2.02
18351,26.4,1.98
18352,27.18,2.75
18353,26.83,3.38
18354,26.86,1.41
18355,26.09,4.64
18356,26.48,4.23
18357,25.65,1.57
18358,27.03,2.29
18359,27.32,4.41
18360,27.89,3.64
18361,26.97,1.95
18362,26.38,3.08
18363,26.93,7.38
18364,26.24,2.32
18365,25.98,1.73
18366,26.39,2.38
18367,27.01,2.46
18368,26.12,1.8
18369,26.2,2.66
18370,26.96,1.35
18371,26.35,1.71
18372,26.99,3.01
18373,27.34,1.1
18374,27.44,3.19
18375,27.63,1.0
18376,26.85,1.11
18377,27.07,1.82
18378,25.67,2.5
18379,27.29,3.78
18380,27.7,2.28
18381,26.98,2.02
18382,26.47,2.81
18383,26.71,1.57
18384,25.81,2.35
18385,25.95,1.38
18386,26.56,2.3
18387,27.1,2.11
18388,27.3,1.61
18389,28.42,2.38
18390,28.18,2.37
18391,26.5,3.56
18392,26.02,1.17
18393,25.38,2.16
18394,27.74,1.64
18395,25.58,3.15
18396,26.99,3.01
18397,26.13,2.73
18398,17.85,1.68
18399,26.17,3.17
18400,28.94,1.21
18401,26.47,1.11
18402,26.11,1.34
18403,25.85,2.2
18404,26.88,2.92
18405,27.63,0.68
18406,27.61,3.78
18407,49.42,2.35
18408,26.42,1.19
18409,26.55,2.32
18410,26.65,3.45
18411,26.32,2.83
18412,26.26,3.45
18413,27.94,1.29
18414,18.38,1.89
18415,27.49,1.54
18416,27.06,4.42
18417,27.37,2.87
18418,26.65,6.95
18419,27.11,1.85
18420,26.22,1.67
18421,27.65,2.1
18422,26.16,3.86
18423,29.01,1.92
18424,27.65,2.34
18425,27.0,2.31
18426,26.46,2.26
18427,26.11,1.71
18428,26.26,2.11
18429,27.86,2.07
18430,25.76,2.22
18431,26.93,3.25
18432,26.09,4.5
18433,26.66,1.59
18434,28.23,1.9
18435,28.48,1.6
18436,25.77,2.4
18437,26.85,1.79
18438,27.6,2.45
18439,25.89,3.46
18440,26.35,0.81
18441,26.49,2.71
18442,26.07,1.85
18443,28.55,2.68
18444,27.65,1.55
18445,27.12,3.59
18446,26.71,3.21
18447,27.24,2.79
18448,28.16,3.06
18449,27.79,1.65
18450,27.14,1.74
18451,26.23,3.01
18452,27.4,1.64
18453,26.5,3.97
18454,25.78,1.96
18455,25.74,2.72
18456,27.71,5.15
18457,29.09,1.68
18458,25.49,2.29
18459,26.9,3.39
18460,25.4,3.26
18461,27.39,1.95
18462,26.2,1.81
18463,26.27,2.03
18464,27.89,3.97
18465,26.77,1.99
18466,25.63,2.3
18467,25.98,1.88
18468,28.11,2.95
18469,27.3,2.37
18470,26.6,1.49
18471,17.38,1.51
18472,27.14,1.0
18473,26.22,1.6
18474,27.93,3.06
18475,27.05,3.78
18476,25.97,2.93
18477,26.71,2.78
18478,27.97,2.12
18479,28.25,3.03
18480,26.45,2.5
18481,27.63,4.58
18482,28.41,2.14
18483,27.43,3.81
18484,26.84,3.16
18485,27.06,2.99
18486,26.14,1.0
18487,26.12,3.23
18488,26.5,2.11
18489,26.55,1.86
18490,27.47,1.23
18491,27.44,2.22
18492,27.48,2.26
18493,25.25,1.32
18494,25.34,1.23
18495,28.56,2.7
18496,18.49,3.15
18497,27.05,2.4
18498,26.91,3.53
18499,26.38,2.15
18500,28.98,2.18
18501,26.5,1.54
18502,27.95,1.19
18503,26.16,4.67
18504,28.42,3.5
18505,30.23,1.28
18506,26.05,2.37
18507,25.61,2.14
18508,28.38,1.99
18509,28.16,1.89
18510,27.28,2.59
18511,25.26,3.09
18512,27.84,2.61
18513,25.87,2.12
18514,25.64,2.09
18515,28.45,3.24
18516,25.97,2.68
18517,25.71,2.29
18518,26.31,2.19
18519,28.28,2.56
18520,26.75,1.85
18521,25.78,3.09
18522,27.43,1.45
18523,27.78,1.89
18524,25.81,2.84
18525,27.13,1.41
18526,26.1,1.19
18527,25.88,2.28
18528,27.93,1.13
18529,27.06,1.32
18530,26.37,3.01
18531,26.74,2.05
18532,26.93,3.72
18533,26.93,1.37
18534,28.13,2.14
18535,27.27,2.61
18536,36.15,1.39
18537,27.52,3.36
18538,26.85,2.73
18539,26.03,1.17
18540,26.28,2.19
18541,26.14,2.6
18542,26.69,1.76
18543,26.19,1.23
18544,26.88,2.49
18545,26.32,5.39
18546,46.59,1.91
18547,27.04,4.17
18548,26.41,1.65
18549,28.7,2.43
18550,27.42,3.03
18551,26.37,2.22
18552,27.28,1.98
18553,25.73,2.98
18554,27.01,4.74
18555,27.78,2.51
18556,26.37,1.81
18557,26.12,2.06
18558,27.08,6.1
18559,27.33,2.35
18560,27.42,1.75
18561,26.86,1.41
18562,26.93,1.07
18563,26.86,2.57
18564,27.4,2.89
18565,27.86,1.9
18566,25.95,2.21
18567,26.84,1.39
18568,26.34,2.35
18569,25.78,2.7
18570,26.68,1.8
18571,27.67,4.38
18572,26.69,1.59
18573,26.86,2.49
18574,26.26,3.12
18575,28.29,2.16
18576,27.78,2.06
18577,25.92,1.26
18578,26.3,3.83
18579,26.18,2.08
18580,27.57,2.76
18581,26.96,2.91
18582,27.71,1.73
18583,26.12,2.06
18584,18.3,3.8
18585,27.18,1.42
18586,26.57,5.21
18587,28.08,1.65
18588,27.94,1.39
18589,25.94,2.35
18590,26.07,5.38
18591,26.55,1.04
18592,26.1,2.1
18593,27.13,2.69
18594,26.54,2.26
18595,27.15,2.59
18596,26.03,1.67
18597,26.86,1.75
18598,28.23,2.1
18599,27.3,1.42
18600,25.68,2.19
18601,25.48,1.91
18602,26.0,1.84
18603,25.83,2.53
18604,26.98,1.07
18605,28.76,2.03
18606,27.9,5.62
18607,26.57,1.44
18608,34.08,3.72
18609,26.31,2.27
18610,26.88,1.75
18611,27.64,1.31
18612,27.38,2.35
18613,27.01,3.98
18614,26.2,1.9
18615,27.59,2.15
18616,25.71,3.33
18617,28.45,2.55
18618,27.49,1.19
18619,26.81,2.32
18620,26.85,4.08
18621,28.7,2.19
18622,27.32,0.74
18623,26.84,2.6
18624,26.97,2.06
18625,27.98,1.07
18626,28.84,1.14
18627,27.28,3.29
18628,27.51,1.66
18629,26.75,1.55
18630,26.91,2.19
18631,17.04,1.72
18632,27.93,2.32
18633,18.69,2.05
18634,25.78,1.38
18635,29.49,1.81
18636,26.27,2.66
18637,27.93,2.26
18638,26.17,2.15
18639,26.78,4.83
18640,26.38,2.98
18641,26.82,3.13
18642,26.6,2.08
18643,27.5,2.43
18644,27.23,1.87
18645,27.79,3.04
18646,26.7,2.13
18647,25.73,2.43
18648,27.72,2.37
18649,27.63,2.21
18650,26.86,7.21
18651,28.0,1.7
18652,26.3,1.7
18653,29.23,2.94
18654,26.71,1.75
18655,26.19,1.98
18656,26.52,1.44
18657,27.88,2.71
18658,26.35,2.72
18659,29.64,1.96
18660,27.83,2.96
18661,26.53,1.06
18662,26.65,1.68
18663,25.82,2.08
18664,27.93,1.39
18665,26.87,1.11
18666,26.76,1.97
18667,28.16,2.94
18668,26.74,3.72
18669,25.85,1.79
18670,28.56,2.98
18671,26.18,2.87
18672,27.56,3.62
18673,27.26,1.93
18674,27.25,1.08
18675,27.7,2.29
18676,27.42,1.48
18677,25.74,1.67
18678,27.35,1.97
18679,26.54,1.94
18680,28.1,2.36
18681,25.84,2.95
18682,25.95,1.92
18683,26.22,2.61
18684,28.87,2.24
18685,28.24,3.24
18686,27.17,2.06
18687,25.96,2.16
18688,25.65,1.92
18689,27.57,2.09
18690,26.73,1.63
18691,25.87,1.56
18692,25.96,3.04
18693,28.14,1.44
18694,25.94,1.96
18695,26.17,3.34
18696,25.96,1.93
18697,27.12,3.1
18698,27.11,1.76
18699,27.51,1.46
18700,53.47,1.18
18701,25.99,3.76
18702,27.53,1.41
18703,27.06,3.0
18704,27.43,1.49
18705,26.05,3.77
18706,25.46,5.38
18707,27.93,1.13
18708,25.81,1.44
18709,25.74,3.03
18710,27.53,2.73
18711,26.78,3.04
18712,27.24,1.77
18713,28.23,4.93
18714,25.73,2.33
18715,26.09,1.37
18716,27.09,2.01
18717,28.64,1.38
18718,25.67,4.21
18719,26.2,1.71
18720,25.87,2.71
18721,27.38,1.84
18722,27.73,1.74
18723,26.41,1.04
18724,31.24,2.83
18725,25.94,3.74
18726,25.54,1.54
18727,25.91,1.2
18728,26.85,3.07
18729,25.65,1.15
18730,27.99,3.62
18731,25.58,1.55
18732,28.48,1.43
18733,26.13,2.46
18734,27.41,1.47
18735,26.26,1.68
18736,27.32,2.56
18737,25.61,0.84
18738,25.89,4.29
18739,26.5,2.26
18740,17.13,1.33
18741,26.73,1.48
18742,27.38,3.31
18743,26.4,2.83
18744,27.55,3.88
18745,26.9,1.69
18746,26.6,2.51
18747,26.19,2.64
18748,28.28,2.94
18749,27.11,3.49
18750,25.78,1.67
18751,27.07,2.13
18752,26.4,1.74
18753,26.23,2.18
18754,26.05,2.94
18755,26.97,1.15
18756,26.17,3.47
18757,26.28,1.41
18758,25.62,1.97
18759,25.62,3.66
18760,27.32,2.54
18761,28.06,2.55
18762,26.27,1.39
18763,27.31,1.47
18764,26.45,3.24
18765,28.04,1.76
18766,25.85,1.83
18767,26.32,3.27
18768,25.99,1.46
18769,25.62,2.48
18770,26.39,2.26
18771,26.88,2.22
18772,26.68,1.81
18773,25.79,1.76
18774,27.27,1.45
18775,26.52,2.7
18776,26.5,1.7
18777,27.07,3.28
18778,26.58,2.03
18779,26.4,1.46
18780,27.38,2.02
18781,26.46,1.89
18782,26.91,3.33
18783,25.88,1.92
18784,32.3,1.99
18785,28.09,3.91
18786,27.51,2.73
18787,25.86,4.33
18788,28.49,3.68
18789,26.91,1.56
18790,27.72,3.31
18791,26.5,4.1
18792,26.52,4.11
18793,26.96,3.3
18794,25.99,3.28
18795,26.1,1.97
18796,25.88,1.59
18797,26.01,1.93
18798,25.49,1.14
18799,27.11,3.81
18800,26.24,1.99
18801,27.06,3.73
18802,26.04,1.36
18803,26.32,3.43
18804,27.25,1.83
18805,26.41,1.33
18806,26.07,4.27
18807,26.32,3.47
18808,25.32,2.42
18809,26.56,2.26
18810,27.67,2.65
18811,27.17,2.41
18812,25.71,1.62
18813,27.4,1.89
18814,26.15,4.88
18815,26.02,6.48
18816,25.35,4.16
18817,26.58,2.69
18818,25.84,1.94
18819,26.04,1.62
18820,26.71,1.66
18821,26.16,1.78
18822,26.71,5.26
18823,27.26,4.58
18824,26.49,3.0
18825,27.19,1.52
18826,26.94,3.18
18827,26.01,2.02
18828,25.79,0.94
18829,25.95,2.5
18830,26.19,1.59
18831,29.38,1.61
18832,26.58,2.01
18833,27.74,1.82
18834,34.3,2.2
18835,26.98,2.15
18836,25.87,1.05
18837,25.99,4.09
18838,27.21,1.5
18839,26.48,1.52
18840,26.32,1.95
18841,25.68,2.13
18842,26.09,3.99
18843,25.71,2.48
18844,27.49,2.79
18845,29.44,2.48
18846,28.45,2.44
18847,28.8,2.52
18848,28.17,1.03
18849,29.99,2.01
18850,27.31,3.54
18851,28.49,10.77
18852,25.47,1.37
18853,26.32,2.64
18854,28.15,1.77
18855,27.01,5.05
18856,26.16,1.29
18857,26.53,2.86
18858,27.68,1.27
18859,26.8,1.96
18860,26.01,2.2
18861,25.69,3.41
18862,26.97,1.45
18863,26.75,2.9
18864,25.49,2.24
18865,27.26,2.48
18866,26.89,3.27
18867,28.17,1.33
18868,27.57,3.08
18869,26.53,1.77
18870,28.23,3.45
18871,26.24,2.54
18872,26.99,2.05
18873,28.62,1.76
18874,28.03,3.09
18875,27.95,3.69
18876,26.17,1.8
18877,27.28,1.41
18878,53.3,2.94
18879,47.88,1.25
18880,28.02,1.32
18881,28.28,1.45
18882,27.37,1.88
18883,27.18,1.3
18884,25.93,1.02
18885,26.13,1.41
18886,26.62,2.88
18887,25.99,1.34
18888,25.84,1.94
18889,27.78,4.85
18890,32.19,2.18
18891,26.99,2.55
18892,27.33,1.52
18893,26.13,5.29
18894,28.09,1.79
18895,26.09,2.03
18896,25.89,3.77
18897,27.26,2.07
18898,27.81,2.27
18899,26.13,1.99
18900,29.25,1.99
18901,26.47,2.58
18902,26.61,2.78
18903,28.15,1.72
18904,26.79,1.64
18905,26.52,1.74
18906,26.28,1.27
18907,26.23,1.18
18908,25.95,2.51
18909,26.42,3.24
18910,28.27,3.15
18911,27.14,0.86
18912,26.04,2.02
18913,27.24,1.43
18914,26.61,2.36
18915,27.8,1.88
18916,26.87,2.82
18917,26.82,2.21
18918,25.83,1.04
18919,26.74,1.51
18920,25.93,2.23
18921,26.77,2.31
18922,25.83,1.27
18923,25.55,1.2
18924,27.3,2.28
18925,26.19,1.27
18926,26.48,1.14
18927,27.81,1.86
18928,26.89,1.83
18929,26.43,1.57
18930,26.96,1.68
18931,26.25,2.24
18932,26.68,1.67
18933,26.58,2.29
18934,27.11,1.91
18935,26.04,2.38
18936,26.9,3.16
18937,26.37,3.11
18938,25.86,3.73
18939,27.14,3.11
18940,26.81,2.45
18941,27.09,1.87
18942,27.12,1.91
18943,25.74,1.57
18944,26.75,2.23
18945,26.89,2.94
18946,26.38,1.66
18947,26.39,2.19
18948,27.93,1.7
18949,26.81,2.42
18950,26.28,1.79
18951,27.49,1.66
18952,26.03,1.7
18953,26.15,2.72
18954,28.1,2.14
18955,26.54,1.88
18956,26.72,2.47
18957,26.37,1.89
18958,27.27,3.49
18959,27.32,1.51
18960,27.95,2.07
18961,26.41,1.27
18962,28.5,1.94
18963,26.25,1.14
18964,25.36,3.0
18965,25.49,3.02
18966,26.16,3.05
18967,27.32,2.25
18968,26.36,1.57
18969,26.53,1.62
18970,26.35,4.1
18971,26.14,3.95
18972,26.13,2.34
18973,27.28,1.81
18974,27.82,3.85
18975,25.88,1.69
18976,27.84,2.44
18977,27.8,3.82
18978,30.12,1.59
18979,27.32,3.1
18980,25.96,2.74
18981,26.95,2.19
18982,26.78,1.5
18983,27.39,1.67
18984,26.7,2.5
18985,29.15,1.26
18986,26.58,2.35
18987,26.14,2.76
18988,27.87,3.3
18989,28.73,1.27
18990,26.63,3.77
18991,28.73,4.38
18992,28.13,2.62
18993,27.18,1.47
18994,26.81,1.95
18995,27.03,2.18
18996,27.54,2.48
18997,26.03,2.25
18998,26.2,2.49
18999,26.56,2.15
19000,25.3,2.47
19001,26.48,1.85
19002,28.37,1.94
19003,28.4,1.77
19004,26.87,4.79
19005,26.47,4.0
19006,27.3,2.78
19007,26.42,3.78
19008,27.49,3.06
19009,26.64,2.39
19010,27.98,1.22
19011,27.95,2.0
19012,25.65,1.95
19013,26.62,1.41
19014,26.09,1.23
19015,25.94,2.71
19016,25.93,2.53
19017,26.72,1.4
19018,28.27,1.65
19019,26.54,3.54
19020,26.42,1.57
19021,26.79,2.38
19022,26.95,2.06
19023,27.6,2.73
19024,26.05,1.58
19025,27.18,2.31
19026,28.07,2.38
19027,27.98,2.44
19028,28.71,2.3
19029,26.83,2.55
19030,28.47,5.35
19031,27.38,6.2
19032,29.15,1.72
19033,26.15,0.88
19034,25.6,2.82
19035,26.68,2.4
19036,27.44,3.4
19037,28.62,2.49
19038,28.06,2.28
19039,27.45,3.5
19040,27.37,3.7
19041,26.7,1.28
19042,25.96,1.61
19043,26.61,2.13
19044,28.48,2.31
19045,26.69,2.03
19046,26.18,2.65
19047,26.47,3.31
19048,28.57,4.43
19049,27.24,2.81
19050,26.94,1.58
19051,28.79,2.1
19052,27.76,2.16
19053,26.68,2.73
19054,26.51,2.6
19055,28.26,5.05
19056,27.21,1.85
19057,27.21,2.6
19058,27.38,5.71
19059,26.59,1.76
19060,27.35,2.36
19061,27.22,1.53
19062,27.4,2.3
19063,26.8,1.63
19064,27.02,3.38
19065,26.09,2.36
19066,26.16,1.53
19067,26.36,3.11
19068,27.22,2.39
19069,26.31,3.26
19070,27.49,1.41
19071,54.22,2.58
19072,26.0,3.03
19073,26.05,1.88
19074,26.98,1.35
19075,32.04,2.19
19076,27.64,3.64
19077,27.89,3.49
19078,28.5,1.88
19079,27.12,1.33
19080,28.33,1.87
19081,28.12,1.85
19082,25.87,2.66
19083,26.87,2.13
19084,26.69,1.65
19085,28.11,3.46
19086,28.06,2.35
19087,25.88,2.65
19088,26.89,1.12
19089,27.82,0.84
19090,26.61,1.25
19091,27.11,1.84
19092,27.41,2.8
19093,26.38,0.87
19094,26.82,4.21
19095,26.59,2.38
19096,27.29,3.83
19097,25.79,1.56
19098,28.93,2.72
19099,26.65,2.3
19100,26.36,3.09
19101,26.1,2.03
19102,26.05,2.69
19103,28.46,3.46
19104,25.98,1.72
19105,28.73,2.45
19106,26.05,1.05
19107,27.59,2.95
19108,25.9,4.86
19109,27.44,1.35
19110,27.83,2.15
19111,25.91,3.17
19112,29.17,2.25
19113,29.0,2.38
19114,28.58,1.9
19115,26.94,1.88
19116,26.48,2.15
19117,28.09,2.26
19118,28.83,1.39
19119,26.47,2.17
19120,27.66,4.17
19121,27.28,1.88
19122,26.06,1.36
19123,26.04,2.09
19124,26.55,1.67
19125,26.42,1.3
19126,25.98,2.35
19127,17.17,1.68
19128,25.89,1.73
19129,26.33,2.37
19130,25.69,1.21
19131,25.77,1.11
19132,26.4,2.91
19133,26.52,1.03
19134,27.61,1.51
19135,26.77,1.08
19136,26.52,1.83
19137,27.16,2.64
19138,28.95,2.33
19139,46.8,5.79
19140,17.07,3.44
19141,26.51,1.53
19142,27.81,1.38
19143,26.85,6.57
19144,28.0,3.4
19145,26.85,2.82
19146,25.65,2.29
19147,27.84,2.48
19148,27.21,1.23
19149,25.82,2.37
19150,26.04,2.29
19151,27.21,1.55
19152,25.82,1.79
19153,26.87,4.08
19154,26.13,2.12
19155,27.0,5.1
19156,25.82,1.11
19157,25.99,1.81
19158,26.47,1.2
19159,26.4,1.37
19160,26.79,1.6
19161,26.65,2.52
19162,31.65,2.48
19163,25.7,1.7
19164,26.66,0.91
19165,26.56,4.02
19166,26.81,1.99
19167,25.74,1.42
19168,27.27,2.48
19169,26.27,2.42
19170,27.46,1.96
19171,26.08,2.36
19172,28.52,1.4
19173,25.58,3.02
19174,28.78,1.49
19175,27.25,1.75
19176,26.21,2.88
19177,28.48,3.6
19178,27.35,4.2
19179,26.0,3.4
19180,18.38,1.95
19181,27.14,1.2
19182,26.28,3.9
19183,28.27,3.85
19184,26.73,1.7
19185,26.79,3.22
19186,27.85,1.95
19187,26.23,4.06
19188,26.24,1.81
19189,27.2,4.91
19190,27.03,3.05
19191,27.24,4.57
19192,27.25,1.85
19193,26.67,2.62
19194,27.04,1.51
19195,26.94,3.12
19196,25.84,3.19
19197,25.67,5.81
19198,30.3,2.7
19199,27.11,2.97
19200,28.66,1.84
19201,26.51,2.76
19202,27.87,1.91
19203,26.25,2.33
19204,27.3,2.39
19205,26.19,1.93
19206,26.8,2.28
19207,25.69,1.92
19208,27.29,1.91
19209,28.01,3.42
19210,26.47,2.39
19211,27.81,2.56
19212,27.47,1.24
19213,28.17,2.64
19214,28.15,2.75
19215,26.05,1.9
19216,25.82,5.12
19217,26.87,0.89
19218,25.82,3.05
19219,26.03,2.96
19220,26.96,2.76
19221,26.02,2.39
19222,27.91,2.77
19223,26.49,3.15
19224,26.27,1.66
19225,27.65,2.51
19226,25.91,2.07
19227,27.23,1.44
19228,59.15,2.96
19229,35.61,1.78
19230,28.03,1.22
19231,25.91,1.79
19232,27.7,1.62
19233,26.52,3.36
19234,26.88,2.37
19235,25.94,3.87
19236,27.25,1.7
19237,28.41,3.16
19238,26.62,6.93
19239,25.79,2.57
19240,25.76,3.14
19241,26.08,2.94
19242,25.82,1.26
19243,27.54,2.81
19244,26.65,2.52
19245,26.65,2.01
19246,27.06,1.56
19247,27.77,2.94
19248,26.43,1.51
19249,27.42,5.23
19250,27.1,2.33
19251,26.29,1.36
19252,30.73,1.81
19253,27.56,1.99
19254,27.1,5.84
19255,26.92,1.56
19256,28.84,2.12
19257,26.77,1.79
19258,27.8,2.72
19259,27.21,1.81
19260,26.52,1.41
19261,30.49,2.06
19262,29.21,1.97
19263,38.13,1.76
19264,31.52,1.79
19265,27.74,3.57
19266,28.01,1.96
19267,27.78,1.41
19268,26.66,1.85
19269,27.13,2.27
19270,26.68,1.3
19271,26.45,4.26
19272,25.4,3.15
19273,26.02,3.94
19274,26.74,2.6
19275,28.65,0.96
19276,28.19,4.11
19277,27.21,1.58
19278,29.0,1.63
19279,26.83,2.37
19280,27.9,3.86
19281,27.77,3.39
19282,27.34,3.2
19283,26.94,1.96
19284,28.25,1.95
19285,26.65,2.56
19286,25.36,2.11
19287,27.33,3.18
19288,27.44,3.1
19289,27.57,2.82
19290,28.18,0.81
19291,26.56,2.34
19292,31.02,2.13
19293,29.45,2.38
19294,26.31,1.65
19295,27.87,1.31
19296,26.24,2.68
19297,27.86,1.93
19298,27.19,2.8
19299,27.11,1.7
19300,27.57,3.92
19301,25.78,3.32
19302,29.39,2.51
19303,26.5,2.04
19304,27.83,3.13
19305,26.63,2.6
19306,26.15,2.45
19307,26.12,3.38
19308,27.87,3.94
19309,26.91,1.35
19310,27.76,1.46
19311,25.48,1.63
19312,26.82,1.22
19313,26.0,2.17
19314,25.96,2.83
19315,26.28,2.21
19316,25.46,1.8
19317,28.2,3.49
19318,26.34,2.35
19319,27.62,2.55
19320,27.75,3.53
19321,26.26,2.12
19322,26.12,5.07
19323,25.45,1.86
19324,26.54,4.95
19325,27.99,1.51
19326,27.89,2.74
19327,28.62,1.72
19328,30.02,3.48
19329,28.32,1.84
19330,30.18,2.5
19331,29.6,1.72
19332,26.41,3.24
19333,29.96,1.71
19334,25.49,4.36
19335,26.99,1.49
19336,28.47,1.3
19337,26.0,3.26
19338,26.66,1.76
19339,25.55,2.22
19340,27.48,1.96
19341,25.97,1.32
19342,26.75,2.16
19343,26.79,3.69
19344,26.02,3.32
19345,28.2,2.44
19346,26.82,3.47
19347,27.2,1.46
19348,27.43,1.95
19349,27.06,2.61
19350,27.76,2.11
19351,25.99,2.02
19352,26.83,1.38
19353,26.27,0.97
19354,29.36,3.09
19355,26.5,2.45
19356,26.36,3.19
19357,27.8,1.87
19358,26.51,1.67
19359,27.71,2.23
19360,26.73,3.13
19361,26.63,2.03
19362,26.54,3.07
19363,26.04,1.49
19364,27.44,2.09
19365,25.94,2.16
19366,25.89,3.63
19367,26.18,2.42
19368,25.85,4.47
19369,26.12,1.3
19370,25.27,2.34
19371,25.52,2.39
19372,28.2,2.85
19373,25.68,1.61
19374,28.17,4.37
19375,26.7,2.24
19376,26.85,1.44
19377,28.66,2.21
19378,26.43,1.96
19379,26.11,6.78
19380,25.67,3.39
19381,27.7,2.27
19382,25.97,2.13
19383,26.72,3.26
19384,26.6,3.32
19385,26.63,0.69
19386,25.7,2.88
19387,26.88,2.25
19388,29.14,1.32
19389,27.64,3.16
19390,26.68,5.47
19391,26.6,2.78
19392,26.21,3.46
19393,29.79,4.58
19394,27.08,1.6
19395,26.51,1.06
19396,26.71,2.89
19397,27.49,2.02
19398,28.05,1.28
19399,26.58,2.16
19400,27.73,2.98
19401,26.22,2.1
19402,26.57,1.62
19403,26.65,2.04
19404,26.32,2.21
19405,27.54,1.03
19406,53.35,2.1
19407,27.89,1.3
19408,28.94,2.9
19409,27.78,1.19
19410,26.39,3.34
19411,25.83,1.89
19412,26.14,1.79
19413,25.99,2.5
19414,25.61,1.57
19415,26.61,2.49
19416,27.55,1.66
19417,27.64,1.78
19418,27.04,2.62
19419,27.38,1.41
19420,25.5,1.34
19421,25.88,2.46
19422,27.07,2.2
19423,28.0,2.38
19424,26.09,2.54
19425,26.68,2.28
19426,26.02,2.84
19427,26.42,2.31
19428,29.4,1.0
19429,26.9,1.11
19430,26.15,4.81
19431,26.22,2.23
19432,28.22,3.25
19433,26.51,1.94
19434,27.35,2.17
19435,26.58,1.86
19436,26.74,5.97
19437,26.65,2.46
19438,26.27,1.8
19439,26.44,1.15
19440,25.91,4.9
19441,26.84,2.08
19442,27.63,3.0
19443,27.27,3.13
19444,26.45,1.85
19445,26.62,2.91
19446,26.28,1.75
19447,26.56,1.5
19448,25.54,3.55
19449,26.59,2.09
19450,27.22,2.74
19451,27.31,2.62
19452,27.32,2.87
19453,26.43,1.19
19454,26.25,1.76
19455,27.47,1.95
19456,25.99,1.6
19457,26.76,2.64
19458,25.72,3.58
19459,28.07,3.81
19460,26.1,1.94
19461,25.88,2.5
19462,26.19,2.66
19463,26.79,2.85
19464,26.3,1.57
19465,26.84,4.61
19466,25.61,3.22
19467,26.46,3.26
19468,26.8,3.6
19469,26.84,2.76
19470,26.2,1.48
19471,26.65,2.11
19472,26.95,1.15
19473,25.83,2.63
19474,26.05,2.08
19475,27.19,2.19
19476,26.89,3.6
19477,29.2,1.85
19478,27.28,2.01
19479,26.37,2.25
19480,26.65,1.07
19481,25.77,2.0
19482,27.79,0.82
19483,27.8,1.76
19484,26.25,3.13
19485,29.11,2.66
19486,27.68,1.75
19487,26.79,2.26
19488,26.58,1.45
19489,27.61,2.22
19490,27.22,7.19
19491,26.15,4.66
19492,26.69,2.27
19493,27.65,2.37
19494,28.48,1.5
19495,26.43,1.61
19496,28.17,2.57
19497,28.09,1.8
19498,26.84,3.2
19499,27.27,4.17
19500,26.92,2.54
19501,27.3,2.32
19502,27.03,1.14
19503,26.87,3.0
19504,27.29,1.41
19505,26.18,1.88
19506,29.08,3.27
19507,27.06,3.36
19508,28.01,1.85
19509,26.71,1.89
19510,25.96,1.68
19511,26.38,1.38
19512,25.94,1.73
19513,25.94,1.17
19514,26.07,2.92
19515,26.09,2.61
19516,28.58,2.78
19517,27.72,1.52
19518,27.87,1.38
19519,27.01,2.27
19520,27.92,2.28
19521,25.67,2.1
19522,27.71,1.98
19523,25.66,4.41
19524,25.98,2.64
19525,26.21,4.9
19526,28.71,3.7
19527,25.81,4.4
19528,26.76,1.45
19529,26.75,2.82
19530,25.9,1.87
19531,26.74,1.14
19532,26.1,4.05
19533,26.39,1.98
19534,25.79,1.46
19535,27.26,1.89
19536,28.29,1.62
19537,26.25,1.69
19538,26.3,2.04
19539,27.27,4.45
19540,27.86,1.7
19541,26.46,4.32
19542,26.31,3.13
19543,27.83,2.61
19544,27.56,3.0
19545,26.42,2.24
19546,27.4,3.72
19547,26.62,2.79
19548,53.38,1.14
19549,25.92,2.51
19550,26.42,3.05
19551,28.17,1.98
19552,26.53,2.34
19553,25.67,1.74
19554,27.4,1.28
19555,25.79,1.2
19556,17.01,1.2
19557,25.35,2.91
19558,26.17,0.82
19559,25.66,1.7
19560,26.58,1.64
19561,26.72,1.99
19562,27.05,1.06
19563,26.01,2.62
19564,26.05,1.34
19565,25.79,3.5
19566,28.58,1.74
19567,28.23,2.14
19568,26.22,2.23
19569,25.94,2.45
19570,26.68,2.26
19571,26.35,1.88
19572,26.09,2.55
19573,26.0,2.68
19574,27.32,1.64
19575,26.21,2.64
19576,28.14,3.58
19577,26.61,2.95
19578,26.43,3.23
19579,25.93,2.38
19580,26.29,1.53
19581,27.53,1.61
19582,26.19,2.53
19583,26.65,3.24
19584,27.78,6.78
19585,26.92,3.3
19586,26.88,1.39
19587,26.07,1.64
19588,28.22,5.54
19589,26.74,2.04
19590,29.0,2.27
19591,26.45,1.52
19592,29.04,4.16
19593,26.9,2.72
19594,26.27,1.63
19595,28.16,1.5
19596,26.27,2.52
19597,26.13,2.27
19598,26.56,3.1
19599,26.48,2.77
19600,27.48,2.0
19601,27.41,1.79
19602,27.11,2.09
19603,26.61,1.79
19604,27.73,2.11
19605,27.05,2.24
19606,26.77,1.55
19607,26.24,2.86
19608,26.21,1.92
19609,26.79,1.59
19610,26.12,1.93
19611,27.55,2.45
19612,25.88,2.3
19613,26.23,2.63
19614,25.78,3.19
19615,25.76,3.75
19616,28.32,2.49
19617,27.76,1.45
19618,26.05,2.0
19619,25.78,1.49
19620,26.0,4.39
19621,25.69,4.93
19622,32.51,2.89
19623,26.25,3.14
19624,31.68,2.46
19625,32.36,2.58
19626,27.19,1.17
19627,27.93,2.16
19628,26.52,1.56
19629,27.51,2.49
19630,26.93,2.17
19631,26.01,4.85
19632,28.17,3.21
19633,26.27,2.49
19634,27.42,2.0
19635,25.47,4.35
19636,27.55,2.2
19637,26.11,2.54
19638,26.78,2.26
19639,27.39,1.89
19640,26.99,2.26
19641,28.4,1.02
19642,27.56,1.2
19643,26.43,2.56
19644,26.93,4.17
19645,27.14,2.56
19646,26.09,1.67
19647,26.26,1.25
19648,27.32,3.05
19649,31.18,1.77
19650,27.15,2.88
19651,27.81,2.6
19652,30.13,2.69
19653,32.81,2.26
19654,28.66,2.59
19655,28.3,2.12
19656,26.66,1.73
19657,28.86,1.51
19658,27.1,0.86
19659,26.29,2.07
19660,26.73,4.09
19661,26.24,2.98
19662,27.29,2.44
19663,26.09,1.66
19664,28.0,3.32
19665,27.55,2.12
19666,27.79,4.18
19667,28.55,1.5
19668,25.88,1.65
19669,27.98,1.59
19670,27.73,1.23
19671,26.51,1.53
19672,26.92,2.32
19673,28.51,1.67
19674,27.6,0.5
19675,26.46,3.42
19676,25.77,1.13
19677,26.88,2.82
19678,28.92,2.25
19679,26.04,5.19
19680,26.98,3.32
19681,26.36,1.82
19682,26.55,1.68
19683,26.68,4.06
19684,25.99,1.23
19685,26.75,2.4
19686,27.06,2.11
19687,25.99,1.94
19688,25.76,2.56
19689,25.57,2.4
19690,51.02,2.67
19691,26.53,2.35
19692,26.62,2.63
19693,25.61,2.31
19694,26.99,1.71
19695,26.85,2.23
19696,25.7,1.67
19697,26.93,1.63
19698,26.13,1.95
19699,27.45,2.12
19700,27.09,2.26
19701,26.96,3.21
19702,25.58,1.82
19703,26.8,2.41
19704,27.84,2.33
19705,29.71,1.74
19706,28.2,2.29
19707,26.69,3.32
19708,27.93,2.4
19709,25.73,2.44
19710,26.53,1.68
19711,28.02,4.89
19712,26.43,1.72
19713,26.1,1.14
19714,26.34,3.14
19715,25.8,2.13
19716,27.1,1.97
19717,26.13,1.79
19718,27.31,4.71
19719,26.62,2.56
19720,26.64,2.77
19721,26.39,2.38
19722,25.59,2.48
19723,27.27,3.89
19724,25.68,2.01
19725,28.29,1.24
19726,25.23,3.15
19727,26.11,2.71
19728,26.7,2.32
19729,27.33,2.69
19730,26.93,1.92
19731,26.12,2.24
19732,26.26,2.11
19733,26.49,1.76
19734,25.61,3.58
19735,28.81,1.27
19736,26.92,5.72
19737,26.76,3.16
19738,26.52,1.09
19739,29.19,2.03
19740,27.41,2.08
19741,26.68,2.6
19742,28.06,1.5
19743,27.03,2.25
19744,25.55,2.12
19745,25.88,1.66
19746,27.04,1.57
19747,27.21,3.21
19748,26.49,1.13
19749,26.11,2.69
19750,27.52,3.06
19751,28.34,2.04
19752,26.43,2.27
19753,27.54,3.54
19754,26.58,1.68
19755,28.57,1.75
19756,27.21,1.83
19757,26.19,3.55
19758,25.92,3.73
19759,28.54,1.27
19760,26.35,3.33
19761,26.1,3.09
19762,25.76,4.14
19763,26.26,2.6
19764,26.45,2.19
19765,26.21,3.52
19766,25.84,2.94
19767,26.42,5.46
19768,27.98,3.27
19769,26.27,2.37
19770,27.53,1.39
19771,26.58,1.76
19772,26.18,1.25
19773,26.79,2.04
19774,27.25,3.22
19775,25.98,2.22
19776,26.91,3.35
19777,29.17,2.55
19778,26.11,1.89
19779,26.77,2.3
19780,25.49,2.69
19781,26.55,2.35
19782,27.6,2.36
19783,26.93,1.64
19784,27.73,1.87
19785,27.9,5.49
19786,26.56,3.64
19787,27.15,1.23
19788,27.0,0.86
19789,27.92,2.29
19790,27.03,3.18
19791,26.67,1.81
19792,25.83,3.35
19793,27.61,2.28
19794,29.01,2.09
19795,27.63,3.01
19796,26.08,1.8
19797,25.54,1.98
19798,28.13,2.91
19799,26.36,2.2
19800,26.51,4.78
19801,26.29,2.94
19802,26.21,2.86
19803,25.97,2.18
19804,26.17,3.16
19805,25.83,1.96
19806,25.94,2.49
19807,26.11,1.54
19808,26.16,3.37
19809,25.82,2.5
19810,26.63,4.92
19811,26.43,5.79
19812,26.14,3.02
19813,27.11,2.29
19814,27.72,1.52
19815,27.66,3.2
19816,25.56,2.42
19817,27.64,2.76
19818,26.78,4.45
19819,26.8,1.6
19820,25.82,1.54
19821,26.43,2.02
19822,25.96,3.09
19823,26.54,2.78
19824,26.46,1.56
19825,26.75,3.01
19826,28.98,1.38
19827,28.22,1.59
19828,27.58,2.13
19829,25.99,1.78
19830,26.16,3.18
19831,27.02,2.5
19832,26.92,4.51
19833,25.94,2.02
19834,26.94,2.12
19835,28.42,3.61
19836,27.59,2.15
19837,27.42,4.05
19838,25.72,2.76
19839,27.31,0.87
19840,27.17,3.56
19841,26.22,3.21
19842,26.91,3.26
19843,26.3,1.04
19844,25.57,1.71
19845,26.56,1.76
19846,27.13,1.59
19847,26.92,4.47
19848,26.84,2.22
19849,26.22,2.19
19850,48.76,2.78
19851,26.68,2.79
19852,27.25,0.59
19853,26.26,1.72
19854,27.56,1.26
19855,27.98,2.61
19856,26.72,1.98
19857,25.55,2.24
19858,26.82,0.97
19859,28.2,1.97
19860,26.24,3.48
19861,26.11,3.91
19862,25.81,2.97
19863,27.58,1.3
19864,28.61,3.68
19865,27.5,2.97
19866,30.98,2.12
19867,27.08,0.99
19868,26.97,3.26
19869,28.69,1.76
19870,26.05,2.56
19871,26.81,2.29
19872,27.99,4.12
19873,28.14,2.12
19874,26.14,2.21
19875,27.98,4.18
19876,27.05,1.71
19877,26.93,3.08
19878,26.41,2.06
19879,26.46,1.49
19880,33.0,2.23
19881,28.53,2.93
19882,25.64,3.82
19883,28.78,4.01
19884,25.66,1.98
19885,26.95,1.5
19886,25.95,1.96
19887,27.06,1.39
19888,27.55,2.04
19889,27.33,1.94
19890,26.05,2.98
19891,26.94,0.92
19892,28.11,1.66
19893,25.83,1.66
19894,26.93,3.58
19895,27.76,1.43
19896,25.93,2.44
19897,27.29,2.11
19898,26.26,3.38
19899,26.28,2.82
19900,26.42,2.34
19901,26.69,1.78
19902,26.12,1.06
19903,26.07,2.46
19904,25.68,2.75
19905,27.18,1.19
19906,27.37,1.36
19907,26.77,2.46
19908,27.41,2.55
19909,27.3,1.5
19910,27.01,1.77
19911,26.09,1.07
19912,28.68,3.86
19913,26.53,1.32
19914,27.68,2.76
19915,26.47,2.19
19916,26.13,3.73
19917,27.55,1.62
19918,26.11,2.28
19919,27.07,1.13
19920,26.16,1.02
19921,26.67,2.83
19922,28.58,1.09
19923,26.87,2.03
19924,25.44,3.34
19925,27.77,3.0
19926,25.71,1.71
19927,25.51,1.18
19928,28.41,2.73
19929,25.75,3.81
19930,26.21,1.71
19931,28.35,1.61
19932,26.54,1.8
19933,27.19,2.8
19934,25.59,3.64
19935,26.52,1.36
19936,25.53,1.22
19937,27.36,5.67
19938,25.87,2.07
19939,25.53,2.46
19940,27.67,1.69
19941,26.75,2.71
19942,26.13,3.27
19943,26.4,2.51
19944,28.3,4.47
19945,26.47,1.95
19946,25.99,2.0
19947,26.94,2.44
19948,27.83,2.68
19949,26.04,2.44
19950,25.74,1.33
19951,27.7,2.52
19952,26.96,1.92
19953,33.26,1.76
19954,26.66,2.25
19955,25.87,1.51
19956,26.7,1.41
19957,26.42,0.78
19958,25.56,4.48
19959,26.39,2.78
19960,25.92,2.12
19961,26.08,1.7
19962,25.33,0.7
19963,27.07,1.66
19964,27.26,2.96
19965,26.48,3.24
19966,27.25,2.88
19967,26.97,2.37
19968,27.94,3.75
19969,26.6,1.95
19970,27.51,3.44
19971,26.18,1.91
19972,26.68,1.56
19973,26.59,1.49
19974,25.82,1.45
19975,25.34,2.9
19976,27.74,1.65
19977,26.58,1.47
19978,52.96,2.96
19979,28.03,2.54
19980,27.12,3.27
19981,26.76,2.73
19982,25.62,1.65
19983,26.04,2.29
19984,26.5,2.34
19985,27.26,1.54
19986,18.3,1.43
19987,28.21,1.7
19988,27.33,5.03
19989,27.36,1.89
19990,26.01,3.64
19991,26.62,1.85
19992,27.38,3.18
19993,26.55,3.19
19994,26.33,3.26
19995,26.06,2.6
19996,27.05,3.86
19997,27.93,2.59
19998,27.2,4.42
19999,27.84,1.16
20000,26.67,2.56
20001,26.99,2.49
20002,26.09,1.53
20003,26.85,2.81
20004,27.97,1.23
20005,27.56,1.71
20006,28.46,1.0
20007,25.4,4.15
20008,27.75,2.03
20009,26.22,5.29
20010,26.6,3.07
20011,26.27,2.66
20012,26.52,1.76
20013,27.32,1.46
20014,25.88,2.74
20015,26.2,2.16
20016,27.21,1.3
20017,26.8,1.21
20018,25.94,1.52
20019,26.7,4.61
20020,26.78,5.39
20021,28.34,2.42
20022,25.83,2.36
20023,28.09,1.95
20024,26.9,1.53
20025,26.44,3.86
20026,25.87,4.71
20027,27.09,1.56
20028,26.76,2.15
20029,26.43,1.86
20030,26.52,1.88
20031,26.08,3.58
20032,28.72,1.32
20033,26.35,2.68
20034,26.43,2.98
20035,26.59,2.1
20036,26.09,3.18
20037,26.3,2.36
20038,26.93,3.62
20039,25.82,1.21
20040,26.3,1.94
20041,26.04,2.16
20042,27.05,0.76
20043,27.33,1.44
20044,25.88,1.61
20045,26.84,3.25
20046,27.41,1.68
20047,26.92,1.6
20048,25.85,3.09
20049,26.84,1.17
20050,28.35,0.97
20051,27.75,1.93
20052,26.24,1.25
20053,27.81,1.27
20054,27.49,2.8
20055,27.49,3.16
20056,26.88,3.05
20057,25.89,3.47
20058,28.0,3.66
20059,26.18,0.95
20060,26.73,2.66
20061,27.83,1.8
20062,26.58,1.65
20063,26.92,2.78
20064,27.83,1.11
20065,26.05,1.1
20066,27.37,2.87
20067,25.97,2.71
20068,26.96,2.35
20069,25.79,1.57
20070,25.78,3.0
20071,26.25,2.92
20072,25.83,2.3
20073,27.33,1.39
20074,27.85,1.88
20075,27.06,3.11
20076,25.32,3.78
20077,28.14,1.95
20078,27.36,2.01
20079,26.52,2.09
20080,26.2,2.48
20081,26.03,1.76
20082,26.01,0.7
20083,26.63,3.59
20084,25.62,4.56
20085,27.58,1.74
20086,25.55,1.45
20087,26.68,2.11
20088,26.1,2.06
20089,26.63,3.31
20090,26.42,2.27
20091,31.26,1.62
20092,27.31,1.31
20093,27.52,3.15
20094,25.79,2.83
20095,27.02,3.4
20096,27.05,1.51
20097,26.8,4.64
20098,26.29,1.11
20099,25.69,2.96
20100,27.35,1.04
20101,26.57,1.62
20102,26.21,4.16
20103,26.22,3.1
20104,27.99,1.79
20105,26.62,1.81
20106,26.16,2.32
20107,26.66,2.73
20108,27.63,3.67
20109,25.47,1.85
20110,26.11,1.17
20111,28.09,2.37
20112,57.21,1.85
20113,27.65,1.32
20114,26.64,2.51
20115,26.6,2.04
20116,26.15,2.52
20117,26.85,1.56
20118,26.66,2.7
20119,26.46,1.31
20120,28.59,1.6
20121,27.21,2.02
20122,27.42,4.47
20123,26.05,3.05
20124,27.77,3.42
20125,28.24,3.92
20126,27.89,9.4
20127,25.67,2.26
20128,27.12,3.93
20129,25.89,3.34
20130,29.15,3.31
20131,27.68,4.53
20132,25.69,1.88
20133,27.35,1.82
20134,27.43,2.53
20135,27.29,2.07
20136,27.75,2.53
20137,26.3,4.16
20138,29.54,1.84
20139,27.75,1.97
20140,26.06,2.39
20141,25.98,2.03
20142,25.74,1.03
20143,29.66,1.76
20144,26.55,2.93
20145,27.49,3.96
20146,26.3,1.4
20147,26.22,1.4
20148,26.31,2.25
20149,28.02,0.97
20150,28.74,1.86
20151,25.97,1.11
20152,26.64,3.85
20153,26.91,1.64
20154,28.06,4.31
20155,26.73,3.47
20156,28.39,1.72
20157,27.18,1.45
20158,25.85,2.06
20159,25.73,2.13
20160,27.3,2.56
20161,26.73,1.63
20162,26.51,3.0
20163,28.87,2.47
20164,28.4,1.94
20165,26.62,1.67
20166,28.15,2.07
20167,27.27,1.61
20168,26.54,2.28
20169,26.0,2.3
20170,26.88,2.47
20171,25.97,4.51
20172,27.08,2.11
20173,26.26,3.33
20174,28.9,2.44
20175,26.27,2.02
20176,26.46,2.12
20177,26.71,2.17
20178,27.53,2.49
20179,26.79,1.52
20180,26.35,1.24
20181,28.97,2.89
20182,26.34,3.19
20183,26.45,3.0
20184,27.7,2.37
20185,18.84,3.02
20186,28.28,2.96
20187,28.55,3.05
20188,26.08,1.58
20189,26.71,1.44
20190,27.59,1.91
20191,27.6,2.21
20192,27.69,2.02
20193,27.22,1.05
20194,26.38,4.43
20195,18.24,1.99
20196,26.43,2.38
20197,27.34,3.66
20198,26.06,0.87
20199,28.07,1.81
20200,25.72,1.91
20201,27.05,1.95
20202,26.8,2.08
20203,26.07,3.97
20204,27.18,2.91
20205,27.39,3.26
20206,26.42,2.27
20207,28.96,1.27
20208,27.31,0.97
20209,28.1,1.21
20210,27.01,2.57
20211,26.83,2.25
20212,28.18,2.05
20213,29.28,1.92
20214,27.47,4.98
20215,26.84,1.6
20216,26.13,3.23
20217,27.75,2.23
20218,26.76,2.17
20219,26.02,3.56
20220,26.47,3.99
20221,26.42,2.02
20222,26.09,3.06
20223,27.0,2.57
20224,28.24,2.23
20225,26.53,2.42
20226,26.19,1.69
20227,25.85,1.97
20228,26.03,1.76
20229,25.81,3.19
20230,27.4,2.14
20231,26.81,1.32
20232,26.9,1.67
20233,25.42,0.62
20234,26.68,1.83
20235,25.69,2.26
20236,25.68,2.11
20237,26.34,4.91
20238,25.68,2.8
20239,27.31,2.75
20240,26.07,1.15
20241,26.3,1.92
20242,25.97,1.83
20243,26.3,1.63
20244,27.59,1.62
20245,27.22,1.08
20246,25.87,1.34
20247,27.0,3.16
20248,26.95,2.1
20249,25.79,1.82
20250,28.43,2.22
20251,27.69,3.55
20252,27.67,2.23
20253,26.22,2.76
20254,26.73,1.59
20255,27.0,1.74
20256,26.96,2.56
20257,26.93,4.74
20258,25.99,3.94
20259,26.44,2.81
20260,26.82,2.36
20261,26.63,3.9
20262,28.48,3.06
20263,27.29,0.89
20264,27.04,1.46
20265,26.34,2.55
20266,26.12,1.09
20267,26.5,1.55
20268,26.38,1.68
20269,26.57,2.01
20270,26.44,1.98
20271,25.17,1.98
20272,56.61,3.1
20273,29.01,2.0
20274,26.84,1.91
20275,25.59,1.3
20276,26.2,3.35
20277,27.06,1.7
20278,26.24,1.44
20279,26.44,2.42
20280,26.27,1.64
20281,27.36,1.8
20282,26.38,2.47
20283,26.52,1.95
20284,28.25,5.61
20285,26.55,2.16
20286,25.46,2.85
20287,26.05,1.02
20288,27.11,1.58
20289,26.56,1.44
20290,26.44,1.52
20291,28.58,2.63
20292,25.9,3.37
20293,26.78,2.55
20294,27.68,2.03
20295,26.65,1.73
20296,27.72,3.47
20297,27.86,5.1
20298,26.34,2.35
20299,26.72,3.24
20300,28.75,2.55
20301,27.43,3.01
20302,25.97,1.4
20303,25.89,1.83
20304,27.02,2.61
20305,26.14,3.61
20306,27.98,1.6
20307,27.27,0.99
20308,26.92,1.82
20309,27.4,3.33
20310,25.67,1.18
20311,26.43,1.39
20312,27.14,2.37
20313,27.07,2.12
20314,26.31,2.82
20315,26.29,1.36
20316,28.13,1.95
20317,26.35,3.59
20318,25.75,1.38
20319,26.77,4.02
20320,25.87,1.45
20321,25.74,3.13
20322,25.55,1.92
20323,28.12,1.41
20324,26.64,1.82
20325,26.32,2.77
20326,25.88,2.22
20327,26.31,3.48
20328,26.55,3.95
20329,27.07,1.39
20330,25.76,1.35
20331,25.7,1.32
20332,25.83,1.55
20333,25.53,3.46
20334,26.96,2.78
20335,26.26,1.79
20336,27.11,2.22
20337,26.86,3.9
20338,27.96,4.77
20339,27.28,2.47
20340,27.15,0.77
20341,25.97,2.51
20342,27.55,3.23
20343,26.3,2.43
20344,25.33,2.98
20345,28.64,2.57
20346,28.27,1.36
20347,29.09,1.56
20348,26.34,1.96
20349,26.36,3.41
20350,25.96,1.64
20351,27.15,2.67
20352,25.9,2.51
20353,25.54,4.2
20354,25.96,2.19
20355,28.66,1.1
20356,29.5,2.88
20357,27.78,5.23
20358,27.09,2.96
20359,25.61,1.62
20360,26.04,1.44
20361,27.95,1.52
20362,26.71,4.96
20363,25.29,1.95
20364,27.15,1.71
20365,27.5,2.09
20366,26.9,1.96
20367,26.59,4.17
20368,25.88,1.48
20369,27.51,3.57
20370,27.63,2.34
20371,25.86,3.61
20372,27.15,4.19
20373,27.39,2.3
20374,25.62,1.96
20375,28.38,2.29
20376,26.16,2.14
20377,27.37,1.15
20378,26.8,4.14
20379,26.19,2.46
20380,26.77,1.4
20381,27.4,0.97
20382,26.73,0.88
20383,27.57,3.03
20384,26.61,1.74
20385,27.54,1.86
20386,27.68,2.71
20387,27.31,1.81
20388,26.19,2.77
20389,26.72,2.31
20390,27.81,2.15
20391,26.93,1.19
20392,26.08,1.6
20393,27.63,2.83
20394,27.15,1.69
20395,26.84,3.6
20396,29.89,5.69
20397,19.07,2.89
20398,26.98,4.04
20399,25.77,2.97
20400,28.65,1.8
20401,26.59,2.41
20402,29.07,4.98
20403,26.21,1.81
20404,17.59,1.47
20405,26.3,1.41
20406,29.47,2.04
20407,27.36,1.49
20408,27.04,4.35
20409,26.61,2.43
20410,26.9,3.28
20411,26.61,1.97
20412,26.37,1.41
20413,26.21,1.32
20414,27.88,1.55
20415,28.08,2.56
20416,28.74,2.74
20417,25.54,2.83
20418,25.65,1.23
20419,26.69,2.23
20420,27.06,1.48
20421,25.97,2.61
20422,26.7,2.7
20423,26.14,1.39
20424,28.16,3.28
20425,26.03,5.67
20426,27.3,3.11
20427,58.84,2.09
20428,26.34,1.96
20429,18.92,2.05
20430,27.37,1.64
20431,26.31,2.46
20432,26.01,1.41
20433,26.09,1.05
20434,26.17,2.43
20435,27.13,2.24
20436,28.4,1.77
20437,27.73,1.33
20438,27.33,2.5
20439,27.5,1.5
20440,25.74,2.11
20441,26.18,4.51
20442,27.4,2.89
20443,26.62,1.29
20444,28.52,1.34
20445,27.03,2.36
20446,26.62,1.28
20447,26.21,1.0
20448,26.66,2.75
20449,26.61,2.53
20450,26.39,2.67
20451,32.23,2.47
20452,26.92,2.17
20453,27.55,1.71
20454,26.82,2.74
20455,26.33,4.1
20456,25.76,1.82
20457,27.16,1.48
20458,25.92,1.41
20459,25.72,1.57
20460,26.94,2.41
20461,27.03,0.95
20462,27.87,2.65
20463,26.6,2.88
20464,28.02,1.08
20465,28.98,1.5
20466,28.12,2.3
20467,25.93,2.1
20468,27.4,2.74
20469,26.99,2.1
20470,26.05,3.69
20471,26.06,1.96
20472,27.44,1.5
20473,27.75,1.45
20474,25.9,2.99
20475,28.69,2.25
20476,26.26,2.87
20477,26.57,2.84
20478,26.24,0.99
20479,25.88,1.41
20480,26.24,1.48
20481,26.48,1.61
20482,27.98,1.88
20483,26.42,3.32
20484,26.55,3.59
20485,25.78,1.98
20486,28.28,2.01
20487,27.61,1.68
20488,25.94,2.31
20489,25.6,2.41
20490,28.46,3.07
20491,27.64,3.06
20492,26.46,0.89
20493,26.32,2.09
20494,25.45,3.87
20495,26.68,1.87
20496,25.89,3.51
20497,26.47,1.97
20498,25.65,2.39
20499,28.1,1.41
20500,26.67,1.43
20501,27.58,2.97
20502,26.19,3.17
20503,27.69,2.25
20504,27.13,1.36
20505,26.1,2.26
20506,25.77,3.68
20507,18.41,4.47
20508,26.38,1.96
20509,27.85,1.15
20510,25.51,3.11
20511,26.94,1.99
20512,26.35,3.25
20513,25.74,2.49
20514,28.07,1.56
20515,26.52,2.28
20516,26.22,3.76
20517,28.49,2.1
20518,26.28,1.47
20519,27.04,1.18
20520,25.87,1.63
20521,26.5,1.89
20522,26.49,3.09
20523,25.89,1.42
20524,26.08,4.14
20525,27.39,1.3
20526,27.12,5.66
20527,27.16,4.44
20528,26.72,2.35
20529,26.7,1.15
20530,25.97,2.18
20531,25.61,1.91
20532,26.63,1.34
20533,26.59,2.5
20534,27.87,1.6
20535,26.38,1.67
20536,26.55,2.05
20537,26.55,1.77
20538,26.48,5.11
20539,27.06,1.8
20540,26.45,2.65
20541,28.14,2.36
20542,26.55,2.56
20543,26.22,2.64
20544,26.88,3.17
20545,26.37,2.48
20546,25.99,2.44
20547,25.83,2.28
20548,27.86,2.11
20549,26.4,1.55
20550,25.7,2.17
20551,27.44,2.45
20552,27.54,2.61
20553,28.67,2.39
20554,26.82,2.03
20555,26.43,2.18
20556,28.18,1.78
20557,27.17,2.52
20558,26.72,2.04
20559,25.78,2.39
20560,26.2,3.32
20561,26.16,1.68
20562,26.4,2.83
20563,26.4,2.26
20564,27.22,5.0
20565,27.25,2.04
20566,27.47,2.94
20567,26.84,2.24
20568,27.24,1.28
20569,26.52,1.81
20570,26.89,3.17
20571,26.97,1.87
20572,26.9,0.92
20573,26.29,2.2
20574,26.19,1.44
20575,27.43,2.35
20576,26.02,4.14
20577,27.71,3.03
20578,25.79,4.12
20579,26.12,1.78
20580,25.8,2.1
20581,27.81,1.47
20582,28.25,1.69
20583,26.08,1.54
20584,27.0,1.32
20585,26.48,3.84
20586,27.03,0.96
20587,26.46,3.85
20588,26.27,3.66
20589,33.25,2.72
20590,25.86,1.43
20591,27.99,1.18
20592,26.28,1.79
20593,27.08,2.86
20594,27.83,2.23
20595,26.57,1.47
20596,26.17,3.52
20597,28.65,4.37
20598,27.69,2.03
20599,27.26,2.33
20600,26.55,1.22
20601,26.55,1.89
20602,26.79,2.73
20603,27.13,2.56
20604,26.56,1.82
20605,27.05,1.99
20606,18.74,1.86
20607,26.42,1.99
20608,28.29,2.64
20609,26.01,1.01
20610,27.66,2.16
20611,27.99,2.56
20612,50.68,1.77
20613,27.18,1.84
20614,30.29,1.86
20615,28.36,1.84
20616,25.85,2.23
20617,27.79,2.34
20618,26.25,0.96
20619,26.05,2.89
20620,27.57,1.98
20621,27.17,4.82
20622,25.82,1.38
20623,26.11,1.57
20624,29.48,2.05
20625,28.11,2.63
20626,26.77,1.02
20627,27.03,1.6
20628,27.89,2.82
20629,26.01,1.52
20630,27.75,3.85
20631,25.74,1.86
20632,25.66,1.55
20633,25.87,2.84
20634,26.66,4.23
20635,28.06,2.63
20636,25.71,3.68
20637,26.35,4.35
20638,26.41,1.54
20639,26.37,3.24
20640,27.54,1.21
20641,27.59,2.64
20642,27.5,2.16
20643,27.37,3.66
20644,27.77,3.56
20645,27.17,2.8
20646,26.66,2.51
20647,25.82,2.73
20648,26.45,2.28
20649,27.09,2.17
20650,28.48,3.96
20651,28.1,4.16
20652,26.38,2.1
20653,26.65,2.45
20654,27.67,2.3
20655,25.98,1.17
20656,26.25,1.95
20657,26.51,4.22
20658,25.72,1.65
20659,27.69,5.19
20660,27.18,3.56
20661,26.43,2.61
20662,28.12,2.79
20663,27.53,1.54
20664,26.16,2.0
20665,29.18,3.96
20666,27.75,1.74
20667,27.07,3.4
20668,27.39,1.28
20669,26.52,1.38
20670,26.69,4.76
20671,26.91,2.22
20672,26.6,1.79
20673,27.05,3.84
20674,26.53,3.66
20675,25.83,3.22
20676,27.7,1.77
20677,26.12,1.98
20678,27.35,2.52
20679,25.96,2.94
20680,27.72,1.82
20681,26.87,2.38
20682,28.22,2.48
20683,26.02,3.72
20684,27.17,3.01
20685,26.49,1.22
20686,27.11,2.04
20687,26.01,1.53
20688,26.65,2.79
20689,18.48,3.22
20690,25.46,2.32
20691,25.78,2.0
20692,26.2,2.29
20693,25.87,2.42
20694,27.85,1.72
20695,27.15,1.37
20696,26.28,0.98
20697,27.17,3.69
20698,27.49,2.71
20699,26.33,2.57
20700,26.54,3.69
20701,27.54,1.35
20702,25.54,1.11
20703,26.5,2.6
20704,26.68,2.5
20705,28.45,1.11
20706,26.22,2.57
20707,25.71,1.9
20708,26.64,1.61
20709,26.31,1.95
20710,26.81,0.84
20711,28.49,1.76
20712,25.63,1.68
20713,25.92,2.78
20714,25.49,2.09
20715,29.21,2.87
20716,28.5,0.8
20717,26.28,1.59
20718,25.8,2.78
20719,26.19,1.97
20720,27.48,3.12
20721,27.15,1.08
20722,26.34,2.98
20723,26.23,1.72
20724,26.93,1.66
20725,27.04,3.31
20726,27.67,3.54
20727,26.95,3.37
20728,26.61,5.03
20729,28.24,3.69
20730,26.29,1.62
20731,28.18,2.36
20732,26.47,1.93
20733,26.61,5.01
20734,26.69,3.46
20735,26.58,2.06
20736,27.31,3.16
20737,27.98,1.36
20738,26.73,2.46
20739,27.33,1.53
20740,26.38,1.13
20741,26.77,3.05
20742,27.77,3.2
20743,26.82,2.67
20744,28.39,2.07
20745,25.99,1.34
20746,28.0,1.4
20747,26.24,1.51
20748,29.25,2.03
20749,26.81,3.42
20750,27.13,3.4
20751,27.62,1.15
20752,26.71,1.69
20753,26.97,1.67
20754,26.35,0.81
20755,26.56,2.79
20756,26.97,2.02
20757,27.44,2.13
20758,26.3,3.81
20759,27.52,2.31
20760,25.72,1.87
20761,27.65,2.8
20762,25.55,3.4
20763,26.37,2.51
20764,26.26,2.93
20765,26.68,2.1
20766,29.0,2.15
20767,26.66,2.33
20768,25.92,1.65
20769,27.12,1.77
20770,26.97,3.86
20771,26.01,4.97
20772,28.12,4.21
20773,53.54,1.31
20774,28.03,1.26
20775,26.95,1.38
20776,26.4,2.35
20777,26.39,0.72
20778,28.08,1.76
20779,26.51,3.91
20780,26.66,3.3
20781,26.49,1.82
20782,25.82,1.87
20783,27.88,2.79
20784,25.89,3.24
20785,28.15,1.8
20786,27.53,2.03
20787,26.55,1.77
20788,26.59,1.31
20789,26.05,2.04
20790,26.14,1.98
20791,29.22,1.34
20792,26.49,2.88
20793,26.88,2.7
20794,26.92,2.94
20795,26.37,1.64
20796,26.67,1.01
20797,27.09,2.68
20798,27.24,1.71
20799,25.92,1.56
20800,26.4,1.35
20801,26.51,1.99
20802,27.01,4.18
20803,25.89,1.82
20804,28.99,1.44
20805,18.69,2.89
20806,25.64,2.38
20807,27.81,0.95
20808,27.24,2.9
20809,26.54,5.21
20810,26.58,0.79
20811,25.61,1.36
20812,26.67,0.71
20813,26.61,2.16
20814,26.74,3.31
20815,28.16,2.32
20816,27.24,3.88
20817,27.42,3.1
20818,27.06,4.4
20819,26.73,3.54
20820,26.26,1.89
20821,25.4,2.29
20822,25.62,1.57
20823,26.23,2.03
20824,25.93,2.28
20825,26.48,2.15
20826,28.09,3.81
20827,26.76,1.95
20828,27.2,1.53
20829,25.98,1.57
20830,26.33,2.89
20831,26.69,1.27
20832,26.63,2.05
20833,28.11,3.78
20834,26.42,2.5
20835,26.9,2.16
20836,26.46,2.19
20837,26.46,1.47
20838,27.53,1.58
20839,28.34,2.06
20840,27.97,2.48
20841,25.88,3.25
20842,29.09,2.31
20843,25.72,3.82
20844,26.88,4.23
20845,26.14,3.06
20846,25.76,3.63
20847,26.04,1.5
20848,26.44,1.41
20849,26.37,2.74
20850,27.61,1.3
20851,26.59,1.98
20852,26.35,3.03
20853,27.23,3.92
20854,27.02,2.01
20855,26.3,1.72
20856,27.85,2.53
20857,26.35,1.45
20858,25.46,2.08
20859,25.94,2.22
20860,27.47,2.2
20861,25.92,2.31
20862,26.83,1.59
20863,27.45,1.66
20864,26.54,1.65
20865,27.33,1.16
20866,25.68,2.55
20867,27.08,3.18
20868,26.74,3.06
20869,27.29,2.0
20870,29.33,1.61
20871,27.06,3.0
20872,26.72,2.87
20873,26.26,2.43
20874,26.81,4.47
20875,26.33,2.2
20876,27.94,2.01
20877,28.04,1.9
20878,25.85,1.19
20879,26.32,2.9
20880,26.46,2.13
20881,26.4,2.73
20882,26.49,4.65
20883,26.53,1.9
20884,27.59,0.87
20885,27.31,2.7
20886,26.5,2.38
20887,26.99,1.66
20888,25.8,2.61
20889,27.32,3.05
20890,28.21,1.52
20891,26.14,1.97
20892,26.38,4.02
20893,26.36,1.67
20894,28.89,2.29
20895,29.19,0.78
20896,29.31,1.23
20897,27.03,2.37
20898,25.85,3.64
20899,26.58,1.29
20900,27.2,2.29
20901,27.98,1.91
20902,25.8,3.26
20903,26.21,1.37
20904,25.96,2.64
20905,26.97,1.71
20906,29.67,2.43
20907,25.36,2.29
20908,26.65,2.01
20909,26.38,2.69
20910,26.34,2.26
20911,27.39,2.11
20912,27.12,1.93
20913,26.39,2.3
20914,27.33,2.43
20915,26.66,1.5
20916,26.0,1.94
20917,25.95,1.46
20918,27.81,2.19
20919,26.21,1.76
20920,27.9,3.03
20921,26.32,2.91
20922,25.84,1.54
20923,25.86,2.22
20924,27.35,2.87
20925,28.28,2.07
20926,25.91,1.66
20927,25.81,1.44
20928,25.36,3.13
20929,25.64,3.19
20930,27.11,2.05
20931,27.15,3.02
20932,27.59,0.68
20933,26.51,3.78
20934,27.14,2.09
20935,27.17,2.36
20936,28.3,1.96
20937,26.78,3.89
20938,25.63,1.46
20939,26.03,4.01
20940,26.65,2.61
20941,28.25,2.85
20942,26.67,1.95
20943,27.01,1.32
20944,26.51,3.23
20945,26.33,2.52
20946,26.6,3.84
20947,27.27,2.06
20948,26.17,1.88
20949,27.77,3.88
20950,25.52,4.78
20951,26.54,2.23
20952,52.27,1.65
20953,25.87,3.08
20954,26.75,2.01
20955,27.84,2.83
20956,27.32,2.01
20957,26.59,4.16
20958,26.11,1.68
20959,26.91,2.7
20960,26.62,1.83
20961,26.02,1.99
20962,26.47,1.89
20963,26.78,2.99
20964,26.57,3.21
20965,26.88,2.78
20966,28.37,2.13
20967,27.84,2.35
20968,25.71,3.19
20969,25.88,3.23
20970,27.54,0.76
20971,27.46,2.0
20972,27.44,2.03
20973,26.73,2.91
20974,26.26,2.17
20975,26.79,2.97
20976,28.09,1.45
20977,28.4,2.47
20978,26.33,3.19
20979,26.55,1.23
20980,27.99,6.08
20981,27.92,3.58
20982,25.45,2.23
20983,27.95,1.6
20984,26.5,2.08
20985,28.26,2.3
20986,25.91,2.65
20987,27.36,4.06
20988,26.43,1.84
20989,26.63,2.79
20990,26.27,1.33
20991,26.28,1.89
20992,28.31,2.59
20993,28.07,2.93
20994,26.79,1.65
20995,27.08,1.87
20996,27.37,3.99
20997,26.1,3.54
20998,26.76,2.42
20999,28.85,0.91
21000,28.48,6.08
21001,26.02,2.21
21002,26.97,1.96
21003,26.91,1.81
21004,26.97,2.59
21005,27.43,2.6
21006,26.5,3.26
21007,26.9,1.54
21008,26.01,1.96
21009,25.95,5.01
21010,26.22,2.43
21011,26.66,2.08
21012,28.81,1.53
21013,27.35,2.72
21014,28.36,3.36
21015,26.49,3.16
21016,26.54,2.01
21017,26.18,2.57
21018,26.82,4.34
21019,27.31,3.42
21020,27.61,1.63
21021,27.78,0.8
21022,26.82,2.51
21023,25.98,3.06
21024,26.4,1.44
21025,26.37,2.22
21026,27.29,2.0
21027,26.36,2.32
21028,26.79,1.79
21029,29.55,3.73
21030,28.21,2.36
21031,26.2,1.57
21032,28.03,3.21
21033,26.67,1.34
21034,27.06,3.72
21035,27.4,3.31
21036,27.65,3.88
21037,28.13,2.09
21038,27.48,1.82
21039,29.62,2.3
21040,27.41,2.15
21041,27.66,1.71
21042,26.12,1.78
21043,25.91,1.92
21044,27.7,1.39
21045,26.35,2.92
21046,29.56,2.18
21047,25.48,1.97
21048,27.73,1.43
21049,26.3,1.4
21050,26.42,4.83
21051,26.32,1.73
21052,26.42,2.84
21053,25.8,2.38
21054,26.23,0.73
21055,26.1,4.56
21056,26.28,2.93
21057,27.63,1.64
21058,26.84,2.2
21059,26.91,1.41
21060,25.43,4.62
21061,27.97,1.55
21062,26.04,1.81
21063,26.63,1.66
21064,26.92,2.3
21065,26.0,3.85
21066,26.73,4.55
21067,26.9,1.9
21068,26.46,2.59
21069,26.72,2.3
21070,27.98,1.5
21071,28.29,5.87
21072,25.79,3.84
21073,26.71,2.4
21074,25.29,4.19
21075,27.2,3.61
21076,26.64,2.3
21077,27.61,2.54
21078,26.13,4.07
21079,28.71,1.52
21080,25.86,4.35
21081,27.01,2.03
21082,27.69,4.1
21083,27.35,2.22
21084,28.57,2.55
21085,26.15,2.2
21086,25.9,1.8
21087,26.45,2.0
21088,27.09,3.86
21089,28.9,0.88
21090,31.79,1.36
21091,28.77,1.66
21092,27.47,1.45
21093,26.53,4.07
21094,27.05,3.68
21095,26.87,2.82
21096,27.09,1.72
21097,27.91,3.8
21098,27.91,1.18
21099,27.95,5.24
21100,26.5,1.69
21101,55.91,2.0
21102,26.43,1.87
21103,25.45,1.45
21104,28.1,4.81
21105,26.39,3.05
21106,29.62,3.62
21107,28.18,1.36
21108,26.5,2.39
21109,27.79,2.74
21110,26.34,2.48
21111,32.05,1.4
21112,26.38,3.42
21113,28.79,2.34
21114,26.67,1.52
21115,27.19,1.06
21116,28.61,2.84
21117,26.57,5.93
21118,27.26,1.48
21119,25.64,2.38
21120,27.59,3.47
21121,27.37,1.34
21122,25.87,1.84
21123,27.34,1.58
21124,25.49,3.3
21125,27.78,3.78
21126,25.64,2.37
21127,28.71,1.59
21128,25.57,1.86
21129,26.64,1.73
21130,26.17,1.51
21131,27.55,2.14
21132,25.76,2.8
21133,26.58,2.71
21134,25.82,2.22
21135,27.19,2.28
21136,26.77,2.15
21137,28.18,1.32
21138,27.02,2.37
21139,26.86,1.76
21140,25.37,1.3
21141,28.5,2.58
21142,26.58,1.74
21143,26.34,2.44
21144,27.47,3.12
21145,25.24,1.52
21146,25.7,2.31
21147,28.13,1.08
21148,28.2,4.11
21149,26.94,1.29
21150,27.28,1.81
21151,26.9,3.8
21152,26.05,2.03
21153,26.95,1.38
21154,26.0,2.96
21155,27.38,2.93
21156,26.5,1.73
21157,26.53,1.8
21158,26.12,1.87
21159,28.85,2.05
21160,25.78,1.04
21161,35.57,2.07
21162,27.48,4.54
21163,25.9,1.56
21164,26.22,1.76
21165,26.8,1.39
21166,29.37,2.84
21167,26.12,3.6
21168,28.57,3.57
21169,26.61,1.35
21170,25.82,2.72
21171,26.77,3.95
21172,26.64,2.73
21173,30.82,2.69
21174,25.87,1.84
21175,27.19,2.43
21176,27.36,3.65
21177,28.65,2.54
21178,27.18,1.35
21179,26.21,1.85
21180,25.98,3.61
21181,27.21,2.53
21182,27.0,2.33
21183,25.92,1.78
21184,28.07,3.58
21185,28.12,4.33
21186,26.99,3.69
21187,26.29,3.96
21188,26.77,1.93
21189,25.8,1.82
21190,27.62,2.09
21191,27.32,2.26
21192,26.52,3.94
21193,27.24,3.55
21194,26.65,2.76
21195,27.5,1.26
21196,26.74,1.13
21197,27.25,2.45
21198,27.64,3.16
21199,27.61,2.16
21200,26.96,4.79
21201,27.4,1.44
21202,25.52,1.37
21203,25.96,1.71
21204,26.25,1.68
21205,26.09,2.75
21206,26.32,1.88
21207,27.85,1.2
21208,28.55,3.18
21209,26.88,1.1
21210,25.62,1.45
21211,26.73,1.16
21212,25.95,2.42
21213,27.23,2.4
21214,26.34,4.79
21215,26.25,3.21
21216,27.53,3.96
21217,25.99,2.5
21218,31.47,1.51
21219,26.19,2.34
21220,25.83,2.82
21221,26.42,2.95
21222,25.93,1.84
21223,27.55,2.71
21224,26.32,1.53
21225,26.29,1.47
21226,25.71,1.42
21227,26.85,2.25
21228,26.25,1.39
21229,26.82,1.88
21230,25.95,3.19
21231,27.53,1.47
21232,25.35,1.82
21233,28.15,2.29
21234,25.55,2.46
21235,27.15,1.82
21236,28.27,3.05
21237,26.22,2.82
21238,26.82,3.51
21239,26.02,2.15
21240,27.12,1.81
21241,27.32,1.69
21242,26.32,2.52
21243,26.34,1.91
21244,28.09,1.77
21245,27.87,1.86
21246,25.91,1.69
21247,26.78,2.41
21248,26.43,1.26
21249,27.73,2.51
21250,27.42,2.92
21251,26.38,1.76
21252,28.0,4.8
21253,25.67,2.24
21254,27.09,1.19
21255,28.35,1.99
21256,25.96,2.28
21257,25.7,2.66
21258,26.35,2.01
21259,27.48,1.48
21260,26.26,1.44
21261,28.93,1.71
21262,26.17,1.78
21263,26.85,1.41
21264,26.38,1.66
21265,28.44,2.9
21266,26.8,4.3
21267,51.02,3.01
21268,26.86,3.75
21269,26.11,3.29
21270,26.88,3.11
21271,26.56,1.94
21272,26.27,2.35
21273,26.07,1.88
21274,27.63,2.04
21275,28.55,2.29
21276,26.6,2.96
21277,26.48,2.64
21278,26.02,2.09
21279,25.82,2.28
21280,27.17,2.65
21281,26.18,2.91
21282,27.64,1.21
21283,26.87,1.45
21284,26.92,3.47
21285,27.71,2.17
21286,25.86,1.88
21287,26.52,2.0
21288,25.49,2.0
21289,26.03,2.78
21290,25.9,1.43
21291,26.42,2.25
21292,26.92,2.46
21293,27.21,2.61
21294,26.21,2.43
21295,26.81,2.74
21296,27.75,1.77
21297,28.53,1.53
21298,25.73,5.95
21299,26.44,1.97
21300,27.5,2.07
21301,28.52,2.92
21302,25.99,4.21
21303,27.3,1.79
21304,26.92,1.49
21305,25.67,1.35
21306,27.39,4.21
21307,27.79,1.47
21308,26.2,2.2
21309,26.14,1.51
21310,26.56,1.25
21311,25.76,1.98
21312,26.76,1.53
21313,26.08,1.69
21314,27.78,4.97
21315,26.01,2.64
21316,25.92,3.23
21317,26.8,3.1
21318,26.11,2.14
21319,25.36,1.87
21320,26.87,2.46
21321,26.54,2.38
21322,27.59,1.77
21323,28.59,2.34
21324,25.88,1.68
21325,27.51,2.08
21326,27.22,1.95
21327,27.05,1.34
21328,27.12,0.87
21329,25.72,1.53
21330,25.74,4.58
21331,27.52,1.97
21332,26.16,3.04
21333,27.16,0.95
21334,27.47,1.49
21335,26.63,1.29
21336,25.9,2.05
21337,26.14,5.86
21338,28.8,2.68
21339,26.1,4.39
21340,26.22,2.01
21341,26.45,3.84
21342,27.96,5.1
21343,28.91,2.13
21344,27.24,1.79
21345,27.79,1.31
21346,26.64,1.97
21347,25.89,2.3
21348,25.96,5.01
21349,26.57,1.33
21350,26.2,2.28
21351,25.65,1.08
21352,26.7,1.88
21353,18.43,2.52
21354,27.09,2.73
21355,26.59,2.82
21356,25.75,2.61
21357,25.89,2.81
21358,27.06,2.27
21359,25.81,1.46
21360,27.59,1.06
21361,27.47,1.79
21362,27.04,2.11
21363,26.02,3.68
21364,26.02,2.14
21365,26.58,2.06
21366,26.07,2.6
21367,26.26,2.0
21368,27.95,3.08
21369,25.33,4.91
21370,26.32,5.35
21371,28.1,2.31
21372,25.9,2.55
21373,26.08,4.19
21374,26.68,2.1
21375,26.2,2.92
21376,27.62,1.41
21377,26.93,1.97
21378,28.59,3.53
21379,25.89,1.67
21380,26.39,2.11
21381,26.17,1.19
21382,28.29,4.96
21383,26.56,3.69
21384,27.47,2.4
21385,27.95,2.73
21386,25.92,2.61
21387,25.87,3.87
21388,28.21,1.81
21389,26.17,2.98
21390,25.29,3.42
21391,25.97,3.62
21392,25.47,0.9
21393,25.57,1.75
21394,25.88,1.48
21395,26.43,2.36
21396,27.12,0.99
21397,27.92,0.98
21398,25.82,5.3
21399,26.89,2.85
21400,26.11,2.34
21401,29.21,2.57
21402,25.55,2.36
21403,27.03,3.32
21404,26.83,1.73
21405,28.15,2.4
21406,29.23,2.44
21407,26.17,1.46
21408,28.44,3.71
21409,27.21,1.86
21410,26.53,3.34
21411,26.8,2.33
21412,26.23,4.28
21413,26.53,1.47
21414,48.22,1.44
21415,27.0,1.55
21416,26.13,2.35
21417,26.13,4.12
21418,26.94,4.21
21419,25.99,0.88
21420,26.52,2.46
21421,25.99,0.62
21422,28.23,3.06
21423,29.06,3.48
21424,27.13,2.19
21425,26.09,2.3
21426,26.29,2.29
21427,25.71,1.63
21428,26.06,2.65
21429,26.11,2.03
21430,27.21,3.23
21431,27.36,2.13
21432,27.53,1.58
21433,26.47,1.2
21434,26.95,1.06
21435,28.12,3.76
21436,28.25,1.85
21437,26.14,2.55
21438,27.51,4.54
21439,27.62,1.78
21440,26.21,1.73
21441,27.01,2.11
21442,26.2,2.25
21443,26.66,4.74
21444,25.61,4.16
21445,26.11,2.85
21446,25.87,3.97
21447,28.31,2.07
21448,26.32,2.51
21449,25.26,1.97
21450,26.13,1.33
21451,25.46,3.6
21452,26.85,2.75
21453,26.29,2.24
21454,27.61,2.22
21455,27.46,1.22
21456,25.59,1.51
21457,26.29,2.55
21458,28.57,1.8
21459,25.99,2.04
21460,27.53,2.13
21461,26.29,1.69
21462,27.77,1.51
21463,29.46,1.17
21464,26.5,2.1
21465,27.72,2.85
21466,26.25,1.15
21467,26.57,2.2
21468,27.86,2.49
21469,27.71,1.5
21470,26.15,3.93
21471,26.69,1.91
21472,25.5,2.14
21473,26.94,2.09
21474,26.33,1.1
21475,26.01,3.33
21476,26.86,1.52
21477,26.27,2.02
21478,25.72,2.83
21479,25.97,3.99
21480,26.32,1.44
21481,27.37,1.86
21482,26.4,3.87
21483,25.72,2.68
21484,26.81,2.91
21485,26.2,1.46
21486,27.29,1.91
21487,27.22,2.08
21488,27.15,1.58
21489,26.5,1.14
21490,26.46,1.81
21491,29.38,3.83
21492,27.8,2.28
21493,26.84,3.86
21494,26.35,2.39
21495,26.78,1.64
21496,27.0,3.71
21497,27.12,2.42
21498,25.88,3.27
21499,25.9,1.45
21500,26.97,3.37
21501,26.58,3.41
21502,26.67,2.5
21503,27.12,1.61
21504,27.72,2.18
21505,26.85,2.84
21506,27.0,2.44
21507,26.91,2.83
21508,27.95,3.34
21509,29.26,1.72
21510,26.22,1.4
21511,25.29,2.19
21512,26.98,1.95
21513,25.9,3.05
21514,26.37,1.45
21515,26.7,3.35
21516,27.36,3.82
21517,27.53,2.23
21518,27.81,2.28
21519,26.71,1.64
21520,30.46,1.79
21521,26.67,1.89
21522,27.23,3.96
21523,26.29,2.16
21524,26.01,1.31
21525,26.79,2.46
21526,28.59,3.1
21527,26.28,2.2
21528,27.74,4.01
21529,26.16,3.04
21530,26.61,1.46
21531,26.36,1.79
21532,26.44,2.44
21533,27.76,1.14
21534,27.76,2.55
21535,26.14,1.1
21536,27.77,3.35
21537,26.24,3.2
21538,28.43,2.72
21539,26.24,1.7
21540,26.14,2.38
21541,27.12,1.81
21542,27.39,1.47
21543,25.91,1.94
21544,26.1,2.94
21545,27.45,2.26
21546,26.72,3.98
21547,26.52,3.02
21548,27.05,2.9
21549,25.93,1.17
21550,25.97,1.99
21551,25.55,1.45
21552,27.6,2.07
21553,25.7,1.69
21554,26.64,1.91
21555,25.71,3.4
21556,25.81,2.69
21557,26.18,3.33
21558,26.78,1.17
21559,25.97,2.28
21560,27.65,3.28
21561,26.09,4.07
21562,28.47,1.2
21563,26.13,1.93
21564,26.27,3.37
21565,27.25,2.06
21566,27.39,1.55
21567,28.61,1.2
21568,26.44,1.52
21569,47.9,1.13
21570,26.21,2.28
21571,27.5,3.19
21572,27.56,1.34
21573,26.47,2.47
21574,27.39,3.12
21575,26.98,2.22
21576,26.82,1.17
21577,27.61,2.6
21578,27.03,2.18
21579,27.87,2.09
21580,26.68,1.79
21581,28.59,2.3
21582,26.68,2.73
21583,27.19,5.79
21584,27.24,2.33
21585,29.49,4.07
21586,26.38,2.57
21587,26.54,2.14
21588,26.5,2.36
21589,27.16,1.37
21590,26.48,2.52
21591,26.08,1.0
21592,26.71,1.58
21593,26.58,2.33
21594,26.46,3.59
21595,26.28,3.94
21596,26.75,2.02
21597,26.7,2.37
21598,25.96,3.3
21599,26.45,1.31
21600,27.56,2.62
21601,27.36,1.6
21602,26.38,2.08
21603,28.16,1.85
21604,27.79,2.65
21605,28.63,2.77
21606,27.21,3.18
21607,28.3,2.56
21608,25.55,2.38
21609,26.17,4.67
21610,26.13,1.21
21611,26.19,4.39
21612,26.2,1.98
21613,25.96,2.8
21614,27.79,1.95
21615,26.22,1.68
21616,27.24,2.7
21617,27.09,3.38
21618,26.03,2.69
21619,26.21,1.79
21620,27.21,9.44
21621,25.72,3.59
21622,26.48,3.23
21623,27.38,1.93
21624,28.09,1.73
21625,26.78,1.99
21626,27.14,3.43
21627,27.51,1.5
21628,25.77,1.45
21629,27.38,2.76
21630,26.52,2.53
21631,26.71,1.64
21632,25.85,1.44
21633,27.54,3.96
21634,25.86,2.57
21635,26.95,1.29
21636,26.86,1.33
21637,25.72,1.93
