sample_index,actual_chlorophyll_ug_L,predicted_chlorophyll_ug_L,residual_error_ug_L
0,0.81,0.899,0.089
1,0.82,0.933,0.113
2,0.75,2.141,1.391
3,1.02,2.159,1.139
4,1.06,2.476,1.416
5,1.01,2.963,1.953
6,0.59,1.858,1.268
7,1.53,1.95,0.42
8,0.84,1.661,0.821
9,0.91,2.267,1.357
10,1.34,1.378,0.038
11,1.28,1.028,-0.252
12,1.16,1.067,-0.093
13,1.71,0.849,-0.861
14,1.94,0.36,-1.58
15,1.12,0.376,-0.744
16,0.98,1.741,0.761
17,1.41,0.39,-1.02
18,0.92,0.39,-0.53
19,1.12,0.381,-0.739
20,1.75,0.928,-0.822
21,0.78,0.977,0.197
22,1.22,0.404,-0.816
23,1.49,0.399,-1.091
24,1.12,0.754,-0.366
25,1.34,0.712,-0.628
26,1.12,0.434,-0.686
27,1.37,0.386,-0.984
28,1.26,0.399,-0.861
29,1.31,0.389,-0.921
30,1.22,0.544,-0.676
31,1.19,0.38,-0.81
32,1.09,0.386,-0.704
33,1.1,0.389,-0.711
34,1.15,0.347,-0.803
35,1.06,0.342,-0.718
36,1.03,0.488,-0.542
37,1.04,0.353,-0.687
38,0.9,0.377,-0.523
39,1.25,0.36,-0.89
40,1.17,0.364,-0.806
41,1.18,0.367,-0.813
42,1.29,0.356,-0.934
43,0.92,0.628,-0.292
44,1.17,0.362,-0.808
45,1.2,0.602,-0.598
46,0.89,0.343,-0.547
47,1.25,0.434,-0.816
48,1.41,0.347,-1.063
49,1.17,0.394,-0.776
50,0.86,0.428,-0.432
51,1.07,0.659,-0.411
52,1.42,0.748,-0.672
53,0.93,0.443,-0.487
54,0.85,0.385,-0.465
55,0.86,2.115,1.255
56,0.7,2.12,1.42
57,0.67,1.838,1.168
58,0.45,1.832,1.382
59,0.52,1.852,1.332
60,0.5,1.697,1.197
61,0.56,1.836,1.276
62,0.5,1.858,1.358
63,0.33,1.858,1.528
64,0.41,1.855,1.445
65,0.62,1.857,1.237
66,0.44,1.859,1.419
67,0.33,1.864,1.534
68,0.3,1.843,1.543
69,0.45,1.804,1.354
70,0.3,1.823,1.523
71,0.27,1.841,1.571
72,0.08,1.82,1.74
73,0.23,1.824,1.594
74,0.27,1.837,1.567
75,0.1,1.81,1.71
76,0.36,2.31,1.95
77,0.24,2.27,2.03
78,0.31,1.976,1.666
79,0.04,2.303,2.263
80,0.31,2.507,2.197
81,0.1,2.446,2.346
82,0.34,1.72,1.38
83,0.16,2.535,2.375
84,0.26,1.87,1.61
85,0.23,2.326,2.096
86,0.49,2.375,1.885
87,0.21,2.306,2.096
88,0.34,1.907,1.567
89,0.31,2.472,2.162
90,0.3,2.49,2.19
91,0.51,2.521,2.011
92,0.43,3.474,3.044
93,0.68,2.535,1.855
94,0.62,2.384,1.764
95,0.56,2.334,1.774
96,0.52,2.337,1.817
97,1.06,2.341,1.281
98,0.84,2.259,1.419
99,0.46,2.164,1.704
100,1.31,2.33,1.02
101,0.83,2.229,1.399
102,0.65,2.27,1.62
103,0.79,2.431,1.641
104,0.73,2.287,1.557
105,7.31,2.189,-5.121
106,0.54,2.044,1.504
107,0.78,2.131,1.351
108,0.64,2.148,1.508
109,0.68,2.251,1.571
110,1.38,2.201,0.821
111,0.66,2.842,2.182
112,0.95,2.674,1.724
113,0.28,2.51,2.23
114,0.84,2.869,2.029
115,0.65,2.895,2.245
116,0.9,2.416,1.516
117,0.66,2.612,1.952
118,0.73,2.802,2.072
119,0.94,2.721,1.781
120,0.77,2.629,1.859
121,0.67,2.493,1.823
122,0.8,2.442,1.642
123,0.49,2.467,1.977
124,0.63,2.366,1.736
125,0.94,2.466,1.526
126,0.85,2.46,1.61
127,0.6,2.474,1.874
128,1.04,2.316,1.276
129,0.68,2.212,1.532
130,0.55,1.807,1.257
131,0.52,1.816,1.296
132,0.69,1.787,1.097
133,0.86,1.841,0.981
134,0.63,1.798,1.168
135,0.72,1.798,1.078
136,0.58,1.805,1.225
137,0.8,1.818,1.018
138,0.59,1.811,1.221
139,0.57,1.772,1.202
140,1.08,1.837,0.757
141,0.65,1.823,1.173
142,0.74,1.769,1.029
143,1.05,1.767,0.717
144,0.64,1.777,1.137
145,0.54,1.767,1.227
146,0.5,1.761,1.261
147,0.7,1.767,1.067
148,0.5,1.778,1.278
149,0.64,1.773,1.133
150,0.68,1.781,1.101
151,0.28,1.789,1.509
152,0.69,1.761,1.071
153,0.74,1.769,1.029
154,0.31,1.83,1.52
155,0.36,1.768,1.408
156,0.2,1.788,1.588
157,0.14,1.813,1.673
158,0.59,1.883,1.293
159,0.32,2.411,2.091
160,0.0,1.883,1.883
161,0.0,1.817,1.817
162,0.71,2.581,1.871
163,0.18,2.713,2.533
164,0.54,2.589,2.049
165,0.77,2.442,1.672
166,0.39,2.759,2.369
167,0.29,2.614,2.324
168,0.0,2.662,2.662
169,0.11,3.402,3.292
170,0.19,5.499,5.309
171,0.05,4.326,4.276
172,0.32,5.796,5.476
173,0.0,5.481,5.481
174,0.0,3.923,3.923
175,0.0,4.827,4.827
176,0.0,4.229,4.229
177,0.28,3.0,2.72
178,0.41,4.645,4.235
179,0.2,5.812,5.612
180,0.17,5.175,5.005
181,0.11,2.723,2.613
182,0.16,2.979,2.819
183,0.2,2.694,2.494
184,0.08,2.007,1.927
185,0.18,2.371,2.191
186,0.07,1.96,1.89
187,0.12,2.635,2.515
188,0.28,2.249,1.969
189,0.31,2.434,2.124
190,0.33,2.13,1.8
191,0.48,2.134,1.654
192,0.59,1.984,1.394
193,0.73,1.987,1.257
194,0.51,2.449,1.939
195,0.91,2.676,1.766
196,0.86,2.525,1.665
197,0.66,2.38,1.72
198,0.66,2.329,1.669
199,0.71,2.112,1.402
200,0.78,2.463,1.683
201,0.68,2.516,1.836
202,0.85,2.389,1.539
203,0.57,2.631,2.061
204,0.82,3.047,2.227
205,0.63,3.352,2.722
206,0.73,3.642,2.912
207,0.82,3.589,2.769
208,0.8,3.732,2.932
209,0.74,3.66,2.92
210,0.75,3.739,2.989
211,0.75,2.873,2.123
212,0.6,2.847,2.247
213,0.5,2.986,2.486
214,0.58,2.923,2.343
215,0.42,2.6,2.18
216,0.34,2.636,2.296
217,0.19,2.459,2.269
218,0.5,2.73,2.23
219,0.61,2.862,2.252
220,0.83,3.324,2.494
221,0.54,2.526,1.986
222,0.36,2.582,2.222
223,0.7,2.688,1.988
224,0.37,2.854,2.484
225,0.59,2.696,2.106
226,0.58,2.946,2.366
227,0.65,2.653,2.003
228,0.5,2.705,2.205
229,0.69,2.638,1.948
230,0.6,2.715,2.115
231,0.68,2.807,2.127
232,0.83,2.879,2.049
233,0.52,2.544,2.024
234,0.37,2.531,2.161
235,0.53,2.917,2.387
236,0.84,2.911,2.071
237,0.57,2.958,2.388
238,0.75,2.69,1.94
239,0.52,2.965,2.445
240,1.61,2.995,1.385
241,0.55,3.034,2.484
242,0.83,2.671,1.841
243,0.5,2.812,2.312
244,0.36,2.961,2.601
245,0.54,2.949,2.409
246,0.55,2.96,2.41
247,0.34,2.892,2.552
248,0.05,3.111,3.061
249,0.04,3.001,2.961
250,0.09,2.908,2.818
251,0.0,3.142,3.142
252,0.16,3.366,3.206
253,0.34,3.156,2.816
254,0.13,3.851,3.721
255,0.27,3.136,2.866
256,0.19,4.243,4.053
257,0.0,3.998,3.998
258,0.0,4.248,4.248
259,0.0,1.823,1.823
260,0.0,1.703,1.703
261,0.0,4.086,4.086
262,0.0,1.172,1.172
263,0.0,1.067,1.067
264,0.0,0.672,0.672
265,0.0,1.494,1.494
266,0.05,2.077,2.027
267,0.0,2.57,2.57
268,0.0,2.755,2.755
269,0.0,2.652,2.652
270,0.0,1.419,1.419
271,0.0,2.789,2.789
272,0.0,2.599,2.599
273,0.24,3.188,2.948
274,0.13,4.296,4.166
275,0.32,5.123,4.803
276,0.14,5.924,5.784
277,0.11,5.877,5.767
278,0.04,5.048,5.008
279,0.27,6.275,6.005
280,0.26,7.8,7.54
281,0.05,3.005,2.955
282,0.17,6.831,6.661
283,0.05,6.206,6.156
284,0.22,8.403,8.183
285,0.36,6.998,6.638
286,0.22,3.399,3.179
287,0.78,4.472,3.692
288,0.44,4.169,3.729
289,0.48,3.498,3.018
290,0.62,1.292,0.672
291,0.71,0.636,-0.074
292,0.54,0.678,0.138
293,0.33,3.578,3.248
294,0.36,6.335,5.975
295,1.34,5.942,4.602
296,0.32,5.552,5.232
297,1.86,3.03,1.17
298,1.16,0.94,-0.22
299,0.47,4.497,4.027
300,1.7,2.097,0.397
301,0.47,1.71,1.24
302,0.37,2.192,1.822
303,0.57,2.191,1.621
304,0.7,0.584,-0.116
305,0.21,1.566,1.356
306,0.44,1.661,1.221
307,0.0,2.02,2.02
308,0.93,1.802,0.872
309,0.19,1.477,1.287
310,0.27,2.037,1.767
311,0.21,2.169,1.959
312,0.47,0.786,0.316
313,0.3,0.873,0.573
314,0.35,1.395,1.045
315,0.4,2.487,2.087
316,0.5,0.463,-0.037
317,0.9,0.691,-0.209
318,0.08,2.12,2.04
319,0.58,1.548,0.968
320,0.32,0.881,0.561
321,0.24,0.605,0.365
322,1.99,0.694,-1.296
323,0.65,2.153,1.503
324,0.25,2.228,1.978
325,0.33,2.165,1.835
326,0.24,2.277,2.037
327,0.31,2.432,2.122
328,0.5,2.21,1.71
329,0.39,2.129,1.739
330,0.32,1.577,1.257
331,0.56,2.362,1.802
332,0.44,2.57,2.13
333,0.66,3.014,2.354
334,0.43,2.866,2.436
335,0.74,3.943,3.203
336,0.55,3.855,3.305
337,0.21,3.883,3.673
338,0.28,3.558,3.278
339,0.29,3.729,3.439
340,0.09,4.049,3.959
341,0.0,3.8,3.8
342,0.78,4.066,3.286
343,0.0,4.24,4.24
344,0.07,3.459,3.389
345,0.0,3.508,3.508
346,0.09,3.647,3.557
347,0.21,3.33,3.12
348,0.18,3.626,3.446
349,0.0,3.562,3.562
350,0.0,3.487,3.487
351,0.0,3.532,3.532
352,0.0,4.127,4.127
353,0.0,4.373,4.373
354,0.0,4.379,4.379
355,0.0,3.207,3.207
356,0.0,3.339,3.339
357,0.0,3.424,3.424
358,0.0,3.027,3.027
359,0.0,3.049,3.049
360,0.0,3.975,3.975
361,0.0,3.044,3.044
362,0.0,3.266,3.266
363,0.0,3.599,3.599
364,0.0,4.597,4.597
365,0.0,4.654,4.654
366,0.0,4.702,4.702
367,0.0,5.041,5.041
368,0.11,4.622,4.512
369,0.0,4.723,4.723
370,0.18,4.734,4.554
371,0.25,3.893,3.643
372,0.0,4.08,4.08
373,0.06,3.829,3.769
374,0.01,4.091,4.081
375,0.0,5.05,5.05
376,0.1,5.07,4.97
377,0.25,3.889,3.639
378,0.24,3.957,3.717
379,0.54,4.942,4.402
380,0.25,5.473,5.223
381,0.35,4.198,3.848
382,0.49,5.085,4.595
383,0.5,3.54,3.04
384,0.39,3.597,3.207
385,0.4,4.103,3.703
386,0.44,3.999,3.559
387,0.33,3.83,3.5
388,0.57,3.426,2.856
389,0.49,3.336,2.846
390,0.49,3.365,2.875
391,0.39,3.34,2.95
392,0.3,3.237,2.937
393,0.46,3.074,2.614
394,0.37,3.156,2.786
395,0.49,2.923,2.433
396,0.3,0.978,0.678
397,0.38,2.397,2.017
398,0.44,2.968,2.528
399,0.39,2.669,2.279
400,0.35,0.986,0.636
401,0.36,3.354,2.994
402,0.6,3.304,2.704
403,0.69,2.862,2.172
404,0.52,1.588,1.068
405,0.72,1.002,0.282
406,0.37,2.06,1.69
407,0.67,0.964,0.294
408,0.4,1.544,1.144
409,0.45,1.91,1.46
410,0.5,3.138,2.638
411,0.37,0.667,0.297
412,0.42,2.183,1.763
413,0.38,1.767,1.387
414,0.35,0.29,-0.06
415,0.32,0.263,-0.057
416,0.33,1.776,1.446
417,0.23,1.321,1.091
418,0.52,2.584,2.064
419,0.28,2.553,2.273
420,0.18,2.437,2.257
421,0.11,2.441,2.331
422,0.36,1.792,1.432
423,0.19,1.815,1.625
424,0.39,3.314,2.924
425,0.48,3.193,2.713
426,0.37,1.757,1.387
427,0.79,4.105,3.315
428,0.49,3.897,3.407
429,0.39,3.426,3.036
430,0.4,3.85,3.45
431,0.68,3.755,3.075
432,0.66,3.99,3.33
433,0.33,3.97,3.64
434,0.23,5.232,5.002
435,0.25,4.04,3.79
436,0.13,3.312,3.182
437,0.01,3.579,3.569
438,0.13,3.882,3.752
439,0.16,4.727,4.567
440,0.16,6.013,5.853
441,0.05,4.16,4.11
442,0.39,3.824,3.434
443,0.0,4.11,4.11
444,0.0,4.141,4.141
445,0.26,4.182,3.922
446,0.0,4.307,4.307
447,0.0,4.266,4.266
448,0.0,3.834,3.834
449,0.0,4.41,4.41
450,0.0,5.227,5.227
451,0.0,5.17,5.17
452,0.0,6.55,6.55
453,0.0,5.766,5.766
454,0.0,4.818,4.818
455,0.0,4.503,4.503
456,0.0,4.882,4.882
457,0.0,5.592,5.592
458,0.0,7.629,7.629
459,0.0,5.379,5.379
460,0.0,6.967,6.967
461,0.0,4.56,4.56
462,0.0,4.301,4.301
463,0.0,2.835,2.835
464,0.03,2.54,2.51
465,0.0,2.687,2.687
466,0.29,2.967,2.677
467,0.1,2.949,2.849
468,0.16,3.267,3.107
469,0.14,3.206,3.066
470,0.36,4.814,4.454
471,0.41,4.138,3.728
472,0.2,3.181,2.981
473,0.0,2.947,2.947
474,0.12,3.03,2.91
475,0.16,2.707,2.547
476,0.24,2.705,2.465
477,0.27,2.755,2.485
478,0.68,2.812,2.132
479,0.35,3.048,2.698
480,0.42,4.115,3.695
481,1.1,3.928,2.828
482,0.72,3.554,2.834
483,0.28,3.657,3.377
484,0.84,3.54,2.7
485,0.68,3.055,2.375
486,0.65,4.249,3.599
487,0.18,3.702,3.522
488,0.43,3.746,3.316
489,0.47,3.237,2.767
490,0.32,3.199,2.879
491,0.2,3.352,3.152
492,0.42,3.277,2.857
493,0.3,3.453,3.153
494,0.56,3.424,2.864
495,0.53,3.494,2.964
496,0.47,3.104,2.634
497,0.22,4.356,4.136
498,0.16,2.978,2.818
499,0.46,4.533,4.073
500,0.57,2.774,2.204
501,0.29,2.859,2.569
502,0.5,3.032,2.532
503,0.51,3.039,2.529
504,0.4,4.099,3.699
505,0.52,5.559,5.039
506,0.73,5.353,4.623
507,0.66,4.58,3.92
508,0.74,5.482,4.742
509,0.71,5.175,4.465
510,0.37,6.086,5.716
511,0.79,5.752,4.962
512,0.51,5.347,4.837
513,0.28,4.952,4.672
514,0.62,4.915,4.295
515,0.34,5.167,4.827
516,0.49,5.561,5.071
517,0.77,5.508,4.738
518,0.62,4.648,4.028
519,0.58,4.601,4.021
520,0.59,4.979,4.389
521,0.67,4.992,4.322
522,0.33,4.937,4.607
523,0.51,5.621,5.111
524,0.36,5.609,5.249
525,0.58,6.155,5.575
526,1.02,4.52,3.5
527,0.38,6.359,5.979
528,0.41,4.92,4.51
529,0.55,5.628,5.078
530,0.41,4.593,4.183
531,0.08,4.452,4.372
532,0.0,4.35,4.35
533,0.13,4.165,4.035
534,0.24,4.067,3.827
535,0.19,4.48,4.29
536,0.14,3.935,3.795
537,0.14,4.011,3.871
538,0.11,4.652,4.542
539,0.26,4.727,4.467
540,0.18,5.375,5.195
541,0.17,4.979,4.809
542,0.2,5.257,5.057
543,0.25,4.938,4.688
544,0.01,4.455,4.445
545,0.16,4.797,4.637
546,0.14,3.788,3.648
547,0.08,3.726,3.646
548,0.19,4.125,3.935
549,0.0,3.534,3.534
550,0.08,5.037,4.957
551,0.08,4.076,3.996
552,0.06,4.524,4.464
553,0.05,6.012,5.962
554,0.14,4.077,3.937
555,0.19,4.764,4.574
556,0.15,4.931,4.781
557,0.2,4.696,4.496
558,0.11,5.578,5.468
559,0.07,4.829,4.759
560,0.16,4.809,4.649
561,0.4,4.887,4.487
562,0.24,4.877,4.637
563,0.37,5.293,4.923
564,0.55,5.033,4.483
565,0.05,5.056,5.006
566,0.28,4.518,4.238
567,0.32,2.885,2.565
568,0.28,2.809,2.529
569,0.48,2.943,2.463
570,0.3,3.024,2.724
571,0.39,2.98,2.59
572,0.62,3.066,2.446
573,0.53,2.918,2.388
574,0.55,2.917,2.367
575,0.62,2.931,2.311
576,0.88,2.983,2.103
577,0.75,2.956,2.206
578,0.91,2.797,1.887
579,0.77,2.689,1.919
580,0.8,2.993,2.193
581,0.37,3.064,2.694
582,0.91,3.023,2.113
583,0.75,2.852,2.102
584,0.64,2.859,2.219
585,0.74,3.052,2.312
586,1.11,3.085,1.975
587,0.53,3.14,2.61
588,0.58,3.023,2.443
589,0.7,3.632,2.932
590,0.67,4.758,4.088
591,0.88,3.347,2.467
592,0.79,3.61,2.82
593,0.67,3.508,2.838
594,0.84,3.403,2.563
595,0.8,3.375,2.575
596,0.43,4.175,3.745
597,1.07,5.452,4.382
598,0.78,5.587,4.807
599,0.95,4.851,3.901
600,0.57,5.886,5.316
601,0.58,5.754,5.174
602,0.82,5.787,4.967
603,0.57,5.842,5.272
604,0.87,5.877,5.007
605,0.89,5.815,4.925
606,0.99,5.314,4.324
607,0.25,5.359,5.109
608,0.32,4.279,3.959
609,1.0,4.522,3.522
610,0.8,4.315,3.515
611,0.4,4.774,4.374
612,0.5,3.982,3.482
613,0.31,3.978,3.668
614,0.84,3.831,2.991
615,0.96,3.368,2.408
616,0.73,3.509,2.779
617,0.71,3.826,3.116
618,0.57,3.723,3.153
619,0.41,4.039,3.629
620,0.47,5.902,5.432
621,0.71,5.184,4.474
622,0.56,5.139,4.579
623,0.8,5.607,4.807
624,0.92,4.401,3.481
625,0.6,5.223,4.623
626,0.5,4.747,4.247
627,0.54,4.722,4.182
628,0.64,4.879,4.239
629,0.49,5.008,4.518
630,0.62,4.857,4.237
631,1.01,4.132,3.122
632,0.23,4.852,4.622
633,0.48,4.896,4.416
634,0.4,4.659,4.259
635,0.43,4.713,4.283
636,0.5,4.479,3.979
637,0.64,5.265,4.625
638,0.46,4.761,4.301
639,0.45,4.698,4.248
640,0.63,5.053,4.423
641,0.61,5.051,4.441
642,0.79,5.123,4.333
643,0.6,4.566,3.966
644,0.72,4.404,3.684
645,0.71,4.482,3.772
646,0.63,5.191,4.561
647,0.58,5.718,5.138
648,0.78,4.708,3.928
649,0.93,2.677,1.747
650,0.82,4.847,4.027
651,0.83,4.634,3.804
652,0.72,2.544,1.824
653,1.03,4.572,3.542
654,1.0,4.532,3.532
655,0.9,4.722,3.822
656,1.1,4.791,3.691
657,0.99,5.673,4.683
658,0.94,6.571,5.631
659,1.06,6.552,5.492
660,0.86,6.693,5.833
661,0.94,6.641,5.701
662,1.07,6.227,5.157
663,0.98,6.323,5.343
664,1.07,6.279,5.209
665,1.24,6.238,4.998
666,1.17,6.23,5.06
667,1.01,6.039,5.029
668,0.97,2.124,1.154
669,1.21,2.178,0.968
670,1.18,4.02,2.84
671,1.23,2.311,1.081
672,1.17,2.227,1.057
673,1.37,2.285,0.915
674,1.15,2.645,1.495
675,1.22,2.679,1.459
676,1.29,3.418,2.128
677,1.18,3.79,2.61
678,1.41,3.588,2.178
679,1.18,3.675,2.495
680,1.39,3.104,1.714
681,1.11,4.284,3.174
682,1.47,4.968,3.498
683,1.41,3.264,1.854
684,1.38,2.438,1.058
685,1.76,2.073,0.313
686,1.48,1.611,0.131
687,0.77,1.965,1.195
688,1.88,1.827,-0.053
689,1.37,2.1,0.73
690,1.16,2.189,1.029
691,1.11,2.198,1.088
692,1.61,2.383,0.773
693,1.06,2.383,1.323
694,1.18,2.362,1.182
695,1.32,2.311,0.991
696,1.48,2.455,0.975
697,1.44,2.503,1.063
698,1.26,2.558,1.298
699,0.74,2.598,1.858
700,0.89,2.139,1.249
701,1.55,2.474,0.924
702,1.79,2.313,0.523
703,1.76,2.376,0.616
704,1.98,2.426,0.446
705,1.69,2.496,0.806
706,1.74,2.657,0.917
707,1.76,2.811,1.051
708,1.68,2.691,1.011
709,1.76,2.591,0.831
710,1.42,2.826,1.406
711,1.52,2.63,1.11
712,2.18,2.413,0.233
713,1.47,2.636,1.166
714,0.96,1.529,0.569
715,1.58,1.804,0.224
716,1.54,0.694,-0.846
717,1.61,1.925,0.315
718,1.54,2.089,0.549
719,1.36,2.684,1.324
720,1.39,2.885,1.495
721,1.16,1.852,0.692
722,1.41,2.07,0.66
723,1.19,1.802,0.612
724,1.03,1.846,0.816
725,0.96,1.845,0.885
726,0.91,2.513,1.603
727,1.45,3.013,1.563
728,2.44,2.7,0.26
729,0.98,2.603,1.623
730,0.4,2.96,2.56
731,1.16,3.711,2.551
732,0.84,3.607,2.767
733,1.23,3.565,2.335
734,1.12,3.396,2.276
735,1.18,3.647,2.467
736,1.32,3.545,2.225
737,1.23,3.833,2.603
738,1.31,3.781,2.471
739,1.65,3.795,2.145
740,1.21,4.139,2.929
741,1.15,4.128,2.978
742,1.14,4.325,3.185
743,1.12,4.679,3.559
744,1.15,4.35,3.2
745,1.16,4.152,2.992
746,1.11,4.402,3.292
747,1.26,5.986,4.726
748,1.11,6.498,5.388
749,1.32,6.783,5.463
750,1.04,5.356,4.316
751,1.07,4.746,3.676
752,1.27,6.341,5.071
753,1.16,5.262,4.102
754,1.03,5.335,4.305
755,1.15,5.005,3.855
756,1.08,4.626,3.546
757,1.29,5.357,4.067
758,1.42,4.96,3.54
759,1.25,5.59,4.34
760,0.98,6.133,5.153
761,1.15,7.383,6.233
762,1.23,7.302,6.072
763,1.37,6.789,5.419
764,1.25,4.709,3.459
765,1.36,3.673,2.313
766,1.28,3.154,1.874
767,1.88,2.463,0.583
768,1.69,2.532,0.842
769,1.77,2.507,0.737
770,1.83,2.051,0.221
771,1.37,2.099,0.729
772,1.48,2.333,0.853
773,1.23,2.327,1.097
774,1.02,2.302,1.282
775,1.67,2.333,0.663
776,1.2,2.338,1.138
777,1.91,2.45,0.54
778,1.32,2.238,0.918
779,1.74,2.304,0.564
780,1.88,2.224,0.344
781,1.87,1.802,-0.068
782,1.58,2.218,0.638
783,1.37,2.22,0.85
784,1.2,2.226,1.026
785,1.67,2.361,0.691
786,1.92,2.464,0.544
787,1.64,2.444,0.804
788,1.47,2.361,0.891
789,1.17,2.31,1.14
790,1.59,2.684,1.094
791,1.65,2.866,1.216
792,1.92,2.531,0.611
793,1.4,2.813,1.413
794,2.01,2.766,0.756
795,1.78,1.798,0.018
796,1.79,1.832,0.042
797,1.97,1.821,-0.149
798,2.27,1.841,-0.429
799,1.8,1.841,0.041
800,1.53,1.789,0.259
801,1.57,1.795,0.225
802,1.68,1.841,0.161
803,1.47,1.811,0.341
804,1.91,1.797,-0.113
805,1.04,1.778,0.738
806,2.29,1.778,-0.512
807,1.27,1.771,0.501
808,1.95,1.79,-0.16
809,1.6,1.778,0.178
810,1.61,1.769,0.159
811,1.57,1.767,0.197
812,2.07,1.796,-0.274
813,2.34,1.707,-0.633
814,2.08,1.712,-0.368
815,1.62,1.883,0.263
816,1.84,2.401,0.561
817,1.49,2.221,0.731
818,1.99,2.34,0.35
819,1.53,2.464,0.934
820,1.19,2.402,1.212
821,1.01,2.42,1.41
822,1.46,2.543,1.083
823,0.95,2.594,1.644
824,0.97,2.32,1.35
825,1.39,2.558,1.168
826,1.51,2.306,0.796
827,0.83,2.335,1.505
828,1.28,2.336,1.056
829,1.72,2.254,0.534
830,1.98,1.914,-0.066
831,1.62,1.812,0.192
832,1.19,1.799,0.609
833,1.06,1.817,0.757
834,1.54,2.59,1.05
835,1.58,2.537,0.957
836,1.54,2.331,0.791
837,1.6,2.931,1.331
838,1.41,3.099,1.689
839,1.27,2.78,1.51
840,0.94,4.076,3.136
841,1.2,5.75,4.55
842,0.86,5.381,4.521
843,0.96,4.608,3.648
844,1.11,2.288,1.178
845,1.12,2.069,0.949
846,1.09,2.698,1.608
847,1.13,2.196,1.066
848,1.3,2.371,1.071
849,1.34,2.603,1.263
850,1.59,2.157,0.567
851,1.48,2.255,0.775
852,1.46,2.203,0.743
853,1.31,2.372,1.062
854,1.65,2.372,0.722
855,1.14,2.383,1.243
856,1.62,2.25,0.63
857,1.68,3.343,1.663
858,1.98,3.72,1.74
859,1.97,2.609,0.639
860,1.56,4.423,2.863
861,1.83,5.02,3.19
862,1.73,3.216,1.486
863,1.75,3.696,1.946
864,2.09,2.772,0.682
865,1.5,3.206,1.706
866,1.38,3.117,1.737
867,1.79,3.138,1.348
868,1.74,3.177,1.437
869,2.01,2.871,0.861
870,1.71,3.075,1.365
871,1.83,3.22,1.39
872,2.1,3.305,1.205
873,1.61,3.48,1.87
874,1.66,5.797,4.137
875,1.7,5.502,3.802
876,1.47,6.182,4.712
877,1.71,6.137,4.427
878,1.29,5.477,4.187
879,1.82,9.429,7.609
880,12.82,9.652,-3.168
881,1.59,9.279,7.689
882,1.7,6.574,4.874
883,1.86,3.89,2.03
884,1.9,5.595,3.695
885,2.01,5.13,3.12
886,1.73,4.015,2.285
887,2.19,3.846,1.656
888,1.44,4.072,2.632
889,1.6,3.97,2.37
890,1.7,3.644,1.944
891,1.88,3.649,1.769
892,1.69,4.134,2.444
893,1.77,4.607,2.837
894,1.68,4.984,3.304
895,1.9,4.681,2.781
896,2.11,3.637,1.527
897,1.83,3.47,1.64
898,1.99,4.248,2.258
899,2.07,4.49,2.42
900,1.54,4.266,2.726
901,1.04,4.046,3.006
902,1.88,4.793,2.913
903,2.08,4.949,2.869
904,1.69,4.568,2.878
905,1.32,4.728,3.408
906,1.32,4.862,3.542
907,1.67,5.284,3.614
908,1.91,5.253,3.343
909,1.76,5.445,3.685
910,1.8,5.041,3.241
911,1.85,4.959,3.109
912,1.99,5.454,3.464
913,1.97,5.219,3.249
914,1.75,5.312,3.562
915,1.54,4.872,3.332
916,1.19,5.61,4.42
917,1.39,5.261,3.871
918,1.39,4.909,3.519
919,1.32,4.462,3.142
920,1.41,4.412,3.002
921,1.12,3.991,2.871
922,1.37,3.718,2.348
923,1.23,3.976,2.746
924,1.28,3.746,2.466
925,1.23,4.55,3.32
926,1.46,4.265,2.805
927,1.43,5.254,3.824
928,1.37,5.942,4.572
929,1.64,5.707,4.067
930,1.71,6.025,4.315
931,1.75,6.301,4.551
932,1.97,5.878,3.908
933,1.73,6.025,4.295
934,1.52,5.855,4.335
935,1.36,6.069,4.709
936,1.99,6.015,4.025
937,2.02,6.537,4.517
938,2.0,7.562,5.562
939,1.96,6.868,4.908
940,1.7,6.087,4.387
941,2.02,5.875,3.855
942,1.57,5.406,3.836
943,1.79,4.004,2.214
944,2.03,4.876,2.846
945,1.86,4.957,3.097
946,2.16,6.926,4.766
947,2.28,5.183,2.903
948,2.03,5.669,3.639
949,2.13,7.555,5.425
950,1.91,7.529,5.619
951,2.11,5.812,3.702
952,2.0,11.784,9.784
953,2.61,8.316,5.706
954,2.18,11.242,9.062
955,2.46,6.811,4.351
956,2.9,7.033,4.133
957,3.19,6.446,3.256
958,2.68,5.907,3.227
959,2.65,3.909,1.259
960,4.09,4.653,0.563
961,2.87,10.912,8.042
962,1.1,4.296,3.196
963,2.7,3.241,0.541
964,2.45,5.845,3.395
965,2.43,6.162,3.732
966,2.69,4.191,1.501
967,2.42,4.573,2.153
968,2.18,5.636,3.456
969,2.81,4.918,2.108
970,2.28,5.699,3.419
971,1.84,5.046,3.206
972,2.29,4.891,2.601
973,2.69,3.712,1.022
974,2.76,3.487,0.727
975,1.79,3.125,1.335
976,2.66,3.687,1.027
977,2.36,3.449,1.089
978,1.88,3.9,2.02
979,2.29,3.969,1.679
980,2.25,3.897,1.647
981,2.73,4.705,1.975
982,2.43,4.734,2.304
983,2.38,4.636,2.256
984,2.53,4.467,1.937
985,2.34,4.933,2.593
986,5.56,5.08,-0.48
987,2.7,4.976,2.276
988,2.13,4.962,2.832
989,2.44,5.01,2.57
990,2.05,4.746,2.696
991,2.53,4.882,2.352
992,3.0,5.659,2.659
993,3.22,6.727,3.507
994,2.3,5.066,2.766
995,1.62,4.641,3.021
996,2.63,6.203,3.573
997,2.89,5.798,2.908
998,2.16,5.437,3.277
999,2.84,4.242,1.402
1000,1.7,4.842,3.142
1001,2.06,3.803,1.743
1002,2.23,3.708,1.478
1003,2.99,3.397,0.407
1004,2.52,3.379,0.859
1005,2.23,3.379,1.149
1006,2.02,3.144,1.124
1007,2.4,2.836,0.436
1008,2.3,2.815,0.515
1009,1.8,2.846,1.046
1010,1.76,2.991,1.231
1011,1.65,2.959,1.309
1012,1.61,2.827,1.217
1013,2.09,2.91,0.82
1014,2.0,2.91,0.91
1015,1.78,2.815,1.035
1016,1.76,2.846,1.086
1017,1.65,2.836,1.186
1018,1.69,3.343,1.653
1019,1.84,3.529,1.689
1020,1.56,4.328,2.768
1021,2.15,4.328,2.178
1022,1.83,4.102,2.272
1023,1.83,4.567,2.737
1024,1.77,4.439,2.669
1025,2.13,4.486,2.356
1026,2.14,4.765,2.625
1027,2.55,4.815,2.265
1028,2.22,4.485,2.265
1029,2.63,4.125,1.495
1030,2.14,3.78,1.64
1031,2.23,3.917,1.687
1032,2.78,4.467,1.687
1033,2.42,4.221,1.801
1034,2.07,4.068,1.998
1035,2.41,4.047,1.637
1036,2.68,3.762,1.082
1037,2.39,3.764,1.374
1038,2.66,3.743,1.083
1039,2.77,3.996,1.226
1040,2.27,3.845,1.575
1041,2.36,4.09,1.73
1042,2.47,4.019,1.549
1043,2.33,4.087,1.757
1044,2.83,4.088,1.258
1045,2.81,4.108,1.298
1046,2.86,4.067,1.207
1047,2.86,4.176,1.316
1048,2.9,4.226,1.326
1049,3.28,4.291,1.011
1050,3.04,4.167,1.127
1051,2.81,4.195,1.385
1052,4.27,4.091,-0.179
1053,3.38,4.145,0.765
1054,3.95,4.134,0.184
1055,2.92,4.494,1.574
1056,3.19,4.377,1.187
1057,3.62,4.115,0.495
1058,1.84,3.95,2.11
1059,3.59,3.684,0.094
1060,4.45,3.583,-0.867
1061,3.33,3.543,0.213
1062,3.63,3.998,0.368
1063,2.62,3.878,1.258
1064,2.74,4.14,1.4
1065,2.66,3.786,1.126
1066,3.04,3.496,0.456
1067,2.96,5.646,2.686
1068,3.45,4.788,1.338
1069,3.14,4.175,1.035
1070,2.66,5.136,2.476
1071,2.82,5.688,2.868
1072,2.77,5.311,2.541
1073,3.16,5.034,1.874
1074,3.11,4.715,1.605
1075,2.27,4.519,2.249
1076,2.99,3.867,0.877
1077,3.09,3.874,0.784
1078,3.27,4.365,1.095
1079,3.13,4.143,1.013
1080,2.78,3.587,0.807
1081,3.31,3.673,0.363
1082,3.02,3.587,0.567
1083,2.96,3.368,0.408
1084,2.85,3.042,0.192
1085,3.01,3.042,0.032
1086,4.08,3.269,-0.811
1087,3.21,3.197,-0.013
1088,3.08,3.297,0.217
1089,2.38,3.203,0.823
1090,2.81,3.197,0.387
1091,3.17,3.517,0.347
1092,2.94,3.197,0.257
1093,3.12,3.261,0.141
1094,2.98,3.286,0.306
1095,3.06,3.296,0.236
1096,2.71,3.296,0.586
1097,7.67,3.203,-4.467
1098,3.27,3.235,-0.035
1099,3.37,3.146,-0.224
1100,2.34,3.058,0.718
1101,3.51,3.118,-0.392
1102,2.91,3.095,0.185
1103,2.74,3.096,0.356
1104,2.37,3.154,0.784
1105,2.29,3.154,0.864
1106,2.59,3.232,0.642
1107,2.57,2.946,0.376
1108,2.71,3.096,0.386
1109,2.11,2.159,0.049
1110,2.22,2.141,-0.079
1111,2.08,2.152,0.072
1112,2.03,2.151,0.121
1113,1.41,2.154,0.744
1114,2.13,2.714,0.584
1115,1.97,2.721,0.751
1116,1.88,3.115,1.235
1117,2.14,3.223,1.083
1118,1.67,3.148,1.478
1119,1.74,3.263,1.523
1120,1.57,3.228,1.658
1121,1.48,3.163,1.683
1122,1.27,2.491,1.221
1123,1.87,2.791,0.921
1124,1.48,3.098,1.618
1125,2.06,3.28,1.22
1126,2.62,4.029,1.409
1127,2.1,4.093,1.993
1128,2.29,4.457,2.167
1129,2.32,5.16,2.84
1130,2.05,5.075,3.025
1131,2.11,5.101,2.991
1132,2.17,4.278,2.108
1133,2.01,4.108,2.098
1134,2.24,4.021,1.781
1135,2.34,3.889,1.549
1136,2.4,3.86,1.46
1137,2.84,3.774,0.934
1138,2.24,3.863,1.623
1139,1.4,3.823,2.423
1140,2.47,4.221,1.751
1141,2.82,4.218,1.398
1142,1.94,3.873,1.933
1143,2.95,3.902,0.952
1144,5.42,3.989,-1.431
1145,3.0,4.188,1.188
1146,8.74,4.199,-4.541
1147,2.78,3.686,0.906
1148,3.52,3.918,0.398
1149,3.65,4.071,0.421
1150,1.92,4.077,2.157
1151,3.3,4.1,0.8
1152,4.87,5.083,0.213
1153,3.95,5.085,1.135
1154,3.24,5.008,1.768
1155,2.87,3.126,0.256
1156,2.4,3.022,0.622
1157,2.74,3.022,0.282
1158,3.18,3.084,-0.096
1159,2.97,2.981,0.011
1160,3.56,2.952,-0.608
1161,3.27,2.952,-0.318
1162,2.81,3.103,0.293
1163,2.61,2.926,0.316
1164,2.87,3.126,0.256
1165,3.57,2.936,-0.634
1166,3.05,2.967,-0.083
1167,2.34,2.803,0.463
1168,2.81,2.909,0.099
1169,3.82,3.042,-0.778
1170,2.88,2.833,-0.047
1171,2.86,2.45,-0.41
1172,2.97,2.249,-0.721
1173,2.58,2.231,-0.349
1174,2.83,2.216,-0.614
1175,3.11,2.219,-0.891
1176,3.53,2.404,-1.126
1177,2.56,2.261,-0.299
1178,3.07,2.453,-0.617
1179,3.61,2.395,-1.215
1180,3.16,2.378,-0.782
1181,4.7,2.372,-2.328
1182,3.68,2.373,-1.307
1183,2.93,2.221,-0.709
1184,2.72,2.186,-0.534
1185,4.76,2.281,-2.479
1186,3.37,2.173,-1.197
1187,4.55,2.862,-1.688
1188,2.96,2.862,-0.098
1189,2.79,2.897,0.107
1190,2.6,2.255,-0.345
1191,2.93,2.241,-0.689
1192,3.88,2.151,-1.729
1193,4.84,2.164,-2.676
1194,3.71,2.161,-1.549
1195,2.74,2.155,-0.585
1196,3.87,2.112,-1.758
1197,3.58,2.132,-1.448
1198,2.97,2.102,-0.868
1199,3.36,2.003,-1.357
1200,5.34,2.092,-3.248
1201,4.2,2.119,-2.081
1202,3.02,2.107,-0.913
1203,2.77,2.007,-0.763
1204,3.0,2.025,-0.975
1205,2.98,2.111,-0.869
1206,3.57,2.148,-1.422
1207,2.62,2.139,-0.481
1208,2.33,2.24,-0.09
1209,2.55,2.839,0.289
1210,2.44,2.177,-0.263
1211,2.21,2.156,-0.054
1212,2.32,2.185,-0.135
1213,2.13,2.248,0.118
1214,2.2,2.157,-0.043
1215,2.23,2.164,-0.066
1216,2.26,2.159,-0.101
1217,2.32,2.199,-0.121
1218,2.5,2.227,-0.273
1219,2.36,2.237,-0.123
1220,2.43,2.22,-0.21
1221,2.73,2.244,-0.486
1222,2.23,2.223,-0.007
1223,2.42,2.25,-0.17
1224,2.34,3.031,0.691
1225,2.1,2.841,0.741
1226,2.21,2.947,0.737
1227,2.54,2.832,0.292
1228,2.08,2.953,0.873
1229,2.36,2.966,0.606
1230,1.99,3.05,1.06
1231,2.16,2.997,0.837
1232,2.16,2.901,0.741
1233,2.16,2.9,0.74
1234,2.02,2.636,0.616
1235,1.95,2.704,0.754
1236,2.03,3.531,1.501
1237,2.04,3.418,1.378
1238,2.07,3.425,1.355
1239,2.14,3.27,1.13
1240,2.15,3.474,1.324
1241,1.97,3.467,1.497
1242,2.76,3.392,0.632
1243,2.32,3.257,0.937
1244,2.67,3.217,0.547
1245,2.81,3.285,0.475
1246,2.26,3.071,0.811
1247,1.51,2.913,1.403
1248,3.51,3.106,-0.404
1249,3.39,3.257,-0.133
1250,5.22,3.326,-1.894
1251,3.63,3.219,-0.411
1252,3.56,3.224,-0.336
1253,3.79,3.319,-0.471
1254,3.24,3.581,0.341
1255,2.64,3.783,1.143
1256,3.53,3.916,0.386
1257,2.85,3.335,0.485
1258,2.68,3.912,1.232
1259,2.66,3.835,1.175
1260,3.13,3.736,0.606
1261,3.03,3.52,0.49
1262,2.95,3.605,0.655
1263,2.89,3.568,0.678
1264,2.87,3.546,0.676
1265,4.35,3.565,-0.785
1266,2.79,3.641,0.851
1267,2.69,3.619,0.929
1268,3.84,3.648,-0.192
1269,3.11,3.537,0.427
1270,3.22,3.536,0.316
1271,3.3,3.514,0.214
1272,2.86,3.492,0.632
1273,2.71,3.492,0.782
1274,2.93,3.478,0.548
1275,3.28,3.357,0.077
1276,2.19,2.097,-0.093
1277,4.68,2.184,-2.496
1278,2.94,3.546,0.606
1279,3.04,2.693,-0.347
1280,3.27,3.673,0.403
1281,6.59,3.49,-3.1
1282,2.58,2.144,-0.436
1283,2.82,3.515,0.695
1284,5.15,3.316,-1.834
1285,2.89,3.4,0.51
1286,3.94,3.325,-0.615
1287,3.06,2.19,-0.87
1288,3.57,3.184,-0.386
1289,2.77,3.007,0.237
1290,1.99,2.179,0.189
1291,6.26,2.334,-3.926
1292,2.73,2.605,-0.125
1293,3.06,2.653,-0.407
1294,2.64,3.021,0.381
1295,2.91,3.262,0.352
1296,2.34,2.829,0.489
1297,2.87,1.785,-1.085
1298,4.41,2.206,-2.204
1299,3.08,3.443,0.363
1300,2.87,3.326,0.456
1301,2.34,3.164,0.824
1302,2.87,3.14,0.27
1303,2.19,1.791,-0.399
1304,2.83,2.195,-0.635
1305,2.36,2.171,-0.189
1306,2.14,1.993,-0.147
1307,1.59,1.849,0.259
1308,2.88,1.849,-1.031
1309,2.97,2.618,-0.352
1310,2.98,3.131,0.151
1311,2.81,1.899,-0.911
1312,2.54,1.936,-0.604
1313,2.72,2.269,-0.451
1314,2.66,1.796,-0.864
1315,4.13,2.043,-2.087
1316,2.72,1.871,-0.849
1317,2.63,1.891,-0.739
1318,2.56,1.894,-0.666
1319,2.29,1.807,-0.483
1320,2.44,2.072,-0.368
1321,2.31,2.223,-0.087
1322,3.22,2.212,-1.008
1323,2.58,2.211,-0.369
1324,2.44,2.14,-0.3
1325,2.34,2.106,-0.234
1326,3.27,2.85,-0.42
1327,3.24,4.382,1.142
1328,3.49,4.492,1.002
1329,3.27,2.849,-0.421
1330,4.5,4.639,0.139
1331,2.4,4.443,2.043
1332,3.18,4.14,0.96
1333,3.29,4.3,1.01
1334,16.12,4.104,-12.016
1335,4.24,3.976,-0.264
1336,2.29,3.602,1.312
1337,3.2,4.066,0.866
1338,3.22,3.099,-0.121
1339,3.59,3.145,-0.445
1340,3.37,3.553,0.183
1341,3.43,3.577,0.147
1342,3.76,3.484,-0.276
1343,3.48,3.899,0.419
1344,3.51,3.679,0.169
1345,2.53,3.653,1.123
1346,3.44,3.643,0.203
1347,3.22,3.527,0.307
1348,2.93,3.582,0.652
1349,3.66,3.613,-0.047
1350,3.21,3.674,0.464
1351,3.5,3.628,0.128
1352,3.71,3.608,-0.102
1353,3.29,3.59,0.3
1354,3.62,3.468,-0.152
1355,3.11,3.595,0.485
1356,3.15,3.189,0.039
1357,3.33,3.324,-0.006
1358,2.29,3.518,1.228
1359,3.3,3.501,0.201
1360,3.75,3.495,-0.255
1361,3.03,3.422,0.392
1362,3.52,3.465,-0.055
1363,3.41,3.422,0.012
1364,3.47,3.465,-0.005
1365,3.39,3.47,0.08
1366,3.18,3.47,0.29
1367,2.32,3.449,1.129
1368,1.95,3.433,1.483
1369,1.31,3.583,2.273
1370,3.18,3.522,0.342
1371,2.52,3.479,0.959
1372,3.2,3.274,0.074
1373,2.54,3.512,0.972
1374,2.84,3.536,0.696
1375,2.85,3.562,0.712
1376,3.2,3.562,0.362
1377,3.32,3.426,0.106
1378,3.12,3.443,0.323
1379,3.51,3.318,-0.192
1380,2.53,3.448,0.918
1381,11.43,2.652,-8.778
1382,3.84,3.223,-0.617
1383,3.5,3.21,-0.29
1384,2.52,3.215,0.695
1385,2.97,3.203,0.233
1386,2.54,3.141,0.601
1387,6.28,3.242,-3.038
1388,4.96,3.194,-1.766
1389,3.11,3.354,0.244
1390,4.02,3.205,-0.815
1391,3.46,3.461,0.001
1392,2.6,3.007,0.407
1393,2.89,2.917,0.027
1394,2.52,3.149,0.629
1395,1.37,3.292,1.922
1396,2.63,3.212,0.582
1397,3.2,3.214,0.014
1398,3.04,3.221,0.181
1399,3.3,3.186,-0.114
1400,1.99,3.216,1.226
1401,1.57,3.186,1.616
1402,4.0,3.171,-0.829
1403,3.77,3.339,-0.431
1404,1.9,3.323,1.423
1405,2.34,3.543,1.203
1406,2.33,3.364,1.034
1407,2.55,3.314,0.764
1408,2.58,2.334,-0.246
1409,3.05,2.631,-0.419
1410,3.32,2.159,-1.161
1411,2.45,3.75,1.3
1412,2.38,3.381,1.001
1413,2.87,3.382,0.512
1414,2.58,3.641,1.061
1415,2.05,3.691,1.641
1416,2.36,3.704,1.344
1417,2.29,4.502,2.212
1418,2.15,4.502,2.352
1419,2.09,4.259,2.169
1420,2.74,3.663,0.923
1421,2.7,3.753,1.053
1422,3.02,3.779,0.759
1423,2.79,3.744,0.954
1424,3.07,3.733,0.663
1425,2.54,3.68,1.14
1426,3.03,3.792,0.762
1427,2.15,3.83,1.68
1428,3.11,3.665,0.555
1429,2.48,3.444,0.964
1430,3.15,3.33,0.18
1431,2.9,3.414,0.514
1432,3.34,3.611,0.271
1433,2.63,3.62,0.99
1434,2.88,2.87,-0.01
1435,3.53,2.567,-0.963
1436,4.33,2.78,-1.55
1437,2.94,2.53,-0.41
1438,3.22,2.686,-0.534
1439,3.82,2.698,-1.122
1440,3.5,2.691,-0.809
1441,3.4,2.691,-0.709
1442,3.07,2.936,-0.134
1443,3.3,3.086,-0.214
1444,3.12,2.873,-0.247
1445,3.25,2.773,-0.477
1446,3.35,2.868,-0.482
1447,2.95,2.948,-0.002
1448,2.53,2.928,0.398
1449,3.1,2.957,-0.143
1450,3.21,2.886,-0.324
1451,5.57,2.945,-2.625
1452,2.92,2.903,-0.017
1453,4.13,2.939,-1.191
1454,8.3,2.903,-5.397
1455,2.91,2.903,-0.007
1456,4.9,2.927,-1.973
1457,3.19,2.912,-0.278
1458,2.83,2.899,0.069
1459,3.08,2.898,-0.182
1460,2.69,2.899,0.209
1461,3.2,2.89,-0.31
1462,3.14,2.888,-0.252
1463,3.24,2.861,-0.379
1464,3.46,2.867,-0.593
1465,3.12,2.882,-0.238
1466,4.09,2.869,-1.221
1467,2.34,2.886,0.546
1468,2.88,2.928,0.048
1469,2.96,2.935,-0.025
1470,3.22,2.937,-0.283
1471,3.46,2.928,-0.532
1472,3.43,2.899,-0.531
1473,4.9,3.31,-1.59
1474,3.04,3.275,0.235
1475,3.18,3.334,0.154
1476,3.71,3.354,-0.356
1477,3.77,3.372,-0.398
1478,3.79,3.392,-0.398
1479,3.64,3.392,-0.248
1480,3.11,3.329,0.219
1481,4.47,3.458,-1.012
1482,2.3,3.395,1.095
1483,3.34,3.408,0.068
1484,4.23,3.395,-0.835
1485,3.57,3.37,-0.2
1486,3.7,3.383,-0.317
1487,3.71,3.383,-0.327
1488,3.61,3.326,-0.284
1489,2.64,3.413,0.773
1490,3.25,3.415,0.165
1491,3.24,3.39,0.15
1492,2.85,3.406,0.556
1493,3.0,3.406,0.406
1494,2.2,3.388,1.188
1495,2.31,3.39,1.08
1496,1.05,3.415,2.365
1497,2.69,3.415,0.725
1498,3.08,3.415,0.335
1499,2.98,3.386,0.406
1500,2.67,3.339,0.669
1501,1.5,3.363,1.863
1502,2.82,3.351,0.531
1503,2.84,3.351,0.511
1504,2.83,3.351,0.521
1505,3.02,3.368,0.348
1506,2.88,3.235,0.355
1507,2.89,3.213,0.323
1508,2.46,3.235,0.775
1509,4.67,3.116,-1.554
1510,1.93,3.113,1.183
1511,1.85,3.083,1.233
1512,2.82,3.308,0.488
1513,2.24,3.077,0.837
1514,2.4,3.301,0.901
1515,2.68,3.29,0.61
1516,2.56,3.395,0.835
1517,2.5,3.383,0.883
1518,2.29,3.374,1.084
1519,2.46,3.399,0.939
1520,2.3,3.39,1.09
1521,2.45,3.39,0.94
1522,2.55,3.384,0.834
1523,2.91,3.264,0.354
1524,2.49,3.361,0.871
1525,2.6,3.361,0.761
1526,2.61,3.361,0.751
1527,2.39,3.361,0.971
1528,2.3,3.221,0.921
1529,2.55,3.316,0.766
1530,2.73,3.183,0.453
1531,2.56,1.904,-0.656
1532,2.81,1.922,-0.888
1533,2.97,1.818,-1.152
1534,2.98,1.986,-0.994
1535,3.48,1.992,-1.488
1536,3.9,1.77,-2.13
1537,3.85,2.124,-1.726
1538,4.07,2.141,-1.929
1539,4.29,2.024,-2.266
1540,3.68,1.994,-1.686
1541,3.71,2.213,-1.497
1542,4.55,2.376,-2.174
1543,3.95,2.207,-1.743
1544,3.99,2.253,-1.737
1545,3.19,2.207,-0.983
1546,6.42,2.141,-4.279
1547,3.61,2.166,-1.444
1548,3.75,2.166,-1.584
1549,2.64,2.157,-0.483
1550,3.89,2.337,-1.553
1551,3.09,2.197,-0.893
1552,3.31,2.173,-1.137
1553,3.82,1.875,-1.945
1554,3.42,3.454,0.034
1555,3.73,3.39,-0.34
1556,3.96,3.137,-0.823
1557,4.0,3.34,-0.66
1558,3.17,3.341,0.171
1559,2.96,3.16,0.2
1560,3.57,3.074,-0.496
1561,3.33,3.083,-0.247
1562,4.16,3.075,-1.085
1563,3.3,3.235,-0.065
1564,2.66,3.235,0.575
1565,2.09,3.228,1.138
1566,3.23,3.235,0.005
1567,3.29,3.234,-0.056
1568,3.56,3.234,-0.326
1569,3.46,2.84,-0.62
1570,2.97,2.84,-0.13
1571,3.48,2.84,-0.64
1572,5.19,2.84,-2.35
1573,2.83,2.84,0.01
1574,3.42,2.84,-0.58
1575,3.37,2.843,-0.527
1576,3.51,2.84,-0.67
1577,3.14,2.798,-0.342
1578,2.8,2.83,0.03
1579,3.53,2.785,-0.745
1580,3.75,2.785,-0.965
1581,4.95,2.799,-2.151
1582,3.33,2.799,-0.531
1583,3.44,2.799,-0.641
1584,2.72,2.741,0.021
1585,3.13,2.741,-0.389
1586,3.08,2.741,-0.339
1587,5.45,2.732,-2.718
1588,2.94,2.796,-0.144
1589,3.04,2.741,-0.299
1590,8.59,2.741,-5.849
1591,2.89,2.741,-0.149
1592,2.5,2.796,0.296
1593,3.15,2.799,-0.351
1594,2.46,2.799,0.339
1595,4.0,2.741,-1.259
1596,2.68,2.741,0.061
1597,2.54,1.874,-0.666
1598,2.79,1.874,-0.916
1599,2.47,1.878,-0.592
1600,2.74,2.744,0.004
1601,2.32,2.744,0.424
1602,3.12,2.744,-0.376
1603,2.97,2.744,-0.226
1604,2.66,1.874,-0.786
1605,2.67,1.834,-0.836
1606,2.57,1.834,-0.736
1607,2.4,1.828,-0.572
1608,2.21,1.821,-0.389
1609,2.62,1.812,-0.808
1610,3.05,1.819,-1.231
1611,2.61,1.811,-0.799
1612,2.74,2.462,-0.278
1613,2.52,2.562,0.042
1614,5.22,2.641,-2.579
1615,2.78,3.203,0.423
1616,2.72,3.17,0.45
1617,2.84,2.639,-0.201
1618,3.42,3.203,-0.217
1619,1.26,3.208,1.948
1620,2.26,2.378,0.118
1621,1.52,2.626,1.106
1622,2.62,1.992,-0.628
1623,2.55,2.502,-0.048
1624,2.94,3.021,0.081
1625,2.71,3.317,0.607
1626,1.48,2.378,0.898
1627,3.19,2.599,-0.591
1628,1.35,1.53,0.18
1629,5.66,1.719,-3.941
1630,3.95,1.976,-1.974
1631,9.22,3.03,-6.19
1632,3.07,2.974,-0.096
1633,4.23,3.253,-0.977
1634,2.57,3.21,0.64
1635,6.55,3.189,-3.361
1636,3.94,1.579,-2.361
1637,3.06,1.587,-1.473
1638,3.78,3.19,-0.59
1639,3.85,3.19,-0.66
1640,3.92,3.19,-0.73
1641,3.29,3.204,-0.086
1642,3.89,3.171,-0.719
1643,3.26,2.637,-0.623
1644,1.67,3.175,1.505
1645,4.33,3.175,-1.155
1646,2.48,3.175,0.695
1647,3.89,2.7,-1.19
1648,2.67,1.433,-1.237
1649,3.3,1.396,-1.904
1650,3.61,1.999,-1.611
1651,3.69,2.686,-1.004
1652,1.94,2.82,0.88
1653,6.52,2.786,-3.734
1654,3.25,2.786,-0.464
1655,3.0,2.578,-0.422
1656,6.87,2.89,-3.98
1657,2.81,2.865,0.055
1658,2.76,2.52,-0.24
1659,3.9,2.896,-1.004
1660,4.61,2.845,-1.765
1661,3.41,2.454,-0.956
1662,4.59,2.896,-1.694
1663,3.0,2.907,-0.093
1664,3.38,1.764,-1.616
1665,3.86,2.891,-0.969
1666,4.03,2.544,-1.486
1667,2.61,2.534,-0.076
1668,4.56,2.87,-1.69
1669,2.37,2.872,0.502
1670,2.97,2.58,-0.39
1671,3.57,2.886,-0.684
1672,2.63,2.899,0.269
1673,3.7,3.013,-0.687
1674,5.57,2.82,-2.75
1675,3.96,2.82,-1.14
1676,2.36,2.82,0.46
1677,4.27,2.885,-1.385
1678,3.34,2.872,-0.468
1679,2.98,2.915,-0.065
1680,2.63,2.925,0.295
1681,2.8,3.05,0.25
1682,2.34,2.926,0.586
1683,6.67,2.986,-3.684
1684,2.75,2.926,0.176
1685,3.19,2.943,-0.247
1686,2.74,3.077,0.337
1687,2.14,2.926,0.786
1688,3.0,2.925,-0.075
1689,2.74,1.649,-1.091
1690,5.45,1.988,-3.462
1691,1.87,1.654,-0.216
1692,3.27,3.049,-0.221
1693,3.06,3.052,-0.008
1694,3.16,3.312,0.152
1695,2.64,3.379,0.739
1696,2.41,3.217,0.807
1697,3.03,3.289,0.259
1698,2.48,3.175,0.695
1699,3.44,3.145,-0.295
1700,2.9,3.193,0.293
1701,2.73,3.506,0.776
1702,2.88,3.303,0.423
1703,2.64,3.367,0.727
1704,3.15,3.44,0.29
1705,2.51,3.464,0.954
1706,3.26,3.403,0.143
1707,3.23,3.446,0.216
1708,2.27,3.351,1.081
1709,3.09,3.351,0.261
1710,2.15,3.405,1.255
1711,3.39,2.846,-0.544
1712,2.74,3.445,0.705
1713,2.74,2.252,-0.488
1714,1.97,2.965,0.995
1715,3.81,2.965,-0.845
1716,3.36,3.866,0.506
1717,3.71,3.56,-0.15
1718,3.22,3.372,0.152
1719,5.14,3.023,-2.117
1720,5.38,3.563,-1.817
1721,3.82,3.56,-0.26
1722,2.97,3.57,0.6
1723,3.24,3.585,0.345
1724,3.97,3.554,-0.416
1725,4.43,3.585,-0.845
1726,4.34,3.585,-0.755
1727,8.3,3.57,-4.73
1728,4.57,3.57,-1.0
1729,4.74,3.573,-1.167
1730,4.79,3.573,-1.217
1731,4.45,3.496,-0.954
1732,4.65,3.496,-1.154
1733,3.74,3.386,-0.354
1734,3.62,3.276,-0.344
1735,6.06,3.276,-2.784
1736,2.53,3.276,0.746
1737,4.01,3.251,-0.759
1738,3.74,3.114,-0.626
1739,4.07,3.123,-0.947
1740,3.63,3.253,-0.377
1741,4.45,3.371,-1.079
1742,3.64,3.384,-0.256
1743,3.58,3.336,-0.244
1744,6.4,3.38,-3.02
1745,4.52,3.386,-1.134
1746,4.69,3.302,-1.388
1747,3.7,3.386,-0.314
1748,2.92,3.315,0.395
1749,15.89,3.318,-12.572
1750,2.62,3.318,0.698
1751,3.94,3.318,-0.622
1752,4.53,3.239,-1.291
1753,2.12,3.239,1.119
1754,2.36,3.253,0.893
1755,3.01,3.332,0.322
1756,3.57,3.269,-0.301
1757,3.03,3.269,0.239
1758,5.62,3.211,-2.409
1759,3.73,3.336,-0.394
1760,3.41,3.336,-0.074
1761,4.63,3.336,-1.294
1762,3.0,3.468,0.468
1763,9.64,3.388,-6.252
1764,4.11,3.386,-0.724
1765,4.73,3.342,-1.388
1766,3.55,3.384,-0.166
1767,6.01,3.376,-2.634
1768,3.67,3.334,-0.336
1769,5.88,3.321,-2.559
1770,3.72,3.334,-0.386
1771,4.76,3.342,-1.418
1772,2.44,3.334,0.894
1773,3.78,3.405,-0.375
1774,4.36,3.324,-1.036
1775,4.33,3.324,-1.006
1776,3.83,3.335,-0.495
1777,2.93,3.335,0.405
1778,6.66,3.335,-3.325
1779,3.06,3.377,0.317
1780,2.73,3.327,0.597
1781,3.56,3.377,-0.183
1782,14.52,3.327,-11.193
1783,3.4,3.327,-0.073
1784,2.93,3.405,0.475
1785,4.68,3.405,-1.275
1786,3.06,3.454,0.394
1787,3.59,3.395,-0.195
1788,4.08,3.389,-0.691
1789,3.6,3.395,-0.205
1790,3.74,3.389,-0.351
1791,6.64,3.389,-3.251
1792,3.34,3.389,0.049
1793,4.13,3.251,-0.879
1794,3.34,3.389,0.049
1795,4.3,3.389,-0.911
1796,2.78,3.395,0.615
1797,4.03,3.256,-0.774
1798,6.61,3.256,-3.354
1799,5.06,3.429,-1.631
1800,3.86,3.256,-0.604
1801,3.79,3.256,-0.534
1802,2.9,3.409,0.509
1803,3.45,3.457,0.007
1804,3.37,3.365,-0.005
1805,3.31,3.457,0.147
1806,3.56,3.227,-0.333
1807,2.59,3.257,0.667
1808,2.57,3.396,0.826
1809,3.49,3.417,-0.073
1810,4.3,3.035,-1.265
1811,6.04,3.369,-2.671
1812,3.19,3.417,0.227
1813,2.51,3.417,0.907
1814,2.89,3.416,0.526
1815,3.22,3.336,0.116
1816,6.0,2.933,-3.067
1817,3.95,2.883,-1.067
1818,4.01,2.936,-1.074
1819,12.54,2.827,-9.713
1820,10.32,2.891,-7.429
1821,6.02,2.84,-3.18
1822,4.37,2.891,-1.479
1823,2.0,2.84,0.84
1824,6.93,2.922,-4.008
1825,4.72,2.922,-1.798
1826,11.78,2.89,-8.89
1827,3.55,2.922,-0.628
1828,4.75,2.922,-1.828
1829,7.16,2.89,-4.27
1830,4.19,2.891,-1.299
1831,4.72,2.891,-1.829
1832,6.09,2.9,-3.19
1833,2.73,2.903,0.173
1834,5.38,2.927,-2.453
1835,4.11,2.9,-1.21
1836,3.74,2.9,-0.84
1837,5.72,2.853,-2.867
1838,4.25,2.9,-1.35
1839,2.02,2.891,0.871
1840,4.06,2.891,-1.169
1841,6.24,2.894,-3.346
1842,3.46,2.946,-0.514
1843,3.01,2.946,-0.064
1844,5.91,2.927,-2.983
1845,4.65,2.946,-1.704
1846,5.47,2.927,-2.543
1847,14.14,2.903,-11.237
1848,5.38,2.927,-2.453
1849,6.57,2.927,-3.643
1850,3.62,2.946,-0.674
1851,5.15,2.939,-2.211
1852,3.36,2.947,-0.413
1853,3.91,2.953,-0.957
1854,3.13,2.953,-0.177
1855,8.88,2.926,-5.954
1856,8.33,2.851,-5.479
1857,3.88,2.749,-1.131
1858,4.41,2.839,-1.571
1859,9.08,2.839,-6.241
1860,4.87,2.738,-2.132
1861,3.61,2.738,-0.872
1862,7.32,2.738,-4.582
1863,2.8,2.852,0.052
1864,4.48,2.852,-1.628
1865,4.41,2.822,-1.588
1866,5.91,2.852,-3.058
1867,5.98,2.826,-3.154
1868,3.91,2.857,-1.053
1869,4.16,2.826,-1.334
1870,3.41,2.826,-0.584
1871,3.97,2.811,-1.159
1872,3.66,2.812,-0.848
1873,3.64,2.811,-0.829
1874,3.35,2.782,-0.568
1875,1.57,2.807,1.237
1876,4.45,2.807,-1.643
1877,5.46,2.807,-2.653
1878,4.35,2.807,-1.543
1879,3.05,2.828,-0.222
1880,2.41,2.816,0.406
1881,2.89,2.797,-0.093
1882,4.76,2.856,-1.904
1883,2.24,2.856,0.616
1884,3.62,2.86,-0.76
1885,2.0,2.86,0.86
1886,3.41,2.872,-0.538
1887,3.74,2.872,-0.868
1888,2.89,2.882,-0.008
1889,3.86,2.907,-0.953
1890,4.25,2.912,-1.338
1891,4.12,2.912,-1.208
1892,4.11,3.055,-1.055
1893,3.67,2.937,-0.733
1894,3.62,2.949,-0.671
1895,3.78,4.146,0.366
1896,3.72,4.125,0.405
1897,2.87,3.869,0.999
1898,5.28,3.859,-1.421
1899,4.84,3.507,-1.333
1900,6.14,3.594,-2.546
1901,5.06,3.627,-1.433
1902,3.06,3.734,0.674
1903,4.44,3.753,-0.687
1904,4.5,3.801,-0.699
1905,4.27,4.222,-0.048
1906,6.05,4.222,-1.828
1907,3.82,4.387,0.567
1908,4.96,4.651,-0.309
1909,3.57,4.387,0.817
1910,6.21,4.43,-1.78
1911,3.68,4.88,1.2
1912,2.62,4.882,2.262
1913,5.06,4.683,-0.377
1914,5.61,4.453,-1.157
1915,6.51,4.765,-1.745
1916,5.73,4.916,-0.814
1917,6.46,4.659,-1.801
1918,25.0,4.215,-20.785
1919,9.31,4.235,-5.075
1920,6.54,4.157,-2.383
1921,4.74,4.157,-0.583
1922,7.77,4.163,-3.607
1923,7.43,4.046,-3.384
1924,4.58,4.163,-0.417
1925,7.01,4.089,-2.921
1926,6.17,4.045,-2.125
1927,6.01,4.061,-1.949
1928,5.93,4.064,-1.866
1929,4.59,4.064,-0.526
1930,7.79,4.011,-3.779
1931,4.91,4.011,-0.899
1932,6.32,4.055,-2.265
1933,4.82,4.136,-0.684
1934,4.35,4.158,-0.192
1935,11.58,4.105,-7.475
1936,7.07,4.069,-3.001
1937,5.64,4.038,-1.602
1938,7.61,4.048,-3.562
1939,11.56,4.024,-7.536
1940,3.58,4.024,0.444
1941,5.06,4.125,-0.935
1942,6.38,4.125,-2.255
1943,5.38,4.119,-1.261
1944,4.26,4.094,-0.166
1945,4.44,4.099,-0.341
1946,6.31,4.101,-2.209
1947,6.67,4.101,-2.569
1948,12.07,4.118,-7.952
1949,5.7,4.089,-1.611
1950,7.98,4.089,-3.891
1951,3.66,4.034,0.374
1952,6.48,4.034,-2.446
1953,6.63,4.034,-2.596
1954,6.07,3.262,-2.808
1955,4.25,3.259,-0.991
1956,7.88,3.247,-4.633
1957,7.31,2.974,-4.336
1958,4.62,2.974,-1.646
1959,6.61,2.974,-3.636
1960,4.44,2.961,-1.479
1961,5.36,2.966,-2.394
1962,5.65,3.197,-2.453
1963,5.33,3.191,-2.139
1964,6.87,2.93,-3.94
1965,6.1,3.191,-2.909
1966,6.53,3.191,-3.339
1967,9.31,2.93,-6.38
1968,3.15,2.931,-0.219
1969,6.84,3.193,-3.647
1970,5.29,3.094,-2.196
1971,4.07,3.094,-0.976
1972,6.82,3.094,-3.726
1973,5.88,3.476,-2.404
1974,3.73,3.106,-0.624
1975,6.67,3.476,-3.194
1976,3.89,4.471,0.581
1977,3.56,3.208,-0.352
1978,5.36,4.01,-1.35
1979,4.89,3.112,-1.778
1980,3.57,4.035,0.465
1981,2.56,4.037,1.477
1982,4.81,4.062,-0.748
1983,2.88,4.051,1.171
1984,5.64,4.13,-1.51
1985,3.88,4.157,0.277
1986,4.42,4.197,-0.223
1987,3.49,4.202,0.712
1988,4.74,4.057,-0.683
1989,6.18,4.025,-2.155
1990,5.81,4.076,-1.734
1991,4.28,4.431,0.151
1992,8.15,4.506,-3.644
1993,5.13,4.51,-0.62
1994,3.78,5.012,1.232
1995,4.4,6.04,1.64
1996,3.48,6.149,2.669
1997,4.34,6.272,1.932
1998,9.42,7.628,-1.792
1999,2.83,8.392,5.562
2000,3.34,10.051,6.711
2001,5.98,10.339,4.359
2002,8.0,9.852,1.852
2003,4.9,9.6,4.7
2004,5.83,11.406,5.576
2005,4.57,11.527,6.957
2006,6.2,11.471,5.271
2007,7.05,11.288,4.238
2008,5.68,11.016,5.336
2009,6.18,10.431,4.251
2010,3.75,10.741,6.991
2011,21.97,11.122,-10.848
2012,10.45,10.917,0.467
2013,8.72,11.184,2.464
2014,13.39,11.499,-1.891
2015,8.82,11.029,2.209
2016,7.18,11.346,4.166
2017,6.41,11.301,4.891
2018,9.03,11.012,1.982
2019,8.95,10.854,1.904
2020,8.02,10.419,2.399
2021,9.2,10.003,0.803
2022,15.29,10.043,-5.247
2023,7.99,9.771,1.781
2024,8.79,9.406,0.616
2025,9.78,9.85,0.07
2026,7.54,10.209,2.669
2027,7.5,9.738,2.238
2028,10.79,9.433,-1.357
2029,5.33,9.003,3.673
2030,5.8,8.727,2.927
2031,10.13,8.21,-1.92
2032,6.51,8.184,1.674
2033,19.11,7.901,-11.209
2034,10.78,8.197,-2.583
2035,6.03,7.901,1.871
2036,13.02,7.103,-5.917
2037,6.52,5.732,-0.788
2038,6.14,5.334,-0.806
2039,15.7,4.772,-10.928
2040,9.18,5.05,-4.13
2041,7.36,4.547,-2.813
2042,7.12,4.192,-2.928
2043,5.21,4.537,-0.673
2044,10.04,4.538,-5.502
2045,14.83,4.537,-10.293
2046,11.24,4.542,-6.698
2047,4.56,4.531,-0.029
2048,7.11,4.542,-2.568
2049,2.66,4.741,2.081
2050,3.86,4.978,1.118
2051,11.47,4.903,-6.567
2052,7.45,4.488,-2.962
2053,9.07,4.533,-4.537
2054,5.19,4.559,-0.631
2055,15.21,4.359,-10.851
2056,6.63,4.359,-2.271
2057,9.43,4.286,-5.144
2058,7.51,4.255,-3.255
2059,8.0,4.228,-3.772
2060,7.55,4.228,-3.322
2061,7.67,4.281,-3.389
2062,7.13,4.153,-2.977
2063,12.62,4.11,-8.51
2064,7.48,4.136,-3.344
2065,6.35,4.124,-2.226
2066,5.11,4.115,-0.995
2067,7.08,4.136,-2.944
2068,4.21,4.114,-0.096
2069,4.18,4.11,-0.07
2070,13.31,4.111,-9.199
2071,10.07,4.11,-5.96
2072,4.57,4.353,-0.217
2073,6.49,4.453,-2.037
2074,9.55,4.903,-4.647
2075,5.4,5.27,-0.13
2076,7.0,7.287,0.287
2077,4.19,7.352,3.162
2078,6.09,8.967,2.877
2079,6.21,9.603,3.393
2080,18.38,10.333,-8.047
2081,4.93,9.941,5.011
2082,4.24,11.82,7.58
2083,8.48,11.056,2.576
2084,6.38,12.25,5.87
2085,7.51,11.718,4.208
2086,11.98,13.982,2.002
2087,7.34,13.131,5.791
2088,16.3,12.444,-3.856
2089,6.17,12.309,6.139
2090,6.3,10.201,3.901
2091,6.2,12.296,6.096
2092,6.54,12.537,5.997
2093,8.42,9.428,1.008
2094,6.33,10.776,4.446
2095,6.45,7.077,0.627
2096,5.72,12.417,6.697
2097,4.59,10.737,6.147
2098,5.59,11.545,5.955
2099,5.04,12.123,7.083
2100,6.4,11.982,5.582
2101,6.58,12.389,5.809
2102,5.61,12.067,6.457
2103,3.55,9.87,6.32
2104,4.02,10.004,5.984
2105,4.68,9.84,5.16
2106,6.1,9.762,3.662
2107,7.05,10.874,3.824
2108,5.48,12.32,6.84
2109,13.15,12.148,-1.002
2110,11.92,12.351,0.431
2111,9.07,9.677,0.607
2112,8.71,10.701,1.991
2113,9.74,10.356,0.616
2114,6.16,12.17,6.01
2115,5.31,12.252,6.942
2116,8.39,12.192,3.802
2117,6.3,11.747,5.447
2118,9.59,11.968,2.378
2119,5.61,11.791,6.181
2120,2.96,11.922,8.962
2121,5.29,12.139,6.849
2122,6.31,12.12,5.81
2123,5.28,11.716,6.436
2124,6.47,12.23,5.76
2125,5.07,12.268,7.198
2126,5.44,11.62,6.18
2127,4.91,10.893,5.983
2128,6.75,12.051,5.301
2129,4.22,11.572,7.352
2130,3.42,11.156,7.736
2131,6.45,11.39,4.94
2132,4.94,10.767,5.827
2133,5.01,10.852,5.842
2134,4.84,10.081,5.241
2135,4.18,10.649,6.469
2136,9.5,10.654,1.154
2137,10.54,10.607,0.067
2138,8.1,10.446,2.346
2139,5.78,10.569,4.789
2140,5.78,10.615,4.835
2141,3.95,9.452,5.502
2142,12.15,10.497,-1.653
2143,8.54,10.782,2.242
2144,7.77,10.967,3.197
2145,9.78,10.483,0.703
2146,5.75,10.44,4.69
2147,7.99,10.404,2.414
2148,6.6,10.566,3.966
2149,7.29,10.553,3.263
2150,10.6,10.67,0.07
2151,7.25,9.572,2.322
2152,20.18,9.097,-11.083
2153,12.86,10.523,-2.337
2154,20.15,10.027,-10.123
2155,8.69,9.634,0.944
2156,7.06,10.582,3.522
2157,9.54,11.218,1.678
2158,17.86,11.644,-6.216
2159,9.1,11.202,2.102
2160,3.77,10.475,6.705
2161,12.58,5.026,-7.554
2162,10.14,5.748,-4.392
2163,5.75,5.074,-0.676
2164,6.63,9.66,3.03
2165,7.92,8.555,0.635
2166,15.76,9.793,-5.967
2167,6.45,12.697,6.247
2168,8.25,13.154,4.904
2169,5.32,14.081,8.761
2170,9.75,14.21,4.46
2171,6.92,14.172,7.252
2172,11.47,16.173,4.703
2173,12.49,17.418,4.928
2174,10.06,14.431,4.371
2175,4.95,12.061,7.111
2176,8.06,12.402,4.342
2177,6.6,11.726,5.126
2178,7.03,10.203,3.173
2179,9.08,10.064,0.984
2180,6.1,9.419,3.319
2181,10.11,8.033,-2.077
2182,3.95,7.126,3.176
2183,5.75,4.82,-0.93
2184,4.26,5.982,1.722
2185,4.9,5.982,1.082
2186,5.28,7.096,1.816
2187,6.61,6.057,-0.553
2188,6.66,7.165,0.505
2189,5.56,8.208,2.648
2190,5.75,6.863,1.113
2191,5.23,9.675,4.445
2192,4.35,8.462,4.112
2193,11.43,9.788,-1.642
2194,5.19,7.582,2.392
2195,3.99,8.951,4.961
2196,4.73,7.345,2.615
2197,4.47,8.014,3.544
2198,4.08,8.732,4.652
2199,14.31,6.67,-7.64
2200,7.01,5.99,-1.02
2201,6.07,5.005,-1.065
2202,5.97,5.14,-0.83
2203,7.74,5.141,-2.599
2204,13.91,5.572,-8.338
2205,9.67,7.199,-2.471
2206,11.81,6.25,-5.56
2207,9.17,7.408,-1.762
2208,9.64,7.199,-2.441
2209,9.67,7.199,-2.471
2210,11.31,7.642,-3.668
2211,10.81,8.402,-2.408
2212,9.9,6.626,-3.274
2213,6.51,7.391,0.881
2214,12.01,5.572,-6.438
2215,9.78,5.571,-4.209
2216,8.87,6.2,-2.67
2217,5.03,7.277,2.247
2218,8.82,6.872,-1.948
2219,17.24,6.829,-10.411
2220,5.44,6.821,1.381
2221,6.02,7.322,1.302
2222,6.48,4.868,-1.612
2223,6.01,4.422,-1.588
2224,7.9,5.117,-2.783
2225,7.4,5.074,-2.326
2226,7.12,5.19,-1.93
2227,8.08,5.668,-2.412
2228,5.5,5.873,0.373
2229,7.8,5.045,-2.755
2230,4.88,5.078,0.198
2231,5.37,5.075,-0.295
2232,4.8,5.195,0.395
2233,6.34,5.202,-1.138
2234,8.03,5.065,-2.965
2235,6.28,5.224,-1.056
2236,7.7,4.672,-3.028
2237,6.62,5.082,-1.538
2238,5.63,4.967,-0.663
2239,7.92,5.145,-2.775
2240,10.3,4.954,-5.346
2241,7.46,5.028,-2.432
2242,6.97,5.195,-1.775
2243,6.38,5.237,-1.143
2244,5.38,4.999,-0.381
2245,8.13,5.105,-3.025
2246,7.9,5.075,-2.825
2247,7.93,5.075,-2.855
2248,9.56,5.344,-4.216
2249,6.2,4.964,-1.236
2250,6.24,5.071,-1.169
2251,4.99,5.416,0.426
2252,13.63,5.32,-8.31
2253,6.56,5.41,-1.15
2254,4.79,5.384,0.594
2255,7.73,5.401,-2.329
2256,8.12,5.481,-2.639
2257,5.46,5.412,-0.048
2258,7.33,5.511,-1.819
2259,6.51,3.329,-3.181
2260,6.49,5.627,-0.863
2261,4.97,5.635,0.665
2262,6.91,6.376,-0.534
2263,5.19,5.416,0.226
2264,7.14,5.507,-1.633
2265,8.15,5.491,-2.659
2266,5.26,6.313,1.053
2267,5.51,5.437,-0.073
2268,7.94,5.469,-2.471
2269,6.65,5.424,-1.226
2270,4.56,5.475,0.915
2271,4.44,5.491,1.051
2272,7.04,5.424,-1.616
2273,6.17,5.293,-0.877
2274,6.55,5.304,-1.246
2275,4.48,5.164,0.684
2276,7.24,5.33,-1.91
2277,7.37,5.367,-2.003
2278,6.57,5.453,-1.117
2279,6.27,5.438,-0.832
2280,6.51,5.411,-1.099
2281,7.2,5.424,-1.776
2282,5.11,6.313,1.203
2283,5.64,5.491,-0.149
2284,9.36,5.418,-3.942
2285,8.09,9.801,1.711
2286,5.15,6.546,1.396
2287,9.92,6.022,-3.898
2288,5.33,9.666,4.336
2289,10.13,6.529,-3.601
2290,9.6,6.063,-3.537
2291,14.69,10.868,-3.822
2292,5.07,8.8,3.73
2293,7.52,6.15,-1.37
2294,7.1,6.102,-0.998
2295,5.84,6.142,0.302
2296,9.67,6.198,-3.472
2297,11.91,6.068,-5.842
2298,6.47,6.045,-0.425
2299,7.52,6.031,-1.489
2300,8.99,6.029,-2.961
2301,7.74,6.23,-1.51
2302,7.42,6.037,-1.383
2303,11.99,6.036,-5.954
2304,7.61,6.022,-1.588
2305,7.19,6.022,-1.168
2306,11.95,6.185,-5.765
2307,9.35,6.221,-3.129
2308,8.13,6.441,-1.689
2309,3.57,8.107,4.537
2310,16.56,8.909,-7.651
2311,8.56,9.003,0.443
2312,8.88,8.562,-0.318
2313,11.13,8.009,-3.121
2314,5.67,7.916,2.246
2315,6.68,7.507,0.827
2316,9.24,6.407,-2.833
2317,6.02,7.949,1.929
2318,9.46,8.044,-1.416
2319,7.78,7.599,-0.181
2320,6.99,5.997,-0.993
2321,6.34,6.391,0.051
2322,8.04,6.391,-1.649
2323,6.49,6.126,-0.364
2324,7.21,6.371,-0.839
2325,9.48,6.554,-2.926
2326,7.18,6.269,-0.911
2327,7.07,6.269,-0.801
2328,13.3,6.347,-6.953
2329,7.58,6.17,-1.41
2330,6.59,6.167,-0.423
2331,12.95,6.265,-6.685
2332,15.47,6.159,-9.311
2333,8.86,6.177,-2.683
2334,7.39,6.451,-0.939
2335,15.57,6.589,-8.981
2336,5.87,6.496,0.626
2337,7.28,6.459,-0.821
2338,11.08,6.536,-4.544
2339,12.04,6.538,-5.502
2340,8.07,6.503,-1.567
2341,10.99,6.7,-4.29
2342,7.45,6.682,-0.768
2343,6.0,6.536,0.536
2344,13.6,6.536,-7.064
2345,6.25,6.573,0.323
2346,9.01,6.435,-2.575
2347,11.12,6.573,-4.547
2348,8.08,7.729,-0.351
2349,7.42,6.705,-0.715
2350,7.34,7.871,0.531
2351,5.27,7.725,2.455
2352,5.97,7.899,1.929
2353,8.41,8.148,-0.262
2354,10.93,7.878,-3.052
2355,7.37,9.262,1.892
2356,5.83,6.697,0.867
2357,3.95,7.999,4.049
2358,11.17,7.806,-3.364
2359,10.33,7.957,-2.373
2360,10.02,9.549,-0.471
2361,6.33,8.97,2.64
2362,11.01,9.572,-1.438
2363,7.14,8.735,1.595
2364,5.59,9.438,3.848
2365,8.6,11.442,2.842
2366,6.72,9.431,2.711
2367,8.6,9.163,0.563
2368,9.57,8.676,-0.894
2369,4.85,9.362,4.512
2370,8.25,9.19,0.94
2371,9.08,9.188,0.108
2372,12.72,9.063,-3.657
2373,13.99,9.19,-4.8
2374,16.1,9.063,-7.037
2375,6.95,8.992,2.042
2376,12.34,8.897,-3.443
2377,12.81,9.102,-3.708
2378,10.07,9.161,-0.909
2379,3.88,8.95,5.07
2380,15.55,9.331,-6.219
2381,14.96,9.463,-5.497
2382,7.07,9.483,2.413
2383,6.83,8.665,1.835
2384,4.98,9.453,4.473
2385,8.1,9.402,1.302
2386,13.19,9.322,-3.868
2387,11.04,9.305,-1.735
2388,16.92,9.319,-7.601
2389,12.79,9.211,-3.579
2390,10.49,9.098,-1.392
2391,10.35,9.202,-1.148
2392,8.59,9.124,0.534
2393,11.57,8.532,-3.038
2394,8.28,10.444,2.164
2395,12.85,10.536,-2.314
2396,8.5,8.849,0.349
2397,11.21,10.768,-0.442
2398,8.09,10.866,2.776
2399,10.19,9.207,-0.983
2400,10.9,8.956,-1.944
2401,14.26,9.647,-4.613
2402,7.11,10.028,2.918
2403,6.53,12.077,5.547
2404,7.27,10.214,2.944
2405,10.04,10.226,0.186
2406,9.74,11.119,1.379
2407,7.44,10.005,2.565
2408,11.04,10.031,-1.009
2409,11.84,9.195,-2.645
2410,9.86,9.713,-0.147
2411,11.11,9.248,-1.862
2412,8.72,9.718,0.998
2413,9.42,9.298,-0.122
2414,12.07,8.598,-3.472
2415,7.0,8.576,1.576
2416,7.13,8.908,1.778
2417,7.06,8.453,1.393
2418,8.16,8.257,0.097
2419,10.66,8.24,-2.42
2420,12.52,8.542,-3.978
2421,15.68,7.523,-8.157
2422,8.19,7.623,-0.567
2423,10.14,7.674,-2.466
2424,9.53,8.09,-1.44
2425,8.14,8.051,-0.089
2426,10.06,8.139,-1.921
2427,6.82,7.741,0.921
2428,5.16,7.457,2.297
2429,11.61,7.681,-3.929
2430,12.4,7.895,-4.505
2431,22.34,7.714,-14.626
2432,15.77,7.427,-8.343
2433,7.43,7.551,0.121
2434,6.97,7.728,0.758
2435,5.79,7.465,1.675
2436,8.14,7.481,-0.659
2437,4.7,7.477,2.777
2438,5.27,7.767,2.497
2439,7.46,7.881,0.421
2440,6.72,7.588,0.868
2441,4.95,7.398,2.448
2442,7.3,7.171,-0.129
2443,7.77,7.247,-0.523
2444,5.12,7.383,2.263
2445,7.11,8.088,0.978
2446,8.36,7.327,-1.033
2447,9.55,8.149,-1.401
2448,7.01,7.95,0.94
2449,5.43,7.922,2.492
2450,8.69,7.627,-1.063
2451,11.67,7.627,-4.043
2452,8.78,6.794,-1.986
2453,5.53,8.096,2.566
2454,4.75,7.061,2.311
2455,6.84,7.871,1.031
2456,8.25,7.539,-0.711
2457,5.43,7.753,2.323
2458,6.49,7.692,1.202
2459,7.57,7.559,-0.011
2460,7.25,7.538,0.288
2461,6.77,7.504,0.734
2462,6.79,7.784,0.994
2463,6.47,7.482,1.012
2464,6.52,7.708,1.188
2465,8.87,7.476,-1.394
2466,7.9,7.616,-0.284
2467,7.22,7.482,0.262
2468,4.47,7.694,3.224
2469,7.61,7.66,0.05
2470,5.91,7.754,1.844
2471,7.7,7.422,-0.278
2472,8.63,7.687,-0.943
2473,7.04,7.706,0.666
2474,9.91,7.456,-2.454
2475,8.67,7.979,-0.691
2476,7.98,8.373,0.393
2477,14.1,7.709,-6.391
2478,7.95,7.358,-0.592
2479,8.41,8.587,0.177
2480,7.74,8.446,0.706
2481,7.72,7.849,0.129
2482,7.19,7.624,0.434
2483,15.2,8.394,-6.806
2484,7.94,8.287,0.347
2485,9.86,7.751,-2.109
2486,7.5,7.628,0.128
2487,7.57,9.596,2.026
2488,13.06,9.364,-3.696
2489,9.81,8.431,-1.379
2490,12.31,8.018,-4.292
2491,5.4,9.596,4.196
2492,10.46,9.291,-1.169
2493,8.26,9.382,1.122
2494,19.71,9.482,-10.228
2495,9.59,9.135,-0.455
2496,10.91,8.796,-2.114
2497,5.92,8.696,2.776
2498,9.76,7.964,-1.796
2499,10.05,8.457,-1.593
2500,11.15,8.737,-2.413
2501,17.7,8.814,-8.886
2502,10.77,8.586,-2.184
2503,12.49,8.693,-3.797
2504,7.11,8.76,1.65
2505,6.41,8.649,2.239
2506,6.42,7.523,1.103
2507,8.14,7.383,-0.757
2508,10.01,8.215,-1.795
2509,13.72,8.936,-4.784
2510,9.01,7.965,-1.045
2511,8.76,8.519,-0.241
2512,10.54,8.422,-2.118
2513,8.53,8.146,-0.384
2514,5.97,8.614,2.644
2515,10.23,7.503,-2.727
2516,3.83,7.403,3.573
2517,13.4,7.43,-5.97
2518,8.33,7.363,-0.967
2519,6.96,7.332,0.372
2520,9.96,7.424,-2.536
2521,9.08,7.589,-1.491
2522,9.83,7.398,-2.432
2523,8.15,7.588,-0.562
2524,6.64,7.448,0.808
2525,13.55,7.35,-6.2
2526,14.38,7.48,-6.9
2527,17.13,6.966,-10.164
2528,10.49,8.663,-1.827
2529,7.96,7.877,-0.083
2530,9.38,8.692,-0.688
2531,7.35,8.606,1.256
2532,6.21,6.697,0.487
2533,12.1,6.826,-5.274
2534,7.56,6.636,-0.924
2535,11.74,8.111,-3.629
2536,17.04,6.936,-10.104
2537,9.01,6.718,-2.292
2538,3.53,6.446,2.916
2539,8.53,6.46,-2.07
2540,9.51,6.639,-2.871
2541,7.81,6.55,-1.26
2542,7.89,9.363,1.473
2543,5.15,9.295,4.145
2544,9.05,7.225,-1.825
2545,7.26,8.734,1.474
2546,12.07,6.774,-5.296
2547,5.59,9.367,3.777
2548,7.28,6.799,-0.481
2549,9.65,8.594,-1.056
2550,8.98,6.281,-2.699
2551,4.23,6.725,2.495
2552,7.28,7.716,0.436
2553,8.66,8.411,-0.249
2554,7.8,8.662,0.862
2555,6.32,7.535,1.215
2556,9.43,8.344,-1.086
2557,11.57,8.241,-3.329
2558,5.74,9.685,3.945
2559,5.73,7.332,1.602
2560,11.97,7.63,-4.34
2561,6.4,9.348,2.948
2562,6.45,7.417,0.967
2563,7.76,7.346,-0.414
2564,12.03,8.801,-3.229
2565,5.05,9.152,4.102
2566,13.6,7.562,-6.038
2567,11.32,7.263,-4.057
2568,4.35,9.52,5.17
2569,7.68,8.0,0.32
2570,5.96,8.611,2.651
2571,8.67,9.502,0.832
2572,7.08,8.664,1.584
2573,7.61,8.854,1.244
2574,9.45,9.572,0.122
2575,7.45,8.8,1.35
2576,10.95,9.402,-1.548
2577,7.22,9.016,1.796
2578,9.19,9.371,0.181
2579,37.68,8.179,-29.501
2580,7.86,9.022,1.162
2581,8.9,8.536,-0.364
2582,13.72,8.42,-5.3
2583,10.19,8.136,-2.054
2584,13.29,9.102,-4.188
2585,6.92,9.208,2.288
2586,10.63,9.096,-1.534
2587,7.64,9.102,1.462
2588,7.93,8.481,0.551
2589,6.39,8.485,2.095
2590,8.85,7.871,-0.979
2591,10.27,8.531,-1.739
2592,8.7,8.414,-0.286
2593,10.44,8.481,-1.959
2594,9.02,8.47,-0.55
2595,12.93,7.594,-5.336
2596,10.6,8.587,-2.013
2597,8.8,8.835,0.035
2598,9.19,7.996,-1.194
2599,7.97,8.751,0.781
2600,6.33,8.328,1.998
2601,7.3,8.346,1.046
2602,10.11,7.342,-2.768
2603,8.33,7.478,-0.852
2604,4.69,8.633,3.943
2605,9.52,7.581,-1.939
2606,7.71,8.066,0.356
2607,9.19,8.014,-1.176
2608,7.98,7.791,-0.189
2609,6.38,8.443,2.063
2610,5.4,8.224,2.824
2611,8.49,8.04,-0.45
2612,8.71,8.908,0.198
2613,7.49,8.701,1.211
2614,7.23,8.374,1.144
2615,6.49,8.741,2.251
2616,7.37,8.65,1.28
2617,9.91,8.935,-0.975
2618,6.66,8.786,2.126
2619,4.5,8.969,4.469
2620,19.36,8.629,-10.731
2621,24.76,8.55,-16.21
2622,8.62,8.97,0.35
2623,5.9,8.899,2.999
2624,13.1,9.147,-3.953
2625,4.44,8.87,4.43
2626,7.16,9.296,2.136
2627,10.85,9.45,-1.4
2628,12.66,9.261,-3.399
2629,4.72,9.296,4.576
2630,5.9,9.53,3.63
2631,4.99,9.629,4.639
2632,4.11,8.857,4.747
2633,5.83,9.402,3.572
2634,6.02,9.152,3.132
2635,5.77,9.218,3.448
2636,5.0,8.588,3.588
2637,5.29,8.546,3.256
2638,9.59,8.942,-0.648
2639,11.41,8.287,-3.123
2640,4.86,8.421,3.561
2641,4.52,7.875,3.355
2642,9.29,8.925,-0.365
2643,5.18,8.296,3.116
2644,6.19,8.303,2.113
2645,4.15,8.415,4.265
2646,6.16,8.822,2.662
2647,6.1,8.43,2.33
2648,5.03,7.898,2.868
2649,5.73,7.78,2.05
2650,5.24,7.881,2.641
2651,8.06,7.919,-0.141
2652,4.49,8.148,3.658
2653,7.93,8.313,0.383
2654,4.98,8.661,3.681
2655,4.96,8.476,3.516
2656,5.09,8.736,3.646
2657,5.27,8.003,2.733
2658,8.45,8.85,0.4
2659,6.36,9.538,3.178
2660,4.11,9.511,5.401
2661,8.19,9.138,0.948
2662,7.96,8.988,1.028
2663,6.69,9.041,2.351
2664,6.35,8.759,2.409
2665,7.2,8.887,1.687
2666,8.17,8.523,0.353
2667,8.08,8.222,0.142
2668,5.63,7.79,2.16
2669,5.09,8.266,3.176
2670,7.21,8.394,1.184
2671,4.6,8.33,3.73
2672,47.85,8.593,-39.257
2673,6.33,7.784,1.454
2674,4.66,7.772,3.112
2675,6.75,7.802,1.052
2676,5.72,7.614,1.894
2677,6.63,7.544,0.914
2678,6.77,7.492,0.722
2679,6.71,7.537,0.827
2680,3.82,7.557,3.737
2681,5.28,7.343,2.063
2682,5.67,8.341,2.671
2683,7.28,7.56,0.28
2684,8.85,8.048,-0.802
2685,7.94,7.457,-0.483
2686,7.38,7.724,0.344
2687,5.15,7.647,2.497
2688,8.0,7.724,-0.276
2689,7.12,7.959,0.839
2690,17.87,7.907,-9.963
2691,6.36,8.323,1.963
2692,6.29,8.158,1.868
2693,8.11,7.969,-0.141
2694,13.85,8.195,-5.655
2695,13.74,7.796,-5.944
2696,5.86,7.846,1.986
2697,5.9,7.972,2.072
2698,5.5,8.245,2.745
2699,6.24,8.301,2.061
2700,8.17,8.544,0.374
2701,5.61,8.401,2.791
2702,7.96,8.798,0.838
2703,5.99,9.052,3.062
2704,5.24,8.558,3.318
2705,6.53,8.523,1.993
2706,4.96,8.647,3.687
2707,5.06,8.255,3.195
2708,5.24,8.222,2.982
2709,5.31,7.526,2.216
2710,4.18,7.526,3.346
2711,2.48,7.678,5.198
2712,4.99,7.768,2.778
2713,4.23,7.596,3.366
2714,3.28,7.683,4.403
2715,6.91,7.636,0.726
2716,4.38,7.678,3.298
2717,4.44,7.639,3.199
2718,4.57,7.387,2.817
2719,4.75,7.359,2.609
2720,5.04,7.258,2.218
2721,4.04,6.999,2.959
2722,4.71,7.152,2.442
2723,4.37,6.691,2.321
2724,4.12,6.43,2.31
2725,4.54,6.209,1.669
2726,4.54,6.611,2.071
2727,4.38,7.06,2.68
2728,4.6,7.245,2.645
2729,4.49,6.759,2.269
2730,4.97,6.565,1.595
2731,6.09,6.642,0.552
2732,3.64,6.759,3.119
2733,5.11,7.201,2.091
2734,4.01,6.892,2.882
2735,4.98,7.003,2.023
2736,4.92,6.828,1.908
2737,5.83,6.627,0.797
2738,5.36,6.476,1.116
2739,6.78,6.346,-0.434
2740,6.2,6.459,0.259
2741,6.22,6.367,0.147
2742,6.85,6.789,-0.061
2743,13.79,6.32,-7.47
2744,5.41,6.341,0.931
2745,8.15,6.38,-1.77
2746,6.61,6.398,-0.212
2747,6.43,6.479,0.049
2748,17.51,6.429,-11.081
2749,7.38,6.659,-0.721
2750,5.09,6.666,1.576
2751,6.32,6.849,0.529
2752,5.78,6.593,0.813
2753,12.99,7.02,-5.97
2754,4.96,7.0,2.04
2755,4.76,7.207,2.447
2756,7.02,7.207,0.187
2757,7.43,7.017,-0.413
2758,6.55,7.017,0.467
2759,4.24,7.052,2.812
2760,8.49,6.659,-1.831
2761,4.73,6.594,1.864
2762,6.6,6.635,0.035
2763,10.55,6.653,-3.897
2764,8.16,7.044,-1.116
2765,5.96,6.624,0.664
2766,5.83,6.624,0.794
2767,6.82,6.667,-0.153
2768,5.67,6.614,0.944
2769,4.09,6.661,2.571
2770,10.82,6.887,-3.933
2771,6.33,7.069,0.739
2772,5.29,7.31,2.02
2773,5.26,7.503,2.243
2774,5.25,7.232,1.982
2775,5.47,7.35,1.88
2776,5.75,7.341,1.591
2777,5.57,7.235,1.665
2778,5.9,7.558,1.658
2779,8.25,7.342,-0.908
2780,5.6,7.505,1.905
2781,5.02,7.452,2.432
2782,4.27,7.372,3.102
2783,6.13,7.493,1.363
2784,5.43,7.521,2.091
2785,5.8,7.21,1.41
2786,5.75,7.21,1.46
2787,4.87,7.344,2.474
2788,6.68,7.401,0.721
2789,6.83,7.443,0.613
2790,6.01,7.707,1.697
2791,4.99,7.711,2.721
2792,5.29,7.721,2.431
2793,4.51,7.716,3.206
2794,7.14,7.681,0.541
2795,4.59,7.696,3.106
2796,6.9,7.658,0.758
2797,5.64,7.626,1.986
2798,6.0,7.508,1.508
2799,4.23,7.404,3.174
2800,5.15,6.381,1.231
2801,4.64,6.345,1.705
2802,7.25,7.233,-0.017
2803,6.82,7.036,0.216
2804,3.88,7.001,3.121
2805,4.52,7.685,3.165
2806,5.97,7.958,1.988
2807,5.46,8.377,2.917
2808,4.27,8.505,4.235
2809,3.98,8.247,4.267
2810,4.85,8.059,3.209
2811,4.45,8.696,4.246
2812,4.77,9.457,4.687
2813,4.13,8.064,3.934
2814,4.05,10.176,6.126
2815,4.14,10.377,6.237
2816,4.43,11.047,6.617
2817,4.39,10.978,6.588
2818,3.95,11.001,7.051
2819,3.98,14.445,10.465
2820,4.01,18.378,14.368
2821,3.68,17.353,13.673
2822,4.57,16.629,12.059
2823,4.02,16.382,12.362
2824,3.96,15.774,11.814
2825,6.54,15.968,9.428
2826,3.72,16.101,12.381
2827,2.48,16.298,13.818
2828,4.11,16.38,12.27
2829,4.42,16.048,11.628
2830,9.6,15.98,6.38
2831,6.88,16.091,9.211
2832,6.49,17.333,10.843
2833,4.51,11.352,6.842
2834,5.42,11.136,5.716
2835,4.78,11.417,6.637
2836,5.07,11.179,6.109
2837,6.22,11.051,4.831
2838,8.08,11.32,3.24
2839,6.1,11.878,5.778
2840,4.56,11.89,7.33
2841,5.47,11.898,6.428
2842,6.05,11.924,5.874
2843,4.68,10.346,5.666
2844,5.09,11.902,6.812
2845,5.72,12.2,6.48
2846,7.23,12.188,4.958
2847,5.27,11.941,6.671
2848,5.07,11.867,6.797
2849,14.61,11.829,-2.781
2850,5.79,11.666,5.876
2851,4.14,11.108,6.968
2852,6.57,11.202,4.632
2853,6.03,10.853,4.823
2854,7.59,10.351,2.761
2855,5.51,10.14,4.63
2856,6.64,10.841,4.201
2857,3.01,10.457,7.447
2858,5.92,10.58,4.66
2859,4.89,10.507,5.617
2860,5.95,10.341,4.391
2861,5.84,10.268,4.428
2862,6.13,10.394,4.264
2863,5.46,10.026,4.566
2864,4.63,10.272,5.642
2865,8.62,10.053,1.433
2866,5.46,10.011,4.551
2867,5.58,10.035,4.455
2868,5.4,9.476,4.076
2869,4.95,9.963,5.013
2870,5.14,10.049,4.909
2871,5.95,9.951,4.001
2872,11.91,9.902,-2.008
2873,5.61,9.789,4.179
2874,6.37,9.228,2.858
2875,11.94,9.152,-2.788
2876,5.38,9.344,3.964
2877,4.63,8.909,4.279
2878,6.04,9.141,3.101
2879,12.03,9.197,-2.833
2880,3.61,9.234,5.624
2881,4.64,9.106,4.466
2882,5.39,9.162,3.772
2883,9.7,9.168,-0.532
2884,8.67,8.779,0.109
2885,4.25,8.807,4.557
2886,5.71,8.807,3.097
2887,6.33,8.601,2.271
2888,6.07,8.562,2.492
2889,5.5,8.635,3.135
2890,5.96,8.786,2.826
2891,5.26,8.85,3.59
2892,4.76,8.88,4.12
2893,4.57,9.263,4.693
2894,5.17,9.351,4.181
2895,4.73,9.476,4.746
2896,4.15,9.896,5.746
2897,5.19,9.88,4.69
2898,4.18,9.877,5.697
2899,4.39,10.091,5.701
2900,4.95,10.166,5.216
2901,3.86,10.333,6.473
2902,5.97,10.942,4.972
2903,8.45,10.656,2.206
2904,5.03,11.351,6.321
2905,5.33,11.57,6.24
2906,3.37,11.543,8.173
2907,4.9,11.51,6.61
2908,5.17,11.509,6.339
2909,4.97,11.363,6.393
2910,5.26,9.317,4.057
2911,4.61,13.309,8.699
2912,4.4,10.335,5.935
2913,4.46,13.307,8.847
2914,4.56,13.427,8.867
2915,4.25,13.572,9.322
2916,4.4,13.493,9.093
2917,4.55,12.793,8.243
2918,5.09,10.983,5.893
2919,4.46,10.325,5.865
2920,4.5,9.661,5.161
2921,4.62,10.445,5.825
2922,5.75,10.03,4.28
2923,4.61,9.699,5.089
2924,4.11,10.049,5.939
2925,8.09,10.23,2.14
2926,5.35,10.423,5.073
2927,5.03,10.286,5.256
2928,9.92,10.318,0.398
2929,7.26,10.196,2.936
2930,7.57,10.019,2.449
2931,4.44,9.614,5.174
2932,8.28,13.578,5.298
2933,6.4,12.328,5.928
2934,7.48,14.752,7.272
2935,7.27,15.851,8.581
2936,7.14,15.323,8.183
2937,7.5,15.227,7.727
2938,5.01,15.794,10.784
2939,12.55,14.663,2.113
2940,9.31,15.362,6.052
2941,10.55,15.53,4.98
2942,9.61,15.397,5.787
2943,6.16,16.219,10.059
2944,16.49,16.217,-0.273
2945,7.26,9.188,1.928
2946,6.07,15.414,9.344
2947,6.19,9.286,3.096
2948,6.25,16.42,10.17
2949,4.99,15.326,10.336
2950,11.22,9.196,-2.024
2951,7.07,16.364,9.294
2952,19.26,9.443,-9.817
2953,6.53,16.385,9.855
2954,6.33,16.744,10.414
2955,4.92,9.1,4.18
2956,7.18,13.542,6.362
2957,10.7,11.493,0.793
2958,6.87,11.011,4.141
2959,9.76,11.1,1.34
2960,8.11,10.932,2.822
2961,4.74,11.005,6.265
2962,11.19,10.997,-0.193
2963,6.25,8.717,2.467
2964,5.61,11.065,5.455
2965,6.98,11.045,4.065
2966,10.56,11.182,0.622
2967,10.24,10.831,0.591
2968,14.58,8.666,-5.914
2969,5.18,11.07,5.89
2970,5.7,8.717,3.017
2971,8.57,8.666,0.096
2972,9.43,10.441,1.011
2973,4.54,10.642,6.102
2974,5.83,8.673,2.843
2975,8.23,8.834,0.604
2976,5.96,8.751,2.791
2977,11.81,8.699,-3.111
2978,8.55,11.566,3.016
2979,7.14,11.901,4.761
2980,5.46,11.982,6.522
2981,7.82,11.828,4.008
2982,5.5,11.772,6.272
2983,5.74,11.936,6.196
2984,5.18,11.568,6.388
2985,4.81,11.853,7.043
2986,4.89,11.84,6.95
2987,4.39,11.892,7.502
2988,3.87,11.679,7.809
2989,4.19,12.02,7.83
2990,4.58,11.535,6.955
2991,5.91,11.154,5.244
2992,4.05,9.378,5.328
2993,4.18,11.266,7.086
2994,4.46,11.64,7.18
2995,4.87,11.615,6.745
2996,3.88,11.558,7.678
2997,3.23,11.155,7.925
2998,2.76,11.227,8.467
2999,4.01,11.208,7.198
3000,3.72,11.118,7.398
3001,3.33,11.038,7.708
3002,3.76,10.547,6.787
3003,4.35,9.718,5.368
3004,3.82,10.11,6.29
3005,3.07,10.249,7.179
3006,3.54,9.309,5.769
3007,3.69,9.648,5.958
3008,3.42,9.834,6.414
3009,3.64,10.304,6.664
3010,4.11,10.172,6.062
3011,4.07,11.304,7.234
3012,3.42,11.97,8.55
3013,3.53,12.193,8.663
3014,3.57,12.225,8.655
3015,3.85,12.686,8.836
3016,3.51,12.338,8.828
3017,4.0,12.686,8.686
3018,1.91,13.248,11.338
3019,4.05,13.331,9.281
3020,3.95,13.248,9.298
3021,4.2,13.214,9.014
3022,3.99,12.667,8.677
3023,3.73,11.779,8.049
3024,3.86,10.809,6.949
3025,5.6,10.145,4.545
3026,7.11,10.378,3.268
3027,2.71,10.284,7.574
3028,3.72,10.507,6.787
3029,22.73,10.164,-12.566
3030,3.3,9.808,6.508
3031,7.4,10.125,2.725
3032,5.9,10.11,4.21
3033,3.38,9.703,6.323
3034,5.9,10.246,4.346
3035,4.15,10.246,6.096
3036,2.81,9.393,6.583
3037,8.44,10.096,1.656
3038,4.22,9.882,5.662
3039,4.11,9.713,5.603
3040,4.24,9.817,5.577
3041,5.56,9.796,4.236
3042,3.34,10.362,7.022
3043,5.04,11.022,5.982
3044,7.13,10.982,3.852
3045,3.38,10.977,7.597
3046,3.89,11.091,7.201
3047,3.61,11.081,7.471
3048,4.24,9.353,5.113
3049,2.78,11.067,8.287
3050,4.45,11.087,6.637
3051,4.67,11.228,6.558
3052,6.53,11.243,4.713
3053,4.68,11.234,6.554
3054,4.36,11.265,6.905
3055,4.01,11.205,7.195
3056,3.89,11.205,7.315
3057,4.03,11.243,7.213
3058,3.64,11.265,7.625
3059,3.74,11.258,7.518
3060,4.22,11.257,7.037
3061,4.07,11.205,7.135
3062,5.68,11.205,5.525
3063,4.24,11.216,6.976
3064,4.46,11.23,6.77
3065,3.61,11.292,7.682
3066,8.95,11.291,2.341
3067,4.73,11.291,6.561
3068,4.52,11.336,6.816
3069,4.69,11.513,6.823
3070,3.06,11.654,8.594
3071,5.4,11.636,6.236
3072,3.64,11.266,7.626
3073,4.98,11.32,6.34
3074,4.73,11.234,6.504
3075,4.9,11.318,6.418
3076,5.14,11.878,6.738
3077,4.37,11.981,7.611
3078,6.36,11.83,5.47
3079,6.02,11.734,5.714
3080,4.92,11.809,6.889
3081,5.22,11.894,6.674
3082,4.37,11.946,7.576
3083,2.86,12.038,9.178
3084,4.73,11.697,6.967
3085,4.51,11.629,7.119
3086,2.44,11.681,9.241
3087,1.7,11.732,10.032
3088,2.58,11.829,9.249
3089,4.17,11.461,7.291
3090,4.01,11.25,7.24
3091,3.89,11.099,7.209
3092,2.93,11.063,8.133
3093,3.36,11.224,7.864
3094,3.19,11.317,8.127
3095,4.12,11.317,7.197
3096,3.31,11.189,7.879
3097,4.94,10.882,5.942
3098,3.16,9.667,6.507
3099,3.49,11.391,7.901
3100,5.0,9.818,4.818
3101,3.88,10.887,7.007
3102,2.63,11.628,8.998
3103,3.36,11.265,7.905
3104,3.34,11.407,8.067
3105,3.94,11.452,7.512
3106,3.51,11.538,8.028
3107,3.19,11.473,8.283
3108,3.25,11.535,8.285
3109,2.88,11.637,8.757
3110,3.5,11.47,7.97
3111,3.26,11.345,8.085
3112,3.07,11.361,8.291
3113,3.08,11.418,8.338
3114,2.77,11.43,8.66
3115,3.27,11.886,8.616
3116,3.17,9.904,6.734
3117,3.54,10.508,6.968
3118,3.11,11.862,8.752
3119,2.18,11.85,9.67
3120,3.3,11.121,7.821
3121,2.66,10.942,8.282
3122,3.07,10.948,7.878
3123,2.99,10.627,7.637
3124,3.01,10.473,7.463
3125,3.44,10.49,7.05
3126,3.73,10.223,6.493
3127,3.37,10.098,6.728
3128,3.55,10.151,6.601
3129,3.71,10.218,6.508
3130,2.67,9.928,7.258
3131,3.12,9.866,6.746
3132,2.13,9.73,7.6
3133,3.39,10.088,6.698
3134,1.82,9.39,7.57
3135,3.24,9.399,6.159
3136,3.29,9.333,6.043
3137,3.97,9.3,5.33
3138,5.27,9.272,4.002
3139,3.84,8.891,5.051
3140,3.97,8.813,4.843
3141,4.69,8.874,4.184
3142,4.39,8.773,4.383
3143,6.21,8.628,2.418
3144,3.04,8.752,5.712
3145,5.14,8.629,3.489
3146,3.92,8.615,4.695
3147,3.95,8.669,4.719
3148,2.24,8.696,6.456
3149,6.88,8.874,1.994
3150,3.42,8.679,5.259
3151,3.46,9.63,6.17
3152,3.18,8.678,5.498
3153,2.37,8.615,6.245
3154,3.44,8.942,5.502
3155,3.84,9.112,5.272
3156,2.69,8.834,6.144
3157,3.67,8.832,5.162
3158,3.79,8.804,5.014
3159,3.45,8.816,5.366
3160,3.18,8.832,5.652
3161,1.57,9.103,7.533
3162,3.72,8.426,4.706
3163,3.1,8.566,5.466
3164,3.2,8.775,5.575
3165,3.51,9.789,6.279
3166,6.4,8.997,2.597
3167,2.58,8.709,6.129
3168,2.04,9.054,7.014
3169,3.2,9.231,6.031
3170,3.15,8.742,5.592
3171,3.38,10.778,7.398
3172,3.2,8.704,5.504
3173,2.76,9.076,6.316
3174,3.31,9.165,5.855
3175,2.88,8.891,6.011
3176,2.83,10.44,7.61
3177,2.37,8.878,6.508
3178,2.52,9.331,6.811
3179,2.49,9.91,7.42
3180,2.87,9.705,6.835
3181,3.01,10.09,7.08
3182,3.08,10.191,7.111
3183,3.08,10.191,7.111
3184,2.8,9.74,6.94
3185,2.79,9.526,6.736
3186,2.64,9.373,6.733
3187,2.9,9.169,6.269
3188,2.91,9.17,6.26
3189,2.72,8.443,5.723
3190,2.49,8.132,5.642
3191,2.59,8.096,5.506
3192,2.61,8.804,6.194
3193,2.58,8.763,6.183
3194,4.51,8.898,4.388
3195,2.69,9.062,6.372
3196,2.28,9.014,6.734
3197,2.49,8.919,6.429
3198,2.27,8.915,6.645
3199,2.81,9.047,6.237
3200,2.76,9.041,6.281
3201,2.1,9.137,7.037
3202,2.51,9.316,6.806
3203,2.97,9.292,6.322
3204,2.64,9.15,6.51
3205,3.02,9.263,6.243
3206,2.88,9.1,6.22
3207,2.79,9.113,6.323
3208,3.11,9.15,6.04
3209,3.11,9.15,6.04
3210,3.14,9.119,5.979
3211,2.82,9.119,6.299
3212,2.97,9.113,6.143
3213,3.13,9.267,6.137
3214,2.91,9.165,6.255
3215,2.92,8.86,5.94
3216,2.38,8.837,6.457
3217,2.79,9.024,6.234
3218,2.87,9.029,6.159
3219,2.88,9.071,6.191
3220,3.33,9.455,6.125
3221,5.77,9.535,3.765
3222,5.43,9.308,3.878
3223,4.65,9.265,4.615
3224,4.21,9.103,4.893
3225,2.55,9.689,7.139
3226,3.63,8.88,5.25
3227,4.01,9.127,5.117
3228,2.8,8.91,6.11
3229,4.13,8.791,4.661
3230,2.56,9.094,6.534
3231,6.54,9.872,3.332
3232,4.31,10.022,5.712
3233,2.68,8.599,5.919
3234,3.92,9.462,5.542
3235,3.89,8.329,4.439
3236,4.62,7.712,3.092
3237,2.62,9.079,6.459
3238,4.19,9.083,4.893
3239,3.87,9.289,5.419
3240,4.75,9.313,4.563
3241,4.29,9.38,5.09
3242,3.4,8.757,5.357
3243,3.22,9.125,5.905
3244,4.08,9.082,5.002
3245,2.17,9.081,6.911
3246,3.31,9.04,5.73
3247,5.77,9.052,3.282
3248,4.45,9.04,4.59
3249,3.17,9.035,5.865
3250,2.38,9.174,6.794
3251,1.84,9.113,7.273
3252,3.85,9.3,5.45
3253,3.14,9.398,6.258
3254,3.41,9.398,5.988
3255,3.75,9.165,5.415
3256,3.59,9.129,5.539
3257,2.89,9.129,6.239
3258,3.77,9.129,5.359
3259,6.83,9.179,2.349
3260,4.64,8.488,3.848
3261,4.17,8.53,4.36
3262,3.18,8.488,5.308
3263,3.96,8.488,4.528
3264,3.12,8.641,5.521
3265,3.24,8.601,5.361
3266,3.07,8.641,5.571
3267,3.44,8.628,5.188
3268,4.66,8.609,3.949
3269,5.05,8.612,3.562
3270,3.68,8.438,4.758
3271,2.99,8.783,5.793
3272,3.92,8.724,4.804
3273,3.26,8.609,5.349
3274,3.21,8.735,5.525
3275,3.17,8.724,5.554
3276,2.56,8.509,5.949
3277,2.76,8.509,5.749
3278,1.87,8.509,6.639
3279,3.38,9.203,5.823
3280,2.54,9.269,6.729
3281,2.68,9.257,6.577
3282,2.69,9.4,6.71
3283,2.96,8.448,5.488
3284,3.76,9.339,5.579
3285,1.95,9.722,7.772
3286,1.96,9.788,7.828
3287,1.6,9.91,8.31
3288,2.56,9.922,7.362
3289,3.35,9.922,6.572
3290,2.35,9.96,7.61
3291,2.17,10.898,8.728
3292,2.42,11.045,8.625
3293,2.35,11.156,8.806
3294,2.33,11.029,8.699
3295,2.41,10.53,8.12
3296,2.88,10.758,7.878
3297,3.02,11.571,8.551
3298,2.99,11.392,8.402
3299,2.66,11.498,8.838
3300,3.08,11.62,8.54
3301,2.62,12.782,10.162
3302,3.26,12.67,9.41
3303,3.73,12.67,8.94
3304,3.49,12.67,9.18
3305,3.59,12.908,9.318
3306,3.16,12.908,9.748
3307,3.17,12.908,9.738
3308,3.34,12.501,9.161
3309,3.54,12.377,8.837
3310,4.69,12.487,7.797
3311,3.47,12.375,8.905
3312,1.57,13.013,11.443
3313,4.42,13.06,8.64
3314,8.67,13.06,4.39
3315,4.92,12.782,7.862
3316,4.21,12.67,8.46
3317,9.41,12.661,3.251
3318,4.78,12.773,7.993
3319,7.54,12.383,4.843
3320,3.71,11.639,7.929
3321,3.37,12.673,9.303
3322,3.27,11.912,8.642
3323,3.58,11.77,8.19
3324,3.86,11.767,7.907
3325,3.1,11.383,8.283
3326,3.68,11.417,7.737
3327,5.35,11.393,6.043
3328,3.43,11.63,8.2
3329,2.82,11.418,8.598
3330,4.42,11.471,7.051
3331,3.64,11.187,7.547
3332,2.97,11.521,8.551
3333,4.03,11.204,7.174
3334,4.34,11.289,6.949
3335,3.47,11.354,7.884
3336,3.87,11.603,7.733
3337,4.27,10.825,6.555
3338,2.99,11.519,8.529
3339,3.2,10.729,7.529
3340,3.36,11.53,8.17
3341,3.56,11.375,7.815
3342,3.4,10.921,7.521
3343,5.08,11.036,5.956
3344,8.13,11.08,2.95
3345,4.43,11.734,7.304
3346,3.42,11.644,8.224
3347,4.09,11.573,7.483
3348,9.36,11.481,2.121
3349,3.92,11.653,7.733
3350,3.27,11.595,8.325
3351,4.43,11.431,7.001
3352,3.38,11.238,7.858
3353,3.92,11.219,7.299
3354,3.35,11.231,7.881
3355,2.74,10.922,8.182
3356,5.67,10.985,5.315
3357,4.61,10.924,6.314
3358,3.84,10.892,7.052
3359,5.5,10.894,5.394
3360,3.95,10.906,6.956
3361,4.41,10.917,6.507
3362,4.36,11.062,6.702
3363,5.0,11.205,6.205
3364,4.99,10.923,5.933
3365,3.62,10.878,7.258
3366,4.38,10.902,6.522
3367,3.45,10.434,6.984
3368,3.86,10.066,6.206
3369,5.19,10.128,4.938
3370,3.84,11.102,7.262
3371,8.34,10.066,1.726
3372,4.02,11.241,7.221
3373,5.28,11.17,5.89
3374,2.89,11.854,8.964
3375,13.81,11.242,-2.568
3376,4.43,13.006,8.576
3377,5.83,13.712,7.882
3378,4.26,13.017,8.757
3379,4.09,12.988,8.898
3380,3.21,12.963,9.753
3381,3.53,12.821,9.291
3382,3.1,12.756,9.656
3383,3.55,12.84,9.29
3384,2.96,12.756,9.796
3385,3.43,12.26,8.83
3386,3.31,12.492,9.182
3387,3.5,12.636,9.136
3388,3.2,12.266,9.066
3389,3.63,11.79,8.16
3390,3.37,11.565,8.195
3391,2.91,11.39,8.48
3392,2.86,11.316,8.456
3393,2.66,11.376,8.716
3394,3.15,11.044,7.894
3395,2.6,11.198,8.598
3396,3.22,11.755,8.535
3397,3.71,10.839,7.129
3398,3.89,10.874,6.984
3399,3.71,10.751,7.041
3400,3.6,11.225,7.625
3401,1.52,10.852,9.332
3402,4.55,10.844,6.294
3403,3.89,10.878,6.988
3404,9.15,11.351,2.201
3405,3.98,10.73,6.75
3406,4.34,11.034,6.694
3407,4.38,10.921,6.541
3408,4.08,11.572,7.492
3409,3.59,11.678,8.088
3410,5.32,11.971,6.651
3411,7.18,11.27,4.09
3412,11.29,11.989,0.699
3413,5.2,12.028,6.828
3414,4.48,12.063,7.583
3415,4.44,12.003,7.563
3416,13.55,12.268,-1.282
3417,4.41,12.636,8.226
3418,4.57,11.672,7.102
3419,5.78,12.11,6.33
3420,2.26,11.901,9.641
3421,5.06,11.932,6.872
3422,1.9,12.132,10.232
3423,3.63,12.503,8.873
3424,3.95,12.932,8.982
3425,4.33,11.947,7.617
3426,5.29,12.03,6.74
3427,4.39,11.547,7.157
3428,6.16,11.478,5.318
3429,8.14,11.431,3.291
3430,4.83,11.903,7.073
3431,4.25,11.31,7.06
3432,4.01,11.169,7.159
3433,5.5,11.285,5.785
3434,5.19,11.231,6.041
3435,4.11,11.737,7.627
3436,7.87,11.638,3.768
3437,3.16,11.858,8.698
3438,3.48,11.71,8.23
3439,3.9,11.674,7.774
3440,5.83,11.695,5.865
3441,4.56,11.5,6.94
3442,4.39,11.644,7.254
3443,3.47,11.639,8.169
3444,4.52,11.644,7.124
3445,4.17,11.155,6.985
3446,2.9,11.155,8.255
3447,3.74,11.164,7.424
3448,4.5,11.005,6.505
3449,7.04,11.1,4.06
3450,4.57,11.111,6.541
3451,3.81,10.942,7.132
3452,3.87,10.204,6.334
3453,2.16,9.803,7.643
3454,3.77,8.44,4.67
3455,4.06,8.44,4.38
3456,1.83,8.972,7.142
3457,3.87,9.174,5.304
3458,3.24,8.956,5.716
3459,2.64,9.212,6.572
3460,3.98,8.956,4.976
3461,4.07,8.535,4.465
3462,3.89,9.257,5.367
3463,3.66,8.984,5.324
3464,3.41,9.309,5.899
3465,3.0,9.257,6.257
3466,3.59,8.596,5.006
3467,3.26,8.572,5.312
3468,2.81,8.572,5.762
3469,2.34,9.309,6.969
3470,3.95,9.309,5.359
3471,3.77,9.239,5.469
3472,3.3,9.25,5.95
3473,2.82,9.144,6.324
3474,2.37,9.144,6.774
3475,3.61,8.867,5.257
3476,2.6,8.888,6.288
3477,3.71,9.284,5.574
3478,2.71,9.918,7.208
3479,3.21,10.014,6.804
3480,3.29,10.128,6.838
3481,4.07,11.267,7.197
3482,3.11,11.271,8.161
3483,3.14,11.329,8.189
3484,3.13,11.404,8.274
3485,3.17,11.433,8.263
3486,3.21,11.732,8.522
3487,3.04,11.632,8.592
3488,3.17,11.81,8.64
3489,3.36,11.401,8.041
3490,3.99,12.248,8.258
3491,2.89,14.048,11.158
3492,3.45,13.409,9.959
3493,4.12,13.898,9.778
3494,3.86,13.338,9.478
3495,3.55,13.132,9.582
3496,4.39,13.081,8.691
3497,4.67,13.808,9.138
3498,3.89,13.659,9.769
3499,3.54,13.781,10.241
3500,3.93,14.093,10.163
3501,3.74,13.925,10.185
3502,2.83,13.022,10.192
3503,3.38,12.888,9.508
3504,3.79,13.795,10.005
3505,3.78,11.567,7.787
3506,8.32,11.844,3.524
3507,4.19,11.913,7.723
3508,4.07,12.159,8.089
3509,3.18,12.202,9.022
3510,4.05,12.131,8.081
3511,4.57,12.048,7.478
3512,4.39,11.961,7.571
3513,4.5,11.903,7.403
3514,4.05,11.101,7.051
3515,4.2,11.18,6.98
3516,4.95,11.87,6.92
3517,3.46,12.275,8.815
3518,5.4,12.609,7.209
3519,3.3,12.238,8.938
3520,5.03,12.364,7.334
3521,4.6,12.489,7.889
3522,15.51,12.385,-3.125
3523,4.04,12.45,8.41
3524,3.58,11.991,8.411
3525,4.39,12.304,7.914
3526,4.4,11.67,7.27
3527,3.14,11.728,8.588
3528,2.58,12.109,9.529
3529,10.2,11.512,1.312
3530,4.54,11.538,6.998
3531,3.81,11.606,7.796
3532,4.67,11.543,6.873
3533,4.68,11.669,6.989
3534,3.98,11.733,7.753
3535,4.75,11.63,6.88
3536,5.87,11.589,5.719
3537,4.5,11.863,7.363
3538,4.92,11.083,6.163
3539,7.05,11.075,4.025
3540,3.78,10.312,6.532
3541,6.35,10.658,4.308
3542,4.56,10.371,5.811
3543,3.65,10.601,6.951
3544,3.73,10.124,6.394
3545,5.21,10.124,4.914
3546,4.43,10.601,6.171
3547,4.55,10.61,6.06
3548,4.84,10.12,5.28
3549,11.81,10.12,-1.69
3550,3.05,10.124,7.074
3551,4.32,10.183,5.863
3552,4.27,9.835,5.565
3553,9.43,9.994,0.564
3554,4.46,10.09,5.63
3555,4.6,9.722,5.122
3556,4.37,9.69,5.32
3557,3.99,10.093,6.103
3558,3.62,9.967,6.347
3559,4.82,10.134,5.314
3560,3.76,10.093,6.333
3561,3.82,10.433,6.613
3562,9.56,9.819,0.259
3563,3.09,10.36,7.27
3564,3.36,10.267,6.907
3565,3.07,9.786,6.716
3566,2.8,9.378,6.578
3567,2.99,9.136,6.146
3568,2.83,9.375,6.545
3569,10.97,9.306,-1.664
3570,3.1,9.401,6.301
3571,3.24,9.612,6.372
3572,2.43,9.931,7.501
3573,2.95,10.241,7.291
3574,2.86,10.221,7.361
3575,2.97,11.105,8.135
3576,2.74,11.987,9.247
3577,3.01,11.796,8.786
3578,2.88,12.287,9.407
3579,4.23,13.77,9.54
3580,3.21,13.126,9.916
3581,2.61,12.734,10.124
3582,3.47,13.271,9.801
3583,2.9,12.168,9.268
3584,3.06,12.699,9.639
3585,2.72,12.705,9.985
3586,3.32,12.705,9.385
3587,4.88,12.793,7.913
3588,3.4,12.988,9.588
3589,3.59,12.604,9.014
3590,3.7,14.962,11.262
3591,2.73,14.417,11.687
3592,3.78,14.423,10.643
3593,4.09,14.821,10.731
3594,3.78,14.665,10.885
3595,4.35,13.738,9.388
3596,3.99,13.151,9.161
3597,3.78,13.434,9.654
3598,3.92,13.236,9.316
3599,3.05,13.597,10.547
3600,6.28,11.755,5.475
3601,3.74,11.774,8.034
3602,4.45,14.422,9.972
3603,5.24,13.45,8.21
3604,5.89,13.345,7.455
3605,2.12,12.814,10.694
3606,8.35,11.548,3.198
3607,7.39,12.235,4.845
3608,5.31,11.522,6.212
3609,4.85,10.839,5.989
3610,7.94,11.742,3.802
3611,4.08,11.905,7.825
3612,5.42,11.601,6.181
3613,5.7,10.865,5.165
3614,5.55,11.138,5.588
3615,4.04,10.789,6.749
3616,7.51,9.779,2.269
3617,5.22,10.297,5.077
3618,4.26,9.916,5.656
3619,5.21,9.752,4.542
3620,4.1,10.789,6.689
3621,4.07,10.701,6.631
3622,6.15,11.569,5.419
3623,4.03,11.062,7.032
3624,4.76,11.399,6.639
3625,5.76,10.268,4.508
3626,5.72,10.939,5.219
3627,4.46,10.529,6.069
3628,6.67,9.963,3.293
3629,2.43,10.163,7.733
3630,4.26,9.452,5.192
3631,3.09,9.708,6.618
3632,4.04,10.659,6.619
3633,4.22,10.43,6.21
3634,4.31,10.319,6.009
3635,4.55,12.371,7.821
3636,4.98,10.081,5.101
3637,5.59,10.536,4.946
3638,4.35,11.493,7.143
3639,4.76,11.724,6.964
3640,4.86,10.731,5.871
3641,5.0,11.32,6.32
3642,3.31,10.693,7.383
3643,5.14,10.684,5.544
3644,5.22,11.226,6.006
3645,3.35,10.516,7.166
3646,4.72,10.675,5.955
3647,2.45,11.462,9.012
3648,5.18,9.417,4.237
3649,5.02,9.983,4.963
3650,3.65,9.835,6.185
3651,5.19,9.42,4.23
3652,4.6,12.125,7.525
3653,4.5,12.417,7.917
3654,4.26,11.099,6.839
3655,4.62,12.0,7.38
3656,4.77,12.313,7.543
3657,3.48,12.035,8.555
3658,3.75,12.022,8.272
3659,3.8,10.183,6.383
3660,3.53,10.175,6.645
3661,3.79,11.228,7.438
3662,4.19,9.215,5.025
3663,4.07,13.02,8.95
3664,3.48,10.873,7.393
3665,3.87,12.455,8.585
3666,4.18,12.188,8.008
3667,4.19,12.144,7.954
3668,3.45,12.181,8.731
3669,3.6,10.766,7.166
3670,3.51,11.027,7.517
3671,3.44,9.836,6.396
3672,3.33,9.962,6.632
3673,3.16,10.875,7.715
3674,3.0,11.391,8.391
3675,3.58,11.524,7.944
3676,7.02,12.095,5.075
3677,3.73,12.109,8.379
3678,3.77,11.523,7.753
3679,3.85,12.549,8.699
3680,3.34,13.168,9.828
3681,4.24,12.973,8.733
3682,3.87,13.528,9.658
3683,3.92,11.395,7.475
3684,3.74,11.535,7.795
3685,2.97,12.51,9.54
3686,3.2,11.647,8.447
3687,4.06,9.716,5.656
3688,3.8,8.746,4.946
3689,4.19,9.005,4.815
3690,3.59,9.065,5.475
3691,3.63,8.965,5.335
3692,3.58,8.854,5.274
3693,5.13,8.794,3.664
3694,5.07,9.04,3.97
3695,5.31,9.06,3.75
3696,3.99,8.739,4.749
3697,10.56,9.036,-1.524
3698,5.63,8.673,3.043
3699,5.89,8.957,3.067
3700,10.02,8.72,-1.3
3701,4.83,11.598,6.768
3702,5.49,11.953,6.463
3703,4.99,12.049,7.059
3704,3.41,9.6,6.19
3705,4.39,9.977,5.587
3706,4.88,11.35,6.47
3707,4.86,11.712,6.852
3708,6.61,12.047,5.437
3709,7.13,13.266,6.136
3710,12.4,17.098,4.698
3711,10.95,13.969,3.019
3712,4.47,14.374,9.904
3713,4.98,13.902,8.922
3714,9.73,13.393,3.663
3715,5.0,13.732,8.732
3716,5.63,12.956,7.326
3717,7.75,12.458,4.708
3718,5.57,12.697,7.127
3719,6.32,12.447,6.127
3720,4.31,12.39,8.08
3721,4.4,12.101,7.701
3722,6.63,12.497,5.867
3723,5.88,12.102,6.222
3724,4.41,12.418,8.008
3725,4.82,11.744,6.924
3726,5.47,11.447,5.977
3727,5.46,12.932,7.472
3728,5.07,12.351,7.281
3729,4.61,12.348,7.738
3730,4.94,13.794,8.854
3731,15.57,13.655,-1.915
3732,6.53,11.377,4.847
3733,4.99,12.756,7.766
3734,6.87,12.828,5.958
3735,6.02,13.094,7.074
3736,3.68,12.735,9.055
3737,3.49,12.713,9.223
3738,3.38,12.513,9.133
3739,4.44,12.131,7.691
3740,4.13,12.53,8.4
3741,4.05,12.322,8.272
3742,3.78,12.354,8.574
3743,6.06,12.312,6.252
3744,5.95,11.826,5.876
3745,5.18,11.082,5.902
3746,4.71,11.152,6.442
3747,4.63,11.96,7.33
3748,6.95,11.413,4.463
3749,4.27,12.354,8.084
3750,2.88,11.773,8.893
3751,4.48,11.848,7.368
3752,4.11,12.51,8.4
3753,5.11,12.492,7.382
3754,6.49,11.919,5.429
3755,5.97,11.818,5.848
3756,3.29,11.723,8.433
3757,4.48,12.042,7.562
3758,6.88,10.155,3.275
3759,5.14,11.091,5.951
3760,3.85,10.223,6.373
3761,3.93,12.404,8.474
3762,4.2,11.948,7.748
3763,3.28,13.368,10.088
3764,3.57,11.98,8.41
3765,3.34,11.849,8.509
3766,3.69,11.825,8.135
3767,3.68,9.281,5.601
3768,3.18,8.832,5.652
3769,3.77,7.371,3.601
3770,3.84,7.632,3.792
3771,3.17,7.519,4.349
3772,3.88,8.376,4.496
3773,3.02,8.256,5.236
3774,3.76,8.817,5.057
3775,3.46,9.017,5.557
3776,3.27,8.839,5.569
3777,3.38,8.76,5.38
3778,3.72,9.182,5.462
3779,3.07,9.165,6.095
3780,4.39,9.176,4.786
3781,3.48,8.798,5.318
3782,4.16,9.827,5.667
3783,2.28,9.564,7.284
3784,4.5,9.635,5.135
3785,4.68,9.579,4.899
3786,4.26,8.568,4.308
3787,9.53,8.31,-1.22
3788,6.41,8.589,2.179
3789,3.44,8.877,5.437
3790,6.23,7.656,1.426
3791,3.96,7.907,3.947
3792,9.3,7.907,-1.393
3793,5.91,8.592,2.682
3794,6.28,8.017,1.737
3795,4.37,8.667,4.297
3796,4.62,7.837,3.217
3797,6.6,8.04,1.44
3798,6.44,8.27,1.83
3799,6.97,7.263,0.293
3800,4.28,8.488,4.208
3801,6.02,8.712,2.692
3802,6.13,10.85,4.72
3803,7.09,12.581,5.491
3804,3.71,12.107,8.397
3805,5.88,12.138,6.258
3806,4.82,12.515,7.695
3807,6.03,12.307,6.277
3808,6.08,12.218,6.138
3809,6.38,12.267,5.887
3810,3.41,12.175,8.765
3811,5.54,12.392,6.852
3812,6.0,12.887,6.887
3813,6.29,12.138,5.848
3814,4.32,12.289,7.969
3815,6.61,12.51,5.9
3816,6.99,13.194,6.204
3817,5.51,12.722,7.212
3818,3.84,13.587,9.747
3819,6.24,12.526,6.286
3820,5.18,13.88,8.7
3821,5.47,11.485,6.015
3822,6.16,11.719,5.559
3823,3.18,11.855,8.675
3824,4.67,11.869,7.199
3825,5.76,12.134,6.374
3826,3.5,12.127,8.627
3827,3.13,12.261,9.131
3828,3.62,12.799,9.179
3829,6.77,13.129,6.359
3830,6.47,13.424,6.954
3831,9.55,13.485,3.935
3832,4.75,12.603,7.853
3833,5.81,13.628,7.818
3834,4.14,13.158,9.018
3835,7.33,13.815,6.485
3836,8.96,13.197,4.237
3837,4.18,13.964,9.784
3838,6.33,13.054,6.724
3839,4.47,14.052,9.582
3840,6.46,13.984,7.524
3841,5.26,13.858,8.598
3842,5.07,13.858,8.788
3843,2.8,13.75,10.95
3844,4.64,13.814,9.174
3845,3.56,12.653,9.093
3846,4.31,12.697,8.387
3847,5.01,13.165,8.155
3848,4.05,13.396,9.346
3849,4.5,13.473,8.973
3850,5.17,13.712,8.542
3851,3.51,11.885,8.375
3852,3.4,12.164,8.764
3853,4.99,10.774,5.784
3854,4.93,9.622,4.692
3855,3.56,9.276,5.716
3856,3.39,8.519,5.129
3857,4.32,7.995,3.675
3858,3.36,8.076,4.716
3859,3.89,7.774,3.884
3860,3.12,7.693,4.573
3861,4.2,8.78,4.58
3862,3.48,8.554,5.074
3863,4.38,9.103,4.723
3864,4.36,9.391,5.031
3865,2.7,9.788,7.088
3866,3.69,11.387,7.697
3867,4.63,11.51,6.88
3868,4.8,11.576,6.776
3869,4.24,13.925,9.685
3870,3.1,11.622,8.522
3871,2.99,10.951,7.961
3872,3.06,12.02,8.96
3873,2.87,12.616,9.746
3874,3.31,12.902,9.592
3875,4.69,14.97,10.28
3876,4.6,14.741,10.141
3877,4.85,16.549,11.699
3878,4.87,14.595,9.725
3879,4.23,20.923,16.693
3880,5.19,17.278,12.088
3881,3.87,14.648,10.778
3882,5.13,17.925,12.795
3883,5.57,15.046,9.476
3884,6.76,11.957,5.197
3885,4.97,11.334,6.364
3886,6.51,10.061,3.551
3887,5.76,10.858,5.098
3888,6.65,9.105,2.455
3889,6.39,9.215,2.825
3890,7.66,9.007,1.347
3891,6.7,9.12,2.42
3892,5.41,10.454,5.044
3893,6.15,8.815,2.665
3894,5.1,11.211,6.111
3895,6.0,9.59,3.59
3896,5.68,10.461,4.781
3897,7.2,8.655,1.455
3898,6.23,8.662,2.432
3899,6.11,9.311,3.201
3900,8.27,8.554,0.284
3901,7.68,9.853,2.173
3902,8.15,11.221,3.071
3903,6.09,8.683,2.593
3904,13.03,10.674,-2.356
3905,7.81,10.548,2.738
3906,5.79,11.599,5.809
3907,8.05,11.295,3.245
3908,5.85,11.522,5.672
3909,7.36,11.561,4.201
3910,7.22,9.921,2.701
3911,6.63,9.882,3.252
3912,5.5,9.256,3.756
3913,6.06,8.206,2.146
3914,6.08,8.058,1.978
3915,3.41,8.078,4.668
3916,5.93,8.86,2.93
3917,6.49,8.64,2.15
3918,6.51,8.664,2.154
3919,11.14,10.795,-0.345
3920,5.74,10.684,4.944
3921,6.45,11.276,4.826
3922,5.77,12.055,6.285
3923,5.8,11.761,5.961
3924,6.29,11.922,5.632
3925,7.9,11.606,3.706
3926,5.44,10.268,4.828
3927,7.1,10.02,2.92
3928,7.59,11.593,4.003
3929,7.93,12.683,4.753
3930,8.07,12.45,4.38
3931,4.92,12.476,7.556
3932,8.92,12.331,3.411
3933,5.49,13.941,8.451
3934,6.6,13.82,7.22
3935,5.58,12.737,7.157
3936,5.2,13.498,8.298
3937,5.84,12.912,7.072
3938,5.23,12.808,7.578
3939,6.12,12.832,6.712
3940,4.69,14.226,9.536
3941,5.8,13.977,8.177
3942,4.48,12.347,7.867
3943,4.61,12.447,7.837
3944,4.5,10.923,6.423
3945,4.91,11.189,6.279
3946,4.45,11.21,6.76
3947,6.5,10.815,4.315
3948,4.52,9.104,4.584
3949,4.73,7.573,2.843
3950,5.24,7.857,2.617
3951,4.81,7.695,2.885
3952,5.04,7.93,2.89
3953,4.95,7.68,2.73
3954,5.75,8.085,2.335
3955,4.85,8.219,3.369
3956,5.57,8.733,3.163
3957,4.21,8.055,3.845
3958,6.84,8.308,1.468
3959,7.22,8.21,0.99
3960,6.86,8.731,1.871
3961,7.12,7.861,0.741
3962,5.63,7.895,2.265
3963,6.2,7.996,1.796
3964,3.98,8.028,4.048
3965,4.18,8.051,3.871
3966,7.99,7.908,-0.082
3967,5.96,8.051,2.091
3968,4.92,7.915,2.995
3969,5.38,7.615,2.235
3970,11.93,7.371,-4.559
3971,8.14,6.968,-1.172
3972,6.84,10.913,4.073
3973,7.36,10.105,2.745
3974,8.51,11.128,2.618
3975,4.32,11.206,6.886
3976,6.73,11.163,4.433
3977,6.74,11.523,4.783
3978,4.92,11.178,6.258
3979,6.03,11.228,5.198
3980,5.7,11.23,5.53
3981,9.54,11.366,1.826
3982,7.64,10.321,2.681
3983,7.72,10.532,2.812
3984,7.7,10.381,2.681
3985,6.62,10.526,3.906
3986,7.44,10.324,2.884
3987,6.96,10.281,3.321
3988,5.66,10.342,4.682
3989,6.91,10.208,3.298
3990,8.97,10.507,1.537
3991,11.06,10.259,-0.801
3992,5.74,10.306,4.566
3993,7.35,10.233,2.883
3994,7.79,11.136,3.346
3995,7.11,11.985,4.875
3996,5.01,12.01,7.0
3997,8.78,12.942,4.162
3998,7.02,12.656,5.636
3999,5.84,12.18,6.34
4000,8.39,11.318,2.928
4001,7.27,11.255,3.985
4002,7.87,11.523,3.653
4003,6.91,11.316,4.406
4004,11.01,11.523,0.513
4005,6.94,12.283,5.343
4006,6.77,11.975,5.205
4007,8.01,12.632,4.622
4008,11.13,13.913,2.783
4009,5.74,13.655,7.915
4010,6.61,13.499,6.889
4011,6.26,13.464,7.204
4012,8.15,13.176,5.026
4013,5.71,13.503,7.793
4014,6.12,13.362,7.242
4015,7.15,13.643,6.493
4016,6.97,13.842,6.872
4017,6.3,13.644,7.344
4018,7.93,13.116,5.186
4019,8.67,13.32,4.65
4020,10.42,12.759,2.339
4021,8.3,13.788,5.488
4022,12.7,12.949,0.249
4023,8.5,12.743,4.243
4024,6.49,12.599,6.109
4025,6.37,13.236,6.866
4026,7.17,12.88,5.71
4027,6.78,13.324,6.544
4028,9.92,13.933,4.013
4029,6.95,13.596,6.646
4030,6.18,13.702,7.522
4031,7.13,14.288,7.158
4032,7.4,14.235,6.835
4033,6.05,14.207,8.157
4034,4.04,14.32,10.28
4035,7.41,14.068,6.658
4036,6.69,14.319,7.629
4037,7.47,12.913,5.443
4038,4.73,14.032,9.302
4039,6.57,13.695,7.125
4040,5.75,13.473,7.723
4041,5.85,13.485,7.635
4042,6.78,13.643,6.863
4043,5.79,13.157,7.367
4044,5.88,12.467,6.587
4045,7.37,10.501,3.131
4046,7.22,10.394,3.174
4047,4.71,10.672,5.962
4048,5.56,8.998,3.438
4049,6.08,9.333,3.253
4050,5.62,8.257,2.637
4051,4.11,9.422,5.312
4052,6.7,7.701,1.001
4053,6.33,8.037,1.707
4054,9.18,8.116,-1.064
4055,6.43,8.123,1.693
4056,6.81,8.031,1.221
4057,7.67,8.296,0.626
4058,7.18,8.083,0.903
4059,7.55,9.286,1.736
4060,7.44,9.2,1.76
4061,7.59,9.394,1.804
4062,12.28,9.32,-2.96
4063,11.16,9.324,-1.836
4064,7.64,9.309,1.669
4065,14.97,9.506,-5.464
4066,7.48,9.395,1.915
4067,8.27,9.584,1.314
4068,7.4,10.085,2.685
4069,7.13,7.925,0.795
4070,8.75,7.39,-1.36
4071,6.67,6.851,0.181
4072,7.77,8.783,1.013
4073,7.0,9.166,2.166
4074,7.33,10.372,3.042
4075,4.78,10.565,5.785
4076,6.59,10.825,4.235
4077,5.71,10.382,4.672
4078,5.26,10.429,5.169
4079,11.03,7.624,-3.406
4080,6.54,7.723,1.183
4081,13.06,10.828,-2.232
4082,4.39,10.352,5.962
4083,6.35,10.454,4.104
4084,13.95,11.292,-2.658
4085,4.45,12.029,7.579
4086,6.3,10.986,4.686
4087,6.9,11.864,4.964
4088,7.76,11.855,4.095
4089,5.42,12.01,6.59
4090,5.85,11.669,5.819
4091,5.34,11.54,6.2
4092,6.07,11.834,5.764
4093,5.55,13.345,7.795
4094,9.28,12.735,3.455
4095,5.79,12.657,6.867
4096,6.92,12.708,5.788
4097,4.79,13.019,8.229
4098,4.28,12.955,8.675
4099,5.06,13.091,8.031
4100,4.68,12.311,7.631
4101,5.88,12.367,6.487
4102,5.91,12.488,6.578
4103,6.32,12.838,6.518
4104,5.16,12.614,7.454
4105,5.65,12.755,7.105
4106,4.5,13.227,8.727
4107,4.59,12.879,8.289
4108,4.66,13.821,9.161
4109,5.18,13.34,8.16
4110,5.14,13.403,8.263
4111,5.93,12.677,6.747
4112,4.35,12.21,7.86
4113,4.67,12.438,7.768
4114,5.69,12.632,6.942
4115,5.49,12.568,7.078
4116,6.35,12.318,5.968
4117,4.29,12.462,8.172
4118,4.47,12.373,7.903
4119,5.45,12.338,6.888
4120,7.19,12.349,5.159
4121,7.63,12.143,4.513
4122,5.53,12.248,6.718
4123,4.8,12.112,7.312
4124,5.2,12.049,6.849
4125,8.59,12.36,3.77
4126,5.96,12.202,6.242
4127,11.68,12.174,0.494
4128,4.95,13.152,8.202
4129,3.07,15.613,12.543
4130,4.63,15.625,10.995
4131,5.94,15.625,9.685
4132,7.13,15.583,8.453
4133,4.66,15.625,10.965
4134,2.42,13.159,10.739
4135,5.04,13.152,8.112
4136,4.83,12.256,7.426
4137,4.51,13.125,8.615
4138,4.48,12.367,7.887
4139,4.31,13.126,8.816
4140,4.42,12.371,7.951
4141,4.78,12.159,7.379
4142,4.57,12.12,7.55
4143,5.17,12.424,7.254
4144,5.0,12.397,7.397
4145,4.59,11.946,7.356
4146,3.45,12.662,9.212
4147,4.81,13.776,8.966
4148,3.65,14.403,10.753
4149,4.25,13.157,8.907
4150,4.23,12.908,8.678
4151,4.27,12.256,7.986
4152,4.36,11.852,7.492
4153,4.86,12.281,7.421
4154,4.59,12.319,7.729
4155,4.35,12.398,8.048
4156,3.93,12.501,8.571
4157,3.66,11.474,7.814
4158,3.68,12.504,8.824
4159,4.38,9.578,5.198
4160,4.52,9.86,5.34
4161,4.6,11.772,7.172
4162,4.61,9.707,5.097
4163,4.44,11.122,6.682
4164,3.89,11.006,7.116
4165,4.33,10.929,6.599
4166,4.16,11.415,7.255
4167,3.94,11.411,7.471
4168,3.95,11.27,7.32
4169,5.18,10.333,5.153
4170,4.8,11.303,6.503
4171,7.28,10.314,3.034
4172,4.55,9.12,4.57
4173,5.07,8.885,3.815
4174,5.64,9.416,3.776
4175,4.44,9.076,4.636
4176,5.44,9.054,3.614
4177,5.01,9.604,4.594
4178,4.97,9.693,4.723
4179,6.5,9.756,3.256
4180,4.15,9.706,5.556
4181,5.62,10.242,4.622
4182,4.62,10.338,5.718
4183,3.45,11.532,8.082
4184,5.35,11.115,5.765
4185,5.53,13.267,7.737
4186,4.78,13.345,8.565
4187,6.0,16.409,10.409
4188,4.62,14.522,9.902
4189,7.55,16.627,9.077
4190,16.24,16.627,0.387
4191,5.07,16.58,11.51
4192,2.76,16.58,13.82
4193,4.81,16.405,11.595
4194,5.83,16.405,10.575
4195,5.98,16.648,10.668
4196,10.55,16.648,6.098
4197,5.66,16.648,10.988
4198,5.81,16.984,11.174
4199,6.26,16.648,10.388
4200,5.95,12.808,6.858
4201,5.68,12.795,7.115
4202,4.06,17.099,13.039
4203,4.93,13.107,8.177
4204,8.97,12.848,3.878
4205,5.5,12.793,7.293
4206,7.24,14.008,6.768
4207,5.45,12.721,7.271
4208,5.93,12.733,6.803
4209,4.45,16.978,12.528
4210,7.06,17.029,9.969
4211,3.76,17.215,13.455
4212,5.99,13.759,7.769
4213,4.6,17.029,12.429
4214,4.27,17.028,12.758
4215,6.19,17.028,10.838
4216,5.21,16.976,11.766
4217,5.77,18.177,12.407
4218,5.6,17.184,11.584
4219,4.79,17.184,12.394
4220,2.2,18.141,15.941
4221,7.17,14.046,6.876
4222,5.15,18.141,12.991
4223,4.17,18.294,14.124
4224,5.45,18.3,12.85
4225,4.75,18.141,13.391
4226,5.21,18.135,12.925
4227,5.01,18.066,13.056
4228,2.91,18.141,15.231
4229,5.58,18.161,12.581
4230,4.92,15.557,10.637
4231,4.87,15.169,10.299
4232,4.86,14.646,9.786
4233,4.0,14.465,10.465
4234,4.06,18.468,14.408
4235,4.95,12.897,7.947
4236,4.61,13.028,8.418
4237,3.92,13.7,9.78
4238,3.95,16.6,12.65
4239,3.63,16.261,12.631
4240,3.51,13.532,10.022
4241,3.82,9.823,6.003
4242,3.55,9.823,6.273
4243,3.57,9.774,6.204
4244,3.75,8.913,5.163
4245,3.66,9.762,6.102
4246,3.9,9.385,5.485
4247,3.87,9.385,5.515
4248,3.88,9.385,5.505
4249,3.58,9.547,5.967
4250,8.26,9.275,1.015
4251,3.73,9.002,5.272
4252,4.17,9.498,5.328
4253,3.46,9.452,5.992
4254,5.52,9.493,3.973
4255,3.63,9.619,5.989
4256,3.57,9.498,5.928
4257,3.73,9.619,5.889
4258,3.65,9.619,5.969
4259,3.95,9.582,5.632
4260,3.92,9.582,5.662
4261,3.83,9.218,5.388
4262,4.67,9.218,4.548
4263,3.62,9.391,5.771
4264,3.79,9.142,5.352
4265,5.09,9.826,4.736
4266,4.93,9.548,4.618
4267,5.5,9.18,3.68
4268,12.56,9.18,-3.38
4269,5.81,9.586,3.776
4270,4.98,9.586,4.606
4271,6.42,9.71,3.29
4272,3.76,9.168,5.408
4273,5.37,9.827,4.457
4274,5.22,9.479,4.259
4275,6.07,12.265,6.195
4276,5.63,9.254,3.624
4277,6.44,9.812,3.372
4278,6.15,9.855,3.705
4279,4.98,9.703,4.723
4280,5.07,8.872,3.802
4281,4.55,9.526,4.976
4282,6.02,9.161,3.141
4283,4.84,9.855,5.015
4284,5.4,9.226,3.826
4285,10.76,9.857,-0.903
4286,4.93,9.857,4.927
4287,4.29,10.025,5.735
4288,4.74,9.226,4.486
4289,6.05,10.025,3.975
4290,5.25,10.025,4.775
4291,5.12,10.46,5.34
4292,4.63,10.713,6.083
4293,4.44,9.953,5.513
4294,5.11,9.997,4.887
4295,4.39,10.793,6.403
4296,2.65,11.717,9.067
4297,2.78,11.717,8.937
4298,4.32,11.703,7.383
4299,4.66,13.649,8.989
4300,4.73,13.649,8.919
4301,4.32,13.649,9.329
4302,5.06,17.775,12.715
4303,5.22,18.112,12.892
4304,3.67,18.246,14.576
4305,4.43,17.952,13.522
4306,6.28,16.864,10.584
4307,4.26,17.952,13.692
4308,7.17,17.952,10.782
4309,5.21,17.886,12.676
4310,4.26,17.069,12.809
4311,6.12,17.365,11.245
4312,5.94,17.365,11.425
4313,4.16,18.095,13.935
4314,4.67,18.095,13.425
4315,7.11,18.095,10.985
4316,4.04,19.155,15.115
4317,4.42,19.335,14.915
4318,4.47,18.937,14.467
4319,3.9,19.433,15.533
4320,4.02,19.166,15.146
4321,4.56,19.166,14.606
4322,5.54,19.662,14.122
4323,3.63,19.662,16.032
4324,4.55,19.662,15.112
4325,3.67,19.662,15.992
4326,4.69,19.199,14.509
4327,3.29,18.767,15.477
4328,3.6,13.991,10.391
4329,3.25,14.14,10.89
4330,4.0,16.591,12.591
4331,3.44,14.495,11.055
4332,3.28,14.1,10.82
4333,3.5,14.139,10.639
4334,3.07,13.649,10.579
4335,3.9,10.448,6.548
4336,3.16,9.857,6.697
4337,3.85,9.82,5.97
4338,3.2,9.706,6.506
4339,3.54,10.021,6.481
4340,3.54,10.46,6.92
4341,3.53,9.461,5.931
4342,3.29,9.706,6.416
4343,3.07,9.528,6.458
4344,3.57,9.348,5.778
4345,3.78,8.983,5.203
4346,3.5,9.354,5.854
4347,3.27,9.558,6.288
4348,3.27,9.579,6.309
4349,5.66,9.791,4.131
4350,3.51,9.861,6.351
4351,3.46,9.528,6.068
4352,3.76,9.496,5.736
4353,2.6,9.61,7.01
4354,3.5,9.531,6.031
4355,3.37,9.861,6.491
4356,3.73,9.531,5.801
4357,4.31,9.861,5.551
4358,3.71,9.531,5.821
4359,1.53,9.579,8.049
4360,3.9,9.791,5.891
4361,3.83,9.558,5.728
4362,3.95,9.558,5.608
4363,4.5,9.558,5.058
4364,3.85,9.63,5.78
4365,3.8,9.528,5.728
4366,3.89,9.528,5.638
4367,3.58,9.706,6.126
4368,4.19,9.733,5.543
4369,7.27,9.733,2.463
4370,5.26,9.479,4.219
4371,9.11,9.831,0.721
4372,4.02,9.831,5.811
4373,5.13,9.935,4.805
4374,7.42,10.392,2.972
4375,10.54,10.405,-0.135
4376,4.1,11.628,7.528
4377,7.91,11.438,3.528
4378,5.17,11.66,6.49
4379,5.64,13.298,7.658
4380,2.87,13.256,10.386
4381,5.34,13.267,7.927
4382,5.07,13.66,8.59
4383,5.11,13.17,8.06
4384,3.89,13.044,9.154
4385,6.63,13.087,6.457
4386,4.47,13.026,8.556
4387,4.45,12.883,8.433
4388,4.35,13.106,8.756
4389,3.38,12.848,9.468
4390,4.75,16.67,11.92
4391,4.62,15.594,10.974
4392,4.53,16.937,12.407
4393,4.01,14.521,10.511
4394,4.35,17.053,12.703
4395,4.05,17.161,13.111
4396,5.63,18.366,12.736
4397,3.33,18.366,15.036
4398,4.18,18.429,14.249
4399,4.5,18.487,13.987
4400,2.65,18.755,16.105
4401,3.59,18.83,15.24
4402,3.56,19.02,15.46
4403,4.89,19.512,14.622
4404,4.32,15.142,10.822
4405,4.22,19.477,15.257
4406,3.96,19.119,15.159
4407,7.3,19.197,11.897
4408,3.26,19.119,15.859
4409,3.74,16.15,12.41
4410,4.62,19.365,14.745
4411,4.71,16.126,11.416
4412,4.14,19.312,15.172
4413,6.67,19.312,12.642
4414,4.23,19.326,15.096
4415,4.43,19.338,14.908
4416,4.22,19.172,14.952
4417,5.36,16.945,11.585
4418,3.5,19.39,15.89
4419,2.64,19.815,17.175
4420,2.61,19.096,16.486
4421,3.61,19.096,15.486
4422,3.6,19.096,15.496
4423,3.62,19.096,15.476
4424,3.01,19.179,16.169
4425,3.45,19.096,15.646
4426,2.49,19.09,16.6
4427,3.0,19.096,16.096
4428,3.09,18.905,15.815
4429,3.25,18.701,15.451
4430,3.3,18.701,15.401
4431,2.93,19.202,16.272
4432,3.02,19.365,16.345
4433,3.54,18.86,15.32
4434,3.31,17.625,14.315
4435,2.67,18.86,16.19
4436,3.3,19.096,15.796
4437,2.83,19.134,16.304
4438,1.84,19.141,17.301
4439,3.23,19.179,15.949
4440,2.23,19.141,16.911
4441,2.85,18.976,16.126
4442,4.14,16.278,12.138
4443,2.83,19.141,16.311
4444,3.1,19.179,16.079
4445,4.21,19.132,14.922
4446,3.02,19.132,16.112
4447,2.89,19.179,16.289
4448,2.88,19.17,16.29
4449,3.05,19.17,16.12
4450,3.13,18.941,15.811
4451,3.09,18.941,15.851
4452,3.05,19.17,16.12
4453,3.23,17.447,14.217
4454,2.64,19.17,16.53
4455,2.82,19.161,16.341
4456,3.27,18.887,15.617
4457,2.7,19.216,16.516
4458,2.94,19.392,16.452
4459,3.09,19.354,16.264
4460,2.81,19.448,16.638
4461,3.04,19.079,16.039
4462,3.02,19.079,16.059
4463,2.75,18.849,16.099
4464,3.14,18.849,15.709
4465,3.04,18.861,15.821
4466,2.83,18.861,16.031
4467,3.39,18.861,15.471
4468,3.19,18.861,15.671
4469,3.03,19.256,16.226
4470,3.21,19.256,16.046
4471,3.16,19.119,15.959
4472,3.2,19.119,15.919
4473,2.97,19.119,16.149
4474,2.93,19.119,16.189
4475,3.06,19.119,16.059
4476,3.01,19.273,16.263
4477,3.1,19.327,16.227
4478,2.98,19.483,16.503
4479,3.11,19.327,16.217
4480,2.78,19.188,16.408
4481,3.34,19.11,15.77
4482,3.08,19.199,16.119
4483,3.13,19.206,16.076
4484,3.18,19.368,16.188
4485,2.96,19.368,16.408
4486,5.0,19.213,14.213
4487,3.25,19.213,15.963
4488,3.36,19.368,16.008
4489,3.09,19.213,16.123
4490,3.23,19.368,16.138
4491,3.27,19.368,16.098
4492,3.28,19.368,16.088
4493,2.91,19.368,16.458
4494,3.04,19.368,16.328
4495,3.35,19.213,15.863
4496,3.47,19.368,15.898
4497,2.88,19.558,16.678
4498,3.14,19.368,16.228
4499,3.07,19.558,16.488
4500,3.17,19.368,16.198
4501,3.2,19.368,16.168
4502,3.06,19.368,16.308
4503,3.42,19.368,15.948
4504,3.3,19.368,16.068
4505,3.74,19.558,15.818
4506,4.18,19.368,15.188
4507,3.0,19.368,16.368
4508,3.02,19.368,16.348
4509,2.0,19.368,17.368
4510,4.78,19.368,14.588
4511,3.04,19.368,16.328
4512,3.41,19.558,16.148
4513,3.82,19.558,15.738
4514,2.8,19.427,16.627
4515,2.66,19.558,16.898
4516,3.21,19.368,16.158
4517,3.28,19.427,16.147
4518,3.0,19.427,16.427
4519,3.36,19.368,16.008
4520,3.1,19.368,16.268
4521,2.61,19.368,16.758
4522,2.71,19.368,16.658
4523,2.97,19.368,16.398
4524,1.64,19.368,17.728
4525,2.99,19.368,16.378
4526,2.82,19.368,16.548
4527,1.92,19.213,17.293
4528,3.7,19.368,15.668
4529,4.5,19.213,14.713
4530,2.73,19.213,16.483
4531,2.86,19.213,16.353
4532,3.13,19.213,16.083
4533,2.53,19.22,16.69
4534,3.63,19.22,15.59
4535,3.44,19.027,15.587
4536,3.07,19.027,15.957
4537,4.03,19.027,14.997
4538,2.9,19.027,16.127
4539,3.08,19.258,16.178
4540,1.81,19.22,17.41
4541,3.07,19.258,16.188
4542,2.74,19.027,16.287
4543,2.69,19.027,16.337
4544,3.1,19.258,16.158
4545,3.09,19.22,16.13
4546,3.42,19.258,15.838
4547,3.19,19.22,16.03
4548,2.61,19.22,16.61
4549,4.02,19.258,15.238
4550,4.25,19.22,14.97
4551,8.59,19.258,10.668
4552,3.54,19.22,15.68
4553,4.05,19.258,15.208
4554,3.11,19.22,16.11
4555,5.34,19.22,13.88
4556,3.99,19.22,15.23
4557,3.9,19.22,15.32
4558,5.02,19.22,14.2
4559,3.29,19.213,15.923
4560,3.23,19.213,15.983
4561,3.89,19.22,15.33
4562,5.49,19.213,13.723
4563,4.26,19.213,14.953
4564,3.7,19.213,15.513
4565,4.17,19.213,15.043
4566,2.64,19.213,16.573
4567,4.4,19.213,14.813
4568,4.25,19.213,14.963
4569,3.92,19.213,15.293
4570,4.39,19.213,14.823
4571,5.5,19.213,13.713
4572,4.29,19.368,15.078
4573,4.33,19.368,15.038
4574,3.12,19.213,16.093
4575,3.67,19.368,15.698
4576,4.06,19.368,15.308
4577,3.35,19.368,16.018
4578,4.4,19.368,14.968
4579,4.09,19.368,15.278
4580,3.81,19.368,15.558
4581,3.36,19.368,16.008
4582,3.76,19.368,15.608
4583,4.51,19.368,14.858
4584,2.05,19.368,17.318
4585,3.66,19.558,15.898
4586,3.6,19.558,15.958
4587,6.12,19.558,13.438
4588,4.27,19.558,15.288
4589,4.09,19.43,15.34
4590,5.24,19.115,13.875
4591,3.42,19.558,16.138
4592,4.59,19.562,14.972
4593,4.3,19.364,15.064
4594,2.76,19.33,16.57
4595,3.33,19.33,16.0
4596,3.69,19.33,15.64
4597,6.38,19.33,12.95
4598,3.6,19.398,15.798
4599,3.62,19.398,15.778
4600,4.22,19.398,15.178
4601,3.18,19.398,16.218
4602,1.2,19.398,18.198
4603,4.57,19.398,14.828
4604,3.94,19.016,15.076
4605,3.75,19.016,15.266
4606,3.75,19.016,15.266
4607,3.23,19.016,15.786
4608,3.43,19.016,15.586
4609,2.98,19.016,16.036
4610,3.28,19.016,15.736
4611,5.45,19.016,13.566
4612,3.06,19.016,15.956
4613,2.63,19.398,16.768
4614,3.02,19.398,16.378
4615,3.22,19.253,16.033
4616,3.35,19.099,15.749
4617,2.68,19.099,16.419
4618,1.07,19.131,18.061
4619,2.98,18.813,15.833
4620,4.1,19.131,15.031
4621,4.61,19.108,14.498
4622,2.31,19.108,16.798
4623,2.78,18.813,16.033
4624,3.65,19.108,15.458
4625,2.82,19.096,16.276
4626,2.93,19.102,16.172
4627,2.48,19.096,16.616
4628,3.04,19.102,16.062
4629,3.14,19.094,15.954
4630,3.37,19.094,15.724
4631,2.77,19.094,16.324
4632,2.86,19.131,16.271
4633,3.18,19.108,15.928
4634,3.05,19.131,16.081
4635,2.95,19.131,16.181
4636,2.83,19.108,16.278
4637,3.41,18.87,15.46
4638,3.93,17.902,13.972
4639,1.86,16.997,15.137
4640,3.17,17.028,13.858
4641,1.68,17.935,16.255
4642,3.4,16.869,13.469
4643,2.85,17.183,14.333
4644,2.05,16.869,14.819
4645,2.97,17.111,14.141
4646,3.24,16.907,13.667
4647,5.42,16.869,11.449
4648,3.46,16.869,13.409
4649,3.09,17.183,14.093
4650,5.03,17.084,12.054
4651,4.08,17.042,12.962
4652,3.37,17.985,14.615
4653,3.41,18.858,15.448
4654,3.83,18.858,15.028
4655,4.27,18.858,14.588
4656,4.5,18.858,14.358
4657,3.76,19.127,15.367
4658,2.31,19.127,16.817
4659,3.36,19.127,15.767
4660,3.17,19.127,15.957
4661,4.64,19.105,14.465
4662,4.2,19.105,14.905
4663,2.56,19.067,16.507
4664,5.8,19.067,13.267
4665,3.93,19.067,15.137
4666,3.77,19.076,15.306
4667,4.59,19.076,14.486
4668,3.96,19.076,15.116
4669,3.88,19.076,15.196
4670,3.26,19.076,15.816
4671,3.76,19.076,15.316
4672,5.08,19.069,13.989
4673,3.4,19.076,15.676
4674,3.76,19.076,15.316
4675,3.49,19.069,15.579
4676,4.72,19.069,14.349
4677,4.16,19.069,14.909
4678,1.94,19.069,17.129
4679,2.23,19.072,16.842
4680,3.22,19.072,15.852
4681,3.25,19.069,15.819
4682,3.46,19.072,15.612
4683,3.43,19.226,15.796
4684,3.47,19.226,15.756
4685,3.22,19.32,16.1
4686,3.11,19.344,16.234
4687,2.71,19.392,16.682
4688,2.45,19.502,17.052
4689,3.22,19.597,16.377
4690,1.77,19.392,17.622
4691,3.16,19.392,16.232
4692,10.93,19.597,8.667
4693,2.79,19.323,16.533
4694,3.37,19.597,16.227
4695,3.84,19.323,15.483
4696,4.59,19.229,14.639
4697,3.76,19.276,15.516
4698,2.87,19.276,16.406
4699,4.0,19.276,15.276
4700,3.02,19.276,16.256
4701,2.66,19.276,16.616
4702,3.05,18.93,15.88
4703,2.75,18.93,16.18
4704,2.72,18.93,16.21
4705,2.11,18.93,16.82
4706,2.6,18.93,16.33
4707,2.39,18.93,16.54
4708,2.36,19.276,16.916
4709,5.34,18.93,13.59
4710,2.98,19.388,16.408
4711,2.47,19.276,16.806
4712,2.37,18.93,16.56
4713,2.39,18.295,15.905
4714,2.23,18.701,16.471
4715,2.24,18.359,16.119
4716,2.24,19.039,16.799
4717,2.37,18.93,16.56
4718,2.3,19.039,16.739
4719,2.37,19.388,17.018
4720,2.4,19.039,16.639
4721,2.31,19.388,17.078
4722,2.26,19.039,16.779
4723,2.28,18.374,16.094
4724,3.38,19.341,15.961
4725,2.38,18.994,16.614
4726,2.32,18.994,16.674
4727,2.37,19.341,16.971
4728,2.19,19.341,17.151
4729,2.18,19.295,17.115
4730,2.46,19.341,16.881
4731,2.11,19.295,17.185
4732,2.34,19.389,17.049
4733,2.39,19.295,16.905
4734,1.35,19.229,17.879
4735,2.42,19.163,16.743
4736,3.03,19.253,16.223
4737,2.79,19.229,16.439
4738,2.44,19.183,16.743
4739,4.15,19.207,15.057
4740,2.77,19.096,16.326
4741,2.47,19.207,16.737
4742,2.46,19.096,16.636
4743,3.51,19.096,15.586
4744,3.82,19.096,15.276
4745,4.41,19.207,14.797
4746,5.05,19.207,14.157
4747,3.13,19.207,16.077
4748,3.19,19.207,16.017
4749,4.0,19.207,15.207
4750,2.82,19.207,16.387
4751,3.34,19.253,15.913
4752,3.95,19.253,15.303
4753,2.68,19.253,16.573
4754,2.73,19.253,16.523
4755,3.65,19.207,15.557
4756,12.79,19.207,6.417
4757,1.67,19.207,17.537
4758,3.44,19.207,15.767
4759,3.7,19.207,15.507
4760,3.37,19.207,15.837
4761,2.88,19.207,16.327
4762,3.41,19.207,15.797
4763,2.71,19.207,16.497
4764,2.78,19.183,16.403
4765,3.24,19.183,15.943
4766,2.44,19.163,16.723
4767,2.19,19.183,16.993
4768,3.01,19.183,16.173
4769,3.05,19.183,16.133
4770,2.85,19.183,16.333
4771,4.45,19.163,14.713
4772,3.17,19.163,15.993
4773,2.2,19.163,16.963
4774,2.83,19.163,16.333
4775,2.41,19.163,16.753
4776,3.44,19.186,15.746
4777,3.41,19.186,15.776
4778,3.9,19.186,15.286
4779,3.48,19.389,15.909
4780,3.81,19.389,15.579
4781,2.59,19.389,16.799
4782,8.37,19.389,11.019
4783,6.3,19.389,13.089
4784,10.49,19.295,8.805
4785,2.92,19.295,16.375
4786,3.31,19.295,15.985
4787,3.47,19.295,15.825
4788,2.78,19.341,16.561
4789,3.07,19.341,16.271
4790,3.43,18.994,15.564
4791,3.28,18.994,15.714
4792,3.38,18.994,15.614
4793,3.16,18.994,15.834
4794,3.83,18.994,15.164
4795,3.05,18.994,15.944
4796,3.87,18.994,15.124
4797,3.06,18.994,15.934
4798,2.69,18.994,16.304
4799,2.9,18.994,16.094
4800,3.6,18.994,15.394
4801,2.94,18.994,16.054
4802,3.01,18.994,15.984
4803,4.28,18.994,14.714
4804,2.86,19.295,16.435
4805,3.59,19.389,15.799
4806,2.78,19.163,16.383
4807,2.08,19.183,17.103
4808,2.83,19.096,16.266
4809,2.8,19.104,16.304
4810,4.88,19.104,14.224
4811,2.98,19.104,16.124
4812,3.33,19.104,15.774
4813,2.85,19.18,16.33
4814,4.48,19.18,14.7
4815,2.71,18.746,16.036
4816,2.75,17.557,14.807
4817,2.92,16.736,13.816
4818,3.13,16.92,13.79
4819,3.19,14.504,11.314
4820,3.18,16.861,13.681
4821,2.63,14.732,12.102
4822,3.08,14.732,11.652
4823,2.78,14.527,11.747
4824,2.9,14.249,11.349
4825,3.1,13.597,10.497
4826,2.16,12.95,10.79
4827,2.95,13.128,10.178
4828,3.02,12.95,9.93
4829,2.84,13.128,10.288
4830,1.44,13.597,12.157
4831,2.65,13.128,10.478
4832,2.61,13.128,10.518
4833,2.47,13.128,10.658
4834,2.28,13.312,11.032
4835,2.83,13.312,10.482
4836,3.07,13.17,10.1
4837,2.9,13.17,10.27
4838,2.69,12.95,10.26
4839,3.24,13.597,10.357
4840,2.7,14.355,11.655
4841,4.78,14.732,9.952
4842,3.19,14.732,11.542
4843,3.01,16.741,13.731
4844,2.75,16.742,13.992
4845,3.69,16.742,13.052
4846,2.49,16.742,14.252
4847,3.73,16.742,13.012
4848,3.46,16.742,13.282
4849,7.14,16.711,9.571
4850,3.91,16.711,12.801
4851,4.76,16.736,11.976
4852,3.51,16.736,13.226
4853,3.25,16.736,13.486
4854,4.89,17.557,12.667
4855,4.42,16.757,12.337
4856,2.62,17.566,14.946
4857,2.18,17.618,15.438
4858,3.78,17.618,13.838
4859,3.52,16.797,13.277
4860,3.43,17.618,14.188
4861,4.91,17.618,12.708
4862,5.21,18.692,13.482
4863,3.14,18.692,15.552
4864,2.91,18.692,15.782
4865,3.11,18.692,15.582
4866,5.36,17.671,12.311
4867,6.7,18.692,11.992
4868,3.32,19.033,15.713
4869,12.51,18.692,6.182
4870,2.55,19.033,16.483
4871,3.38,19.033,15.653
4872,2.61,19.18,16.57
4873,3.07,19.18,16.11
4874,3.22,19.18,15.96
4875,2.75,19.18,16.43
4876,4.16,19.18,15.02
4877,2.51,19.096,16.586
4878,3.43,19.104,15.674
4879,3.42,19.104,15.684
4880,3.21,19.104,15.894
4881,2.79,19.104,16.314
4882,2.54,19.104,16.564
4883,4.11,19.104,14.994
4884,2.63,19.096,16.466
4885,3.26,19.096,15.836
4886,6.06,19.096,13.036
4887,4.26,19.096,14.836
4888,2.38,19.096,16.716
4889,3.07,19.207,16.137
4890,3.82,19.197,15.377
4891,3.02,19.197,16.177
4892,3.47,19.197,15.727
4893,3.89,19.197,15.307
4894,3.12,19.157,16.037
4895,1.9,19.157,17.257
4896,1.47,19.157,17.687
4897,1.46,19.157,17.697
4898,4.38,19.189,14.809
4899,2.23,19.136,16.906
4900,2.42,19.189,16.769
4901,2.42,19.189,16.769
4902,2.93,19.096,16.166
4903,2.26,19.142,16.882
4904,2.53,17.652,15.122
4905,2.15,16.822,14.672
4906,2.03,17.162,15.132
4907,2.6,19.365,16.765
4908,2.81,19.608,16.798
4909,2.36,22.299,19.939
4910,2.77,20.033,17.263
4911,7.81,22.71,14.9
4912,3.73,22.28,18.55
4913,2.8,21.821,19.021
4914,3.26,20.149,16.889
4915,2.43,18.107,15.677
4916,2.98,19.581,16.601
4917,2.28,17.956,15.676
4918,2.14,15.86,13.72
4919,2.78,14.761,11.981
4920,8.22,14.643,6.423
4921,3.31,14.848,11.538
4922,8.83,15.139,6.309
4923,2.85,14.828,11.978
4924,3.25,15.881,12.631
4925,2.39,14.848,12.458
4926,2.7,15.311,12.611
4927,3.06,15.515,12.455
4928,2.29,14.412,12.122
4929,2.17,13.486,11.316
4930,2.77,13.401,10.631
4931,2.62,13.439,10.819
4932,2.5,10.462,7.962
4933,2.7,10.347,7.647
4934,2.3,11.646,9.346
4935,2.86,12.874,10.014
4936,3.73,12.684,8.954
4937,3.06,11.533,8.473
4938,2.93,11.337,8.407
4939,2.82,12.329,9.509
4940,2.92,12.427,9.507
4941,3.34,11.541,8.201
4942,3.94,9.832,5.892
4943,2.72,10.993,8.273
4944,3.38,9.919,6.539
4945,2.4,11.965,9.565
4946,3.1,12.178,9.078
4947,2.83,12.695,9.865
4948,3.67,12.928,9.258
4949,2.81,12.331,9.521
4950,3.15,12.136,8.986
4951,3.12,12.318,9.198
4952,4.44,12.444,8.004
4953,3.04,12.522,9.482
4954,3.17,12.527,9.357
4955,3.17,13.44,10.27
4956,2.87,13.921,11.051
4957,4.12,13.921,9.801
4958,2.5,13.942,11.442
4959,3.95,14.009,10.059
4960,4.01,14.612,10.602
4961,3.9,13.942,10.042
4962,8.72,14.228,5.508
4963,2.89,14.363,11.473
4964,2.9,14.631,11.731
4965,2.59,14.626,12.036
4966,3.03,17.568,14.538
4967,3.81,19.611,15.801
4968,3.3,18.992,15.692
4969,3.63,18.465,14.835
4970,2.98,19.522,16.542
4971,2.76,19.352,16.592
4972,3.34,19.198,15.858
4973,4.53,20.941,16.411
4974,3.29,22.632,19.342
4975,3.16,22.688,19.528
4976,3.48,22.425,18.945
4977,2.55,22.834,20.284
4978,5.33,22.834,17.504
4979,3.63,16.954,13.324
4980,2.75,17.026,14.276
4981,2.97,16.78,13.81
4982,3.54,16.78,13.24
4983,3.2,16.837,13.637
4984,3.72,16.799,13.079
4985,3.79,16.799,13.009
4986,4.65,16.72,12.07
4987,4.5,16.72,12.22
4988,3.34,17.74,14.4
4989,3.14,18.662,15.522
4990,4.21,18.626,14.416
4991,3.31,18.626,15.316
4992,2.77,19.022,16.252
4993,2.53,19.022,16.492
4994,2.84,18.626,15.786
4995,2.8,17.763,14.963
4996,2.81,17.07,14.26
4997,2.82,17.246,14.426
4998,2.92,18.377,15.457
4999,2.9,18.256,15.356
5000,3.36,17.986,14.626
5001,3.72,19.008,15.288
5002,2.61,19.259,16.649
5003,3.13,19.898,16.768
5004,3.02,18.836,15.816
5005,4.25,18.836,14.586
5006,5.09,18.836,13.746
5007,2.66,18.763,16.103
5008,2.69,18.836,16.146
5009,6.19,18.589,12.399
5010,4.43,17.935,13.505
5011,2.84,18.445,15.605
5012,3.52,15.833,12.313
5013,4.25,13.442,9.192
5014,2.89,10.768,7.878
5015,2.87,12.272,9.402
5016,2.31,10.712,8.402
5017,2.64,11.605,8.965
5018,2.43,10.867,8.437
5019,3.26,11.847,8.587
5020,2.53,12.254,9.724
5021,2.82,12.576,9.756
5022,2.24,12.765,10.525
5023,2.35,10.381,8.031
5024,1.39,11.932,10.542
5025,2.56,11.793,9.233
5026,2.11,12.605,10.495
5027,2.51,12.566,10.056
5028,2.95,12.928,9.978
5029,2.63,9.974,7.344
5030,2.89,12.636,9.746
5031,4.05,10.275,6.225
5032,2.15,11.805,9.655
5033,3.06,10.941,7.881
5034,2.44,10.683,8.243
5035,4.48,8.916,4.436
5036,2.87,9.548,6.678
5037,2.78,9.81,7.03
5038,3.37,12.723,9.353
5039,2.59,13.007,10.417
5040,2.21,13.591,11.381
5041,2.98,11.868,8.888
5042,2.33,10.444,8.114
5043,2.96,10.444,7.484
5044,2.34,11.238,8.898
5045,2.69,11.663,8.973
5046,6.76,11.362,4.602
5047,2.72,11.908,9.188
5048,3.31,11.341,8.031
5049,2.97,11.513,8.543
5050,2.81,11.345,8.535
5051,2.61,12.198,9.588
5052,3.95,12.318,8.368
5053,3.01,12.232,9.222
5054,2.97,12.318,9.348
5055,4.35,12.498,8.148
5056,3.55,12.438,8.888
5057,3.45,12.522,9.072
5058,2.77,12.715,9.945
5059,2.21,13.531,11.321
5060,2.1,13.921,11.821
5061,2.83,13.921,11.091
5062,3.0,13.942,10.942
5063,2.48,13.942,11.462
5064,3.03,13.942,10.912
5065,3.1,14.363,11.263
5066,3.11,14.822,11.712
5067,2.84,14.883,12.043
5068,2.11,14.626,12.516
5069,4.14,14.631,10.491
5070,2.53,14.631,12.101
5071,2.33,17.363,15.033
5072,2.56,14.626,12.066
5073,2.17,15.069,12.899
5074,2.48,17.568,15.088
5075,2.82,17.993,15.173
5076,2.54,17.55,15.01
5077,3.1,18.992,15.892
5078,3.13,18.992,15.862
5079,2.54,19.611,17.071
5080,2.44,19.632,17.192
5081,4.05,19.632,15.582
5082,3.67,18.883,15.213
5083,7.16,18.691,11.531
5084,4.64,18.365,13.725
5085,3.44,17.696,14.256
5086,3.62,16.35,12.73
5087,2.83,16.35,13.52
5088,4.38,16.35,11.97
5089,4.2,15.609,11.409
5090,3.93,15.992,12.062
5091,4.19,16.298,12.108
5092,3.09,13.668,10.578
5093,3.74,13.854,10.114
5094,3.93,13.668,9.738
5095,2.64,14.07,11.43
5096,2.9,15.069,12.169
5097,3.12,14.228,11.108
5098,3.05,13.688,10.638
5099,3.16,13.827,10.667
5100,3.39,13.827,10.437
5101,2.8,12.217,9.417
5102,2.87,12.467,9.597
5103,2.68,13.894,11.214
5104,2.73,12.686,9.956
5105,2.87,12.467,9.597
5106,2.47,12.4,9.93
5107,2.69,12.13,9.44
5108,2.21,12.328,10.118
5109,2.51,12.566,10.056
5110,2.99,12.79,9.8
5111,2.54,12.587,10.047
5112,2.27,12.039,9.769
5113,2.51,11.838,9.328
5114,2.24,11.823,9.583
5115,2.28,9.933,7.653
5116,2.72,10.506,7.786
5117,2.69,11.224,8.534
5118,2.58,12.367,9.787
5119,2.47,12.101,9.631
5120,2.5,12.163,9.663
5121,2.74,12.072,9.332
5122,2.42,10.859,8.439
5123,2.58,10.254,7.674
5124,2.4,10.08,7.68
5125,2.57,10.625,8.055
5126,2.71,9.829,7.119
5127,2.39,9.556,7.166
5128,3.5,8.556,5.056
5129,2.9,7.912,5.012
5130,3.29,7.809,4.519
5131,4.93,9.258,4.328
5132,3.14,9.391,6.251
5133,3.3,8.928,5.628
5134,2.73,8.928,6.198
5135,2.91,8.793,5.883
5136,3.29,8.668,5.378
5137,2.84,8.798,5.958
5138,3.33,8.8,5.47
5139,3.45,9.137,5.687
5140,2.37,9.139,6.769
5141,3.03,9.139,6.109
5142,2.92,9.142,6.222
5143,2.88,9.142,6.262
5144,2.66,7.541,4.881
5145,2.92,7.503,4.583
5146,2.97,7.395,4.425
5147,2.96,8.193,5.233
5148,4.99,8.642,3.652
5149,3.49,8.618,5.128
5150,2.2,8.979,6.779
5151,2.6,8.988,6.388
5152,2.68,9.995,7.315
5153,2.63,10.005,7.375
5154,2.48,10.005,7.525
5155,2.44,9.369,6.929
5156,2.46,9.346,6.886
5157,3.35,9.161,5.811
5158,2.56,9.161,6.601
5159,2.66,9.88,7.22
5160,2.51,10.101,7.591
5161,2.66,10.526,7.866
5162,2.76,10.49,7.73
5163,3.09,12.11,9.02
5164,2.48,12.241,9.761
5165,3.04,12.322,9.282
5166,4.34,13.592,9.252
5167,2.58,16.779,14.199
5168,2.83,16.545,13.715
5169,2.67,16.545,13.875
5170,2.92,16.45,13.53
5171,2.87,16.545,13.675
5172,3.34,16.545,13.205
5173,3.01,16.45,13.44
5174,2.3,16.45,14.15
5175,3.45,16.765,13.315
5176,3.55,16.765,13.215
5177,6.55,16.765,10.215
5178,2.8,16.638,13.838
5179,1.97,16.304,14.334
5180,3.26,16.765,13.505
5181,9.56,16.45,6.89
5182,3.27,17.703,14.433
5183,2.83,16.605,13.775
5184,3.34,18.813,15.473
5185,2.98,17.703,14.723
5186,4.66,17.703,13.043
5187,2.62,16.605,13.985
5188,2.78,17.703,14.923
5189,3.62,16.155,12.535
5190,3.19,16.155,12.965
5191,2.7,16.133,13.433
5192,3.28,16.237,12.957
5193,3.21,16.237,13.027
5194,3.06,10.905,7.845
5195,3.48,8.182,4.702
5196,3.22,8.968,5.748
5197,3.25,9.161,5.911
5198,2.87,8.456,5.586
5199,3.8,8.071,4.271
5200,2.94,7.766,4.826
5201,3.23,8.469,5.239
5202,3.08,10.905,7.825
5203,3.36,8.199,4.839
5204,2.94,7.928,4.988
5205,3.07,9.377,6.307
5206,2.73,9.315,6.585
5207,2.2,7.645,5.445
5208,2.42,7.661,5.241
5209,2.38,8.891,6.511
5210,2.19,7.523,5.333
5211,1.27,7.426,6.156
5212,2.25,7.426,5.176
5213,2.25,7.641,5.391
5214,1.03,8.625,7.595
5215,2.06,7.412,5.352
5216,1.91,8.231,6.321
5217,2.32,7.575,5.255
5218,1.88,7.412,5.532
5219,1.91,7.412,5.502
5220,2.11,7.544,5.434
5221,1.96,7.412,5.452
5222,2.35,7.541,5.191
5223,2.41,7.503,5.093
5224,2.66,7.601,4.941
5225,1.52,7.606,6.086
5226,2.7,7.513,4.813
5227,2.67,7.725,5.055
5228,2.3,7.785,5.485
5229,3.88,7.866,3.986
5230,2.9,8.002,5.102
5231,2.81,8.002,5.192
5232,2.74,8.877,6.137
5233,2.53,10.063,7.533
5234,2.74,8.877,6.137
5235,5.06,10.041,4.981
5236,2.78,12.569,9.789
5237,2.08,16.182,14.102
5238,2.81,12.582,9.772
5239,2.64,12.547,9.907
5240,3.33,16.248,12.918
5241,4.89,16.248,11.358
5242,2.61,16.328,13.718
5243,2.9,16.328,13.428
5244,2.82,16.328,13.508
5245,2.57,18.664,16.094
5246,2.76,15.959,13.199
5247,2.39,15.959,13.569
5248,20.82,11.586,-9.234
5249,6.98,11.562,4.582
5250,2.65,15.959,13.309
5251,3.08,15.959,12.879
5252,5.79,16.074,10.284
5253,3.01,15.866,12.856
5254,2.48,16.35,13.87
5255,3.13,17.43,14.3
5256,3.1,18.664,15.564
5257,2.71,19.027,16.317
5258,3.12,19.258,16.138
5259,2.72,19.027,16.307
5260,2.73,18.664,15.934
5261,2.69,18.664,15.974
5262,3.46,18.664,15.204
5263,2.88,18.664,15.784
5264,3.91,18.664,14.754
5265,3.12,18.664,15.544
5266,3.4,18.664,15.264
5267,2.94,19.027,16.087
5268,3.07,18.664,15.594
5269,2.88,19.027,16.147
5270,2.97,19.017,16.047
5271,2.99,19.017,16.027
5272,2.74,19.258,16.518
5273,2.83,19.247,16.417
5274,2.92,19.247,16.327
5275,3.46,19.209,15.749
5276,2.9,19.209,16.309
5277,2.48,19.22,16.74
5278,3.01,19.209,16.199
5279,2.5,19.22,16.72
5280,4.51,19.22,14.71
5281,3.28,19.258,15.978
5282,2.93,19.258,16.328
5283,3.49,19.027,15.537
5284,2.94,18.664,15.724
5285,2.08,17.43,15.35
5286,3.4,16.328,12.928
5287,2.96,12.432,9.472
5288,2.53,9.711,7.181
5289,2.91,9.297,6.387
5290,2.85,9.554,6.704
5291,2.87,9.119,6.249
5292,2.57,9.119,6.549
5293,2.81,9.051,6.241
5294,2.56,8.939,6.379
5295,2.52,8.83,6.31
5296,2.56,8.657,6.097
5297,3.61,8.49,4.88
5298,2.12,8.53,6.41
5299,2.38,8.49,6.11
5300,2.1,8.467,6.367
5301,2.11,8.409,6.299
5302,2.38,8.577,6.197
5303,1.61,8.375,6.765
5304,2.72,8.377,5.657
5305,2.25,8.647,6.397
5306,2.29,8.692,6.402
5307,2.87,8.684,5.814
5308,2.74,8.826,6.086
5309,2.86,9.302,6.442
5310,2.75,9.938,7.188
5311,1.8,10.689,8.889
5312,2.42,10.617,8.197
5313,3.15,11.033,7.883
5314,3.99,11.033,7.043
5315,3.61,10.407,6.797
5316,3.67,9.059,5.389
5317,2.33,9.115,6.785
5318,3.29,8.734,5.444
5319,3.7,8.608,4.908
5320,3.05,8.714,5.664
5321,2.98,8.714,5.734
5322,2.69,8.575,5.885
5323,2.89,8.601,5.711
5324,3.43,8.601,5.171
5325,2.43,8.268,5.838
5326,2.68,8.316,5.636
5327,3.84,8.481,4.641
5328,2.06,8.502,6.442
5329,3.16,8.776,5.616
5330,3.0,8.776,5.776
5331,2.72,8.805,6.085
5332,2.95,8.737,5.787
5333,2.94,8.767,5.827
5334,3.21,8.668,5.458
5335,2.04,8.668,6.628
5336,3.17,8.668,5.498
5337,3.23,8.733,5.503
5338,3.14,8.751,5.611
5339,2.6,8.8,6.2
5340,3.51,8.806,5.296
5341,2.13,9.142,7.012
5342,2.33,9.142,6.812
5343,2.56,9.383,6.823
5344,2.66,9.377,6.717
5345,2.98,9.47,6.49
5346,3.17,9.47,6.3
5347,2.58,9.463,6.883
5348,2.63,7.928,5.298
5349,2.99,7.928,4.938
5350,2.82,7.785,4.965
5351,2.6,8.002,5.402
5352,2.72,8.469,5.749
5353,2.57,8.323,5.753
5354,1.96,9.194,7.234
5355,2.45,12.281,9.831
5356,3.26,12.765,9.505
5357,2.62,12.383,9.763
5358,3.7,12.841,9.141
5359,2.67,16.429,13.759
5360,2.76,16.631,13.871
5361,2.84,16.545,13.705
5362,2.95,16.755,13.805
5363,3.69,16.755,13.065
5364,4.13,16.779,12.649
5365,2.37,16.7,14.33
5366,2.67,16.7,14.03
5367,2.33,16.846,14.516
5368,2.61,17.818,15.208
5369,2.65,17.902,15.252
5370,2.59,17.935,15.345
5371,2.6,18.098,15.498
5372,3.25,17.935,14.685
5373,2.12,17.985,15.865
5374,1.01,18.098,17.088
5375,2.17,18.889,16.719
5376,1.72,17.042,15.322
5377,1.77,17.004,15.234
5378,1.91,17.042,15.132
5379,1.79,17.017,15.227
5380,1.65,17.017,15.367
5381,2.03,17.004,14.974
5382,1.77,17.004,15.234
5383,1.77,17.004,15.234
5384,1.69,17.927,16.237
5385,1.95,16.903,14.953
5386,1.75,12.61,10.86
5387,1.55,14.214,12.664
5388,1.8,13.613,11.813
5389,1.7,12.61,10.91
5390,1.45,11.437,9.987
5391,1.53,17.003,15.473
5392,1.43,14.031,12.601
5393,1.67,11.437,9.767
5394,1.55,14.214,12.664
5395,1.5,18.844,17.344
5396,1.48,19.127,17.647
5397,1.78,18.844,17.064
5398,1.73,17.085,15.355
5399,1.65,13.613,11.963
5400,1.85,13.613,11.763
5401,2.02,14.214,12.194
5402,2.05,11.767,9.717
5403,2.0,11.852,9.852
5404,1.89,11.437,9.547
5405,1.89,12.072,10.182
5406,1.66,12.879,11.219
5407,1.83,12.735,10.905
5408,1.81,16.944,15.134
5409,1.32,16.944,15.624
5410,1.66,16.742,15.082
5411,1.88,14.527,12.647
5412,2.25,16.944,14.694
5413,2.13,16.736,14.606
5414,2.69,17.812,15.122
5415,3.65,17.557,13.907
5416,2.21,16.742,14.532
5417,2.38,14.732,12.352
5418,2.47,13.597,11.127
5419,2.09,13.227,11.137
5420,2.45,13.668,11.218
5421,2.1,16.519,14.419
5422,2.51,15.726,13.216
5423,1.9,15.668,13.768
5424,2.19,16.769,14.579
5425,2.81,17.618,14.808
5426,2.48,19.033,16.553
5427,1.7,19.033,17.333
5428,2.55,19.18,16.63
5429,2.52,19.18,16.66
5430,2.97,19.18,16.21
5431,2.33,19.18,16.85
5432,2.5,19.104,16.604
5433,4.78,19.104,14.324
5434,2.71,19.096,16.386
5435,2.59,19.096,16.506
5436,2.67,19.096,16.426
5437,2.45,19.096,16.646
5438,2.59,19.104,16.514
5439,2.29,19.104,16.814
5440,2.18,19.104,16.924
5441,2.46,19.18,16.72
5442,2.78,19.18,16.4
5443,2.42,19.18,16.76
5444,2.45,19.18,16.73
5445,2.32,19.18,16.86
5446,2.66,19.18,16.52
5447,2.39,19.142,16.752
5448,2.38,19.104,16.724
5449,2.77,19.104,16.334
5450,1.86,19.104,17.244
5451,2.28,19.104,16.824
5452,2.7,19.104,16.404
5453,3.11,19.104,15.994
5454,3.98,19.104,15.124
5455,2.63,19.096,16.466
5456,2.43,19.085,16.655
5457,3.14,19.085,15.945
5458,2.76,19.085,16.325
5459,2.8,19.225,16.425
5460,2.45,19.085,16.635
5461,2.26,19.178,16.918
5462,2.64,19.32,16.68
5463,2.44,19.381,16.941
5464,1.77,19.32,17.55
5465,2.06,19.365,17.305
5466,3.24,19.381,16.141
5467,2.14,19.365,17.225
5468,1.35,19.332,17.982
5469,3.23,19.332,16.102
5470,3.56,19.336,15.776
5471,2.69,18.73,16.04
5472,2.28,19.303,17.023
5473,2.1,19.303,17.203
5474,1.9,18.617,16.717
5475,1.95,19.221,17.271
5476,1.33,18.981,17.651
5477,2.14,19.103,16.963
5478,1.92,17.006,15.086
5479,2.05,17.125,15.075
5480,1.74,17.042,15.302
5481,1.66,17.006,15.346
5482,2.15,16.487,14.337
5483,1.77,17.556,15.786
5484,1.67,16.487,14.817
5485,1.78,17.392,15.612
5486,1.78,16.751,14.971
5487,1.85,16.376,14.526
5488,1.6,17.65,16.05
5489,1.79,17.735,15.945
5490,1.71,17.735,16.025
5491,1.7,17.65,15.95
5492,1.24,16.3,15.06
5493,1.7,16.374,14.674
5494,1.81,16.32,14.51
5495,1.79,16.404,14.614
5496,1.46,15.835,14.375
5497,1.8,15.835,14.035
5498,1.98,15.863,13.883
5499,2.21,15.636,13.426
5500,1.77,15.636,13.866
5501,2.46,15.324,12.864
5502,1.96,14.631,12.671
5503,1.99,14.696,12.706
5504,1.95,14.696,12.746
5505,1.55,15.207,13.657
5506,1.89,15.337,13.447
5507,2.21,16.61,14.4
5508,2.24,16.483,14.243
5509,2.98,17.048,14.068
5510,2.08,17.048,14.968
5511,2.36,17.272,14.912
5512,1.72,16.785,15.065
5513,1.66,15.222,13.562
5514,1.95,15.222,13.272
5515,2.29,14.76,12.47
5516,1.05,15.237,14.187
5517,1.61,15.907,14.297
5518,1.94,15.237,13.297
5519,2.01,15.307,13.297
5520,2.03,14.979,12.949
5521,2.23,15.845,13.615
5522,2.21,16.548,14.338
5523,2.28,16.532,14.252
5524,3.0,16.913,13.913
5525,2.19,16.877,14.687
5526,2.21,17.309,15.099
5527,3.0,18.21,15.21
5528,2.14,18.21,16.07
5529,2.49,17.675,15.185
5530,2.11,17.878,15.768
5531,2.2,17.798,15.598
5532,2.01,17.798,15.788
5533,2.16,17.643,15.483
5534,1.96,17.531,15.571
5535,1.95,16.895,14.945
5536,2.14,17.103,14.963
5537,2.0,17.589,15.589
5538,1.81,17.415,15.605
5539,2.01,17.862,15.852
5540,1.92,17.56,15.64
5541,3.04,17.213,14.173
5542,2.37,17.288,14.918
5543,2.26,16.857,14.597
5544,2.53,17.132,14.602
5545,1.07,16.639,15.569
5546,2.09,16.427,14.337
5547,2.22,15.921,13.701
5548,1.51,16.141,14.631
5549,2.17,15.902,13.732
5550,1.78,16.018,14.238
5551,2.04,16.156,14.116
5552,2.08,16.048,13.968
5553,1.85,16.16,14.31
5554,2.36,16.05,13.69
5555,1.64,16.16,14.52
5556,1.16,16.05,14.89
5557,1.75,16.102,14.352
5558,2.71,16.195,13.485
5559,2.38,16.394,14.014
5560,2.4,15.98,13.58
5561,2.23,16.019,13.789
5562,2.31,16.178,13.868
5563,2.81,16.053,13.243
5564,2.37,15.31,12.94
5565,1.89,15.656,13.766
5566,1.9,15.656,13.756
5567,1.81,15.734,13.924
5568,1.72,16.053,14.333
5569,1.72,15.912,14.192
5570,1.83,15.734,13.904
5571,1.96,15.355,13.395
5572,1.78,15.163,13.383
5573,0.93,15.68,14.75
5574,1.66,15.68,14.02
5575,1.82,15.676,13.856
5576,1.47,15.355,13.885
5577,1.54,15.656,14.116
5578,1.59,15.818,14.228
5579,1.58,16.084,14.504
5580,1.65,16.281,14.631
5581,1.56,16.281,14.721
5582,1.62,16.077,14.457
5583,1.52,16.084,14.564
5584,1.93,15.849,13.919
5585,1.81,15.067,13.257
5586,1.76,15.067,13.307
5587,1.93,15.067,13.137
5588,1.7,15.396,13.696
5589,0.9,14.861,13.961
5590,2.15,14.927,12.777
5591,2.15,15.115,12.965
5592,1.04,15.138,14.098
5593,1.81,15.114,13.304
5594,2.02,14.885,12.865
5595,2.15,14.743,12.593
5596,2.3,14.642,12.342
5597,2.13,14.642,12.512
5598,2.46,15.41,12.95
5599,2.35,15.613,13.263
5600,2.37,15.613,13.243
5601,2.4,15.613,13.213
5602,4.75,15.463,10.713
5603,2.77,14.562,11.792
5604,2.88,14.562,11.682
5605,2.39,14.503,12.113
5606,2.51,14.525,12.015
5607,1.97,14.374,12.404
5608,2.28,14.374,12.094
5609,2.59,14.374,11.784
5610,2.74,14.374,11.634
5611,2.4,14.407,12.007
5612,2.44,14.763,12.323
5613,2.4,14.29,11.89
5614,3.59,15.085,11.495
5615,3.02,14.994,11.974
5616,3.28,14.994,11.714
5617,3.33,15.23,11.9
5618,2.76,15.291,12.531
5619,2.21,15.23,13.02
5620,2.51,15.23,12.72
5621,2.99,15.23,12.24
5622,3.03,15.449,12.419
5623,3.04,15.23,12.19
5624,2.63,15.715,13.085
5625,2.32,15.195,12.875
5626,2.0,15.195,13.195
5627,2.25,15.134,12.884
5628,2.08,15.134,13.054
5629,3.88,15.191,11.311
5630,2.5,15.193,12.693
5631,2.33,14.969,12.639
5632,3.4,15.193,11.793
5633,3.01,15.193,12.183
5634,2.25,15.193,12.943
5635,2.84,14.969,12.129
5636,2.28,15.323,13.043
5637,2.59,15.226,12.636
5638,2.81,15.09,12.28
5639,2.46,15.323,12.863
5640,2.23,15.038,12.808
5641,2.15,14.647,12.497
5642,1.96,14.777,12.817
5643,2.91,15.04,12.13
5644,1.91,15.081,13.171
5645,2.14,14.949,12.809
5646,2.64,15.126,12.486
5647,3.31,15.126,11.816
5648,2.4,14.968,12.568
5649,2.71,15.323,12.613
5650,1.9,14.781,12.881
5651,2.39,14.781,12.391
5652,2.43,14.943,12.513
5653,1.9,15.156,13.256
5654,2.43,15.057,12.627
5655,2.89,14.943,12.053
5656,2.74,14.781,12.041
5657,2.52,15.156,12.636
5658,3.61,15.072,11.462
5659,2.21,15.072,12.862
5660,2.22,14.699,12.479
5661,1.56,14.866,13.306
5662,2.32,14.866,12.546
5663,1.81,14.866,13.056
5664,1.99,14.738,12.748
5665,2.26,14.738,12.478
5666,1.73,15.189,13.459
5667,4.0,15.189,11.189
5668,2.09,15.189,13.099
5669,1.89,15.189,13.299
5670,2.13,15.433,13.303
5671,2.02,15.741,13.721
5672,2.94,15.741,12.801
5673,2.07,15.789,13.719
5674,2.23,15.721,13.491
5675,2.14,15.878,13.738
5676,1.73,15.789,14.059
5677,2.12,15.684,13.564
5678,2.53,15.801,13.271
5679,2.7,15.817,13.117
5680,3.06,15.978,12.918
5681,2.0,15.808,13.808
5682,2.14,15.808,13.668
5683,1.67,15.808,14.138
5684,1.39,15.684,14.294
5685,1.77,15.684,13.914
5686,1.54,15.899,14.359
5687,1.59,15.74,14.15
5688,1.67,15.74,14.07
5689,1.82,15.684,13.864
5690,1.77,15.74,13.97
5691,2.54,16.178,13.638
5692,2.07,17.319,15.249
5693,2.61,16.424,13.814
5694,1.23,17.471,16.241
5695,6.92,17.471,10.551
5696,2.52,16.424,13.904
5697,2.86,15.744,12.884
5698,2.68,15.859,13.179
5699,3.95,15.859,11.909
5700,3.04,15.921,12.881
5701,6.21,17.529,11.319
5702,2.35,17.024,14.674
5703,3.13,16.277,13.147
5704,2.77,17.94,15.17
5705,3.09,17.267,14.177
5706,2.74,17.94,15.2
5707,3.03,17.512,14.482
5708,2.35,17.266,14.916
5709,2.9,17.26,14.36
5710,3.61,16.727,13.117
5711,2.33,16.567,14.237
5712,6.6,16.159,9.559
5713,8.03,15.784,7.754
5714,2.73,14.882,12.152
5715,2.72,14.828,12.108
5716,2.15,15.066,12.916
5717,2.42,15.433,13.013
5718,5.42,15.53,10.11
5719,1.71,16.091,14.381
5720,2.74,16.091,13.351
5721,2.96,15.993,13.033
5722,2.04,16.281,14.241
5723,1.8,15.846,14.046
5724,2.83,16.227,13.397
5725,2.02,16.227,14.207
5726,2.74,15.873,13.133
5727,2.42,16.227,13.807
5728,2.66,16.27,13.61
5729,2.36,16.153,13.793
5730,3.01,16.153,13.143
5731,2.18,16.227,14.047
5732,2.47,16.227,13.757
5733,0.76,16.227,15.467
5734,2.73,15.505,12.775
5735,2.06,15.457,13.397
5736,1.89,15.274,13.384
5737,2.21,15.197,12.987
5738,1.67,15.142,13.472
5739,1.62,15.97,14.35
5740,1.69,15.97,14.28
5741,9.78,15.97,6.19
5742,2.52,15.354,12.834
5743,1.79,15.28,13.49
5744,2.03,15.56,13.53
5745,1.94,15.28,13.34
5746,1.79,15.611,13.821
5747,1.68,15.288,13.608
5748,1.83,15.288,13.458
5749,1.88,15.217,13.337
5750,2.05,15.485,13.435
5751,1.28,15.335,14.055
5752,1.73,15.485,13.755
5753,1.75,15.244,13.494
5754,2.06,15.229,13.169
5755,2.04,15.229,13.189
5756,2.17,15.335,13.165
5757,2.49,15.335,12.845
5758,2.66,15.35,12.69
5759,1.88,14.712,12.832
5760,1.95,15.35,13.4
5761,1.83,15.35,13.52
5762,2.14,15.244,13.104
5763,3.48,15.229,11.749
5764,2.2,15.217,13.017
5765,1.72,15.948,14.228
5766,1.86,16.153,14.293
5767,1.77,16.153,14.383
5768,1.72,15.741,14.021
5769,2.15,15.808,13.658
5770,2.13,15.801,13.671
5771,1.95,15.801,13.851
5772,1.51,15.962,14.452
5773,1.8,15.962,14.162
5774,2.01,15.962,13.952
5775,9.98,15.993,6.013
5776,5.3,15.993,10.693
5777,2.11,16.036,13.926
5778,0.46,16.091,15.631
5779,1.85,15.53,13.68
5780,2.02,15.993,13.973
5781,1.74,15.993,14.253
5782,1.84,15.53,13.69
5783,1.88,16.036,14.156
5784,1.77,15.53,13.76
5785,1.72,15.53,13.81
5786,1.76,16.036,14.276
5787,1.96,16.091,14.131
5788,1.66,16.091,14.431
5789,2.34,15.066,12.726
5790,2.35,15.53,13.18
5791,0.97,14.058,13.088
5792,2.7,14.058,11.358
5793,2.96,14.058,11.098
5794,2.45,14.058,11.608
5795,3.3,14.058,10.758
5796,2.63,14.629,11.999
5797,1.61,14.212,12.602
5798,3.32,14.212,10.892
5799,2.75,15.08,12.33
5800,2.6,15.695,13.095
5801,3.09,16.408,13.318
5802,3.7,16.408,12.708
5803,2.78,15.695,12.915
5804,2.47,16.263,13.793
5805,2.45,15.991,13.541
5806,2.83,15.916,13.086
5807,2.61,15.548,12.938
5808,3.57,15.08,11.51
5809,2.02,15.08,13.06
5810,1.91,14.533,12.623
5811,2.7,14.533,11.833
5812,1.51,14.67,13.16
5813,2.24,14.702,12.462
5814,2.72,14.558,11.838
5815,2.21,14.702,12.492
5816,4.01,14.625,10.615
5817,1.29,14.465,13.175
5818,2.8,14.465,11.665
5819,1.77,14.996,13.226
5820,1.5,14.996,13.496
5821,2.15,14.794,12.644
5822,2.49,15.09,12.6
5823,2.32,15.09,12.77
5824,4.06,15.367,11.307
5825,2.15,14.383,12.233
5826,2.03,14.296,12.266
5827,1.4,14.383,12.983
5828,1.88,14.549,12.669
5829,2.53,14.549,12.019
5830,2.33,14.549,12.219
5831,2.87,14.98,12.11
5832,2.76,15.105,12.345
5833,2.01,15.373,13.363
5834,1.86,15.551,13.691
5835,2.43,15.551,13.121
5836,2.31,15.551,13.241
5837,2.08,15.782,13.702
5838,1.83,16.153,14.323
5839,2.26,15.457,13.197
5840,1.91,15.457,13.547
5841,2.13,15.519,13.389
5842,1.86,15.519,13.659
5843,1.74,15.443,13.703
5844,1.81,15.552,13.742
5845,1.9,15.532,13.632
5846,1.59,15.532,13.942
5847,1.9,15.532,13.632
5848,2.31,15.515,13.205
5849,1.87,15.812,13.942
5850,1.93,15.217,13.287
5851,1.75,15.35,13.6
5852,1.85,15.378,13.528
5853,1.76,15.378,13.618
5854,1.71,15.378,13.668
5855,1.79,15.378,13.588
5856,1.83,15.229,13.399
5857,1.94,15.378,13.438
5858,1.59,15.375,13.785
5859,1.72,15.459,13.739
5860,1.62,15.348,13.728
5861,1.53,15.56,14.03
5862,1.71,15.442,13.732
5863,1.67,15.217,13.547
5864,1.44,15.459,14.019
5865,1.55,15.459,13.909
5866,1.68,15.288,13.608
5867,1.87,15.705,13.835
5868,1.58,15.3,13.72
5869,1.68,15.3,13.62
5870,1.88,15.3,13.42
5871,1.54,15.197,13.657
5872,1.77,15.505,13.735
5873,1.84,15.789,13.949
5874,1.65,15.721,14.071
5875,1.79,15.756,13.966
5876,1.64,15.846,14.206
5877,1.61,15.846,14.236
5878,1.72,15.756,14.036
5879,1.68,15.817,14.137
5880,1.57,15.643,14.073
5881,1.66,15.559,13.899
5882,1.49,15.057,13.567
5883,1.59,15.057,13.467
5884,1.76,15.304,13.544
5885,1.9,15.516,13.616
5886,1.48,15.637,14.157
5887,1.79,15.384,13.594
5888,1.56,15.721,14.161
5889,1.92,15.817,13.897
5890,2.51,15.811,13.301
5891,6.32,15.817,9.497
5892,2.24,15.953,13.713
5893,1.92,15.953,14.033
5894,2.82,15.953,13.133
5895,2.87,15.926,13.056
5896,2.11,15.926,13.816
5897,2.24,15.789,13.549
5898,2.02,15.789,13.769
5899,1.77,16.153,14.383
5900,2.0,15.505,13.505
5901,1.35,15.505,14.155
5902,2.23,15.457,13.227
5903,1.39,15.669,14.279
5904,2.05,15.669,13.619
5905,2.08,15.519,13.439
5906,1.01,15.519,14.509
5907,1.86,15.519,13.659
5908,1.38,15.473,14.093
5909,1.9,15.473,13.573
5910,2.41,15.473,13.063
5911,2.53,15.519,12.989
5912,2.13,15.443,13.313
5913,2.24,15.443,13.203
5914,2.26,15.443,13.183
5915,2.46,15.359,12.899
5916,1.63,15.359,13.729
5917,2.2,15.359,13.159
5918,2.21,15.359,13.149
5919,2.7,15.359,12.659
5920,2.84,15.359,12.519
5921,2.17,15.359,13.189
5922,2.27,15.359,13.089
5923,2.4,15.532,13.132
5924,1.57,15.532,13.962
5925,2.55,15.532,12.982
5926,1.6,15.812,14.212
5927,2.32,15.812,13.492
5928,1.89,15.346,13.456
5929,2.16,15.346,13.186
5930,3.82,15.346,11.526
5931,2.81,15.217,12.407
5932,2.15,15.217,13.067
5933,2.26,15.217,12.957
5934,3.02,15.217,12.197
5935,2.05,15.375,13.325
5936,2.09,15.375,13.285
5937,2.21,15.375,13.165
5938,7.55,15.378,7.828
5939,1.77,15.375,13.605
5940,2.22,15.375,13.155
5941,2.03,15.375,13.345
5942,2.16,15.229,13.069
5943,2.05,15.422,13.372
5944,1.75,15.5,13.75
5945,3.05,15.335,12.285
5946,3.72,15.335,11.615
5947,1.6,14.723,13.123
5948,4.01,14.769,10.759
5949,2.42,15.5,13.08
5950,2.74,15.5,12.76
5951,1.93,14.769,12.839
5952,2.32,14.769,12.449
5953,1.78,15.229,13.449
5954,1.8,15.229,13.429
5955,1.29,15.334,14.044
5956,1.33,15.422,14.092
5957,1.58,15.378,13.798
5958,1.16,15.217,14.057
5959,1.2,15.812,14.612
5960,1.35,15.948,14.598
5961,1.8,15.443,13.643
5962,1.33,15.789,14.459
5963,1.64,15.516,13.876
5964,1.54,15.846,14.306
5965,1.73,15.36,13.63
5966,1.59,15.105,13.515
5967,1.76,15.239,13.479
5968,1.68,15.517,13.837
5969,1.64,15.36,13.72
5970,1.63,15.259,13.629
5971,1.86,16.834,14.974
5972,2.15,15.778,13.628
5973,1.84,15.848,14.008
5974,3.21,15.138,11.928
5975,3.37,14.983,11.613
5976,1.64,14.596,12.956
5977,1.58,14.752,13.172
5978,1.65,14.54,12.89
5979,1.64,15.877,14.237
5980,1.52,16.186,14.666
5981,1.6,16.4,14.8
5982,1.75,16.654,14.904
5983,1.67,16.549,14.879
5984,1.9,16.416,14.516
5985,1.92,15.61,13.69
5986,1.82,15.559,13.739
5987,2.24,15.612,13.372
5988,2.98,15.593,12.613
5989,2.5,14.533,12.033
5990,2.21,14.468,12.258
5991,2.1,14.481,12.381
5992,2.61,14.54,11.93
5993,2.05,14.533,12.483
5994,2.17,14.54,12.37
5995,2.08,14.599,12.519
5996,3.61,14.816,11.206
5997,2.57,14.816,12.246
5998,2.82,14.395,11.575
5999,1.55,14.481,12.931
6000,22.51,14.753,-7.757
6001,2.81,14.753,11.943
6002,2.5,14.514,12.014
6003,2.37,14.994,12.624
6004,3.36,15.21,11.85
6005,1.68,15.449,13.769
6006,2.69,15.449,12.759
6007,2.65,15.287,12.637
6008,2.46,15.173,12.713
6009,1.89,15.011,13.121
6010,2.16,15.13,12.97
6011,2.43,15.13,12.7
6012,3.2,15.13,11.93
6013,3.73,15.09,11.36
6014,2.42,15.323,12.903
6015,2.07,15.323,13.253
6016,2.31,15.171,12.861
6017,2.46,15.289,12.829
6018,2.0,15.126,13.126
6019,2.79,15.013,12.223
6020,2.78,15.013,12.233
6021,1.93,15.36,13.43
6022,2.17,15.266,13.096
6023,1.98,15.184,13.204
6024,2.29,15.783,13.493
6025,2.48,15.433,12.953
6026,1.44,15.433,13.993
6027,1.68,15.433,13.753
6028,2.07,15.433,13.363
6029,1.95,15.433,13.483
6030,2.18,15.433,13.253
6031,1.72,15.756,14.036
6032,2.02,15.756,13.736
6033,1.92,15.756,13.836
6034,2.08,15.756,13.676
6035,3.41,15.789,12.379
6036,1.39,15.789,14.399
6037,1.92,15.926,14.006
6038,2.5,15.926,13.426
6039,2.18,15.878,13.698
6040,2.31,16.084,13.774
6041,2.5,16.084,13.584
6042,2.22,15.519,13.299
6043,2.2,15.519,13.319
6044,3.08,15.442,12.362
6045,2.29,15.527,13.237
6046,2.17,15.442,13.272
6047,2.27,15.574,13.304
6048,2.39,15.582,13.192
6049,1.91,15.641,13.731
6050,2.11,15.773,13.663
6051,1.72,15.7,13.98
6052,1.89,16.095,14.205
6053,1.8,16.083,14.283
6054,1.89,16.487,14.597
6055,2.1,16.341,14.241
6056,2.06,15.543,13.483
6057,1.91,15.356,13.446
6058,2.09,16.246,14.156
6059,3.19,17.0,13.81
6060,1.88,18.17,16.29
6061,1.79,17.4,15.61
6062,1.95,15.757,13.807
6063,1.92,15.897,13.977
6064,1.87,15.087,13.217
6065,1.85,14.522,12.672
6066,2.01,14.922,12.912
6067,1.29,14.732,13.442
6068,1.69,14.537,12.847
6069,3.61,14.532,10.922
6070,2.45,16.358,13.908
6071,2.99,16.455,13.465
6072,2.51,17.476,14.966
6073,2.47,15.914,13.444
6074,2.27,13.573,11.303
6075,2.09,14.556,12.466
6076,2.12,13.393,11.273
6077,1.93,12.379,10.449
6078,2.11,15.595,13.485
6079,1.88,15.339,13.459
6080,1.84,13.599,11.759
6081,2.26,15.721,13.461
6082,1.92,14.089,12.169
6083,2.19,14.111,11.921
6084,2.66,15.644,12.984
6085,3.19,15.725,12.535
6086,2.46,17.071,14.611
6087,2.34,15.996,13.656
6088,6.51,15.519,9.009
6089,1.24,15.547,14.307
6090,1.94,15.695,13.755
6091,1.46,15.554,14.094
6092,2.77,16.418,13.648
6093,1.63,17.29,15.66
6094,1.89,17.549,15.659
6095,1.75,16.524,14.774
6096,1.8,16.922,15.122
6097,1.65,15.603,13.953
6098,2.16,15.184,13.024
6099,1.47,15.22,13.75
6100,3.31,16.093,12.783
6101,2.07,15.719,13.649
6102,1.67,16.231,14.561
6103,1.6,15.868,14.268
6104,2.22,16.798,14.578
6105,2.68,17.672,14.992
6106,2.02,17.45,15.43
6107,1.89,17.205,15.315
6108,1.47,17.012,15.542
6109,2.25,17.108,14.858
6110,1.71,16.568,14.858
6111,1.81,16.842,15.032
6112,1.91,16.597,14.687
6113,1.46,15.592,14.132
6114,1.41,15.333,13.923
6115,2.46,16.89,14.43
6116,2.08,16.512,14.432
6117,1.61,15.63,14.02
6118,1.66,16.22,14.56
6119,1.47,15.916,14.446
6120,1.65,17.299,15.649
6121,1.68,19.479,17.799
6122,1.62,18.012,16.392
6123,1.82,17.372,15.552
6124,1.41,18.139,16.729
6125,1.32,18.649,17.329
6126,1.2,19.044,17.844
6127,1.2,18.649,17.449
6128,1.61,18.649,17.039
6129,1.3,18.824,17.524
6130,1.46,18.976,17.516
6131,1.07,19.691,18.621
6132,1.52,19.699,18.179
6133,1.23,19.667,18.437
6134,1.99,19.484,17.494
6135,1.73,19.048,17.318
6136,2.04,17.28,15.24
6137,2.06,18.702,16.642
6138,11.5,17.97,6.47
6139,1.8,19.58,17.78
6140,1.84,19.323,17.483
6141,1.85,17.812,15.962
6142,1.36,17.306,15.946
6143,1.15,17.484,16.334
6144,1.93,17.842,15.912
6145,0.5,18.478,17.978
6146,0.87,18.584,17.714
6147,1.51,19.891,18.381
6148,1.67,19.891,18.221
6149,2.05,19.692,17.642
6150,1.09,19.618,18.528
6151,1.57,19.618,18.048
6152,2.17,18.584,16.414
6153,1.17,19.304,18.134
6154,1.54,19.165,17.625
6155,1.05,18.284,17.234
6156,1.54,17.055,15.515
6157,1.35,17.171,15.821
6158,1.01,18.406,17.396
6159,1.13,19.009,17.879
6160,1.22,18.614,17.394
6161,0.99,18.949,17.959
6162,1.12,17.68,16.56
6163,1.41,18.229,16.819
6164,1.02,16.973,15.953
6165,1.05,17.103,16.053
6166,1.06,18.21,17.15
6167,1.18,18.112,16.932
6168,1.09,18.243,17.153
6169,1.22,19.413,18.193
6170,1.16,19.806,18.646
6171,1.29,19.468,18.178
6172,1.34,19.493,18.153
6173,1.35,18.98,17.63
6174,1.59,18.706,17.116
6175,1.54,18.942,17.402
6176,1.52,19.373,17.853
6177,1.7,18.942,17.242
6178,1.42,18.953,17.533
6179,1.92,19.487,17.567
6180,2.36,19.295,16.935
6181,1.63,18.706,17.076
6182,1.99,18.75,16.76
6183,2.06,20.161,18.101
6184,1.83,18.953,17.123
6185,2.14,17.647,15.507
6186,1.92,17.573,15.653
6187,4.63,18.953,14.323
6188,2.34,17.647,15.307
6189,2.89,18.984,16.094
6190,1.53,18.984,17.454
6191,2.29,19.062,16.772
6192,2.57,18.656,16.086
6193,1.73,19.159,17.429
6194,1.6,19.311,17.711
6195,1.52,19.028,17.508
6196,1.71,18.439,16.729
6197,2.09,18.357,16.267
6198,1.94,18.314,16.374
6199,1.64,18.055,16.415
6200,20.05,17.272,-2.778
6201,1.73,17.784,16.054
6202,1.05,15.978,14.928
6203,1.87,15.978,14.108
6204,2.19,15.581,13.391
6205,4.11,15.581,11.471
6206,1.88,14.912,13.032
6207,2.12,15.214,13.094
6208,1.67,15.7,14.03
6209,1.94,15.821,13.881
6210,1.51,16.439,14.929
6211,1.47,17.214,15.744
6212,2.15,17.718,15.568
6213,2.13,17.718,15.588
6214,1.98,16.872,14.892
6215,1.85,16.924,15.074
6216,1.72,16.924,15.204
6217,2.65,18.203,15.553
6218,1.74,18.203,16.463
6219,1.88,18.203,16.323
6220,1.46,18.19,16.73
6221,1.57,18.557,16.987
6222,1.61,17.928,16.318
6223,2.15,17.896,15.746
6224,1.34,17.984,16.644
6225,2.0,18.569,16.569
6226,1.65,18.569,16.919
6227,1.06,18.214,17.154
6228,2.14,18.281,16.141
6229,1.62,18.239,16.619
6230,1.43,18.281,16.851
6231,1.82,18.258,16.438
6232,1.69,19.42,17.73
6233,2.21,19.474,17.264
6234,1.62,19.655,18.035
6235,1.68,19.726,18.046
6236,2.15,19.726,17.576
6237,1.88,19.809,17.929
6238,1.42,19.922,18.502
6239,1.73,19.741,18.011
6240,2.51,18.611,16.101
6241,1.68,18.586,16.906
6242,1.98,18.5,16.52
6243,1.49,18.5,17.01
6244,1.45,17.641,16.191
6245,1.4,17.641,16.241
6246,1.06,15.507,14.447
6247,1.99,15.675,13.685
6248,1.47,15.773,14.303
6249,1.65,16.23,14.58
6250,2.75,16.23,13.48
6251,2.76,16.212,13.452
6252,1.36,15.862,14.502
6253,1.67,16.6,14.93
6254,1.75,15.665,13.915
6255,2.07,23.191,21.121
6256,1.41,24.236,22.826
6257,1.76,16.064,14.304
6258,1.65,16.112,14.462
6259,1.74,15.298,13.558
6260,1.95,15.298,13.348
6261,1.89,16.412,14.522
6262,1.87,16.952,15.082
6263,1.81,16.917,15.107
6264,1.6,16.069,14.469
6265,1.73,16.205,14.475
6266,1.6,16.176,14.576
6267,1.5,16.493,14.993
6268,1.52,16.712,15.192
6269,1.47,16.091,14.621
6270,1.84,15.681,13.841
6271,1.86,16.176,14.316
6272,1.92,16.176,14.256
6273,2.08,16.578,14.498
6274,3.37,15.298,11.928
6275,1.84,16.504,14.664
6276,1.6,16.413,14.813
6277,1.89,17.225,15.335
6278,2.69,16.093,13.403
6279,2.81,16.487,13.677
6280,3.08,15.986,12.906
6281,1.8,15.464,13.664
6282,2.05,17.047,14.997
6283,2.99,16.952,13.962
6284,2.35,15.859,13.509
6285,2.16,15.33,13.17
6286,2.07,16.155,14.085
6287,2.21,16.233,14.023
6288,1.82,15.797,13.977
6289,2.13,16.096,13.966
6290,2.21,16.233,14.023
6291,2.86,16.233,13.373
6292,1.35,15.232,13.882
6293,3.25,16.487,13.237
6294,2.5,16.213,13.713
6295,1.79,16.213,14.423
6296,1.64,15.232,13.592
6297,3.0,15.677,12.677
6298,2.22,15.573,13.353
6299,1.34,20.612,19.272
6300,1.38,21.909,20.529
6301,1.8,23.699,21.899
6302,1.69,25.165,23.475
6303,2.57,25.165,22.595
6304,1.57,26.35,24.78
6305,1.26,24.874,23.614
6306,3.01,24.94,21.93
6307,1.94,26.681,24.741
6308,1.54,24.059,22.519
6309,1.97,23.641,21.671
6310,1.51,20.272,18.762
6311,1.84,25.169,23.329
6312,1.7,22.278,20.578
6313,1.98,19.389,17.409
6314,1.42,17.844,16.424
6315,2.16,16.405,14.245
6316,2.11,16.405,14.295
6317,1.93,16.738,14.808
6318,1.91,16.272,14.362
6319,2.7,16.349,13.649
6320,2.06,17.359,15.299
6321,1.89,17.359,15.469
6322,1.49,17.127,15.637
6323,1.94,15.626,13.686
6324,9.38,16.157,6.777
6325,1.88,16.006,14.126
6326,1.87,15.402,13.532
6327,5.02,15.809,10.789
6328,1.74,16.419,14.679
6329,2.31,16.232,13.922
6330,2.31,16.573,14.263
6331,2.23,16.65,14.42
6332,2.36,16.265,13.905
6333,1.57,16.218,14.648
6334,1.79,16.413,14.623
6335,1.6,15.643,14.043
6336,1.46,15.429,13.969
6337,1.3,14.631,13.331
6338,1.75,14.788,13.038
6339,1.83,19.158,17.328
6340,1.61,22.392,20.782
6341,2.07,19.86,17.79
6342,1.29,19.048,17.758
6343,2.55,18.929,16.379
6344,1.62,19.798,18.178
6345,1.57,19.798,18.228
6346,1.72,19.212,17.492
6347,1.96,20.118,18.158
6348,1.55,19.953,18.403
6349,1.83,19.017,17.187
6350,1.47,18.789,17.319
6351,1.48,18.912,17.432
6352,1.22,18.509,17.289
6353,1.27,19.152,17.882
6354,1.69,19.317,17.627
6355,1.63,18.788,17.158
6356,1.98,15.211,13.231
6357,1.97,15.366,13.396
6358,2.12,19.021,16.901
6359,1.68,18.966,17.286
6360,1.49,17.105,15.615
6361,1.51,16.362,14.852
6362,1.39,18.059,16.669
6363,1.67,15.192,13.522
6364,1.69,15.265,13.575
6365,1.47,15.298,13.828
6366,1.65,14.516,12.866
6367,2.17,15.853,13.683
6368,1.3,16.007,14.707
6369,1.38,15.093,13.713
6370,1.38,14.971,13.591
6371,1.66,15.192,13.532
6372,1.88,15.192,13.312
6373,1.43,15.622,14.192
6374,1.16,16.526,15.366
6375,3.23,16.091,12.861
6376,1.62,15.718,14.098
6377,2.03,15.658,13.628
6378,1.6,16.009,14.409
6379,1.73,16.147,14.417
6380,1.51,17.709,16.199
6381,1.92,19.121,17.201
6382,2.3,19.61,17.31
6383,2.73,19.87,17.14
6384,1.53,19.912,18.382
6385,1.76,20.092,18.332
6386,1.77,20.092,18.322
6387,1.7,20.714,19.014
6388,1.61,20.002,18.392
6389,1.61,20.604,18.994
6390,1.32,20.538,19.218
6391,1.89,20.392,18.502
6392,1.49,20.389,18.899
6393,4.89,20.455,15.565
6394,1.4,20.412,19.012
6395,1.81,20.335,18.525
6396,1.33,20.375,19.045
6397,1.62,20.375,18.755
6398,1.6,23.037,21.437
6399,2.39,23.037,20.647
6400,2.08,23.201,21.121
6401,1.95,25.026,23.076
6402,1.86,24.236,22.376
6403,1.7,21.206,19.506
6404,1.97,23.883,21.913
6405,1.63,24.194,22.564
6406,1.43,23.878,22.448
6407,1.58,20.7,19.12
6408,1.51,16.22,14.71
6409,1.57,18.417,16.847
6410,1.49,14.692,13.202
6411,1.38,15.483,14.103
6412,1.39,16.356,14.966
6413,2.22,15.809,13.589
6414,2.06,15.832,13.772
6415,1.85,15.795,13.945
6416,2.01,16.457,14.447
6417,2.41,16.232,13.822
6418,1.99,16.2,14.21
6419,2.45,16.573,14.123
6420,1.87,16.65,14.78
6421,2.59,15.791,13.201
6422,2.0,16.352,14.352
6423,2.39,15.501,13.111
6424,2.07,16.072,14.002
6425,3.69,16.3,12.61
6426,1.87,16.237,14.367
6427,3.1,16.354,13.254
6428,1.48,16.354,14.874
6429,2.16,16.354,14.194
6430,3.35,17.047,13.697
6431,1.67,16.354,14.684
6432,1.69,16.354,14.664
6433,2.81,16.354,13.544
6434,2.07,16.581,14.511
6435,2.4,16.581,14.181
6436,1.4,16.439,15.039
6437,1.64,16.447,14.807
6438,1.29,16.439,15.149
6439,1.76,14.697,12.937
6440,1.62,19.158,17.538
6441,1.74,22.392,20.652
6442,1.99,19.686,17.696
6443,1.7,22.053,20.353
6444,1.58,22.053,20.473
6445,1.72,19.686,17.966
6446,1.74,19.625,17.885
6447,1.74,19.647,17.907
6448,1.44,19.573,18.133
6449,1.34,19.573,18.233
6450,1.38,15.672,14.292
6451,1.05,22.392,21.342
6452,1.12,22.487,21.367
6453,1.22,21.956,20.736
6454,1.26,18.995,17.735
6455,1.13,19.032,17.902
6456,1.26,21.939,20.679
6457,1.1,21.897,20.797
6458,1.04,21.897,20.857
6459,1.23,22.896,21.666
6460,1.04,22.821,21.781
6461,1.03,20.655,19.625
6462,1.07,15.854,14.784
6463,1.25,20.067,18.817
6464,1.15,20.125,18.975
6465,1.31,15.864,14.554
6466,1.44,15.123,13.683
6467,1.27,15.123,13.853
6468,1.59,16.443,14.853
6469,1.6,16.536,14.936
6470,1.38,16.25,14.87
6471,1.53,16.607,15.077
6472,1.6,16.57,14.97
6473,2.21,15.47,13.26
6474,1.46,15.518,14.058
6475,1.31,15.441,14.131
6476,1.6,15.48,13.88
6477,1.13,15.48,14.35
6478,1.57,15.267,13.697
6479,1.69,15.267,13.577
6480,1.31,15.454,14.144
6481,1.53,15.454,13.924
6482,1.49,15.895,14.405
6483,1.52,15.895,14.375
6484,1.52,16.075,14.555
6485,1.29,16.075,14.785
6486,1.73,15.895,14.165
6487,1.94,15.895,13.955
6488,1.58,15.583,14.003
6489,1.55,16.161,14.611
6490,1.46,15.589,14.129
6491,1.65,16.294,14.644
6492,1.61,16.161,14.551
6493,1.76,15.589,13.829
6494,1.55,15.589,14.039
6495,1.64,15.589,13.949
6496,1.52,17.952,16.432
6497,1.98,16.407,14.427
6498,1.52,16.745,15.225
6499,1.6,16.745,15.145
6500,1.7,16.745,15.045
6501,1.45,17.686,16.236
6502,1.55,17.43,15.88
6503,1.62,16.89,15.27
6504,1.62,17.372,15.752
6505,1.68,16.841,15.161
6506,2.01,16.745,14.735
6507,1.6,17.35,15.75
6508,1.7,17.35,15.65
6509,1.74,16.745,15.005
6510,1.67,16.407,14.737
6511,14.7,16.407,1.707
6512,1.54,17.896,16.356
6513,1.6,17.896,16.296
6514,1.55,17.896,16.346
6515,1.58,18.271,16.691
6516,1.65,18.296,16.646
6517,1.53,18.363,16.833
6518,1.57,19.489,17.919
6519,1.54,18.557,17.017
6520,1.59,19.602,18.012
6521,1.46,19.634,18.174
6522,1.41,20.169,18.759
6523,1.44,20.045,18.605
6524,1.64,20.169,18.529
6525,1.7,20.045,18.345
6526,1.36,20.274,18.914
6527,1.42,20.277,18.857
6528,1.21,20.166,18.956
6529,1.27,20.442,19.172
6530,1.39,20.166,18.776
6531,1.13,20.412,19.282
6532,1.16,18.944,17.784
6533,1.14,20.256,19.116
6534,1.16,19.31,18.15
6535,1.31,19.306,17.996
6536,1.07,19.44,18.37
6537,1.25,18.989,17.739
6538,1.25,17.715,16.465
6539,1.18,18.427,17.247
6540,1.18,18.304,17.124
6541,1.42,18.37,16.95
6542,1.22,18.341,17.121
6543,1.33,18.258,16.928
6544,1.27,18.214,16.944
6545,1.35,17.737,16.387
6546,1.17,19.009,17.839
6547,1.15,18.294,17.144
6548,1.28,17.199,15.919
6549,1.14,16.85,15.71
6550,1.18,17.887,16.707
6551,1.27,17.737,16.467
6552,1.03,16.85,15.82
6553,1.27,17.975,16.705
6554,1.25,17.887,16.637
6555,1.37,17.975,16.605
6556,1.22,18.153,16.933
6557,1.39,18.153,16.763
6558,1.22,18.057,16.837
6559,1.24,17.848,16.608
6560,1.65,17.975,16.325
6561,1.36,18.153,16.793
6562,2.04,17.975,15.935
6563,2.07,17.975,15.905
6564,1.95,18.145,16.195
6565,1.96,18.057,16.097
6566,1.5,18.147,16.647
6567,1.76,18.059,16.299
6568,1.7,18.059,16.359
6569,1.54,18.059,16.519
6570,1.51,18.059,16.549
6571,1.65,18.059,16.409
6572,1.99,17.883,15.893
6573,1.95,16.85,14.9
6574,1.32,17.199,15.879
6575,1.82,18.258,16.438
6576,1.46,18.341,16.881
6577,1.68,18.341,16.661
6578,1.78,17.887,16.107
6579,1.62,18.429,16.809
6580,1.63,18.429,16.799
6581,1.84,18.429,16.589
6582,1.81,18.178,16.368
6583,1.48,18.372,16.892
6584,1.95,18.178,16.228
6585,1.71,18.214,16.504
6586,1.77,18.214,16.444
6587,1.72,18.214,16.494
6588,1.35,18.214,16.864
6589,1.7,18.372,16.672
6590,1.87,18.372,16.502
6591,2.0,18.29,16.29
6592,5.86,18.354,12.494
6593,1.84,18.354,16.514
6594,1.58,18.354,16.774
6595,1.69,18.522,16.832
6596,2.17,18.524,16.354
6597,1.65,18.512,16.862
6598,1.67,18.512,16.842
6599,2.57,18.512,15.942
6600,1.62,18.725,17.105
6601,1.83,17.924,16.094
6602,2.09,17.924,15.834
6603,1.89,18.992,17.102
6604,1.85,18.725,16.875
6605,1.9,19.014,17.114
6606,1.72,19.014,17.294
6607,1.96,19.06,17.1
6608,2.08,18.668,16.588
6609,1.98,18.279,16.299
6610,1.72,18.944,17.224
6611,2.0,18.743,16.743
6612,1.51,18.672,17.162
6613,2.43,18.936,16.506
6614,1.99,19.556,17.566
6615,1.63,19.271,17.641
6616,1.74,19.297,17.557
6617,1.91,19.288,17.378
6618,1.98,19.656,17.676
6619,1.81,19.965,18.155
6620,1.58,19.855,18.275
6621,1.56,19.855,18.295
6622,1.55,19.855,18.305
6623,1.62,18.551,16.931
6624,2.03,18.551,16.521
6625,1.67,18.329,16.659
6626,1.28,18.329,17.049
6627,1.24,18.656,17.416
6628,1.47,18.656,17.186
6629,1.62,19.855,18.235
6630,1.46,18.743,17.283
6631,1.18,19.269,18.089
6632,1.39,19.346,17.956
6633,1.88,18.999,17.119
6634,1.33,19.226,17.896
6635,1.23,20.181,18.951
6636,1.56,18.508,16.948
6637,1.12,20.181,19.061
6638,1.38,17.68,16.3
6639,1.79,18.142,16.352
6640,1.91,16.812,14.902
6641,1.65,17.761,16.111
6642,2.44,18.671,16.231
6643,1.69,20.612,18.922
6644,2.03,18.16,16.13
6645,2.2,18.823,16.623
6646,2.12,19.917,17.797
6647,2.15,19.359,17.209
6648,2.14,18.72,16.58
6649,1.93,20.23,18.3
6650,2.28,19.79,17.51
6651,2.08,17.548,15.468
6652,1.54,17.991,16.451
6653,1.69,18.39,16.7
6654,2.43,17.387,14.957
6655,2.79,17.722,14.932
6656,2.96,17.274,14.314
6657,2.55,17.288,14.738
6658,2.83,17.836,15.006
6659,2.62,19.4,16.78
6660,4.2,16.802,12.602
6661,2.8,17.464,14.664
6662,3.28,16.932,13.652
6663,2.68,14.745,12.065
6664,2.75,14.938,12.188
6665,2.0,18.16,16.16
6666,2.53,15.634,13.104
6667,3.68,23.655,19.975
6668,2.61,20.045,17.435
6669,2.03,20.414,18.384
6670,2.28,21.317,19.037
6671,2.77,20.703,17.933
6672,2.75,20.002,17.252
6673,2.51,20.122,17.612
6674,3.45,20.387,16.937
6675,1.88,16.176,14.296
6676,1.75,16.68,14.93
6677,1.47,16.724,15.254
6678,1.54,17.84,16.3
6679,2.01,17.488,15.478
6680,3.28,16.51,13.23
6681,1.88,15.506,13.626
6682,1.0,15.506,14.506
6683,1.14,16.487,15.347
6684,1.68,16.323,14.643
6685,2.01,16.258,14.248
6686,2.17,16.311,14.141
6687,1.58,22.792,21.212
6688,8.17,23.694,15.524
6689,1.99,19.945,17.955
6690,2.4,20.714,18.314
6691,1.68,25.812,24.132
6692,2.05,25.169,23.119
6693,1.91,23.205,21.295
6694,1.97,20.28,18.31
6695,1.86,21.968,20.108
6696,2.02,19.957,17.937
6697,1.95,16.079,14.129
6698,1.47,16.438,14.968
6699,1.5,17.078,15.578
6700,1.79,16.205,14.415
6701,11.13,16.07,4.94
6702,1.9,18.372,16.472
6703,1.19,19.012,17.822
6704,1.59,19.484,17.894
6705,1.31,19.897,18.587
6706,1.59,19.375,17.785
6707,1.66,19.122,17.462
6708,1.85,19.42,17.57
6709,2.17,19.557,17.387
6710,1.62,19.074,17.454
6711,1.94,19.074,17.134
6712,1.45,19.51,18.06
6713,2.64,19.612,16.972
6714,1.33,18.948,17.618
6715,1.69,19.23,17.54
6716,1.62,19.141,17.521
6717,1.49,19.277,17.787
6718,1.49,19.336,17.846
6719,1.24,19.493,18.253
6720,1.92,19.425,17.505
6721,1.7,19.82,18.12
6722,1.59,19.497,17.907
6723,1.72,19.614,17.894
6724,1.26,18.696,17.436
6725,1.82,18.696,16.876
6726,1.21,15.769,14.559
6727,1.39,15.769,14.379
6728,1.25,15.693,14.443
6729,1.9,15.664,13.764
6730,1.67,15.319,13.649
6731,1.58,16.398,14.818
6732,1.87,15.529,13.659
6733,2.33,15.595,13.265
6734,1.45,16.295,14.845
6735,2.48,23.176,20.696
6736,2.8,19.625,16.825
6737,2.85,19.368,16.518
6738,1.69,19.788,18.098
6739,2.43,17.69,15.26
6740,2.3,17.144,14.844
6741,2.04,16.887,14.847
6742,2.3,18.03,15.73
6743,1.54,17.272,15.732
6744,1.78,17.018,15.238
6745,1.58,17.297,15.717
6746,1.67,17.083,15.413
6747,2.14,15.132,12.992
6748,1.59,14.773,13.183
6749,1.67,15.118,13.448
6750,1.5,15.14,13.64
6751,1.64,14.932,13.292
6752,1.68,15.329,13.649
6753,1.79,15.461,13.671
6754,2.22,19.981,17.761
6755,1.62,16.772,15.152
6756,1.48,15.72,14.24
6757,2.01,25.853,23.843
6758,1.82,20.086,18.266
6759,1.43,19.437,18.007
6760,1.94,16.232,14.292
6761,1.83,20.885,19.055
6762,2.01,16.192,14.182
6763,1.65,17.017,15.367
6764,1.85,20.611,18.761
6765,1.63,15.797,14.167
6766,1.41,15.33,13.92
6767,1.27,16.81,15.54
6768,1.52,16.668,15.148
6769,1.26,17.6,16.34
6770,1.26,17.879,16.619
6771,1.08,16.464,15.384
6772,1.16,17.891,16.731
6773,1.31,16.858,15.548
6774,1.4,16.719,15.319
6775,1.38,24.458,23.078
6776,1.53,19.054,17.524
6777,0.96,19.112,18.152
6778,2.02,19.112,17.092
6779,1.69,18.034,16.344
6780,2.39,17.945,15.555
6781,1.22,18.484,17.264
6782,1.65,16.629,14.979
6783,2.09,16.965,14.875
6784,2.18,16.64,14.46
6785,1.69,15.581,13.891
6786,2.14,16.965,14.825
6787,2.37,17.945,15.575
6788,2.06,16.899,14.839
6789,1.0,16.671,15.671
6790,1.83,16.671,14.841
6791,1.52,15.306,13.786
6792,1.84,15.61,13.77
6793,1.8,15.61,13.81
6794,1.12,18.377,17.257
6795,1.81,18.968,17.158
6796,1.65,19.806,18.156
6797,1.58,19.969,18.389
6798,1.7,18.611,16.911
6799,1.36,18.661,17.301
6800,2.21,18.943,16.733
6801,2.02,19.311,17.291
6802,1.41,18.439,17.029
6803,1.96,18.669,16.709
6804,1.96,18.108,16.148
6805,1.15,17.784,16.634
6806,1.48,15.978,14.498
6807,1.65,15.368,13.718
6808,1.97,15.214,13.244
6809,20.0,15.214,-4.786
6810,2.01,16.491,14.481
6811,1.74,17.015,15.275
6812,1.67,16.728,15.058
6813,1.91,16.728,14.818
6814,2.1,16.361,14.261
6815,1.75,16.793,15.043
6816,2.12,17.515,15.395
6817,1.97,17.53,15.56
6818,2.28,17.53,15.25
6819,1.8,16.495,14.695
6820,4.09,16.079,11.989
6821,2.38,21.522,19.142
6822,1.96,21.522,19.562
6823,1.63,16.525,14.895
6824,0.87,16.272,15.402
6825,1.43,23.037,21.607
6826,0.96,20.452,19.492
6827,1.73,20.321,18.591
6828,1.37,19.948,18.578
6829,1.83,19.112,17.282
6830,2.54,17.721,15.181
6831,1.77,17.941,16.171
6832,2.28,17.249,14.969
6833,2.33,17.348,15.018
6834,1.49,15.033,13.543
6835,1.65,15.36,13.71
6836,1.8,15.994,14.194
6837,1.66,17.397,15.737
6838,1.67,15.07,13.4
6839,1.61,15.803,14.193
6840,1.82,16.871,15.051
6841,1.52,15.634,14.114
6842,1.57,17.98,16.41
6843,1.6,18.356,16.756
6844,1.48,16.917,15.437
6845,1.53,15.192,13.662
6846,1.52,14.429,12.909
6847,2.0,15.489,13.489
6848,1.34,16.122,14.782
6849,1.55,15.652,14.102
6850,1.9,19.406,17.506
6851,1.52,18.524,17.004
6852,1.51,22.933,21.423
6853,2.09,24.43,22.34
6854,2.62,15.567,12.947
6855,1.21,16.696,15.486
6856,1.45,16.504,15.054
6857,1.47,16.654,15.184
6858,1.62,14.773,13.153
6859,1.29,18.092,16.802
6860,1.46,16.654,15.194
6861,1.72,16.783,15.063
6862,1.38,16.205,14.825
6863,1.37,17.665,16.295
6864,1.26,16.54,15.28
6865,1.45,16.362,14.912
6866,0.89,14.692,13.802
6867,1.65,16.176,14.526
6868,1.05,16.504,15.454
6869,2.03,16.413,14.383
6870,1.28,16.576,15.296
6871,1.35,16.932,15.582
6872,1.23,16.799,15.569
6873,1.68,16.587,14.907
6874,1.68,14.996,13.316
6875,1.32,14.996,13.676
6876,1.24,16.556,15.316
6877,1.26,15.653,14.393
6878,1.48,15.622,14.142
6879,2.21,16.407,14.197
6880,3.53,16.407,12.877
6881,1.98,15.853,13.873
6882,1.42,15.853,14.433
6883,1.58,16.12,14.54
6884,1.52,15.72,14.2
6885,1.72,17.709,15.989
6886,1.71,19.577,17.867
6887,1.71,19.525,17.815
6888,1.69,19.639,17.949
6889,1.71,19.945,18.235
6890,1.71,20.414,18.704
6891,2.33,20.614,18.284
6892,1.82,20.778,18.958
6893,1.53,23.841,22.311
6894,1.84,24.037,22.197
6895,1.9,26.002,24.102
6896,1.44,25.46,24.02
6897,1.83,24.921,23.091
6898,1.5,24.568,23.068
6899,1.85,25.12,23.27
6900,1.32,21.887,20.567
6901,1.66,20.28,18.62
6902,4.39,18.063,13.673
6903,1.78,17.613,15.833
6904,1.97,17.107,15.137
6905,2.09,16.966,14.876
6906,1.68,16.966,15.286
6907,1.83,17.846,16.016
6908,1.83,17.846,16.016
6909,3.41,17.332,13.922
6910,1.63,16.525,14.895
6911,1.51,16.39,14.88
6912,2.42,16.334,13.914
6913,1.88,17.17,15.29
6914,2.18,22.833,20.653
6915,1.26,24.552,23.292
6916,1.94,23.201,21.261
6917,1.85,20.389,18.539
6918,2.22,19.652,17.432
6919,1.97,19.702,17.732
6920,1.88,20.569,18.689
6921,2.01,21.086,19.076
6922,1.94,20.676,18.736
6923,2.07,21.246,19.176
6924,1.99,20.128,18.138
6925,1.77,20.049,18.279
6926,1.55,20.453,18.903
6927,1.27,20.517,19.247
6928,1.25,20.492,19.242
6929,1.35,19.923,18.573
6930,1.2,16.311,15.111
6931,1.5,15.809,14.309
6932,1.19,15.522,14.332
6933,1.42,15.812,14.392
6934,1.25,17.969,16.719
6935,1.57,15.614,14.044
6936,1.57,17.277,15.707
6937,1.63,17.39,15.76
6938,1.62,16.923,15.303
6939,1.4,17.14,15.74
6940,1.45,18.096,16.646
6941,1.39,15.418,14.028
6942,1.79,15.07,13.28
6943,1.72,15.149,13.429
6944,1.53,15.147,13.617
6945,1.69,15.253,13.563
6946,2.17,17.963,15.793
6947,1.83,17.749,15.919
6948,2.66,17.194,14.534
6949,2.06,16.525,14.465
6950,1.96,17.649,15.689
6951,1.86,16.394,14.534
6952,1.46,18.21,16.75
6953,1.77,17.703,15.933
6954,1.46,17.9,16.44
6955,1.52,16.419,14.899
6956,2.26,17.075,14.815
6957,1.86,17.38,15.52
6958,2.21,17.776,15.566
6959,1.63,16.827,15.197
6960,1.98,17.088,15.108
6961,1.65,17.074,15.424
6962,1.57,16.968,15.398
6963,1.51,16.968,15.458
6964,1.42,16.525,15.105
6965,1.38,16.374,14.994
6966,1.37,16.307,14.937
6967,1.6,16.307,14.707
6968,1.3,14.692,13.392
6969,1.51,16.696,15.186
6970,1.42,15.516,14.096
6971,1.31,15.709,14.399
6972,1.41,16.11,14.7
6973,1.48,15.515,14.035
6974,1.47,15.409,13.939
6975,1.25,16.16,14.91
6976,1.25,16.343,15.093
6977,1.22,15.102,13.882
6978,1.21,16.12,14.91
6979,1.26,22.671,21.411
6980,1.38,17.242,15.862
6981,1.63,16.842,15.212
6982,1.65,16.814,15.164
6983,1.57,17.529,15.959
6984,1.66,20.157,18.497
6985,1.61,19.819,18.209
6986,1.23,17.224,15.994
6987,1.5,17.529,16.029
6988,2.11,17.326,15.216
6989,1.7,19.761,18.061
6990,1.48,19.842,18.362
6991,1.66,19.819,18.159
6992,1.5,20.261,18.761
6993,1.47,17.877,16.407
6994,1.63,17.877,16.247
6995,1.44,17.425,15.985
6996,1.48,17.213,15.733
6997,1.39,17.248,15.858
6998,1.35,18.301,16.951
6999,1.25,17.747,16.497
7000,1.43,18.558,17.128
7001,1.31,19.345,18.035
7002,1.79,18.926,17.136
7003,1.31,19.332,18.022
7004,1.66,19.598,17.938
7005,1.37,20.105,18.735
7006,1.24,20.217,18.977
7007,1.17,19.692,18.522
7008,1.18,20.048,18.868
7009,1.31,20.217,18.907
7010,1.07,19.692,18.622
7011,1.02,19.692,18.672
7012,1.17,19.446,18.276
7013,1.08,19.446,18.366
7014,1.04,19.475,18.435
7015,1.11,19.562,18.452
7016,1.06,18.648,17.588
7017,1.17,18.984,17.814
7018,0.88,19.285,18.405
7019,0.96,18.327,17.367
7020,0.9,19.044,18.144
7021,1.02,19.266,18.246
7022,0.83,19.044,18.214
7023,0.95,17.805,16.855
7024,0.97,18.323,17.353
7025,0.85,18.323,17.473
7026,0.9,18.323,17.423
7027,0.93,19.26,18.33
7028,0.89,18.323,17.433
7029,0.8,17.805,17.005
7030,0.97,18.323,17.353
7031,0.92,17.77,16.85
7032,1.19,18.291,17.101
7033,0.85,16.881,16.031
7034,0.98,17.92,16.94
7035,1.06,16.881,15.821
7036,0.95,17.028,16.078
7037,1.01,18.051,17.041
7038,0.99,18.668,17.678
7039,1.19,18.766,17.576
7040,1.07,18.051,16.981
7041,1.55,18.051,16.501
7042,1.66,17.174,15.514
7043,1.17,18.374,17.204
7044,1.52,17.92,16.4
7045,1.28,18.291,17.011
7046,1.44,18.327,16.887
7047,1.41,18.175,16.765
7048,1.34,18.337,16.997
7049,1.52,18.084,16.564
7050,1.25,18.12,16.87
7051,1.1,18.084,16.984
7052,1.64,18.084,16.444
7053,1.41,18.337,16.927
7054,1.34,18.337,16.997
7055,1.4,18.12,16.72
7056,1.62,18.46,16.84
7057,1.61,18.211,16.601
7058,1.04,19.255,18.215
7059,1.58,19.475,17.895
7060,1.19,19.341,18.151
7061,1.43,19.446,18.016
7062,1.42,19.616,18.196
7063,1.58,19.975,18.395
7064,1.32,20.293,18.973
7065,2.05,19.913,17.863
7066,1.29,19.96,18.67
7067,1.7,19.96,18.26
7068,1.25,20.128,18.878
7069,1.2,19.527,18.327
7070,1.35,19.774,18.424
7071,1.25,19.774,18.524
7072,1.11,19.358,18.248
7073,1.46,19.284,17.824
7074,1.49,19.284,17.794
7075,1.34,19.274,17.934
7076,1.21,19.149,17.939
7077,1.64,19.149,17.509
7078,1.49,19.189,17.699
7079,1.27,19.189,17.919
7080,1.31,19.189,17.879
7081,1.12,18.737,17.617
7082,1.39,19.189,17.799
7083,1.49,19.448,17.958
7084,1.22,19.448,18.228
7085,1.5,19.448,17.948
7086,1.48,19.613,18.133
7087,1.27,19.842,18.572
7088,1.66,19.59,17.93
7089,1.35,19.304,17.954
7090,1.19,19.336,18.146
7091,1.71,19.415,17.705
7092,1.29,19.415,18.125
7093,1.74,18.97,17.23
7094,1.1,19.466,18.366
7095,2.21,19.319,17.109
7096,1.4,18.952,17.552
7097,1.33,18.952,17.622
7098,1.39,18.952,17.562
7099,0.91,18.565,17.655
7100,1.45,18.606,17.156
7101,1.21,18.994,17.784
7102,1.26,18.881,17.621
7103,1.48,18.978,17.498
7104,1.07,18.994,17.924
7105,11.14,18.978,7.838
7106,1.33,18.881,17.551
7107,1.18,19.479,18.299
7108,1.29,18.569,17.279
7109,1.73,18.704,16.974
7110,1.47,18.704,17.234
7111,0.94,19.523,18.583
7112,1.27,18.867,17.597
7113,1.02,19.746,18.726
7114,1.05,19.746,18.696
7115,1.18,18.722,17.542
7116,1.31,17.585,16.275
7117,1.55,15.617,14.067
7118,1.17,17.628,16.458
7119,1.46,15.695,14.235
7120,1.5,15.47,13.97
7121,1.0,16.225,15.225
7122,1.68,15.547,13.867
7123,2.13,15.665,13.535
7124,1.48,16.263,14.783
7125,1.29,16.535,15.245
7126,2.0,14.675,12.675
7127,1.83,20.082,18.252
7128,2.37,23.182,20.812
7129,1.87,16.115,14.245
7130,1.48,15.577,14.097
7131,1.85,16.25,14.4
7132,1.71,15.477,13.767
7133,1.62,16.391,14.771
7134,1.52,15.653,14.133
7135,1.97,17.175,15.205
7136,2.36,16.416,14.056
7137,1.44,16.724,15.284
7138,1.56,17.69,16.13
7139,1.94,16.643,14.703
7140,1.89,16.717,14.827
7141,1.8,16.961,15.161
7142,1.49,22.602,21.112
7143,1.18,24.716,23.536
7144,1.66,20.662,19.002
7145,1.51,20.183,18.673
7146,1.55,20.401,18.851
7147,1.85,17.888,16.038
7148,1.46,17.746,16.286
7149,1.23,16.119,14.889
7150,1.7,16.334,14.634
7151,1.41,16.557,15.147
7152,1.55,16.557,15.007
7153,1.22,16.263,15.043
7154,1.25,15.639,14.389
7155,1.81,16.23,14.42
7156,1.08,15.773,14.693
7157,1.48,16.296,14.816
7158,1.32,15.964,14.644
7159,1.31,17.841,16.531
7160,1.01,16.173,15.163
7161,1.33,18.447,17.117
7162,1.21,19.464,18.254
7163,1.41,19.637,18.227
7164,1.22,19.733,18.513
7165,1.55,18.808,17.258
7166,1.47,18.808,17.338
7167,0.78,18.126,17.346
7168,1.06,16.701,15.641
7169,0.95,18.331,17.381
7170,1.13,18.249,17.119
7171,1.15,18.373,17.223
7172,0.95,18.008,17.058
7173,1.15,18.39,17.24
7174,0.8,19.052,18.252
7175,1.78,18.938,17.158
7176,1.02,18.938,17.918
7177,1.08,18.179,17.099
7178,0.87,18.179,17.309
7179,1.04,18.779,17.739
7180,1.15,19.263,18.113
7181,0.75,19.263,18.513
7182,0.56,18.953,18.393
7183,1.1,18.953,17.853
7184,1.34,18.924,17.584
7185,0.91,19.046,18.136
7186,0.95,19.295,18.345
7187,1.24,19.295,18.055
7188,1.37,18.818,17.448
7189,0.99,19.115,18.125
7190,1.3,19.037,17.737
7191,1.25,19.13,17.88
7192,1.36,18.935,17.575
7193,1.28,19.38,18.1
7194,1.24,19.184,17.944
7195,1.18,19.544,18.364
7196,1.19,19.544,18.354
7197,1.22,19.077,17.857
7198,1.22,20.39,19.17
7199,1.37,20.515,19.145
7200,1.72,20.289,18.569
7201,1.11,20.259,19.149
7202,1.13,20.548,19.418
7203,1.24,20.338,19.098
7204,1.52,20.646,19.126
7205,1.41,20.646,19.236
7206,1.45,20.378,18.928
7207,1.79,20.598,18.808
7208,2.15,20.56,18.41
7209,0.85,20.357,19.507
7210,1.72,20.289,18.569
7211,1.51,20.314,18.804
7212,2.47,18.05,15.58
7213,2.07,17.265,15.195
7214,2.25,17.716,15.466
7215,2.38,17.102,14.722
7216,1.77,17.367,15.597
7217,1.59,16.602,15.012
7218,1.67,21.26,19.59
7219,1.94,22.053,20.113
7220,1.28,23.915,22.635
7221,1.33,19.799,18.469
7222,2.21,23.825,21.615
7223,1.41,20.5,19.09
7224,1.55,20.349,18.799
7225,1.19,20.614,19.424
7226,1.02,19.92,18.9
7227,1.15,23.459,22.309
7228,1.24,21.887,20.647
7229,1.27,22.291,21.021
7230,1.68,14.734,13.054
7231,1.94,17.949,16.009
7232,2.17,23.084,20.914
7233,1.7,15.945,14.245
7234,2.28,20.377,18.097
7235,2.92,18.574,15.654
7236,1.39,16.534,15.144
7237,2.59,17.789,15.199
7238,1.29,17.887,16.597
7239,1.25,16.869,15.619
7240,1.73,17.038,15.308
7241,1.4,16.603,15.203
7242,1.42,15.854,14.434
7243,1.3,14.618,13.318
7244,0.88,14.671,13.791
7245,1.49,16.375,14.885
7246,1.31,16.153,14.843
7247,1.38,16.323,14.943
7248,1.42,17.023,15.603
7249,1.42,16.862,15.442
7250,1.99,16.588,14.598
7251,1.63,16.588,14.958
7252,1.85,16.783,14.933
7253,1.41,17.35,15.94
7254,1.58,17.167,15.587
7255,1.23,17.844,16.614
7256,1.2,17.518,16.318
7257,0.89,17.367,16.477
7258,1.11,17.579,16.469
7259,1.25,17.684,16.434
7260,1.47,17.742,16.272
7261,1.58,17.601,16.021
7262,1.26,17.716,16.456
7263,1.22,17.529,16.309
7264,1.01,17.152,16.142
7265,1.27,17.074,15.804
7266,0.94,17.178,16.238
7267,1.32,17.034,15.714
7268,1.21,17.137,15.927
7269,1.27,18.022,16.752
7270,0.99,18.402,17.412
7271,1.55,18.481,16.931
7272,0.99,19.073,18.083
7273,1.43,20.432,19.002
7274,1.27,20.535,19.265
7275,1.16,20.62,19.46
7276,1.31,20.705,19.395
7277,1.3,20.894,19.594
7278,1.13,21.238,20.108
7279,1.77,21.192,19.422
7280,0.93,21.192,20.262
7281,1.14,21.149,20.009
7282,1.34,21.291,19.951
7283,2.96,21.291,18.331
7284,1.27,21.574,20.304
7285,1.32,21.408,20.088
7286,1.09,21.569,20.479
7287,1.2,21.506,20.306
7288,1.46,21.687,20.227
7289,1.3,21.586,20.286
7290,1.16,21.656,20.496
7291,1.08,21.656,20.576
7292,1.06,21.898,20.838
7293,1.42,21.886,20.466
7294,1.17,21.912,20.742
7295,1.07,21.951,20.881
7296,1.07,22.481,21.411
7297,0.86,21.736,20.876
7298,1.09,21.214,20.124
7299,1.06,21.649,20.589
7300,1.26,21.538,20.278
7301,1.4,21.183,19.783
7302,1.49,20.822,19.332
7303,1.6,20.692,19.092
7304,1.32,20.976,19.656
7305,0.91,20.976,20.066
7306,1.4,20.97,19.57
7307,1.22,21.303,20.083
7308,0.73,21.214,20.484
7309,1.02,21.214,20.194
7310,1.59,21.314,19.724
7311,1.8,20.254,18.454
7312,1.92,19.145,17.225
7313,1.51,19.106,17.596
7314,2.19,19.041,16.851
7315,2.5,18.163,15.663
7316,2.23,18.25,16.02
7317,1.47,24.741,23.271
7318,1.83,18.094,16.264
7319,1.42,19.372,17.952
7320,1.69,17.688,15.998
7321,2.05,16.572,14.522
7322,1.24,17.692,16.452
7323,1.44,18.299,16.859
7324,1.61,18.609,16.999
7325,1.36,19.089,17.729
7326,1.87,17.991,16.121
7327,1.5,16.356,14.856
7328,1.76,16.543,14.783
7329,2.02,16.997,14.977
7330,1.6,17.075,15.475
7331,0.94,18.831,17.891
7332,1.45,19.371,17.921
7333,1.98,19.438,17.458
7334,1.31,19.371,18.061
7335,1.78,19.438,17.658
7336,2.15,19.371,17.221
7337,1.14,19.813,18.673
7338,1.79,19.371,17.581
7339,1.39,19.573,18.183
7340,1.44,19.813,18.373
7341,1.88,19.813,17.933
7342,1.18,19.438,18.258
7343,1.32,19.438,18.118
7344,1.44,19.813,18.373
7345,1.58,20.347,18.767
7346,0.97,19.708,18.738
7347,1.53,20.292,18.762
7348,0.76,20.087,19.327
7349,2.32,20.367,18.047
7350,1.28,20.814,19.534
7351,1.53,20.903,19.373
7352,1.2,20.763,19.563
7353,0.51,20.822,20.312
7354,0.99,20.989,19.999
7355,1.02,21.335,20.315
7356,1.08,21.335,20.255
7357,2.19,21.417,19.227
7358,1.47,21.379,19.909
7359,1.42,21.379,19.959
7360,1.48,21.408,19.928
7361,1.0,21.443,20.443
7362,1.42,21.603,20.183
7363,1.12,21.442,20.322
7364,0.96,21.673,20.713
7365,1.37,21.882,20.512
7366,0.8,21.77,20.97
7367,1.01,21.837,20.827
7368,1.23,21.9,20.67
7369,1.47,22.113,20.643
7370,1.2,22.063,20.863
7371,1.3,21.744,20.444
7372,1.13,21.485,20.355
7373,1.04,21.296,20.256
7374,1.69,21.082,19.392
7375,1.3,21.227,19.927
7376,0.82,21.183,20.363
7377,1.02,21.306,20.286
7378,0.97,21.194,20.224
7379,1.1,21.141,20.041
7380,1.5,21.323,19.823
7381,1.14,21.176,20.036
7382,0.98,21.303,20.323
7383,1.02,21.232,20.212
7384,1.33,21.321,19.991
7385,1.0,20.773,19.773
7386,1.34,20.673,19.333
7387,1.27,20.75,19.48
7388,1.31,20.743,19.433
7389,1.57,20.743,19.173
7390,1.93,20.743,18.813
7391,1.35,22.171,20.821
7392,1.19,22.579,21.389
7393,1.86,22.688,20.828
7394,0.83,22.486,21.656
7395,1.43,21.972,20.542
7396,1.3,21.066,19.766
7397,2.06,21.306,19.246
7398,1.45,21.076,19.626
7399,1.22,21.058,19.838
7400,1.75,20.897,19.147
7401,1.24,21.01,19.77
7402,2.98,21.058,18.078
7403,0.94,20.924,19.984
7404,0.93,21.063,20.133
7405,0.86,20.818,19.958
7406,0.83,21.063,20.233
7407,0.77,21.073,20.303
7408,0.47,20.371,19.901
7409,0.89,21.207,20.317
7410,1.07,21.175,20.105
7411,1.19,20.728,19.538
7412,1.43,20.526,19.096
7413,1.16,20.416,19.256
7414,1.61,20.441,18.831
7415,1.6,20.247,18.647
7416,1.5,20.464,18.964
7417,1.44,20.464,19.024
7418,1.44,20.183,18.743
7419,1.25,20.344,19.094
7420,1.21,20.553,19.343
7421,1.15,20.83,19.68
7422,1.55,20.747,19.197
7423,1.53,20.826,19.296
7424,1.24,21.182,19.942
7425,1.11,21.44,20.33
7426,1.7,21.431,19.731
7427,1.39,21.431,20.041
7428,1.37,21.364,19.994
7429,1.24,21.012,19.772
7430,1.15,20.511,19.361
7431,1.12,21.631,20.511
7432,1.19,21.353,20.163
7433,1.2,21.242,20.042
7434,1.3,21.1,19.8
7435,1.47,21.138,19.668
7436,1.26,21.565,20.305
7437,1.5,21.055,19.555
7438,1.27,21.42,20.15
7439,1.53,21.639,20.109
7440,1.18,21.411,20.231
7441,1.18,21.411,20.231
7442,1.39,21.411,20.021
7443,1.02,21.411,20.391
7444,1.4,20.499,19.099
7445,1.08,20.476,19.396
7446,1.26,20.085,18.825
7447,1.2,20.656,19.456
7448,1.1,21.147,20.047
7449,1.2,20.428,19.228
7450,1.37,20.665,19.295
7451,1.3,21.202,19.902
7452,1.1,21.334,20.234
7453,1.18,21.421,20.241
7454,1.51,21.232,19.722
7455,1.12,21.247,20.127
7456,1.14,20.622,19.482
7457,0.76,20.699,19.939
7458,1.2,20.808,19.608
7459,1.76,20.83,19.07
7460,1.3,20.83,19.53
7461,1.01,20.83,19.82
7462,1.37,20.83,19.46
7463,0.86,20.83,19.97
7464,1.42,20.83,19.41
7465,1.04,22.629,21.589
7466,0.89,22.582,21.692
7467,1.57,23.147,21.577
7468,1.29,23.004,21.714
7469,1.2,22.682,21.482
7470,1.23,25.82,24.59
7471,1.18,22.922,21.742
7472,1.12,23.14,22.02
7473,1.29,26.226,24.936
7474,1.2,26.221,25.021
7475,1.28,25.992,24.712
7476,1.47,25.937,24.467
7477,1.09,26.324,25.234
7478,1.25,26.192,24.942
7479,1.19,25.966,24.776
7480,1.11,25.718,24.608
7481,1.36,25.517,24.157
7482,1.42,25.718,24.298
7483,2.15,25.732,23.582
7484,1.65,25.898,24.248
7485,1.68,25.517,23.837
7486,1.71,25.732,24.022
7487,1.3,25.898,24.598
7488,1.26,25.922,24.662
7489,1.28,25.773,24.493
7490,1.55,25.938,24.388
7491,1.62,25.773,24.153
7492,1.51,25.94,24.43
7493,1.93,25.602,23.672
7494,1.28,25.602,24.322
7495,1.68,25.011,23.331
7496,1.46,25.312,23.852
7497,1.43,25.503,24.073
7498,0.94,25.897,24.957
7499,1.65,25.773,24.123
7500,1.37,25.702,24.332
7501,1.2,26.313,25.113
7502,1.27,27.378,26.108
7503,1.04,26.409,25.369
7504,1.09,24.765,23.675
7505,1.12,25.848,24.728
7506,1.03,25.526,24.496
7507,0.96,27.101,26.141
7508,1.23,26.343,25.113
7509,1.2,26.334,25.134
7510,1.07,26.128,25.058
7511,1.12,26.173,25.053
7512,1.21,27.487,26.277
7513,0.89,27.25,26.36
7514,0.99,27.689,26.699
7515,1.31,27.836,26.526
7516,0.77,27.373,26.603
7517,0.71,27.108,26.398
7518,0.84,26.892,26.052
7519,1.08,27.48,26.4
7520,1.27,27.644,26.374
7521,1.17,28.596,27.426
7522,1.15,29.41,28.26
7523,1.24,30.319,29.079
7524,1.2,30.394,29.194
7525,1.27,31.958,30.688
7526,1.33,31.231,29.901
7527,1.24,31.928,30.688
7528,1.33,32.121,30.791
7529,1.18,29.462,28.282
7530,1.2,28.938,27.738
7531,1.33,29.032,27.702
7532,1.19,29.54,28.35
7533,1.16,28.956,27.796
7534,1.18,29.05,27.87
7535,1.21,27.658,26.448
7536,1.13,30.999,29.869
7537,1.26,29.117,27.857
7538,1.43,28.728,27.298
7539,1.17,28.901,27.731
7540,1.33,31.664,30.334
7541,0.88,30.27,29.39
7542,1.34,27.611,26.271
7543,1.48,25.835,24.355
7544,1.55,24.675,23.125
7545,1.63,24.675,23.045
7546,1.17,25.308,24.138
7547,0.89,25.144,24.254
7548,1.02,25.163,24.143
7549,1.14,27.832,26.692
7550,1.0,27.511,26.511
7551,0.79,28.362,27.572
7552,1.51,25.994,24.484
7553,3.29,27.252,23.962
7554,1.16,25.973,24.813
7555,0.98,25.569,24.589
7556,1.25,24.887,23.637
7557,0.88,24.603,23.723
7558,1.93,25.879,23.949
7559,1.81,25.31,23.5
7560,0.89,25.374,24.484
7561,1.49,25.842,24.352
7562,1.42,26.163,24.743
7563,1.07,26.39,25.32
7564,1.13,27.607,26.477
7565,1.6,31.221,29.621
7566,1.27,34.469,33.199
7567,1.29,34.409,33.119
7568,1.14,33.38,32.24
7569,1.2,33.462,32.262
7570,1.2,32.049,30.849
7571,1.17,31.952,30.782
7572,1.16,32.686,31.526
7573,1.62,32.686,31.066
7574,1.18,33.586,32.406
7575,1.18,33.745,32.565
7576,1.18,34.751,33.571
7577,1.73,34.388,32.658
7578,1.39,34.041,32.651
7579,1.41,33.679,32.269
7580,1.08,33.641,32.561
7581,0.89,33.313,32.423
7582,0.91,32.453,31.543
7583,1.18,33.313,32.133
7584,0.98,32.563,31.583
7585,0.92,33.473,32.553
7586,1.07,32.842,31.772
7587,0.9,32.31,31.41
7588,1.0,34.388,33.388
7589,0.81,32.943,32.133
7590,0.83,33.503,32.673
7591,0.94,34.855,33.915
7592,0.67,33.475,32.805
7593,0.81,32.781,31.971
7594,1.0,33.598,32.598
7595,0.74,34.51,33.77
7596,1.14,34.292,33.152
7597,0.7,35.267,34.567
7598,0.99,32.741,31.751
7599,0.81,32.049,31.239
7600,0.82,34.103,33.283
7601,0.94,33.47,32.53
7602,0.94,33.416,32.476
7603,0.72,33.037,32.317
7604,0.78,34.217,33.437
7605,0.84,34.091,33.251
7606,0.96,37.039,36.079
7607,1.29,34.75,33.46
7608,0.72,36.008,35.288
7609,0.76,36.14,35.38
7610,0.71,36.363,35.653
7611,0.8,29.766,28.966
7612,0.91,27.416,26.506
7613,0.83,31.615,30.785
7614,0.88,29.961,29.081
7615,0.74,32.992,32.252
7616,0.86,33.281,32.421
7617,0.96,33.281,32.321
7618,0.96,29.797,28.837
7619,0.88,32.881,32.001
7620,1.0,31.536,30.536
7621,1.1,33.281,32.181
7622,1.19,31.379,30.189
7623,1.44,34.952,33.512
7624,1.55,36.152,34.602
7625,1.74,36.578,34.838
7626,1.32,37.257,35.937
7627,1.38,33.545,32.165
7628,1.23,37.686,36.456
7629,1.32,37.329,36.009
7630,1.21,37.015,35.805
7631,0.93,38.491,37.561
7632,1.39,36.586,35.196
7633,1.23,33.79,32.56
7634,0.99,36.051,35.061
7635,0.92,35.909,34.989
7636,1.22,35.99,34.77
7637,1.4,35.99,34.59
7638,1.11,33.894,32.784
7639,1.19,33.38,32.19
7640,1.0,33.493,32.493
7641,1.01,32.943,31.933
7642,1.06,34.091,33.031
7643,1.45,36.251,34.801
7644,1.23,37.109,35.879
7645,1.28,34.306,33.026
7646,1.13,34.33,33.2
7647,0.88,33.907,33.027
7648,1.05,34.062,33.012
7649,0.99,36.304,35.314
7650,1.27,34.702,33.432
7651,1.15,36.31,35.16
7652,1.37,34.191,32.821
7653,1.11,33.041,31.931
7654,1.69,33.626,31.936
7655,1.16,29.147,27.987
7656,1.04,35.452,34.412
7657,1.21,29.383,28.173
7658,1.72,29.931,28.211
7659,1.08,29.611,28.531
7660,1.23,34.047,32.817
7661,1.22,34.375,33.155
7662,1.86,34.032,32.172
7663,1.04,35.837,34.797
7664,1.17,34.444,33.274
7665,0.96,34.444,33.484
7666,1.29,32.689,31.399
7667,1.07,33.828,32.758
7668,1.25,37.451,36.201
7669,1.31,34.109,32.799
7670,0.99,30.689,29.699
7671,1.08,30.441,29.361
7672,1.17,35.067,33.897
7673,1.04,33.076,32.036
7674,1.19,33.828,32.638
7675,1.73,35.567,33.837
7676,1.7,33.731,32.031
7677,1.02,33.62,32.6
7678,1.61,31.969,30.359
7679,0.82,33.304,32.484
7680,0.95,32.828,31.878
7681,1.09,31.94,30.85
7682,1.13,30.661,29.531
7683,1.14,31.304,30.164
7684,1.05,30.709,29.659
7685,0.88,30.485,29.605
7686,1.21,31.358,30.148
7687,0.88,33.938,33.058
7688,0.73,29.535,28.805
7689,0.92,29.699,28.779
7690,0.53,37.572,37.042
7691,0.88,34.783,33.903
7692,1.42,35.346,33.926
7693,1.62,31.685,30.065
7694,1.68,33.853,32.173
7695,0.78,30.287,29.507
7696,0.76,26.334,25.574
7697,1.07,28.71,27.64
7698,0.85,33.25,32.4
7699,0.75,32.752,32.002
7700,0.81,38.643,37.833
7701,1.11,37.389,36.279
7702,0.96,31.032,30.072
7703,0.9,32.031,31.131
7704,1.42,31.027,29.607
7705,1.04,32.276,31.236
7706,1.18,35.032,33.852
7707,1.07,30.858,29.788
7708,1.69,30.414,28.724
7709,1.33,31.08,29.75
7710,1.38,29.872,28.492
7711,1.33,31.209,29.879
7712,1.8,28.856,27.056
7713,1.28,29.317,28.037
7714,0.98,35.109,34.129
7715,1.1,42.002,40.902
7716,1.31,42.019,40.709
7717,1.03,41.782,40.752
7718,1.17,38.522,37.352
7719,0.92,38.444,37.524
7720,1.78,35.875,34.095
7721,0.61,30.986,30.376
7722,1.18,31.299,30.119
7723,0.95,31.423,30.473
7724,1.33,31.303,29.973
7725,0.89,31.403,30.513
7726,1.48,33.528,32.048
7727,1.12,39.969,38.849
7728,1.48,41.547,40.067
7729,1.13,38.17,37.04
7730,0.83,34.776,33.946
7731,1.52,34.619,33.099
7732,1.53,33.485,31.955
7733,0.91,33.099,32.189
7734,0.99,34.716,33.726
7735,0.97,32.701,31.731
7736,1.06,38.301,37.241
7737,1.24,36.819,35.579
7738,0.32,36.24,35.92
7739,1.31,37.239,35.929
7740,1.63,38.013,36.383
7741,1.23,36.292,35.062
7742,1.27,35.719,34.449
7743,1.38,30.461,29.081
7744,1.32,30.819,29.499
7745,1.08,30.622,29.542
7746,1.06,29.753,28.693
7747,1.96,30.739,28.779
7748,1.0,29.922,28.922
7749,1.1,26.933,25.833
7750,0.95,27.474,26.524
7751,0.78,28.243,27.463
7752,1.23,28.243,27.013
7753,1.85,30.614,28.764
7754,1.21,28.872,27.662
7755,0.9,33.003,32.103
7756,1.38,27.668,26.288
7757,1.75,35.379,33.629
7758,0.88,28.752,27.872
7759,1.14,30.4,29.26
7760,0.97,28.328,27.358
7761,0.86,29.113,28.253
7762,2.33,31.113,28.783
7763,1.51,29.599,28.089
7764,0.82,29.525,28.705
7765,0.73,28.727,27.997
7766,1.1,29.633,28.533
7767,1.4,38.531,37.131
7768,1.2,30.918,29.718
7769,1.28,30.756,29.476
7770,1.17,29.674,28.504
7771,1.61,35.657,34.047
7772,1.14,35.205,34.065
7773,1.02,36.01,34.99
7774,1.13,34.992,33.862
7775,1.19,37.633,36.443
7776,1.06,35.747,34.687
7777,1.18,36.432,35.252
7778,0.99,36.432,35.442
7779,1.06,31.852,30.792
7780,0.95,32.689,31.739
7781,0.78,36.097,35.317
7782,0.94,35.575,34.635
7783,1.16,33.497,32.337
7784,0.49,33.497,33.007
7785,1.13,33.848,32.718
7786,0.96,35.082,34.122
7787,0.87,34.754,33.884
7788,2.45,42.737,40.287
7789,1.11,29.341,28.231
7790,1.25,32.99,31.74
7791,1.52,33.783,32.263
7792,0.96,34.034,33.074
7793,1.09,33.759,32.669
7794,1.27,34.138,32.868
7795,0.65,31.847,31.197
7796,1.4,32.29,30.89
7797,1.23,32.362,31.132
7798,1.44,37.052,35.612
7799,1.51,32.765,31.255
7800,1.29,31.012,29.722
7801,1.93,35.128,33.198
7802,1.73,32.559,30.829
7803,1.88,36.264,34.384
7804,1.66,27.606,25.946
7805,1.72,29.542,27.822
7806,1.55,36.362,34.812
7807,1.62,37.633,36.013
7808,2.07,34.522,32.452
7809,1.59,37.986,36.396
7810,1.37,39.541,38.171
7811,1.44,31.422,29.982
7812,1.57,29.847,28.277
7813,1.83,27.967,26.137
7814,1.58,28.394,26.814
7815,1.34,30.037,28.697
7816,1.42,36.021,34.601
7817,1.14,38.365,37.225
7818,1.52,35.324,33.804
7819,1.28,32.989,31.709
7820,1.15,32.959,31.809
7821,1.24,32.713,31.473
7822,1.31,37.297,35.987
7823,1.07,33.648,32.578
7824,1.25,34.954,33.704
7825,1.13,33.111,31.981
7826,1.16,32.857,31.697
7827,0.92,32.943,32.023
7828,0.82,36.971,36.151
7829,0.86,41.161,40.301
7830,0.94,40.719,39.779
7831,0.95,35.185,34.235
7832,1.09,35.5,34.41
7833,1.01,42.112,41.102
7834,1.24,35.643,34.403
7835,0.77,34.981,34.211
7836,0.98,40.727,39.747
7837,1.02,33.02,32.0
7838,1.33,33.19,31.86
7839,0.86,31.889,31.029
7840,1.09,34.514,33.424
7841,0.89,31.454,30.564
7842,0.98,33.116,32.136
7843,1.01,36.245,35.235
7844,1.09,36.245,35.155
7845,0.95,43.295,42.345
7846,1.12,34.835,33.715
7847,0.92,34.481,33.561
7848,0.95,34.269,33.319
7849,1.31,33.499,32.189
7850,1.77,33.059,31.289
7851,1.16,29.931,28.771
7852,1.43,30.615,29.185
7853,1.23,30.471,29.241
7854,1.33,34.073,32.743
7855,1.28,32.035,30.755
7856,1.31,31.779,30.469
7857,1.21,30.063,28.853
7858,1.42,29.837,28.417
7859,1.05,32.88,31.83
7860,1.22,31.8,30.58
7861,1.39,32.074,30.684
7862,0.96,36.544,35.584
7863,0.84,30.768,29.928
7864,0.99,32.975,31.985
7865,1.25,32.91,31.66
7866,1.17,31.778,30.608
7867,1.44,33.904,32.464
7868,1.61,37.493,35.883
7869,0.97,32.729,31.759
7870,1.06,39.098,38.038
7871,1.2,30.556,29.356
7872,1.41,31.718,30.308
7873,1.05,31.902,30.852
7874,1.27,30.296,29.026
7875,1.58,30.43,28.85
7876,0.95,29.709,28.759
7877,1.16,33.714,32.554
7878,1.46,34.267,32.807
7879,1.03,33.952,32.922
7880,1.24,30.273,29.033
7881,0.99,31.149,30.159
7882,0.76,34.626,33.866
7883,1.0,33.748,32.748
7884,0.69,32.731,32.041
7885,0.73,32.164,31.434
7886,0.68,38.816,38.136
7887,0.63,36.903,36.273
7888,0.81,35.945,35.135
7889,0.86,35.178,34.318
7890,1.29,34.183,32.893
7891,0.79,30.216,29.426
7892,0.96,32.116,31.156
7893,0.67,35.017,34.347
7894,0.99,40.799,39.809
7895,0.59,33.798,33.208
7896,0.86,37.136,36.276
7897,0.79,34.83,34.04
7898,0.97,33.292,32.322
7899,0.88,40.594,39.714
7900,0.83,33.081,32.251
7901,1.02,35.137,34.117
7902,1.15,28.971,27.821
7903,0.94,31.187,30.247
7904,1.38,35.611,34.231
7905,1.07,36.194,35.124
7906,1.17,39.266,38.096
7907,0.95,33.13,32.18
7908,1.2,33.352,32.152
7909,1.18,33.773,32.593
7910,1.47,32.413,30.943
7911,1.54,33.263,31.723
7912,1.14,33.512,32.372
7913,0.92,33.961,33.041
7914,1.37,32.641,31.271
7915,0.98,32.268,31.288
7916,0.78,33.84,33.06
7917,1.01,32.01,31.0
7918,1.4,32.614,31.214
7919,1.29,32.365,31.075
7920,0.82,32.517,31.697
7921,0.84,32.5,31.66
7922,1.19,32.369,31.179
7923,1.03,32.563,31.533
7924,1.0,34.571,33.571
7925,0.99,32.658,31.668
7926,1.04,33.853,32.813
7927,1.05,39.315,38.265
7928,1.31,36.831,35.521
7929,1.41,33.208,31.798
7930,1.18,33.053,31.873
7931,0.82,35.193,34.373
7932,0.97,32.082,31.112
7933,1.07,32.281,31.211
7934,0.94,31.389,30.449
7935,1.0,34.732,33.732
7936,0.96,36.351,35.391
7937,1.19,36.814,35.624
7938,0.95,37.408,36.458
7939,0.72,34.884,34.164
7940,0.87,34.579,33.709
7941,1.01,30.949,29.939
7942,0.35,31.986,31.636
7943,0.81,33.05,32.24
7944,1.55,32.558,31.008
7945,1.0,35.434,34.434
7946,1.29,37.394,36.104
7947,1.17,36.955,35.785
7948,0.9,40.496,39.596
7949,1.22,35.142,33.922
7950,1.32,37.224,35.904
7951,1.24,36.882,35.642
7952,1.18,33.568,32.388
7953,0.9,37.085,36.185
7954,1.06,33.765,32.705
7955,1.31,38.705,37.395
7956,1.13,36.729,35.599
7957,0.77,39.004,38.234
7958,1.23,35.324,34.094
7959,0.61,35.642,35.032
7960,1.17,36.416,35.246
7961,1.14,35.738,34.598
7962,1.09,36.654,35.564
7963,1.57,34.027,32.457
7964,0.82,35.877,35.057
7965,1.78,33.549,31.769
7966,1.16,34.5,33.34
7967,1.09,42.125,41.035
7968,1.38,40.401,39.021
7969,1.22,39.105,37.885
7970,0.84,40.13,39.29
7971,1.77,42.161,40.391
7972,0.84,38.882,38.042
7973,1.21,38.299,37.089
7974,1.01,34.615,33.605
7975,1.21,31.635,30.425
7976,1.12,29.113,27.993
7977,0.99,28.237,27.247
7978,0.94,29.539,28.599
7979,1.08,31.203,30.123
7980,1.17,31.81,30.64
7981,1.17,35.861,34.691
7982,1.55,33.325,31.775
7983,1.61,33.949,32.339
7984,1.02,31.19,30.17
7985,1.12,32.412,31.292
7986,1.04,33.37,32.33
7987,1.12,33.231,32.111
7988,0.83,32.901,32.071
7989,1.21,33.689,32.479
7990,0.85,33.023,32.173
7991,0.69,32.192,31.502
7992,0.73,32.503,31.773
7993,0.71,32.798,32.088
7994,1.02,33.605,32.585
7995,1.07,33.819,32.749
7996,1.05,33.291,32.241
7997,0.98,34.199,33.219
7998,1.13,33.291,32.161
7999,1.24,32.083,30.843
8000,1.27,31.887,30.617
8001,1.22,35.463,34.243
8002,1.13,33.587,32.457
8003,0.94,31.46,30.52
8004,0.99,33.435,32.445
8005,1.08,33.39,32.31
8006,1.17,32.939,31.769
8007,0.98,33.042,32.062
8008,0.94,29.171,28.231
8009,0.65,28.098,27.448
8010,0.98,26.841,25.861
8011,1.2,27.24,26.04
8012,1.05,26.287,25.237
8013,1.42,31.753,30.333
8014,0.98,32.109,31.129
8015,0.09,36.61,36.52
8016,1.14,30.846,29.706
8017,1.19,35.239,34.049
8018,1.02,35.304,34.284
8019,1.0,34.165,33.165
8020,1.25,34.556,33.306
8021,0.7,30.914,30.214
8022,0.8,30.343,29.543
8023,1.38,30.822,29.442
8024,0.68,29.577,28.897
8025,0.92,29.586,28.666
8026,0.92,33.274,32.354
8027,0.69,29.147,28.457
8028,0.82,34.923,34.103
8029,1.39,35.435,34.045
8030,1.01,35.305,34.295
8031,0.82,35.355,34.535
8032,0.72,36.888,36.168
8033,0.78,37.69,36.91
8034,0.77,35.405,34.635
8035,0.75,36.692,35.942
8036,0.75,34.984,34.234
8037,1.1,31.805,30.705
8038,0.96,28.77,27.81
8039,0.71,29.515,28.805
8040,1.06,28.375,27.315
8041,0.55,14.216,13.666
8042,0.84,14.288,13.448
8043,0.73,10.328,9.598
8044,1.03,10.461,9.431
8045,0.79,10.178,9.388
8046,0.5,10.442,9.942
8047,0.88,10.772,9.892
8048,0.52,10.728,10.208
8049,0.53,10.786,10.256
8050,0.73,10.787,10.057
8051,0.83,11.273,10.443
8052,1.11,10.873,9.763
8053,0.73,11.223,10.493
8054,0.9,11.238,10.338
8055,1.3,11.178,9.878
8056,0.77,11.529,10.759
8057,0.75,11.753,11.003
8058,0.73,12.345,11.615
8059,1.1,12.182,11.082
8060,0.86,12.331,11.471
8061,1.0,12.329,11.329
8062,0.6,12.535,11.935
8063,0.46,8.403,7.943
8064,0.63,8.582,7.952
8065,0.47,11.896,11.426
8066,0.58,12.094,11.514
8067,0.52,11.805,11.285
8068,0.45,12.243,11.793
8069,0.71,12.535,11.825
8070,0.79,13.143,12.353
8071,0.53,14.045,13.515
8072,0.43,17.017,16.587
8073,0.39,17.107,16.717
8074,1.18,15.977,14.797
8075,0.37,11.851,11.481
8076,0.51,10.584,10.074
8077,0.5,10.584,10.084
8078,0.65,9.76,9.11
8079,1.09,8.682,7.592
8080,0.75,8.183,7.433
8081,1.09,8.922,7.832
8082,0.78,10.543,9.763
8083,0.72,10.022,9.302
8084,0.85,10.037,9.187
8085,0.95,25.362,24.412
8086,1.1,30.656,29.556
8087,0.94,31.059,30.119
8088,1.31,33.31,32.0
8089,1.2,34.136,32.936
8090,1.25,34.666,33.416
8091,1.53,30.64,29.11
8092,1.38,31.111,29.731
8093,1.38,33.367,31.987
8094,1.74,32.393,30.653
8095,1.83,33.638,31.808
8096,1.3,33.899,32.599
8097,0.92,34.557,33.637
8098,1.13,33.945,32.815
8099,1.29,34.039,32.749
8100,1.35,33.769,32.419
8101,1.41,33.769,32.359
8102,1.25,33.968,32.718
8103,1.02,33.88,32.86
8104,1.53,34.419,32.889
8105,1.53,36.218,34.688
8106,1.09,35.713,34.623
8107,1.08,33.822,32.742
8108,1.08,34.259,33.179
8109,0.95,34.937,33.987
8110,1.06,36.369,35.309
8111,1.26,34.078,32.818
8112,1.06,34.323,33.263
8113,1.12,35.102,33.982
8114,1.03,36.862,35.832
8115,0.99,35.669,34.679
8116,1.43,35.815,34.385
8117,1.23,34.606,33.376
8118,0.87,34.578,33.708
8119,1.14,33.693,32.553
8120,1.83,32.011,30.181
8121,1.16,27.516,26.356
8122,1.5,26.832,25.332
8123,0.91,21.888,20.978
8124,1.34,22.032,20.692
8125,1.08,25.909,24.829
8126,1.45,21.14,19.69
8127,1.37,25.116,23.746
8128,1.2,32.56,31.36
8129,1.33,10.733,9.403
8130,1.29,7.67,6.38
8131,1.11,7.931,6.821
8132,1.03,8.122,7.092
8133,1.09,8.103,7.013
8134,1.69,8.233,6.543
8135,1.03,8.029,6.999
8136,1.13,8.408,7.278
8137,1.43,8.149,6.719
8138,1.16,8.261,7.101
8139,1.21,8.179,6.969
8140,1.69,8.118,6.428
8141,0.87,8.617,7.747
8142,1.07,8.708,7.638
8143,1.17,8.784,7.614
8144,1.34,8.784,7.444
8145,1.42,8.784,7.364
8146,1.24,8.784,7.544
8147,1.36,9.668,8.308
8148,1.8,9.668,7.868
8149,1.52,9.944,8.424
8150,1.53,9.717,8.187
8151,1.55,9.818,8.268
8152,1.56,9.954,8.394
8153,1.53,10.192,8.662
8154,1.6,9.668,8.068
8155,1.25,10.072,8.822
8156,1.14,10.074,8.934
8157,1.65,10.417,8.767
8158,1.35,11.54,10.19
8159,1.5,12.002,10.502
8160,1.25,14.408,13.158
8161,1.14,11.854,10.714
8162,1.08,11.236,10.156
8163,1.04,9.801,8.761
8164,1.2,10.391,9.191
8165,1.02,8.778,7.758
8166,1.09,8.661,7.571
8167,1.02,8.622,7.602
8168,1.23,8.387,7.157
8169,1.33,8.727,7.397
8170,1.15,8.784,7.634
8171,1.08,10.083,9.003
8172,1.21,10.629,9.419
8173,1.51,10.064,8.554
8174,1.42,9.416,7.996
8175,1.1,8.289,7.189
8176,1.17,8.453,7.283
8177,1.19,9.165,7.975
8178,1.16,10.856,9.696
8179,1.19,12.775,11.585
8180,1.15,11.793,10.643
8181,1.1,14.557,13.457
8182,1.34,15.579,14.239
8183,1.14,15.484,14.344
8184,1.21,15.932,14.722
8185,0.85,16.599,15.749
8186,1.1,13.276,12.176
8187,1.26,15.514,14.254
8188,1.16,13.918,12.758
8189,1.22,13.382,12.162
8190,1.57,15.021,13.451
8191,2.03,15.021,12.991
8192,1.58,13.776,12.196
8193,1.7,13.776,12.076
8194,1.31,15.997,14.687
8195,1.31,13.692,12.382
8196,1.01,12.979,11.969
8197,0.94,10.635,9.695
8198,1.44,9.502,8.062
8199,1.04,8.765,7.725
8200,1.35,8.689,7.339
8201,0.99,9.502,8.512
8202,1.3,8.72,7.42
8203,1.53,9.305,7.775
8204,1.36,9.446,8.086
8205,1.88,10.193,8.313
8206,1.72,10.284,8.564
8207,1.22,10.303,9.083
8208,1.89,10.134,8.244
8209,1.39,10.134,8.744
8210,1.63,10.289,8.659
8211,1.64,11.077,9.437
8212,1.04,13.195,12.155
8213,1.24,15.563,14.323
8214,1.73,13.767,12.037
8215,1.67,15.949,14.279
8216,1.76,16.362,14.602
8217,1.95,16.431,14.481
8218,1.98,16.19,14.21
8219,1.27,16.257,14.987
8220,2.6,12.219,9.619
8221,2.28,11.588,9.308
8222,1.47,11.512,10.042
8223,1.37,11.801,10.431
8224,2.04,11.449,9.409
8225,1.06,11.663,10.603
8226,2.24,11.507,9.267
8227,1.44,11.507,10.067
8228,1.93,11.475,9.545
8229,1.37,11.798,10.428
8230,1.61,11.031,9.421
8231,1.37,10.364,8.994
8232,1.67,9.268,7.598
8233,1.65,9.57,7.92
8234,1.43,9.872,8.442
8235,1.48,10.401,8.921
8236,1.87,10.468,8.598
8237,2.06,10.919,8.859
8238,1.63,12.605,10.975
8239,1.82,12.903,11.083
8240,2.23,15.962,13.732
8241,1.57,16.678,15.108
8242,3.01,15.691,12.681
8243,1.34,16.413,15.073
8244,1.27,18.177,16.907
8245,1.65,17.373,15.723
8246,1.46,16.965,15.505
8247,1.64,16.988,15.348
8248,1.54,21.167,19.627
8249,1.9,19.252,17.352
8250,1.88,19.252,17.372
8251,1.6,19.837,18.237
8252,2.04,21.003,18.963
8253,1.6,21.606,20.006
8254,1.52,21.857,20.337
8255,1.2,20.479,19.279
8256,1.39,20.816,19.426
8257,1.52,19.576,18.056
8258,1.41,20.74,19.33
8259,1.19,20.631,19.441
8260,1.82,21.248,19.428
8261,1.65,20.649,18.999
8262,1.61,20.682,19.072
8263,1.45,19.871,18.421
8264,1.43,21.187,19.757
8265,1.27,20.589,19.319
8266,1.55,21.503,19.953
8267,0.96,19.151,18.191
8268,1.06,20.117,19.057
8269,0.92,23.911,22.991
8270,1.09,23.919,22.829
8271,0.79,21.608,20.818
8272,0.84,22.761,21.921
8273,1.02,20.569,19.549
8274,0.93,17.749,16.819
8275,1.04,20.226,19.186
8276,1.11,20.224,19.114
8277,1.08,20.481,19.401
8278,1.09,21.608,20.518
8279,1.29,21.426,20.136
8280,1.11,20.774,19.664
8281,1.4,20.672,19.272
8282,1.66,22.338,20.678
8283,1.15,20.93,19.78
8284,1.1,22.346,21.246
8285,1.22,20.978,19.758
8286,1.14,23.169,22.029
8287,1.12,20.122,19.002
8288,1.24,19.856,18.616
8289,1.15,18.048,16.898
8290,1.3,20.124,18.824
8291,1.31,19.765,18.455
8292,1.06,22.334,21.274
8293,1.22,22.247,21.027
8294,1.02,21.951,20.931
8295,1.16,22.041,20.881
8296,1.24,21.579,20.339
8297,1.15,20.966,19.816
8298,1.06,21.261,20.201
8299,1.16,21.182,20.022
8300,1.12,21.434,20.314
8301,1.18,20.756,19.576
8302,1.34,20.453,19.113
8303,1.13,20.634,19.504
8304,1.16,21.225,20.065
8305,1.36,21.289,19.929
8306,1.39,21.054,19.664
8307,1.32,22.89,21.57
8308,1.21,22.484,21.274
8309,1.83,22.902,21.072
8310,1.43,23.041,21.611
8311,1.42,22.857,21.437
8312,1.63,21.479,19.849
8313,1.51,22.998,21.488
8314,1.64,21.78,20.14
8315,1.87,21.589,19.719
8316,1.68,22.111,20.431
8317,1.69,21.589,19.899
8318,1.47,21.576,20.106
8319,1.38,20.375,18.995
8320,1.17,19.711,18.541
8321,1.48,20.934,19.454
8322,1.21,20.173,18.963
8323,1.32,19.754,18.434
8324,1.24,19.568,18.328
8325,1.75,18.546,16.796
8326,1.83,17.91,16.08
8327,1.44,16.667,15.227
8328,1.67,16.086,14.416
8329,2.09,16.728,14.638
8330,1.7,16.731,15.031
8331,1.76,16.612,14.852
8332,1.64,15.829,14.189
8333,1.77,15.711,13.941
8334,1.7,15.657,13.957
8335,1.92,15.577,13.657
8336,2.14,14.827,12.687
8337,1.6,17.012,15.412
8338,2.08,16.531,14.451
8339,1.94,16.971,15.031
8340,2.46,16.971,14.511
8341,1.99,16.238,14.248
8342,1.55,16.656,15.106
8343,1.41,16.989,15.579
8344,1.53,16.355,14.825
8345,1.65,16.552,14.902
8346,1.42,17.155,15.735
8347,2.3,17.208,14.908
8348,2.35,17.0,14.65
8349,1.37,17.378,16.008
8350,1.59,17.344,15.754
8351,1.63,16.534,14.904
8352,1.63,16.054,14.424
8353,1.6,16.354,14.754
8354,1.51,16.398,14.888
8355,1.42,17.26,15.84
8356,1.93,16.997,15.067
8357,1.53,15.241,13.711
8358,1.75,15.752,14.002
8359,1.87,15.127,13.257
8360,1.49,15.762,14.272
8361,1.25,17.669,16.419
8362,1.25,18.5,17.25
8363,1.43,18.074,16.644
8364,1.42,19.11,17.69
8365,1.27,18.074,16.804
8366,1.36,18.067,16.707
8367,1.48,17.993,16.513
8368,1.38,17.396,16.016
8369,1.38,14.75,13.37
8370,2.0,15.35,13.35
8371,1.39,15.845,14.455
8372,1.84,15.702,13.862
8373,1.79,15.739,13.949
8374,1.76,15.759,13.999
8375,1.0,15.739,14.739
8376,1.51,15.551,14.041
8377,1.63,15.906,14.276
8378,2.65,15.884,13.234
8379,3.12,15.739,12.619
8380,3.2,15.446,12.246
8381,2.11,15.462,13.352
8382,1.73,15.604,13.874
8383,1.95,16.02,14.07
8384,2.64,16.597,13.957
8385,1.53,15.792,14.262
8386,2.2,15.708,13.508
8387,2.21,15.494,13.284
8388,2.17,15.146,12.976
8389,1.52,15.551,14.031
8390,2.04,16.143,14.103
8391,1.69,16.056,14.366
8392,1.87,16.192,14.322
8393,1.89,15.551,13.661
8394,1.79,16.871,15.081
8395,1.97,17.192,15.222
8396,1.66,16.871,15.211
8397,2.36,15.85,13.49
8398,2.23,15.551,13.321
8399,2.31,15.815,13.505
8400,1.74,15.101,13.361
8401,2.01,15.364,13.354
8402,2.2,15.106,12.906
8403,1.87,15.106,13.236
8404,2.01,15.362,13.352
8405,2.18,15.364,13.184
8406,1.72,15.362,13.642
8407,1.87,16.253,14.383
8408,2.38,16.253,13.873
8409,1.87,16.814,14.944
8410,2.23,16.732,14.502
8411,2.06,16.732,14.672
8412,3.4,16.217,12.817
8413,1.56,16.253,14.693
8414,1.78,16.732,14.952
8415,1.78,17.094,15.314
8416,1.76,17.217,15.457
8417,1.7,17.094,15.394
8418,1.6,17.165,15.565
8419,2.21,16.613,14.403
8420,1.49,16.533,15.043
8421,1.7,16.297,14.597
8422,1.78,16.662,14.882
8423,1.76,15.939,14.179
8424,1.65,18.115,16.465
8425,1.7,18.556,16.856
8426,2.06,19.624,17.564
8427,2.09,17.364,15.274
8428,1.48,18.227,16.747
8429,1.85,17.651,15.801
8430,1.63,16.892,15.262
8431,2.22,17.306,15.086
8432,2.15,17.588,15.438
8433,1.54,18.17,16.63
8434,1.58,16.782,15.202
8435,1.53,19.384,17.854
8436,1.52,17.872,16.352
8437,1.67,17.61,15.94
8438,1.63,17.908,16.278
8439,1.61,17.908,16.298
8440,1.37,18.081,16.711
8441,1.24,18.727,17.487
8442,1.46,19.384,17.924
8443,1.37,18.255,16.885
8444,1.36,18.404,17.044
8445,1.33,19.336,18.006
8446,1.25,16.769,15.519
8447,1.42,16.783,15.363
8448,1.35,19.633,18.283
8449,1.18,18.696,17.516
8450,1.15,19.865,18.715
8451,1.2,19.823,18.623
8452,1.39,18.429,17.039
8453,1.37,20.198,18.828
8454,1.33,18.75,17.42
8455,1.95,19.383,17.433
8456,1.55,18.854,17.304
8457,1.3,19.469,18.169
8458,1.6,17.261,15.661
8459,1.51,14.97,13.46
8460,1.38,14.992,13.612
8461,1.29,16.063,14.773
8462,1.55,16.276,14.726
8463,2.3,16.041,13.741
8464,1.77,15.852,14.082
8465,1.76,19.371,17.611
8466,2.19,15.888,13.698
8467,1.79,19.359,17.569
8468,1.74,16.826,15.086
8469,1.84,18.575,16.735
8470,1.58,16.856,15.276
8471,2.26,17.013,14.753
8472,2.22,17.013,14.793
8473,1.83,15.863,14.033
8474,1.7,19.523,17.823
8475,1.52,19.257,17.737
8476,2.45,19.802,17.352
8477,2.08,19.888,17.808
8478,1.9,19.882,17.982
8479,1.75,19.985,18.235
8480,1.88,19.685,17.805
8481,1.54,19.685,18.145
8482,1.95,19.808,17.858
8483,2.27,19.764,17.494
8484,1.57,19.93,18.36
8485,2.09,19.848,17.758
8486,1.83,19.88,18.05
8487,1.21,19.938,18.728
8488,1.91,19.938,18.028
8489,3.05,19.93,16.88
8490,1.99,19.472,17.482
8491,1.94,19.509,17.569
8492,1.66,19.634,17.974
8493,2.22,19.373,17.153
8494,2.19,19.373,17.183
8495,2.93,19.089,16.159
8496,2.28,19.0,16.72
8497,2.69,19.097,16.407
8498,1.83,18.928,17.098
8499,1.75,18.985,17.235
8500,1.98,19.087,17.107
8501,2.39,17.959,15.569
8502,1.73,17.759,16.029
8503,1.92,17.811,15.891
8504,2.95,18.169,15.219
8505,1.46,18.913,17.453
8506,1.58,19.056,17.476
8507,1.91,19.879,17.969
8508,2.32,21.758,19.438
8509,2.38,21.459,19.079
8510,2.1,22.035,19.935
8511,2.7,22.035,19.335
8512,2.1,21.889,19.789
8513,2.36,21.965,19.605
8514,2.76,21.561,18.801
8515,1.94,21.106,19.166
8516,2.1,21.419,19.319
8517,1.04,20.927,19.887
8518,2.03,21.283,19.253
8519,1.8,20.828,19.028
8520,1.95,21.949,19.999
8521,2.06,21.986,19.926
8522,1.64,22.231,20.591
8523,2.47,21.996,19.526
8524,1.82,22.231,20.411
8525,1.68,22.229,20.549
8526,1.91,21.6,19.69
8527,1.7,20.881,19.181
8528,2.23,20.781,18.551
8529,1.81,20.781,18.971
8530,2.16,21.106,18.946
8531,1.77,21.697,19.927
8532,1.75,22.231,20.481
8533,1.98,22.231,20.251
8534,2.54,22.229,19.689
8535,2.01,22.229,20.219
8536,1.82,13.307,11.487
8537,1.55,12.043,10.493
8538,1.8,12.225,10.425
8539,1.59,12.41,10.82
8540,1.64,10.085,8.445
8541,1.8,10.352,8.552
8542,1.75,12.505,10.755
8543,1.71,12.505,10.795
8544,1.58,14.064,12.484
8545,1.55,15.659,14.109
8546,1.39,12.418,11.028
8547,1.45,12.923,11.473
8548,1.2,12.273,11.073
8549,1.32,10.018,8.698
8550,1.32,10.602,9.282
8551,1.5,10.524,9.024
8552,1.36,10.14,8.78
8553,1.44,10.504,9.064
8554,1.33,10.365,9.035
8555,1.45,10.457,9.007
8556,1.69,10.641,8.951
8557,1.81,11.706,9.896
8558,1.38,11.835,10.455
8559,1.57,21.176,19.606
8560,1.3,21.546,20.246
8561,1.56,19.851,18.291
8562,1.45,19.662,18.212
8563,1.39,18.426,17.036
8564,2.12,19.886,17.766
8565,1.72,13.629,11.909
8566,1.99,14.214,12.224
8567,1.56,13.591,12.031
8568,1.58,20.172,18.592
8569,1.86,20.613,18.753
8570,1.6,13.028,11.428
8571,1.83,12.958,11.128
8572,2.22,13.567,11.347
8573,2.07,13.591,11.521
8574,1.59,20.427,18.837
8575,1.4,10.472,9.072
8576,1.67,12.156,10.486
8577,1.47,11.081,9.611
8578,1.62,11.419,9.799
8579,2.28,11.882,9.602
8580,1.9,12.152,10.252
8581,1.79,12.152,10.362
8582,2.03,12.145,10.115
8583,1.87,12.194,10.324
8584,1.8,11.536,9.736
8585,1.47,10.748,9.278
8586,2.28,11.566,9.286
8587,1.58,10.768,9.188
8588,1.73,13.073,11.343
8589,1.83,13.863,12.033
8590,1.72,19.934,18.214
8591,1.64,20.243,18.603
8592,1.86,21.098,19.238
8593,1.82,21.931,20.111
8594,1.77,20.828,19.058
8595,1.6,20.959,19.359
8596,1.57,13.813,12.243
8597,1.71,14.199,12.489
8598,7.5,13.068,5.568
8599,1.64,14.858,13.218
8600,1.65,13.013,11.363
8601,1.93,13.065,11.135
8602,1.78,13.125,11.345
8603,1.88,11.526,9.646
8604,1.51,11.008,9.498
8605,1.95,11.008,9.058
8606,1.49,11.924,10.434
8607,1.48,12.927,11.447
8608,1.66,20.68,19.02
8609,1.66,20.649,18.989
8610,1.78,21.098,19.318
8611,2.14,19.906,17.766
8612,1.83,22.219,20.389
8613,2.7,21.846,19.146
8614,2.0,21.907,19.907
8615,2.0,20.584,18.584
8616,2.12,13.603,11.483
8617,2.0,13.377,11.377
8618,1.69,11.593,9.903
8619,1.85,11.593,9.743
8620,3.59,11.997,8.407
8621,1.94,13.377,11.437
8622,2.14,13.591,11.451
8623,2.17,13.591,11.421
8624,1.58,13.615,12.035
8625,1.56,13.591,12.031
8626,1.87,13.603,11.733
8627,2.14,13.587,11.447
8628,1.67,11.886,10.216
8629,1.61,10.589,8.979
8630,1.7,10.758,9.058
8631,1.41,11.397,9.987
8632,1.56,11.434,9.874
8633,1.44,10.563,9.123
8634,1.42,10.773,9.353
8635,1.59,10.723,9.133
8636,1.63,11.159,9.529
8637,1.55,11.805,10.255
8638,1.52,11.176,9.656
8639,1.48,11.011,9.531
8640,1.51,11.769,10.259
8641,1.38,12.005,10.625
8642,1.14,11.927,10.787
8643,1.52,12.074,10.554
8644,1.39,12.672,11.282
8645,1.24,12.148,10.908
8646,1.32,11.12,9.8
8647,1.58,12.496,10.916
8648,1.41,17.824,16.414
8649,1.5,13.809,12.309
8650,1.29,17.199,15.909
8651,1.64,16.855,15.215
8652,1.35,14.123,12.773
8653,1.46,15.959,14.499
8654,1.68,22.392,20.712
8655,1.26,21.26,20.0
8656,1.32,22.585,21.265
8657,1.39,16.902,15.512
8658,1.49,22.037,20.547
8659,1.46,17.22,15.76
8660,1.51,18.421,16.911
8661,1.67,16.94,15.27
8662,1.3,20.528,19.228
8663,1.59,15.833,14.243
8664,1.41,13.629,12.219
8665,1.48,16.488,15.008
8666,1.83,15.415,13.585
8667,12.05,14.824,2.774
8668,1.41,14.717,13.307
8669,1.53,15.066,13.536
8670,1.84,14.895,13.055
8671,1.14,15.213,14.073
8672,1.87,14.788,12.918
8673,1.52,14.778,13.258
8674,1.55,16.38,14.83
8675,1.7,16.348,14.648
8676,1.79,15.486,13.696
8677,1.94,15.317,13.377
8678,1.83,15.362,13.532
8679,1.65,16.803,15.153
8680,1.07,16.075,15.005
8681,1.58,15.029,13.449
8682,1.52,14.659,13.139
8683,1.61,15.16,13.55
8684,1.61,14.756,13.146
8685,1.57,15.118,13.548
8686,1.71,15.213,13.503
8687,1.78,15.134,13.354
8688,2.11,15.364,13.254
8689,1.53,16.718,15.188
8690,1.67,15.135,13.465
8691,1.99,15.224,13.234
8692,1.62,15.087,13.467
8693,1.52,15.174,13.654
8694,1.96,15.089,13.129
8695,1.61,15.058,13.448
8696,1.59,15.864,14.274
8697,1.83,15.23,13.4
8698,2.58,15.55,12.97
8699,1.76,15.107,13.347
8700,1.94,15.111,13.171
8701,2.0,16.604,14.604
8702,1.24,16.893,15.653
8703,2.05,16.698,14.648
8704,1.36,17.117,15.757
8705,1.4,17.377,15.977
8706,2.14,16.843,14.703
8707,2.71,16.695,13.985
8708,2.23,13.071,10.841
8709,1.25,13.27,12.02
8710,2.28,13.278,10.998
8711,2.42,13.907,11.487
8712,1.95,13.934,11.984
8713,1.94,13.949,12.009
8714,1.92,13.589,11.669
8715,2.13,13.359,11.229
8716,2.28,13.817,11.537
8717,2.48,13.605,11.125
8718,1.54,13.851,12.311
8719,1.89,13.723,11.833
8720,3.01,13.497,10.487
8721,2.46,13.348,10.888
8722,2.36,13.623,11.263
8723,2.73,14.159,11.429
8724,2.42,13.786,11.366
8725,2.09,13.99,11.9
8726,2.02,13.734,11.714
8727,1.85,13.785,11.935
8728,1.43,13.724,12.294
8729,2.31,13.094,10.784
8730,2.05,13.167,11.117
8731,1.77,13.452,11.682
8732,2.26,12.991,10.731
8733,2.23,13.894,11.664
8734,1.96,13.876,11.916
8735,2.1,13.583,11.483
8736,2.14,13.95,11.81
8737,1.76,13.351,11.591
8738,1.9,13.847,11.947
8739,1.55,12.919,11.369
8740,2.27,13.177,10.907
8741,1.84,13.45,11.61
8742,1.99,13.934,11.944
8743,2.25,13.321,11.071
8744,1.69,13.537,11.847
8745,1.85,13.364,11.514
8746,1.73,13.515,11.785
8747,2.18,12.96,10.78
8748,2.0,13.779,11.779
8749,2.27,13.78,11.51
8750,1.98,12.385,10.405
8751,1.53,13.403,11.873
8752,1.86,14.034,12.174
8753,1.93,13.577,11.647
8754,1.78,12.377,10.597
8755,1.93,13.273,11.343
8756,2.0,13.242,11.242
8757,1.99,16.592,14.602
8758,1.76,14.778,13.018
8759,3.33,14.881,11.551
8760,1.53,13.818,12.288
8761,2.34,14.208,11.868
8762,2.51,13.261,10.751
8763,2.5,13.561,11.061
8764,2.3,13.527,11.227
8765,2.0,12.812,10.812
8766,1.9,12.535,10.635
8767,2.19,13.289,11.099
8768,2.92,13.307,10.387
8769,2.19,13.025,10.835
8770,2.13,10.091,7.961
8771,2.25,10.005,7.755
8772,2.69,11.577,8.887
8773,2.1,13.145,11.045
8774,2.44,15.001,12.561
8775,1.99,14.267,12.277
8776,2.37,14.308,11.938
8777,1.82,13.567,11.747
8778,2.49,13.611,11.121
8779,2.41,13.825,11.415
8780,1.81,15.05,13.24
8781,1.66,14.891,13.231
8782,2.65,14.355,11.705
8783,2.02,15.701,13.681
8784,3.06,15.273,12.213
8785,2.16,14.729,12.569
8786,3.36,10.914,7.554
8787,2.01,12.757,10.747
8788,2.75,14.534,11.784
8789,2.54,14.792,12.252
8790,1.91,14.808,12.898
8791,2.42,14.534,12.114
8792,1.73,14.534,12.804
8793,2.11,14.534,12.424
8794,2.02,14.524,12.504
8795,1.95,14.568,12.618
8796,2.32,14.57,12.25
8797,2.22,14.534,12.314
8798,2.45,14.853,12.403
8799,2.33,13.25,10.92
8800,1.54,12.751,11.211
8801,1.87,12.965,11.095
8802,1.74,13.315,11.575
8803,2.07,13.315,11.245
8804,1.92,12.751,10.831
8805,1.87,12.546,10.676
8806,1.78,12.604,10.824
8807,2.61,12.597,9.987
8808,1.81,11.272,9.462
8809,2.41,11.69,9.28
8810,1.56,11.329,9.769
8811,2.36,11.672,9.312
8812,2.87,11.347,8.477
8813,2.64,11.474,8.834
8814,1.7,11.474,9.774
8815,2.78,11.474,8.694
8816,1.48,11.355,9.875
8817,2.12,11.296,9.176
8818,5.36,11.296,5.936
8819,2.55,11.2,8.65
8820,2.18,11.277,9.097
8821,2.84,11.352,8.512
8822,1.02,11.482,10.462
8823,1.8,11.504,9.704
8824,1.96,11.482,9.522
8825,1.5,11.556,10.056
8826,1.46,11.331,9.871
8827,1.65,11.482,9.832
8828,1.88,11.482,9.602
8829,1.78,10.781,9.001
8830,2.39,11.372,8.982
8831,2.38,11.276,8.896
8832,1.7,10.693,8.993
8833,1.79,11.372,9.582
8834,1.89,11.34,9.45
8835,1.63,11.611,9.981
8836,1.34,11.611,10.271
8837,1.54,11.671,10.131
8838,1.57,11.597,10.027
8839,1.56,14.653,13.093
8840,1.65,12.417,10.767
8841,1.74,13.667,11.927
8842,1.94,12.416,10.476
8843,1.96,12.974,11.014
8844,2.12,11.851,9.731
8845,2.33,12.232,9.902
8846,2.18,13.811,11.631
8847,1.99,12.826,10.836
8848,1.93,15.975,14.045
8849,2.52,16.29,13.77
8850,2.19,17.579,15.389
8851,2.8,16.399,13.599
8852,2.64,15.675,13.035
8853,3.29,15.138,11.848
8854,1.75,15.615,13.865
8855,2.83,16.449,13.619
8856,3.19,17.206,14.016
8857,2.72,17.424,14.704
8858,2.85,16.905,14.055
8859,2.92,17.908,14.988
8860,3.31,17.804,14.494
8861,2.94,17.658,14.718
8862,2.94,17.205,14.265
8863,2.44,17.804,15.364
8864,3.74,16.95,13.21
8865,2.53,17.438,14.908
8866,2.48,17.302,14.822
8867,2.9,17.655,14.755
8868,2.16,14.5,12.34
8869,2.28,14.911,12.631
8870,2.15,15.923,13.773
8871,2.83,14.836,12.006
8872,2.74,14.953,12.213
8873,2.22,14.382,12.162
8874,2.26,14.318,12.058
8875,2.39,15.975,13.585
8876,2.64,13.743,11.103
8877,2.21,14.373,12.163
8878,2.45,14.482,12.032
8879,2.37,13.21,10.84
8880,3.1,13.556,10.456
8881,1.72,13.557,11.837
8882,2.63,14.508,11.878
8883,2.23,13.991,11.761
8884,2.03,14.808,12.778
8885,2.3,16.125,13.825
8886,2.27,14.824,12.554
8887,2.41,14.227,11.817
8888,2.49,13.987,11.497
8889,2.19,14.143,11.953
8890,2.46,14.201,11.741
8891,1.43,14.087,12.657
8892,2.63,13.873,11.243
8893,1.95,14.702,12.752
8894,2.77,13.977,11.207
8895,2.6,13.768,11.168
8896,2.59,17.14,14.55
8897,2.83,17.14,14.31
8898,2.84,13.694,10.854
8899,2.16,13.884,11.724
8900,1.96,13.576,11.616
8901,2.4,14.356,11.956
8902,2.61,14.298,11.688
8903,2.52,14.003,11.483
8904,2.51,14.451,11.941
8905,2.8,14.045,11.245
8906,14.57,14.045,-0.525
8907,2.15,13.855,11.705
8908,2.48,13.831,11.351
8909,2.22,14.033,11.813
8910,2.17,13.917,11.747
8911,2.14,14.402,12.262
8912,1.97,13.964,11.994
8913,2.06,13.129,11.069
8914,1.88,13.849,11.969
8915,2.07,13.92,11.85
8916,1.95,12.162,10.212
8917,1.59,15.773,14.183
8918,1.85,13.354,11.504
8919,1.82,12.783,10.963
8920,1.97,11.966,9.996
8921,1.5,11.979,10.479
8922,1.51,11.626,10.116
8923,1.57,11.464,9.894
8924,1.78,11.569,9.789
8925,1.98,11.758,9.778
8926,1.93,11.932,10.002
8927,1.91,16.307,14.397
8928,1.96,14.42,12.46
8929,2.0,14.389,12.389
8930,1.81,15.893,14.083
8931,1.77,16.059,14.289
8932,1.71,14.653,12.943
8933,1.67,14.516,12.846
8934,1.97,14.111,12.141
8935,1.75,14.53,12.78
8936,1.67,14.254,12.584
8937,1.94,14.14,12.2
8938,1.72,14.92,13.2
8939,1.82,14.149,12.329
8940,1.69,16.442,14.752
8941,1.63,16.818,15.188
8942,1.8,16.766,14.966
8943,1.81,16.258,14.448
8944,1.72,16.779,15.059
8945,1.84,16.818,14.978
8946,1.64,16.562,14.922
8947,1.75,16.458,14.708
8948,1.54,14.547,13.007
8949,1.72,14.525,12.805
8950,1.76,16.658,14.898
8951,1.77,13.656,11.886
8952,2.05,14.836,12.786
8953,1.93,14.866,12.936
8954,2.45,16.868,14.418
8955,3.13,14.262,11.132
8956,1.95,15.114,13.164
8957,2.37,14.596,12.226
8958,1.19,16.928,15.738
8959,2.9,17.911,15.011
8960,2.01,17.916,15.906
8961,1.7,16.016,14.316
8962,2.13,17.77,15.64
8963,1.92,17.803,15.883
8964,1.84,17.518,15.678
8965,2.2,17.29,15.09
8966,2.09,16.933,14.843
8967,1.85,16.681,14.831
8968,2.18,17.068,14.888
8969,2.13,17.134,15.004
8970,1.85,16.913,15.063
8971,4.71,16.925,12.215
8972,1.3,16.657,15.357
8973,1.75,17.285,15.535
8974,1.55,17.283,15.733
8975,1.9,17.437,15.537
8976,1.69,17.516,15.826
8977,1.59,17.359,15.769
8978,1.71,17.402,15.692
8979,1.64,17.276,15.636
8980,1.61,17.211,15.601
8981,1.43,17.497,16.067
8982,1.64,16.984,15.344
8983,1.5,17.236,15.736
8984,1.73,17.369,15.639
8985,1.76,17.139,15.379
8986,1.67,17.485,15.815
8987,1.63,17.379,15.749
8988,1.69,17.194,15.504
8989,1.42,17.719,16.299
8990,1.43,17.195,15.765
8991,1.54,17.234,15.694
8992,1.4,17.883,16.483
8993,1.33,18.031,16.701
8994,1.79,17.094,15.304
8995,1.69,17.123,15.433
8996,1.67,18.133,16.463
8997,1.72,17.303,15.583
8998,1.54,16.96,15.42
8999,1.69,18.389,16.699
9000,1.7,17.433,15.733
9001,1.61,16.933,15.323
9002,1.6,16.44,14.84
9003,1.46,17.291,15.831
9004,1.59,15.929,14.339
9005,1.68,16.355,14.675
9006,1.43,16.518,15.088
9007,1.54,16.444,14.904
9008,1.54,16.425,14.885
9009,1.51,16.167,14.657
9010,1.54,14.296,12.756
9011,1.62,16.13,14.51
9012,1.57,17.112,15.542
9013,1.64,15.998,14.358
9014,1.55,15.128,13.578
9015,1.51,15.988,14.478
9016,1.53,15.774,14.244
9017,1.7,15.849,14.149
9018,1.47,15.637,14.167
9019,1.38,16.679,15.299
9020,1.47,17.504,16.034
9021,1.66,17.295,15.635
9022,1.56,17.618,16.058
9023,1.31,16.046,14.736
9024,1.37,17.683,16.313
9025,1.3,17.274,15.974
9026,1.59,18.142,16.552
9027,1.54,18.671,17.131
9028,1.28,17.932,16.652
9029,1.61,17.294,15.684
9030,1.48,17.706,16.226
9031,1.52,17.58,16.06
9032,1.28,17.41,16.13
9033,1.57,17.785,16.215
9034,1.63,18.597,16.967
9035,1.57,18.66,17.09
9036,1.36,18.01,16.65
9037,1.48,18.104,16.624
9038,1.23,17.407,16.177
9039,1.63,18.066,16.436
9040,1.37,18.064,16.694
9041,1.8,18.079,16.279
9042,1.68,18.147,16.467
9043,1.53,18.403,16.873
9044,1.53,17.394,15.864
9045,1.47,17.024,15.554
9046,1.48,17.54,16.06
9047,1.7,18.201,16.501
9048,1.65,17.264,15.614
9049,1.65,16.619,14.969
9050,1.7,17.518,15.818
9051,1.92,17.684,15.764
9052,1.88,17.684,15.804
9053,1.56,17.882,16.322
9054,1.74,18.445,16.705
9055,1.53,18.239,16.709
9056,1.95,17.707,15.757
9057,2.96,18.482,15.522
9058,1.8,18.332,16.532
9059,2.25,18.248,15.998
9060,2.0,17.783,15.783
9061,2.36,17.783,15.423
9062,1.92,17.783,15.863
9063,2.48,17.364,14.884
9064,1.9,17.416,15.516
9065,1.42,17.189,15.769
9066,1.6,17.335,15.735
9067,1.93,17.014,15.084
9068,1.63,17.068,15.438
9069,2.63,16.626,13.996
9070,2.01,16.809,14.799
9071,1.74,17.386,15.646
9072,1.8,17.335,15.535
9073,1.7,17.029,15.329
9074,1.91,16.626,14.716
9075,1.39,17.332,15.942
9076,1.65,17.928,16.278
9077,1.78,17.658,15.878
9078,1.87,17.269,15.399
9079,1.58,16.756,15.176
9080,2.08,16.879,14.799
9081,2.16,16.844,14.684
9082,2.0,16.844,14.844
9083,1.97,16.844,14.874
9084,1.83,16.991,15.161
9085,1.57,16.937,15.367
9086,1.86,16.937,15.077
9087,1.38,16.876,15.496
9088,1.76,16.72,14.96
9089,2.38,17.143,14.763
9090,2.41,16.626,14.216
9091,2.03,17.057,15.027
9092,1.6,17.057,15.457
9093,1.55,16.626,15.076
9094,2.56,17.057,14.497
9095,2.22,16.648,14.428
9096,1.69,16.667,14.977
9097,1.76,16.945,15.185
9098,1.97,16.945,14.975
9099,1.92,16.121,14.201
9100,1.45,16.18,14.73
9101,1.96,16.499,14.539
9102,1.67,15.752,14.082
9103,1.69,15.167,13.477
9104,1.54,14.101,12.561
9105,1.59,13.542,11.952
9106,1.48,14.101,12.621
9107,1.8,14.172,12.372
9108,1.48,14.185,12.705
9109,2.19,14.2,12.01
9110,1.53,15.095,13.565
9111,1.79,17.143,15.353
9112,1.97,17.154,15.184
9113,1.41,16.678,15.268
9114,1.35,17.084,15.734
9115,1.2,16.613,15.413
9116,1.49,16.613,15.123
9117,1.2,15.228,14.028
9118,1.31,16.864,15.554
9119,1.17,15.983,14.813
9120,1.47,15.445,13.975
9121,1.39,17.334,15.944
9122,1.12,16.947,15.827
9123,1.45,16.947,15.497
9124,1.29,17.525,16.235
9125,1.35,17.043,15.693
9126,1.29,16.827,15.537
9127,1.31,16.947,15.637
9128,1.26,15.945,14.685
9129,1.36,17.218,15.858
9130,1.21,15.375,14.165
9131,1.31,15.933,14.623
9132,1.63,17.571,15.941
9133,1.34,17.628,16.288
9134,1.53,17.484,15.954
9135,1.23,16.779,15.549
9136,1.58,17.139,15.559
9137,1.8,16.904,15.104
9138,1.94,16.558,14.618
9139,1.88,19.991,18.111
9140,1.85,18.084,16.234
9141,1.78,18.68,16.9
9142,2.57,18.988,16.418
9143,2.16,16.721,14.561
9144,2.67,17.568,14.898
9145,2.21,15.842,13.632
9146,3.11,17.508,14.398
9147,2.15,17.913,15.763
9148,2.72,18.02,15.3
9149,2.84,17.941,15.101
9150,2.2,18.404,16.204
9151,1.98,18.61,16.63
9152,2.75,16.404,13.654
9153,2.13,16.64,14.51
9154,2.81,18.814,16.004
9155,2.27,16.393,14.123
9156,2.39,18.037,15.647
9157,2.33,17.955,15.625
9158,2.93,17.9,14.97
9159,1.79,18.664,16.874
9160,2.47,19.111,16.641
9161,2.41,18.85,16.44
9162,2.25,19.042,16.792
9163,1.97,18.506,16.536
9164,2.89,18.767,15.877
9165,1.66,18.083,16.423
9166,3.19,19.322,16.132
9167,2.49,17.202,14.712
9168,2.45,17.545,15.095
9169,2.0,17.672,15.672
9170,1.86,17.106,15.246
9171,1.95,16.694,14.744
9172,1.94,16.675,14.735
9173,1.91,17.451,15.541
9174,2.22,16.206,13.986
9175,2.38,16.703,14.323
9176,2.06,16.936,14.876
9177,1.67,17.162,15.492
9178,1.92,17.125,15.205
9179,2.22,17.288,15.068
9180,2.71,16.84,14.13
9181,2.02,16.937,14.917
9182,2.26,18.157,15.897
9183,1.93,17.388,15.458
9184,8.49,17.436,8.946
9185,1.85,16.709,14.859
9186,4.34,17.278,12.938
9187,1.71,17.152,15.442
9188,1.87,16.616,14.746
9189,2.04,16.651,14.611
9190,3.25,16.672,13.422
9191,2.15,16.672,14.522
9192,2.41,16.664,14.254
9193,2.01,15.28,13.27
9194,2.45,17.005,14.555
9195,1.86,16.361,14.501
9196,2.08,16.067,13.987
9197,2.1,17.07,14.97
9198,1.94,17.077,15.137
9199,2.0,17.274,15.274
9200,2.08,16.649,14.569
9201,2.08,15.249,13.169
9202,2.67,12.692,10.022
9203,2.27,12.278,10.008
9204,2.01,13.551,11.541
9205,2.05,13.347,11.297
9206,2.0,12.147,10.147
9207,2.2,12.278,10.078
9208,1.62,12.757,11.137
9209,1.52,13.327,11.807
9210,1.48,13.327,11.847
9211,1.7,12.278,10.578
9212,1.53,13.152,11.622
9213,1.33,9.605,8.275
9214,1.28,11.627,10.347
9215,1.24,9.206,7.966
9216,1.25,10.375,9.125
9217,1.33,12.821,11.491
9218,1.18,10.664,9.484
9219,1.41,13.264,11.854
9220,1.33,11.542,10.212
9221,1.23,9.524,8.294
9222,1.28,10.404,9.124
9223,1.16,9.607,8.447
9224,1.07,9.86,8.79
9225,1.1,9.809,8.709
9226,0.92,10.069,9.149
9227,0.94,9.878,8.938
9228,1.23,9.674,8.444
9229,1.04,8.468,7.428
9230,1.29,4.521,3.231
9231,1.15,4.641,3.491
9232,1.48,14.27,12.79
9233,1.02,12.107,11.087
9234,1.17,8.242,7.072
9235,1.2,4.613,3.413
9236,1.29,4.21,2.92
9237,1.19,4.663,3.473
9238,1.52,3.366,1.846
9239,1.38,12.075,10.695
9240,1.31,12.719,11.409
9241,1.31,12.723,11.413
9242,1.31,12.313,11.003
9243,1.32,11.424,10.104
9244,1.4,11.634,10.234
9245,1.6,14.34,12.74
9246,1.73,14.639,12.909
9247,2.18,17.886,15.706
9248,1.59,18.308,16.718
9249,1.48,5.405,3.925
9250,1.59,10.706,9.116
9251,1.56,5.211,3.651
9252,1.81,5.666,3.856
9253,1.52,4.929,3.409
9254,1.94,5.212,3.272
9255,1.16,4.358,3.198
9256,1.33,5.083,3.753
9257,1.36,11.95,10.59
9258,1.45,12.086,10.636
9259,1.26,12.025,10.765
9260,1.84,10.624,8.784
9261,1.63,9.025,7.395
9262,1.67,8.589,6.919
9263,1.91,6.218,4.308
9264,1.6,7.647,6.047
9265,1.76,5.715,3.955
9266,1.94,5.377,3.437
9267,1.52,5.293,3.773
9268,1.86,5.402,3.542
9269,1.72,5.204,3.484
9270,1.6,5.293,3.693
9271,1.64,5.408,3.768
9272,1.79,5.173,3.383
9273,1.85,5.167,3.317
9274,1.83,5.167,3.337
9275,1.47,5.172,3.702
9276,1.53,4.677,3.147
9277,1.45,4.675,3.225
9278,1.63,4.872,3.242
9279,2.01,5.186,3.176
9280,1.48,5.169,3.689
9281,1.86,5.129,3.269
9282,1.82,5.091,3.271
9283,1.51,5.09,3.58
9284,2.11,5.09,2.98
9285,1.76,5.054,3.294
9286,1.78,5.221,3.441
9287,1.59,5.902,4.312
9288,1.22,5.704,4.484
9289,1.97,5.264,3.294
9290,1.66,5.651,3.991
9291,1.74,5.749,4.009
9292,1.7,5.782,4.082
9293,1.5,14.022,12.522
9294,1.87,14.623,12.753
9295,1.49,15.898,14.408
9296,1.69,16.073,14.383
9297,2.06,16.422,14.362
9298,1.97,14.162,12.192
9299,1.41,12.421,11.011
9300,1.75,8.715,6.965
9301,1.89,6.692,4.802
9302,1.58,10.872,9.292
9303,1.85,8.711,6.861
9304,1.64,8.711,7.071
9305,2.01,5.782,3.772
9306,1.79,5.046,3.256
9307,1.5,5.647,4.147
9308,1.53,5.647,4.117
9309,1.96,5.62,3.66
9310,1.45,5.839,4.389
9311,1.5,4.996,3.496
9312,1.58,5.19,3.61
9313,1.58,5.086,3.506
9314,1.33,5.353,4.023
9315,1.46,5.353,3.893
9316,1.43,4.468,3.038
9317,1.37,5.545,4.175
9318,1.61,5.545,3.935
9319,1.38,5.82,4.44
9320,1.43,5.82,4.39
9321,1.55,5.706,4.156
9322,1.3,5.765,4.465
9323,1.64,5.894,4.254
9324,1.67,5.999,4.329
9325,1.26,5.096,3.836
9326,1.57,5.146,3.576
9327,1.48,5.157,3.677
9328,1.57,5.273,3.703
9329,1.46,5.276,3.816
9330,1.65,9.725,8.075
9331,1.52,9.615,8.095
9332,1.4,10.806,9.406
9333,1.62,12.56,10.94
9334,1.55,10.442,8.892
9335,1.71,11.913,10.203
9336,1.88,12.657,10.777
9337,1.93,12.791,10.861
9338,1.24,16.964,15.724
9339,1.36,14.658,13.298
9340,1.5,14.518,13.018
9341,1.47,13.303,11.833
9342,3.22,14.488,11.268
9343,1.47,13.303,11.833
9344,1.64,13.303,11.663
9345,1.84,17.681,15.841
9346,2.91,16.8,13.89
9347,1.83,17.454,15.624
9348,1.68,16.522,14.842
9349,1.57,16.056,14.486
9350,1.37,16.482,15.112
9351,1.55,16.786,15.236
9352,2.27,16.605,14.335
9353,2.1,14.258,12.158
9354,1.64,12.184,10.544
9355,1.24,11.568,10.328
9356,1.71,9.377,7.667
9357,1.55,8.702,7.152
9358,1.55,10.3,8.75
9359,1.54,9.091,7.551
9360,1.64,8.347,6.707
9361,1.51,8.207,6.697
9362,1.45,6.118,4.668
9363,1.65,7.998,6.348
9364,1.77,5.833,4.063
9365,1.54,5.833,4.293
9366,1.39,10.3,8.91
9367,2.53,7.876,5.346
9368,1.99,7.874,5.884
9369,1.55,7.747,6.197
9370,1.68,13.532,11.852
9371,1.86,12.845,10.985
9372,1.51,14.367,12.857
9373,1.62,14.113,12.493
9374,1.76,14.218,12.458
9375,1.63,13.634,12.004
9376,1.44,13.242,11.802
9377,1.64,13.095,11.455
9378,1.69,13.622,11.932
9379,1.56,13.095,11.535
9380,1.96,13.783,11.823
9381,1.79,13.059,11.269
9382,2.09,13.066,10.976
9383,1.77,12.659,10.889
9384,2.31,10.455,8.145
9385,1.53,10.455,8.925
9386,1.78,9.263,7.483
9387,1.84,9.263,7.423
9388,1.74,9.7,7.96
9389,1.84,9.26,7.42
9390,1.31,8.388,7.078
9391,2.07,9.031,6.961
9392,2.36,8.388,6.028
9393,2.09,9.7,7.61
9394,2.49,8.389,5.899
9395,2.2,8.389,6.189
9396,1.18,9.075,7.895
9397,1.85,8.152,6.302
9398,1.62,8.627,7.007
9399,1.59,8.591,7.001
9400,1.62,8.868,7.248
9401,1.74,11.52,9.78
9402,1.47,11.202,9.732
9403,1.55,10.61,9.06
9404,1.84,10.451,8.611
9405,1.83,9.978,8.148
9406,1.41,10.217,8.807
9407,1.76,10.217,8.457
9408,1.89,10.661,8.771
9409,1.76,10.661,8.901
9410,1.48,8.591,7.111
9411,1.34,11.202,9.862
9412,1.62,9.027,7.407
9413,1.53,11.807,10.277
9414,1.34,15.346,14.006
9415,1.31,16.28,14.97
9416,1.46,11.63,10.17
9417,1.37,9.128,7.758
9418,1.38,11.885,10.505
9419,1.28,11.863,10.583
9420,1.13,11.863,10.733
9421,1.13,10.492,9.362
9422,1.21,11.627,10.417
9423,1.04,10.81,9.77
9424,1.17,10.668,9.498
9425,1.14,11.286,10.146
9426,1.14,11.316,10.176
9427,1.29,12.169,10.879
9428,1.01,10.019,9.009
9429,1.16,8.599,7.439
9430,1.08,8.901,7.821
9431,1.09,8.946,7.856
9432,1.26,9.559,8.299
9433,1.27,9.578,8.308
9434,1.4,12.473,11.073
9435,1.16,9.868,8.708
9436,1.31,12.358,11.048
9437,1.58,12.357,10.777
9438,1.35,12.129,10.779
9439,1.22,12.403,11.183
9440,1.27,9.256,7.986
9441,1.28,8.96,7.68
9442,1.26,9.835,8.575
9443,1.5,12.245,10.745
9444,1.46,12.26,10.8
9445,1.37,10.498,9.128
9446,1.34,12.581,11.241
9447,1.49,10.675,9.185
9448,1.18,8.672,7.492
9449,1.27,9.522,8.252
9450,1.38,7.683,6.303
9451,1.49,7.819,6.329
9452,1.36,9.734,8.374
9453,1.43,9.071,7.641
9454,1.36,10.471,9.111
9455,1.37,9.825,8.455
9456,1.46,9.883,8.423
9457,1.44,10.265,8.825
9458,1.24,9.118,7.878
9459,1.28,8.167,6.887
9460,1.31,8.604,7.294
9461,1.29,8.606,7.316
9462,1.29,8.069,6.779
9463,1.21,9.954,8.744
9464,1.32,9.824,8.504
9465,1.39,8.773,7.383
9466,1.35,10.407,9.057
9467,1.55,9.377,7.827
9468,1.24,10.59,9.35
9469,1.45,12.039,10.589
9470,1.48,11.113,9.633
9471,1.36,11.936,10.576
9472,1.35,12.527,11.177
9473,1.69,11.878,10.188
9474,1.82,12.876,11.056
9475,1.35,11.956,10.606
9476,1.52,11.352,9.832
9477,1.37,10.9,9.53
9478,1.41,12.236,10.826
9479,1.6,9.78,8.18
9480,1.41,11.723,10.313
9481,1.66,11.405,9.745
9482,1.6,11.648,10.048
9483,1.43,11.631,10.201
9484,2.15,12.214,10.064
9485,1.51,11.599,10.089
9486,1.37,9.67,8.3
9487,1.29,9.923,8.633
9488,1.44,11.247,9.807
9489,1.76,13.73,11.97
9490,1.72,16.571,14.851
9491,1.73,12.569,10.839
9492,1.68,12.289,10.609
9493,1.57,13.581,12.011
9494,1.33,13.58,12.25
9495,1.6,12.109,10.509
9496,1.61,13.581,11.971
9497,1.72,13.521,11.801
9498,1.46,13.977,12.517
9499,1.73,13.764,12.034
9500,1.08,11.099,10.019
9501,1.8,14.206,12.406
9502,1.88,13.123,11.243
9503,1.38,12.245,10.865
9504,1.6,10.834,9.234
9505,1.63,10.946,9.316
9506,1.63,10.294,8.664
9507,1.78,9.561,7.781
9508,1.73,12.081,10.351
9509,1.51,11.071,9.561
9510,1.57,10.962,9.392
9511,1.52,10.409,8.889
9512,1.86,11.12,9.26
9513,1.6,12.145,10.545
9514,1.49,12.598,11.108
9515,1.48,14.427,12.947
9516,1.78,14.23,12.45
9517,1.49,12.187,10.697
9518,1.85,13.205,11.355
9519,2.18,14.76,12.58
9520,1.81,10.794,8.984
9521,1.76,12.812,11.052
9522,1.67,14.712,13.042
9523,1.76,13.367,11.607
9524,1.68,12.476,10.796
9525,2.03,11.68,9.65
9526,2.1,11.424,9.324
9527,1.84,11.132,9.292
9528,1.5,11.915,10.415
9529,1.84,12.32,10.48
9530,2.17,9.79,7.62
9531,1.28,10.151,8.871
9532,1.82,9.608,7.788
9533,1.5,9.565,8.065
9534,1.72,8.378,6.658
9535,1.95,10.209,8.259
9536,1.76,8.941,7.181
9537,1.55,7.951,6.401
9538,1.6,8.346,6.746
9539,1.39,8.646,7.256
9540,1.75,8.946,7.196
9541,2.59,8.535,5.945
9542,1.47,8.505,7.035
9543,1.37,8.487,7.117
9544,2.05,8.034,5.984
9545,2.0,8.707,6.707
9546,1.47,12.561,11.091
9547,1.42,12.826,11.406
9548,1.51,11.574,10.064
9549,1.61,12.119,10.509
9550,1.51,12.849,11.339
9551,1.01,12.18,11.17
9552,1.0,12.479,11.479
9553,1.6,12.479,10.879
9554,1.86,12.571,10.711
9555,1.62,12.571,10.951
9556,1.4,12.727,11.327
9557,1.75,12.368,10.618
9558,1.67,12.793,11.123
9559,1.57,13.038,11.468
9560,1.51,13.286,11.776
9561,1.56,12.961,11.401
9562,1.53,12.615,11.085
9563,1.79,12.0,10.21
9564,1.49,12.207,10.717
9565,1.57,11.998,10.428
9566,2.02,12.212,10.192
9567,1.66,12.633,10.973
9568,1.14,12.674,11.534
9569,2.01,12.027,10.017
9570,1.44,12.027,10.587
9571,1.94,10.408,8.468
9572,1.99,10.022,8.032
9573,1.85,9.955,8.105
9574,1.57,9.942,8.372
9575,1.49,10.142,8.652
9576,1.53,9.937,8.407
9577,1.66,10.04,8.38
9578,1.62,10.034,8.414
9579,1.39,11.521,10.131
9580,1.86,11.544,9.684
9581,1.8,11.544,9.744
9582,1.49,10.021,8.531
9583,1.92,10.04,8.12
9584,1.94,9.958,8.018
9585,2.07,10.093,8.023
9586,1.51,9.289,7.779
9587,1.61,9.998,8.388
9588,1.46,9.752,8.292
9589,1.55,9.83,8.28
9590,1.42,9.5,8.08
9591,1.33,9.878,8.548
9592,1.29,10.06,8.77
9593,1.18,9.657,8.477
9594,1.67,9.995,8.325
9595,1.5,9.884,8.384
9596,1.52,9.793,8.273
9597,1.44,9.926,8.486
9598,1.39,10.021,8.631
9599,1.62,11.21,9.59
9600,1.25,11.132,9.882
9601,1.66,10.478,8.818
9602,2.52,10.065,7.545
9603,1.81,11.179,9.369
9604,1.7,10.531,8.831
9605,1.38,10.4,9.02
9606,1.73,11.254,9.524
9607,1.63,11.074,9.444
9608,1.55,10.805,9.255
9609,1.49,10.131,8.641
9610,1.48,9.928,8.448
9611,1.51,10.267,8.757
9612,1.33,11.261,9.931
9613,1.15,10.285,9.135
9614,1.53,9.664,8.134
9615,1.59,9.66,8.07
9616,1.47,9.571,8.101
9617,2.06,8.795,6.735
9618,1.61,8.538,6.928
9619,1.79,8.73,6.94
9620,2.27,8.558,6.288
9621,3.27,8.636,5.366
9622,1.49,8.626,7.136
9623,1.71,8.59,6.88
9624,1.59,9.314,7.724
9625,1.63,8.445,6.815
9626,1.23,10.12,8.89
9627,1.98,9.58,7.6
9628,1.47,9.594,8.124
9629,1.93,9.46,7.53
9630,1.86,9.243,7.383
9631,1.17,9.864,8.694
9632,1.43,7.587,6.157
9633,1.39,8.13,6.74
9634,1.03,7.918,6.888
9635,1.37,9.932,8.562
9636,0.96,9.204,8.244
9637,1.2,9.275,8.075
9638,1.21,9.56,8.35
9639,1.47,8.233,6.763
9640,2.0,8.25,6.25
9641,1.32,8.284,6.964
9642,1.26,8.275,7.015
9643,1.44,8.266,6.826
9644,1.24,8.185,6.945
9645,1.88,8.529,6.649
9646,1.55,8.517,6.967
9647,1.26,8.544,7.284
9648,1.54,8.526,6.986
9649,1.24,8.654,7.414
9650,1.32,9.256,7.936
9651,1.15,9.328,8.178
9652,1.43,9.35,7.92
9653,1.38,9.246,7.866
9654,1.4,8.527,7.127
9655,1.37,8.421,7.051
9656,1.8,7.888,6.088
9657,1.49,7.88,6.39
9658,1.67,8.56,6.89
9659,1.36,8.421,7.061
9660,1.53,8.585,7.055
9661,1.24,8.643,7.403
9662,1.5,8.445,6.945
9663,1.59,8.585,6.995
9664,1.91,7.977,6.067
9665,1.54,8.045,6.505
9666,1.28,7.894,6.614
9667,1.32,6.868,5.548
9668,1.64,7.151,5.511
9669,1.68,7.298,5.618
9670,1.24,7.018,5.778
9671,1.26,6.988,5.728
9672,1.37,6.608,5.238
9673,1.29,6.564,5.274
9674,1.53,6.528,4.998
9675,1.21,6.482,5.272
9676,1.36,6.482,5.122
9677,1.42,6.482,5.062
9678,1.59,6.323,4.733
9679,1.36,6.223,4.863
9680,1.91,6.223,4.313
9681,1.5,6.314,4.814
9682,1.33,6.366,5.036
9683,1.48,6.378,4.898
9684,1.62,6.318,4.698
9685,1.53,6.252,4.722
9686,1.74,6.309,4.569
9687,1.21,6.309,5.099
9688,1.42,6.189,4.769
9689,1.27,6.189,4.919
9690,1.35,6.234,4.884
9691,1.47,6.252,4.782
9692,1.43,6.188,4.758
9693,1.3,6.161,4.861
9694,1.4,6.378,4.978
9695,1.26,6.6,5.34
9696,1.14,5.824,4.684
9697,0.94,5.888,4.948
9698,1.18,6.042,4.862
9699,1.05,6.384,5.334
9700,1.15,6.489,5.339
9701,1.18,6.519,5.339
9702,1.02,6.996,5.976
9703,1.06,6.994,5.934
9704,1.02,6.338,5.318
9705,0.94,6.977,6.037
9706,0.9,6.422,5.522
9707,1.12,6.513,5.393
9708,1.16,7.124,5.964
9709,1.1,6.42,5.32
9710,1.12,6.622,5.502
9711,1.08,6.489,5.409
9712,1.17,6.269,5.099
9713,1.26,6.188,4.928
9714,1.12,6.285,5.165
9715,1.15,6.398,5.248
9716,1.21,7.038,5.828
9717,1.14,5.9,4.76
9718,1.12,6.316,5.196
9719,1.32,7.041,5.721
9720,1.09,6.788,5.698
9721,1.23,6.44,5.21
9722,1.25,6.329,5.079
9723,1.22,6.24,5.02
9724,1.11,6.354,5.244
9725,1.78,6.371,4.591
9726,1.34,6.807,5.467
9727,1.41,6.478,5.068
9728,1.45,8.262,6.812
9729,1.36,6.767,5.407
9730,1.46,7.871,6.411
9731,1.37,8.342,6.972
9732,1.37,8.314,6.944
9733,1.7,6.688,4.988
9734,1.59,6.153,4.563
9735,1.35,6.491,5.141
9736,1.76,6.445,4.685
9737,1.34,6.531,5.191
9738,1.62,6.46,4.84
9739,1.29,6.247,4.957
9740,1.27,6.392,5.122
9741,1.29,6.422,5.132
9742,1.13,7.565,6.435
9743,1.64,7.553,5.913
9744,1.37,6.422,5.052
9745,1.14,6.596,5.456
9746,1.3,6.517,5.217
9747,1.17,6.333,5.163
9748,1.18,6.391,5.211
9749,1.15,6.04,4.89
9750,1.19,6.063,4.873
9751,1.21,5.889,4.679
9752,1.23,6.671,5.441
9753,1.42,6.703,5.283
9754,1.32,6.816,5.496
9755,1.43,6.106,4.676
9756,1.22,5.986,4.766
9757,1.62,6.068,4.448
9758,1.39,6.843,5.453
9759,1.33,6.707,5.377
9760,1.51,6.309,4.799
9761,1.48,6.657,5.177
9762,1.2,6.156,4.956
9763,1.6,6.484,4.884
9764,1.6,6.489,4.889
9765,1.37,6.504,5.134
9766,1.36,6.355,4.995
9767,1.71,6.399,4.689
9768,1.45,6.407,4.957
9769,1.52,6.407,4.887
9770,1.75,6.407,4.657
9771,1.16,6.407,5.247
9772,1.15,6.495,5.345
9773,1.24,6.614,5.374
9774,1.53,6.62,5.09
9775,1.32,6.634,5.314
9776,1.65,6.663,5.013
9777,2.97,6.762,3.792
9778,1.28,6.568,5.288
9779,1.39,6.506,5.116
9780,2.14,6.41,4.27
9781,1.57,6.437,4.867
9782,1.98,6.437,4.457
9783,1.43,6.474,5.044
9784,1.54,6.574,5.034
9785,1.65,5.998,4.348
9786,1.01,5.988,4.978
9787,3.83,6.61,2.78
9788,2.27,6.7,4.43
9789,2.26,7.469,5.209
9790,1.66,6.307,4.647
9791,1.87,6.722,4.852
9792,1.7,6.795,5.095
9793,1.49,6.557,5.067
9794,1.25,6.446,5.196
9795,1.13,6.493,5.363
9796,1.28,6.34,5.06
9797,1.15,6.373,5.223
9798,1.06,6.513,5.453
9799,1.08,6.683,5.603
9800,0.97,7.75,6.78
9801,1.14,7.333,6.193
9802,1.01,7.032,6.022
9803,1.16,6.019,4.859
9804,1.01,7.083,6.073
9805,1.09,7.038,5.948
9806,1.17,8.181,7.011
9807,1.05,8.193,7.143
9808,1.2,7.569,6.369
9809,1.12,7.974,6.854
9810,2.53,7.875,5.345
9811,1.63,6.672,5.042
9812,1.41,6.471,5.061
9813,1.16,6.424,5.264
9814,1.13,6.591,5.461
9815,1.47,6.417,4.947
9816,1.75,6.193,4.443
9817,1.02,6.153,5.133
9818,1.14,6.177,5.037
9819,1.19,6.073,4.883
9820,0.9,6.039,5.139
9821,1.55,5.912,4.362
9822,1.11,5.912,4.802
9823,0.93,6.019,5.089
9824,1.42,6.019,4.599
9825,1.22,6.031,4.811
9826,1.44,5.916,4.476
9827,1.16,5.916,4.756
9828,1.23,6.023,4.793
9829,1.09,5.881,4.791
9830,1.65,6.126,4.476
9831,17.62,5.916,-11.704
9832,1.21,6.121,4.911
9833,1.1,6.314,5.214
9834,1.15,6.314,5.164
9835,1.92,5.993,4.073
9836,1.24,5.967,4.727
9837,0.87,5.966,5.096
9838,1.3,6.065,4.765
9839,1.33,5.84,4.51
9840,1.17,5.876,4.706
9841,1.46,5.908,4.448
9842,1.23,5.918,4.688
9843,1.16,5.931,4.771
9844,2.9,5.859,2.959
9845,1.19,5.953,4.763
9846,1.46,5.953,4.493
9847,2.09,6.091,4.001
9848,1.27,6.161,4.891
9849,1.39,6.169,4.779
9850,1.06,6.187,5.127
9851,0.79,6.378,5.588
9852,1.19,6.412,5.222
9853,0.89,6.394,5.504
9854,2.27,6.378,4.108
9855,0.93,6.396,5.466
9856,1.91,6.471,4.561
9857,1.42,6.419,4.999
9858,1.17,6.373,5.203
9859,1.28,6.379,5.099
9860,1.7,6.387,4.687
9861,1.11,6.364,5.254
9862,1.4,6.357,4.957
9863,1.79,6.379,4.589
9864,1.31,6.135,4.825
9865,1.35,6.159,4.809
9866,0.98,6.133,5.153
9867,1.47,6.125,4.655
9868,1.8,6.134,4.334
9869,1.72,6.09,4.37
9870,1.45,6.077,4.627
9871,1.67,6.088,4.418
9872,1.62,6.115,4.495
9873,1.57,6.324,4.754
9874,1.41,6.09,4.68
9875,1.67,6.295,4.625
9876,1.58,6.09,4.51
9877,1.38,6.102,4.722
9878,1.81,6.321,4.511
9879,1.62,6.321,4.701
9880,1.52,6.312,4.792
9881,1.46,6.317,4.857
9882,1.48,6.124,4.644
9883,1.62,6.096,4.476
9884,0.9,6.09,5.19
9885,1.38,6.347,4.967
9886,1.29,6.425,5.135
9887,1.07,6.421,5.351
9888,1.13,6.025,4.895
9889,1.03,6.025,4.995
9890,0.91,6.167,5.257
9891,1.4,5.953,4.553
9892,0.94,6.096,5.156
9893,1.18,6.012,4.832
9894,1.22,5.973,4.753
9895,1.12,5.876,4.756
9896,1.09,5.92,4.83
9897,1.07,6.05,4.98
9898,1.0,6.324,5.324
9899,1.25,5.992,4.742
9900,0.98,5.264,4.284
9901,1.12,5.288,4.168
9902,1.1,5.277,4.177
9903,1.0,5.11,4.11
9904,1.15,4.8,3.65
9905,1.07,4.934,3.864
9906,0.96,4.94,3.98
9907,1.19,4.896,3.706
9908,1.07,4.952,3.882
9909,1.08,4.922,3.842
9910,0.95,4.851,3.901
9911,1.34,4.789,3.449
9912,1.12,4.838,3.718
9913,1.23,4.594,3.364
9914,1.22,4.598,3.378
9915,1.11,4.563,3.453
9916,1.28,4.58,3.3
9917,1.27,4.546,3.276
9918,1.13,4.67,3.54
9919,1.45,4.58,3.13
9920,1.32,5.741,4.421
9921,1.3,5.809,4.509
9922,1.25,5.781,4.531
9923,1.18,5.583,4.403
9924,1.17,5.704,4.534
9925,1.35,5.91,4.56
9926,1.51,6.0,4.49
9927,3.84,6.406,2.566
9928,2.29,5.926,3.636
9929,1.49,5.659,4.169
9930,1.23,6.004,4.774
9931,1.29,6.32,5.03
9932,1.41,6.223,4.813
9933,1.38,5.699,4.319
9934,1.07,5.493,4.423
9935,1.15,5.056,3.906
9936,1.25,4.985,3.735
9937,1.3,5.009,3.709
9938,1.35,4.922,3.572
9939,1.27,4.844,3.574
9940,1.65,5.852,4.202
9941,1.34,5.813,4.473
9942,1.24,5.203,3.963
9943,1.28,5.834,4.554
9944,1.24,5.852,4.612
9945,0.99,5.22,4.23
9946,1.4,4.957,3.557
9947,1.27,5.548,4.278
9948,1.32,5.548,4.228
9949,1.4,5.51,4.11
9950,1.08,5.651,4.571
9951,1.41,5.651,4.241
9952,1.42,5.651,4.231
9953,1.08,5.651,4.571
9954,1.08,5.813,4.733
9955,1.15,5.903,4.753
9956,1.35,5.51,4.16
9957,1.34,5.647,4.307
9958,1.37,4.915,3.545
9959,0.94,4.977,4.037
9960,1.15,4.935,3.785
9961,1.35,4.963,3.613
9962,1.09,4.971,3.881
9963,1.36,4.585,3.225
9964,1.46,4.664,3.204
9965,1.22,4.882,3.662
9966,1.0,5.497,4.497
9967,1.32,4.889,3.569
9968,1.28,4.885,3.605
9969,0.94,4.976,4.036
9970,1.33,4.916,3.586
9971,1.75,4.927,3.177
9972,1.42,4.951,3.531
9973,1.67,5.662,3.992
9974,1.34,5.737,4.397
9975,1.48,5.855,4.375
9976,1.29,5.73,4.44
9977,1.55,5.467,3.917
9978,1.74,5.474,3.734
9979,1.32,5.433,4.113
9980,1.42,5.541,4.121
9981,1.49,5.623,4.133
9982,1.27,5.469,4.199
9983,1.33,5.624,4.294
9984,1.24,5.589,4.349
9985,1.12,5.589,4.469
9986,1.83,5.589,3.759
9987,1.35,5.598,4.248
9988,1.74,5.568,3.828
9989,1.24,5.568,4.328
9990,1.47,5.576,4.106
9991,1.36,5.604,4.244
9992,1.42,5.553,4.133
9993,1.29,5.504,4.214
9994,1.22,5.553,4.333
9995,1.36,5.479,4.119
9996,1.3,5.538,4.238
9997,1.38,5.634,4.254
9998,1.41,5.634,4.224
9999,1.35,5.811,4.461
10000,1.57,5.811,4.241
10001,1.21,5.798,4.588
10002,1.29,5.8,4.51
10003,1.16,6.951,5.791
10004,1.2,6.995,5.795
10005,1.42,6.454,5.034
10006,1.63,5.539,3.909
10007,1.31,5.442,4.132
10008,1.59,5.46,3.87
10009,1.41,5.46,4.05
10010,1.58,5.552,3.972
10011,1.21,5.559,4.349
10012,1.33,5.559,4.229
10013,1.6,5.814,4.214
10014,1.48,5.811,4.331
10015,1.55,5.771,4.221
10016,1.32,5.771,4.451
10017,1.59,5.804,4.214
10018,1.24,5.792,4.552
10019,1.24,5.805,4.565
10020,1.75,5.798,4.048
10021,1.23,5.806,4.576
10022,1.33,5.806,4.476
10023,1.49,5.806,4.316
10024,1.19,5.496,4.306
10025,1.58,5.672,4.092
10026,1.15,5.496,4.346
10027,1.23,5.474,4.244
10028,1.09,5.533,4.443
10029,1.25,5.496,4.246
10030,1.04,6.52,5.48
10031,1.32,6.464,5.144
10032,1.14,6.464,5.324
10033,1.59,6.51,4.92
10034,1.47,5.806,4.336
10035,1.35,5.805,4.455
10036,1.64,5.806,4.166
10037,1.41,5.806,4.396
10038,1.41,6.954,5.544
10039,1.81,6.986,5.176
10040,1.31,6.995,5.685
10041,2.05,6.78,4.73
10042,1.63,5.806,4.176
10043,1.89,5.805,3.915
10044,1.63,6.982,5.352
10045,1.52,6.982,5.462
10046,1.46,6.455,4.995
10047,1.66,6.418,4.758
10048,1.27,6.432,5.162
10049,1.51,6.519,5.009
10050,1.47,6.404,4.934
10051,1.46,6.288,4.828
10052,1.24,6.279,5.039
10053,1.09,6.219,5.129
10054,1.62,6.067,4.447
10055,1.89,6.046,4.156
10056,1.37,5.678,4.308
10057,1.62,5.457,3.837
10058,1.34,5.365,4.025
10059,1.33,5.937,4.607
10060,1.23,5.156,3.926
10061,1.36,5.152,3.792
10062,1.89,5.252,3.362
10063,1.69,5.252,3.562
10064,1.38,5.156,3.776
10065,1.63,5.152,3.522
10066,1.62,5.23,3.61
10067,1.29,5.23,3.94
10068,1.41,5.324,3.914
10069,1.09,5.301,4.211
10070,1.66,5.443,3.783
10071,1.51,5.56,4.05
10072,2.22,6.28,4.06
10073,1.49,5.302,3.812
10074,1.47,6.371,4.901
10075,1.58,5.87,4.29
10076,1.48,5.883,4.403
10077,1.24,5.437,4.197
10078,1.35,5.414,4.064
10079,1.31,5.46,4.15
10080,1.28,5.394,4.114
10081,1.28,5.141,3.861
10082,1.22,5.478,4.258
10083,1.15,5.573,4.423
10084,1.23,5.849,4.619
10085,1.26,5.45,4.19
10086,1.3,6.079,4.779
10087,1.37,5.805,4.435
10088,1.25,5.805,4.555
10089,1.18,5.613,4.433
10090,1.18,5.685,4.505
10091,1.29,5.865,4.575
10092,1.13,5.485,4.355
10093,1.17,5.826,4.656
10094,1.13,5.866,4.736
10095,1.41,5.824,4.414
10096,1.25,5.439,4.189
10097,1.28,5.854,4.574
10098,1.21,5.476,4.266
10099,1.36,5.239,3.879
10100,1.45,5.237,3.787
10101,1.63,5.292,3.662
10102,1.36,5.261,3.901
10103,1.32,5.239,3.919
10104,1.3,5.242,3.942
10105,1.22,5.142,3.922
10106,1.79,6.396,4.606
10107,1.78,6.583,4.803
10108,1.71,6.429,4.719
10109,1.84,6.597,4.757
10110,2.16,6.597,4.437
10111,1.91,7.966,6.056
10112,1.75,7.973,6.223
10113,2.19,7.929,5.739
10114,2.21,6.695,4.485
10115,1.8,6.86,5.06
10116,1.82,6.757,4.937
10117,1.91,7.069,5.159
10118,2.01,6.372,4.362
10119,2.0,6.409,4.409
10120,1.5,6.437,4.937
10121,1.93,5.998,4.068
10122,1.74,6.814,5.074
10123,1.79,7.196,5.406
10124,1.48,7.01,5.53
10125,1.68,7.082,5.402
10126,1.48,6.967,5.487
10127,1.47,7.053,5.583
10128,1.85,7.045,5.195
10129,1.55,7.002,5.452
10130,1.54,6.959,5.419
10131,1.5,6.959,5.459
10132,1.28,6.969,5.689
10133,1.4,7.026,5.626
10134,1.43,6.609,5.179
10135,1.3,6.609,5.309
10136,1.53,6.597,5.067
10137,1.49,6.401,4.911
10138,1.63,6.563,4.933
10139,1.37,6.597,5.227
10140,1.48,6.572,5.092
10141,1.51,6.451,4.941
10142,1.31,6.158,4.848
10143,1.26,6.297,5.037
10144,1.35,5.362,4.012
10145,1.45,5.476,4.026
10146,1.32,6.083,4.763
10147,1.32,5.791,4.471
10148,1.44,6.412,4.972
10149,1.31,5.362,4.052
10150,1.42,5.272,3.852
10151,1.36,5.061,3.701
10152,1.33,5.331,4.001
10153,1.39,5.061,3.671
10154,1.36,5.237,3.877
10155,1.46,5.256,3.796
10156,1.29,5.282,3.992
10157,1.31,5.431,4.121
10158,1.2,5.4,4.2
10159,1.4,5.446,4.046
10160,1.43,5.571,4.141
10161,1.42,5.496,4.076
10162,1.4,5.456,4.056
10163,1.4,5.456,4.056
10164,1.59,5.456,3.866
10165,1.51,5.456,3.946
10166,1.42,5.571,4.151
10167,1.41,5.571,4.161
10168,1.4,5.769,4.369
10169,1.63,6.235,4.605
10170,1.24,6.496,5.256
10171,1.21,6.632,5.422
10172,1.12,5.987,4.867
10173,1.29,5.897,4.607
10174,1.22,5.708,4.488
10175,1.2,5.588,4.388
10176,1.34,6.333,4.993
10177,1.29,5.629,4.339
10178,1.33,4.985,3.655
10179,1.11,4.618,3.508
10180,1.18,3.974,2.794
10181,1.27,3.957,2.687
10182,1.36,3.953,2.593
10183,1.19,3.943,2.753
10184,1.21,3.947,2.737
10185,1.22,3.961,2.741
10186,1.32,3.957,2.637
10187,1.17,3.95,2.78
10188,1.32,3.974,2.654
10189,1.4,4.166,2.766
10190,1.67,4.282,2.612
10191,1.54,4.338,2.798
10192,1.56,5.284,3.724
10193,1.72,5.099,3.379
10194,1.49,4.801,3.311
10195,1.41,5.54,4.13
10196,1.76,5.584,3.824
10197,1.5,6.249,4.749
10198,1.7,6.27,4.57
10199,1.99,6.276,4.286
10200,1.85,6.154,4.304
10201,1.7,5.727,4.027
10202,1.68,5.701,4.021
10203,1.58,5.701,4.121
10204,2.07,5.695,3.625
10205,1.38,5.603,4.223
10206,1.74,5.694,3.954
10207,0.96,5.694,4.734
10208,1.29,5.585,4.295
10209,1.23,5.735,4.505
10210,1.03,5.234,4.204
10211,1.73,5.66,3.93
10212,1.35,5.801,4.451
10213,1.94,5.801,3.861
10214,1.9,5.766,3.866
10215,1.24,5.983,4.743
10216,1.58,6.044,4.464
10217,1.69,6.071,4.381
10218,2.08,6.127,4.047
10219,1.51,5.598,4.088
10220,1.44,5.642,4.202
10221,1.34,5.598,4.258
10222,1.74,5.598,3.858
10223,1.35,5.659,4.309
10224,1.36,5.642,4.282
10225,1.44,5.49,4.05
10226,1.2,5.579,4.379
10227,1.5,5.572,4.072
10228,1.78,5.625,3.845
10229,1.71,5.52,3.81
10230,2.23,5.445,3.215
10231,1.46,5.429,3.969
10232,1.16,5.377,4.217
10233,1.4,5.446,4.046
10234,1.35,5.411,4.061
10235,1.3,5.341,4.041
10236,1.17,5.132,3.962
10237,1.59,5.216,3.626
10238,1.62,5.161,3.541
10239,1.86,5.244,3.384
10240,1.09,5.163,4.073
10241,1.45,5.171,3.721
10242,1.89,5.175,3.285
10243,1.61,5.197,3.587
10244,1.43,5.171,3.741
10245,1.42,5.123,3.703
10246,1.54,5.118,3.578
10247,1.76,5.102,3.342
10248,1.47,5.151,3.681
10249,1.62,5.138,3.518
10250,1.58,5.143,3.563
10251,1.49,5.116,3.626
10252,1.36,5.141,3.781
10253,1.8,5.145,3.345
10254,1.64,5.139,3.499
10255,1.52,5.194,3.674
10256,1.51,5.194,3.684
10257,1.35,5.194,3.844
10258,1.13,5.139,4.009
10259,1.23,5.101,3.871
10260,1.26,5.084,3.824
10261,1.16,5.031,3.871
10262,1.31,5.05,3.74
10263,1.49,5.068,3.578
10264,2.98,5.135,2.155
10265,1.73,5.083,3.353
10266,1.45,5.1,3.65
10267,1.08,5.101,4.021
10268,1.23,5.022,3.792
10269,1.19,5.065,3.875
10270,1.2,4.971,3.771
10271,1.0,5.1,4.1
10272,1.09,5.142,4.052
10273,1.16,5.088,3.928
10274,1.09,5.049,3.959
10275,1.19,5.043,3.853
10276,1.25,4.9,3.65
10277,1.18,5.021,3.841
10278,1.09,5.004,3.914
10279,1.09,4.764,3.674
10280,0.98,4.805,3.825
10281,1.06,4.778,3.718
10282,1.01,4.753,3.743
10283,1.1,4.922,3.822
10284,1.08,4.767,3.687
10285,1.04,4.728,3.688
10286,1.23,4.676,3.446
10287,1.2,4.92,3.72
10288,1.31,4.978,3.668
10289,1.25,5.047,3.797
10290,1.47,5.048,3.578
10291,1.67,5.067,3.397
10292,1.29,5.083,3.793
10293,1.58,5.079,3.499
10294,2.09,5.079,2.989
10295,1.82,5.086,3.266
10296,1.52,5.011,3.491
10297,1.26,5.004,3.744
10298,1.43,5.062,3.632
10299,1.46,4.995,3.535
10300,1.93,5.013,3.083
10301,1.52,5.027,3.507
10302,1.68,5.067,3.387
10303,1.75,5.04,3.29
10304,1.95,5.036,3.086
10305,1.27,5.071,3.801
10306,1.49,4.868,3.378
10307,1.29,4.876,3.586
10308,2.07,4.878,2.808
10309,1.63,4.91,3.28
10310,1.4,5.032,3.632
10311,1.86,4.525,2.665
10312,1.65,5.158,3.508
10313,1.72,4.98,3.26
10314,1.71,4.915,3.205
10315,1.35,4.965,3.615
10316,1.24,4.29,3.05
10317,1.56,4.292,2.732
10318,1.41,4.213,2.803
10319,1.32,4.445,3.125
10320,1.35,4.561,3.211
10321,1.47,4.394,2.924
10322,1.39,4.149,2.759
10323,1.47,4.127,2.657
10324,1.69,4.132,2.442
10325,1.43,4.382,2.952
10326,1.56,4.576,3.016
10327,1.36,4.578,3.218
10328,1.23,3.965,2.735
10329,1.64,4.101,2.461
10330,1.51,4.098,2.588
10331,1.39,4.004,2.614
10332,1.28,4.028,2.748
10333,1.24,3.72,2.48
10334,1.15,3.807,2.657
10335,1.36,3.741,2.381
10336,1.16,3.697,2.537
10337,1.46,3.821,2.361
10338,1.56,3.72,2.16
10339,1.37,3.844,2.474
10340,1.52,3.922,2.402
10341,1.24,3.662,2.422
10342,1.4,3.899,2.499
10343,1.65,3.83,2.18
10344,1.09,3.949,2.859
10345,1.81,3.963,2.153
10346,1.61,3.913,2.303
10347,1.24,3.641,2.401
10348,1.08,3.778,2.698
10349,1.34,3.796,2.456
10350,1.55,4.045,2.495
10351,1.41,4.051,2.641
10352,1.34,3.965,2.625
10353,1.36,4.085,2.725
10354,1.26,4.056,2.796
10355,1.57,4.038,2.468
10356,1.4,4.036,2.636
10357,1.48,4.092,2.612
10358,1.2,4.106,2.906
10359,1.01,4.106,3.096
10360,1.25,4.045,2.795
10361,1.17,3.806,2.636
10362,1.42,3.806,2.386
10363,1.64,3.818,2.178
10364,1.24,3.822,2.582
10365,1.4,3.847,2.447
10366,1.38,4.129,2.749
10367,1.23,4.115,2.885
10368,1.39,4.142,2.752
10369,1.46,4.142,2.682
10370,1.28,4.147,2.867
10371,1.37,4.149,2.779
10372,1.27,4.179,2.909
10373,1.25,3.954,2.704
10374,1.28,3.96,2.68
10375,1.22,3.884,2.664
10376,1.23,3.888,2.658
10377,1.34,3.888,2.548
10378,1.31,4.054,2.744
10379,1.07,4.069,2.999
10380,1.25,4.05,2.8
10381,1.24,4.073,2.833
10382,1.43,4.184,2.754
10383,1.36,4.379,3.019
10384,1.26,4.301,3.041
10385,1.37,4.273,2.903
10386,1.33,4.34,3.01
10387,1.43,4.353,2.923
10388,1.37,4.268,2.898
10389,1.67,4.312,2.642
10390,1.93,4.303,2.373
10391,1.74,4.552,2.812
10392,1.62,4.43,2.81
10393,1.75,4.457,2.707
10394,1.74,4.056,2.316
10395,1.43,3.887,2.457
10396,1.84,3.904,2.064
10397,1.57,3.887,2.317
10398,1.53,3.853,2.323
10399,1.38,4.087,2.707
10400,1.3,4.104,2.804
10401,1.39,4.047,2.657
10402,1.32,4.116,2.796
10403,1.29,4.164,2.874
10404,1.28,4.143,2.863
10405,1.34,4.088,2.748
10406,1.37,4.083,2.713
10407,1.5,4.263,2.763
10408,1.28,4.376,3.096
10409,1.53,4.537,3.007
10410,1.37,4.52,3.15
10411,1.29,4.595,3.305
10412,1.43,4.359,2.929
10413,1.58,4.418,2.838
10414,1.52,4.384,2.864
10415,1.34,4.091,2.751
10416,1.68,4.094,2.414
10417,1.37,4.052,2.682
10418,1.51,4.114,2.604
10419,1.49,4.299,2.809
10420,1.72,4.393,2.673
10421,1.51,4.55,3.04
10422,1.73,4.563,2.833
10423,1.58,4.535,2.955
10424,1.51,4.55,3.04
10425,1.45,4.732,3.282
10426,2.14,4.517,2.377
10427,1.5,4.57,3.07
10428,1.43,4.521,3.091
10429,1.52,4.79,3.27
10430,1.48,4.516,3.036
10431,1.36,4.979,3.619
10432,1.77,4.94,3.17
10433,2.1,4.999,2.899
10434,2.14,4.96,2.82
10435,1.31,4.787,3.477
10436,1.94,4.907,2.967
10437,2.46,5.078,2.618
10438,1.78,5.15,3.37
10439,1.99,5.087,3.097
10440,1.74,5.166,3.426
10441,1.32,4.667,3.347
10442,2.09,4.646,2.556
10443,1.37,4.179,2.809
10444,1.66,4.796,3.136
10445,2.13,4.796,2.666
10446,1.56,4.985,3.425
10447,1.42,4.216,2.796
10448,1.68,4.152,2.472
10449,1.83,4.887,3.057
10450,1.54,4.593,3.053
10451,1.32,4.283,2.963
10452,1.54,4.187,2.647
10453,1.41,3.974,2.564
10454,1.25,4.011,2.761
10455,1.27,4.037,2.767
10456,1.33,3.918,2.588
10457,1.2,4.037,2.837
10458,1.09,4.029,2.939
10459,1.25,4.17,2.92
10460,1.07,4.273,3.203
10461,0.96,4.115,3.155
10462,1.03,4.34,3.31
10463,1.05,4.157,3.107
10464,1.12,4.208,3.088
10465,1.03,4.213,3.183
10466,1.18,4.15,2.97
10467,1.02,4.201,3.181
10468,1.16,4.074,2.914
10469,1.08,4.13,3.05
10470,1.15,3.985,2.835
10471,1.0,4.152,3.152
10472,1.11,4.226,3.116
10473,1.12,4.251,3.131
10474,1.17,4.3,3.13
10475,1.08,3.936,2.856
10476,1.28,3.832,2.552
10477,1.24,3.813,2.573
10478,1.19,3.958,2.768
10479,1.37,3.957,2.587
10480,1.35,4.083,2.733
10481,1.48,3.993,2.513
10482,1.55,3.994,2.444
10483,1.99,4.08,2.09
10484,2.19,4.079,1.889
10485,1.43,4.141,2.711
10486,2.03,4.655,2.625
10487,2.53,4.643,2.113
10488,2.06,4.642,2.582
10489,1.75,4.771,3.021
10490,2.44,4.646,2.206
10491,2.09,4.739,2.649
10492,1.74,4.748,3.008
10493,1.75,4.648,2.898
10494,1.9,4.761,2.861
10495,1.35,4.812,3.462
10496,2.09,4.812,2.722
10497,1.16,4.889,3.729
10498,1.9,4.84,2.94
10499,1.61,5.068,3.458
10500,1.98,4.802,2.822
10501,1.73,4.31,2.58
10502,2.13,4.423,2.293
10503,1.8,4.417,2.617
10504,1.5,4.441,2.941
10505,1.51,4.449,2.939
10506,2.0,4.421,2.421
10507,1.76,4.414,2.654
10508,2.41,4.37,1.96
10509,1.76,4.505,2.745
10510,1.58,4.356,2.776
10511,1.92,4.454,2.534
10512,1.83,4.298,2.468
10513,2.24,4.393,2.153
10514,1.62,4.546,2.926
10515,1.54,4.404,2.864
10516,1.96,4.278,2.318
10517,1.24,4.436,3.196
10518,1.41,4.436,3.026
10519,1.63,4.652,3.022
10520,1.37,4.532,3.162
10521,1.31,4.659,3.349
10522,1.43,4.674,3.244
10523,2.86,4.554,1.694
10524,1.45,5.056,3.606
10525,1.85,4.594,2.744
10526,1.47,4.598,3.128
10527,2.13,4.577,2.447
10528,1.56,4.11,2.55
10529,1.7,4.11,2.41
10530,2.27,4.324,2.054
10531,1.59,4.122,2.532
10532,1.76,4.118,2.358
10533,1.46,4.142,2.682
10534,1.48,4.269,2.789
10535,1.76,5.492,3.732
10536,1.79,5.418,3.628
10537,1.93,5.113,3.183
10538,1.75,5.114,3.364
10539,1.51,5.485,3.975
10540,1.8,5.113,3.313
10541,1.43,4.942,3.512
10542,1.83,4.79,2.96
10543,1.93,5.121,3.191
10544,2.23,5.114,2.884
10545,1.36,4.953,3.593
10546,1.29,4.794,3.504
10547,1.26,4.398,3.138
10548,1.23,4.249,3.019
10549,1.52,4.19,2.67
10550,1.4,4.182,2.782
10551,1.44,4.137,2.697
10552,1.24,4.102,2.862
10553,1.22,4.036,2.816
10554,1.15,4.024,2.874
10555,1.16,3.993,2.833
10556,0.97,4.504,3.534
10557,1.16,4.631,3.471
10558,0.97,3.94,2.97
10559,0.98,3.806,2.826
10560,0.93,3.806,2.876
10561,0.92,3.897,2.977
10562,0.99,3.755,2.765
10563,1.03,3.82,2.79
10564,0.94,3.82,2.88
10565,0.87,3.913,3.043
10566,0.81,3.81,3.0
10567,1.01,3.836,2.826
10568,0.91,3.809,2.899
10569,0.92,3.801,2.881
10570,0.92,3.35,2.43
10571,1.07,3.807,2.737
10572,0.99,3.811,2.821
10573,0.96,3.801,2.841
10574,0.93,3.812,2.882
10575,1.05,3.805,2.755
10576,0.98,3.801,2.821
10577,0.96,4.269,3.309
10578,0.9,3.801,2.901
10579,0.93,3.814,2.884
10580,1.02,3.824,2.804
10581,1.09,3.964,2.874
10582,1.08,4.091,3.011
10583,1.03,3.682,2.652
10584,1.04,3.838,2.798
10585,1.01,3.994,2.984
10586,0.99,4.009,3.019
10587,1.05,4.091,3.041
10588,1.18,3.58,2.4
10589,1.03,3.823,2.793
10590,1.0,3.656,2.656
10591,0.91,3.365,2.455
10592,1.02,3.713,2.693
10593,0.95,3.487,2.537
10594,0.95,3.363,2.413
10595,0.98,3.582,2.602
10596,1.04,3.654,2.614
10597,1.04,3.767,2.727
10598,1.01,3.645,2.635
10599,0.93,3.427,2.497
10600,1.17,3.408,2.238
10601,1.06,3.498,2.438
10602,0.98,3.412,2.432
10603,0.95,3.44,2.49
10604,0.83,3.453,2.623
10605,0.93,3.437,2.507
10606,0.95,3.421,2.471
10607,0.91,3.441,2.531
10608,0.98,3.432,2.452
10609,0.9,3.447,2.547
10610,1.0,3.439,2.439
10611,1.01,3.63,2.62
10612,1.38,6.098,4.718
10613,1.53,6.832,5.302
10614,1.53,8.833,7.303
10615,1.57,7.527,5.957
10616,1.64,8.201,6.561
10617,1.63,7.738,6.108
10618,1.39,7.558,6.168
10619,1.47,8.846,7.376
10620,1.43,7.669,6.239
10621,1.49,7.261,5.771
10622,1.52,6.645,5.125
10623,1.44,6.645,5.205
10624,1.71,7.638,5.928
10625,2.19,7.73,5.54
10626,1.9,7.837,5.937
10627,1.79,7.504,5.714
10628,1.69,7.658,5.968
10629,1.46,7.251,5.791
10630,1.54,7.389,5.849
10631,1.7,7.394,5.694
10632,1.51,7.317,5.807
10633,1.5,7.404,5.904
10634,1.37,7.403,6.033
10635,1.33,7.402,6.072
10636,1.4,7.387,5.987
10637,1.59,7.205,5.615
10638,1.66,7.227,5.567
10639,1.34,7.216,5.876
10640,1.61,7.272,5.662
10641,1.47,7.283,5.813
10642,1.28,7.285,6.005
10643,1.54,7.273,5.733
10644,1.21,7.279,6.069
10645,1.53,7.259,5.729
10646,1.32,7.417,6.097
10647,1.18,7.385,6.205
10648,1.31,7.367,6.057
10649,1.23,7.387,6.157
10650,1.14,7.392,6.252
10651,1.38,7.253,5.873
10652,1.12,7.402,6.282
10653,1.37,7.309,5.939
10654,1.38,7.395,6.015
10655,1.24,7.419,6.179
10656,1.23,7.419,6.189
10657,1.24,7.419,6.179
10658,1.29,7.418,6.128
10659,1.23,7.445,6.215
10660,1.24,7.46,6.22
10661,1.34,7.445,6.105
10662,1.22,7.443,6.223
10663,1.25,7.312,6.062
10664,1.21,7.346,6.136
10665,1.57,7.439,5.869
10666,1.24,7.406,6.166
10667,1.59,7.412,5.822
10668,1.28,7.449,6.169
10669,1.36,7.43,6.07
10670,1.5,7.369,5.869
10671,1.25,7.394,6.144
10672,1.89,7.376,5.486
10673,1.37,7.364,5.994
10674,1.57,7.436,5.866
10675,1.47,7.311,5.841
10676,1.55,7.265,5.715
10677,1.82,7.344,5.524
10678,1.69,7.347,5.657
10679,1.71,7.258,5.548
10680,1.48,7.295,5.815
10681,2.1,7.281,5.181
10682,1.8,7.148,5.348
10683,1.73,7.096,5.366
10684,1.37,7.359,5.989
10685,1.68,7.304,5.624
10686,2.01,7.655,5.645
10687,1.99,7.363,5.373
10688,1.49,7.395,5.905
10689,1.61,7.353,5.743
10690,1.64,7.178,5.538
10691,1.48,7.178,5.698
10692,1.5,7.181,5.681
10693,1.58,7.336,5.756
10694,1.69,7.353,5.663
10695,1.58,7.353,5.773
10696,1.69,7.336,5.646
10697,1.59,7.353,5.763
10698,1.94,7.329,5.389
10699,1.46,7.178,5.718
10700,1.73,7.156,5.426
10701,1.44,7.141,5.701
10702,1.66,7.171,5.511
10703,1.37,7.19,5.82
10704,1.53,7.19,5.66
10705,1.5,7.226,5.726
10706,1.28,7.226,5.946
10707,1.79,7.226,5.436
10708,1.3,7.206,5.906
10709,1.63,7.206,5.576
10710,1.41,7.216,5.806
10711,1.38,7.226,5.846
10712,1.66,7.214,5.554
10713,1.53,7.131,5.601
10714,1.27,7.094,5.824
10715,1.84,7.075,5.235
10716,1.73,7.053,5.323
10717,1.42,7.108,5.688
10718,1.29,7.192,5.902
10719,1.28,7.126,5.846
10720,1.28,7.035,5.755
10721,1.36,7.047,5.687
10722,1.44,6.989,5.549
10723,1.52,7.033,5.513
10724,1.15,7.071,5.921
10725,1.28,6.99,5.71
10726,1.25,7.077,5.827
10727,1.54,7.082,5.542
10728,1.26,7.02,5.76
10729,1.2,7.024,5.824
10730,1.51,6.988,5.478
10731,1.83,7.076,5.246
10732,1.88,6.895,5.015
10733,1.86,6.955,5.095
10734,1.76,6.971,5.211
10735,1.35,7.021,5.671
10736,1.48,6.972,5.492
10737,1.39,6.986,5.596
10738,1.37,7.06,5.69
10739,1.22,6.979,5.759
10740,1.32,6.961,5.641
10741,1.2,7.016,5.816
10742,1.45,7.047,5.597
10743,1.34,6.986,5.646
10744,1.64,7.206,5.566
10745,1.36,7.236,5.876
10746,1.39,7.299,5.909
10747,1.6,7.245,5.645
10748,1.7,7.245,5.545
10749,1.31,7.195,5.885
10750,1.58,7.37,5.79
10751,1.53,7.454,5.924
10752,1.49,7.357,5.867
10753,1.31,7.357,6.047
10754,1.37,7.32,5.95
10755,1.41,7.361,5.951
10756,1.58,7.242,5.662
10757,1.34,7.308,5.968
10758,1.25,7.092,5.842
10759,1.32,7.042,5.722
10760,1.25,6.971,5.721
10761,1.46,6.965,5.505
10762,1.32,7.029,5.709
10763,1.15,6.974,5.824
10764,1.42,6.968,5.548
10765,1.36,7.122,5.762
10766,1.26,7.067,5.807
10767,1.2,7.085,5.885
10768,1.47,6.898,5.428
10769,1.5,6.924,5.424
10770,1.5,6.903,5.403
10771,1.76,6.801,5.041
10772,1.65,6.815,5.165
10773,1.64,6.783,5.143
10774,1.45,6.815,5.365
10775,1.34,6.841,5.501
10776,1.51,6.815,5.305
10777,1.88,6.804,4.924
10778,1.41,6.91,5.5
10779,1.61,7.027,5.417
10780,1.85,7.021,5.171
10781,1.56,7.285,5.725
10782,1.8,7.156,5.356
10783,1.65,7.22,5.57
10784,1.45,7.287,5.837
10785,1.53,7.206,5.676
10786,1.77,7.257,5.487
10787,1.9,7.277,5.377
10788,1.36,7.137,5.777
10789,1.25,7.206,5.956
10790,1.86,7.193,5.333
10791,1.31,7.082,5.772
10792,1.47,7.073,5.603
10793,1.83,7.061,5.231
10794,1.74,7.059,5.319
10795,1.35,6.976,5.626
10796,1.15,7.077,5.927
10797,1.29,6.962,5.672
10798,1.5,6.583,5.083
10799,1.57,6.686,5.116
10800,1.54,6.659,5.119
10801,1.48,6.659,5.179
10802,1.85,6.663,4.813
10803,1.79,6.507,4.717
10804,1.61,6.553,4.943
10805,1.71,6.553,4.843
10806,1.31,6.497,5.187
10807,1.66,6.498,4.838
10808,1.89,6.531,4.641
10809,1.65,6.498,4.848
10810,1.22,6.682,5.462
10811,1.8,6.779,4.979
10812,1.62,6.686,5.066
10813,1.6,6.894,5.294
10814,1.78,6.93,5.15
10815,1.53,7.048,5.518
10816,1.7,7.083,5.383
10817,1.79,7.029,5.239
10818,1.44,7.092,5.652
10819,1.65,6.898,5.248
10820,1.66,7.065,5.405
10821,1.88,7.093,5.213
10822,1.25,7.048,5.798
10823,1.68,7.091,5.411
10824,1.29,7.091,5.801
10825,1.58,7.077,5.497
10826,1.81,7.04,5.23
10827,2.72,7.181,4.461
10828,1.74,7.06,5.32
10829,1.76,7.058,5.298
10830,1.39,6.93,5.54
10831,1.72,6.847,5.127
10832,1.51,7.064,5.554
10833,1.1,7.119,6.019
10834,1.82,7.208,5.388
10835,1.12,7.211,6.091
10836,1.76,7.137,5.377
10837,1.64,7.119,5.479
10838,1.88,7.156,5.276
10839,1.77,7.24,5.47
10840,1.17,7.191,6.021
10841,1.53,7.057,5.527
10842,1.63,7.116,5.486
10843,1.6,7.156,5.556
10844,1.52,7.165,5.645
10845,1.93,7.03,5.1
10846,1.42,6.957,5.537
10847,1.91,6.957,5.047
10848,1.49,6.635,5.145
10849,1.51,6.562,5.052
10850,1.34,6.684,5.344
10851,1.45,6.673,5.223
10852,1.42,6.728,5.308
10853,1.39,6.648,5.258
10854,1.41,6.65,5.24
10855,1.43,6.951,5.521
10856,1.5,6.954,5.454
10857,1.44,6.814,5.374
10858,1.25,6.64,5.39
10859,1.55,6.901,5.351
10860,1.53,6.768,5.238
10861,1.47,6.829,5.359
10862,1.41,6.726,5.316
10863,1.61,6.747,5.137
10864,1.37,6.768,5.398
10865,1.69,6.597,4.907
10866,1.83,6.725,4.895
10867,2.33,7.034,4.704
10868,2.12,7.093,4.973
10869,2.16,7.264,5.104
10870,1.83,7.164,5.334
10871,1.94,7.229,5.289
10872,1.82,7.427,5.607
10873,1.95,7.299,5.349
10874,1.81,7.299,5.489
10875,2.02,7.465,5.445
10876,2.17,7.496,5.326
10877,2.08,7.508,5.428
10878,1.95,7.31,5.36
10879,2.23,7.122,4.892
10880,2.53,7.05,4.52
10881,2.47,7.142,4.672
10882,2.26,7.1,4.84
10883,2.16,7.156,4.996
10884,2.07,7.143,5.073
10885,2.17,7.058,4.888
10886,2.22,7.024,4.804
10887,1.89,7.367,5.477
10888,1.82,7.149,5.329
10889,1.95,7.053,5.103
10890,1.88,7.057,5.177
10891,1.88,6.942,5.062
10892,1.89,6.939,5.049
10893,1.81,6.471,4.661
10894,1.62,6.78,5.16
10895,2.2,6.762,4.562
10896,1.78,7.092,5.312
10897,1.94,6.906,4.966
10898,1.91,7.301,5.391
10899,2.37,7.391,5.021
10900,1.97,7.416,5.446
10901,1.93,7.39,5.46
10902,1.8,7.179,5.379
10903,1.83,6.969,5.139
10904,1.56,6.886,5.326
10905,1.74,6.754,5.014
10906,1.7,6.712,5.012
10907,1.41,6.543,5.133
10908,1.59,6.681,5.091
10909,1.66,6.52,4.86
10910,1.59,6.622,5.032
10911,1.7,6.544,4.844
10912,1.49,6.53,5.04
10913,1.43,6.623,5.193
10914,1.53,6.632,5.102
10915,1.36,6.421,5.061
10916,1.59,6.428,4.838
10917,1.51,6.248,4.738
10918,1.63,6.563,4.933
10919,1.45,6.532,5.082
10920,1.36,6.648,5.288
10921,1.66,6.843,5.183
10922,1.67,6.307,4.637
10923,1.47,6.761,5.291
10924,1.56,6.449,4.889
10925,1.64,6.804,5.164
10926,1.53,6.714,5.184
10927,1.64,6.956,5.316
10928,1.74,6.686,4.946
10929,1.63,6.675,5.045
10930,1.46,6.457,4.997
10931,1.47,6.525,5.055
10932,1.49,6.6,5.11
10933,1.35,6.916,5.566
10934,1.54,6.808,5.268
10935,1.74,6.819,5.079
10936,1.95,6.849,4.899
10937,1.57,6.883,5.313
10938,1.66,7.054,5.394
10939,1.56,7.038,5.478
10940,1.69,7.173,5.483
10941,1.54,7.165,5.625
10942,1.41,6.769,5.359
10943,1.45,6.726,5.276
10944,1.64,6.723,5.083
10945,1.68,6.886,5.206
10946,1.67,6.421,4.751
10947,1.63,6.797,5.167
10948,1.59,6.843,5.253
10949,1.69,6.819,5.129
10950,1.59,6.784,5.194
10951,1.96,6.819,4.859
10952,1.48,6.448,4.968
10953,1.96,7.256,5.296
10954,1.72,7.47,5.75
10955,1.8,7.598,5.798
10956,2.08,7.361,5.281
10957,2.25,7.717,5.467
10958,4.39,8.203,3.813
10959,2.14,8.825,6.685
10960,2.46,8.582,6.122
10961,2.57,10.308,7.738
10962,2.39,10.231,7.841
10963,2.59,10.227,7.637
10964,2.93,8.415,5.485
10965,3.07,8.618,5.548
10966,3.21,10.956,7.746
10967,3.35,9.678,6.328
10968,2.18,8.764,6.584
10969,2.83,8.618,5.788
10970,3.93,8.352,4.422
10971,2.35,7.797,5.447
10972,3.83,7.852,4.022
10973,2.97,8.038,5.068
10974,2.48,8.051,5.571
10975,2.19,7.919,5.729
10976,2.43,7.94,5.51
10977,2.62,7.464,4.844
10978,2.66,7.449,4.789
10979,2.25,7.38,5.13
10980,2.26,7.034,4.774
10981,2.83,6.967,4.137
10982,2.1,6.73,4.63
10983,1.67,6.887,5.217
10984,1.68,6.951,5.271
10985,1.88,6.949,5.069
10986,1.47,6.771,5.301
10987,1.82,7.063,5.243
10988,2.2,6.75,4.55
10989,0.22,0.396,0.176
10990,0.13,0.311,0.181
10991,0.55,0.53,-0.02
10992,0.52,0.855,0.335
10993,0.26,0.708,0.448
10994,0.33,0.297,-0.033
10995,0.32,0.577,0.257
10996,0.19,0.42,0.23
10997,0.3,0.341,0.041
10998,0.07,0.524,0.454
10999,0.18,0.478,0.298
11000,0.29,0.416,0.126
11001,0.46,0.522,0.062
11002,0.38,0.72,0.34
11003,0.5,0.259,-0.241
11004,0.61,0.609,-0.001
11005,0.38,0.713,0.333
11006,0.67,0.748,0.078
11007,0.77,0.913,0.143
11008,0.97,0.671,-0.299
11009,0.96,0.697,-0.263
11010,1.19,0.831,-0.359
11011,0.97,0.464,-0.506
11012,1.0,0.655,-0.345
11013,0.99,0.81,-0.18
11014,1.21,0.937,-0.273
11015,2.11,0.838,-1.272
11016,1.44,0.936,-0.504
11017,0.89,0.899,0.009
11018,0.88,0.776,-0.104
11019,1.09,0.842,-0.248
11020,1.08,0.819,-0.261
11021,1.07,0.88,-0.19
11022,0.92,0.973,0.053
11023,0.8,0.831,0.031
11024,0.95,0.943,-0.007
11025,1.12,0.59,-0.53
11026,0.99,0.56,-0.43
11027,0.9,0.628,-0.272
11028,1.03,0.538,-0.492
11029,0.96,0.785,-0.175
11030,0.96,0.565,-0.395
11031,0.99,0.505,-0.485
11032,0.94,0.464,-0.476
11033,0.9,0.284,-0.616
11034,0.93,0.253,-0.677
11035,1.0,0.384,-0.616
11036,0.96,0.599,-0.361
11037,1.07,0.598,-0.472
11038,0.98,0.737,-0.243
11039,0.92,0.787,-0.133
11040,0.97,0.656,-0.314
11041,1.05,0.739,-0.311
11042,1.02,0.739,-0.281
11043,1.03,0.661,-0.369
11044,0.95,0.6,-0.35
11045,0.9,0.611,-0.289
11046,0.94,0.294,-0.646
11047,1.02,0.409,-0.611
11048,1.17,0.627,-0.543
11049,1.19,0.82,-0.37
11050,0.94,0.805,-0.135
11051,0.98,0.851,-0.129
11052,1.01,0.811,-0.199
11053,0.95,0.809,-0.141
11054,0.93,0.765,-0.165
11055,1.06,0.75,-0.31
11056,1.05,0.769,-0.281
11057,1.25,0.707,-0.543
11058,1.05,0.718,-0.332
11059,1.06,0.808,-0.252
11060,1.01,0.743,-0.267
11061,0.95,0.785,-0.165
11062,0.62,0.855,0.235
11063,0.72,0.783,0.063
11064,0.56,0.809,0.249
11065,0.64,0.837,0.197
11066,0.44,0.809,0.369
11067,0.51,0.829,0.319
11068,0.49,0.797,0.307
11069,0.34,0.727,0.387
11070,0.21,0.768,0.558
11071,0.35,0.85,0.5
11072,0.32,0.791,0.471
11073,0.2,0.732,0.532
11074,0.33,0.614,0.284
11075,0.12,0.554,0.434
11076,0.15,0.383,0.233
11077,0.14,0.375,0.235
11078,0.17,0.318,0.148
11079,0.28,0.683,0.403
11080,0.1,0.343,0.243
11081,0.04,0.58,0.54
11082,0.31,0.369,0.059
11083,0.2,0.441,0.241
11084,0.45,0.458,0.008
11085,0.49,0.516,0.026
11086,0.31,0.936,0.626
11087,0.23,1.1,0.87
11088,0.24,1.041,0.801
11089,0.36,0.984,0.624
11090,0.37,1.012,0.642
11091,0.48,1.074,0.594
11092,0.19,1.183,0.993
11093,0.35,1.33,0.98
11094,0.71,1.114,0.404
11095,0.36,0.971,0.611
11096,0.39,0.676,0.286
11097,0.6,1.785,1.185
11098,0.43,1.446,1.016
11099,0.91,1.653,0.743
11100,0.86,1.037,0.177
11101,0.84,1.166,0.326
11102,0.88,2.036,1.156
11103,1.22,2.016,0.796
11104,1.04,1.364,0.324
11105,1.03,0.69,-0.34
11106,1.04,0.724,-0.316
11107,1.13,1.079,-0.051
11108,2.14,0.896,-1.244
11109,1.56,1.093,-0.467
11110,1.12,0.762,-0.358
11111,1.5,1.211,-0.289
11112,1.21,1.109,-0.101
11113,1.16,0.767,-0.393
11114,1.58,0.945,-0.635
11115,1.36,0.6,-0.76
11116,1.06,0.918,-0.142
11117,1.29,0.937,-0.353
11118,1.49,0.835,-0.655
11119,0.97,0.887,-0.083
11120,1.26,0.833,-0.427
11121,1.11,0.813,-0.297
11122,1.37,0.535,-0.835
11123,0.93,0.642,-0.288
11124,1.24,0.601,-0.639
11125,1.07,0.398,-0.672
11126,1.34,0.365,-0.975
11127,0.89,0.394,-0.496
11128,1.17,0.428,-0.742
11129,1.14,0.449,-0.691
11130,1.4,0.385,-1.015
11131,1.06,0.422,-0.638
11132,1.0,0.418,-0.582
11133,1.15,0.637,-0.513
11134,1.15,0.567,-0.583
11135,1.09,0.668,-0.422
11136,1.13,0.741,-0.389
11137,0.96,0.525,-0.435
11138,1.12,0.665,-0.455
11139,1.12,0.745,-0.375
11140,1.24,0.815,-0.425
11141,1.08,0.626,-0.454
11142,1.17,0.664,-0.506
11143,1.21,0.66,-0.55
11144,1.17,0.573,-0.597
11145,1.19,0.773,-0.417
11146,1.19,0.766,-0.424
11147,1.29,0.634,-0.656
11148,1.21,0.579,-0.631
11149,1.11,0.534,-0.576
11150,1.3,0.583,-0.717
11151,1.08,0.545,-0.535
11152,1.07,0.67,-0.4
11153,1.13,0.914,-0.216
11154,1.1,0.843,-0.257
11155,1.12,0.839,-0.281
11156,0.96,0.763,-0.197
11157,0.87,0.807,-0.063
11158,0.92,0.857,-0.063
11159,0.89,0.857,-0.033
11160,0.57,0.848,0.278
11161,0.68,0.792,0.112
11162,0.76,0.793,0.033
11163,0.58,0.793,0.213
11164,0.64,0.79,0.15
11165,0.58,0.815,0.235
11166,0.77,0.831,0.061
11167,0.47,0.747,0.277
11168,0.44,0.79,0.35
11169,0.59,0.826,0.236
11170,0.46,0.719,0.259
11171,0.27,0.656,0.386
11172,0.35,0.794,0.444
11173,0.25,0.67,0.42
11174,0.21,0.696,0.486
11175,0.29,0.897,0.607
11176,0.35,0.875,0.525
11177,0.18,0.806,0.626
11178,0.31,1.047,0.737
11179,0.15,0.847,0.697
11180,0.1,0.616,0.516
11181,0.25,0.507,0.257
11182,0.18,0.432,0.252
11183,0.27,0.74,0.47
11184,0.49,0.992,0.502
11185,0.42,0.488,0.068
11186,0.39,0.626,0.236
11187,0.48,1.026,0.546
11188,0.32,1.666,1.346
11189,0.56,1.871,1.311
11190,0.7,0.794,0.094
11191,0.49,0.486,-0.004
11192,0.6,0.769,0.169
11193,0.62,1.028,0.408
11194,1.02,1.073,0.053
11195,0.81,1.416,0.606
11196,0.58,1.09,0.51
11197,0.9,1.021,0.121
11198,0.81,0.938,0.128
11199,1.07,0.631,-0.439
11200,1.02,0.864,-0.156
11201,0.98,0.803,-0.177
11202,1.38,0.664,-0.716
11203,1.37,0.551,-0.819
11204,1.64,0.412,-1.228
11205,1.04,0.465,-0.575
11206,1.65,0.431,-1.219
11207,1.4,0.375,-1.025
11208,1.48,0.507,-0.973
11209,1.42,0.446,-0.974
11210,1.12,0.494,-0.626
11211,1.33,0.448,-0.882
11212,1.14,0.321,-0.819
11213,1.08,0.209,-0.871
11214,1.22,0.501,-0.719
11215,1.39,0.656,-0.734
11216,1.35,0.358,-0.992
11217,1.19,0.397,-0.793
11218,1.42,0.488,-0.932
11219,1.22,0.793,-0.427
11220,1.34,0.39,-0.95
11221,1.46,0.509,-0.951
11222,1.17,0.818,-0.352
11223,1.44,0.784,-0.656
11224,1.31,0.5,-0.81
11225,1.25,0.427,-0.823
11226,1.3,0.337,-0.963
11227,1.13,0.566,-0.564
11228,1.24,0.66,-0.58
11229,1.06,0.555,-0.505
11230,1.11,0.566,-0.544
11231,1.14,0.722,-0.418
11232,1.13,0.977,-0.153
11233,1.19,0.415,-0.775
11234,1.19,0.551,-0.639
11235,1.15,0.57,-0.58
11236,1.11,0.823,-0.287
11237,0.84,0.655,-0.185
11238,1.05,0.65,-0.4
11239,0.97,0.7,-0.27
11240,1.11,0.694,-0.416
11241,1.15,0.702,-0.448
11242,1.21,0.647,-0.563
11243,1.18,0.658,-0.522
11244,1.2,0.575,-0.625
11245,1.23,0.708,-0.522
11246,1.24,0.676,-0.564
11247,1.23,0.62,-0.61
11248,1.09,0.437,-0.653
11249,1.39,0.401,-0.989
11250,1.28,0.385,-0.895
11251,1.51,0.523,-0.987
11252,0.99,0.403,-0.587
11253,1.09,0.65,-0.44
11254,1.19,0.772,-0.418
11255,0.88,0.783,-0.097
11256,0.74,0.794,0.054
11257,0.73,0.842,0.112
11258,0.84,0.725,-0.115
11259,0.92,0.485,-0.435
11260,0.72,0.599,-0.121
11261,0.44,0.532,0.092
11262,0.57,0.439,-0.131
11263,0.45,0.601,0.151
11264,0.69,0.649,-0.041
11265,0.43,0.814,0.384
11266,0.47,0.931,0.461
11267,0.4,0.955,0.555
11268,0.34,0.583,0.243
11269,0.24,0.648,0.408
11270,0.61,0.75,0.14
11271,0.54,0.771,0.231
11272,0.47,0.94,0.47
11273,0.31,0.71,0.4
11274,0.44,0.799,0.359
11275,0.3,0.727,0.427
11276,0.39,0.751,0.361
11277,0.6,0.744,0.144
11278,0.4,1.335,0.935
11279,0.53,1.535,1.005
11280,0.49,1.519,1.029
11281,0.46,0.868,0.408
11282,0.78,0.621,-0.159
11283,0.71,0.589,-0.121
11284,1.4,1.243,-0.157
11285,0.89,0.42,-0.47
11286,0.93,1.276,0.346
11287,1.43,1.59,0.16
11288,1.09,2.983,1.893
11289,0.91,2.698,1.788
11290,0.78,1.579,0.799
11291,1.17,5.461,4.291
11292,1.06,1.981,0.921
11293,1.18,2.439,1.259
11294,0.73,0.636,-0.094
11295,0.83,2.439,1.609
11296,1.19,3.229,2.039
11297,1.37,4.697,3.327
11298,1.67,4.272,2.602
11299,1.52,4.22,2.7
11300,1.72,3.018,1.298
11301,1.98,3.08,1.1
11302,1.62,1.693,0.073
11303,1.53,1.36,-0.17
11304,2.0,0.864,-1.136
11305,1.4,0.753,-0.647
11306,1.07,1.212,0.142
11307,1.68,1.252,-0.428
11308,1.69,1.384,-0.306
11309,1.27,1.107,-0.163
11310,1.57,1.114,-0.456
11311,1.55,1.625,0.075
11312,1.4,1.413,0.013
11313,1.39,0.91,-0.48
11314,1.36,1.321,-0.039
11315,1.39,0.893,-0.497
11316,1.32,0.911,-0.409
11317,1.51,0.769,-0.741
11318,1.7,1.023,-0.677
11319,1.32,1.149,-0.171
11320,1.23,1.174,-0.056
11321,1.45,1.092,-0.358
11322,1.18,0.47,-0.71
11323,0.78,0.79,0.01
11324,1.03,0.888,-0.142
11325,1.61,1.618,0.008
11326,1.65,0.675,-0.975
11327,0.86,0.767,-0.093
11328,0.73,0.976,0.246
11329,1.33,0.882,-0.448
11330,1.77,0.908,-0.862
11331,1.4,0.815,-0.585
11332,1.48,0.943,-0.537
11333,1.33,1.195,-0.135
11334,1.33,0.767,-0.563
11335,1.22,0.798,-0.422
11336,1.48,0.823,-0.657
11337,1.25,0.894,-0.356
11338,1.29,0.859,-0.431
11339,1.36,1.066,-0.294
11340,1.31,1.057,-0.253
11341,1.28,0.879,-0.401
11342,1.54,0.545,-0.995
11343,1.3,0.779,-0.521
11344,1.32,0.431,-0.889
11345,1.38,0.461,-0.919
11346,1.43,0.718,-0.712
11347,1.47,0.709,-0.761
11348,1.07,0.72,-0.35
11349,1.1,0.718,-0.382
11350,1.41,0.727,-0.683
11351,1.0,0.56,-0.44
11352,0.91,0.589,-0.321
11353,0.92,0.874,-0.046
11354,0.97,0.868,-0.102
11355,0.81,0.443,-0.367
11356,0.82,0.808,-0.012
11357,0.82,0.857,0.037
11358,0.94,0.868,-0.072
11359,0.82,0.776,-0.044
11360,0.8,0.845,0.045
11361,0.88,0.853,-0.027
11362,1.24,0.593,-0.647
11363,0.96,0.818,-0.142
11364,0.98,0.729,-0.251
11365,1.01,0.73,-0.28
11366,1.13,0.765,-0.365
11367,1.16,0.737,-0.423
11368,0.94,1.107,0.167
11369,1.18,1.072,-0.108
11370,0.91,1.133,0.223
11371,0.93,1.104,0.174
11372,0.9,0.931,0.031
11373,1.19,1.177,-0.013
11374,0.87,1.609,0.739
11375,1.0,1.198,0.198
11376,1.12,1.113,-0.007
11377,1.41,1.054,-0.356
11378,1.04,1.158,0.118
11379,1.32,2.013,0.693
11380,1.08,1.899,0.819
11381,1.44,2.38,0.94
11382,1.74,3.526,1.786
11383,1.36,4.95,3.59
11384,1.13,3.929,2.799
11385,1.06,4.545,3.485
11386,1.27,4.5,3.23
11387,1.27,4.106,2.836
11388,1.09,5.587,4.497
11389,1.41,5.326,3.916
11390,1.57,4.84,3.27
11391,1.48,3.963,2.483
11392,1.21,4.158,2.948
11393,1.55,3.47,1.92
11394,1.67,2.73,1.06
11395,1.47,1.183,-0.287
11396,2.07,1.187,-0.883
11397,1.82,1.126,-0.694
11398,1.72,1.166,-0.554
11399,2.0,0.707,-1.293
11400,1.76,0.774,-0.986
11401,2.01,0.897,-1.113
11402,1.86,0.737,-1.123
11403,1.69,1.241,-0.449
11404,1.6,1.974,0.374
11405,1.62,1.801,0.181
11406,1.76,2.08,0.32
11407,1.39,2.309,0.919
11408,1.45,2.511,1.061
11409,1.19,2.494,1.304
11410,1.6,2.146,0.546
11411,1.92,1.91,-0.01
11412,1.15,0.759,-0.391
11413,1.55,0.901,-0.649
11414,1.88,0.791,-1.089
11415,1.72,0.597,-1.123
11416,2.07,0.621,-1.449
11417,1.86,0.735,-1.125
11418,1.5,0.71,-0.79
11419,1.65,0.735,-0.915
11420,1.88,0.472,-1.408
11421,1.62,0.6,-1.02
11422,1.55,0.747,-0.803
11423,1.76,0.805,-0.955
11424,1.74,0.523,-1.217
11425,1.81,0.724,-1.086
11426,1.42,0.78,-0.64
11427,1.43,0.716,-0.714
11428,1.5,0.674,-0.826
11429,1.45,0.63,-0.82
11430,1.7,0.808,-0.892
11431,1.37,0.971,-0.399
11432,1.5,1.13,-0.37
11433,1.27,1.028,-0.242
11434,1.26,0.885,-0.375
11435,1.32,0.938,-0.382
11436,1.71,1.03,-0.68
11437,1.8,1.579,-0.221
11438,1.61,2.415,0.805
11439,1.42,2.823,1.403
11440,1.33,2.835,1.505
11441,1.79,2.698,0.908
11442,1.8,2.831,1.031
11443,1.61,2.56,0.95
11444,1.6,2.454,0.854
11445,1.2,2.477,1.277
11446,1.21,2.6,1.39
11447,1.12,2.594,1.474
11448,1.12,0.737,-0.383
11449,1.07,0.744,-0.326
11450,0.85,2.643,1.793
11451,0.8,2.622,1.822
11452,0.6,2.573,1.973
11453,0.6,2.529,1.929
11454,1.07,2.381,1.311
11455,0.94,2.132,1.192
11456,0.92,0.781,-0.139
11457,0.93,0.648,-0.282
11458,0.72,0.634,-0.086
11459,0.53,0.65,0.12
11460,0.85,0.535,-0.315
11461,0.94,0.515,-0.425
11462,0.97,0.72,-0.25
11463,0.89,0.72,-0.17
11464,0.94,0.65,-0.29
11465,1.11,0.65,-0.46
11466,0.84,2.139,1.299
11467,0.99,0.496,-0.494
11468,0.67,0.516,-0.154
11469,0.86,0.513,-0.347
11470,0.92,0.546,-0.374
11471,0.92,0.515,-0.405
11472,0.85,0.515,-0.335
11473,0.91,0.726,-0.184
11474,0.88,0.546,-0.334
11475,0.84,0.732,-0.108
11476,1.13,0.701,-0.429
11477,1.23,0.693,-0.537
11478,1.03,0.791,-0.239
11479,1.27,0.838,-0.432
11480,1.03,0.697,-0.333
11481,1.01,0.741,-0.269
11482,1.27,0.731,-0.539
11483,1.17,0.705,-0.465
11484,1.19,0.796,-0.394
11485,1.32,0.841,-0.479
11486,1.59,0.849,-0.741
11487,1.22,0.853,-0.367
11488,1.89,0.719,-1.171
11489,1.57,0.714,-0.856
11490,1.36,0.794,-0.566
11491,1.96,0.794,-1.166
11492,1.94,0.698,-1.242
11493,1.92,2.319,0.399
11494,1.88,2.585,0.705
11495,1.9,2.966,1.066
11496,2.0,2.876,0.876
11497,1.76,2.681,0.921
11498,2.3,2.61,0.31
11499,1.68,2.56,0.88
11500,1.91,2.633,0.723
11501,1.27,2.709,1.439
11502,1.36,2.672,1.312
11503,1.75,2.734,0.984
11504,1.81,2.631,0.821
11505,1.55,2.9,1.35
11506,1.74,2.554,0.814
11507,1.77,0.668,-1.102
11508,1.86,0.743,-1.117
11509,1.55,0.678,-0.872
11510,1.69,0.793,-0.897
11511,1.77,0.67,-1.1
11512,1.87,0.496,-1.374
11513,1.65,0.758,-0.892
11514,1.66,0.516,-1.144
11515,1.49,0.515,-0.975
11516,1.55,0.745,-0.805
11517,1.58,0.54,-1.04
11518,1.55,0.557,-0.993
11519,1.79,0.549,-1.241
11520,1.66,1.045,-0.615
11521,1.48,1.406,-0.074
11522,1.52,2.217,0.697
11523,1.68,2.206,0.526
11524,1.61,2.278,0.668
11525,1.58,2.269,0.689
11526,1.69,2.24,0.55
11527,1.71,2.153,0.443
11528,1.5,2.722,1.222
11529,1.52,2.824,1.304
11530,1.45,4.655,3.205
11531,1.64,4.7,3.06
11532,1.66,4.707,3.047
11533,1.7,4.959,3.259
11534,2.04,5.075,3.035
11535,1.84,5.037,3.197
11536,1.39,5.058,3.668
11537,1.58,5.027,3.447
11538,1.54,5.063,3.523
11539,1.68,5.059,3.379
11540,1.44,5.559,4.119
11541,1.38,5.057,3.677
11542,1.23,5.098,3.868
11543,1.25,7.171,5.921
11544,1.35,7.204,5.854
11545,0.85,7.142,6.292
11546,1.3,7.028,5.728
11547,0.89,7.032,6.142
11548,1.0,7.142,6.142
11549,0.8,7.142,6.342
11550,1.16,7.204,6.044
11551,0.94,7.142,6.202
11552,0.72,7.199,6.479
11553,0.92,7.023,6.103
11554,0.77,6.981,6.211
11555,0.81,6.927,6.117
11556,0.79,6.508,5.718
11557,0.84,4.786,3.946
11558,0.55,4.898,4.348
11559,0.67,4.7,4.03
11560,0.45,5.017,4.567
11561,0.53,4.581,4.051
11562,0.49,4.163,3.673
11563,0.61,4.633,4.023
11564,0.56,4.284,3.724
11565,0.54,4.884,4.344
11566,0.61,4.782,4.172
11567,0.62,4.853,4.233
11568,0.98,4.466,3.486
11569,0.63,4.476,3.846
11570,0.52,4.533,4.013
11571,0.72,4.894,4.174
11572,0.91,2.885,1.975
11573,0.86,2.485,1.625
11574,0.66,2.357,1.697
11575,0.73,2.361,1.631
11576,1.01,2.282,1.272
11577,0.79,2.148,1.358
11578,0.78,1.749,0.969
11579,0.76,2.536,1.776
11580,0.71,2.357,1.647
11581,0.88,2.31,1.43
11582,0.99,2.049,1.059
11583,0.89,2.234,1.344
11584,0.84,2.26,1.42
11585,1.25,2.258,1.008
11586,1.47,2.23,0.76
11587,1.4,2.224,0.824
11588,1.63,2.225,0.595
11589,1.81,2.28,0.47
11590,1.38,2.342,0.962
11591,0.96,2.374,1.414
11592,1.48,2.33,0.85
11593,1.42,2.216,0.796
11594,1.58,2.273,0.693
11595,1.22,2.188,0.968
11596,1.94,2.245,0.305
11597,1.32,2.274,0.954
11598,1.15,2.3,1.15
11599,1.13,2.313,1.183
11600,1.06,1.398,0.338
11601,1.26,1.125,-0.135
11602,1.41,0.526,-0.884
11603,1.52,0.693,-0.827
11604,1.31,0.678,-0.632
11605,1.72,1.537,-0.183
11606,1.08,2.207,1.127
11607,1.66,1.633,-0.027
11608,1.29,2.321,1.031
11609,1.8,2.273,0.473
11610,1.5,2.393,0.893
11611,1.34,2.312,0.972
11612,1.47,2.375,0.905
11613,1.75,2.384,0.634
11614,1.26,1.945,0.685
11615,1.44,1.945,0.505
11616,1.36,2.542,1.182
11617,1.44,1.919,0.479
11618,1.66,2.038,0.378
11619,1.46,1.926,0.466
11620,1.54,2.087,0.547
11621,1.44,2.085,0.645
11622,1.41,2.075,0.665
11623,1.47,1.93,0.46
11624,1.41,1.895,0.485
11625,1.56,1.943,0.383
11626,1.61,2.845,1.235
11627,1.5,2.759,1.259
11628,1.67,2.769,1.099
11629,1.82,2.995,1.175
11630,1.73,3.039,1.309
11631,1.43,2.893,1.463
11632,1.57,2.837,1.267
11633,1.37,4.743,3.373
11634,1.76,3.059,1.299
11635,1.7,4.819,3.119
11636,1.39,4.609,3.219
11637,1.35,4.569,3.219
11638,1.4,4.517,3.117
11639,1.47,4.561,3.091
11640,1.11,4.604,3.494
11641,1.2,4.621,3.421
11642,1.26,4.499,3.239
11643,1.06,4.688,3.628
11644,1.08,4.766,3.686
11645,0.94,2.877,1.937
11646,0.89,2.945,2.055
11647,1.04,2.847,1.807
11648,1.21,2.891,1.681
11649,1.22,2.345,1.125
11650,1.4,2.365,0.965
11651,1.44,2.378,0.938
11652,1.21,2.237,1.027
11653,1.32,2.452,1.132
11654,1.25,2.456,1.206
11655,1.61,2.473,0.863
11656,1.07,2.284,1.214
11657,1.02,2.179,1.159
11658,1.11,2.449,1.339
11659,1.08,2.45,1.37
11660,1.16,2.41,1.25
11661,1.02,2.237,1.217
11662,1.2,2.234,1.034
11663,1.34,2.231,0.891
11664,1.24,2.237,0.997
11665,1.06,2.045,0.985
11666,1.1,2.253,1.153
11667,1.57,2.384,0.814
11668,1.42,2.355,0.935
11669,1.62,2.399,0.779
11670,1.36,1.794,0.434
11671,1.5,1.757,0.257
11672,1.51,2.245,0.735
11673,1.6,1.773,0.173
11674,2.22,1.74,-0.48
11675,1.77,2.325,0.555
11676,1.74,2.261,0.521
11677,1.74,2.423,0.683
11678,1.75,1.798,0.048
11679,3.14,1.866,-1.274
11680,2.45,0.756,-1.694
11681,2.36,0.726,-1.634
11682,2.07,0.73,-1.34
11683,2.55,0.496,-2.054
11684,2.75,1.858,-0.892
11685,2.28,1.89,-0.39
11686,2.25,1.861,-0.389
11687,2.15,1.76,-0.39
11688,1.98,2.404,0.424
11689,2.42,2.409,-0.011
11690,1.72,2.344,0.624
11691,2.11,2.383,0.273
11692,2.04,2.395,0.355
11693,2.27,2.429,0.159
11694,2.0,2.348,0.348
11695,1.98,2.375,0.395
11696,1.97,2.319,0.349
11697,1.89,2.319,0.429
11698,2.34,2.382,0.042
11699,2.08,2.356,0.276
11700,1.91,2.276,0.366
11701,1.97,2.28,0.31
11702,1.52,2.286,0.766
11703,2.09,2.317,0.227
11704,1.36,2.466,1.106
11705,1.55,2.351,0.801
11706,2.14,2.293,0.153
11707,1.83,2.411,0.581
11708,1.67,2.45,0.78
11709,1.44,2.223,0.783
11710,2.07,2.201,0.131
11711,1.97,2.305,0.335
11712,1.78,1.301,-0.479
11713,2.1,0.755,-1.345
11714,2.16,0.753,-1.407
11715,2.69,0.736,-1.954
11716,2.3,0.755,-1.545
11717,1.99,1.094,-0.896
11718,2.0,1.439,-0.561
11719,1.9,1.283,-0.617
11720,1.6,1.371,-0.229
11721,1.45,2.845,1.395
11722,1.7,2.766,1.066
11723,1.88,2.709,0.829
11724,1.81,2.716,0.906
11725,1.93,2.88,0.95
11726,1.81,2.753,0.943
11727,1.39,2.708,1.318
11728,1.65,2.78,1.13
11729,1.93,2.67,0.74
11730,1.62,2.263,0.643
11731,1.94,4.416,2.476
11732,1.63,2.653,1.023
11733,1.49,4.071,2.581
11734,1.35,3.492,2.142
11735,1.2,3.831,2.631
11736,1.26,3.492,2.232
11737,1.03,2.654,1.624
11738,1.21,3.378,2.168
11739,1.28,2.841,1.561
11740,1.12,2.667,1.547
11741,0.9,2.653,1.753
11742,0.83,2.221,1.391
11743,0.94,2.336,1.396
11744,1.49,2.378,0.888
11745,0.56,2.394,1.834
11746,0.9,2.479,1.579
11747,0.81,2.43,1.62
11748,0.81,2.292,1.482
11749,1.09,2.024,0.934
11750,0.91,2.295,1.385
11751,0.91,2.32,1.41
11752,1.25,2.267,1.017
11753,1.15,2.327,1.177
11754,1.27,2.367,1.097
11755,0.94,2.49,1.55
11756,0.99,2.242,1.252
11757,0.96,2.23,1.27
11758,1.34,2.04,0.7
11759,1.83,2.311,0.481
11760,1.77,2.072,0.302
11761,1.79,2.608,0.818
11762,1.13,2.249,1.119
11763,1.22,2.387,1.167
11764,1.33,2.094,0.764
11765,1.21,2.238,1.028
11766,1.18,1.721,0.541
11767,1.43,1.818,0.388
11768,1.58,2.199,0.619
11769,1.66,2.136,0.476
11770,1.3,2.14,0.84
11771,1.48,2.194,0.714
11772,1.78,2.192,0.412
11773,1.81,1.725,-0.085
11774,2.08,1.716,-0.364
11775,1.82,1.704,-0.116
11776,3.05,1.711,-1.339
11777,1.76,2.115,0.355
11778,1.85,2.146,0.296
11779,2.09,2.068,-0.022
11780,2.22,2.016,-0.204
11781,1.97,2.073,0.103
11782,2.39,2.043,-0.347
11783,2.13,2.122,-0.008
11784,1.93,2.134,0.204
11785,2.16,2.051,-0.109
11786,2.13,2.404,0.274
11787,2.15,2.413,0.263
11788,2.19,2.449,0.259
11789,2.15,2.329,0.179
11790,2.34,2.306,-0.034
11791,1.81,2.394,0.584
11792,2.22,2.392,0.172
11793,1.82,2.3,0.48
11794,1.99,2.361,0.371
11795,2.28,2.051,-0.229
11796,2.29,1.761,-0.529
11797,2.42,1.759,-0.661
11798,2.2,1.771,-0.429
11799,1.96,1.757,-0.203
11800,2.3,1.745,-0.555
11801,2.26,1.739,-0.521
11802,2.03,1.875,-0.155
11803,3.49,1.848,-1.642
11804,1.9,0.772,-1.128
11805,2.43,2.429,-0.001
11806,1.85,2.414,0.564
11807,3.27,0.743,-2.527
11808,1.95,1.87,-0.08
11809,3.24,1.877,-1.363
11810,2.04,1.769,-0.271
11811,2.11,1.807,-0.303
11812,2.08,2.168,0.088
11813,2.05,2.141,0.091
11814,2.03,2.193,0.163
11815,1.3,2.229,0.929
11816,1.3,1.209,-0.091
11817,2.04,0.688,-1.352
11818,1.98,0.78,-1.2
11819,1.81,0.917,-0.893
11820,2.25,1.589,-0.661
11821,1.92,1.577,-0.343
11822,2.25,1.487,-0.763
11823,2.08,2.18,0.1
11824,1.87,2.714,0.844
11825,1.97,2.185,0.215
11826,1.92,2.13,0.21
11827,1.69,2.919,1.229
11828,1.95,2.825,0.875
11829,1.84,2.835,0.995
11830,1.88,2.652,0.772
11831,1.6,2.255,0.655
11832,1.63,2.227,0.597
11833,1.62,2.278,0.658
11834,1.76,1.886,0.126
11835,1.71,2.159,0.449
11836,1.62,1.878,0.258
11837,1.59,1.948,0.358
11838,1.58,1.94,0.36
11839,1.51,2.159,0.649
11840,1.54,2.243,0.703
11841,1.54,2.278,0.738
11842,1.41,2.307,0.897
11843,1.17,2.299,1.129
11844,1.47,2.013,0.543
11845,1.27,2.028,0.758
11846,1.23,2.057,0.827
11847,1.43,1.941,0.511
11848,1.37,2.111,0.741
11849,1.78,2.07,0.29
11850,1.54,2.285,0.745
11851,1.29,2.3,1.01
11852,1.04,2.287,1.247
11853,1.18,2.287,1.107
11854,1.41,2.208,0.798
11855,1.34,2.202,0.862
11856,1.22,2.107,0.887
11857,1.24,2.1,0.86
11858,1.69,2.061,0.371
11859,1.8,2.14,0.34
11860,1.37,2.08,0.71
11861,1.79,2.106,0.316
11862,1.72,2.069,0.349
11863,1.67,2.034,0.364
11864,1.64,2.369,0.729
11865,1.68,2.344,0.664
11866,1.73,2.19,0.46
11867,1.65,2.105,0.455
11868,1.89,2.106,0.216
11869,1.84,2.16,0.32
11870,1.97,2.486,0.516
11871,2.28,2.394,0.114
11872,2.43,2.0,-0.43
11873,2.63,2.409,-0.221
11874,2.39,2.376,-0.014
11875,2.41,2.3,-0.11
11876,5.34,1.82,-3.52
11877,2.78,1.847,-0.933
11878,2.24,1.875,-0.365
11879,1.93,1.457,-0.473
11880,2.0,0.684,-1.316
11881,2.29,0.564,-1.726
11882,2.31,1.794,-0.516
11883,2.52,2.421,-0.099
11884,1.86,2.1,0.24
11885,2.28,2.07,-0.21
11886,1.83,2.097,0.267
11887,2.4,2.09,-0.31
11888,1.91,2.104,0.194
11889,2.31,1.896,-0.414
11890,2.0,2.132,0.132
11891,1.97,2.408,0.438
11892,2.17,2.432,0.262
11893,1.7,2.223,0.523
11894,1.96,2.548,0.588
11895,1.74,2.468,0.728
11896,2.11,2.792,0.682
11897,1.51,2.344,0.834
11898,1.83,2.296,0.466
11899,1.73,2.664,0.934
11900,1.68,2.732,1.052
11901,1.67,2.681,1.011
11902,1.76,2.968,1.208
11903,1.77,4.421,2.651
11904,2.03,3.937,1.907
11905,1.72,4.137,2.417
11906,1.39,4.303,2.913
11907,1.65,4.283,2.633
11908,2.29,4.4,2.11
11909,1.56,4.763,3.203
11910,1.85,4.504,2.654
11911,2.33,4.431,2.101
11912,1.93,4.511,2.581
11913,1.79,4.457,2.667
11914,1.84,4.362,2.522
11915,1.79,4.128,2.338
11916,1.4,4.126,2.726
11917,2.79,4.988,2.198
11918,1.97,5.541,3.571
11919,2.01,6.628,4.618
11920,2.48,5.741,3.261
11921,1.76,6.636,4.876
11922,1.68,6.887,5.207
11923,1.91,5.542,3.632
11924,2.11,6.633,4.523
11925,1.4,6.811,5.411
11926,1.33,7.267,5.937
11927,1.8,7.204,5.404
11928,1.62,7.204,5.584
11929,1.88,7.204,5.324
11930,1.47,7.204,5.734
11931,1.2,7.707,6.507
11932,1.91,5.555,3.645
11933,1.63,4.996,3.366
11934,1.08,4.45,3.37
11935,1.68,4.361,2.681
11936,1.19,3.854,2.664
11937,1.39,2.675,1.285
11938,1.26,2.023,0.763
11939,1.19,2.018,0.828
11940,1.16,2.01,0.85
11941,0.94,2.028,1.088
11942,1.0,2.129,1.129
11943,1.29,1.91,0.62
11944,0.88,2.192,1.312
11945,0.94,2.229,1.289
11946,0.98,2.453,1.473
11947,1.14,2.688,1.548
11948,0.84,2.689,1.849
11949,0.8,3.643,2.843
11950,0.86,3.643,2.783
11951,1.01,2.667,1.657
11952,0.95,3.818,2.868
11953,0.91,3.66,2.75
11954,1.12,2.778,1.658
11955,1.03,3.679,2.649
11956,1.31,3.607,2.297
11957,1.02,3.585,2.565
11958,1.14,2.773,1.633
11959,1.22,2.481,1.261
11960,1.18,2.321,1.141
11961,1.38,2.199,0.819
11962,1.23,2.351,1.121
11963,1.43,2.418,0.988
11964,1.49,2.623,1.133
11965,1.52,2.669,1.149
11966,1.54,2.705,1.165
11967,1.6,2.656,1.056
11968,2.23,3.157,0.927
11969,1.8,3.005,1.205
11970,1.72,3.111,1.391
11971,2.42,3.179,0.759
11972,1.76,2.599,0.839
11973,2.4,3.392,0.992
11974,2.01,3.123,1.113
11975,1.73,3.0,1.27
11976,2.01,2.557,0.547
11977,1.96,3.372,1.412
11978,1.65,3.1,1.45
11979,1.94,3.317,1.377
11980,2.18,3.401,1.221
11981,1.41,3.927,2.517
11982,1.67,3.974,2.304
11983,1.89,3.437,1.547
11984,2.39,4.488,2.098
11985,2.28,4.481,2.201
11986,2.12,2.551,0.431
11987,1.76,2.737,0.977
11988,1.9,2.514,0.614
11989,1.93,2.522,0.592
11990,2.29,2.793,0.503
11991,1.73,2.468,0.738
11992,1.86,2.522,0.662
11993,2.03,2.552,0.522
11994,1.73,2.468,0.738
11995,1.9,2.468,0.568
11996,2.46,2.84,0.38
11997,2.1,2.883,0.783
11998,2.44,2.939,0.499
11999,1.85,3.093,1.243
12000,1.82,3.161,1.341
12001,2.21,3.239,1.029
12002,2.32,2.961,0.641
12003,1.75,2.957,1.207
12004,1.82,2.917,1.097
12005,2.16,2.917,0.757
12006,1.88,2.968,1.088
12007,1.69,2.968,1.278
12008,2.04,2.968,0.928
12009,1.51,2.917,1.407
12010,1.62,2.934,1.314
12011,2.33,2.934,0.604
12012,1.71,2.96,1.25
12013,1.96,2.959,0.999
12014,1.72,2.959,1.239
12015,2.23,3.172,0.942
12016,1.46,3.172,1.712
12017,2.01,3.207,1.197
12018,2.12,3.207,1.087
12019,1.73,3.207,1.477
12020,1.4,2.425,1.025
12021,1.56,2.425,0.865
12022,1.7,2.427,0.727
12023,1.55,2.427,0.877
12024,1.27,2.41,1.14
12025,1.41,2.41,1.0
12026,0.82,2.407,1.587
12027,1.27,2.407,1.137
12028,1.02,2.425,1.405
12029,1.14,3.207,2.067
12030,0.86,3.174,2.314
12031,0.79,2.96,2.17
12032,0.68,2.934,2.254
12033,1.44,2.968,1.528
12034,0.96,2.968,2.008
12035,1.05,2.97,1.92
12036,1.32,2.97,1.65
12037,1.39,2.97,1.58
12038,1.17,2.985,1.815
12039,0.93,2.968,2.038
12040,1.3,2.971,1.671
12041,0.98,2.845,1.865
12042,1.01,2.859,1.849
12043,1.3,3.041,1.741
12044,1.07,3.041,1.971
12045,1.03,3.006,1.976
12046,0.86,2.636,1.776
12047,1.14,2.632,1.492
12048,0.9,2.91,2.01
12049,0.6,3.047,2.447
12050,1.16,2.91,1.75
12051,1.57,2.727,1.157
12052,1.54,2.868,1.328
12053,1.77,2.805,1.035
12054,1.84,2.615,0.775
12055,2.18,2.558,0.378
12056,1.99,2.598,0.608
12057,2.35,2.644,0.294
12058,1.79,2.772,0.982
12059,1.77,2.755,0.985
12060,1.97,2.754,0.784
12061,2.31,2.852,0.542
12062,2.09,2.68,0.59
12063,4.89,3.002,-1.888
12064,1.82,3.015,1.195
12065,2.52,3.016,0.496
12066,3.24,2.973,-0.267
12067,2.78,2.97,0.19
12068,3.1,2.941,-0.159
12069,2.63,2.968,0.338
12070,1.85,2.968,1.118
12071,1.83,2.915,1.085
12072,2.44,2.92,0.48
12073,2.28,2.958,0.678
12074,2.78,2.958,0.178
12075,2.02,3.164,1.144
12076,1.66,3.433,1.773
12077,1.94,2.398,0.458
12078,4.95,3.207,-1.743
12079,2.12,3.172,1.052
12080,2.4,3.172,0.772
12081,1.96,2.958,0.998
12082,2.28,3.172,0.892
12083,2.24,2.958,0.718
12084,2.24,2.958,0.718
12085,1.84,3.172,1.332
12086,1.39,3.172,1.782
12087,2.08,3.172,1.092
12088,2.19,2.958,0.768
12089,1.79,2.936,1.146
12090,1.76,2.939,1.179
12091,2.71,2.867,0.157
12092,2.75,2.585,-0.165
12093,2.29,2.583,0.293
12094,2.3,2.575,0.275
12095,2.2,2.575,0.375
12096,2.19,2.572,0.382
12097,2.05,2.53,0.48
12098,2.06,2.562,0.502
12099,1.28,2.772,1.492
12100,2.37,2.843,0.473
12101,1.88,3.184,1.304
12102,2.07,3.207,1.137
12103,2.62,3.207,0.587
12104,2.1,3.215,1.115
12105,2.24,3.215,0.975
12106,2.26,2.425,0.165
12107,2.2,2.425,0.225
12108,2.02,2.425,0.405
12109,1.83,2.427,0.597
12110,2.62,2.427,-0.193
12111,2.02,2.425,0.405
12112,1.49,2.407,0.917
12113,2.35,2.407,0.057
12114,2.56,2.427,-0.133
12115,2.14,2.419,0.279
12116,1.94,2.417,0.477
12117,1.87,2.267,0.397
12118,1.7,2.267,0.567
12119,1.81,2.257,0.447
12120,1.54,2.267,0.727
12121,1.99,2.267,0.277
12122,1.53,2.267,0.737
12123,1.8,2.174,0.374
12124,1.74,2.177,0.437
12125,1.42,2.174,0.754
12126,1.5,2.257,0.757
12127,1.23,2.257,1.027
12128,1.42,2.267,0.847
12129,1.58,2.3,0.72
12130,1.43,2.257,0.827
12131,1.2,2.79,1.59
12132,1.55,2.79,1.24
12133,1.53,2.765,1.235
12134,1.34,2.56,1.22
12135,1.29,2.573,1.283
12136,0.97,2.553,1.583
12137,1.21,2.52,1.31
12138,0.83,2.493,1.663
12139,1.06,2.544,1.484
12140,1.15,2.542,1.392
12141,1.08,2.585,1.505
12142,1.62,2.701,1.081
12143,1.78,2.699,0.919
12144,1.76,2.699,0.939
12145,2.04,2.65,0.61
12146,2.01,2.72,0.71
12147,1.97,2.658,0.688
12148,1.93,2.705,0.775
12149,2.65,2.702,0.052
12150,2.32,2.655,0.335
12151,1.71,2.702,0.992
12152,2.38,2.422,0.042
12153,2.16,2.422,0.262
12154,2.53,2.439,-0.091
12155,1.58,2.425,0.845
12156,2.04,2.425,0.385
12157,2.73,2.528,-0.202
12158,3.34,2.784,-0.556
12159,3.0,2.881,-0.119
12160,4.7,2.87,-1.83
12161,1.43,2.784,1.354
12162,2.57,2.871,0.301
12163,2.88,2.641,-0.239
12164,3.67,2.727,-0.943
12165,3.95,2.702,-1.248
12166,2.32,2.526,0.206
12167,2.77,2.702,-0.068
12168,2.48,2.619,0.139
12169,2.42,2.547,0.127
12170,2.52,2.55,0.03
12171,2.52,2.63,0.11
12172,2.42,2.572,0.152
12173,2.71,2.763,0.053
12174,2.69,2.782,0.092
12175,2.73,2.782,0.052
12176,2.48,2.782,0.302
12177,2.81,2.79,-0.02
12178,2.8,2.79,-0.01
12179,3.05,2.772,-0.278
12180,2.5,2.772,0.272
12181,4.04,2.825,-1.215
12182,2.36,3.021,0.661
12183,2.04,2.79,0.75
12184,2.09,2.782,0.692
12185,1.75,2.76,1.01
12186,2.14,2.704,0.564
12187,0.94,2.681,1.741
12188,2.31,2.68,0.37
12189,2.29,2.672,0.382
12190,3.21,2.755,-0.455
12191,2.38,2.663,0.283
12192,2.24,2.669,0.429
12193,2.05,2.697,0.647
12194,2.91,2.79,-0.12
12195,2.09,2.79,0.7
12196,2.09,2.759,0.669
12197,2.15,2.747,0.597
12198,2.59,2.255,-0.335
12199,1.6,2.263,0.663
12200,2.17,2.263,0.093
12201,2.21,2.375,0.165
12202,2.77,2.375,-0.395
12203,1.99,2.363,0.373
12204,2.27,2.349,0.079
12205,2.62,2.237,-0.383
12206,2.14,2.499,0.359
12207,1.55,2.232,0.682
12208,2.9,2.274,-0.626
12209,2.59,2.271,-0.319
12210,2.44,2.158,-0.282
12211,2.2,2.146,-0.054
12212,2.59,2.125,-0.465
12213,2.23,2.103,-0.127
12214,2.03,2.095,0.065
12215,4.45,2.089,-2.361
12216,2.15,2.082,-0.068
12217,2.17,2.091,-0.079
12218,1.89,2.083,0.193
12219,1.91,2.083,0.173
12220,1.97,2.153,0.183
12221,1.57,2.253,0.683
12222,1.86,2.272,0.412
12223,1.75,2.735,0.985
12224,1.9,2.735,0.835
12225,1.48,2.633,1.153
12226,1.68,2.642,0.962
12227,2.26,2.656,0.396
12228,1.64,2.698,1.058
12229,1.57,2.53,0.96
12230,2.1,2.543,0.443
12231,2.08,2.572,0.492
12232,1.62,2.546,0.926
12233,1.69,2.519,0.829
12234,1.39,2.547,1.157
12235,2.01,2.519,0.509
12236,1.81,2.543,0.733
12237,1.93,2.574,0.644
12238,1.98,2.574,0.594
12239,1.76,2.543,0.783
12240,1.88,2.574,0.694
12241,1.78,2.622,0.842
12242,1.67,2.622,0.952
12243,1.84,2.584,0.744
12244,2.18,2.772,0.592
12245,1.48,2.572,1.092
12246,1.62,2.499,0.879
12247,1.72,2.545,0.825
12248,1.83,2.53,0.7
12249,1.81,2.499,0.689
12250,2.07,2.499,0.429
12251,1.91,2.544,0.634
12252,1.98,2.778,0.798
12253,2.15,2.26,0.11
12254,2.06,2.221,0.161
12255,2.18,2.115,-0.065
12256,2.68,2.147,-0.533
12257,2.22,2.14,-0.08
12258,2.4,2.138,-0.262
12259,2.33,2.786,0.456
12260,2.99,2.132,-0.858
12261,2.35,2.101,-0.249
12262,2.3,3.178,0.878
12263,2.47,4.346,1.876
12264,2.09,4.227,2.137
12265,2.22,4.361,2.141
12266,2.34,4.065,1.725
12267,2.11,3.049,0.939
12268,1.99,3.018,1.028
12269,2.41,4.039,1.629
12270,2.01,4.065,2.055
12271,1.73,4.075,2.345
12272,2.14,4.361,2.221
12273,2.53,4.422,1.892
12274,2.13,4.499,2.369
12275,2.3,4.522,2.222
12276,1.67,4.522,2.852
12277,2.53,4.535,2.005
12278,2.27,4.556,2.286
12279,1.25,4.514,3.264
12280,2.34,4.515,2.175
12281,2.29,4.706,2.416
12282,2.22,4.367,2.147
12283,2.04,4.396,2.356
12284,1.91,4.394,2.484
12285,2.6,4.413,1.813
12286,1.86,4.408,2.548
12287,1.66,4.406,2.746
12288,2.54,4.394,1.854
12289,3.07,4.394,1.324
12290,2.19,4.409,2.219
12291,2.4,4.368,1.968
12292,2.79,4.425,1.635
12293,2.23,4.383,2.153
12294,2.37,4.402,2.032
12295,2.58,4.379,1.799
12296,2.73,4.383,1.653
12297,2.33,4.391,2.061
12298,1.9,4.419,2.519
12299,2.63,4.443,1.813
12300,2.33,4.427,2.097
12301,2.28,4.457,2.177
12302,2.11,4.432,2.322
12303,1.87,4.408,2.538
12304,2.58,4.437,1.857
12305,2.38,4.403,2.023
12306,2.03,4.413,2.383
12307,1.84,4.32,2.48
12308,2.02,4.207,2.187
12309,2.35,4.195,1.845
12310,2.07,4.195,2.125
12311,1.94,4.209,2.269
12312,1.69,4.221,2.531
12313,2.46,4.221,1.761
12314,2.16,4.221,2.061
12315,1.69,4.217,2.527
12316,1.52,4.221,2.701
12317,1.73,4.221,2.491
12318,1.72,4.221,2.501
12319,1.69,4.209,2.519
12320,1.37,4.209,2.839
12321,1.57,4.217,2.647
12322,1.65,4.221,2.571
12323,1.46,4.217,2.757
12324,1.52,4.221,2.701
12325,1.88,4.217,2.337
12326,1.64,4.221,2.581
12327,1.12,4.203,3.083
12328,1.19,4.199,3.009
12329,1.19,4.313,3.123
12330,1.54,4.199,2.659
12331,1.42,4.313,2.893
12332,1.8,4.35,2.55
12333,1.83,4.32,2.49
12334,2.02,4.207,2.187
12335,1.56,4.195,2.635
12336,1.51,4.195,2.685
12337,1.59,4.195,2.605
12338,1.79,4.195,2.405
12339,1.51,4.348,2.838
12340,1.8,4.348,2.548
12341,1.76,4.209,2.449
12342,1.31,4.195,2.885
12343,1.7,4.233,2.533
12344,1.44,4.233,2.793
12345,1.58,4.297,2.717
12346,1.88,4.297,2.417
12347,1.2,4.297,3.097
12348,1.58,4.312,2.732
12349,2.09,4.313,2.223
12350,1.73,4.309,2.579
12351,2.39,4.313,1.923
12352,1.92,4.061,2.141
12353,1.93,3.776,1.846
12354,2.2,3.753,1.553
12355,1.87,3.645,1.775
12356,1.96,3.649,1.689
12357,2.01,3.69,1.68
12358,2.05,3.725,1.675
12359,2.13,3.612,1.482
12360,2.15,3.707,1.557
12361,1.33,3.753,2.423
12362,2.17,3.824,1.654
12363,1.36,3.727,2.367
12364,2.12,3.738,1.618
12365,2.61,3.641,1.031
12366,1.32,3.809,2.489
12367,1.84,3.857,2.017
12368,2.35,3.641,1.291
12369,2.17,3.767,1.597
12370,2.95,3.751,0.801
12371,1.82,3.77,1.95
12372,2.76,3.726,0.966
12373,2.65,3.712,1.062
12374,1.38,3.72,2.34
12375,2.01,3.711,1.701
12376,2.17,3.711,1.541
12377,1.9,3.711,1.811
12378,1.27,3.668,2.398
12379,2.56,3.644,1.084
12380,2.14,3.629,1.489
12381,1.82,3.622,1.802
12382,1.49,3.657,2.167
12383,2.52,3.653,1.133
12384,2.89,3.657,0.767
12385,1.72,3.657,1.937
12386,2.32,3.624,1.304
12387,2.2,3.624,1.424
12388,2.31,3.671,1.361
12389,1.95,3.74,1.79
12390,2.29,3.741,1.451
12391,2.0,3.74,1.74
12392,1.52,3.74,2.22
12393,2.01,3.529,1.519
12394,1.29,3.648,2.358
12395,2.15,3.651,1.501
12396,2.12,3.74,1.62
12397,2.42,3.648,1.228
12398,1.77,3.525,1.755
12399,2.36,3.48,1.12
12400,1.65,3.556,1.906
12401,1.34,3.572,2.232
12402,1.7,3.572,1.872
12403,1.39,3.539,2.149
12404,2.46,3.539,1.079
12405,1.57,3.528,1.958
12406,1.81,3.572,1.762
12407,1.43,3.528,2.098
12408,1.3,3.53,2.23
12409,1.49,3.555,2.065
12410,1.91,3.557,1.647
12411,0.99,3.557,2.567
12412,0.83,3.568,2.738
12413,1.31,3.542,2.232
12414,1.09,3.568,2.478
12415,1.01,3.64,2.63
12416,1.46,3.58,2.12
12417,1.5,3.603,2.103
12418,1.03,3.706,2.676
12419,0.83,3.599,2.769
12420,1.58,3.707,2.127
12421,1.65,3.706,2.056
12422,1.44,3.679,2.239
12423,1.26,3.679,2.419
12424,1.4,3.74,2.34
12425,1.8,3.831,2.031
12426,1.17,3.882,2.712
12427,1.49,3.817,2.327
12428,1.39,3.813,2.423
12429,1.5,3.854,2.354
12430,1.42,3.835,2.415
12431,1.64,3.741,2.101
12432,1.66,3.741,2.081
12433,2.53,3.835,1.305
12434,2.13,3.73,1.6
12435,1.91,3.73,1.82
12436,2.15,3.757,1.607
12437,2.12,3.761,1.641
12438,2.17,3.8,1.63
12439,8.34,3.804,-4.536
12440,2.15,3.824,1.674
12441,1.82,3.878,2.058
12442,1.93,3.825,1.895
12443,2.73,3.772,1.042
12444,1.67,3.791,2.121
12445,2.48,3.796,1.316
12446,2.57,3.856,1.286
12447,2.31,3.819,1.509
12448,2.55,3.819,1.269
12449,1.76,3.782,2.022
12450,3.09,3.729,0.639
12451,2.27,3.729,1.459
12452,1.95,3.729,1.779
12453,2.59,3.625,1.035
12454,2.83,3.625,0.795
12455,2.05,3.622,1.572
12456,2.9,3.679,0.779
12457,2.43,3.678,1.248
12458,3.68,3.675,-0.005
12459,2.66,3.675,1.015
12460,5.28,3.675,-1.605
12461,2.85,3.643,0.793
12462,2.71,3.675,0.965
12463,3.52,3.678,0.158
12464,2.54,3.702,1.162
12465,2.04,3.768,1.728
12466,2.32,3.623,1.303
12467,2.22,3.71,1.49
12468,2.82,3.623,0.803
12469,2.77,3.623,0.853
12470,3.73,3.602,-0.128
12471,2.78,3.621,0.841
12472,2.8,3.602,0.802
12473,2.33,3.602,1.272
12474,2.35,3.602,1.252
12475,3.04,3.602,0.562
12476,1.82,3.585,1.765
12477,2.14,3.597,1.457
12478,1.76,3.482,1.722
12479,2.12,3.602,1.482
12480,4.81,3.602,-1.208
12481,3.22,3.602,0.382
12482,2.18,3.599,1.419
12483,2.25,3.599,1.349
12484,1.56,3.599,2.039
12485,2.04,3.479,1.439
12486,1.93,3.479,1.549
12487,2.88,3.461,0.581
12488,2.85,3.461,0.611
12489,2.43,3.479,1.049
12490,2.82,3.479,0.659
12491,2.35,3.479,1.129
12492,1.99,3.479,1.489
12493,2.31,3.479,1.169
12494,2.46,3.479,1.019
12495,2.67,3.479,0.809
12496,2.36,3.479,1.119
12497,2.59,3.479,0.889
12498,2.74,3.479,0.739
12499,2.22,3.479,1.259
12500,2.0,3.479,1.479
12501,1.73,3.479,1.749
12502,2.35,3.479,1.129
12503,1.87,3.479,1.609
12504,2.62,3.479,0.859
12505,1.88,3.479,1.599
12506,2.05,3.536,1.486
12507,3.2,3.529,0.329
12508,2.28,3.529,1.249
12509,1.67,3.529,1.859
12510,1.69,3.54,1.85
12511,1.95,3.503,1.553
12512,1.9,3.503,1.603
12513,2.0,3.503,1.503
12514,1.57,3.503,1.933
12515,1.78,3.608,1.828
12516,1.93,3.697,1.767
12517,2.14,3.639,1.499
12518,2.0,3.639,1.639
12519,1.7,3.606,1.906
12520,1.83,3.606,1.776
12521,2.17,3.553,1.383
12522,1.6,3.548,1.948
12523,3.85,3.602,-0.248
12524,2.19,3.602,1.412
12525,2.26,3.602,1.342
12526,1.87,3.602,1.732
12527,2.07,3.697,1.627
12528,2.14,3.697,1.557
12529,2.27,3.697,1.427
12530,1.84,3.608,1.768
12531,2.45,3.697,1.247
12532,2.22,3.697,1.477
12533,2.16,3.697,1.537
12534,2.07,3.636,1.566
12535,1.62,3.608,1.988
12536,1.9,3.503,1.603
12537,1.81,3.503,1.693
12538,4.34,3.54,-0.8
12539,1.73,3.54,1.81
12540,1.68,3.566,1.886
12541,1.57,3.566,1.996
12542,1.98,3.566,1.586
12543,2.18,3.54,1.36
12544,2.18,3.54,1.36
12545,2.07,3.507,1.437
12546,1.95,3.507,1.557
12547,2.08,3.394,1.314
12548,2.64,3.507,0.867
12549,2.35,3.65,1.3
12550,2.24,3.65,1.41
12551,2.03,3.65,1.62
12552,2.2,3.65,1.45
12553,1.5,3.644,2.144
12554,1.74,3.639,1.899
12555,1.98,3.639,1.659
12556,2.69,3.639,0.949
12557,3.08,3.644,0.564
12558,2.37,3.65,1.28
12559,1.8,3.644,1.844
12560,2.56,3.639,1.079
12561,2.27,3.639,1.369
12562,2.15,3.639,1.489
12563,2.23,3.592,1.362
12564,1.68,3.497,1.817
12565,2.06,3.497,1.437
12566,1.47,3.497,2.027
12567,2.75,3.487,0.737
12568,2.63,3.487,0.857
12569,7.36,3.487,-3.873
12570,1.86,3.592,1.732
12571,2.01,3.456,1.446
12572,2.49,3.467,0.977
12573,2.28,3.497,1.217
12574,1.06,3.499,2.439
12575,1.85,3.467,1.617
12576,2.21,3.497,1.287
12577,2.36,3.598,1.238
12578,2.28,3.608,1.328
12579,1.77,3.608,1.838
12580,1.62,3.581,1.961
12581,2.13,3.497,1.367
12582,1.95,3.581,1.631
12583,2.49,3.581,1.091
12584,1.65,3.687,2.037
12585,1.7,3.794,2.094
12586,2.37,3.687,1.317
12587,1.74,3.687,1.947
12588,5.72,3.645,-2.075
12589,2.38,3.645,1.265
12590,15.37,3.581,-11.789
12591,1.08,3.581,2.501
12592,1.54,3.581,2.041
12593,2.09,3.497,1.407
12594,1.96,3.467,1.507
12595,2.1,3.467,1.367
12596,2.03,3.467,1.437
12597,8.5,3.467,-5.033
12598,1.53,3.467,1.937
12599,1.63,3.514,1.884
12600,1.67,3.456,1.786
12601,1.82,3.55,1.73
12602,2.21,3.55,1.34
12603,1.69,3.687,1.997
12604,1.81,3.788,1.978
12605,1.48,3.784,2.304
12606,1.95,3.687,1.737
12607,1.55,3.687,2.137
12608,1.3,3.687,2.387
12609,1.41,3.645,2.235
12610,1.7,3.603,1.903
12611,1.46,3.603,2.143
12612,1.51,3.581,2.071
12613,1.46,3.603,2.143
12614,1.11,3.603,2.493
12615,1.29,3.581,2.291
12616,1.18,3.694,2.514
12617,0.98,3.694,2.714
12618,1.2,3.744,2.544
12619,1.07,3.744,2.674
12620,0.86,3.767,2.907
12621,1.1,3.504,2.404
12622,0.82,3.703,2.883
12623,1.14,3.879,2.739
12624,1.45,3.891,2.441
12625,1.53,3.925,2.395
12626,1.6,3.938,2.338
12627,1.55,3.975,2.425
12628,1.61,3.975,2.365
12629,1.74,3.935,2.195
12630,2.04,3.935,1.895
12631,2.08,4.094,2.014
12632,1.97,4.09,2.12
12633,2.17,3.938,1.768
12634,1.8,4.091,2.291
12635,2.12,4.091,1.971
12636,2.05,4.091,2.041
12637,2.03,4.091,2.061
12638,2.09,4.056,1.966
12639,2.17,4.056,1.886
12640,2.36,4.112,1.752
12641,2.67,3.867,1.197
12642,1.8,3.613,1.813
12643,2.66,3.613,0.953
12644,2.46,3.543,1.083
12645,2.38,3.543,1.163
12646,3.54,3.538,-0.002
12647,2.74,3.54,0.8
12648,3.68,3.54,-0.14
12649,2.33,3.54,1.21
12650,3.07,3.54,0.47
12651,2.27,3.54,1.27
12652,2.85,3.631,0.781
12653,3.09,3.654,0.564
12654,2.33,3.7,1.37
12655,2.47,3.798,1.328
12656,3.23,3.798,0.568
12657,3.25,3.7,0.45
12658,3.98,3.621,-0.359
12659,2.69,3.7,1.01
12660,4.82,3.7,-1.12
12661,2.6,3.7,1.1
12662,2.49,3.7,1.21
12663,0.92,3.7,2.78
12664,2.88,3.7,0.82
12665,2.05,3.815,1.765
12666,2.28,3.815,1.535
12667,2.72,3.815,1.095
12668,3.11,3.798,0.688
12669,2.69,3.815,1.125
12670,2.14,3.798,1.658
12671,2.62,3.798,1.178
12672,2.27,3.798,1.528
12673,2.49,3.798,1.308
12674,2.6,3.7,1.1
12675,1.7,3.582,1.882
12676,2.0,3.678,1.678
12677,2.44,3.85,1.41
12678,3.67,3.85,0.18
12679,2.09,3.85,1.76
12680,3.4,3.582,0.182
12681,2.54,3.706,1.166
12682,2.5,3.951,1.451
12683,2.59,3.902,1.312
12684,2.37,3.85,1.48
12685,1.99,3.802,1.812
12686,2.39,3.802,1.412
12687,1.06,3.783,2.723
12688,1.99,3.687,1.697
12689,2.26,3.783,1.523
12690,2.34,3.902,1.562
12691,1.3,3.75,2.45
12692,1.85,3.783,1.933
12693,2.07,3.794,1.724
12694,2.27,3.828,1.558
12695,1.98,3.783,1.803
12696,2.24,3.754,1.514
12697,1.69,3.754,2.064
12698,2.14,3.783,1.643
12699,1.08,3.75,2.67
12700,1.61,3.824,2.214
12701,1.76,3.754,1.994
12702,1.9,3.824,1.924
12703,1.39,3.767,2.377
12704,1.64,3.767,2.127
12705,1.52,3.945,2.425
12706,1.42,3.902,2.482
12707,1.28,3.902,2.622
12708,1.02,3.802,2.782
12709,1.37,3.802,2.432
12710,1.19,3.802,2.612
12711,1.63,3.802,2.172
12712,1.76,3.945,2.185
12713,1.61,3.802,2.192
12714,1.87,3.767,1.897
12715,3.97,3.85,-0.12
12716,2.25,3.85,1.6
12717,1.75,3.678,1.928
12718,1.91,3.807,1.897
12719,1.36,3.505,2.145
12720,2.48,3.598,1.118
12721,1.69,3.474,1.784
12722,2.89,3.474,0.584
12723,1.66,3.538,1.878
12724,2.03,3.506,1.476
12725,2.2,3.543,1.343
12726,2.19,3.538,1.348
12727,1.21,3.54,2.33
12728,2.17,3.54,1.37
12729,2.03,3.821,1.791
12730,1.66,3.676,2.016
12731,5.16,3.769,-1.391
12732,1.72,3.766,2.046
12733,2.25,4.053,1.803
12734,7.62,4.468,-3.152
12735,2.64,4.472,1.832
12736,3.97,4.435,0.465
12737,3.24,4.449,1.209
12738,2.84,4.32,1.48
12739,2.74,4.36,1.62
12740,2.99,4.308,1.318
12741,2.43,4.285,1.855
12742,8.18,4.317,-3.863
12743,3.65,4.248,0.598
12744,3.67,4.248,0.578
12745,2.34,4.248,1.908
12746,2.87,4.317,1.447
12747,2.46,4.248,1.788
12748,2.45,4.248,1.798
12749,3.05,4.248,1.198
12750,2.15,4.248,2.098
12751,2.33,4.214,1.884
12752,2.13,4.205,2.075
12753,3.44,4.227,0.787
12754,4.46,4.214,-0.246
12755,3.55,4.232,0.682
12756,3.3,4.144,0.844
12757,6.83,4.124,-2.706
12758,2.72,4.091,1.371
12759,3.41,4.116,0.706
12760,2.94,4.111,1.171
12761,4.55,4.112,-0.438
12762,2.69,4.144,1.454
12763,3.18,4.148,0.968
12764,2.69,4.143,1.453
12765,2.91,4.144,1.234
12766,2.47,4.042,1.572
12767,3.35,4.143,0.793
12768,2.28,4.081,1.801
12769,2.5,4.149,1.649
12770,2.76,4.144,1.384
12771,2.9,3.958,1.058
12772,3.15,3.958,0.808
12773,3.11,3.994,0.884
12774,3.94,4.002,0.062
12775,2.36,4.081,1.721
12776,2.74,4.04,1.3
12777,2.68,3.772,1.092
12778,2.63,3.701,1.071
12779,2.75,4.075,1.325
12780,1.85,4.023,2.173
12781,2.62,4.043,1.423
12782,2.77,4.134,1.364
12783,1.91,4.095,2.185
12784,2.11,4.071,1.961
12785,1.83,3.949,2.119
12786,2.26,3.953,1.693
12787,1.97,3.946,1.976
12788,1.62,3.964,2.344
12789,1.91,4.115,2.205
12790,1.85,4.09,2.24
12791,1.85,4.071,2.221
12792,1.95,4.086,2.136
12793,1.97,3.946,1.976
12794,2.12,3.946,1.826
12795,2.13,3.946,1.816
12796,2.02,3.946,1.926
12797,1.9,4.086,2.186
12798,1.6,4.167,2.567
12799,1.91,3.898,1.988
12800,1.87,3.921,2.051
12801,1.38,3.996,2.616
12802,1.87,3.678,1.808
12803,2.09,3.582,1.492
12804,1.21,3.505,2.295
12805,1.63,3.474,1.844
12806,1.59,3.598,2.008
12807,1.25,3.547,2.297
12808,2.37,3.598,1.228
12809,1.42,3.631,2.211
12810,1.52,3.631,2.111
12811,1.4,3.598,2.198
12812,1.75,3.598,1.848
12813,1.68,3.598,1.918
12814,1.75,3.598,1.848
12815,1.83,3.631,1.801
12816,1.55,3.59,2.04
12817,2.04,3.762,1.722
12818,2.19,4.069,1.879
12819,2.66,4.248,1.588
12820,2.83,4.248,1.418
12821,2.31,4.248,1.938
12822,2.69,4.281,1.591
12823,2.47,4.281,1.811
12824,2.66,4.243,1.583
12825,2.07,4.278,2.208
12826,3.25,4.239,0.989
12827,3.08,4.238,1.158
12828,2.72,4.238,1.518
12829,2.93,4.238,1.308
12830,2.58,4.238,1.658
12831,3.0,4.238,1.238
12832,3.41,4.238,0.828
12833,2.94,4.239,1.299
12834,3.98,4.239,0.259
12835,5.1,4.039,-1.061
12836,6.41,3.89,-2.52
12837,3.1,3.782,0.682
12838,3.95,3.714,-0.236
12839,3.5,3.751,0.251
12840,2.12,3.728,1.608
12841,4.61,3.728,-0.882
12842,9.6,3.787,-5.813
12843,2.75,3.89,1.14
12844,2.54,4.281,1.741
12845,3.35,4.281,0.931
12846,2.41,4.317,1.907
12847,4.13,4.248,0.118
12848,3.27,4.248,0.978
12849,2.75,4.317,1.567
12850,2.93,4.317,1.387
12851,2.55,4.317,1.767
12852,2.11,4.248,2.138
12853,3.34,4.248,0.908
12854,2.26,4.248,1.988
12855,2.81,4.239,1.429
12856,1.97,4.129,2.159
12857,3.05,4.115,1.065
12858,4.09,4.124,0.034
12859,1.57,4.239,2.669
12860,2.84,4.248,1.408
12861,2.73,4.248,1.518
12862,0.81,4.129,3.319
12863,2.3,4.129,1.829
12864,2.54,4.129,1.589
12865,2.43,4.043,1.613
12866,2.99,3.992,1.002
12867,4.75,4.046,-0.704
12868,7.34,4.071,-3.269
12869,2.55,4.071,1.521
12870,2.14,4.194,2.054
12871,2.32,4.162,1.842
12872,2.49,4.023,1.533
12873,2.81,4.195,1.385
12874,1.45,4.071,2.621
12875,2.36,3.921,1.561
12876,2.34,3.963,1.623
12877,2.39,3.996,1.606
12878,2.51,3.883,1.373
12879,2.16,4.084,1.924
12880,2.25,4.095,1.845
12881,4.41,4.095,-0.315
12882,2.72,4.115,1.395
12883,1.36,4.123,2.763
12884,2.55,4.123,1.573
12885,1.96,4.112,2.152
12886,2.1,4.104,2.004
12887,2.19,4.123,1.933
12888,1.82,4.123,2.303
12889,1.97,4.129,2.159
12890,2.81,4.115,1.305
12891,1.89,4.083,2.193
12892,2.45,4.083,1.633
12893,2.33,3.9,1.57
12894,1.71,3.902,2.192
12895,1.46,3.767,2.307
12896,2.47,3.767,1.297
12897,1.76,3.706,1.946
12898,1.84,4.042,2.202
12899,2.11,4.029,1.919
12900,1.67,4.043,2.373
12901,1.52,4.132,2.612
12902,1.59,4.229,2.639
12903,1.52,4.217,2.697
12904,1.8,4.217,2.417
12905,1.78,4.239,2.459
12906,4.88,4.248,-0.632
12907,2.07,4.248,2.178
12908,2.28,4.248,1.968
12909,2.18,4.248,2.068
12910,1.94,4.317,2.377
12911,2.09,4.317,2.227
12912,2.14,4.317,2.177
12913,2.21,4.317,2.107
12914,1.99,4.317,2.327
12915,1.69,4.317,2.627
12916,2.31,4.281,1.971
12917,2.69,4.281,1.591
12918,2.1,4.281,2.181
12919,2.4,4.317,1.917
12920,1.8,4.317,2.517
12921,9.58,4.248,-5.332
12922,4.46,4.248,-0.212
12923,4.47,4.265,-0.205
12924,1.41,4.226,2.816
12925,3.2,4.234,1.034
12926,2.54,4.265,1.725
12927,2.79,4.135,1.345
12928,2.41,4.043,1.633
12929,2.54,4.039,1.499
12930,2.79,4.043,1.253
12931,4.51,4.039,-0.471
12932,1.78,4.041,2.261
12933,1.67,4.043,2.373
12934,2.74,4.067,1.327
12935,2.47,4.071,1.601
12936,2.46,4.067,1.607
12937,4.15,4.063,-0.087
12938,2.05,4.067,2.017
12939,7.64,4.054,-3.586
12940,11.08,4.003,-7.077
12941,2.53,4.003,1.473
12942,2.75,3.975,1.225
12943,1.99,4.023,2.033
12944,5.24,4.003,-1.237
12945,2.24,3.991,1.751
12946,1.99,3.931,1.941
12947,5.22,3.936,-1.284
12948,1.88,3.931,2.051
12949,8.01,3.961,-4.049
12950,3.35,4.018,0.668
12951,2.36,4.003,1.643
12952,2.81,4.007,1.197
12953,3.16,4.007,0.847
12954,2.72,4.011,1.291
12955,2.2,4.043,1.843
12956,1.62,4.014,2.394
12957,0.98,4.029,3.049
12958,3.23,4.039,0.809
12959,2.15,4.029,1.879
12960,1.82,4.007,2.187
12961,3.69,4.032,0.342
12962,1.8,4.003,2.203
12963,3.42,4.04,0.62
12964,3.26,4.03,0.77
12965,2.79,4.046,1.256
12966,1.64,4.043,2.403
12967,3.0,4.046,1.046
12968,3.23,4.028,0.798
12969,2.33,4.007,1.677
12970,2.47,4.026,1.556
12971,2.17,4.071,1.901
12972,1.82,4.042,2.222
12973,2.23,4.043,1.813
12974,2.92,4.048,1.128
12975,9.99,4.073,-5.917
12976,7.74,4.043,-3.697
12977,8.53,4.039,-4.491
12978,3.99,4.014,0.024
12979,3.97,4.02,0.05
12980,3.98,4.013,0.033
12981,2.23,4.014,1.784
12982,2.48,4.023,1.543
12983,2.33,4.039,1.709
12984,3.24,4.046,0.806
12985,1.46,4.021,2.561
12986,3.1,4.007,0.907
12987,2.14,4.026,1.886
12988,2.5,4.003,1.503
12989,2.36,4.028,1.668
12990,1.98,4.003,2.023
12991,3.58,4.003,0.423
12992,2.22,4.003,1.783
12993,2.42,4.085,1.665
12994,1.38,4.134,2.754
12995,2.35,4.134,1.784
12996,2.29,4.248,1.958
12997,1.95,4.248,2.298
12998,3.03,4.248,1.218
12999,1.8,4.248,2.448
13000,1.67,4.248,2.578
13001,2.3,4.248,1.948
13002,3.83,4.248,0.418
13003,2.12,4.248,2.128
13004,2.24,4.248,2.008
13005,0.82,4.248,3.428
13006,2.54,4.248,1.708
13007,1.93,4.248,2.318
13008,4.56,4.248,-0.312
13009,1.94,4.248,2.308
13010,2.77,4.248,1.478
13011,2.76,4.248,1.488
13012,3.37,4.248,0.878
13013,3.56,4.148,0.588
13014,3.39,4.115,0.725
13015,3.13,4.004,0.874
13016,6.97,4.027,-2.943
13017,4.45,4.003,-0.447
13018,2.69,4.003,1.313
13019,2.3,4.003,1.703
13020,2.84,4.003,1.163
13021,2.34,4.003,1.663
13022,2.47,4.085,1.615
13023,2.72,4.085,1.365
13024,2.95,4.085,1.135
13025,2.52,4.085,1.565
13026,2.27,4.082,1.812
13027,4.15,4.085,-0.065
13028,2.44,4.135,1.695
13029,3.86,4.085,0.225
13030,2.07,4.083,2.013
13031,3.73,4.135,0.405
13032,2.45,4.083,1.633
13033,5.86,4.135,-1.725
13034,2.83,4.135,1.305
13035,2.52,4.135,1.615
13036,2.49,4.135,1.645
13037,2.61,4.135,1.525
13038,3.6,4.135,0.535
13039,2.05,4.135,2.085
13040,3.04,4.135,1.095
13041,2.54,4.135,1.595
13042,1.59,4.248,2.658
13043,3.55,4.135,0.585
13044,3.07,4.135,1.065
13045,2.47,4.248,1.778
13046,2.36,4.248,1.888
13047,3.41,4.135,0.725
13048,4.77,4.135,-0.635
13049,3.53,4.248,0.718
13050,1.73,4.244,2.514
13051,2.1,4.244,2.144
13052,3.56,4.248,0.688
13053,3.34,4.248,0.908
13054,4.69,4.248,-0.442
13055,4.39,4.244,-0.146
13056,1.69,4.313,2.623
13057,3.62,4.246,0.626
13058,2.81,4.244,1.434
13059,3.31,4.246,0.936
13060,5.97,4.246,-1.724
13061,2.11,4.246,2.136
13062,2.71,4.246,1.536
13063,4.98,4.246,-0.734
13064,3.45,4.246,0.796
13065,3.13,4.246,1.116
13066,3.9,4.246,0.346
13067,2.61,4.246,1.636
13068,3.28,4.244,0.964
13069,3.11,4.246,1.136
13070,2.75,4.246,1.496
13071,2.55,4.244,1.694
13072,1.43,4.246,2.816
13073,2.98,4.244,1.264
13074,3.66,4.244,0.584
13075,2.73,4.246,1.516
13076,2.72,4.246,1.526
13077,2.1,4.244,2.144
13078,3.23,4.244,1.014
13079,2.42,4.244,1.824
13080,2.06,4.246,2.186
13081,2.11,4.131,2.021
13082,2.42,4.246,1.826
13083,1.87,4.134,2.264
13084,2.96,4.244,1.284
13085,8.49,4.244,-4.246
13086,2.29,4.244,1.954
13087,2.97,4.244,1.274
13088,1.72,4.244,2.524
13089,2.77,4.244,1.474
13090,1.77,4.244,2.474
13091,2.75,4.244,1.494
13092,1.94,4.246,2.306
13093,2.09,4.315,2.225
13094,1.94,4.315,2.375
13095,2.2,4.313,2.113
13096,1.58,4.313,2.733
13097,2.27,4.315,2.045
13098,3.36,4.371,1.011
13099,3.39,4.315,0.925
13100,3.07,4.313,1.243
13101,2.77,4.313,1.543
13102,7.33,4.313,-3.017
13103,2.27,4.313,2.043
13104,1.74,4.312,2.572
13105,4.81,4.313,-0.497
13106,3.74,4.277,0.537
13107,3.49,4.276,0.786
13108,2.96,4.276,1.316
13109,2.95,4.276,1.326
13110,3.77,4.276,0.506
13111,4.66,4.234,-0.426
13112,4.02,4.276,0.256
13113,3.83,4.276,0.446
13114,2.89,4.276,1.386
13115,1.28,4.276,2.996
13116,2.7,4.276,1.576
13117,3.82,4.276,0.456
13118,3.64,4.276,0.636
13119,3.84,4.312,0.472
13120,3.39,4.276,0.886
13121,3.77,4.276,0.506
13122,3.38,4.276,0.896
13123,3.27,4.276,1.006
13124,3.88,4.276,0.396
13125,3.31,4.276,0.966
13126,3.95,4.276,0.326
13127,4.17,4.276,0.106
13128,2.72,4.276,1.556
13129,3.0,4.276,1.276
13130,3.19,4.276,1.086
13131,3.38,4.276,0.896
13132,3.92,4.276,0.356
13133,3.14,4.276,1.136
13134,5.7,4.276,-1.424
13135,5.35,4.276,-1.074
13136,10.0,4.276,-5.724
13137,5.46,4.276,-1.184
13138,3.25,4.276,1.026
13139,5.01,4.276,-0.734
13140,4.96,4.276,-0.684
13141,3.61,4.276,0.666
13142,2.69,4.312,1.622
13143,2.69,4.243,1.553
13144,3.53,4.312,0.782
13145,5.65,4.312,-1.338
13146,2.21,4.312,2.102
13147,3.1,4.312,1.212
13148,2.43,4.312,1.882
13149,2.49,4.312,1.822
13150,3.37,4.243,0.873
13151,3.68,4.243,0.563
13152,2.78,4.243,1.463
13153,3.24,4.243,1.003
13154,3.35,4.13,0.78
13155,3.07,4.13,1.06
13156,4.4,4.13,-0.27
13157,3.15,4.129,0.979
13158,3.45,4.129,0.679
13159,3.72,4.129,0.409
13160,2.64,4.129,1.489
13161,2.06,4.13,2.07
13162,2.21,4.13,1.92
13163,2.7,4.13,1.43
13164,2.59,4.13,1.54
13165,2.5,4.13,1.63
13166,1.46,4.13,2.67
13167,2.47,4.13,1.66
13168,2.63,4.243,1.613
13169,1.9,4.243,2.343
13170,1.92,4.13,2.21
13171,2.3,4.243,1.943
13172,2.3,4.243,1.943
13173,2.04,4.243,2.203
13174,2.6,4.243,1.643
13175,3.49,4.312,0.822
13176,2.28,4.312,2.032
13177,2.36,4.312,1.952
13178,1.77,4.312,2.542
13179,2.65,4.312,1.662
13180,3.43,4.243,0.813
13181,2.8,4.243,1.443
13182,2.02,4.312,2.292
13183,2.2,4.312,2.112
13184,2.14,4.312,2.172
13185,2.56,4.312,1.752
13186,2.33,4.276,1.946
13187,2.09,4.276,2.186
13188,4.86,4.276,-0.584
13189,3.36,4.276,0.916
13190,2.0,4.276,2.276
13191,2.38,4.276,1.896
13192,2.77,4.234,1.464
13193,2.79,4.234,1.444
13194,3.45,4.234,0.784
13195,2.52,4.234,1.714
13196,2.06,4.234,2.174
13197,2.79,4.234,1.444
13198,4.1,4.234,0.134
13199,2.91,4.234,1.324
13200,2.62,4.234,1.614
13201,3.4,4.234,0.834
13202,2.22,4.234,2.014
13203,3.13,4.234,1.104
13204,3.4,4.231,0.831
13205,4.24,4.234,-0.006
13206,3.05,4.234,1.184
13207,3.85,4.231,0.381
13208,3.87,4.232,0.362
13209,5.59,4.231,-1.359
13210,5.15,4.231,-0.919
13211,4.68,4.232,-0.448
13212,4.77,4.232,-0.538
13213,6.16,4.225,-1.935
13214,3.69,4.232,0.542
13215,2.71,4.232,1.522
13216,12.82,4.221,-8.599
13217,7.9,4.221,-3.679
13218,3.34,4.221,0.881
13219,3.45,4.225,0.775
13220,3.33,4.225,0.895
13221,3.33,4.221,0.891
13222,2.55,4.225,1.675
13223,3.28,4.229,0.949
13224,7.84,4.221,-3.619
13225,4.47,4.262,-0.208
13226,3.2,4.27,1.07
13227,3.37,4.262,0.892
13228,2.9,4.262,1.362
13229,4.04,4.262,0.222
13230,3.06,4.262,1.202
13231,4.19,4.262,0.072
13232,4.44,4.262,-0.178
13233,7.12,4.238,-2.882
13234,4.29,4.28,-0.01
13235,3.23,4.28,1.05
13236,2.62,4.28,1.66
13237,3.65,4.28,0.63
13238,3.47,4.28,0.81
13239,3.38,4.28,0.9
13240,2.99,4.28,1.29
13241,2.51,4.27,1.76
13242,3.96,4.28,0.32
13243,3.89,4.28,0.39
13244,4.15,4.238,0.088
13245,4.39,4.238,-0.152
13246,5.92,4.238,-1.682
13247,3.83,4.285,0.455
13248,3.69,4.28,0.59
13249,3.21,4.28,1.07
13250,4.35,4.28,-0.07
13251,2.99,4.28,1.29
13252,2.55,4.238,1.688
13253,3.74,4.238,0.498
13254,4.65,4.285,-0.365
13255,3.62,4.28,0.66
13256,2.62,4.317,1.697
13257,3.25,4.317,1.067
13258,3.06,4.317,1.257
13259,1.92,4.545,2.625
13260,3.13,4.548,1.418
13261,4.29,4.317,0.027
13262,5.03,4.317,-0.713
13263,3.54,4.317,0.777
13264,2.88,4.317,1.437
13265,3.13,4.548,1.418
13266,3.03,4.284,1.254
13267,10.92,4.548,-6.372
13268,3.2,4.592,1.392
13269,3.39,4.592,1.202
13270,3.86,4.545,0.685
13271,2.61,4.592,1.982
13272,4.0,4.592,0.592
13273,2.32,4.592,2.272
13274,2.37,4.595,2.225
13275,2.33,4.595,2.265
13276,6.93,4.574,-2.356
13277,2.68,4.592,1.912
13278,2.77,4.574,1.804
13279,2.25,4.604,2.354
13280,2.75,4.548,1.798
13281,3.01,4.548,1.538
13282,1.98,4.548,2.568
13283,2.69,4.545,1.855
13284,1.2,4.545,3.345
13285,2.98,4.574,1.594
13286,2.89,4.574,1.684
13287,2.51,4.574,2.064
13288,11.7,4.317,-7.383
13289,2.79,4.317,1.527
13290,1.96,4.285,2.325
13291,2.47,4.238,1.768
13292,2.81,4.275,1.465
13293,2.29,4.483,2.193
13294,9.78,4.483,-5.297
13295,3.62,4.603,0.983
13296,2.14,4.753,2.613
13297,2.37,4.732,2.362
13298,7.92,4.732,-3.188
13299,3.54,4.732,1.192
13300,3.22,4.733,1.513
13301,5.38,4.732,-0.648
13302,4.11,4.732,0.622
13303,3.73,4.733,1.003
13304,4.64,4.732,0.092
13305,4.18,4.732,0.552
13306,3.56,4.732,1.172
13307,4.52,4.732,0.212
13308,2.35,4.753,2.403
13309,4.73,4.753,0.023
13310,4.21,4.753,0.543
13311,3.65,4.732,1.082
13312,2.74,4.732,1.992
13313,3.57,4.753,1.183
13314,3.79,4.753,0.963
13315,4.19,4.753,0.563
13316,3.72,4.732,1.012
13317,4.03,4.732,0.702
13318,12.27,4.753,-7.517
13319,4.56,4.753,0.193
13320,2.94,4.753,1.813
13321,3.48,4.753,1.273
13322,3.4,4.732,1.332
13323,3.97,4.732,0.762
13324,4.29,4.732,0.442
13325,20.53,4.732,-15.798
13326,5.28,4.732,-0.548
13327,2.74,4.732,1.992
13328,3.72,4.753,1.033
13329,4.61,4.732,0.122
13330,4.32,4.732,0.412
13331,17.07,4.732,-12.338
13332,3.43,4.732,1.302
13333,2.23,4.753,2.523
13334,3.72,4.732,1.012
13335,6.21,4.732,-1.478
13336,3.82,4.732,0.912
13337,3.97,4.732,0.762
13338,3.63,4.732,1.102
13339,3.86,4.732,0.872
13340,3.62,4.732,1.112
13341,4.1,4.732,0.632
13342,4.04,4.732,0.692
13343,3.41,4.732,1.322
13344,3.95,4.732,0.782
13345,3.93,4.732,0.802
13346,4.89,4.732,-0.158
13347,3.13,4.732,1.602
13348,2.99,4.732,1.742
13349,2.65,4.732,2.082
13350,4.46,4.732,0.272
13351,3.42,4.732,1.312
13352,4.1,4.732,0.632
13353,3.82,4.732,0.912
13354,4.5,4.732,0.232
13355,3.54,4.732,1.192
13356,4.25,4.732,0.482
13357,3.81,4.732,0.922
13358,3.84,4.732,0.892
13359,3.69,4.732,1.042
13360,3.33,4.732,1.402
13361,3.17,4.732,1.562
13362,3.49,4.732,1.242
13363,3.8,4.753,0.953
13364,4.73,4.732,0.002
13365,4.09,4.753,0.663
13366,3.22,4.753,1.533
13367,4.08,4.753,0.673
13368,2.78,4.797,2.017
13369,3.26,4.797,1.537
13370,4.03,4.797,0.767
13371,3.57,4.797,1.227
13372,4.47,4.797,0.327
13373,3.12,4.808,1.688
13374,3.38,4.808,1.428
13375,3.51,4.808,1.298
13376,4.43,4.808,0.378
13377,2.9,4.808,1.908
13378,3.34,4.808,1.468
13379,3.88,4.808,0.928
13380,3.13,4.808,1.678
13381,4.48,4.808,0.328
13382,3.67,4.808,1.138
13383,3.2,4.808,1.608
13384,3.59,4.808,1.218
13385,3.17,4.808,1.638
13386,5.86,4.808,-1.052
13387,4.33,4.808,0.478
13388,3.15,4.797,1.647
13389,3.83,4.797,0.967
13390,4.1,4.808,0.708
13391,3.74,4.808,1.068
13392,3.28,4.797,1.517
13393,3.64,4.797,1.157
13394,2.65,4.797,2.147
13395,3.67,4.797,1.127
13396,4.36,4.808,0.448
13397,4.02,4.808,0.788
13398,4.09,4.797,0.707
13399,2.61,4.797,2.187
13400,3.11,4.808,1.698
13401,3.63,4.797,1.167
13402,4.67,4.808,0.138
13403,4.25,4.808,0.558
13404,3.56,4.808,1.248
13405,6.22,4.808,-1.412
13406,4.49,4.808,0.318
13407,3.78,4.808,1.028
13408,4.16,4.808,0.648
13409,3.85,4.808,0.958
13410,5.51,4.808,-0.702
13411,3.87,4.808,0.938
13412,4.14,4.808,0.668
13413,3.8,4.808,1.008
13414,4.0,4.797,0.797
13415,3.23,4.808,1.578
13416,4.65,4.808,0.158
13417,4.21,4.808,0.598
13418,4.78,4.808,0.028
13419,4.29,4.808,0.518
13420,4.32,4.808,0.488
13421,3.35,4.808,1.458
13422,4.13,4.808,0.678
13423,4.41,4.808,0.398
13424,4.71,4.808,0.098
13425,4.12,4.808,0.688
13426,4.08,4.808,0.728
13427,3.39,4.808,1.418
13428,3.34,4.808,1.468
13429,5.35,4.846,-0.504
13430,3.26,4.846,1.586
13431,2.67,4.846,2.176
13432,2.85,4.73,1.88
13433,2.88,4.73,1.85
13434,4.95,4.757,-0.193
13435,2.88,4.757,1.877
13436,3.12,4.757,1.637
13437,2.79,4.751,1.961
13438,3.01,4.751,1.741
13439,2.5,4.751,2.251
13440,2.51,4.751,2.241
13441,2.64,4.751,2.111
13442,2.89,4.73,1.84
13443,2.53,4.73,2.2
13444,2.12,4.724,2.604
13445,2.77,4.724,1.954
13446,2.52,4.724,2.204
13447,2.49,4.724,2.234
13448,21.31,4.724,-16.586
13449,2.49,4.738,2.248
13450,2.77,4.738,1.968
13451,2.76,4.738,1.978
13452,2.78,4.738,1.958
13453,2.98,4.738,1.758
13454,3.26,4.738,1.478
13455,3.56,4.738,1.178
13456,3.1,4.738,1.638
13457,3.68,4.738,1.058
13458,3.21,4.721,1.511
13459,5.99,4.738,-1.252
13460,3.94,4.738,0.798
13461,2.8,4.738,1.938
13462,3.56,4.738,1.178
13463,4.17,4.738,0.568
13464,3.59,4.738,1.148
13465,4.95,4.738,-0.212
13466,3.99,4.738,0.748
13467,5.17,4.738,-0.432
13468,11.19,4.738,-6.452
13469,6.21,4.721,-1.489
13470,5.08,4.738,-0.342
13471,4.87,4.724,-0.146
13472,5.15,4.738,-0.412
13473,4.85,4.738,-0.112
13474,7.64,4.886,-2.754
13475,5.53,4.886,-0.644
13476,5.89,4.899,-0.991
13477,5.09,4.886,-0.204
13478,6.79,4.899,-1.891
13479,5.38,4.886,-0.494
13480,5.61,4.886,-0.724
13481,4.78,4.886,0.106
13482,5.6,4.886,-0.714
13483,7.69,4.886,-2.804
13484,5.32,4.886,-0.434
13485,6.09,4.886,-1.204
13486,4.56,4.721,0.161
13487,5.13,4.721,-0.409
13488,3.72,4.738,1.018
13489,4.8,4.721,-0.079
13490,5.84,4.721,-1.119
13491,5.35,4.886,-0.464
13492,3.48,4.721,1.241
13493,4.67,4.721,0.051
13494,3.8,4.721,0.921
13495,4.98,4.721,-0.259
13496,4.72,4.886,0.166
13497,6.33,4.721,-1.609
13498,5.2,4.721,-0.479
13499,3.66,4.721,1.061
13500,4.73,4.721,-0.009
13501,4.4,4.738,0.338
13502,5.49,4.738,-0.752
13503,6.37,4.738,-1.632
13504,5.43,4.738,-0.692
13505,5.57,4.721,-0.849
13506,4.4,4.738,0.338
13507,5.49,4.738,-0.752
13508,5.07,4.738,-0.332
13509,5.54,4.738,-0.802
13510,5.25,4.738,-0.512
13511,6.18,4.738,-1.442
13512,6.1,4.738,-1.362
13513,5.56,4.724,-0.836
13514,5.78,4.738,-1.042
13515,4.98,4.738,-0.242
13516,5.07,4.738,-0.332
13517,5.71,4.721,-0.989
13518,5.68,4.721,-0.959
13519,5.15,4.721,-0.429
13520,5.56,4.721,-0.839
13521,4.95,4.721,-0.229
13522,4.49,4.721,0.231
13523,4.76,4.721,-0.039
13524,4.67,4.886,0.216
13525,4.87,4.899,0.029
13526,2.57,4.899,2.329
13527,4.14,4.854,0.714
13528,3.92,4.854,0.934
13529,3.66,4.864,1.204
13530,3.48,4.864,1.384
13531,3.67,4.793,1.123
13532,4.01,4.674,0.664
13533,3.57,4.674,1.104
13534,3.65,4.663,1.013
13535,3.43,4.077,0.647
13536,3.3,3.94,0.64
13537,3.47,3.94,0.47
13538,4.03,3.418,-0.612
13539,2.91,3.385,0.475
13540,3.53,3.365,-0.165
13541,3.4,2.908,-0.492
13542,3.89,2.908,-0.982
13543,3.34,2.925,-0.415
13544,3.86,2.913,-0.947
13545,3.88,2.913,-0.967
13546,3.79,2.913,-0.877
13547,3.78,2.913,-0.867
13548,4.34,2.913,-1.427
13549,4.42,2.877,-1.543
13550,5.11,2.877,-2.233
13551,4.28,2.937,-1.343
13552,4.49,4.086,-0.404
13553,5.36,4.161,-1.199
13554,5.87,4.089,-1.781
13555,5.78,4.075,-1.705
13556,5.38,4.15,-1.23
13557,5.6,4.074,-1.526
13558,6.52,4.15,-2.37
13559,8.02,4.149,-3.871
13560,6.78,4.073,-2.707
13561,7.95,3.083,-4.867
13562,6.6,4.045,-2.555
13563,5.97,2.916,-3.054
13564,6.49,3.056,-3.434
13565,7.05,2.842,-4.208
13566,6.58,2.856,-3.724
13567,7.49,2.856,-4.634
13568,7.77,2.856,-4.914
13569,7.57,2.856,-4.714
13570,5.82,2.849,-2.971
13571,7.47,2.853,-4.617
13572,8.46,2.842,-5.618
13573,8.99,2.861,-6.129
13574,10.57,2.877,-7.693
13575,7.24,2.868,-4.372
13576,17.77,2.861,-14.909
13577,7.45,2.876,-4.574
13578,10.55,2.876,-7.674
13579,8.22,2.876,-5.344
13580,5.39,2.876,-2.514
13581,7.48,2.871,-4.609
13582,7.23,2.868,-4.362
13583,7.88,2.908,-4.972
13584,8.18,2.914,-5.266
13585,4.08,2.914,-1.166
13586,7.32,2.928,-4.392
13587,8.24,2.922,-5.318
13588,6.51,2.914,-3.596
13589,7.8,2.928,-4.872
13590,6.14,2.928,-3.212
13591,7.42,2.916,-4.504
13592,10.51,2.916,-7.594
13593,6.7,2.894,-3.806
13594,8.14,2.904,-5.236
13595,7.74,2.904,-4.836
13596,7.12,2.903,-4.217
13597,6.02,2.898,-3.122
13598,6.81,2.898,-3.912
13599,6.92,2.898,-4.022
13600,7.09,2.898,-4.192
13601,5.45,2.898,-2.552
13602,8.67,2.898,-5.772
13603,6.79,2.898,-3.892
13604,6.65,2.889,-3.761
13605,6.6,2.889,-3.711
13606,7.69,2.889,-4.801
13607,7.12,2.889,-4.231
13608,6.95,2.885,-4.065
13609,11.23,2.885,-8.345
13610,9.21,2.885,-6.325
13611,7.57,2.885,-4.685
13612,7.47,2.885,-4.585
13613,5.06,2.884,-2.176
13614,7.49,2.874,-4.616
13615,5.99,2.826,-3.164
13616,6.86,2.826,-4.034
13617,7.33,2.825,-4.505
13618,6.21,2.825,-3.385
13619,5.52,2.825,-2.695
13620,6.54,2.825,-3.715
13621,5.5,2.825,-2.675
13622,6.14,2.825,-3.315
13623,6.11,2.79,-3.32
13624,5.43,3.071,-2.359
13625,6.13,4.138,-1.992
13626,6.18,4.25,-1.93
13627,6.85,3.55,-3.3
13628,6.24,3.465,-2.775
13629,9.31,3.275,-6.035
13630,6.38,3.292,-3.088
13631,7.13,3.366,-3.764
13632,6.6,3.477,-3.123
13633,7.36,2.98,-4.38
13634,7.11,2.937,-4.173
13635,6.7,2.834,-3.866
13636,6.91,2.85,-4.06
13637,6.16,2.976,-3.184
13638,7.06,2.895,-4.165
13639,7.39,3.799,-3.591
13640,9.3,2.908,-6.392
13641,6.25,3.417,-2.833
13642,8.02,3.478,-4.542
13643,8.76,3.433,-5.327
13644,10.59,3.072,-7.518
13645,6.93,2.853,-4.077
13646,7.45,3.642,-3.808
13647,8.16,2.866,-5.294
13648,9.49,2.881,-6.609
13649,7.93,3.361,-4.569
13650,9.49,2.883,-6.607
13651,9.21,5.463,-3.747
13652,9.83,3.971,-5.859
13653,10.34,3.769,-6.571
13654,9.76,3.719,-6.041
13655,10.9,5.381,-5.519
13656,12.04,5.601,-6.439
13657,10.59,3.908,-6.682
13658,10.73,3.699,-7.031
13659,10.75,3.825,-6.925
13660,10.34,3.806,-6.534
13661,11.52,3.75,-7.77
13662,18.39,3.61,-14.78
13663,10.66,3.351,-7.309
13664,10.71,3.339,-7.371
13665,10.21,3.316,-6.894
13666,14.37,3.586,-10.784
13667,11.11,5.628,-5.482
13668,9.67,6.031,-3.639
13669,9.85,3.877,-5.973
13670,12.15,3.739,-8.411
13671,9.52,3.751,-5.769
13672,14.43,3.874,-10.556
13673,10.87,3.709,-7.161
13674,10.67,3.877,-6.793
13675,8.15,3.699,-4.451
13676,9.54,3.684,-5.856
13677,8.97,3.662,-5.308
13678,9.5,3.793,-5.707
13679,9.69,3.845,-5.845
13680,14.24,3.603,-10.637
13681,13.14,3.607,-9.533
13682,9.42,3.596,-5.824
13683,13.98,3.587,-10.393
13684,11.24,3.37,-7.87
13685,12.07,3.599,-8.471
13686,10.16,3.381,-6.779
13687,9.03,3.587,-5.443
13688,11.43,3.599,-7.831
13689,13.23,3.642,-9.588
13690,9.65,3.469,-6.181
13691,9.36,3.439,-5.921
13692,9.6,3.385,-6.215
13693,12.41,3.399,-9.011
13694,13.83,3.413,-10.417
13695,9.63,3.478,-6.152
13696,10.04,3.491,-6.549
13697,9.84,3.492,-6.348
13698,10.14,3.492,-6.648
13699,9.3,3.413,-5.887
13700,6.27,3.511,-2.759
13701,10.76,3.503,-7.257
13702,9.54,3.521,-6.019
13703,9.43,3.417,-6.013
13704,13.04,3.346,-9.694
13705,10.82,3.293,-7.527
13706,9.51,3.363,-6.147
13707,9.33,3.377,-5.953
13708,12.89,3.364,-9.526
13709,8.08,3.318,-4.762
13710,10.02,3.249,-6.771
13711,9.06,3.472,-5.588
13712,7.82,3.313,-4.507
13713,9.59,3.364,-6.226
13714,7.0,3.419,-3.581
13715,9.17,3.437,-5.733
13716,8.27,3.454,-4.816
13717,8.44,3.651,-4.789
13718,8.1,3.65,-4.45
13719,8.09,3.681,-4.409
13720,7.62,3.826,-3.794
13721,6.23,3.792,-2.438
13722,7.29,3.88,-3.41
13723,8.05,5.788,-2.262
13724,8.03,4.954,-3.076
13725,9.18,5.456,-3.724
13726,6.77,5.452,-1.318
13727,6.58,5.147,-1.433
13728,8.22,4.925,-3.295
13729,7.23,4.745,-2.485
13730,7.01,4.638,-2.372
13731,7.03,4.421,-2.609
13732,6.01,3.197,-2.813
13733,7.41,4.334,-3.076
13734,7.56,4.438,-3.122
13735,6.69,4.17,-2.52
13736,6.66,4.281,-2.379
13737,7.45,4.544,-2.906
13738,7.39,4.918,-2.472
13739,7.11,4.716,-2.394
13740,8.76,5.248,-3.512
13741,6.41,4.725,-1.685
13742,8.0,4.734,-3.266
13743,7.67,4.775,-2.895
13744,10.51,4.742,-5.768
13745,9.7,4.704,-4.996
13746,9.06,4.475,-4.585
13747,9.5,4.804,-4.696
13748,9.83,4.743,-5.087
13749,11.31,4.72,-6.59
13750,10.62,4.82,-5.8
13751,13.9,4.812,-9.088
13752,11.35,4.718,-6.632
13753,9.82,5.028,-4.792
13754,11.8,9.695,-2.105
13755,9.17,4.987,-4.183
13756,13.15,4.896,-8.254
13757,10.17,4.892,-5.278
13758,13.51,4.876,-8.634
13759,12.75,5.873,-6.877
13760,10.4,4.81,-5.59
13761,14.23,5.405,-8.825
13762,15.98,6.034,-9.946
13763,11.18,5.69,-5.49
13764,15.15,5.498,-9.652
13765,16.4,5.607,-10.793
13766,14.41,5.031,-9.379
13767,13.56,5.038,-8.522
13768,11.41,4.877,-6.533
13769,10.02,4.829,-5.191
13770,11.77,4.766,-7.004
13771,12.94,4.801,-8.139
13772,14.0,4.812,-9.188
13773,13.53,4.812,-8.718
13774,11.01,4.852,-6.158
13775,16.55,4.917,-11.633
13776,15.77,4.913,-10.857
13777,12.87,4.91,-7.96
13778,15.19,5.086,-10.104
13779,11.18,5.114,-6.066
13780,10.5,5.042,-5.458
13781,15.25,5.035,-10.215
13782,14.16,5.081,-9.079
13783,11.24,4.836,-6.404
13784,11.96,4.884,-7.076
13785,11.97,4.828,-7.142
13786,14.5,4.829,-9.671
13787,12.61,4.957,-7.653
13788,11.88,4.919,-6.961
13789,14.15,5.036,-9.114
13790,11.15,4.931,-6.219
13791,11.58,4.872,-6.708
13792,14.93,4.985,-9.945
13793,12.08,4.981,-7.099
13794,12.17,4.985,-7.185
13795,14.11,4.985,-9.125
13796,12.6,4.969,-7.631
13797,14.88,4.985,-9.895
13798,10.09,4.912,-5.178
13799,14.79,4.912,-9.878
13800,9.3,4.912,-4.388
13801,10.7,5.003,-5.697
13802,12.34,4.937,-7.403
13803,15.02,5.211,-9.809
13804,13.09,5.184,-7.906
13805,14.16,5.125,-9.035
13806,14.93,5.125,-9.805
13807,12.15,5.151,-6.999
13808,12.94,5.124,-7.816
13809,11.39,5.089,-6.301
13810,10.86,5.126,-5.734
13811,11.45,5.434,-6.016
13812,10.79,5.428,-5.362
13813,9.43,5.533,-3.897
13814,10.13,5.5,-4.63
13815,11.33,5.607,-5.723
13816,9.46,5.307,-4.153
13817,10.78,5.342,-5.438
13818,11.42,5.302,-6.118
13819,10.88,5.303,-5.577
13820,12.66,5.372,-7.288
13821,10.8,5.382,-5.418
13822,13.07,5.534,-7.536
13823,12.17,5.564,-6.606
13824,12.23,5.561,-6.669
13825,14.0,5.8,-8.2
13826,10.77,5.905,-4.865
13827,13.77,6.279,-7.491
13828,9.83,6.277,-3.553
13829,9.77,5.643,-4.127
13830,9.57,5.977,-3.593
13831,9.27,8.0,-1.27
13832,10.76,8.089,-2.671
13833,10.36,7.847,-2.513
13834,11.33,7.714,-3.616
13835,9.83,7.587,-2.243
13836,10.3,7.751,-2.549
13837,11.64,7.682,-3.958
13838,10.71,7.667,-3.043
13839,11.03,7.667,-3.363
13840,12.69,7.693,-4.997
13841,11.94,7.603,-4.337
13842,13.01,7.676,-5.334
13843,12.89,8.009,-4.881
13844,9.25,8.282,-0.968
13845,11.27,8.494,-2.776
13846,12.21,7.702,-4.508
13847,10.44,6.501,-3.939
13848,14.21,6.307,-7.903
13849,14.32,6.212,-8.108
13850,11.79,6.275,-5.515
13851,15.66,6.391,-9.269
13852,10.44,6.099,-4.341
13853,12.95,6.389,-6.561
13854,13.38,6.415,-6.965
13855,11.99,6.462,-5.528
13856,11.04,6.131,-4.909
13857,16.02,6.36,-9.66
13858,13.27,6.201,-7.069
13859,14.75,6.089,-8.661
13860,17.67,6.376,-11.294
13861,15.39,6.247,-9.143
13862,13.67,6.355,-7.315
13863,12.63,6.363,-6.267
13864,12.67,6.386,-6.284
13865,13.44,6.374,-7.066
13866,16.2,6.359,-9.841
13867,12.41,6.435,-5.975
13868,9.93,6.462,-3.468
13869,13.0,6.462,-6.538
13870,12.9,6.45,-6.45
13871,15.13,6.231,-8.899
13872,10.97,5.684,-5.286
13873,17.57,6.382,-11.188
13874,19.81,5.804,-14.006
13875,12.85,5.925,-6.925
13876,11.76,5.84,-5.92
13877,10.41,5.897,-4.513
13878,12.46,5.879,-6.581
13879,11.21,5.838,-5.372
13880,19.03,5.793,-13.237
13881,13.27,5.768,-7.502
13882,9.14,5.762,-3.378
13883,12.74,5.856,-6.884
13884,13.94,5.817,-8.123
13885,13.9,5.888,-8.012
13886,13.3,5.956,-7.344
13887,13.51,5.733,-7.777
13888,16.75,5.743,-11.007
13889,13.46,5.781,-7.679
13890,13.6,5.759,-7.841
13891,14.29,5.744,-8.546
13892,11.62,5.798,-5.822
13893,13.58,5.592,-7.988
13894,12.51,5.592,-6.918
13895,12.92,5.515,-7.405
13896,10.72,5.515,-5.205
13897,10.26,5.524,-4.736
13898,17.33,5.469,-11.861
13899,16.28,5.318,-10.962
13900,11.77,5.404,-6.366
13901,10.55,5.485,-5.065
13902,13.26,5.449,-7.811
13903,10.9,5.123,-5.777
13904,10.0,5.228,-4.772
13905,11.0,5.27,-5.73
13906,10.82,5.16,-5.66
13907,9.75,5.16,-4.59
13908,9.49,5.253,-4.237
13909,7.71,4.194,-3.516
13910,8.2,4.061,-4.139
13911,8.41,4.094,-4.316
13912,7.95,4.194,-3.756
13913,7.55,4.21,-3.34
13914,7.35,4.061,-3.289
13915,6.85,4.067,-2.783
13916,7.3,5.349,-1.951
13917,7.72,5.119,-2.601
13918,6.24,5.16,-1.08
13919,7.81,5.221,-2.589
13920,6.46,4.214,-2.246
13921,7.6,5.296,-2.304
13922,8.75,5.75,-3.0
13923,7.85,6.459,-1.391
13924,8.42,6.483,-1.937
13925,10.44,6.483,-3.957
13926,9.02,6.596,-2.424
13927,8.55,6.379,-2.171
13928,7.36,5.592,-1.768
13929,8.0,5.775,-2.225
13930,10.12,5.762,-4.358
13931,9.32,6.78,-2.54
13932,9.39,6.299,-3.091
13933,7.06,5.707,-1.353
13934,8.07,5.298,-2.772
13935,8.7,5.298,-3.402
13936,9.85,5.479,-4.371
13937,8.88,5.446,-3.434
13938,11.73,7.271,-4.459
13939,10.81,7.277,-3.533
13940,10.88,7.29,-3.59
13941,9.0,7.034,-1.966
13942,13.48,7.217,-6.263
13943,9.67,6.336,-3.334
13944,10.87,7.079,-3.791
13945,11.51,6.372,-5.138
13946,9.8,5.715,-4.085
13947,11.12,5.463,-5.657
13948,10.75,5.467,-5.283
13949,14.84,5.465,-9.375
13950,11.93,5.467,-6.463
13951,15.8,5.204,-10.596
13952,18.89,5.204,-13.686
13953,13.69,5.642,-8.048
13954,10.52,5.512,-5.008
13955,10.44,5.403,-5.037
13956,11.47,5.721,-5.749
13957,10.02,5.366,-4.654
13958,9.23,5.349,-3.881
13959,12.23,5.174,-7.056
13960,8.95,5.173,-3.777
13961,13.43,5.211,-8.219
13962,12.27,4.525,-7.745
13963,11.35,4.726,-6.624
13964,12.14,5.032,-7.108
13965,10.71,4.982,-5.728
13966,13.07,5.06,-8.01
13967,16.14,4.988,-11.152
13968,16.26,5.149,-11.111
13969,11.18,5.149,-6.031
13970,8.72,4.876,-3.844
13971,11.58,5.149,-6.431
13972,12.9,5.007,-7.893
13973,9.83,4.576,-5.254
13974,10.39,4.417,-5.973
13975,10.33,4.247,-6.083
13976,8.5,4.266,-4.234
13977,10.72,4.462,-6.258
13978,8.26,4.462,-3.798
13979,9.79,4.534,-5.256
13980,10.31,4.576,-5.734
13981,12.24,5.42,-6.82
13982,13.81,5.313,-8.497
13983,12.27,5.313,-6.957
13984,15.02,5.313,-9.707
13985,12.35,5.318,-7.032
13986,11.47,5.362,-6.108
13987,11.99,4.866,-7.124
13988,12.54,4.603,-7.937
13989,8.37,4.57,-3.8
13990,12.21,5.403,-6.807
13991,11.86,4.854,-7.006
13992,13.13,4.889,-8.241
13993,9.74,5.366,-4.374
13994,9.86,4.702,-5.158
13995,11.38,4.67,-6.71
13996,10.77,4.459,-6.311
13997,12.01,4.576,-7.434
13998,10.13,4.67,-5.46
13999,8.55,4.454,-4.096
14000,10.25,4.352,-5.898
14001,10.63,4.378,-6.252
14002,9.63,4.624,-5.006
14003,12.35,4.656,-7.694
14004,9.74,4.382,-5.358
14005,8.83,4.382,-4.448
14006,8.17,4.382,-3.788
14007,7.42,4.924,-2.496
14008,8.49,5.297,-3.193
14009,8.19,5.276,-2.914
14010,11.63,5.052,-6.578
14011,7.89,5.052,-2.838
14012,7.02,4.898,-2.122
14013,6.94,4.868,-2.072
14014,6.92,4.892,-2.028
14015,7.2,4.892,-2.308
14016,8.34,4.888,-3.452
14017,7.45,4.969,-2.481
14018,6.97,5.125,-1.845
14019,7.19,5.006,-2.184
14020,6.62,4.856,-1.764
14021,6.64,4.597,-2.043
14022,8.55,4.596,-3.954
14023,7.11,4.538,-2.572
14024,7.46,5.032,-2.428
14025,7.59,5.032,-2.558
14026,8.76,5.022,-3.738
14027,8.71,5.149,-3.561
14028,8.39,4.988,-3.402
14029,6.67,5.053,-1.617
14030,9.54,4.799,-4.741
14031,7.76,4.988,-2.772
14032,8.27,4.988,-3.282
14033,8.46,5.2,-3.26
14034,8.75,5.2,-3.55
14035,6.68,5.2,-1.48
14036,9.87,5.022,-4.848
14037,9.5,4.876,-4.624
14038,10.18,5.052,-5.128
14039,9.2,5.007,-4.193
14040,12.49,5.083,-7.407
14041,10.06,4.691,-5.369
14042,11.8,4.935,-6.865
14043,11.47,4.886,-6.584
14044,13.46,5.443,-8.017
14045,9.12,5.443,-3.677
14046,17.44,4.886,-12.554
14047,15.48,5.267,-10.213
14048,13.37,5.23,-8.14
14049,12.51,5.125,-7.385
14050,11.74,4.969,-6.771
14051,10.79,5.241,-5.549
14052,11.17,5.42,-5.75
14053,10.18,5.397,-4.783
14054,11.53,4.976,-6.554
14055,10.45,5.19,-5.26
14056,11.61,5.42,-6.19
14057,10.98,4.966,-6.014
14058,13.33,5.194,-8.136
14059,17.38,5.194,-12.186
14060,12.13,5.313,-6.817
14061,10.84,5.42,-5.42
14062,11.61,5.42,-6.19
14063,9.71,5.42,-4.29
14064,11.85,5.42,-6.43
14065,11.15,4.908,-6.242
14066,10.86,4.576,-6.284
14067,13.56,4.576,-8.984
14068,11.74,4.588,-7.152
14069,12.73,4.576,-8.154
14070,12.0,4.545,-7.455
14071,8.43,4.545,-3.885
14072,14.36,4.539,-9.821
14073,9.66,4.501,-5.159
14074,13.34,4.403,-8.937
14075,11.97,4.501,-7.469
14076,10.97,4.43,-6.54
14077,11.25,4.301,-6.949
14078,11.08,4.301,-6.779
14079,12.25,4.455,-7.795
14080,10.8,4.301,-6.499
14081,11.26,4.455,-6.805
14082,8.66,4.321,-4.339
14083,11.93,4.464,-7.466
14084,11.49,4.255,-7.235
14085,14.73,4.37,-10.36
14086,11.07,4.255,-6.815
14087,16.52,4.255,-12.265
14088,11.28,4.244,-7.036
14089,10.53,4.164,-6.366
14090,11.24,4.164,-7.076
14091,9.71,4.157,-5.553
14092,12.03,4.255,-7.775
14093,11.09,4.255,-6.835
14094,12.41,4.093,-8.317
14095,10.82,4.093,-6.727
14096,10.8,4.264,-6.536
14097,12.55,4.164,-8.386
14098,11.3,4.505,-6.795
14099,13.22,4.611,-8.609
14100,7.56,5.403,-2.157
14101,13.56,5.062,-8.498
14102,9.92,5.367,-4.553
14103,9.89,5.155,-4.735
14104,10.48,5.545,-4.935
14105,11.5,6.654,-4.846
14106,9.42,6.783,-2.637
14107,7.52,6.783,-0.737
14108,10.56,7.122,-3.438
14109,10.9,7.154,-3.746
14110,13.25,7.208,-6.042
14111,12.38,7.554,-4.826
14112,10.0,7.272,-2.728
14113,10.34,7.272,-3.068
14114,9.76,6.738,-3.022
14115,11.3,6.629,-4.671
14116,9.72,7.774,-1.946
14117,9.89,8.419,-1.471
14118,11.12,8.18,-2.94
14119,8.21,8.474,0.264
14120,9.44,8.895,-0.545
14121,9.1,8.942,-0.158
14122,9.11,8.709,-0.401
14123,11.12,8.548,-2.572
14124,11.32,8.321,-2.999
14125,11.96,8.239,-3.721
14126,13.17,7.34,-5.83
14127,12.41,7.358,-5.052
14128,12.23,7.317,-4.913
14129,11.39,6.924,-4.466
14130,14.2,6.745,-7.455
14131,12.42,7.197,-5.223
14132,11.99,7.872,-4.118
14133,14.62,9.238,-5.382
14134,21.07,9.006,-12.064
14135,17.57,8.719,-8.851
14136,27.34,8.617,-18.723
14137,16.09,8.391,-7.699
14138,12.97,8.137,-4.833
14139,16.98,7.748,-9.232
14140,12.32,7.609,-4.711
14141,19.24,6.599,-12.641
14142,14.51,6.717,-7.793
14143,16.22,6.553,-9.667
14144,20.38,6.581,-13.799
14145,17.84,6.553,-11.287
14146,16.22,7.321,-8.899
14147,18.43,7.203,-11.227
14148,17.71,7.469,-10.241
14149,14.51,7.57,-6.94
14150,14.88,7.475,-7.405
14151,18.83,7.113,-11.717
14152,14.3,7.237,-7.063
14153,15.91,7.187,-8.723
14154,13.98,7.3,-6.68
14155,13.18,7.158,-6.022
14156,17.81,7.385,-10.425
14157,16.2,7.292,-8.908
14158,14.78,7.285,-7.495
14159,13.08,6.84,-6.24
14160,11.75,6.113,-5.637
14161,23.47,5.65,-17.82
14162,11.99,6.019,-5.971
14163,15.37,5.964,-9.406
14164,13.91,5.964,-7.946
14165,14.7,6.138,-8.562
14166,11.6,5.964,-5.636
14167,13.88,5.738,-8.142
14168,12.34,5.162,-7.178
14169,22.16,5.09,-17.07
14170,15.52,5.225,-10.295
14171,11.35,5.761,-5.589
14172,11.73,5.761,-5.969
14173,15.2,5.761,-9.439
14174,12.66,5.846,-6.814
14175,8.69,6.074,-2.616
14176,14.43,6.149,-8.281
14177,17.46,5.557,-11.903
14178,14.71,5.557,-9.153
14179,14.96,4.832,-10.128
14180,15.31,4.98,-10.33
14181,11.97,4.836,-7.134
14182,14.45,4.764,-9.686
14183,12.29,4.637,-7.653
14184,12.71,4.749,-7.961
14185,12.61,4.6,-8.01
14186,12.56,4.836,-7.724
14187,14.04,4.749,-9.291
14188,13.05,5.155,-7.895
14189,12.61,5.155,-7.455
14190,11.15,5.064,-6.086
14191,14.81,5.1,-9.71
14192,16.36,5.204,-11.156
14193,12.64,4.94,-7.7
14194,12.82,4.869,-7.951
14195,10.85,5.204,-5.646
14196,13.38,5.23,-8.15
14197,9.8,4.94,-4.86
14198,17.42,4.94,-12.48
14199,13.5,5.095,-8.405
14200,12.56,5.095,-7.465
14201,9.85,6.115,-3.735
14202,9.69,6.125,-3.565
14203,12.17,6.056,-6.114
14204,12.69,6.125,-6.565
14205,14.94,6.012,-8.928
14206,14.12,6.954,-7.166
14207,14.91,5.976,-8.934
14208,16.46,6.011,-10.449
14209,11.48,5.506,-5.974
14210,10.32,5.732,-4.588
14211,10.93,5.506,-5.424
14212,11.25,6.895,-4.355
14213,11.87,7.782,-4.088
14214,13.43,7.7,-5.73
14215,15.17,7.663,-7.507
14216,7.21,7.532,0.322
14217,13.65,7.573,-6.077
14218,16.8,7.331,-9.469
14219,11.48,6.88,-4.6
14220,13.35,7.855,-5.495
14221,11.23,8.921,-2.309
14222,11.48,8.741,-2.739
14223,12.7,9.398,-3.302
14224,11.91,9.507,-2.403
14225,14.31,9.893,-4.417
14226,14.9,9.886,-5.014
14227,15.1,9.834,-5.266
14228,12.73,9.82,-2.91
14229,13.77,9.916,-3.854
14230,17.59,8.993,-8.597
14231,21.16,7.846,-13.314
14232,15.21,8.325,-6.885
14233,17.78,7.653,-10.127
14234,18.28,8.215,-10.065
14235,16.9,8.234,-8.666
14236,28.79,8.38,-20.41
14237,21.74,8.225,-13.515
14238,17.09,8.197,-8.893
14239,34.57,8.127,-26.443
14240,12.96,8.086,-4.874
14241,19.19,7.998,-11.192
14242,18.71,7.916,-10.794
14243,16.84,5.992,-10.848
14244,25.26,6.341,-18.919
14245,14.74,5.528,-9.212
14246,9.95,5.955,-3.995
14247,16.39,4.88,-11.51
14248,13.93,5.047,-8.883
14249,11.75,5.027,-6.723
14250,15.07,4.956,-10.114
14251,13.72,4.716,-9.004
14252,17.81,4.689,-13.121
14253,14.25,4.53,-9.72
14254,12.76,4.473,-8.287
14255,13.18,4.081,-9.099
14256,16.79,4.109,-12.681
14257,12.17,4.065,-8.105
14258,14.43,3.452,-10.978
14259,13.0,4.047,-8.953
14260,9.72,3.53,-6.19
14261,11.89,3.53,-8.36
14262,11.71,3.429,-8.281
14263,11.32,3.458,-7.862
14264,10.42,3.324,-7.096
14265,10.81,2.72,-8.09
14266,14.94,3.31,-11.63
14267,11.59,3.31,-8.28
14268,11.12,2.721,-8.399
14269,10.13,3.311,-6.819
14270,10.69,2.721,-7.969
14271,9.57,2.512,-7.058
14272,9.71,2.512,-7.198
14273,12.75,2.512,-10.238
14274,11.4,2.512,-8.888
14275,9.68,2.436,-7.244
14276,11.75,2.454,-9.296
14277,9.88,2.455,-7.425
14278,10.93,2.454,-8.476
14279,8.33,2.454,-5.876
14280,9.92,2.454,-7.466
14281,11.98,2.462,-9.518
14282,9.87,2.454,-7.416
14283,11.06,2.454,-8.606
14284,8.1,2.472,-5.628
14285,10.13,2.466,-7.664
14286,8.68,2.472,-6.208
14287,9.96,2.466,-7.494
14288,9.69,2.439,-7.251
14289,8.27,2.472,-5.798
14290,11.15,2.459,-8.691
14291,18.2,2.464,-15.736
14292,8.87,2.464,-6.406
14293,14.11,2.533,-11.577
14294,8.01,2.456,-5.554
14295,7.67,2.743,-4.927
14296,6.76,3.512,-3.248
14297,6.31,3.336,-2.974
14298,6.83,3.336,-3.494
14299,7.89,3.336,-4.554
14300,7.02,3.514,-3.506
14301,6.2,3.509,-2.691
14302,6.22,3.408,-2.812
14303,5.61,3.435,-2.175
14304,6.06,3.473,-2.587
14305,7.28,4.046,-3.234
14306,6.57,4.106,-2.464
14307,7.54,4.077,-3.463
14308,8.53,4.312,-4.218
14309,8.3,4.351,-3.949
14310,6.65,4.511,-2.139
14311,6.27,4.547,-1.723
14312,8.75,4.959,-3.791
14313,8.16,4.956,-3.204
14314,10.58,4.689,-5.891
14315,9.54,4.956,-4.584
14316,9.27,4.956,-4.314
14317,9.46,4.697,-4.763
14318,13.65,4.851,-8.799
14319,8.06,4.851,-3.209
14320,8.12,4.842,-3.278
14321,8.19,4.658,-3.532
14322,9.61,4.658,-4.952
14323,8.8,4.586,-4.214
14324,11.65,4.786,-6.864
14325,9.66,4.586,-5.074
14326,12.56,4.726,-7.834
14327,9.59,4.622,-4.968
14328,9.36,4.612,-4.748
14329,11.72,4.447,-7.273
14330,11.5,4.45,-7.05
14331,11.15,4.24,-6.91
14332,9.3,4.108,-5.192
14333,10.75,3.499,-7.251
14334,9.59,3.46,-6.13
14335,10.46,3.51,-6.95
14336,9.32,3.684,-5.636
14337,11.45,3.683,-7.767
14338,10.56,3.329,-7.231
14339,9.11,2.742,-6.368
14340,11.58,2.72,-8.86
14341,10.84,2.516,-8.324
14342,9.99,2.436,-7.554
14343,7.77,2.512,-5.258
14344,10.99,2.512,-8.478
14345,11.17,2.417,-8.753
14346,13.85,2.417,-11.433
14347,16.18,2.435,-13.745
14348,9.61,2.416,-7.194
14349,8.8,2.429,-6.371
14350,10.84,2.427,-8.413
14351,6.76,2.436,-4.324
14352,9.98,2.519,-7.461
14353,8.48,2.519,-5.961
14354,18.16,2.507,-15.653
14355,8.13,2.509,-5.621
14356,7.67,2.507,-5.163
14357,7.82,2.507,-5.313
14358,11.05,2.509,-8.541
14359,10.3,2.507,-7.793
14360,10.18,2.692,-7.488
14361,11.04,2.482,-8.558
14362,11.29,2.507,-8.783
14363,10.67,2.467,-8.203
14364,16.81,2.509,-14.301
14365,8.16,2.467,-5.693
14366,10.85,2.467,-8.383
14367,8.63,2.467,-6.163
14368,9.64,2.467,-7.173
14369,8.24,2.401,-5.839
14370,11.3,2.401,-8.899
14371,9.92,2.417,-7.503
14372,10.96,2.43,-8.53
14373,7.53,2.43,-5.1
14374,9.86,2.462,-7.398
14375,11.73,2.451,-9.279
14376,9.36,2.451,-6.909
14377,9.76,2.443,-7.317
14378,9.62,2.443,-7.177
14379,8.11,2.408,-5.702
14380,9.95,2.449,-7.501
14381,10.58,2.415,-8.165
14382,14.51,2.415,-12.095
14383,9.28,2.415,-6.865
14384,8.03,2.377,-5.653
14385,8.01,2.377,-5.633
14386,8.09,2.375,-5.715
14387,8.47,2.367,-6.103
14388,7.56,2.362,-5.198
14389,7.71,2.365,-5.345
14390,6.86,2.402,-4.458
14391,7.16,2.402,-4.758
14392,7.18,2.662,-4.518
14393,7.96,2.508,-5.452
14394,7.92,2.653,-5.267
14395,7.35,3.076,-4.274
14396,13.56,3.464,-10.096
14397,7.57,3.223,-4.347
14398,7.21,3.297,-3.913
14399,8.21,4.004,-4.206
14400,6.4,4.109,-2.291
14401,6.53,4.465,-2.065
14402,8.33,4.649,-3.681
14403,9.4,4.629,-4.771
14404,9.36,4.956,-4.404
14405,11.41,5.009,-6.401
14406,9.32,4.913,-4.407
14407,10.27,5.145,-5.125
14408,8.26,5.007,-3.253
14409,10.05,5.008,-5.042
14410,12.08,5.412,-6.668
14411,11.17,4.663,-6.507
14412,11.69,4.687,-7.003
14413,8.76,4.135,-4.625
14414,11.14,4.615,-6.525
14415,16.69,4.639,-12.051
14416,11.55,4.855,-6.695
14417,13.22,5.08,-8.14
14418,10.64,5.533,-5.107
14419,9.2,5.523,-3.677
14420,11.7,5.253,-6.447
14421,11.81,5.228,-6.582
14422,12.37,4.972,-7.398
14423,14.05,3.323,-10.727
14424,11.03,3.536,-7.494
14425,11.78,3.577,-8.203
14426,12.54,3.141,-9.399
14427,10.26,2.841,-7.419
14428,15.5,2.381,-13.119
14429,13.29,2.379,-10.911
14430,9.22,2.379,-6.841
14431,11.37,2.385,-8.985
14432,9.8,2.379,-7.421
14433,12.01,2.346,-9.664
14434,10.68,2.346,-8.334
14435,9.33,2.379,-6.951
14436,8.72,2.351,-6.369
14437,9.88,2.351,-7.529
14438,9.57,2.351,-7.219
14439,9.07,2.351,-6.719
14440,10.56,2.351,-8.209
14441,8.89,2.351,-6.539
14442,9.7,2.365,-7.335
14443,9.48,2.374,-7.106
14444,9.98,2.351,-7.629
14445,10.07,2.351,-7.719
14446,10.14,2.385,-7.755
14447,9.52,2.408,-7.112
14448,9.52,2.408,-7.112
14449,11.7,2.388,-9.312
14450,10.34,2.408,-7.932
14451,10.09,2.408,-7.682
14452,9.6,2.385,-7.215
14453,10.27,2.408,-7.862
14454,9.94,2.406,-7.534
14455,9.29,2.385,-6.905
14456,10.13,2.409,-7.721
14457,8.91,2.406,-6.504
14458,10.02,2.409,-7.611
14459,8.89,2.523,-6.367
14460,10.43,2.492,-7.938
14461,10.46,2.523,-7.937
14462,11.05,2.492,-8.558
14463,12.95,2.492,-10.458
14464,8.91,2.406,-6.504
14465,9.71,2.492,-7.218
14466,8.66,2.523,-6.137
14467,7.64,2.534,-5.106
14468,8.56,2.569,-5.991
14469,9.38,2.558,-6.822
14470,10.5,2.569,-7.931
14471,9.81,2.722,-7.088
14472,9.81,2.569,-7.241
14473,8.38,2.569,-5.811
14474,9.32,2.875,-6.445
14475,7.06,2.875,-4.185
14476,8.17,2.875,-5.295
14477,7.82,2.875,-4.945
14478,7.39,2.678,-4.712
14479,7.93,2.548,-5.382
14480,7.65,2.524,-5.126
14481,10.11,2.524,-7.586
14482,10.84,2.503,-8.337
14483,7.57,2.459,-5.111
14484,8.31,2.976,-5.334
14485,7.15,3.611,-3.539
14486,7.22,3.62,-3.6
14487,7.98,3.62,-4.36
14488,6.77,3.353,-3.417
14489,6.74,3.617,-3.123
14490,10.11,4.931,-5.179
14491,10.11,3.723,-6.387
14492,8.64,3.711,-4.929
14493,9.4,3.658,-5.742
14494,9.67,3.707,-5.963
14495,7.82,3.932,-3.888
14496,9.56,3.923,-5.637
14497,8.46,3.894,-4.566
14498,8.21,3.942,-4.268
14499,10.8,3.658,-7.142
14500,11.01,5.06,-5.95
14501,12.65,5.188,-7.462
14502,9.9,5.383,-4.517
14503,11.38,5.289,-6.091
14504,11.39,5.148,-6.242
14505,10.62,5.423,-5.197
14506,13.27,5.577,-7.693
14507,10.49,5.472,-5.018
14508,10.25,6.083,-4.167
14509,14.05,5.941,-8.109
14510,11.63,7.193,-4.437
14511,12.13,6.327,-5.803
14512,10.25,5.501,-4.749
14513,8.39,5.294,-3.096
14514,15.05,5.609,-9.441
14515,11.97,5.374,-6.596
14516,12.12,3.953,-8.167
14517,10.75,4.497,-6.253
14518,11.22,2.796,-8.424
14519,10.71,2.796,-7.914
14520,10.97,2.821,-8.149
14521,12.79,2.829,-9.961
14522,10.21,2.821,-7.389
14523,11.23,2.829,-8.401
14524,9.35,2.821,-6.529
14525,12.55,2.846,-9.704
14526,8.41,2.846,-5.564
14527,10.64,2.829,-7.811
14528,10.75,2.855,-7.895
14529,9.44,2.849,-6.591
14530,12.38,2.829,-9.551
14531,8.03,2.946,-5.084
14532,9.42,2.946,-6.474
14533,7.41,2.983,-4.427
14534,10.87,2.973,-7.897
14535,9.15,3.011,-6.139
14536,8.35,2.973,-5.377
14537,9.59,3.011,-6.579
14538,8.98,3.011,-5.969
14539,8.55,3.011,-5.539
14540,9.35,3.011,-6.339
14541,11.9,3.011,-8.889
14542,7.73,3.011,-4.719
14543,10.27,3.011,-7.259
14544,9.02,3.011,-6.009
14545,9.1,3.011,-6.089
14546,9.75,3.011,-6.739
14547,9.12,3.011,-6.109
14548,8.49,3.011,-5.479
14549,10.22,3.011,-7.209
14550,9.41,3.011,-6.399
14551,9.22,3.011,-6.209
14552,9.35,3.011,-6.339
14553,7.38,3.011,-4.369
14554,10.19,3.011,-7.179
14555,9.17,3.011,-6.159
14556,10.78,3.011,-7.769
14557,8.6,3.011,-5.589
14558,6.92,3.011,-3.909
14559,8.44,3.011,-5.429
14560,8.81,3.011,-5.799
14561,9.21,3.011,-6.199
14562,9.26,3.011,-6.249
14563,9.65,3.043,-6.607
14564,8.9,3.052,-5.848
14565,7.51,3.052,-4.458
14566,8.3,3.052,-5.248
14567,7.9,3.171,-4.729
14568,7.96,3.052,-4.908
14569,7.85,3.052,-4.798
14570,6.97,3.043,-3.927
14571,6.22,3.043,-3.177
14572,7.48,3.043,-4.437
14573,6.83,3.044,-3.786
14574,7.92,2.937,-4.983
14575,8.08,2.928,-5.152
14576,7.78,2.958,-4.822
14577,7.02,2.875,-4.145
14578,5.55,3.418,-2.132
14579,5.33,4.376,-0.954
14580,6.9,4.656,-2.244
14581,6.1,4.66,-1.44
14582,5.42,4.788,-0.632
14583,5.79,4.617,-1.173
14584,5.4,3.945,-1.455
14585,5.76,5.109,-0.651
14586,5.18,5.148,-0.032
14587,5.49,5.294,-0.196
14588,6.17,5.941,-0.229
14589,6.79,6.42,-0.37
14590,7.93,6.772,-1.158
14591,6.1,6.629,0.529
14592,8.82,6.411,-2.409
14593,7.97,5.986,-1.984
14594,9.02,5.425,-3.595
14595,10.7,5.542,-5.158
14596,11.27,6.702,-4.568
14597,10.38,6.643,-3.737
14598,11.77,7.177,-4.593
14599,10.06,8.844,-1.216
14600,11.2,8.258,-2.942
14601,7.35,7.021,-0.329
14602,8.94,8.087,-0.853
14603,9.32,8.3,-1.02
14604,8.13,8.456,0.326
14605,13.78,8.908,-4.872
14606,12.67,8.702,-3.968
14607,12.62,9.13,-3.49
14608,10.92,8.988,-1.932
14609,10.02,8.628,-1.392
14610,11.07,8.135,-2.935
14611,11.9,8.183,-3.717
14612,14.24,8.299,-5.941
14613,13.0,8.145,-4.855
14614,11.05,5.568,-5.482
14615,11.52,5.711,-5.809
14616,10.1,5.61,-4.49
14617,12.0,5.88,-6.12
14618,10.54,5.48,-5.06
14619,8.19,5.592,-2.598
14620,11.87,5.518,-6.352
14621,11.17,5.47,-5.7
14622,14.13,5.458,-8.672
14623,8.08,5.603,-2.477
14624,10.43,5.37,-5.06
14625,11.33,6.44,-4.89
14626,10.12,6.44,-3.68
14627,10.04,7.023,-3.017
14628,12.28,6.918,-5.362
14629,10.72,5.46,-5.26
14630,11.55,6.187,-5.363
14631,10.72,6.096,-4.624
14632,8.93,6.163,-2.767
14633,11.51,6.009,-5.501
14634,10.76,6.602,-4.158
14635,9.86,6.197,-3.663
14636,10.63,6.197,-4.433
14637,11.71,6.236,-5.474
14638,11.34,6.619,-4.721
14639,7.45,6.197,-1.253
14640,11.01,6.488,-4.522
14641,11.42,6.31,-5.11
14642,13.07,5.913,-7.157
14643,11.94,6.441,-5.499
14644,14.6,6.748,-7.852
14645,8.76,6.746,-2.014
14646,12.33,6.419,-5.911
14647,9.9,6.292,-3.608
14648,11.85,6.593,-5.257
14649,12.51,6.577,-5.933
14650,11.04,6.692,-4.348
14651,11.65,7.027,-4.623
14652,9.73,6.963,-2.767
14653,11.4,7.095,-4.305
14654,9.5,7.375,-2.125
14655,14.09,7.107,-6.983
14656,15.17,6.598,-8.572
14657,13.41,6.411,-6.999
14658,11.57,4.542,-7.028
14659,11.81,4.58,-7.23
14660,15.11,4.58,-10.53
14661,15.58,4.605,-10.975
14662,11.26,4.624,-6.636
14663,10.73,4.632,-6.098
14664,10.38,4.676,-5.704
14665,10.08,4.658,-5.422
14666,13.2,4.62,-8.58
14667,10.1,4.603,-5.497
14668,9.14,4.603,-4.537
14669,10.38,6.186,-4.194
14670,9.58,7.291,-2.289
14671,9.32,6.93,-2.39
14672,8.82,6.93,-1.89
14673,8.19,6.87,-1.32
14674,8.71,6.577,-2.133
14675,12.22,6.275,-5.945
14676,10.95,7.378,-3.572
14677,10.18,8.038,-2.142
14678,11.35,8.368,-2.982
14679,15.81,8.368,-7.442
14680,12.67,8.456,-4.214
14681,11.56,6.302,-5.258
14682,7.81,6.592,-1.218
14683,10.13,6.475,-3.655
14684,13.21,6.302,-6.908
14685,13.15,6.951,-6.199
14686,11.13,6.951,-4.179
14687,12.85,6.785,-6.065
14688,14.12,6.742,-7.378
14689,10.98,4.566,-6.414
14690,9.11,4.594,-4.516
14691,15.71,4.681,-11.029
14692,10.46,7.167,-3.293
14693,9.62,4.639,-4.981
14694,10.3,4.639,-5.661
14695,13.01,4.734,-8.276
14696,9.76,4.661,-5.099
14697,10.19,4.912,-5.278
14698,9.72,4.912,-4.808
14699,9.48,4.419,-5.061
14700,12.46,4.914,-7.546
14701,9.79,4.952,-4.838
14702,9.21,4.699,-4.511
14703,10.87,4.714,-6.156
14704,11.55,4.699,-6.851
14705,10.41,4.62,-5.79
14706,15.46,4.605,-10.855
14707,12.22,4.714,-7.506
14708,11.96,4.044,-7.916
14709,11.63,4.912,-6.718
14710,11.51,4.419,-7.091
14711,14.68,4.912,-9.768
14712,9.0,4.912,-4.088
14713,10.18,4.044,-6.136
14714,12.24,4.912,-7.328
14715,9.79,4.044,-5.746
14716,9.14,2.907,-6.233
14717,10.95,3.454,-7.496
14718,11.61,4.044,-7.566
14719,7.45,3.454,-3.996
14720,9.8,2.907,-6.893
14721,9.97,2.901,-7.069
14722,9.92,2.931,-6.989
14723,10.68,2.91,-7.77
14724,9.28,3.016,-6.264
14725,8.66,3.024,-5.636
14726,8.56,3.024,-5.536
14727,7.11,3.016,-4.094
14728,8.9,3.016,-5.884
14729,8.86,3.016,-5.844
14730,9.36,3.016,-6.344
14731,8.82,3.024,-5.796
14732,8.18,3.024,-5.156
14733,8.5,3.024,-5.476
14734,7.02,3.028,-3.992
14735,8.5,3.028,-5.472
14736,6.22,3.028,-3.192
14737,7.77,3.028,-4.742
14738,7.61,3.024,-4.586
14739,6.3,3.024,-3.276
14740,9.85,3.016,-6.834
14741,9.25,3.043,-6.207
14742,8.45,3.043,-5.407
14743,9.58,3.016,-6.564
14744,7.62,3.043,-4.577
14745,9.05,3.024,-6.026
14746,7.26,3.024,-4.236
14747,6.3,3.024,-3.276
14748,10.64,3.016,-7.624
14749,8.77,3.016,-5.754
14750,13.53,3.016,-10.514
14751,8.42,3.024,-5.396
14752,7.36,3.024,-4.336
14753,7.59,3.024,-4.566
14754,9.6,3.016,-6.584
14755,7.16,3.024,-4.136
14756,9.07,3.024,-6.046
14757,8.23,3.024,-5.206
14758,7.22,3.024,-4.196
14759,7.39,3.016,-4.374
14760,7.57,3.016,-4.554
14761,6.69,3.016,-3.674
14762,7.74,3.024,-4.716
14763,5.52,3.016,-2.504
14764,8.06,3.016,-5.044
14765,6.69,3.016,-3.674
14766,7.14,3.044,-4.096
14767,7.37,3.043,-4.327
14768,5.89,2.928,-2.962
14769,6.65,2.928,-3.722
14770,7.19,2.958,-4.232
14771,5.81,2.934,-2.876
14772,5.09,2.934,-2.156
14773,6.84,4.096,-2.744
14774,6.73,4.08,-2.65
14775,6.96,3.485,-3.475
14776,6.78,2.934,-3.846
14777,7.53,2.934,-4.596
14778,6.24,2.934,-3.306
14779,7.69,2.934,-4.756
14780,7.27,2.958,-4.312
14781,7.44,2.931,-4.509
14782,8.2,2.931,-5.269
14783,8.45,2.931,-5.519
14784,7.84,2.901,-4.939
14785,8.14,2.901,-5.239
14786,8.1,2.907,-5.193
14787,7.92,3.454,-4.466
14788,8.7,2.907,-5.793
14789,8.12,2.907,-5.213
14790,7.93,3.454,-4.476
14791,7.1,2.907,-4.193
14792,9.82,2.934,-6.886
14793,8.24,2.934,-5.306
14794,7.74,2.934,-4.806
14795,7.65,2.958,-4.692
14796,7.54,2.958,-4.582
14797,8.31,2.958,-5.352
14798,9.5,2.928,-6.572
14799,8.34,2.929,-5.411
14800,9.12,3.043,-6.077
14801,9.13,3.043,-6.087
14802,7.63,3.016,-4.614
14803,8.12,3.016,-5.104
14804,9.31,3.016,-6.294
14805,10.41,3.016,-7.394
14806,9.83,3.016,-6.814
14807,6.85,3.016,-3.834
14808,7.08,3.016,-4.064
14809,9.28,3.016,-6.264
14810,8.17,3.016,-5.154
14811,9.09,3.016,-6.074
14812,7.05,3.043,-4.007
14813,7.35,3.044,-4.306
14814,8.34,3.044,-5.296
14815,8.31,3.044,-5.266
14816,9.56,3.044,-6.516
14817,7.27,3.044,-4.226
14818,7.83,3.044,-4.786
14819,7.08,3.044,-4.036
14820,8.11,3.044,-5.066
14821,5.83,3.044,-2.786
14822,8.1,3.044,-5.056
14823,7.6,3.044,-4.556
14824,8.12,3.043,-5.077
14825,9.74,3.043,-6.697
14826,6.63,3.044,-3.586
14827,6.27,3.044,-3.226
14828,8.62,3.058,-5.562
14829,7.22,3.044,-4.176
14830,8.62,3.044,-5.576
14831,6.96,3.044,-3.916
14832,7.41,3.044,-4.366
14833,8.48,3.044,-5.436
14834,6.59,3.044,-3.546
14835,6.44,3.044,-3.396
14836,6.74,3.044,-3.696
14837,6.31,3.053,-3.257
14838,6.59,3.044,-3.546
14839,6.61,3.053,-3.557
14840,6.35,3.053,-3.297
14841,6.49,3.171,-3.319
14842,8.07,3.171,-4.899
14843,5.97,3.741,-2.229
14844,7.19,3.741,-3.449
14845,6.5,3.741,-2.759
14846,6.13,3.741,-2.389
14847,6.05,3.741,-2.309
14848,6.58,4.038,-2.542
14849,6.58,4.038,-2.542
14850,5.08,4.038,-1.042
14851,5.76,4.038,-1.722
14852,5.64,4.038,-1.602
14853,4.54,4.663,0.123
14854,6.1,4.663,-1.437
14855,5.27,4.663,-0.607
14856,5.11,4.663,-0.447
14857,4.95,4.663,-0.287
14858,6.9,4.038,-2.862
14859,6.0,4.038,-1.962
14860,5.11,4.038,-1.072
14861,5.23,4.038,-1.192
14862,4.97,3.741,-1.229
14863,4.76,3.741,-1.019
14864,4.78,3.143,-1.637
14865,5.58,3.143,-2.437
14866,6.04,3.024,-3.016
14867,5.01,3.043,-1.967
14868,4.81,3.044,-1.766
14869,4.59,3.043,-1.547
14870,4.8,3.043,-1.757
14871,4.62,3.016,-1.604
14872,9.44,3.016,-6.424
14873,5.09,3.016,-2.074
14874,4.94,3.043,-1.897
14875,4.71,3.043,-1.667
14876,6.02,2.936,-3.084
14877,4.76,2.936,-1.824
14878,4.48,2.936,-1.544
14879,5.14,2.928,-2.212
14880,3.81,2.928,-0.882
14881,4.46,2.928,-1.532
14882,4.97,2.91,-2.06
14883,4.74,3.016,-1.724
14884,4.78,3.016,-1.764
14885,4.52,3.016,-1.504
14886,4.85,3.016,-1.834
14887,5.05,3.016,-2.034
14888,5.09,3.016,-2.074
14889,4.85,3.016,-1.834
14890,4.9,3.016,-1.884
14891,4.9,3.016,-1.884
14892,5.72,3.016,-2.704
14893,6.91,3.024,-3.886
14894,5.4,3.024,-2.376
14895,5.27,3.143,-2.127
14896,5.2,3.741,-1.459
14897,4.13,3.741,-0.389
14898,4.96,3.741,-1.219
14899,4.44,3.758,-0.682
14900,6.48,4.038,-2.442
14901,5.08,4.038,-1.042
14902,7.75,4.038,-3.712
14903,5.12,4.038,-1.082
14904,5.06,4.038,-1.022
14905,4.58,4.038,-0.542
14906,6.68,4.038,-2.642
14907,7.26,4.038,-3.222
14908,5.13,4.038,-1.092
14909,5.49,4.038,-1.452
14910,4.91,4.663,-0.247
14911,5.51,4.663,-0.847
14912,4.13,4.674,0.544
14913,5.71,4.663,-1.047
14914,4.71,4.674,-0.036
14915,4.64,4.674,0.034
14916,3.94,4.674,0.734
14917,4.88,4.674,-0.206
14918,5.07,4.674,-0.396
14919,5.14,4.674,-0.466
14920,4.73,4.674,-0.056
14921,4.35,4.674,0.324
14922,3.82,4.674,0.854
14923,6.19,4.793,-1.397
14924,4.18,4.793,0.613
14925,4.74,4.793,0.053
14926,4.49,4.674,0.184
14927,5.76,4.674,-1.086
14928,3.86,4.793,0.933
14929,4.67,4.793,0.123
14930,6.13,4.674,-1.456
14931,4.81,4.663,-0.147
14932,4.5,4.663,0.163
14933,5.96,4.663,-1.297
14934,5.14,4.663,-0.477
14935,5.32,4.663,-0.657
14936,5.6,4.663,-0.937
14937,5.3,4.663,-0.637
14938,5.5,4.663,-0.837
14939,6.14,4.663,-1.477
14940,4.91,4.663,-0.247
14941,5.73,4.674,-1.056
14942,5.67,4.674,-0.996
14943,5.66,4.674,-0.986
14944,4.85,4.674,-0.176
14945,5.77,4.674,-1.096
14946,5.82,4.674,-1.146
14947,5.78,4.663,-1.117
14948,6.66,4.663,-1.997
14949,5.29,4.663,-0.627
14950,5.67,4.663,-1.007
14951,5.46,4.663,-0.797
14952,5.76,4.674,-1.086
14953,6.23,4.674,-1.556
14954,4.64,4.663,0.023
14955,5.01,4.674,-0.336
14956,3.91,4.663,0.753
14957,4.68,4.663,-0.017
14958,4.58,4.663,0.083
14959,4.78,4.038,-0.742
14960,5.21,3.758,-1.452
14961,4.94,3.158,-1.782
14962,4.77,3.143,-1.627
14963,4.93,3.158,-1.772
14964,3.78,3.158,-0.622
14965,4.33,3.016,-1.314
14966,3.84,3.016,-0.824
14967,4.59,3.026,-1.564
14968,4.77,2.91,-1.86
14969,3.77,2.901,-0.869
14970,6.06,2.931,-3.129
14971,4.8,2.901,-1.899
14972,3.08,2.931,-0.149
14973,5.02,2.901,-2.119
14974,4.52,2.901,-1.619
14975,5.52,2.91,-2.61
14976,4.47,2.931,-1.539
14977,4.14,2.901,-1.239
14978,4.37,2.901,-1.469
14979,5.69,2.901,-2.789
14980,4.86,2.911,-1.949
14981,4.97,2.911,-2.059
14982,4.46,2.931,-1.529
14983,5.22,2.911,-2.309
14984,5.5,2.911,-2.589
14985,3.27,2.941,-0.329
14986,5.5,2.911,-2.589
14987,4.96,2.901,-2.059
14988,5.59,3.016,-2.574
14989,5.14,2.901,-2.239
14990,9.25,3.026,-6.224
14991,5.52,3.026,-2.494
14992,4.27,3.026,-1.244
14993,6.07,3.026,-3.044
14994,6.64,3.039,-3.601
14995,6.04,3.039,-3.001
14996,6.36,3.758,-2.602
14997,5.1,3.758,-1.342
14998,5.36,3.758,-1.602
14999,4.44,4.793,0.353
15000,5.3,4.663,-0.637
15001,6.5,4.663,-1.837
15002,4.64,4.663,0.023
15003,6.08,4.663,-1.417
15004,5.57,4.663,-0.907
15005,5.01,4.663,-0.347
15006,6.3,4.038,-2.262
15007,5.28,4.663,-0.617
15008,5.01,4.663,-0.347
15009,5.29,4.663,-0.627
15010,6.16,4.663,-1.497
15011,5.65,4.663,-0.987
15012,5.37,4.663,-0.707
15013,5.42,4.663,-0.757
15014,4.95,4.674,-0.276
15015,5.13,4.663,-0.467
15016,5.27,4.663,-0.607
15017,5.98,4.663,-1.317
15018,5.97,4.663,-1.307
15019,6.37,4.663,-1.707
15020,4.38,4.038,-0.342
15021,6.31,3.758,-2.552
15022,7.11,4.038,-3.072
15023,5.35,3.758,-1.592
15024,5.11,4.038,-1.072
15025,5.74,4.038,-1.702
15026,5.2,4.038,-1.162
15027,6.47,4.663,-1.807
15028,6.24,4.038,-2.202
15029,5.09,4.038,-1.052
15030,5.95,4.038,-1.912
15031,5.83,4.663,-1.167
15032,5.69,4.663,-1.027
15033,5.05,4.674,-0.376
15034,6.1,4.674,-1.426
15035,3.93,4.793,0.863
15036,5.66,4.864,-0.796
15037,5.2,4.899,-0.301
15038,5.17,4.854,-0.316
15039,4.86,4.854,-0.006
15040,4.21,4.864,0.654
15041,4.58,4.899,0.319
15042,4.28,4.899,0.619
15043,4.62,4.899,0.279
15044,5.33,4.899,-0.431
15045,4.71,4.899,0.189
15046,4.89,4.899,0.009
15047,4.78,4.854,0.074
15048,4.49,4.899,0.409
15049,4.33,4.899,0.569
15050,4.37,4.886,0.516
15051,4.61,4.886,0.276
15052,3.96,4.886,0.926
15053,3.99,4.899,0.909
15054,4.22,4.854,0.634
15055,3.94,4.864,0.924
15056,3.77,4.864,1.094
15057,3.71,4.793,1.083
15058,3.13,4.674,1.544
15059,3.31,4.038,0.728
15060,4.34,3.758,-0.582
15061,3.56,3.158,-0.402
15062,4.17,3.158,-1.012
15063,3.22,3.158,-0.062
15064,3.6,3.158,-0.442
15065,4.2,3.158,-1.042
15066,4.06,3.758,-0.302
15067,4.07,3.158,-0.912
15068,4.79,3.758,-1.032
15069,4.28,3.758,-0.522
15070,4.5,3.758,-0.742
15071,3.71,3.758,0.048
15072,4.64,3.158,-1.482
15073,3.53,3.158,-0.372
15074,3.53,3.158,-0.372
15075,3.45,3.158,-0.292
15076,3.99,3.158,-0.832
15077,4.01,3.158,-0.852
15078,4.44,3.158,-1.282
15079,4.63,3.758,-0.872
15080,4.67,3.758,-0.912
15081,5.64,3.758,-1.882
15082,5.16,4.038,-1.122
15083,4.01,4.038,0.028
15084,5.28,4.663,-0.617
15085,5.07,4.685,-0.385
15086,5.01,4.703,-0.307
15087,3.81,4.674,0.864
15088,6.32,4.674,-1.646
15089,5.61,4.793,-0.817
15090,5.28,4.793,-0.487
15091,5.79,4.864,-0.926
15092,5.45,4.793,-0.657
15093,6.33,4.864,-1.466
15094,6.53,4.864,-1.666
15095,6.1,4.864,-1.236
15096,5.43,4.854,-0.576
15097,5.62,4.864,-0.756
15098,5.68,4.864,-0.816
15099,5.68,4.854,-0.826
15100,6.2,4.864,-1.336
15101,5.99,4.864,-1.126
15102,5.26,4.864,-0.396
15103,6.44,4.864,-1.576
15104,4.84,4.864,0.024
15105,7.74,4.854,-2.886
15106,5.44,4.854,-0.586
15107,5.1,4.854,-0.246
15108,4.14,4.854,0.714
15109,5.16,4.864,-0.296
15110,7.02,4.854,-2.166
15111,5.52,4.864,-0.656
15112,5.64,4.864,-0.776
15113,3.25,4.864,1.614
15114,5.22,4.864,-0.356
15115,5.61,4.864,-0.746
15116,5.55,4.854,-0.696
15117,5.31,4.864,-0.446
15118,4.24,4.864,0.624
15119,4.99,4.864,-0.126
15120,5.21,4.864,-0.346
15121,4.72,4.864,0.144
15122,4.59,4.864,0.274
15123,4.2,4.864,0.664
15124,5.76,4.864,-0.896
15125,4.69,4.864,0.174
15126,3.72,4.864,1.144
15127,3.93,4.864,0.934
15128,4.75,4.864,0.114
15129,5.14,4.864,-0.276
15130,3.65,4.854,1.204
15131,5.73,4.864,-0.866
15132,5.31,4.854,-0.456
15133,5.38,4.864,-0.516
15134,4.66,4.864,0.204
15135,5.2,4.864,-0.336
15136,5.19,4.854,-0.336
15137,4.57,4.854,0.284
15138,4.4,4.854,0.454
15139,4.97,4.854,-0.116
15140,4.85,4.854,0.004
15141,4.95,4.854,-0.096
15142,5.59,4.854,-0.736
15143,4.5,4.854,0.354
15144,4.09,4.854,0.764
15145,7.82,4.899,-2.921
15146,4.83,4.899,0.069
15147,4.92,4.899,-0.021
15148,4.71,4.899,0.189
15149,4.72,4.899,0.179
15150,4.26,4.899,0.639
15151,4.48,4.899,0.419
15152,4.22,4.899,0.679
15153,4.06,4.899,0.839
15154,4.31,4.899,0.589
15155,5.04,4.899,-0.141
15156,3.57,4.899,1.329
15157,4.49,4.899,0.409
15158,4.3,4.899,0.599
15159,4.05,4.899,0.849
15160,4.41,4.899,0.489
15161,4.21,4.854,0.644
15162,6.84,4.899,-1.941
15163,4.19,4.899,0.709
15164,4.51,4.899,0.389
15165,4.54,4.899,0.359
15166,4.0,4.899,0.899
15167,4.2,4.854,0.654
15168,4.19,4.854,0.664
15169,4.31,4.854,0.544
15170,4.55,4.854,0.304
15171,3.92,4.864,0.944
15172,4.3,4.864,0.564
15173,4.09,4.864,0.774
15174,6.31,4.864,-1.446
15175,5.8,4.864,-0.936
15176,4.71,4.793,0.083
15177,4.48,4.864,0.384
15178,4.08,4.793,0.713
15179,4.37,4.864,0.494
15180,3.74,4.864,1.124
15181,4.4,4.854,0.454
15182,4.73,4.864,0.134
15183,4.79,4.864,0.074
15184,7.51,4.864,-2.646
15185,4.92,4.854,-0.066
15186,4.35,4.864,0.514
15187,5.79,4.864,-0.926
15188,4.67,4.864,0.194
15189,4.86,4.793,-0.067
15190,4.27,4.864,0.594
15191,4.48,4.864,0.384
15192,6.33,4.793,-1.537
15193,3.49,4.854,1.364
15194,5.0,4.854,-0.146
15195,4.66,4.864,0.204
15196,4.57,4.864,0.294
15197,5.04,4.864,-0.176
15198,4.13,4.864,0.734
15199,4.99,4.854,-0.136
15200,4.63,4.864,0.234
15201,4.91,4.864,-0.046
15202,5.66,4.864,-0.796
15203,5.17,4.864,-0.306
15204,5.15,4.864,-0.286
15205,5.08,4.864,-0.216
15206,4.99,4.864,-0.126
15207,4.48,4.864,0.384
15208,4.72,4.864,0.144
15209,5.08,4.864,-0.216
15210,5.37,4.864,-0.506
15211,4.71,4.864,0.154
15212,6.97,4.864,-2.106
15213,5.23,4.864,-0.366
15214,4.53,4.864,0.334
15215,3.34,4.864,1.524
15216,4.77,4.864,0.094
15217,4.07,4.793,0.723
15218,5.27,4.793,-0.477
15219,5.3,4.793,-0.507
15220,5.28,4.793,-0.487
15221,4.51,4.793,0.283
15222,4.79,4.793,0.003
15223,4.81,4.793,-0.017
15224,4.66,4.793,0.133
15225,5.09,4.793,-0.297
15226,5.09,4.793,-0.297
15227,4.27,4.793,0.523
15228,5.37,4.793,-0.577
15229,5.11,4.793,-0.317
15230,4.83,4.674,-0.156
15231,5.37,4.793,-0.577
15232,5.39,4.674,-0.716
15233,5.09,4.793,-0.297
15234,4.93,4.793,-0.137
15235,5.32,4.793,-0.527
15236,5.08,4.793,-0.287
15237,4.82,4.793,-0.027
15238,5.09,4.674,-0.416
15239,4.79,4.793,0.003
15240,4.76,4.793,0.033
15241,4.59,4.793,0.203
15242,4.95,4.793,-0.157
15243,4.78,4.793,0.013
15244,5.23,4.793,-0.437
15245,3.0,4.793,1.793
15246,4.31,4.793,0.483
15247,4.58,4.793,0.213
15248,3.55,4.674,1.124
15249,4.28,4.674,0.394
15250,4.0,4.674,0.674
15251,3.79,4.663,0.873
15252,4.09,4.663,0.573
15253,3.58,4.663,1.083
15254,4.25,4.663,0.413
15255,4.3,4.663,0.363
15256,4.41,4.674,0.264
15257,4.84,4.663,-0.177
15258,4.33,4.663,0.333
15259,4.75,4.663,-0.087
15260,4.4,4.674,0.274
15261,4.34,4.663,0.323
15262,4.27,4.663,0.393
15263,4.35,4.663,0.313
15264,4.96,4.663,-0.297
15265,4.47,4.663,0.193
15266,4.79,4.663,-0.127
15267,4.87,4.663,-0.207
15268,4.46,4.663,0.203
15269,4.9,4.663,-0.237
15270,4.24,4.674,0.434
15271,4.49,4.663,0.173
15272,5.68,4.674,-1.006
15273,4.94,4.674,-0.266
15274,5.09,4.674,-0.416
15275,5.32,4.674,-0.646
15276,4.24,4.663,0.423
15277,4.8,4.663,-0.137
15278,5.61,4.674,-0.936
15279,4.92,4.674,-0.246
15280,5.7,4.674,-1.026
15281,4.66,4.674,0.014
15282,4.94,4.793,-0.147
15283,4.91,4.674,-0.236
15284,5.81,4.793,-1.017
15285,5.59,4.793,-0.797
15286,4.47,4.793,0.323
15287,5.3,4.793,-0.507
15288,4.19,4.793,0.603
15289,4.5,4.793,0.293
15290,5.14,4.793,-0.347
15291,5.23,4.793,-0.437
15292,4.85,4.793,-0.057
15293,4.84,4.793,-0.047
15294,5.63,4.793,-0.837
15295,4.07,4.793,0.723
15296,4.97,4.793,-0.177
15297,5.23,4.793,-0.437
15298,4.51,4.793,0.283
15299,3.38,4.864,1.484
15300,3.8,4.864,1.064
15301,5.12,4.864,-0.256
15302,4.65,4.793,0.143
15303,5.26,4.793,-0.467
15304,4.28,4.793,0.513
15305,4.35,4.793,0.443
15306,4.77,4.793,0.023
15307,5.01,4.793,-0.217
15308,3.81,4.793,0.983
15309,4.52,4.864,0.344
15310,4.45,4.864,0.414
15311,4.49,4.793,0.303
15312,4.62,4.864,0.244
15313,5.48,4.864,-0.616
15314,4.47,4.864,0.394
15315,4.46,4.864,0.404
15316,4.45,4.864,0.414
15317,4.59,4.864,0.274
15318,5.59,4.864,-0.726
15319,4.45,4.864,0.414
15320,3.94,4.864,0.924
15321,4.71,4.864,0.154
15322,4.96,4.854,-0.106
15323,5.29,4.864,-0.426
15324,4.62,4.854,0.234
15325,4.5,4.854,0.354
15326,5.2,4.854,-0.346
15327,4.71,4.899,0.189
15328,2.73,4.899,2.169
15329,5.15,4.899,-0.251
15330,5.0,4.899,-0.101
15331,4.57,4.899,0.329
15332,9.72,4.899,-4.821
15333,4.85,4.899,0.049
15334,4.4,4.899,0.499
15335,4.21,4.899,0.689
15336,7.51,4.899,-2.611
15337,4.53,4.854,0.324
15338,3.86,4.899,1.039
15339,4.41,4.854,0.444
15340,3.65,4.864,1.214
15341,3.37,4.793,1.423
15342,3.83,4.793,0.963
15343,5.0,4.793,-0.207
15344,3.93,4.793,0.863
15345,3.67,4.793,1.123
15346,3.36,4.674,1.314
15347,3.2,4.674,1.474
15348,3.64,4.663,1.023
15349,3.45,4.674,1.224
15350,2.91,4.674,1.764
15351,3.5,4.674,1.174
15352,3.95,4.663,0.713
15353,3.54,4.663,1.123
15354,3.83,4.663,0.833
15355,3.96,4.674,0.714
15356,3.35,4.674,1.324
15357,3.67,4.663,0.993
15358,3.62,4.663,1.043
15359,3.53,4.663,1.133
15360,3.96,4.663,0.703
15361,3.47,4.674,1.204
15362,3.89,4.674,0.784
15363,4.29,4.793,0.503
15364,3.49,4.674,1.184
15365,3.9,4.674,0.774
15366,3.95,4.793,0.843
15367,4.09,4.674,0.584
15368,4.1,4.793,0.693
15369,5.31,4.864,-0.446
15370,3.14,4.864,1.724
15371,3.96,4.864,0.904
15372,4.68,4.864,0.184
15373,4.67,4.864,0.194
15374,4.95,4.793,-0.157
15375,3.45,4.864,1.414
15376,4.61,4.864,0.254
15377,4.36,4.793,0.433
15378,4.13,4.793,0.663
15379,4.75,4.793,0.043
15380,5.1,4.793,-0.307
15381,4.58,4.793,0.213
15382,4.89,4.793,-0.097
15383,4.54,4.793,0.253
15384,4.09,4.793,0.703
15385,4.12,4.674,0.554
15386,4.41,4.793,0.383
15387,4.24,4.793,0.553
15388,6.85,4.793,-2.057
15389,4.12,4.864,0.744
15390,4.74,4.793,0.053
15391,4.95,4.864,-0.086
15392,4.96,4.864,-0.096
15393,4.75,4.864,0.114
15394,3.61,4.864,1.254
15395,3.63,4.864,1.234
15396,4.29,4.793,0.503
15397,4.74,4.864,0.124
15398,4.0,4.793,0.793
15399,4.8,4.864,0.064
15400,4.98,4.864,-0.116
15401,5.56,4.793,-0.767
15402,4.85,4.864,0.014
15403,4.35,4.864,0.514
15404,4.48,4.793,0.313
15405,4.44,4.793,0.353
15406,3.75,4.793,1.043
15407,3.06,4.793,1.733
15408,3.98,4.864,0.884
15409,4.48,4.864,0.384
15410,4.72,4.864,0.144
15411,4.68,4.864,0.184
15412,3.79,4.864,1.074
15413,3.52,4.854,1.334
15414,5.19,4.864,-0.326
15415,4.27,4.854,0.584
15416,4.5,4.854,0.354
15417,3.52,4.854,1.334
15418,4.0,4.854,0.854
15419,3.94,4.854,0.914
15420,3.87,4.854,0.984
15421,3.8,4.854,1.054
15422,4.05,4.854,0.804
15423,3.86,4.854,0.994
15424,4.07,4.854,0.784
15425,3.98,4.854,0.874
15426,5.21,4.899,-0.311
15427,4.42,4.854,0.434
15428,3.74,4.854,1.114
15429,3.71,4.854,1.144
15430,3.96,4.854,0.894
15431,3.68,4.854,1.174
15432,4.35,4.854,0.504
15433,3.29,4.854,1.564
15434,3.35,4.854,1.504
15435,2.53,4.854,2.324
15436,3.71,4.854,1.144
15437,3.54,4.864,1.324
15438,3.89,4.864,0.974
15439,3.58,4.864,1.284
15440,3.22,4.864,1.644
15441,3.41,4.793,1.383
15442,2.92,4.793,1.873
15443,3.51,4.793,1.283
15444,3.51,4.793,1.283
15445,3.74,4.793,1.053
15446,3.83,4.793,0.963
15447,3.66,4.793,1.133
15448,3.72,4.793,1.073
15449,3.73,4.674,0.944
15450,4.34,4.674,0.334
15451,3.64,4.639,0.999
15452,2.03,4.639,2.609
15453,3.92,4.639,0.719
15454,3.88,4.639,0.759
15455,4.46,4.192,-0.268
15456,4.15,4.639,0.489
15457,3.44,4.639,1.199
15458,14.17,4.192,-9.978
15459,3.87,4.192,0.322
15460,4.41,4.192,-0.218
15461,4.87,4.192,-0.678
15462,3.96,4.192,0.232
15463,3.57,4.192,0.622
15464,3.82,4.192,0.372
15465,3.91,4.192,0.282
15466,4.83,4.192,-0.638
15467,4.05,4.192,0.142
15468,4.56,4.192,-0.368
15469,4.79,4.192,-0.598
15470,2.98,4.192,1.212
15471,4.46,4.192,-0.268
15472,4.31,4.192,-0.118
15473,3.97,4.192,0.222
15474,4.59,4.192,-0.398
15475,4.04,4.192,0.152
15476,5.16,4.192,-0.968
15477,4.41,4.192,-0.218
15478,4.8,4.192,-0.608
15479,4.55,4.192,-0.358
15480,4.28,4.192,-0.088
15481,4.0,4.192,0.192
15482,4.84,4.192,-0.648
15483,3.7,4.192,0.492
15484,4.8,4.192,-0.608
15485,4.67,4.192,-0.478
15486,4.66,4.192,-0.468
15487,4.28,4.192,-0.088
15488,4.74,4.192,-0.548
15489,4.5,4.192,-0.308
15490,4.3,4.192,-0.108
15491,3.94,4.192,0.252
15492,4.13,4.192,0.062
15493,5.8,4.639,-1.161
15494,4.2,4.639,0.439
15495,6.81,4.639,-2.171
15496,3.97,4.639,0.669
15497,5.0,4.639,-0.361
15498,3.84,4.674,0.834
15499,4.13,4.793,0.663
15500,4.77,4.793,0.023
15501,4.54,4.674,0.134
15502,4.31,4.674,0.364
15503,4.17,4.674,0.504
15504,4.06,4.674,0.614
15505,3.52,4.674,1.154
15506,4.16,4.674,0.514
15507,3.52,4.674,1.154
15508,4.81,4.674,-0.136
15509,4.31,4.793,0.483
15510,3.94,4.793,0.853
15511,3.99,4.793,0.803
15512,3.55,4.793,1.243
15513,6.69,4.793,-1.897
15514,6.0,4.864,-1.136
15515,3.78,4.793,1.013
15516,3.72,4.864,1.144
15517,4.9,4.793,-0.107
15518,4.08,4.793,0.713
15519,4.06,4.793,0.733
15520,3.86,4.793,0.933
15521,3.99,4.793,0.803
15522,4.18,4.793,0.613
15523,3.8,4.864,1.064
15524,5.15,4.864,-0.286
15525,3.25,4.864,1.614
15526,3.6,4.864,1.264
15527,3.13,4.793,1.663
15528,3.65,4.793,1.143
15529,3.87,4.793,0.923
15530,3.71,4.674,0.964
15531,3.09,4.639,1.549
15532,3.32,4.192,0.872
15533,3.3,3.622,0.322
15534,2.85,3.622,0.772
15535,3.26,3.649,0.389
15536,3.17,3.688,0.518
15537,3.37,3.65,0.28
15538,3.23,3.717,0.487
15539,3.29,3.731,0.441
15540,2.56,3.656,1.096
15541,3.04,3.656,0.616
15542,3.21,3.656,0.446
15543,3.77,3.722,-0.048
15544,3.78,3.722,-0.058
15545,4.08,3.707,-0.373
15546,3.91,3.583,-0.327
15547,3.47,3.696,0.226
15548,3.95,3.696,-0.254
15549,4.1,3.687,-0.413
15550,3.98,3.687,-0.293
15551,4.17,3.549,-0.621
15552,3.87,3.687,-0.183
15553,3.72,3.549,-0.171
15554,3.76,3.549,-0.211
15555,3.76,3.549,-0.211
15556,3.73,3.549,-0.181
15557,3.49,3.549,0.059
15558,4.14,3.549,-0.591
15559,4.09,3.687,-0.403
15560,3.66,3.696,0.036
15561,4.17,3.696,-0.474
15562,4.0,3.696,-0.304
15563,4.19,3.622,-0.568
15564,4.15,3.955,-0.195
15565,4.49,3.955,-0.535
15566,3.3,3.972,0.672
15567,3.18,3.972,0.792
15568,3.71,3.972,0.262
15569,4.43,3.972,-0.458
15570,4.64,3.972,-0.668
15571,3.12,4.639,1.519
15572,4.18,4.639,0.459
15573,9.53,4.192,-5.338
15574,5.11,4.192,-0.918
15575,4.26,4.192,-0.068
15576,4.78,4.192,-0.588
15577,4.67,4.192,-0.478
15578,4.07,4.639,0.569
15579,3.91,4.639,0.729
15580,4.45,4.639,0.189
15581,3.54,4.639,1.099
15582,3.97,4.639,0.669
15583,3.99,4.192,0.202
15584,4.0,4.192,0.192
15585,3.08,4.639,1.559
15586,4.0,4.639,0.639
15587,4.1,4.639,0.539
15588,3.94,4.639,0.699
15589,3.9,4.639,0.739
15590,3.86,4.639,0.779
15591,4.07,4.639,0.569
15592,3.87,4.674,0.804
15593,9.95,4.639,-5.311
15594,3.57,4.639,1.069
15595,3.68,4.639,0.959
15596,3.9,4.639,0.739
15597,5.0,4.639,-0.361
15598,3.8,4.639,0.839
15599,4.18,4.639,0.459
15600,4.05,4.192,0.142
15601,4.23,4.639,0.409
15602,4.3,4.192,-0.108
15603,4.1,4.192,0.092
15604,6.43,4.192,-2.238
15605,4.07,4.192,0.122
15606,3.71,4.192,0.482
15607,4.4,4.192,-0.208
15608,3.76,4.192,0.432
15609,3.82,4.192,0.372
15610,4.84,4.192,-0.648
15611,4.72,4.639,-0.081
15612,5.31,4.639,-0.671
15613,3.85,4.639,0.789
15614,3.96,4.639,0.679
15615,4.19,4.639,0.449
15616,3.61,4.674,1.064
15617,4.04,4.639,0.599
15618,4.14,4.674,0.534
15619,3.97,4.674,0.704
15620,3.72,4.639,0.919
15621,3.57,4.674,1.104
15622,3.2,4.674,1.474
15623,2.92,4.639,1.719
15624,3.4,4.639,1.239
15625,3.09,4.639,1.549
15626,3.26,4.192,0.932
15627,8.86,4.192,-4.668
15628,3.13,4.639,1.509
15629,2.66,4.639,1.979
15630,3.11,4.192,1.082
15631,3.06,4.192,1.132
15632,2.98,3.955,0.975
15633,2.29,3.622,1.332
15634,3.59,3.622,0.032
15635,2.74,3.649,0.909
15636,2.77,3.746,0.976
15637,2.87,3.734,0.864
15638,3.12,3.734,0.614
15639,2.81,3.725,0.915
15640,3.4,3.739,0.339
15641,2.58,3.739,1.159
15642,3.0,3.716,0.716
15643,3.23,3.716,0.486
15644,4.34,5.254,0.914
15645,3.39,5.598,2.208
15646,4.19,5.803,1.613
15647,3.7,5.798,2.098
15648,3.06,5.824,2.764
15649,4.19,5.621,1.431
15650,4.03,5.596,1.566
15651,4.7,5.481,0.781
15652,5.03,5.631,0.601
15653,5.15,7.638,2.488
15654,4.6,7.64,3.04
15655,4.88,7.624,2.744
15656,3.95,4.539,0.589
15657,4.52,7.436,2.916
15658,5.22,7.448,2.228
15659,6.13,7.463,1.333
15660,4.79,5.468,0.678
15661,5.36,5.601,0.241
15662,4.59,5.866,1.276
15663,4.41,5.866,1.456
15664,5.24,5.866,0.626
15665,4.43,5.866,1.436
15666,4.74,5.866,1.126
15667,5.33,5.803,0.473
15668,4.62,5.866,1.246
15669,4.89,5.892,1.002
15670,4.67,5.824,1.154
15671,4.2,5.803,1.603
15672,3.97,5.573,1.603
15673,4.0,5.573,1.573
15674,4.21,5.573,1.363
15675,4.37,5.573,1.203
15676,4.28,5.573,1.293
15677,4.35,5.598,1.248
15678,4.66,5.598,0.938
15679,4.01,5.598,1.588
15680,3.82,5.254,1.434
15681,3.78,5.598,1.818
15682,4.08,5.254,1.174
15683,4.3,3.716,-0.584
15684,4.66,3.716,-0.944
15685,4.8,3.716,-1.084
15686,4.13,3.739,-0.391
15687,4.52,3.739,-0.781
15688,4.15,3.6,-0.55
15689,4.53,3.725,-0.805
15690,4.38,3.725,-0.655
15691,4.39,3.734,-0.656
15692,4.54,3.649,-0.891
15693,4.16,3.649,-0.511
15694,3.95,3.622,-0.328
15695,4.46,3.649,-0.811
15696,4.06,3.622,-0.438
15697,3.98,3.622,-0.358
15698,4.0,3.622,-0.378
15699,4.19,3.622,-0.568
15700,3.81,3.622,-0.188
15701,3.55,3.955,0.405
15702,4.08,3.955,-0.125
15703,4.68,3.955,-0.725
15704,4.21,3.622,-0.588
15705,4.49,3.622,-0.868
15706,4.78,3.955,-0.825
15707,3.31,3.955,0.645
15708,4.02,3.955,-0.065
15709,4.05,4.192,0.142
15710,3.92,4.192,0.272
15711,3.85,4.192,0.342
15712,4.0,4.192,0.192
15713,4.19,4.639,0.449
15714,4.57,4.639,0.069
15715,3.45,4.639,1.189
15716,3.93,4.639,0.709
15717,3.85,4.639,0.789
15718,3.53,4.639,1.109
15719,4.7,4.639,-0.061
15720,3.18,4.192,1.012
15721,2.72,4.192,1.472
15722,3.38,4.192,0.812
15723,3.26,4.192,0.932
15724,2.77,3.955,1.185
15725,3.2,3.622,0.422
15726,2.13,3.622,1.492
15727,2.62,3.649,1.029
15728,2.32,3.735,1.415
15729,2.57,3.735,1.165
15730,2.43,3.734,1.304
15731,2.25,3.734,1.484
15732,2.69,3.725,1.035
15733,2.16,3.725,1.565
15734,2.37,3.586,1.216
15735,2.72,3.6,0.88
15736,3.17,3.739,0.569
15737,3.25,3.739,0.489
15738,2.65,3.52,0.87
15739,2.67,4.656,1.986
15740,3.09,5.254,2.164
15741,2.99,5.22,2.23
15742,3.1,5.23,2.13
15743,3.74,5.598,1.858
15744,3.65,5.598,1.948
15745,4.01,5.829,1.819
15746,3.56,5.598,2.038
15747,4.11,5.829,1.719
15748,4.26,5.892,1.632
15749,5.8,5.824,0.024
15750,4.48,5.598,1.118
15751,4.76,5.829,1.069
15752,6.55,5.892,-0.658
15753,4.85,5.254,0.404
15754,3.98,5.598,1.618
15755,6.09,5.829,-0.261
15756,5.81,5.254,-0.556
15757,5.7,5.824,0.124
15758,5.57,5.824,0.254
15759,5.78,5.829,0.049
15760,8.42,5.829,-2.591
15761,4.89,5.824,0.934
15762,4.81,5.892,1.082
15763,4.35,5.505,1.155
15764,3.86,5.621,1.761
15765,4.94,5.505,0.565
15766,4.49,5.505,1.015
15767,4.44,5.656,1.216
15768,5.31,5.656,0.346
15769,4.91,5.505,0.595
15770,4.65,5.892,1.242
15771,5.17,5.891,0.721
15772,3.67,5.823,2.153
15773,3.98,5.891,1.911
15774,4.18,5.505,1.325
15775,4.52,5.504,0.984
15776,4.97,5.505,0.535
15777,4.3,5.621,1.321
15778,4.96,5.621,0.661
15779,4.29,5.621,1.331
15780,5.06,5.621,0.561
15781,3.61,5.621,2.011
15782,4.88,5.892,1.012
15783,4.43,5.892,1.462
15784,4.53,5.824,1.294
15785,4.55,5.824,1.274
15786,4.07,5.824,1.754
15787,4.08,5.829,1.749
15788,4.39,5.823,1.433
15789,5.17,5.891,0.721
15790,4.57,5.829,1.259
15791,4.88,5.829,0.949
15792,4.35,5.829,1.479
15793,4.48,5.598,1.118
15794,3.99,5.598,1.608
15795,4.94,5.254,0.314
15796,3.02,4.698,1.678
15797,4.65,3.716,-0.934
15798,4.39,4.698,0.308
15799,3.97,4.698,0.728
15800,4.32,3.739,-0.581
15801,4.66,3.739,-0.921
15802,5.25,3.739,-1.511
15803,4.86,3.6,-1.26
15804,4.14,3.6,-0.54
15805,4.53,3.6,-0.93
15806,5.44,3.586,-1.854
15807,5.85,3.586,-2.264
15808,7.24,3.586,-3.654
15809,5.01,3.586,-1.424
15810,4.19,3.725,-0.465
15811,4.3,3.725,-0.575
15812,4.31,3.725,-0.585
15813,4.67,3.586,-1.084
15814,4.71,3.725,-0.985
15815,4.93,3.586,-1.344
15816,4.49,3.6,-0.89
15817,4.31,3.6,-0.71
15818,4.45,3.6,-0.85
15819,4.29,3.716,-0.574
15820,4.61,3.739,-0.871
15821,3.79,3.716,-0.074
15822,4.04,4.698,0.658
15823,4.03,5.598,1.568
15824,4.64,5.598,0.958
15825,3.72,4.698,0.978
15826,3.49,4.698,1.208
15827,3.14,4.698,1.558
15828,4.47,3.716,-0.754
15829,4.15,3.739,-0.411
15830,4.39,3.739,-0.651
15831,3.71,3.6,-0.11
15832,4.04,3.716,-0.324
15833,3.73,5.254,1.524
15834,3.48,5.598,2.118
15835,3.77,5.829,2.059
15836,3.91,5.829,1.919
15837,3.68,5.254,1.574
15838,2.93,5.598,2.668
15839,3.51,5.598,2.088
15840,4.13,3.716,-0.414
15841,4.5,3.716,-0.784
15842,4.04,3.716,-0.324
15843,3.76,3.739,-0.021
15844,3.73,3.6,-0.13
15845,3.71,3.6,-0.11
15846,3.58,3.6,0.02
15847,7.45,3.586,-3.864
15848,4.84,3.725,-1.115
15849,4.03,3.734,-0.296
15850,3.88,3.735,-0.145
15851,11.48,3.735,-7.745
15852,3.88,3.735,-0.145
15853,3.93,3.735,-0.195
15854,4.12,3.649,-0.471
15855,4.92,3.649,-1.271
15856,4.0,3.649,-0.351
15857,3.55,3.622,0.072
15858,5.65,3.622,-2.028
15859,4.42,3.622,-0.798
15860,3.45,3.622,0.172
15861,3.62,3.649,0.029
15862,3.83,3.649,-0.181
15863,4.91,3.622,-1.288
15864,3.44,3.622,0.182
15865,3.61,3.622,0.012
15866,3.36,3.622,0.262
15867,3.55,3.622,0.072
15868,3.67,3.622,-0.048
15869,3.1,3.622,0.522
15870,3.91,3.955,0.045
15871,3.26,3.955,0.695
15872,4.06,3.955,-0.105
15873,3.44,4.192,0.752
15874,2.6,4.192,1.592
15875,3.34,4.192,0.852
15876,3.5,4.639,1.139
15877,3.5,4.639,1.139
15878,4.5,4.639,0.139
15879,2.85,4.639,1.789
15880,8.3,4.639,-3.661
15881,4.07,4.639,0.569
15882,3.29,4.639,1.349
15883,3.12,4.639,1.519
15884,3.2,4.639,1.439
15885,2.53,4.639,2.109
15886,3.43,4.639,1.209
15887,3.34,4.639,1.299
15888,2.83,4.639,1.809
15889,3.28,4.639,1.359
15890,3.04,4.639,1.599
15891,3.25,4.639,1.389
15892,3.87,4.639,0.769
15893,3.82,4.639,0.819
15894,2.22,4.639,2.419
15895,3.25,4.639,1.389
15896,3.43,4.639,1.209
15897,3.63,4.639,1.009
15898,3.82,4.674,0.854
15899,3.28,4.674,1.394
15900,2.91,4.674,1.764
15901,3.02,4.674,1.654
15902,3.51,4.793,1.283
15903,3.03,4.793,1.763
15904,3.51,4.864,1.354
15905,3.94,4.864,0.924
15906,3.74,4.864,1.124
15907,3.05,4.854,1.804
15908,2.98,4.854,1.874
15909,3.04,4.854,1.814
15910,3.22,4.854,1.634
15911,3.21,4.864,1.654
15912,6.45,4.854,-1.596
15913,3.05,4.864,1.814
15914,2.98,4.864,1.884
15915,2.79,4.793,2.003
15916,3.2,4.793,1.593
15917,2.78,4.639,1.859
15918,5.37,4.639,-0.731
15919,2.84,4.639,1.799
15920,2.6,4.639,2.039
15921,3.0,4.639,1.639
15922,3.09,4.639,1.549
15923,2.78,3.955,1.175
15924,2.76,3.622,0.862
15925,3.34,3.649,0.309
15926,3.22,3.649,0.429
15927,2.43,3.649,1.219
15928,1.74,3.649,1.909
15929,3.37,3.735,0.365
15930,2.69,3.735,1.045
15931,3.47,3.734,0.264
15932,3.13,3.725,0.595
15933,2.95,3.725,0.775
15934,2.83,3.725,0.895
15935,3.08,3.586,0.506
15936,3.6,3.586,-0.014
15937,3.16,3.586,0.426
15938,3.11,3.6,0.49
15939,3.53,3.6,0.07
15940,2.93,3.6,0.67
15941,3.71,3.586,-0.124
15942,3.36,3.725,0.365
15943,3.41,3.725,0.315
15944,3.33,3.734,0.404
15945,3.44,3.734,0.294
15946,3.07,3.734,0.664
15947,3.52,3.735,0.215
15948,3.73,3.735,0.005
15949,3.9,3.735,-0.165
15950,3.4,3.649,0.249
15951,3.12,3.649,0.529
15952,2.53,3.622,1.092
15953,3.19,4.192,1.002
15954,2.58,4.192,1.612
15955,2.58,4.639,2.059
15956,2.84,4.793,1.953
15957,2.4,4.793,2.393
15958,2.63,4.864,2.234
15959,2.31,4.854,2.544
15960,2.59,4.854,2.264
15961,2.6,4.899,2.299
15962,2.13,4.899,2.769
15963,2.39,4.899,2.509
15964,2.51,4.899,2.389
15965,2.32,4.899,2.579
15966,1.94,4.899,2.959
15967,2.13,4.899,2.769
15968,2.33,4.899,2.569
15969,1.72,4.899,3.179
15970,2.29,4.899,2.609
15971,2.98,4.886,1.906
15972,2.12,4.899,2.779
15973,2.27,4.886,2.616
15974,2.3,4.886,2.586
15975,2.01,4.886,2.876
15976,2.1,4.886,2.786
15977,2.0,4.721,2.721
15978,2.03,4.721,2.691
15979,2.08,4.721,2.641
15980,2.13,4.721,2.591
15981,1.66,4.738,3.078
15982,1.72,4.738,3.018
15983,1.81,4.738,2.928
15984,2.12,4.738,2.618
15985,2.22,4.886,2.666
15986,2.43,4.886,2.456
15987,2.72,4.899,2.179
15988,2.26,4.899,2.639
15989,2.61,4.886,2.276
15990,1.41,4.899,3.489
15991,2.65,4.899,2.249
15992,2.58,4.899,2.319
15993,3.3,4.899,1.599
15994,2.04,4.886,2.846
15995,2.24,4.886,2.646
15996,2.63,4.886,2.256
15997,2.55,4.886,2.336
15998,2.42,4.886,2.466
15999,2.86,4.886,2.026
16000,2.91,4.886,1.976
16001,2.46,4.886,2.426
16002,3.7,4.886,1.186
16003,2.61,4.721,2.111
16004,2.4,4.886,2.486
16005,1.85,4.886,3.036
16006,1.76,4.886,3.126
16007,2.17,4.899,2.729
16008,2.08,4.899,2.819
16009,2.04,4.854,2.814
16010,1.94,4.899,2.959
16011,2.23,4.899,2.669
16012,2.13,4.854,2.724
16013,1.46,4.854,3.394
16014,2.24,4.864,2.624
16015,1.9,4.864,2.964
16016,1.85,4.793,2.943
16017,1.95,4.639,2.689
16018,2.29,4.793,2.503
16019,1.86,4.793,2.933
16020,2.04,4.674,2.634
16021,1.58,4.674,3.094
16022,2.13,4.793,2.663
16023,1.95,4.674,2.724
16024,1.89,4.674,2.784
16025,1.65,4.639,2.989
16026,1.54,4.192,2.652
16027,2.17,4.639,2.469
16028,1.81,4.192,2.382
16029,1.9,4.192,2.292
16030,2.42,3.622,1.202
16031,2.07,3.622,1.552
16032,2.39,3.649,1.259
16033,3.2,3.735,0.535
16034,2.54,3.622,1.082
16035,2.07,3.649,1.579
16036,2.27,3.622,1.352
16037,3.04,3.649,0.609
16038,3.13,3.649,0.519
16039,2.17,3.622,1.452
16040,2.32,3.622,1.302
16041,2.17,3.622,1.452
16042,2.26,3.622,1.362
16043,2.39,3.621,1.231
16044,2.75,3.622,0.872
16045,2.76,3.734,0.974
16046,3.28,3.586,0.306
16047,2.95,3.725,0.775
16048,3.15,3.725,0.575
16049,2.95,3.725,0.775
16050,2.89,3.735,0.845
16051,2.66,3.734,1.074
16052,2.59,3.734,1.144
16053,2.73,3.735,1.005
16054,2.84,3.734,0.894
16055,3.12,3.734,0.614
16056,2.98,3.734,0.754
16057,3.2,3.735,0.535
16058,2.99,3.734,0.744
16059,3.12,3.735,0.615
16060,2.64,3.735,1.095
16061,2.76,3.649,0.889
16062,5.86,3.735,-2.125
16063,3.47,3.762,0.292
16064,3.37,3.765,0.395
16065,2.71,3.762,1.052
16066,3.31,3.765,0.455
16067,3.54,3.765,0.225
16068,3.19,3.762,0.572
16069,3.09,3.728,0.638
16070,3.18,3.737,0.557
16071,3.37,3.737,0.367
16072,2.8,3.737,0.937
16073,3.07,3.737,0.667
16074,4.42,3.734,-0.686
16075,3.36,3.734,0.374
16076,3.16,3.649,0.489
16077,4.22,3.649,-0.571
16078,2.97,3.595,0.625
16079,4.4,3.649,-0.751
16080,3.41,3.649,0.239
16081,3.43,3.649,0.219
16082,3.33,3.649,0.319
16083,2.98,3.595,0.615
16084,2.65,3.649,0.999
16085,3.09,3.595,0.505
16086,3.46,3.649,0.189
16087,3.16,3.595,0.435
16088,2.96,3.649,0.689
16089,2.87,3.595,0.725
16090,3.37,3.595,0.225
16091,2.62,3.595,0.975
16092,3.25,3.955,0.705
16093,2.98,3.955,0.975
16094,3.09,3.955,0.865
16095,2.82,4.192,1.372
16096,2.68,4.192,1.512
16097,2.48,4.192,1.712
16098,2.24,4.639,2.399
16099,2.68,4.639,1.959
16100,2.6,4.639,2.039
16101,2.34,4.674,2.334
16102,2.53,4.674,2.144
16103,2.25,4.674,2.424
16104,2.26,4.674,2.414
16105,2.36,4.639,2.279
16106,2.31,4.674,2.364
16107,2.27,4.793,2.523
16108,2.26,4.674,2.414
16109,2.35,4.639,2.289
16110,2.26,4.192,1.932
16111,2.36,4.639,2.279
16112,2.01,4.639,2.629
16113,1.89,4.674,2.784
16114,1.96,4.674,2.714
16115,1.71,4.639,2.929
16116,2.17,4.192,2.022
16117,1.59,3.595,2.005
16118,2.17,3.649,1.479
16119,2.11,3.649,1.539
16120,2.38,3.649,1.269
16121,2.32,3.649,1.329
16122,1.35,3.649,2.299
16123,2.45,3.649,1.199
16124,2.6,3.649,1.049
16125,2.52,3.734,1.214
16126,2.29,3.734,1.444
16127,2.4,3.649,1.249
16128,2.41,3.734,1.324
16129,2.38,3.595,1.215
16130,2.24,3.595,1.355
16131,2.56,3.734,1.174
16132,2.78,3.734,0.954
16133,3.07,3.734,0.664
16134,4.35,3.649,-0.701
16135,2.82,3.649,0.829
16136,2.62,3.649,1.029
16137,2.89,3.649,0.759
16138,3.41,3.649,0.239
16139,2.66,3.649,0.989
16140,3.29,3.649,0.359
16141,3.12,3.649,0.529
16142,2.71,3.649,0.939
16143,2.8,3.595,0.795
16144,2.91,3.595,0.685
16145,2.76,3.595,0.835
16146,2.82,3.595,0.775
16147,3.08,3.649,0.569
16148,2.86,3.595,0.735
16149,3.25,3.595,0.345
16150,2.06,3.595,1.535
16151,2.63,3.595,0.965
16152,2.94,3.595,0.655
16153,2.97,3.595,0.625
16154,2.63,3.649,1.019
16155,2.71,3.649,0.939
16156,1.93,3.649,1.719
16157,3.47,3.649,0.179
16158,2.99,3.649,0.659
16159,2.96,3.595,0.635
16160,3.04,3.649,0.609
16161,2.94,3.595,0.655
16162,3.27,3.595,0.325
16163,2.63,3.595,0.965
16164,2.78,3.595,0.815
16165,3.15,3.595,0.445
16166,3.33,3.595,0.265
16167,2.84,3.595,0.755
16168,3.28,3.595,0.315
16169,2.99,3.613,0.623
16170,2.57,3.595,1.025
16171,2.98,3.595,0.615
16172,3.12,3.595,0.475
16173,2.62,3.955,1.335
16174,3.06,3.955,0.895
16175,3.07,3.955,0.885
16176,3.34,3.974,0.634
16177,3.17,3.974,0.804
16178,2.4,3.974,1.574
16179,2.6,4.014,1.414
16180,2.84,3.974,1.134
16181,2.78,3.985,1.205
16182,4.26,4.014,-0.246
16183,3.22,3.985,0.765
16184,3.92,3.985,0.065
16185,3.4,3.992,0.592
16186,2.88,3.985,1.105
16187,3.16,3.985,0.825
16188,2.73,4.212,1.482
16189,2.72,4.212,1.492
16190,4.98,4.212,-0.768
16191,2.55,4.219,1.669
16192,2.69,3.99,1.3
16193,2.68,3.99,1.31
16194,3.05,4.219,1.169
16195,2.81,3.992,1.182
16196,2.57,3.992,1.422
16197,2.12,3.992,1.872
16198,2.07,3.992,1.922
16199,2.09,4.212,2.122
16200,1.9,4.212,2.312
16201,2.34,3.985,1.645
16202,1.84,3.627,1.787
16203,2.36,3.627,1.267
16204,1.98,3.681,1.701
16205,1.75,3.678,1.928
16206,1.44,3.678,2.238
16207,1.9,3.678,1.778
16208,1.71,3.678,1.968
16209,1.96,3.79,1.83
16210,1.93,3.79,1.86
16211,1.96,3.705,1.745
16212,1.85,3.752,1.902
16213,2.22,3.667,1.447
16214,2.09,3.752,1.662
16215,2.25,3.752,1.502
16216,2.27,3.752,1.482
16217,2.24,3.79,1.55
16218,2.2,3.763,1.563
16219,2.18,3.763,1.583
16220,2.22,3.763,1.543
16221,2.64,3.766,1.126
16222,2.47,3.763,1.293
16223,2.66,3.766,1.106
16224,2.57,3.681,1.111
16225,2.21,3.681,1.471
16226,2.56,3.681,1.121
16227,2.6,3.681,1.081
16228,2.89,3.687,0.797
16229,2.78,3.681,0.901
16230,2.58,3.681,1.101
16231,2.63,3.685,1.055
16232,1.93,3.631,1.701
16233,2.23,3.631,1.401
16234,2.83,3.685,0.855
16235,2.81,3.685,0.875
16236,2.68,3.685,1.005
16237,2.93,3.686,0.756
16238,3.08,3.686,0.606
16239,2.85,3.686,0.836
16240,2.76,3.623,0.863
16241,3.11,3.632,0.522
16242,3.09,3.632,0.542
16243,2.62,3.637,1.017
16244,2.88,3.66,0.78
16245,2.14,3.66,1.52
16246,2.9,3.855,0.955
16247,3.49,3.744,0.254
16248,3.17,3.66,0.49
16249,4.28,3.744,-0.536
16250,2.75,3.992,1.242
16251,4.85,4.262,-0.588
16252,2.75,4.262,1.512
16253,2.66,4.353,1.693
16254,2.09,3.855,1.765
16255,2.88,4.353,1.473
16256,2.58,4.348,1.768
16257,2.95,4.253,1.303
16258,2.67,4.262,1.592
16259,2.63,4.253,1.623
16260,2.88,4.249,1.369
16261,2.15,4.249,2.099
16262,2.31,4.249,1.939
16263,2.61,4.262,1.652
16264,2.77,4.458,1.688
16265,2.89,4.262,1.372
16266,2.66,4.397,1.737
16267,2.54,4.397,1.857
16268,2.76,4.391,1.631
16269,2.8,4.391,1.591
16270,3.05,4.232,1.182
16271,2.61,4.232,1.622
16272,2.95,4.232,1.282
16273,3.06,4.446,1.386
16274,2.78,4.391,1.611
16275,2.79,4.483,1.693
16276,2.63,4.391,1.761
16277,2.79,4.434,1.644
16278,2.88,4.446,1.566
16279,2.65,4.495,1.845
16280,2.66,4.522,1.862
16281,2.58,4.483,1.903
16282,1.39,4.522,3.132
16283,2.67,4.522,1.852
16284,2.81,4.522,1.712
16285,2.64,4.514,1.874
16286,2.52,4.514,1.994
16287,5.63,4.508,-1.122
16288,2.74,4.431,1.691
16289,1.48,4.499,3.019
16290,2.37,4.499,2.129
16291,2.43,4.505,2.075
16292,2.53,4.499,1.969
16293,2.41,4.499,2.089
16294,2.35,4.505,2.155
16295,2.62,4.431,1.811
16296,2.25,4.508,2.258
16297,2.21,4.508,2.298
16298,2.06,4.499,2.439
16299,2.08,4.434,2.354
16300,2.05,4.495,2.445
16301,2.37,4.232,1.862
16302,2.17,4.55,2.38
16303,2.4,4.232,1.832
16304,2.2,4.331,2.131
16305,2.14,4.331,2.191
16306,2.29,4.446,2.156
16307,2.19,4.446,2.256
16308,1.74,4.332,2.592
16309,2.22,4.332,2.112
16310,2.4,4.55,2.15
16311,2.67,4.55,1.88
16312,2.25,4.651,2.401
16313,2.45,4.654,2.204
16314,2.28,4.654,2.374
16315,2.97,4.44,1.47
16316,2.42,4.654,2.234
16317,2.46,4.654,2.194
16318,2.45,4.654,2.204
16319,1.49,4.654,3.164
16320,2.61,4.559,1.949
16321,2.32,4.363,2.043
16322,2.84,4.559,1.719
16323,2.76,4.559,1.799
16324,3.05,4.654,1.604
16325,2.99,4.56,1.57
16326,3.14,4.559,1.419
16327,2.01,4.559,2.549
16328,2.16,4.56,2.4
16329,3.35,4.654,1.304
16330,2.89,4.651,1.761
16331,2.53,4.651,2.121
16332,2.84,4.651,1.811
16333,2.87,4.648,1.778
16334,2.43,4.648,2.218
16335,3.01,4.648,1.638
16336,3.46,4.651,1.191
16337,2.89,4.648,1.758
16338,2.63,4.648,2.018
16339,2.58,4.648,2.068
16340,2.74,4.648,1.908
16341,2.2,4.648,2.448
16342,3.31,4.648,1.338
16343,3.13,4.648,1.518
16344,2.98,4.648,1.668
16345,2.77,4.654,1.884
16346,3.14,4.648,1.508
16347,2.91,4.648,1.738
16348,3.0,4.654,1.654
16349,2.91,4.544,1.634
16350,2.74,4.648,1.908
16351,2.68,4.55,1.87
16352,2.83,4.55,1.72
16353,4.06,4.55,0.49
16354,10.46,4.55,-5.91
16355,3.5,4.558,1.058
16356,2.81,4.55,1.74
16357,3.39,4.55,1.16
16358,2.7,4.55,1.85
16359,3.25,4.55,1.3
16360,2.89,4.55,1.66
16361,2.81,4.55,1.74
16362,2.69,4.558,1.868
16363,2.51,4.57,2.06
16364,2.67,4.558,1.888
16365,2.66,4.57,1.91
16366,5.85,4.57,-1.28
16367,2.56,4.558,1.998
16368,3.17,4.55,1.38
16369,2.69,4.558,1.868
16370,2.76,4.457,1.697
16371,2.05,4.457,2.407
16372,2.65,4.457,1.807
16373,2.86,4.457,1.597
16374,5.77,4.457,-1.313
16375,2.71,4.457,1.747
16376,3.32,4.457,1.137
16377,2.68,4.457,1.777
16378,3.38,4.457,1.077
16379,3.57,4.457,0.887
16380,3.67,4.457,0.787
16381,2.87,4.457,1.587
16382,2.84,4.457,1.617
16383,2.55,4.469,1.919
16384,2.95,4.469,1.519
16385,2.12,4.469,2.349
16386,2.99,4.457,1.467
16387,4.27,4.457,0.187
16388,3.01,4.457,1.447
16389,3.3,4.457,1.157
16390,2.84,4.57,1.73
16391,2.9,4.57,1.67
16392,2.76,4.457,1.697
16393,3.69,4.57,0.88
16394,2.77,4.57,1.8
16395,2.58,4.457,1.877
16396,2.38,4.57,2.19
16397,2.44,4.663,2.223
16398,3.09,4.558,1.468
16399,2.48,4.558,2.078
16400,2.51,4.654,2.144
16401,2.91,4.772,1.862
16402,4.18,4.809,0.629
16403,2.54,4.772,2.232
16404,2.9,4.979,2.079
16405,3.96,5.83,1.87
16406,3.55,5.83,2.28
16407,4.24,5.383,1.143
16408,2.94,5.426,2.486
16409,3.54,5.426,1.886
16410,4.15,5.383,1.233
16411,3.15,5.396,2.246
16412,2.12,5.396,3.276
16413,4.05,4.722,0.672
16414,7.11,4.722,-2.388
16415,1.82,4.557,2.737
16416,3.29,5.347,2.057
16417,3.79,5.426,1.636
16418,3.48,5.508,2.028
16419,4.58,4.817,0.237
16420,3.75,4.718,0.968
16421,2.84,4.557,1.717
16422,2.72,4.57,1.85
16423,3.15,4.57,1.42
16424,6.88,4.57,-2.31
16425,2.2,4.457,2.257
16426,2.61,4.57,1.96
16427,2.44,4.457,2.017
16428,4.21,4.457,0.247
16429,2.93,4.477,1.547
16430,2.7,4.477,1.777
16431,2.87,4.477,1.607
16432,2.81,4.477,1.667
16433,2.83,4.477,1.647
16434,2.79,4.477,1.687
16435,3.74,4.477,0.737
16436,2.46,4.395,1.935
16437,2.45,4.395,1.945
16438,2.79,4.474,1.684
16439,2.32,4.393,2.073
16440,2.92,4.474,1.554
16441,2.51,4.474,1.964
16442,2.8,4.393,1.593
16443,2.77,4.393,1.623
16444,3.98,4.393,0.413
16445,2.35,4.393,2.043
16446,3.31,4.393,1.083
16447,2.16,4.393,2.233
16448,2.25,4.393,2.143
16449,3.5,4.393,0.893
16450,3.5,4.387,0.887
16451,2.45,4.387,1.937
16452,3.11,4.387,1.277
16453,2.46,4.387,1.927
16454,2.78,4.387,1.607
16455,1.83,4.382,2.552
16456,2.26,4.448,2.188
16457,2.54,4.448,1.908
16458,2.2,4.387,2.187
16459,2.62,4.387,1.767
16460,2.01,4.387,2.377
16461,2.22,4.385,2.165
16462,3.28,4.387,1.107
16463,2.94,4.448,1.508
16464,2.61,4.443,1.833
16465,2.96,4.443,1.483
16466,2.96,4.443,1.483
16467,2.36,4.443,2.083
16468,2.21,4.443,2.233
16469,2.7,4.443,1.743
16470,1.86,4.443,2.583
16471,2.25,4.443,2.193
16472,2.06,4.385,2.325
16473,5.94,4.385,-1.555
16474,2.77,4.443,1.673
16475,2.68,4.443,1.763
16476,3.31,4.443,1.133
16477,2.79,4.47,1.68
16478,3.06,4.47,1.41
16479,2.8,4.443,1.643
16480,2.02,4.443,2.423
16481,2.4,4.385,1.985
16482,2.62,4.385,1.765
16483,3.01,4.385,1.375
16484,2.15,4.477,2.327
16485,2.63,4.46,1.83
16486,1.75,4.573,2.823
16487,2.66,4.573,1.913
16488,2.21,4.57,2.36
16489,2.55,4.676,2.126
16490,2.57,4.676,2.106
16491,3.03,4.57,1.54
16492,2.58,4.676,2.096
16493,2.66,4.676,2.016
16494,2.51,4.676,2.166
16495,2.7,4.679,1.979
16496,2.55,4.676,2.126
16497,2.79,4.573,1.783
16498,2.67,4.46,1.79
16499,2.6,4.573,1.973
16500,2.74,4.573,1.833
16501,2.43,4.573,2.143
16502,2.29,4.573,2.283
16503,2.67,4.573,1.903
16504,2.49,4.573,2.083
16505,2.27,4.573,2.303
16506,2.22,4.573,2.353
16507,2.28,4.573,2.293
16508,2.11,4.46,2.35
16509,2.31,4.477,2.167
16510,2.01,4.477,2.467
16511,2.44,4.482,2.042
16512,1.94,4.385,2.445
16513,2.2,4.377,2.177
16514,2.11,4.377,2.267
16515,2.08,4.377,2.297
16516,4.42,4.443,0.023
16517,2.19,4.443,2.253
16518,2.17,4.47,2.3
16519,2.41,4.474,2.064
16520,1.93,4.465,2.535
16521,2.23,4.465,2.235
16522,2.24,4.475,2.235
16523,8.03,4.465,-3.565
16524,8.08,4.465,-3.615
16525,2.49,4.465,1.975
16526,2.22,4.475,2.255
16527,2.92,4.475,1.555
16528,2.53,4.475,1.945
16529,2.08,4.475,2.395
16530,1.86,4.475,2.615
16531,1.93,4.506,2.576
16532,2.13,4.506,2.376
16533,1.76,4.506,2.746
16534,1.66,4.506,2.846
16535,1.61,4.506,2.896
16536,3.57,4.506,0.936
16537,2.63,4.506,1.876
16538,2.94,4.506,1.566
16539,1.54,4.506,2.966
16540,2.45,4.506,2.056
16541,2.07,4.597,2.527
16542,2.08,4.506,2.426
16543,3.07,4.506,1.436
16544,1.68,4.506,2.826
16545,2.85,4.506,1.656
16546,2.54,4.506,1.966
16547,1.89,4.506,2.616
16548,3.73,4.599,0.869
16549,1.9,4.486,2.586
16550,2.28,4.486,2.206
16551,2.18,4.596,2.416
16552,2.31,4.599,2.289
16553,2.85,4.596,1.746
16554,2.32,4.596,2.276
16555,2.09,4.596,2.506
16556,1.82,4.596,2.776
16557,2.17,4.596,2.426
16558,1.86,4.596,2.736
16559,1.82,4.596,2.776
16560,2.46,4.596,2.136
16561,2.28,4.596,2.316
16562,2.32,4.596,2.276
16563,1.94,4.596,2.656
16564,2.14,4.596,2.456
16565,2.14,4.596,2.456
16566,1.72,4.596,2.876
16567,1.63,4.596,2.966
16568,2.25,4.6,2.35
16569,1.81,4.6,2.79
16570,2.08,4.596,2.516
16571,2.11,4.6,2.49
16572,2.02,4.6,2.58
16573,2.07,4.6,2.53
16574,2.46,4.6,2.14
16575,2.45,4.6,2.15
16576,1.81,4.599,2.789
16577,2.19,4.6,2.41
16578,1.91,4.6,2.69
16579,1.24,4.596,3.356
16580,1.65,4.486,2.836
16581,1.57,4.483,2.913
16582,1.92,4.483,2.563
16583,2.14,4.483,2.343
16584,1.66,4.483,2.823
16585,1.65,4.483,2.833
16586,1.39,4.486,3.096
16587,1.79,4.486,2.696
16588,1.95,4.486,2.536
16589,1.43,4.453,3.023
16590,1.89,4.447,2.557
16591,1.69,4.455,2.765
16592,1.44,4.447,3.007
16593,1.15,4.377,3.227
16594,1.3,4.477,3.177
16595,1.77,4.377,2.607
16596,1.26,4.385,3.125
16597,1.74,4.377,2.637
16598,1.57,4.377,2.807
16599,1.58,4.37,2.79
16600,1.58,4.377,2.797
16601,1.61,4.469,2.859
16602,1.87,4.37,2.5
16603,2.02,4.37,2.35
16604,2.01,4.36,2.35
16605,1.89,4.36,2.47
16606,1.66,4.358,2.698
16607,1.95,4.358,2.408
16608,2.2,4.455,2.255
16609,1.84,4.452,2.612
16610,1.52,4.483,2.963
16611,1.82,4.456,2.636
16612,1.83,4.483,2.653
16613,2.11,4.486,2.376
16614,2.08,4.487,2.407
16615,2.11,4.487,2.377
16616,1.71,4.487,2.777
16617,1.36,4.487,3.127
16618,2.06,4.487,2.427
16619,1.57,4.483,2.913
16620,1.47,4.483,3.013
16621,1.89,4.487,2.597
16622,3.06,4.487,1.427
16623,1.38,4.487,3.107
16624,2.02,4.487,2.467
16625,1.83,4.486,2.656
16626,2.13,4.486,2.356
16627,1.61,4.486,2.876
16628,2.17,4.455,2.285
16629,1.92,4.455,2.535
16630,2.01,4.486,2.476
16631,2.65,4.404,1.754
16632,2.08,4.424,2.344
16633,1.93,4.455,2.525
16634,1.8,4.37,2.57
16635,1.7,4.424,2.724
16636,2.37,4.404,2.034
16637,2.22,4.404,2.184
16638,2.72,4.332,1.612
16639,2.35,4.455,2.105
16640,2.26,4.455,2.195
16641,2.68,4.332,1.652
16642,1.82,4.332,2.512
16643,1.77,4.322,2.552
16644,2.18,4.404,2.224
16645,2.06,4.394,2.334
16646,2.12,4.394,2.274
16647,1.76,4.394,2.634
16648,2.29,4.394,2.104
16649,1.6,4.394,2.794
16650,2.24,4.394,2.154
16651,2.24,4.353,2.113
16652,2.03,4.394,2.364
16653,2.56,4.353,1.793
16654,2.32,4.353,2.033
16655,2.12,4.394,2.274
16656,1.88,4.353,2.473
16657,1.7,4.353,2.653
16658,2.28,4.353,2.073
16659,2.37,4.353,1.983
16660,2.58,4.37,1.79
16661,1.63,4.353,2.723
16662,2.68,4.353,1.673
16663,1.81,4.353,2.543
16664,2.09,4.353,2.263
16665,1.9,4.353,2.453
16666,2.0,4.353,2.353
16667,2.7,4.338,1.638
16668,2.24,4.341,2.101
16669,2.36,4.338,1.978
16670,1.89,4.353,2.463
16671,2.22,4.313,2.093
16672,2.06,4.315,2.255
16673,2.41,4.339,1.929
16674,2.19,4.339,2.149
16675,2.16,4.275,2.115
16676,1.88,4.339,2.459
16677,2.11,4.25,2.14
16678,1.35,4.25,2.9
16679,2.58,4.242,1.662
16680,2.17,4.242,2.072
16681,1.71,4.393,2.683
16682,2.2,4.546,2.346
16683,2.41,4.597,2.187
16684,2.29,4.482,2.192
16685,1.84,4.754,2.914
16686,1.72,4.753,3.033
16687,2.3,4.753,2.453
16688,1.66,4.798,3.138
16689,1.69,5.058,3.368
16690,1.58,4.283,2.703
16691,1.92,3.555,1.635
16692,1.87,4.754,2.884
16693,2.27,4.882,2.612
16694,2.06,4.856,2.796
16695,1.79,4.817,3.027
16696,2.24,5.009,2.769
16697,2.53,4.733,2.203
16698,1.75,5.124,3.374
16699,1.93,5.534,3.604
16700,1.9,5.537,3.637
16701,2.0,5.114,3.114
16702,2.23,5.537,3.307
16703,2.82,5.53,2.71
16704,1.92,5.53,3.61
16705,2.39,5.084,2.694
16706,2.23,5.064,2.834
16707,2.67,4.482,1.812
16708,2.18,4.575,2.395
16709,2.78,4.546,1.766
16710,2.15,4.313,2.163
16711,2.39,4.35,1.96
16712,2.3,4.242,1.942
16713,2.08,4.25,2.17
16714,1.91,4.25,2.34
16715,2.59,4.25,1.66
16716,2.64,4.25,1.61
16717,1.78,4.25,2.47
16718,2.26,4.344,2.084
16719,2.48,4.38,1.9
16720,1.56,4.38,2.82
16721,1.83,4.215,2.385
16722,2.04,4.215,2.175
16723,2.39,4.275,1.885
16724,1.55,4.275,2.725
16725,1.78,4.315,2.535
16726,4.53,4.315,-0.215
16727,2.59,4.313,1.723
16728,2.05,4.338,2.288
16729,1.52,4.318,2.798
16730,2.17,4.262,2.092
16731,2.07,4.262,2.192
16732,2.28,4.161,1.881
16733,2.25,4.262,2.012
16734,2.15,4.232,2.082
16735,2.05,4.232,2.182
16736,2.66,4.232,1.572
16737,2.68,4.232,1.552
16738,1.94,4.321,2.381
16739,2.1,4.289,2.189
16740,2.43,4.289,1.859
16741,1.8,4.289,2.489
16742,2.39,4.161,1.771
16743,1.9,4.289,2.389
16744,2.25,4.289,2.039
16745,1.91,4.234,2.324
16746,2.56,4.161,1.601
16747,4.57,4.161,-0.409
16748,1.92,4.273,2.353
16749,1.94,4.233,2.293
16750,2.22,4.302,2.082
16751,2.12,4.302,2.182
16752,2.5,4.306,1.806
16753,2.69,4.306,1.616
16754,2.06,4.306,2.246
16755,2.08,4.274,2.194
16756,2.51,4.306,1.796
16757,1.98,4.431,2.451
16758,2.82,4.342,1.522
16759,1.89,4.378,2.488
16760,2.05,4.313,2.263
16761,1.75,4.389,2.639
16762,2.4,4.323,1.923
16763,1.43,4.323,2.893
16764,2.51,4.313,1.803
16765,1.73,4.389,2.659
16766,2.05,4.389,2.339
16767,1.74,4.317,2.577
16768,1.75,4.313,2.563
16769,1.79,4.317,2.527
16770,1.9,4.313,2.413
16771,1.81,4.313,2.503
16772,1.8,4.286,2.486
16773,1.9,4.251,2.351
16774,2.2,4.393,2.193
16775,1.83,4.526,2.696
16776,1.76,4.504,2.744
16777,1.71,4.34,2.63
16778,1.81,4.236,2.426
16779,1.82,4.483,2.663
16780,1.5,4.792,3.292
16781,1.4,5.048,3.648
16782,1.58,5.064,3.484
16783,1.66,5.438,3.778
16784,2.13,5.35,3.22
16785,1.65,5.405,3.755
16786,2.02,6.151,4.131
16787,1.78,5.507,3.727
16788,1.83,5.539,3.709
16789,2.19,6.411,4.221
16790,2.15,6.411,4.261
16791,2.22,6.411,4.191
16792,2.53,6.421,3.891
16793,2.19,6.427,4.237
16794,2.09,6.661,4.571
16795,2.16,6.645,4.485
16796,1.9,6.645,4.745
16797,2.17,6.645,4.475
16798,2.08,6.634,4.554
16799,2.46,6.735,4.275
16800,2.14,6.605,4.465
16801,2.63,6.644,4.014
16802,3.41,6.644,3.234
16803,2.84,6.678,3.838
16804,2.95,6.678,3.728
16805,3.15,6.692,3.542
16806,3.99,6.692,2.702
16807,2.72,6.687,3.967
16808,2.69,6.644,3.954
16809,2.99,6.614,3.624
16810,2.79,6.614,3.824
16811,2.79,6.614,3.824
16812,2.4,6.648,4.248
16813,3.28,6.648,3.368
16814,2.68,6.648,3.968
16815,2.77,6.648,3.878
16816,2.6,6.648,4.048
16817,2.78,6.648,3.868
16818,1.95,6.648,4.698
16819,2.73,6.441,3.711
16820,2.79,6.441,3.651
16821,2.69,6.441,3.751
16822,2.68,6.441,3.761
16823,2.59,6.434,3.844
16824,2.95,6.434,3.484
16825,2.83,6.139,3.309
16826,2.76,6.147,3.387
16827,2.85,6.139,3.289
16828,3.78,5.387,1.607
16829,2.77,5.116,2.346
16830,2.7,5.116,2.416
16831,2.34,4.994,2.654
16832,2.45,4.994,2.544
16833,3.09,4.994,1.904
16834,2.89,4.994,2.104
16835,2.85,5.009,2.159
16836,2.9,5.021,2.121
16837,2.7,4.666,1.966
16838,2.8,4.662,1.862
16839,2.4,4.398,1.998
16840,2.59,4.347,1.757
16841,2.71,4.36,1.65
16842,2.69,4.347,1.657
16843,2.53,4.36,1.83
16844,2.78,4.537,1.757
16845,2.59,4.457,1.867
16846,2.89,4.537,1.647
16847,3.68,4.577,0.897
16848,2.15,4.577,2.427
16849,2.37,4.578,2.208
16850,2.95,4.581,1.631
16851,2.93,4.581,1.651
16852,2.43,4.518,2.088
16853,2.65,4.653,2.003
16854,2.18,4.648,2.468
16855,2.16,4.804,2.644
16856,2.51,4.857,2.347
16857,2.53,4.728,2.198
16858,2.99,4.588,1.598
16859,2.62,4.567,1.947
16860,2.68,4.615,1.935
16861,2.69,4.567,1.877
16862,8.66,4.615,-4.045
16863,2.71,4.773,2.063
16864,2.18,4.708,2.528
16865,2.33,4.708,2.378
16866,2.65,4.836,2.186
16867,2.38,4.857,2.477
16868,2.89,4.821,1.931
16869,2.42,4.689,2.269
16870,2.38,4.62,2.24
16871,2.73,4.82,2.09
16872,6.06,4.941,-1.119
16873,2.29,4.941,2.651
16874,2.93,5.064,2.134
16875,2.82,5.09,2.27
16876,4.8,5.18,0.38
16877,3.16,5.195,2.035
16878,2.46,5.178,2.718
16879,2.5,5.162,2.662
16880,2.72,5.178,2.458
16881,2.25,4.82,2.57
16882,2.74,4.813,2.073
16883,2.71,5.166,2.456
16884,2.59,5.166,2.576
16885,2.76,5.141,2.381
16886,2.55,5.184,2.634
16887,2.69,5.184,2.494
16888,2.04,5.178,3.138
16889,2.34,5.178,2.838
16890,2.13,5.166,3.036
16891,2.07,4.844,2.774
16892,2.2,4.941,2.741
16893,2.37,4.708,2.338
16894,2.28,4.941,2.661
16895,2.71,4.844,2.134
16896,2.56,4.941,2.381
16897,2.67,4.941,2.271
16898,2.94,4.737,1.797
16899,2.8,4.821,2.021
16900,3.12,4.821,1.701
16901,2.66,4.8,2.14
16902,2.52,4.708,2.188
16903,2.23,4.773,2.543
16904,3.07,4.623,1.553
16905,4.04,4.493,0.453
16906,2.45,4.491,2.041
16907,2.54,4.491,1.951
16908,2.46,4.395,1.935
16909,2.06,4.621,2.561
16910,2.3,4.395,2.095
16911,2.1,4.395,2.295
16912,2.45,4.342,1.892
16913,1.68,4.345,2.665
16914,1.27,4.345,3.075
16915,1.72,4.342,2.622
16916,2.42,4.345,1.925
16917,2.04,4.4,2.36
16918,2.6,4.4,1.8
16919,2.61,4.403,1.793
16920,1.96,4.403,2.443
16921,2.2,4.403,2.203
16922,1.82,4.4,2.58
16923,1.52,4.4,2.88
16924,2.35,4.403,2.053
16925,1.78,4.398,2.618
16926,2.21,4.345,2.135
16927,2.48,4.398,1.918
16928,1.54,4.398,2.858
16929,2.05,4.398,2.348
16930,2.22,4.398,2.178
16931,2.27,4.327,2.057
16932,2.47,4.327,1.857
16933,2.54,4.401,1.861
16934,2.18,4.375,2.195
16935,2.02,4.401,2.381
16936,2.28,4.401,2.121
16937,3.0,4.375,1.375
16938,2.21,4.331,2.121
16939,7.41,4.327,-3.083
16940,2.05,4.331,2.281
16941,2.08,4.327,2.247
16942,2.29,4.331,2.041
16943,2.5,4.331,1.831
16944,2.36,4.327,1.967
16945,1.8,4.303,2.503
16946,2.25,4.303,2.053
16947,2.4,4.303,1.903
16948,2.36,4.303,1.943
16949,1.97,4.303,2.333
16950,2.42,4.444,2.024
16951,2.37,4.416,2.046
16952,1.82,4.444,2.624
16953,2.34,4.416,2.076
16954,2.38,4.416,2.036
16955,3.04,4.416,1.376
16956,2.17,4.416,2.246
16957,2.28,4.416,2.136
16958,2.02,4.416,2.396
16959,1.86,4.416,2.556
16960,2.1,4.416,2.316
16961,1.65,4.416,2.766
16962,1.79,4.416,2.626
16963,1.93,4.303,2.373
16964,1.84,4.416,2.576
16965,1.65,4.416,2.766
16966,1.88,4.303,2.423
16967,1.56,4.792,3.232
16968,1.91,4.792,2.882
16969,1.76,5.167,3.407
16970,1.42,4.739,3.319
16971,1.64,4.734,3.094
16972,2.09,4.731,2.641
16973,2.04,4.904,2.864
16974,1.94,4.8,2.86
16975,1.94,4.737,2.797
16976,2.28,4.597,2.317
16977,2.24,4.557,2.317
16978,2.12,4.565,2.445
16979,1.99,4.792,2.802
16980,1.91,4.395,2.485
16981,2.1,4.906,2.806
16982,2.71,4.838,2.128
16983,2.26,4.838,2.578
16984,2.03,5.749,3.719
16985,1.82,5.201,3.381
16986,1.78,5.766,3.986
16987,1.99,4.858,2.868
16988,2.41,5.951,3.541
16989,2.98,4.393,1.413
16990,2.65,4.821,2.171
16991,3.21,4.557,1.347
16992,3.24,4.997,1.757
16993,2.95,5.168,2.218
16994,4.1,5.18,1.08
16995,3.35,5.306,1.956
16996,4.87,5.397,0.527
16997,3.63,5.092,1.462
16998,3.17,5.321,2.151
16999,2.82,5.092,2.272
17000,3.12,4.829,1.709
17001,2.92,4.708,1.788
17002,2.36,4.613,2.253
17003,2.52,4.941,2.421
17004,2.98,4.62,1.64
17005,2.35,4.539,2.189
17006,2.26,4.36,2.1
17007,2.0,4.666,2.666
17008,2.5,4.557,2.057
17009,2.44,4.674,2.234
17010,2.25,4.644,2.394
17011,2.4,4.36,1.96
17012,2.28,4.813,2.533
17013,2.77,4.557,1.787
17014,2.68,4.565,1.885
17015,2.59,4.565,1.975
17016,2.28,4.565,2.285
17017,2.18,4.854,2.674
17018,2.51,5.166,2.656
17019,2.65,5.166,2.516
17020,2.38,5.166,2.786
17021,2.59,4.844,2.254
17022,2.14,5.319,3.179
17023,2.47,5.013,2.543
17024,2.31,5.013,2.703
17025,2.53,4.829,2.299
17026,2.91,4.835,1.925
17027,2.18,4.87,2.69
17028,2.74,4.968,2.228
17029,2.69,5.265,2.575
17030,2.41,5.89,3.48
17031,2.46,5.89,3.43
17032,2.77,5.883,3.113
17033,2.47,5.891,3.421
17034,2.7,5.8,3.1
17035,2.74,5.679,2.939
17036,2.92,5.831,2.911
17037,2.51,5.723,3.213
17038,2.87,5.239,2.369
17039,2.56,5.723,3.163
17040,2.6,4.777,2.177
17041,2.71,5.74,3.03
17042,2.71,5.239,2.529
17043,2.49,5.244,2.754
17044,2.53,4.777,2.247
17045,2.32,4.781,2.461
17046,2.53,4.262,1.732
17047,2.73,4.262,1.532
17048,2.4,4.303,1.903
17049,2.19,4.416,2.226
17050,2.5,4.278,1.778
17051,2.72,4.416,1.696
17052,2.37,4.416,2.046
17053,2.22,4.416,2.196
17054,2.24,4.422,2.182
17055,2.1,4.416,2.316
17056,2.21,4.416,2.206
17057,2.1,4.416,2.316
17058,2.14,4.416,2.276
17059,2.35,4.416,2.066
17060,2.06,4.303,2.243
17061,1.72,4.303,2.583
17062,2.43,4.303,1.873
17063,2.18,4.303,2.123
17064,1.63,4.303,2.673
17065,2.73,4.262,1.532
17066,2.09,5.239,3.149
17067,2.16,5.082,2.922
17068,1.47,4.481,3.011
17069,1.6,4.355,2.755
17070,1.48,4.359,2.879
17071,2.59,4.628,2.038
17072,2.08,4.329,2.249
17073,2.06,4.85,2.79
17074,2.48,4.906,2.426
17075,1.99,5.265,3.275
17076,2.29,5.931,3.641
17077,2.32,5.167,2.847
17078,2.05,4.708,2.658
17079,2.23,4.838,2.608
17080,2.12,5.056,2.936
17081,2.32,5.063,2.743
17082,2.19,5.167,2.977
17083,2.47,5.167,2.697
17084,2.1,5.922,3.822
17085,2.32,5.963,3.643
17086,2.19,5.893,3.703
17087,2.7,5.852,3.152
17088,2.7,5.86,3.16
17089,2.69,5.86,3.17
17090,2.98,5.942,2.962
17091,3.28,5.942,2.662
17092,2.27,6.065,3.795
17093,2.98,6.118,3.138
17094,1.83,5.901,4.071
17095,3.1,5.952,2.852
17096,2.05,5.911,3.861
17097,2.98,5.952,2.972
17098,2.88,6.426,3.546
17099,2.7,5.871,3.171
17100,3.02,6.437,3.417
17101,2.23,6.351,4.121
17102,2.77,6.065,3.295
17103,3.35,6.385,3.035
17104,2.51,6.118,3.608
17105,2.75,6.15,3.4
17106,2.54,6.15,3.61
17107,3.81,6.15,2.34
17108,3.39,6.157,2.767
17109,2.86,6.181,3.321
17110,2.7,5.988,3.288
17111,2.66,5.944,3.284
17112,2.68,6.009,3.329
17113,2.62,6.085,3.465
17114,2.68,6.144,3.464
17115,2.94,5.771,2.831
17116,2.47,6.032,3.562
17117,2.61,5.534,2.924
17118,2.59,4.928,2.338
17119,4.21,4.928,0.718
17120,2.79,4.268,1.478
17121,2.38,4.268,1.888
17122,2.37,4.268,1.898
17123,1.92,4.309,2.389
17124,2.68,4.309,1.629
17125,2.76,4.309,1.549
17126,2.0,4.309,2.309
17127,2.21,4.309,2.099
17128,2.4,4.309,1.909
17129,2.96,4.309,1.349
17130,2.45,4.309,1.859
17131,2.44,4.3,1.86
17132,2.78,4.267,1.487
17133,2.11,4.309,2.199
17134,2.28,4.267,1.987
17135,2.34,4.278,1.938
17136,2.41,4.265,1.855
17137,2.65,4.282,1.632
17138,2.81,4.28,1.47
17139,2.39,4.568,2.178
17140,3.14,4.565,1.425
17141,2.26,4.278,2.018
17142,2.3,4.278,1.978
17143,2.0,4.568,2.568
17144,2.47,4.633,2.163
17145,2.11,4.568,2.458
17146,2.43,4.396,1.966
17147,2.77,4.568,1.798
17148,2.64,4.396,1.756
17149,2.75,4.633,1.883
17150,2.14,4.568,2.428
17151,2.25,4.568,2.318
17152,2.16,4.568,2.408
17153,1.52,4.28,2.76
17154,2.01,4.396,2.386
17155,2.41,4.28,1.87
17156,2.08,4.28,2.2
17157,2.2,4.28,2.08
17158,2.73,4.243,1.513
17159,3.91,4.243,0.333
17160,2.26,5.52,3.26
17161,2.41,6.158,3.748
17162,2.11,6.158,4.048
17163,2.03,6.158,4.128
17164,2.35,6.347,3.997
17165,2.45,6.415,3.965
17166,12.75,6.047,-6.703
17167,2.26,6.631,4.371
17168,2.24,5.944,3.704
17169,2.1,6.433,4.333
17170,2.07,6.269,4.199
17171,1.88,6.415,4.535
17172,1.97,6.144,4.174
17173,1.99,6.144,4.154
17174,2.04,6.081,4.041
17175,2.23,6.081,3.851
17176,1.92,6.269,4.349
17177,1.85,6.152,4.302
17178,1.62,6.152,4.532
17179,1.85,4.922,3.072
17180,1.91,5.558,3.648
17181,2.0,5.558,3.558
17182,1.94,4.922,2.982
17183,2.18,4.922,2.742
17184,1.91,4.881,2.971
17185,2.26,4.881,2.621
17186,2.35,4.881,2.531
17187,2.21,4.881,2.671
17188,2.15,4.225,2.075
17189,2.48,5.558,3.078
17190,2.27,4.922,2.652
17191,2.81,4.922,2.112
17192,2.33,4.225,1.895
17193,1.97,4.227,2.257
17194,2.4,4.227,1.827
17195,2.22,4.227,2.007
17196,2.31,4.227,1.917
17197,1.94,4.227,2.287
17198,2.05,4.227,2.177
17199,2.45,4.237,1.787
17200,2.6,4.237,1.637
17201,2.08,4.276,2.196
17202,2.18,4.276,2.096
17203,1.91,4.276,2.366
17204,1.94,4.276,2.336
17205,2.25,4.278,2.028
17206,1.99,4.278,2.288
17207,2.37,4.394,2.024
17208,1.91,4.399,2.489
17209,2.22,4.397,2.177
17210,2.38,4.397,2.017
17211,1.98,4.399,2.419
17212,2.05,4.399,2.349
17213,1.75,4.399,2.649
17214,1.84,4.396,2.556
17215,2.04,4.399,2.359
17216,2.09,4.272,2.182
17217,1.97,4.272,2.302
17218,2.18,4.399,2.219
17219,2.49,4.272,1.782
17220,2.21,4.272,2.062
17221,1.9,4.272,2.372
17222,1.63,4.266,2.636
17223,1.9,4.392,2.492
17224,2.25,4.377,2.127
17225,1.87,4.377,2.507
17226,2.14,4.377,2.237
17227,1.96,4.392,2.432
17228,1.66,4.377,2.717
17229,2.15,4.377,2.227
17230,1.64,4.392,2.752
17231,1.79,4.377,2.587
17232,1.62,4.377,2.757
17233,1.99,4.377,2.387
17234,2.0,4.377,2.377
17235,1.8,4.377,2.577
17236,2.07,4.377,2.307
17237,2.13,4.377,2.247
17238,2.15,4.373,2.223
17239,2.03,4.377,2.347
17240,1.84,4.377,2.537
17241,2.16,4.373,2.213
17242,2.12,4.392,2.272
17243,2.19,4.377,2.187
17244,1.87,4.392,2.522
17245,1.94,4.377,2.437
17246,1.77,4.377,2.607
17247,1.98,4.377,2.397
17248,1.97,4.373,2.403
17249,2.26,4.408,2.148
17250,1.73,4.412,2.682
17251,1.74,4.289,2.549
17252,1.77,4.289,2.519
17253,1.75,4.289,2.539
17254,1.7,4.289,2.589
17255,1.64,4.249,2.609
17256,1.73,4.249,2.519
17257,1.7,4.249,2.549
17258,1.51,4.249,2.739
17259,1.93,4.249,2.319
17260,1.56,4.289,2.729
17261,1.63,4.249,2.619
17262,1.68,4.253,2.573
17263,1.54,4.249,2.709
17264,1.89,4.249,2.359
17265,1.72,4.249,2.529
17266,1.54,4.249,2.709
17267,1.75,4.249,2.499
17268,1.7,4.249,2.549
17269,1.68,4.908,3.228
17270,1.57,4.249,2.679
17271,1.76,4.253,2.493
17272,1.64,4.253,2.613
17273,1.8,4.249,2.449
17274,1.63,4.253,2.623
17275,1.82,4.253,2.433
17276,1.94,4.253,2.313
17277,1.69,4.249,2.559
17278,1.67,4.249,2.579
17279,1.79,4.249,2.459
17280,1.86,4.249,2.389
17281,2.04,4.253,2.213
17282,1.78,4.253,2.473
17283,1.88,4.253,2.373
17284,1.93,4.253,2.323
17285,2.05,4.253,2.203
17286,1.94,4.225,2.285
17287,2.1,4.3,2.2
17288,1.83,4.3,2.47
17289,1.46,4.3,2.84
17290,2.18,4.3,2.12
17291,2.01,4.3,2.29
17292,2.01,4.265,2.255
17293,2.38,4.3,1.92
17294,3.91,4.3,0.39
17295,1.82,4.309,2.489
17296,1.79,4.309,2.519
17297,1.98,4.265,2.285
17298,1.57,4.265,2.695
17299,1.89,4.265,2.375
17300,1.95,4.265,2.315
17301,1.88,4.265,2.385
17302,3.05,4.265,1.215
17303,1.69,4.26,2.57
17304,1.95,4.225,2.275
17305,2.13,4.225,2.095
17306,2.07,4.225,2.155
17307,2.13,4.309,2.179
17308,2.08,4.268,2.188
17309,2.19,4.932,2.742
17310,2.31,5.564,3.254
17311,1.81,4.922,3.112
17312,2.4,4.26,1.86
17313,2.01,4.922,2.912
17314,2.21,4.922,2.712
17315,2.07,4.26,2.19
17316,1.95,4.26,2.31
17317,2.29,4.922,2.632
17318,1.99,4.922,2.932
17319,2.68,4.253,1.573
17320,1.91,4.249,2.339
17321,2.09,4.249,2.159
17322,2.14,4.249,2.109
17323,2.26,4.88,2.62
17324,1.79,4.249,2.459
17325,2.23,4.249,2.019
17326,2.31,4.233,1.923
17327,2.22,4.233,2.013
17328,2.2,4.237,2.037
17329,1.94,4.237,2.297
17330,2.31,4.272,1.962
17331,2.12,4.235,2.115
17332,2.25,4.274,2.024
17333,2.45,4.563,2.113
17334,1.47,4.563,3.093
17335,2.27,4.565,2.295
17336,2.0,4.628,2.628
17337,1.97,4.628,2.658
17338,2.15,4.742,2.592
17339,2.3,4.628,2.328
17340,1.96,4.727,2.767
17341,2.65,4.727,2.077
17342,2.1,4.835,2.735
17343,2.02,4.727,2.707
17344,1.84,4.704,2.864
17345,1.8,4.824,3.024
17346,1.61,4.824,3.214
17347,1.8,4.824,3.024
17348,1.6,5.327,3.727
17349,1.5,5.327,3.827
17350,1.49,5.214,3.724
17351,1.6,5.524,3.924
17352,1.5,6.158,4.658
17353,1.49,6.347,4.857
17354,1.84,6.61,4.77
17355,1.65,6.415,4.765
17356,1.47,6.009,4.539
17357,2.22,5.936,3.716
17358,2.21,5.988,3.778
17359,2.19,5.995,3.805
17360,2.19,6.15,3.96
17361,2.04,6.15,4.11
17362,1.9,6.035,4.135
17363,2.59,6.677,4.087
17364,2.05,6.654,4.604
17365,2.68,6.654,3.974
17366,2.76,6.654,3.894
17367,2.45,6.758,4.308
17368,1.57,5.163,3.593
17369,1.87,5.382,3.512
17370,2.53,5.405,2.875
17371,2.36,6.362,4.002
17372,2.31,7.005,4.695
17373,2.42,6.426,4.006
17374,2.64,6.426,3.786
17375,2.14,7.103,4.963
17376,3.04,7.512,4.472
17377,2.45,7.056,4.606
17378,2.89,6.659,3.769
17379,2.75,6.573,3.823
17380,2.59,6.552,3.962
17381,2.07,6.553,4.483
17382,2.32,6.57,4.25
17383,2.59,6.569,3.979
17384,2.38,6.542,4.162
17385,2.45,6.333,3.883
17386,2.23,6.593,4.363
17387,2.5,6.547,4.047
17388,2.62,6.574,3.954
17389,2.17,6.586,4.416
17390,2.36,6.585,4.225
17391,2.23,6.801,4.571
17392,2.21,7.198,4.988
17393,1.98,7.253,5.273
17394,2.61,7.463,4.853
17395,2.76,7.463,4.703
17396,2.91,7.534,4.624
17397,2.62,7.468,4.848
17398,2.57,7.403,4.833
17399,2.51,7.461,4.951
17400,2.49,7.77,5.28
17401,2.42,7.908,5.488
17402,2.59,7.74,5.15
17403,2.61,7.741,5.131
17404,2.48,7.159,4.679
17405,2.74,7.26,4.52
17406,2.23,7.235,5.005
17407,2.48,7.087,4.607
17408,2.34,7.087,4.747
17409,2.33,6.759,4.429
17410,2.18,6.654,4.474
17411,2.27,6.698,4.428
17412,2.55,6.698,4.148
17413,2.38,6.698,4.318
17414,2.47,6.693,4.223
17415,2.48,6.693,4.213
17416,2.29,6.68,4.39
17417,2.14,6.336,4.196
17418,2.26,6.379,4.119
17419,2.34,6.309,3.969
17420,2.23,6.188,3.958
17421,2.44,6.188,3.748
17422,2.46,5.761,3.301
17423,2.27,4.807,2.537
17424,2.35,5.524,3.174
17425,2.16,4.724,2.564
17426,2.1,4.724,2.624
17427,2.22,4.727,2.507
17428,2.15,3.991,1.841
17429,2.37,4.693,2.323
17430,2.01,3.912,1.902
17431,2.33,3.915,1.585
17432,2.47,3.799,1.329
17433,2.37,4.578,2.208
17434,2.37,4.51,2.14
17435,2.72,3.915,1.195
17436,2.31,4.574,2.264
17437,2.3,4.578,2.278
17438,2.19,5.486,3.296
17439,2.46,4.578,2.118
17440,1.85,5.403,3.553
17441,2.12,4.574,2.454
17442,1.97,5.484,3.514
17443,1.91,6.383,4.473
17444,1.87,5.486,3.616
17445,1.85,6.261,4.411
17446,2.14,6.261,4.121
17447,2.06,6.489,4.429
17448,1.7,6.309,4.609
17449,1.63,6.725,5.095
17450,1.52,6.698,5.178
17451,1.71,6.655,4.945
17452,1.57,6.655,5.085
17453,1.49,6.654,5.164
17454,1.6,6.758,5.158
17455,1.83,6.758,4.928
17456,1.97,6.073,4.103
17457,1.48,5.983,4.503
17458,1.79,5.988,4.198
17459,1.53,6.073,4.543
17460,2.66,7.021,4.361
17461,1.44,5.538,4.098
17462,1.62,4.82,3.2
17463,2.13,6.393,4.263
17464,2.37,7.165,4.795
17465,2.3,7.881,5.581
17466,3.11,7.902,4.792
17467,2.34,7.827,5.487
17468,2.54,8.022,5.482
17469,2.41,8.064,5.654
17470,2.28,8.032,5.752
17471,2.79,7.671,4.881
17472,3.09,6.806,3.716
17473,2.26,6.684,4.424
17474,3.39,6.583,3.193
17475,3.36,6.753,3.393
17476,3.58,6.809,3.229
17477,3.02,7.522,4.502
17478,3.82,7.974,4.154
17479,3.46,8.016,4.556
17480,3.09,8.028,4.938
17481,3.19,8.025,4.835
17482,2.8,8.07,5.27
17483,3.11,8.004,4.894
17484,2.46,8.024,5.564
17485,2.73,8.016,5.286
17486,2.77,8.017,5.247
17487,2.6,8.023,5.423
17488,2.82,7.908,5.088
17489,2.35,7.928,5.578
17490,2.26,7.856,5.596
17491,3.06,7.725,4.665
17492,2.99,7.725,4.735
17493,2.61,7.725,5.115
17494,2.97,7.776,4.806
17495,2.68,7.304,4.624
17496,2.05,7.304,5.254
17497,2.72,7.279,4.559
17498,2.62,7.279,4.659
17499,3.18,6.627,3.447
17500,2.35,7.135,4.785
17501,3.12,6.804,3.684
17502,2.49,6.804,4.314
17503,3.08,6.804,3.724
17504,2.62,6.804,4.184
17505,2.64,6.699,4.059
17506,2.99,6.699,3.709
17507,2.44,6.658,4.218
17508,2.75,6.658,3.908
17509,2.69,6.673,3.983
17510,2.3,6.624,4.324
17511,2.74,6.624,3.884
17512,2.73,6.624,3.894
17513,2.63,6.624,3.994
17514,2.68,6.624,3.944
17515,2.26,6.627,4.367
17516,2.96,6.627,3.667
17517,2.01,6.627,4.617
17518,2.72,6.673,3.953
17519,2.42,6.624,4.204
17520,3.12,6.624,3.504
17521,2.5,6.731,4.231
17522,2.1,6.728,4.628
17523,2.71,6.699,3.989
17524,2.39,6.673,4.283
17525,1.96,6.73,4.77
17526,2.94,6.73,3.79
17527,3.67,6.855,3.185
17528,2.72,6.804,4.084
17529,2.5,6.73,4.23
17530,2.78,6.849,4.069
17531,2.69,6.855,4.165
17532,2.41,6.774,4.364
17533,2.85,6.748,3.898
17534,2.34,6.855,4.515
17535,2.61,6.849,4.239
17536,2.47,6.77,4.3
17537,2.01,6.855,4.845
17538,1.92,6.78,4.86
17539,2.03,6.627,4.597
17540,1.96,7.135,5.175
17541,2.23,7.201,4.971
17542,1.94,7.264,5.324
17543,2.31,7.868,5.558
17544,2.19,7.888,5.698
17545,2.64,8.019,5.379
17546,2.5,8.004,5.504
17547,2.83,8.02,5.19
17548,3.07,8.02,4.95
17549,2.71,7.711,5.001
17550,3.34,7.724,4.384
17551,2.89,7.667,4.777
17552,2.45,7.966,5.516
17553,2.82,7.711,4.891
17554,3.13,7.582,4.452
17555,2.07,5.721,3.651
17556,2.85,5.759,2.909
17557,2.75,6.711,3.961
17558,2.79,6.797,4.007
17559,2.72,7.589,4.869
17560,2.61,7.605,4.995
17561,2.96,7.258,4.298
17562,3.39,7.538,4.148
17563,2.86,7.461,4.601
17564,2.74,9.309,6.569
17565,2.87,6.688,3.818
17566,3.05,6.688,3.638
17567,2.59,9.232,6.642
17568,2.65,9.021,6.371
17569,3.03,8.052,5.022
17570,3.99,9.811,5.821
17571,3.96,9.039,5.079
17572,3.17,10.331,7.161
17573,4.53,7.403,2.873
17574,3.81,7.413,3.603
17575,3.38,8.014,4.634
17576,3.07,7.876,4.806
17577,3.03,7.626,4.596
17578,3.43,7.119,3.689
17579,2.63,9.906,7.276
17580,2.85,9.388,6.538
17581,2.92,10.155,7.235
17582,2.8,9.856,7.056
17583,2.51,9.39,6.88
17584,2.34,8.698,6.358
17585,2.86,8.698,5.838
17586,2.46,8.694,6.234
17587,2.69,8.694,6.004
17588,2.51,7.726,5.216
17589,2.78,7.511,4.731
17590,2.24,5.84,3.6
17591,2.36,7.074,4.714
17592,2.5,7.374,4.874
17593,2.55,7.52,4.97
17594,2.54,7.453,4.913
17595,2.42,7.549,5.129
17596,2.38,7.515,5.135
17597,2.5,7.343,4.843
17598,3.8,7.276,3.476
17599,2.43,7.454,5.024
17600,2.54,7.282,4.742
17601,2.33,7.87,5.54
17602,2.72,7.77,5.05
17603,3.24,7.261,4.021
17604,2.76,7.76,5.0
17605,2.77,7.769,4.999
17606,2.55,7.772,5.222
17607,2.46,7.263,4.803
17608,2.35,7.77,5.42
17609,2.38,7.758,5.378
17610,2.76,7.261,4.501
17611,2.36,7.236,4.876
17612,2.2,7.236,5.036
17613,2.64,7.088,4.448
17614,2.33,6.759,4.429
17615,2.23,6.699,4.469
17616,2.4,6.699,4.299
17617,2.49,6.627,4.137
17618,2.33,6.658,4.328
17619,2.44,6.78,4.34
17620,2.36,6.855,4.495
17621,2.59,6.815,4.225
17622,2.41,6.815,4.405
17623,2.7,6.855,4.155
17624,2.6,6.82,4.22
17625,2.4,7.135,4.735
17626,2.57,7.135,4.565
17627,2.41,7.2,4.79
17628,2.54,7.135,4.595
17629,2.03,6.627,4.597
17630,2.35,6.78,4.43
17631,2.29,6.78,4.49
17632,2.12,6.855,4.735
17633,2.2,6.855,4.655
17634,1.78,6.73,4.95
17635,1.89,6.78,4.89
17636,1.94,6.731,4.791
17637,1.66,6.627,4.967
17638,1.73,7.135,5.405
17639,1.69,7.135,5.445
17640,1.86,7.135,5.275
17641,1.61,7.135,5.525
17642,1.84,7.088,5.248
17643,1.61,7.239,5.629
17644,1.96,7.264,5.304
17645,1.67,7.888,6.218
17646,1.75,7.882,6.132
17647,1.64,7.887,6.247
17648,1.51,7.267,5.757
17649,1.63,7.088,5.458
17650,1.65,6.759,5.109
17651,1.09,6.654,5.564
17652,1.1,6.697,5.597
17653,1.2,6.697,5.497
17654,1.15,6.631,5.481
17655,1.55,6.433,4.883
17656,1.5,6.707,5.207
17657,1.5,5.988,4.488
17658,1.49,5.997,4.507
17659,1.66,5.944,4.284
17660,1.66,5.997,4.337
17661,1.85,6.677,4.827
17662,1.83,6.418,4.588
17663,1.9,7.132,5.232
17664,2.1,7.532,5.432
17665,2.28,7.345,5.065
17666,1.85,7.175,5.325
17667,2.04,7.158,5.118
17668,2.37,7.157,4.787
17669,2.09,7.087,4.997
17670,2.01,6.758,4.748
17671,2.34,6.769,4.429
17672,2.09,6.769,4.679
17673,2.01,6.769,4.759
17674,2.06,6.677,4.617
17675,2.0,6.677,4.677
17676,1.87,6.677,4.807
17677,2.12,6.769,4.649
17678,2.17,6.769,4.599
17679,2.0,6.758,4.758
17680,2.54,6.759,4.219
17681,2.28,6.655,4.375
17682,2.14,6.655,4.515
17683,2.1,6.655,4.555
17684,2.38,6.655,4.275
17685,2.08,6.655,4.575
17686,1.88,6.655,4.775
17687,2.2,6.655,4.455
17688,2.15,6.655,4.505
17689,2.21,6.698,4.488
17690,2.15,6.698,4.548
17691,2.18,6.698,4.518
17692,1.88,6.698,4.818
17693,2.25,6.655,4.405
17694,2.07,6.655,4.585
17695,1.9,6.759,4.859
17696,1.94,6.655,4.715
17697,1.97,6.655,4.685
17698,2.06,6.698,4.638
17699,1.94,6.655,4.715
17700,1.96,6.655,4.695
17701,1.81,6.655,4.845
17702,1.96,6.655,4.695
17703,2.15,6.699,4.549
17704,1.89,6.699,4.809
17705,2.1,6.73,4.63
17706,2.18,6.699,4.519
17707,2.09,6.627,4.537
17708,2.48,6.731,4.251
17709,2.43,6.728,4.298
17710,2.22,6.627,4.407
17711,2.32,6.728,4.408
17712,2.1,6.627,4.527
17713,2.21,6.627,4.417
17714,2.31,6.627,4.317
17715,2.15,6.627,4.477
17716,2.43,6.941,4.511
17717,2.16,6.804,4.644
17718,2.24,6.804,4.564
17719,1.97,6.855,4.885
17720,2.32,6.804,4.484
17721,2.11,6.804,4.694
17722,2.32,6.82,4.5
17723,2.38,6.77,4.39
17724,2.24,6.82,4.58
17725,2.01,6.899,4.889
17726,2.09,6.855,4.765
17727,2.2,6.82,4.62
17728,1.99,6.82,4.83
17729,2.07,6.77,4.7
17730,1.83,6.82,4.99
17731,2.14,6.804,4.664
17732,1.98,6.804,4.824
17733,2.31,6.728,4.418
17734,1.74,6.731,4.991
17735,1.86,7.135,5.275
17736,1.63,7.135,5.505
17737,1.78,6.804,5.024
17738,1.85,7.135,5.285
17739,1.72,7.135,5.415
17740,1.77,7.135,5.365
17741,1.64,7.135,5.495
17742,1.6,6.759,5.159
17743,1.6,6.759,5.159
17744,1.61,6.759,5.149
17745,1.71,6.759,5.049
17746,1.74,6.759,5.019
17747,1.62,6.804,5.184
17748,1.57,6.759,5.189
17749,1.62,6.804,5.184
17750,1.49,6.699,5.209
17751,1.67,6.804,5.134
17752,1.65,6.804,5.154
17753,1.68,7.135,5.455
17754,1.73,7.248,5.518
17755,1.85,7.228,5.378
17756,1.92,7.228,5.308
17757,2.0,7.737,5.737
17758,1.82,7.737,5.917
17759,2.13,7.88,5.75
17760,2.75,7.759,5.009
17761,2.54,7.255,4.715
17762,2.5,7.264,4.764
17763,2.61,7.201,4.591
17764,2.13,7.245,5.115
17765,2.76,7.245,4.485
17766,2.1,7.247,5.147
17767,2.3,7.251,4.951
17768,2.49,7.245,4.755
17769,2.83,7.245,4.415
17770,2.34,7.135,4.795
17771,2.34,7.059,4.719
17772,2.31,7.135,4.825
17773,2.91,7.059,4.149
17774,2.07,7.046,4.976
17775,2.48,6.835,4.355
17776,2.62,6.941,4.321
17777,2.26,6.835,4.575
17778,2.41,6.835,4.425
17779,2.46,6.835,4.375
17780,2.38,6.835,4.455
17781,2.23,6.941,4.711
17782,2.32,6.835,4.515
17783,2.72,6.906,4.186
17784,2.13,6.903,4.773
17785,2.32,7.008,4.688
17786,2.29,6.903,4.613
17787,2.53,7.039,4.509
17788,2.47,7.01,4.54
17789,2.63,6.997,4.367
17790,2.11,6.889,4.779
17791,2.55,6.767,4.217
17792,2.48,6.858,4.378
17793,2.56,6.899,4.339
17794,2.31,6.869,4.559
17795,2.4,6.858,4.458
17796,2.38,6.87,4.49
17797,2.31,6.869,4.559
17798,2.33,6.889,4.559
17799,2.25,6.945,4.695
17800,2.41,6.889,4.479
17801,2.21,6.87,4.66
17802,2.41,6.945,4.535
17803,2.15,6.87,4.72
17804,2.43,6.94,4.51
17805,2.28,7.057,4.777
17806,2.64,7.057,4.417
17807,2.2,6.996,4.796
17808,2.24,6.996,4.756
17809,1.7,7.01,5.31
17810,2.37,7.01,4.64
17811,2.19,7.004,4.814
17812,2.17,7.057,4.887
17813,2.37,7.051,4.681
17814,2.54,7.096,4.556
17815,2.28,7.109,4.829
17816,2.45,7.096,4.646
17817,2.47,7.109,4.639
17818,2.44,7.109,4.669
17819,2.57,6.724,4.154
17820,2.4,6.737,4.337
17821,2.48,7.096,4.616
17822,2.19,7.09,4.9
17823,1.99,7.09,5.1
17824,2.05,6.724,4.674
17825,1.99,6.724,4.734
17826,1.79,6.737,4.947
17827,1.88,6.724,4.844
17828,1.81,6.755,4.945
17829,1.84,6.724,4.884
17830,1.78,7.096,5.316
17831,1.84,7.109,5.269
17832,1.73,7.109,5.379
17833,1.7,7.109,5.409
17834,1.61,7.051,5.441
17835,1.64,7.004,5.364
17836,1.57,7.004,5.434
17837,1.43,6.934,5.504
17838,1.48,6.95,5.47
17839,1.66,6.855,5.195
17840,1.53,6.624,5.094
17841,1.93,6.699,4.769
17842,2.0,6.73,4.73
17843,2.11,6.804,4.694
17844,1.79,6.759,4.969
17845,2.29,6.804,4.514
17846,2.04,7.039,4.999
17847,2.12,7.059,4.939
17848,2.95,7.256,4.306
17849,1.58,7.345,5.765
17850,2.36,7.803,5.443
17851,2.52,7.898,5.378
17852,2.04,7.91,5.87
17853,2.83,8.22,5.39
17854,3.19,8.067,4.877
17855,2.49,7.59,5.1
17856,2.22,7.997,5.777
17857,2.8,7.531,4.731
17858,2.69,7.897,5.207
17859,3.34,7.888,4.548
17860,2.86,7.804,4.944
17861,2.9,7.725,4.825
17862,3.12,7.834,4.714
17863,3.74,7.862,4.122
17864,2.98,7.891,4.911
17865,3.25,7.809,4.559
17866,5.23,7.86,2.63
17867,2.89,7.855,4.965
17868,2.8,7.815,5.015
17869,2.74,7.77,5.03
17870,2.25,7.29,5.04
17871,2.28,7.202,4.922
17872,2.38,7.177,4.797
17873,2.38,7.418,5.038
17874,2.45,7.421,4.971
17875,2.17,7.253,5.083
17876,2.13,7.256,5.126
17877,2.37,7.253,4.883
17878,2.77,7.394,4.624
17879,2.23,6.997,4.767
17880,2.6,7.029,4.429
17881,2.42,7.086,4.666
17882,2.27,7.086,4.816
17883,2.62,7.175,4.555
17884,2.1,7.063,4.963
17885,2.2,7.115,4.915
17886,2.66,7.115,4.455
17887,2.21,7.115,4.905
17888,2.12,7.119,4.999
17889,2.03,7.107,5.077
17890,2.33,7.09,4.76
17891,2.7,7.074,4.374
17892,2.41,6.753,4.343
17893,2.17,6.649,4.479
17894,2.08,6.714,4.634
17895,2.24,6.714,4.474
17896,2.47,6.549,4.079
17897,2.47,6.54,4.07
17898,2.06,6.54,4.48
17899,2.16,5.489,3.329
17900,1.94,5.489,3.549
17901,1.85,5.45,3.6
17902,2.15,4.534,2.384
17903,2.14,4.534,2.394
17904,1.98,4.468,2.488
17905,1.87,3.7,1.83
17906,1.79,3.7,1.91
17907,1.86,3.73,1.87
17908,1.82,3.697,1.877
17909,2.25,3.7,1.45
17910,1.75,3.697,1.947
17911,1.89,3.697,1.807
17912,2.17,3.701,1.531
17913,1.93,3.705,1.775
17914,2.16,3.705,1.545
17915,2.39,4.43,2.04
17916,2.32,4.431,2.111
17917,2.5,5.176,2.676
17918,2.22,5.176,2.956
17919,2.02,4.435,2.415
17920,1.9,3.691,1.791
17921,1.96,4.43,2.47
17922,1.92,4.435,2.515
17923,2.27,5.112,2.842
17924,1.97,5.914,3.944
17925,2.38,6.013,3.633
17926,2.07,6.013,3.943
17927,1.71,6.013,4.303
17928,1.67,6.147,4.477
17929,1.52,6.185,4.665
17930,1.63,6.534,4.904
17931,1.65,6.996,5.346
17932,1.75,7.067,5.317
17933,1.42,7.117,5.697
17934,2.01,7.117,5.107
17935,1.57,7.119,5.549
17936,2.05,7.119,5.069
17937,2.26,7.119,4.859
17938,2.05,7.115,5.065
17939,2.16,7.117,4.957
17940,1.57,7.064,5.494
17941,2.07,7.064,4.994
17942,2.12,7.118,4.998
17943,2.48,7.2,4.72
17944,3.04,7.2,4.16
17945,1.8,7.19,5.39
17946,1.98,7.19,5.21
17947,2.05,7.118,5.068
17948,1.73,7.013,5.283
17949,2.71,6.966,4.256
17950,2.09,6.744,4.654
17951,2.21,7.332,5.122
17952,2.59,7.91,5.32
17953,3.36,8.14,4.78
17954,3.32,7.795,4.475
17955,3.73,8.444,4.714
17956,3.08,7.779,4.699
17957,2.34,7.814,5.474
17958,3.11,7.681,4.571
17959,2.8,7.509,4.709
17960,3.06,7.554,4.494
17961,2.69,7.112,4.422
17962,2.83,7.018,4.188
17963,2.81,6.694,3.884
17964,2.72,6.694,3.974
17965,2.14,6.517,4.377
17966,2.67,6.478,3.808
17967,2.68,6.478,3.798
17968,2.65,6.517,3.867
17969,2.52,6.489,3.969
17970,2.31,6.517,4.207
17971,2.5,6.147,3.647
17972,2.35,6.417,4.067
17973,2.33,6.457,4.127
17974,2.3,6.478,4.178
17975,2.46,6.478,4.018
17976,2.0,6.468,4.468
17977,2.45,6.489,4.039
17978,2.09,6.489,4.399
17979,2.02,6.074,4.054
17980,2.0,6.387,4.387
17981,2.19,6.058,3.868
17982,2.19,5.794,3.604
17983,2.1,5.105,3.005
17984,2.25,5.105,2.855
17985,2.12,5.022,2.902
17986,2.4,4.936,2.536
17987,2.57,5.042,2.472
17988,2.0,4.926,2.926
17989,1.95,4.926,2.976
17990,1.91,4.346,2.436
17991,1.92,4.254,2.334
17992,2.16,4.337,2.177
17993,1.95,4.337,2.387
17994,2.06,3.622,1.562
17995,2.05,3.622,1.572
17996,1.94,3.611,1.671
17997,2.04,3.611,1.571
17998,1.92,3.62,1.7
17999,1.9,3.62,1.72
18000,1.89,3.62,1.73
18001,2.09,3.611,1.521
18002,2.02,3.611,1.591
18003,2.03,3.621,1.591
18004,1.88,3.621,1.741
18005,2.0,3.653,1.653
18006,2.28,3.633,1.353
18007,2.17,3.615,1.445
18008,1.75,3.615,1.865
18009,2.29,3.856,1.566
18010,2.13,3.856,1.726
18011,2.04,3.531,1.491
18012,1.94,3.6,1.66
18013,2.0,3.6,1.6
18014,1.78,3.856,2.076
18015,2.17,3.856,1.686
18016,1.97,3.856,1.886
18017,1.69,3.856,2.166
18018,1.8,3.862,2.062
18019,1.53,3.862,2.332
18020,1.54,3.862,2.322
18021,1.45,3.856,2.406
18022,1.3,3.856,2.556
18023,1.55,3.856,2.306
18024,1.45,3.856,2.406
18025,1.73,3.598,1.868
18026,1.12,3.529,2.409
18027,1.41,4.254,2.844
18028,1.41,4.262,2.852
18029,1.28,4.337,3.057
18030,1.25,4.926,3.676
18031,1.85,5.105,3.255
18032,1.59,5.105,3.515
18033,1.98,6.013,4.033
18034,1.64,6.235,4.595
18035,1.55,6.646,5.096
18036,1.47,6.185,4.715
18037,1.56,5.641,4.081
18038,1.77,4.853,3.083
18039,1.75,4.863,3.113
18040,1.09,4.2,3.11
18041,1.54,4.2,2.66
18042,1.83,4.853,3.023
18043,1.72,6.147,4.427
18044,1.82,6.872,5.052
18045,1.45,6.872,5.422
18046,1.72,5.985,4.265
18047,1.74,5.985,4.245
18048,1.68,5.863,4.183
18049,2.16,6.147,3.987
18050,1.94,6.147,4.207
18051,2.57,6.074,3.504
18052,2.2,6.022,3.822
18053,2.46,5.042,2.582
18054,2.42,5.771,3.351
18055,2.45,5.652,3.202
18056,2.06,5.641,3.581
18057,2.07,5.641,3.571
18058,1.86,5.795,3.935
18059,2.33,5.795,3.465
18060,2.12,5.795,3.675
18061,2.06,5.795,3.735
18062,1.66,5.795,4.135
18063,1.8,5.795,3.995
18064,1.89,5.795,3.905
18065,2.51,5.795,3.285
18066,2.34,5.832,3.492
18067,2.3,5.795,3.495
18068,2.62,5.795,3.175
18069,2.24,5.832,3.592
18070,2.24,5.677,3.437
18071,2.08,5.677,3.597
18072,2.07,5.676,3.606
18073,2.33,4.801,2.471
18074,2.25,4.703,2.453
18075,2.09,4.916,2.826
18076,2.16,4.903,2.743
18077,2.16,4.916,2.756
18078,2.41,4.916,2.506
18079,1.94,4.462,2.522
18080,2.29,3.856,1.566
18081,2.27,3.856,1.586
18082,2.21,3.856,1.646
18083,2.17,3.87,1.7
18084,2.17,3.87,1.7
18085,2.18,3.87,1.69
18086,2.24,3.87,1.63
18087,2.2,3.856,1.656
18088,2.05,3.957,1.907
18089,1.58,3.964,2.384
18090,2.1,3.862,1.762
18091,2.4,3.944,1.544
18092,1.98,3.915,1.935
18093,1.97,3.963,1.993
18094,2.02,3.936,1.916
18095,2.08,3.955,1.875
18096,1.94,3.955,2.015
18097,2.15,3.947,1.797
18098,2.01,3.912,1.902
18099,1.85,3.912,2.062
18100,2.27,3.912,1.642
18101,2.1,3.912,1.812
18102,2.05,3.912,1.862
18103,1.8,3.912,2.112
18104,2.3,3.912,1.612
18105,2.06,3.947,1.887
18106,1.98,3.912,1.932
18107,1.8,3.958,2.158
18108,2.17,3.949,1.779
18109,2.28,3.954,1.674
18110,1.69,3.949,2.259
18111,1.88,3.954,2.074
18112,1.6,3.949,2.349
18113,1.78,3.949,2.169
18114,1.84,3.954,2.114
18115,1.65,3.949,2.299
18116,1.44,3.949,2.509
18117,1.64,3.966,2.326
18118,1.78,3.947,2.167
18119,1.62,3.947,2.327
18120,1.76,3.914,2.154
18121,1.64,3.937,2.297
18122,1.2,3.917,2.717
18123,1.57,3.956,2.386
18124,1.71,3.917,2.207
18125,1.63,3.958,2.328
18126,1.85,3.869,2.019
18127,1.9,3.856,1.956
18128,1.82,4.464,2.644
18129,1.94,4.801,2.861
18130,1.58,5.677,4.097
18131,1.82,5.689,3.869
18132,1.76,4.916,3.156
18133,1.93,4.916,2.986
18134,1.85,3.855,2.005
18135,2.15,3.876,1.726
18136,1.75,3.87,2.12
18137,1.55,3.87,2.32
18138,1.6,3.87,2.27
18139,1.8,3.869,2.069
18140,1.95,3.957,2.007
18141,1.92,3.944,2.024
18142,2.03,3.905,1.875
18143,2.14,3.905,1.765
18144,1.92,3.971,2.051
18145,2.05,3.971,1.921
18146,2.38,3.971,1.591
18147,1.99,3.968,1.978
18148,1.74,3.741,2.001
18149,1.92,3.688,1.768
18150,1.81,3.69,1.88
18151,1.72,3.69,1.97
18152,1.84,3.69,1.85
18153,1.54,3.693,2.153
18154,2.05,3.693,1.643
18155,1.96,3.69,1.73
18156,1.81,3.69,1.88
18157,2.11,3.69,1.58
18158,2.01,4.16,2.15
18159,1.74,4.16,2.42
18160,1.9,4.16,2.26
18161,1.54,4.06,2.52
18162,1.81,4.06,2.25
18163,1.89,4.188,2.298
18164,2.02,4.188,2.168
18165,1.77,4.188,2.418
18166,1.42,4.189,2.769
18167,1.66,4.211,2.551
18168,1.43,4.211,2.781
18169,1.96,4.292,2.332
18170,2.1,4.292,2.192
18171,1.8,4.292,2.492
18172,1.56,4.354,2.794
18173,1.66,4.296,2.636
18174,1.67,4.332,2.662
18175,1.93,4.295,2.365
18176,1.47,4.281,2.811
18177,2.19,4.322,2.132
18178,1.0,4.295,3.295
18179,1.97,4.322,2.352
18180,2.57,4.322,1.752
18181,1.83,4.322,2.492
18182,1.6,4.322,2.722
18183,1.43,4.322,2.892
18184,1.86,4.322,2.462
18185,1.81,4.322,2.512
18186,2.55,4.318,1.768
18187,1.81,4.318,2.508
18188,1.8,4.318,2.518
18189,1.61,4.318,2.708
18190,1.59,4.342,2.752
18191,1.63,4.318,2.688
18192,1.78,4.342,2.562
18193,1.75,4.342,2.592
18194,1.57,4.331,2.761
18195,1.68,4.35,2.67
18196,1.31,4.307,2.997
18197,1.71,4.307,2.597
18198,1.66,4.309,2.649
18199,1.8,4.309,2.509
18200,1.35,4.309,2.959
18201,1.97,4.307,2.337
18202,1.81,4.328,2.518
18203,1.95,4.328,2.378
18204,1.89,4.328,2.438
18205,1.84,4.307,2.467
18206,1.71,4.306,2.596
18207,2.14,4.306,2.166
18208,1.84,4.328,2.488
18209,2.1,4.329,2.229
18210,1.82,4.312,2.492
18211,1.54,4.316,2.776
18212,1.55,4.329,2.779
18213,1.74,4.335,2.595
18214,1.76,4.211,2.451
18215,1.6,4.329,2.729
18216,2.09,4.329,2.239
18217,1.53,4.329,2.799
18218,1.93,4.233,2.303
18219,1.92,4.239,2.319
18220,1.83,4.22,2.39
18221,1.49,4.22,2.73
18222,1.62,4.22,2.6
18223,1.65,4.219,2.569
18224,1.58,4.22,2.64
18225,1.56,4.265,2.705
18226,1.85,4.214,2.364
18227,1.77,4.233,2.463
18228,1.54,4.26,2.72
18229,1.66,4.215,2.555
18230,1.58,4.214,2.634
18231,1.6,4.214,2.614
18232,1.72,4.214,2.494
18233,1.68,4.22,2.54
18234,1.61,4.214,2.604
18235,1.91,4.214,2.304
18236,1.56,4.326,2.766
18237,1.9,4.214,2.314
18238,1.73,4.219,2.489
18239,1.82,4.313,2.493
18240,1.61,4.326,2.716
18241,2.0,4.22,2.22
18242,1.82,4.22,2.4
18243,1.67,4.307,2.637
18244,1.84,4.194,2.354
18245,1.76,4.22,2.46
18246,1.73,4.194,2.464
18247,1.73,4.137,2.407
18248,1.91,4.22,2.31
18249,1.72,4.22,2.5
18250,1.81,4.137,2.327
18251,1.55,4.194,2.644
18252,1.88,4.137,2.257
18253,1.76,4.194,2.434
18254,1.69,4.139,2.449
18255,1.67,4.139,2.469
18256,1.51,4.139,2.629
18257,1.72,4.05,2.33
18258,1.65,4.139,2.489
18259,1.75,4.139,2.389
18260,1.65,4.043,2.393
18261,1.67,4.073,2.403
18262,1.98,4.066,2.086
18263,1.65,4.045,2.395
18264,1.85,4.042,2.192
18265,1.6,4.042,2.442
18266,1.7,4.065,2.365
18267,1.77,4.043,2.273
18268,1.73,4.045,2.315
18269,2.12,4.042,1.922
18270,2.07,4.044,1.974
18271,1.55,4.07,2.52
18272,1.68,4.045,2.365
18273,1.63,4.139,2.509
18274,1.59,4.07,2.48
18275,1.66,4.139,2.479
18276,1.41,4.129,2.719
18277,1.75,4.137,2.387
18278,1.59,4.139,2.549
18279,1.7,4.13,2.43
18280,1.63,4.179,2.549
18281,1.56,4.13,2.57
18282,1.97,4.13,2.16
18283,1.48,4.139,2.659
18284,1.39,4.195,2.805
18285,1.75,4.148,2.398
18286,1.51,4.13,2.62
18287,1.61,4.146,2.536
18288,1.67,4.195,2.525
18289,2.01,4.148,2.138
18290,1.52,4.181,2.661
18291,1.54,4.146,2.606
18292,1.5,4.183,2.683
18293,1.55,4.234,2.684
18294,2.14,4.199,2.059
18295,1.52,4.202,2.682
18296,1.4,4.187,2.787
18297,1.75,4.199,2.449
18298,1.8,4.202,2.402
18299,2.03,4.238,2.208
18300,1.74,4.238,2.498
18301,1.86,4.238,2.378
18302,2.06,4.238,2.178
18303,1.79,4.151,2.361
18304,1.79,4.147,2.357
18305,1.56,4.146,2.586
18306,1.9,4.146,2.246
18307,1.15,4.147,2.997
18308,1.66,4.234,2.574
18309,1.43,4.186,2.756
18310,1.55,4.186,2.636
18311,1.82,4.109,2.289
18312,1.39,4.144,2.754
18313,1.36,4.106,2.746
18314,1.62,4.006,2.386
18315,1.69,4.006,2.316
18316,1.54,4.177,2.637
18317,1.37,4.02,2.65
18318,1.71,4.02,2.31
18319,1.34,4.141,2.801
18320,1.41,4.581,3.171
18321,1.33,4.656,3.326
18322,1.39,4.581,3.191
18323,1.53,4.581,3.051
18324,1.7,4.497,2.797
18325,1.55,4.467,2.917
18326,1.4,4.02,2.62
18327,1.6,4.467,2.867
18328,1.63,5.086,3.456
18329,1.46,5.07,3.61
18330,1.62,5.07,3.45
18331,1.61,5.07,3.46
18332,1.75,4.011,2.261
18333,1.73,4.505,2.775
18334,1.81,4.624,2.814
18335,2.41,3.976,1.566
18336,1.94,4.179,2.239
18337,1.95,3.969,2.019
18338,1.61,3.969,2.359
18339,2.01,4.008,1.998
18340,1.75,4.008,2.258
18341,1.79,4.147,2.357
18342,1.56,4.164,2.604
18343,2.11,4.2,2.09
18344,1.53,4.163,2.633
18345,1.74,4.199,2.459
18346,1.92,4.2,2.28
18347,1.68,4.233,2.553
18348,1.84,4.141,2.301
18349,2.31,4.141,1.831
18350,1.85,4.144,2.294
18351,1.66,4.186,2.526
18352,1.89,4.135,2.245
18353,1.64,4.147,2.507
18354,1.93,4.155,2.225
18355,1.71,4.155,2.445
18356,1.66,4.202,2.542
18357,1.41,4.202,2.792
18358,1.72,4.248,2.528
18359,1.14,4.191,3.051
18360,1.88,4.236,2.356
18361,1.86,4.236,2.376
18362,1.57,4.157,2.587
18363,1.67,4.154,2.484
18364,1.79,4.155,2.365
18365,1.61,4.153,2.543
18366,1.51,4.153,2.643
18367,1.77,4.153,2.383
18368,2.25,4.284,2.034
18369,2.0,4.324,2.324
18370,1.62,4.287,2.667
18371,1.98,4.287,2.307
18372,1.69,4.3,2.61
18373,1.47,4.3,2.83
18374,1.72,4.3,2.58
18375,1.67,4.327,2.657
18376,1.54,4.327,2.787
18377,1.27,4.34,3.07
18378,1.43,4.327,2.897
18379,2.39,4.287,1.897
18380,1.65,4.327,2.677
18381,1.99,4.287,2.297
18382,2.23,4.287,2.057
18383,1.68,4.34,2.66
18384,1.73,4.327,2.597
18385,2.23,4.327,2.097
18386,2.13,4.327,2.197
18387,1.81,4.34,2.53
18388,1.77,4.34,2.57
18389,1.52,4.34,2.82
18390,1.71,4.34,2.63
18391,1.9,4.397,2.497
18392,1.76,4.391,2.631
18393,1.65,4.391,2.741
18394,1.93,4.336,2.406
18395,2.86,4.336,1.476
18396,2.02,4.391,2.371
18397,1.98,4.487,2.507
18398,1.79,4.392,2.602
18399,1.87,4.504,2.634
18400,1.73,4.462,2.732
18401,2.03,4.487,2.457
18402,1.38,4.506,3.126
18403,1.51,4.446,2.936
18404,1.58,4.448,2.868
18405,1.44,4.352,2.912
18406,1.62,4.352,2.732
18407,1.59,4.352,2.762
18408,1.28,4.278,2.998
18409,1.58,4.159,2.579
18410,1.48,4.2,2.72
18411,1.34,4.009,2.669
18412,1.32,4.01,2.69
18413,1.37,4.467,3.097
18414,1.56,5.086,3.526
18415,1.55,5.124,3.574
18416,1.46,5.796,4.336
18417,2.17,5.78,3.61
18418,1.93,5.935,4.005
18419,2.01,6.226,4.216
18420,2.37,6.224,3.854
18421,2.07,6.233,4.163
18422,2.18,6.25,4.07
18423,2.21,6.25,4.04
18424,1.9,6.22,4.32
18425,1.84,6.12,4.28
18426,1.63,6.166,4.536
18427,1.76,6.292,4.532
18428,1.86,6.292,4.432
18429,2.01,6.191,4.181
18430,2.11,6.245,4.135
18431,2.02,6.347,4.327
18432,2.11,6.202,4.092
18433,2.58,6.265,3.685
18434,2.72,6.399,3.679
18435,2.36,6.273,3.913
18436,2.52,6.244,3.724
18437,1.86,6.233,4.373
18438,2.56,6.235,3.675
18439,2.29,6.235,3.945
18440,2.09,6.235,4.145
18441,1.98,6.355,4.375
18442,2.21,5.94,3.73
18443,2.06,5.927,3.867
18444,2.17,5.927,3.757
18445,2.64,6.289,3.649
18446,2.4,6.307,3.907
18447,2.08,6.113,4.033
18448,2.06,6.113,4.053
18449,1.89,6.328,4.438
18450,2.2,6.444,4.244
18451,2.21,5.957,3.747
18452,2.08,5.957,3.877
18453,1.95,5.898,3.948
18454,1.96,5.768,3.808
18455,2.29,5.768,3.478
18456,2.17,6.015,3.845
18457,2.18,5.456,3.276
18458,2.15,4.865,2.715
18459,2.01,4.128,2.118
18460,1.84,4.253,2.413
18461,1.88,4.253,2.373
18462,1.98,4.407,2.427
18463,2.2,4.399,2.199
18464,2.0,4.399,2.399
18465,1.89,4.385,2.495
18466,2.38,5.315,2.935
18467,2.43,4.478,2.048
18468,2.05,4.48,2.43
18469,1.97,4.5,2.53
18470,2.17,4.7,2.53
18471,2.14,4.48,2.34
18472,2.02,4.484,2.464
18473,1.83,4.695,2.865
18474,2.1,4.481,2.381
18475,2.24,4.481,2.241
18476,1.83,4.696,2.866
18477,1.84,4.753,2.913
18478,2.2,4.695,2.495
18479,2.08,4.782,2.702
18480,1.8,4.662,2.862
18481,1.64,4.917,3.277
18482,1.91,4.662,2.752
18483,1.98,4.759,2.779
18484,2.09,4.917,2.827
18485,2.06,4.917,2.857
18486,1.68,4.759,3.079
18487,1.96,4.917,2.957
18488,2.1,4.917,2.817
18489,1.92,4.792,2.872
18490,2.35,4.804,2.454
18491,2.19,4.995,2.805
18492,2.82,5.057,2.237
18493,2.01,4.685,2.675
18494,2.42,4.804,2.384
18495,1.84,4.803,2.963
18496,1.88,4.764,2.884
18497,1.8,4.804,3.004
18498,1.75,4.804,3.054
18499,1.38,4.616,3.236
18500,1.86,4.642,2.782
18501,1.48,4.612,3.132
18502,1.7,4.796,3.096
18503,1.55,4.744,3.194
18504,1.53,4.744,3.214
18505,1.67,5.267,3.597
18506,2.18,5.483,3.303
18507,1.7,5.578,3.878
18508,2.06,6.185,4.125
18509,2.01,6.119,4.109
18510,2.05,5.939,3.889
18511,1.75,5.959,4.209
18512,2.03,6.444,4.414
18513,2.29,6.453,4.163
18514,2.21,6.373,4.163
18515,2.52,6.122,3.602
18516,2.87,6.233,3.363
18517,1.98,6.399,4.419
18518,2.28,6.409,4.129
18519,2.23,6.25,4.02
18520,2.47,6.307,3.837
18521,2.98,6.636,3.656
18522,2.29,6.701,4.411
18523,2.52,6.8,4.28
18524,2.53,6.636,4.106
18525,2.56,6.822,4.262
18526,2.55,6.688,4.138
18527,2.77,6.192,3.422
18528,2.38,6.288,3.908
18529,2.57,6.573,4.003
18530,2.84,6.694,3.854
18531,2.67,6.722,4.052
18532,3.06,7.319,4.259
18533,3.19,7.283,4.093
18534,2.58,7.384,4.804
18535,2.37,6.835,4.465
18536,2.85,7.264,4.414
18537,3.5,6.84,3.34
18538,2.69,6.887,4.197
18539,2.58,6.778,4.198
18540,1.98,6.722,4.742
18541,2.27,6.617,4.347
18542,1.94,6.455,4.515
18543,2.92,6.612,3.692
18544,2.08,6.663,4.583
18545,1.92,6.636,4.716
18546,2.13,6.516,4.386
18547,1.93,6.412,4.482
18548,2.18,6.341,4.161
18549,2.5,6.106,3.606
18550,1.9,6.254,4.354
18551,1.66,6.112,4.452
18552,1.93,6.254,4.324
18553,1.79,6.375,4.585
18554,1.87,6.112,4.242
18555,1.71,6.281,4.571
18556,2.31,6.281,3.971
18557,2.26,6.211,3.951
18558,2.12,6.211,4.091
18559,2.03,6.211,4.181
18560,2.03,6.334,4.304
18561,1.95,6.257,4.307
18562,1.85,6.257,4.407
18563,1.94,6.257,4.317
18564,1.99,6.257,4.267
18565,2.1,6.203,4.103
18566,1.82,5.935,4.115
18567,1.93,6.031,4.101
18568,2.19,5.935,3.745
18569,1.67,6.113,4.443
18570,1.85,6.203,4.353
18571,1.42,5.647,4.227
18572,2.01,5.647,3.637
18573,1.6,5.465,3.865
18574,1.45,5.245,3.795
18575,2.22,5.245,3.025
18576,1.85,5.545,3.695
18577,2.35,4.483,2.133
18578,2.22,5.248,3.028
18579,1.56,4.574,3.014
18580,1.83,4.564,2.734
18581,1.89,4.564,2.674
18582,2.26,4.732,2.472
18583,1.94,4.726,2.786
18584,2.28,4.726,2.446
18585,2.98,4.786,1.806
18586,2.34,4.885,2.545
18587,2.05,4.885,2.835
18588,2.6,4.642,2.042
18589,1.56,4.885,3.325
18590,2.69,4.689,1.999
18591,2.22,5.061,2.841
18592,1.87,4.612,2.742
18593,1.79,4.612,2.822
18594,1.83,4.606,2.776
18595,1.71,5.153,3.443
18596,1.75,5.151,3.401
18597,1.96,5.124,3.164
18598,1.89,5.204,3.314
18599,1.76,5.204,3.444
18600,1.83,5.367,3.537
18601,1.84,5.492,3.652
18602,1.57,5.764,4.194
18603,1.75,5.754,4.004
18604,1.98,5.827,3.847
18605,2.1,6.07,3.97
18606,2.29,6.008,3.718
18607,2.29,6.334,4.044
18608,1.93,6.378,4.448
18609,1.73,6.412,4.682
18610,2.31,6.954,4.644
18611,1.95,6.694,4.744
18612,2.04,7.403,5.363
18613,2.2,6.863,4.663
18614,2.18,6.861,4.681
18615,2.59,7.288,4.698
18616,2.82,7.426,4.606
18617,2.33,7.383,5.053
18618,2.77,7.411,4.641
18619,2.88,7.584,4.704
18620,2.26,7.605,5.345
18621,2.69,7.435,4.745
18622,2.62,7.584,4.964
18623,2.58,7.481,4.901
18624,2.27,7.327,5.057
18625,2.38,7.419,5.039
18626,2.49,7.327,4.837
18627,2.73,6.971,4.241
18628,2.86,6.976,4.116
18629,2.91,6.781,3.871
18630,2.57,6.781,4.211
18631,2.61,6.751,4.141
18632,2.73,6.268,3.538
18633,3.31,6.268,2.958
18634,1.9,6.122,4.222
18635,2.49,6.268,3.778
18636,2.59,6.004,3.414
18637,2.23,5.977,3.747
18638,2.22,5.975,3.755
18639,2.17,5.839,3.669
18640,2.93,5.843,2.913
18641,2.15,5.839,3.689
18642,2.22,5.847,3.627
18643,2.14,5.847,3.707
18644,1.97,5.847,3.877
18645,1.23,5.847,4.617
18646,2.43,5.827,3.397
18647,2.01,5.837,3.827
18648,1.87,5.861,3.991
18649,2.04,5.861,3.821
18650,2.08,5.861,3.781
18651,2.21,5.524,3.314
18652,1.99,5.524,3.534
18653,1.94,5.537,3.597
18654,2.07,5.537,3.467
18655,2.0,5.594,3.594
18656,1.95,5.594,3.644
18657,1.92,5.594,3.674
18658,2.37,5.594,3.224
18659,2.14,5.594,3.454
18660,2.24,5.594,3.354
18661,2.07,5.6,3.53
18662,2.13,5.307,3.177
18663,1.76,5.222,3.462
18664,1.86,5.222,3.362
18665,2.23,5.222,2.992
18666,2.2,5.222,3.022
18667,2.19,5.222,3.032
18668,2.02,5.213,3.193
18669,1.54,5.221,3.681
18670,2.03,4.631,2.601
18671,1.5,4.631,3.131
18672,2.1,4.627,2.527
18673,2.04,4.478,2.438
18674,1.9,4.549,2.649
18675,1.65,4.648,2.998
18676,1.76,4.549,2.789
18677,1.99,4.478,2.488
18678,2.11,4.512,2.402
18679,2.24,4.508,2.268
18680,1.98,4.74,2.76
18681,2.01,4.74,2.73
18682,2.67,4.841,2.171
18683,2.04,4.829,2.789
18684,2.03,4.841,2.811
18685,1.97,4.725,2.755
18686,2.34,4.846,2.506
18687,2.0,4.846,2.846
18688,2.49,4.846,2.356
18689,1.74,4.85,3.11
18690,1.54,4.56,3.02
18691,1.66,5.101,3.441
18692,1.57,5.099,3.529
18693,1.77,5.192,3.422
18694,1.64,5.185,3.545
18695,1.69,5.525,3.835
18696,1.73,5.732,4.002
18697,2.3,5.671,3.371
18698,1.54,5.795,4.255
18699,1.78,5.776,3.996
18700,1.66,5.794,4.134
18701,1.4,5.847,4.447
18702,1.55,5.847,4.297
18703,1.57,5.975,4.405
18704,1.51,5.839,4.329
18705,1.61,5.794,4.184
18706,1.76,5.885,4.125
18707,1.67,6.022,4.352
18708,1.61,6.022,4.412
18709,1.48,6.022,4.542
18710,1.5,6.022,4.522
18711,1.59,6.022,4.432
18712,1.81,6.14,4.33
18713,1.63,6.14,4.51
18714,1.79,6.334,4.544
18715,1.89,6.288,4.398
18716,1.73,6.265,4.535
18717,1.83,6.122,4.292
18718,1.85,6.004,4.154
18719,1.93,5.977,4.047
18720,2.06,5.885,3.825
18721,2.57,5.839,3.269
18722,2.25,5.885,3.635
18723,2.34,5.839,3.499
18724,2.27,5.839,3.569
18725,2.08,5.794,3.714
18726,2.15,5.857,3.707
18727,2.51,5.88,3.37
18728,2.08,5.857,3.777
18729,2.08,5.861,3.781
18730,2.03,5.861,3.831
18731,1.92,5.665,3.745
18732,1.81,5.594,3.784
18733,2.12,5.6,3.48
18734,1.97,5.6,3.63
18735,2.19,5.651,3.461
18736,1.89,5.651,3.761
18737,1.78,5.513,3.733
18738,2.16,5.513,3.353
18739,2.28,5.651,3.371
18740,2.08,5.513,3.433
18741,1.88,5.513,3.633
18742,2.41,5.653,3.243
18743,1.85,5.673,3.823
18744,2.02,5.672,3.652
18745,2.01,5.559,3.549
18746,2.05,5.552,3.502
18747,2.09,5.673,3.583
18748,1.92,5.631,3.711
18749,2.29,5.631,3.341
18750,2.11,5.631,3.521
18751,2.03,5.677,3.647
18752,2.12,5.669,3.549
18753,2.25,5.661,3.411
18754,1.95,5.669,3.719
18755,1.96,5.669,3.709
18756,1.85,5.565,3.715
18757,2.03,5.567,3.537
18758,1.98,5.194,3.214
18759,2.06,5.194,3.134
18760,1.91,5.194,3.284
18761,2.32,5.194,2.874
18762,2.11,5.091,2.981
18763,1.85,5.093,3.243
18764,1.92,5.099,3.179
18765,2.19,5.084,2.894
18766,2.28,5.084,2.804
18767,2.27,5.084,2.814
18768,2.13,5.083,2.953
18769,2.26,4.578,2.318
18770,2.2,5.067,2.867
18771,2.11,5.059,2.949
18772,2.09,5.065,2.975
18773,2.53,4.649,2.119
18774,2.11,4.636,2.526
18775,1.8,4.649,2.849
18776,2.13,4.64,2.51
18777,2.38,4.638,2.258
18778,1.97,4.671,2.701
18779,1.96,4.636,2.676
18780,1.81,4.685,2.875
18781,1.68,4.703,3.023
18782,1.75,4.642,2.892
18783,1.83,4.5,2.67
18784,1.81,4.5,2.69
18785,1.53,4.5,2.97
18786,1.96,4.694,2.734
18787,1.68,4.694,3.014
18788,1.63,5.047,3.417
18789,1.43,5.047,3.617
18790,1.42,5.237,3.817
18791,1.74,5.237,3.497
18792,1.71,5.633,3.923
18793,1.94,5.633,3.693
18794,1.46,5.546,4.086
18795,1.67,5.683,4.013
18796,1.9,5.716,3.816
18797,1.29,5.694,4.404
18798,1.82,5.839,4.019
18799,1.63,5.787,4.157
18800,1.58,5.774,4.194
18801,1.75,5.805,4.055
18802,2.35,5.787,3.437
18803,2.16,5.787,3.627
18804,2.87,6.149,3.279
18805,2.19,5.951,3.761
18806,2.7,6.149,3.449
18807,2.22,6.519,4.299
18808,2.29,6.653,4.363
18809,2.09,6.691,4.601
18810,2.24,6.748,4.508
18811,1.65,6.748,5.098
18812,2.47,6.661,4.191
18813,2.26,6.661,4.401
18814,2.18,6.747,4.567
18815,2.41,6.336,3.926
18816,2.68,6.336,3.656
18817,1.77,6.247,4.477
18818,2.37,6.148,3.778
18819,1.58,5.911,4.331
18820,2.39,5.762,3.372
18821,1.88,5.726,3.846
18822,2.35,5.794,3.444
18823,2.06,5.852,3.792
18824,2.12,5.829,3.709
18825,1.38,5.787,4.407
18826,2.03,5.804,3.774
18827,2.07,5.839,3.769
18828,1.91,5.905,3.995
18829,1.93,5.978,4.048
18830,2.03,5.959,3.929
18831,1.6,5.894,4.294
18832,2.28,5.978,3.698
18833,1.82,5.981,4.161
18834,1.98,5.985,4.005
18835,2.3,6.029,3.729
18836,2.22,6.029,3.809
18837,2.18,6.029,3.849
18838,2.35,6.022,3.672
18839,2.13,5.858,3.728
18840,2.27,5.808,3.538
18841,2.31,5.812,3.502
18842,3.07,5.918,2.848
18843,2.03,5.915,3.885
18844,2.2,5.897,3.697
18845,2.31,5.892,3.582
18846,3.82,5.892,2.072
18847,2.33,5.724,3.394
18848,2.4,5.665,3.265
18849,2.65,5.665,3.015
18850,2.54,5.671,3.131
18851,2.05,5.671,3.621
18852,2.42,5.592,3.172
18853,2.42,5.526,3.106
18854,2.54,5.577,3.037
18855,2.02,5.526,3.506
18856,1.93,5.555,3.625
18857,2.22,5.555,3.335
18858,1.99,5.597,3.607
18859,2.24,5.608,3.368
18860,1.98,5.792,3.812
18861,2.11,5.597,3.487
18862,2.18,5.668,3.488
18863,2.31,5.668,3.358
18864,1.95,5.716,3.766
18865,1.83,5.201,3.371
18866,1.77,5.668,3.898
18867,2.01,5.716,3.706
18868,1.78,5.201,3.421
18869,1.87,5.01,3.14
18870,2.06,5.13,3.07
18871,1.86,5.13,3.27
18872,2.02,5.031,3.011
18873,2.15,5.482,3.332
18874,2.03,4.954,2.924
18875,1.79,5.027,3.237
18876,2.09,4.959,2.869
18877,1.75,4.891,3.141
18878,2.27,4.959,2.689
18879,1.72,4.957,3.237
18880,1.42,5.025,3.605
18881,1.75,5.027,3.277
18882,1.82,5.027,3.207
18883,1.73,4.954,3.224
18884,2.39,4.954,2.564
18885,1.59,5.414,3.824
18886,1.58,5.125,3.545
18887,1.4,5.125,3.725
18888,1.53,5.009,3.479
18889,1.88,5.009,3.129
18890,1.58,4.597,3.017
18891,1.41,5.009,3.599
18892,1.39,5.125,3.735
18893,1.52,5.222,3.702
18894,1.47,5.18,3.71
18895,1.72,5.668,3.948
18896,1.53,5.176,3.646
18897,1.21,4.998,3.788
18898,1.39,4.998,3.608
18899,1.25,5.47,4.22
18900,1.49,5.49,4.0
18901,1.55,5.416,3.866
18902,1.51,5.851,4.341
18903,1.87,5.733,3.863
18904,1.41,5.771,4.361
18905,2.03,5.666,3.636
18906,1.48,5.666,4.186
18907,1.6,5.761,4.161
18908,1.68,5.667,3.987
18909,1.58,5.66,4.08
18910,1.68,5.742,4.062
18911,1.55,5.715,4.165
18912,1.9,5.715,3.815
18913,2.12,5.75,3.63
18914,1.83,5.475,3.645
18915,1.68,5.409,3.729
18916,1.96,5.445,3.485
18917,1.99,5.475,3.485
18918,2.09,5.445,3.355
18919,1.92,5.445,3.525
18920,1.76,5.724,3.964
18921,1.58,5.367,3.787
18922,2.02,5.605,3.585
18923,1.78,5.605,3.825
18924,1.69,4.97,3.28
18925,1.37,5.069,3.699
18926,1.6,5.093,3.493
18927,1.67,5.093,3.423
18928,2.08,5.391,3.311
18929,2.05,5.296,3.246
18930,2.19,5.292,3.102
18931,1.67,5.292,3.622
18932,1.62,5.175,3.555
18933,1.65,5.327,3.677
18934,1.92,5.371,3.451
18935,2.24,5.386,3.146
18936,2.18,5.694,3.514
18937,1.9,5.327,3.427
18938,1.8,5.082,3.282
18939,1.87,5.347,3.477
18940,1.99,5.347,3.357
18941,1.85,5.268,3.418
18942,2.22,5.347,3.127
18943,2.02,5.268,3.248
18944,1.54,5.268,3.728
18945,2.08,5.007,2.927
18946,2.45,5.082,2.632
18947,2.44,5.176,2.736
18948,2.06,4.977,2.917
18949,1.91,4.977,3.067
18950,2.12,5.02,2.9
18951,2.11,5.105,2.995
18952,1.98,5.105,3.125
18953,2.15,4.977,2.827
18954,1.78,4.94,3.16
18955,1.95,4.733,2.783
18956,1.9,4.893,2.993
18957,1.95,4.893,2.943
18958,2.01,4.788,2.778
18959,2.02,4.788,2.768
18960,2.18,4.789,2.609
18961,1.64,4.722,3.082
18962,1.92,4.772,2.852
18963,1.73,4.895,3.165
18964,1.81,4.895,3.085
18965,2.16,4.895,2.735
18966,1.95,5.184,3.234
18967,1.82,5.432,3.612
18968,1.6,5.498,3.898
18969,2.02,5.433,3.413
18970,1.97,5.502,3.532
18971,1.93,5.502,3.572
18972,1.94,5.476,3.536
18973,1.66,5.425,3.765
18974,1.66,5.426,3.766
18975,1.73,5.518,3.788
18976,1.72,5.427,3.707
18977,1.63,5.426,3.796
18978,1.5,5.426,3.926
18979,3.04,5.418,2.378
18980,2.32,5.427,3.107
18981,1.66,5.477,3.817
18982,2.39,5.476,3.086
18983,1.65,5.391,3.741
18984,1.72,5.391,3.671
18985,1.72,4.188,2.468
18986,1.54,5.183,3.643
18987,1.82,4.112,2.292
18988,1.6,3.405,1.805
18989,1.48,3.406,1.926
18990,1.28,3.406,2.126
18991,1.71,3.406,1.696
18992,1.53,3.406,1.876
18993,1.31,5.08,3.77
18994,1.41,5.014,3.604
18995,1.5,5.014,3.514
18996,1.57,4.982,3.412
18997,1.6,3.4,1.8
18998,1.56,3.4,1.84
18999,1.76,5.521,3.761
19000,2.04,5.451,3.411
19001,1.72,5.451,3.731
19002,1.67,5.462,3.792
19003,1.7,5.462,3.762
19004,2.02,5.426,3.406
19005,1.57,5.418,3.848
19006,1.4,5.537,4.137
19007,1.35,5.537,4.187
19008,1.61,5.516,3.906
19009,1.7,5.537,3.837
19010,1.67,5.547,3.877
19011,1.33,5.547,4.217
19012,1.57,5.547,3.977
19013,1.53,5.514,3.984
19014,1.44,5.514,4.074
19015,1.52,5.558,4.038
19016,1.43,5.514,4.084
19017,1.26,5.514,4.254
19018,1.41,5.514,4.104
19019,1.44,5.518,4.078
19020,1.54,5.514,3.974
19021,1.55,5.518,3.968
19022,1.34,5.518,4.178
19023,1.21,5.527,4.317
19024,1.08,5.518,4.438
19025,1.18,5.527,4.347
19026,1.4,5.527,4.127
19027,1.48,5.547,4.067
19028,1.26,5.012,3.752
19029,1.15,5.196,4.046
19030,1.17,5.282,4.112
19031,1.29,5.012,3.722
19032,1.05,5.012,3.962
19033,1.08,4.969,3.889
19034,1.33,4.969,3.639
19035,1.42,4.953,3.533
19036,1.28,4.973,3.693
19037,1.11,4.969,3.859
19038,1.29,4.969,3.679
19039,1.28,4.973,3.693
19040,1.35,4.969,3.619
19041,1.21,5.051,3.841
19042,1.43,5.047,3.617
19043,1.14,5.051,3.911
19044,1.29,5.047,3.757
19045,1.25,5.016,3.766
19046,1.35,5.047,3.697
19047,1.23,5.059,3.829
19048,1.32,4.972,3.652
19049,1.23,5.016,3.786
19050,1.34,4.998,3.658
19051,1.41,5.016,3.606
19052,1.46,4.891,3.431
19053,1.6,4.891,3.291
19054,1.46,4.998,3.538
19055,1.34,5.02,3.68
19056,1.35,4.892,3.542
19057,1.24,4.813,3.573
19058,1.29,4.813,3.523
19059,1.12,4.891,3.771
19060,1.15,4.813,3.663
19061,1.35,4.813,3.463
19062,1.39,4.813,3.423
19063,1.41,4.813,3.403
19064,1.11,4.814,3.704
19065,1.28,4.866,3.586
19066,1.37,4.813,3.443
19067,1.78,4.826,3.046
19068,1.27,4.864,3.594
19069,1.3,4.864,3.564
19070,1.68,4.819,3.139
19071,1.58,4.813,3.233
19072,1.47,4.814,3.344
19073,1.22,4.813,3.593
19074,1.61,4.819,3.209
19075,1.45,4.98,3.53
19076,1.41,4.846,3.436
19077,1.42,4.848,3.428
19078,1.6,4.982,3.382
19079,1.68,4.982,3.302
19080,1.38,4.982,3.602
19081,1.4,5.032,3.632
19082,1.43,5.032,3.602
19083,1.37,5.149,3.779
19084,0.95,5.149,4.199
19085,1.42,5.139,3.719
19086,2.55,5.139,2.589
19087,1.1,5.142,4.042
19088,1.46,5.149,3.689
19089,1.29,5.149,3.859
19090,1.18,5.149,3.969
19091,1.52,5.149,3.629
19092,1.54,5.118,3.578
19093,1.31,5.111,3.801
19094,1.35,5.151,3.801
19095,1.46,5.152,3.692
19096,1.34,5.097,3.757
19097,1.74,5.103,3.363
19098,1.43,5.103,3.673
19099,1.54,5.158,3.618
19100,1.57,5.139,3.569
19101,1.51,5.163,3.653
19102,1.31,5.063,3.753
19103,1.26,5.063,3.803
19104,1.44,5.064,3.624
19105,1.28,5.064,3.784
19106,1.44,5.064,3.624
19107,1.64,5.064,3.424
19108,1.9,5.064,3.164
19109,1.93,5.049,3.119
19110,1.22,5.029,3.809
19111,1.37,5.049,3.679
19112,1.46,5.01,3.55
19113,1.31,5.047,3.737
19114,1.38,5.027,3.647
19115,1.1,5.02,3.92
19116,1.55,5.01,3.46
19117,1.18,5.034,3.854
19118,1.94,5.027,3.087
19119,1.44,5.027,3.587
19120,1.12,5.029,3.909
19121,1.05,5.141,4.091
19122,1.41,5.133,3.723
19123,1.27,5.141,3.871
19124,1.75,5.141,3.391
19125,1.3,5.141,3.841
19126,1.9,5.133,3.233
19127,1.67,5.146,3.476
19128,1.36,5.139,3.779
19129,1.47,5.131,3.661
19130,1.21,5.088,3.878
19131,1.37,5.138,3.768
19132,1.52,5.138,3.618
19133,1.38,5.131,3.751
19134,1.93,5.081,3.151
19135,1.6,5.081,3.481
19136,1.59,5.081,3.491
19137,1.52,5.088,3.568
19138,1.6,4.555,2.955
19139,1.55,5.066,3.516
19140,1.57,5.066,3.496
19141,1.72,4.791,3.071
19142,1.64,4.791,3.151
19143,1.43,4.791,3.361
19144,1.89,5.059,3.169
19145,1.75,5.059,3.309
19146,1.47,4.549,3.079
19147,1.63,4.418,2.788
19148,1.37,4.799,3.429
19149,1.42,4.791,3.371
19150,1.22,4.791,3.571
19151,1.11,4.55,3.44
19152,1.38,4.55,3.17
19153,1.77,4.549,2.779
19154,1.66,4.549,2.889
19155,1.36,4.412,3.052
19156,1.65,4.331,2.681
19157,1.24,4.308,3.068
19158,1.6,4.307,2.707
19159,1.42,4.267,2.847
19160,1.42,4.268,2.848
19161,1.56,4.313,2.753
19162,1.35,4.301,2.951
19163,1.29,4.338,3.048
19164,1.49,4.302,2.812
19165,1.17,4.313,3.143
19166,1.3,4.313,3.013
19167,1.07,4.314,3.244
19168,1.43,4.331,2.901
19169,1.3,4.337,3.037
19170,1.04,4.48,3.44
19171,1.05,4.962,3.912
19172,1.3,4.964,3.664
19173,1.08,4.905,3.825
19174,1.15,4.977,3.827
19175,1.27,4.757,3.487
19176,1.11,4.75,3.64
19177,1.14,4.747,3.607
19178,1.13,4.757,3.627
19179,1.2,4.744,3.544
19180,1.19,4.75,3.56
19181,0.97,4.755,3.785
19182,1.09,4.747,3.657
19183,0.92,4.755,3.835
19184,1.22,4.755,3.535
19185,1.31,4.372,3.062
19186,1.43,4.725,3.295
19187,1.47,4.57,3.1
19188,1.66,4.366,2.706
19189,1.39,4.268,2.878
19190,1.23,4.268,3.038
19191,1.63,4.286,2.656
19192,1.46,4.242,2.782
19193,1.13,4.279,3.149
19194,1.42,4.322,2.902
19195,1.49,4.364,2.874
19196,1.34,4.364,3.024
19197,1.24,4.3,3.06
19198,1.53,4.311,2.781
19199,2.1,4.369,2.269
19200,1.38,4.411,3.031
19201,1.63,4.398,2.768
19202,1.23,4.412,3.182
19203,0.91,4.412,3.502
19204,1.61,4.414,2.804
19205,1.34,4.402,3.062
19206,1.22,4.402,3.182
19207,1.02,4.4,3.38
19208,1.86,4.392,2.532
19209,1.19,4.371,3.181
19210,1.66,4.4,2.74
19211,1.29,4.402,3.112
19212,1.23,4.4,3.17
19213,1.1,4.338,3.238
19214,1.76,4.329,2.569
19215,1.32,4.393,3.073
19216,1.09,4.31,3.22
19217,1.28,4.371,3.091
19218,0.98,4.397,3.417
19219,1.34,4.356,3.016
19220,1.31,4.365,3.055
19221,1.68,4.365,2.685
19222,1.3,4.364,3.064
19223,1.6,4.376,2.776
19224,1.3,4.365,3.065
19225,1.51,4.376,2.866
19226,1.39,4.376,2.986
19227,1.22,4.377,3.157
19228,1.78,4.343,2.563
19229,1.26,4.311,3.051
19230,1.4,4.311,2.911
19231,1.42,4.311,2.891
19232,1.16,4.311,3.151
19233,1.81,4.313,2.503
19234,1.19,4.384,3.194
19235,1.24,4.383,3.143
19236,1.11,4.359,3.249
19237,1.48,4.369,2.889
19238,1.23,4.475,3.245
19239,0.93,4.475,3.545
19240,1.46,4.475,3.015
19241,1.57,4.345,2.775
19242,0.97,4.475,3.505
19243,2.35,4.462,2.112
19244,1.41,4.369,2.959
19245,1.6,4.432,2.832
19246,1.18,4.429,3.249
19247,1.29,4.475,3.185
19248,1.38,4.475,3.095
19249,1.06,4.501,3.441
19250,1.25,4.472,3.222
19251,1.49,4.506,3.016
19252,1.18,4.506,3.326
19253,1.75,4.504,2.754
19254,1.8,4.579,2.779
19255,1.79,4.579,2.789
19256,2.23,4.579,2.349
19257,1.64,4.48,2.84
19258,1.26,4.557,3.297
19259,1.23,4.478,3.248
19260,1.69,4.398,2.708
19261,1.57,4.477,2.907
19262,1.24,4.473,3.233
19263,1.31,4.511,3.201
19264,1.32,4.559,3.239
19265,1.18,4.534,3.354
19266,1.34,4.411,3.071
19267,1.05,4.371,3.321
19268,1.26,4.371,3.111
19269,0.89,4.658,3.768
19270,1.19,4.469,3.279
19271,0.91,4.783,3.873
19272,0.82,4.42,3.6
19273,0.78,4.374,3.594
19274,1.19,4.627,3.437
19275,1.39,4.591,3.201
19276,0.99,4.627,3.637
19277,1.18,4.919,3.739
19278,1.15,4.922,3.772
19279,1.24,4.738,3.498
19280,1.13,4.629,3.499
19281,1.13,4.722,3.592
19282,1.08,4.658,3.578
19283,1.22,5.157,3.937
19284,1.52,5.157,3.637
19285,1.56,5.155,3.595
19286,1.61,4.996,3.386
19287,1.41,4.536,3.126
19288,1.53,4.528,2.998
19289,1.67,4.519,2.849
19290,1.47,4.481,3.011
19291,1.38,4.484,3.104
19292,1.4,4.484,3.084
19293,1.37,4.426,3.056
19294,1.29,4.355,3.065
19295,1.39,4.536,3.146
19296,1.23,4.337,3.107
19297,1.34,4.335,2.995
19298,1.11,4.492,3.382
19299,1.29,4.293,3.003
19300,1.39,4.295,2.905
19301,1.67,4.295,2.625
19302,1.09,4.295,3.205
19303,1.46,4.256,2.796
19304,1.11,4.256,3.146
19305,1.08,4.428,3.348
19306,1.15,4.425,3.275
19307,1.11,4.475,3.365
19308,1.08,4.474,3.394
19309,1.07,4.468,3.398
19310,1.2,4.474,3.274
19311,1.18,4.739,3.559
19312,1.4,4.745,3.345
19313,1.02,4.466,3.446
19314,1.16,4.436,3.276
19315,1.16,4.622,3.462
19316,1.17,4.621,3.451
19317,1.38,4.621,3.241
19318,1.1,4.617,3.517
19319,1.08,4.33,3.25
19320,0.97,4.33,3.36
19321,1.09,4.298,3.208
19322,1.11,4.3,3.19
19323,1.18,4.3,3.12
19324,1.05,4.277,3.227
19325,1.01,4.256,3.246
19326,0.98,4.288,3.308
19327,1.1,4.257,3.157
19328,1.34,4.256,2.916
19329,1.38,4.255,2.875
19330,1.08,4.283,3.203
19331,1.11,4.273,3.163
19332,1.12,4.268,3.148
19333,1.08,4.268,3.188
19334,1.24,4.27,3.03
19335,1.06,4.276,3.216
19336,0.98,4.276,3.296
19337,1.28,4.444,3.164
19338,1.31,4.443,3.133
19339,1.17,5.893,4.723
19340,1.09,5.891,4.801
19341,1.12,5.891,4.771
19342,1.05,5.269,4.219
19343,1.0,5.262,4.262
19344,1.12,5.269,4.149
19345,0.91,5.269,4.359
19346,1.16,5.254,4.094
19347,1.3,5.609,4.309
19348,0.95,5.609,4.659
19349,1.13,5.609,4.479
19350,1.24,5.598,4.358
19351,1.32,5.547,4.227
19352,1.36,5.513,4.153
19353,1.08,5.514,4.434
19354,1.18,5.514,4.334
19355,1.25,5.516,4.266
19356,1.07,5.516,4.446
19357,1.2,5.412,4.212
19358,0.94,5.41,4.47
19359,1.11,5.409,4.299
19360,0.9,5.177,4.277
19361,1.09,5.411,4.321
19362,0.97,5.203,4.233
19363,0.99,5.203,4.213
19364,0.98,5.203,4.223
19365,1.13,5.203,4.073
19366,0.92,5.065,4.145
19367,1.13,5.065,3.935
19368,1.03,5.085,4.055
19369,0.96,5.085,4.125
19370,0.95,5.076,4.126
19371,0.94,5.076,4.136
19372,1.22,5.084,3.864
19373,1.25,5.089,3.839
19374,1.05,5.032,3.982
19375,1.04,5.03,3.99
19376,1.11,5.03,3.92
19377,1.16,4.989,3.829
19378,1.05,5.036,3.986
19379,1.08,5.07,3.99
19380,0.86,5.131,4.271
19381,1.1,5.126,4.026
19382,1.12,5.035,3.915
19383,1.12,5.109,3.989
19384,1.05,5.142,4.092
19385,1.38,5.213,3.833
19386,1.2,5.114,3.914
19387,1.11,4.981,3.871
19388,1.16,5.095,3.935
19389,1.28,5.049,3.769
19390,1.21,4.981,3.771
19391,1.33,4.982,3.652
19392,1.34,4.982,3.642
19393,1.18,4.921,3.741
19394,1.17,4.926,3.756
19395,0.98,4.75,3.77
19396,1.17,4.707,3.537
19397,1.28,4.694,3.414
19398,0.99,4.726,3.736
19399,1.09,4.681,3.591
19400,1.33,4.684,3.354
19401,1.37,4.684,3.314
19402,1.14,4.579,3.439
19403,1.14,4.69,3.55
19404,1.05,4.708,3.658
19405,1.14,4.956,3.816
19406,1.13,5.216,4.086
19407,1.11,4.973,3.863
19408,1.21,4.649,3.439
19409,1.3,4.868,3.568
19410,1.3,4.596,3.296
19411,1.26,4.868,3.608
19412,1.11,4.653,3.543
19413,1.21,4.778,3.568
19414,0.97,4.941,3.971
19415,1.25,4.777,3.527
19416,1.17,4.532,3.362
19417,1.6,4.417,2.817
19418,1.2,4.496,3.296
19419,1.14,4.553,3.413
19420,1.53,4.565,3.035
19421,1.22,4.582,3.362
19422,1.31,4.428,3.118
19423,1.3,4.593,3.293
19424,1.38,4.777,3.397
19425,1.23,4.789,3.559
19426,1.21,4.691,3.481
19427,1.7,4.698,2.998
19428,1.35,4.491,3.141
19429,1.02,4.472,3.452
19430,1.2,4.339,3.139
19431,1.39,4.447,3.057
19432,1.4,4.215,2.815
19433,0.66,4.219,3.559
19434,1.2,4.163,2.963
19435,1.27,4.363,3.093
19436,1.12,4.433,3.313
19437,1.71,4.447,2.737
19438,1.33,4.16,2.83
19439,1.28,4.366,3.086
19440,2.22,4.211,1.991
19441,1.34,4.17,2.83
19442,1.43,4.363,2.933
19443,1.81,4.45,2.64
19444,1.43,4.22,2.79
19445,1.08,4.447,3.367
19446,1.36,4.363,3.003
19447,1.02,4.211,3.191
19448,1.49,4.211,2.721
19449,1.72,4.452,2.732
19450,1.83,4.389,2.559
19451,1.61,4.389,2.779
19452,1.39,4.389,2.999
19453,1.77,4.552,2.782
19454,1.58,4.417,2.837
19455,2.42,4.542,2.122
19456,1.45,4.454,3.004
19457,1.8,4.32,2.52
19458,1.25,4.452,3.202
19459,1.54,4.526,2.986
19460,1.66,4.526,2.866
19461,1.45,4.534,3.084
19462,1.73,4.489,2.759
19463,2.29,4.552,2.262
19464,1.23,4.552,3.322
19465,1.36,4.596,3.236
19466,1.86,4.542,2.682
19467,1.3,4.552,3.252
19468,1.61,4.591,2.981
19469,1.35,4.668,3.318
19470,1.63,4.675,3.045
19471,1.35,4.678,3.328
19472,1.44,4.46,3.02
19473,1.55,4.662,3.112
19474,1.75,4.647,2.897
19475,1.66,4.663,3.003
19476,2.07,4.604,2.534
19477,1.76,4.599,2.839
19478,1.77,4.596,2.826
19479,1.96,4.513,2.553
19480,1.58,4.513,2.933
19481,1.53,4.737,3.207
19482,1.62,4.652,3.032
19483,7.36,4.642,-2.718
19484,1.57,4.668,3.098
19485,1.68,4.61,2.93
19486,1.47,4.58,3.11
19487,1.36,4.461,3.101
19488,1.45,4.446,2.996
19489,1.65,4.568,2.918
19490,1.26,4.597,3.337
19491,1.12,4.48,3.36
19492,1.38,4.798,3.418
19493,1.07,4.395,3.325
19494,1.31,4.391,3.081
19495,1.37,4.391,3.021
19496,2.95,4.395,1.445
19497,1.55,4.387,2.837
19498,1.31,4.576,3.266
19499,1.55,4.382,2.832
19500,2.61,4.174,1.564
19501,1.33,4.592,3.262
19502,1.54,4.601,3.061
19503,1.85,4.601,2.751
19504,1.46,4.848,3.388
19505,1.42,4.643,3.223
19506,1.81,4.617,2.807
19507,1.59,4.617,3.027
19508,1.65,4.18,2.53
19509,1.56,4.169,2.609
19510,1.58,4.18,2.6
19511,1.6,4.617,3.017
19512,1.01,4.18,3.17
19513,1.48,4.17,2.69
19514,1.31,4.165,2.855
19515,1.41,4.165,2.755
19516,1.44,4.166,2.726
19517,1.4,4.166,2.766
19518,1.25,4.165,2.915
19519,1.26,4.165,2.905
19520,1.4,4.15,2.75
19521,1.22,4.157,2.937
19522,1.57,4.157,2.587
19523,1.27,4.157,2.887
19524,1.45,4.158,2.708
19525,1.44,4.165,2.725
19526,1.65,4.157,2.507
19527,1.33,4.165,2.835
19528,1.47,4.165,2.695
19529,0.86,4.155,3.295
19530,1.14,4.155,3.015
19531,1.4,4.142,2.742
19532,1.3,4.127,2.827
19533,1.32,4.127,2.807
19534,1.41,4.145,2.735
19535,1.06,4.148,3.088
19536,1.52,4.144,2.624
19537,1.3,4.122,2.822
19538,1.34,4.144,2.804
19539,1.11,4.142,3.032
19540,1.64,4.142,2.502
19541,1.5,4.123,2.623
19542,1.35,4.123,2.773
19543,1.69,4.123,2.433
19544,1.54,4.123,2.583
19545,1.19,4.123,2.933
19546,1.24,4.123,2.883
19547,1.22,4.123,2.903
19548,1.37,4.123,2.753
19549,1.31,4.123,2.813
19550,1.43,4.142,2.712
19551,1.41,4.142,2.732
19552,0.92,4.142,3.222
19553,1.11,4.661,3.551
19554,1.52,4.658,3.138
19555,2.48,4.658,2.178
19556,1.75,4.64,2.89
19557,1.38,4.969,3.589
19558,1.23,4.907,3.677
19559,1.55,5.421,3.871
19560,1.44,5.375,3.935
19561,1.39,5.407,4.017
19562,1.69,5.443,3.753
19563,1.49,5.427,3.937
19564,1.18,5.35,4.17
19565,2.16,5.406,3.246
19566,1.95,5.392,3.442
19567,1.95,5.396,3.446
19568,1.66,5.4,3.74
19569,1.57,5.393,3.823
19570,1.42,5.457,4.037
19571,1.41,5.452,4.042
19572,1.47,5.435,3.965
19573,1.66,5.433,3.773
19574,1.45,5.469,4.019
19575,1.59,5.377,3.787
19576,2.39,5.36,2.97
19577,1.48,5.36,3.88
19578,1.59,5.351,3.761
19579,1.5,4.926,3.426
19580,1.49,5.368,3.878
19581,1.21,5.385,4.175
19582,1.51,5.368,3.858
19583,1.77,5.372,3.602
19584,1.2,5.372,4.172
19585,1.26,5.362,4.102
19586,1.86,4.91,3.05
19587,1.67,4.898,3.228
19588,1.25,4.669,3.419
19589,1.22,4.141,2.921
19590,1.13,4.141,3.011
19591,1.39,4.142,2.752
19592,1.28,4.122,2.842
19593,1.5,4.122,2.622
19594,1.02,4.122,3.102
19595,1.13,4.122,2.992
19596,1.5,4.089,2.589
19597,1.23,4.122,2.892
19598,1.23,4.089,2.859
19599,1.75,4.089,2.339
19600,1.47,4.089,2.619
19601,1.18,4.078,2.898
19602,1.45,4.078,2.628
19603,1.44,4.078,2.638
19604,1.32,4.078,2.758
19605,1.31,4.078,2.768
19606,1.05,4.078,3.028
19607,1.15,4.096,2.946
19608,1.48,4.096,2.616
19609,1.45,4.096,2.646
19610,1.2,4.078,2.878
19611,1.28,4.078,2.798
19612,1.28,4.078,2.798
19613,1.04,4.078,3.038
19614,1.89,4.078,2.188
19615,1.16,4.089,2.929
19616,1.39,4.089,2.699
19617,1.0,4.089,3.089
19618,0.8,4.089,3.289
19619,1.16,4.082,2.922
19620,1.75,4.089,2.339
19621,1.2,4.089,2.889
19622,1.13,4.089,2.959
19623,1.22,4.089,2.869
19624,1.23,4.082,2.852
19625,1.12,4.082,2.962
19626,1.24,4.089,2.849
19627,1.19,4.089,2.899
19628,1.69,4.089,2.399
19629,1.34,4.073,2.733
19630,1.05,4.083,3.033
19631,1.39,4.077,2.687
19632,1.19,4.078,2.888
19633,1.27,4.078,2.808
19634,1.26,4.078,2.818
19635,1.37,4.078,2.708
19636,1.75,4.078,2.328
19637,1.1,4.089,2.989
19638,1.71,4.089,2.379
19639,1.43,4.108,2.678
19640,1.57,4.108,2.538
19641,1.5,4.108,2.608
19642,1.64,4.142,2.502
19643,1.16,4.142,2.982
19644,1.42,4.732,3.312
19645,1.27,4.142,2.872
19646,1.47,4.142,2.672
19647,1.21,4.142,2.932
19648,1.57,4.142,2.572
19649,1.31,4.141,2.831
19650,1.45,4.141,2.691
19651,1.25,4.141,2.891
19652,1.5,4.141,2.641
19653,2.18,4.685,2.505
19654,1.34,4.669,3.329
19655,1.35,4.706,3.356
19656,1.2,4.995,3.795
19657,1.21,4.677,3.467
19658,1.32,4.67,3.35
19659,1.39,4.964,3.574
19660,1.74,4.99,3.25
19661,1.25,4.959,3.709
19662,1.23,4.99,3.76
19663,1.23,4.929,3.699
19664,1.84,4.916,3.076
19665,1.19,5.368,4.178
19666,1.45,5.359,3.909
19667,1.55,4.929,3.379
19668,1.41,4.898,3.488
19669,1.54,4.898,3.358
19670,1.14,5.359,4.219
19671,1.39,5.363,3.973
19672,1.53,4.928,3.398
19673,0.87,4.91,4.04
19674,1.36,4.901,3.541
19675,0.98,4.929,3.949
19676,1.42,4.904,3.484
19677,1.45,4.651,3.201
19678,1.27,4.907,3.637
19679,1.37,4.655,3.285
19680,1.52,4.655,3.135
19681,1.24,4.655,3.415
19682,1.08,4.678,3.598
19683,1.24,4.646,3.406
19684,1.32,4.676,3.356
19685,1.13,4.676,3.546
19686,1.33,4.664,3.334
19687,0.99,4.671,3.681
19688,1.55,4.664,3.114
19689,1.18,4.671,3.491
19690,1.27,4.661,3.391
19691,1.2,4.647,3.447
19692,1.33,4.694,3.364
19693,1.38,4.661,3.281
19694,1.18,4.647,3.467
19695,1.52,4.647,3.127
19696,1.25,4.647,3.397
19697,1.07,4.647,3.577
19698,1.12,4.67,3.55
19699,1.33,4.67,3.34
19700,1.19,4.67,3.48
19701,1.08,4.647,3.567
19702,1.08,4.647,3.567
19703,1.1,4.67,3.57
19704,0.94,4.67,3.73
19705,1.14,4.67,3.53
19706,1.05,4.67,3.62
19707,1.03,4.67,3.64
19708,0.89,4.677,3.787
19709,1.2,4.677,3.477
19710,1.02,4.141,3.121
19711,0.98,4.141,3.161
19712,0.94,4.142,3.202
19713,1.12,4.108,2.988
19714,0.99,4.108,3.118
19715,1.12,4.096,2.976
19716,0.92,4.075,3.155
19717,0.96,4.061,3.101
19718,1.05,4.061,3.011
19719,1.31,4.061,2.751
19720,0.91,4.061,3.151
19721,0.86,4.061,3.201
19722,0.95,4.061,3.111
19723,1.16,4.639,3.479
19724,1.11,4.662,3.552
19725,1.07,4.62,3.55
19726,1.31,4.639,3.329
19727,1.04,4.62,3.58
19728,1.25,4.612,3.362
19729,1.09,4.62,3.53
19730,1.14,5.027,3.887
19731,1.22,5.027,3.807
19732,1.12,4.612,3.492
19733,1.17,4.62,3.45
19734,1.06,4.62,3.56
19735,1.4,5.027,3.627
19736,1.81,5.027,3.217
19737,1.38,4.999,3.619
19738,1.4,5.018,3.618
19739,1.08,5.027,3.947
19740,1.3,4.612,3.312
19741,1.17,5.018,3.848
19742,1.19,5.027,3.837
19743,1.14,5.018,3.878
19744,1.14,5.018,3.878
19745,1.13,5.027,3.897
19746,1.5,5.604,4.104
19747,1.24,5.585,4.345
19748,1.25,5.546,4.296
19749,1.42,5.546,4.126
19750,1.02,5.451,4.431
19751,1.1,5.484,4.384
19752,0.95,5.488,4.538
19753,1.09,5.451,4.361
19754,1.08,5.451,4.371
19755,1.07,5.451,4.381
19756,1.16,5.488,4.328
19757,1.34,5.45,4.11
19758,1.11,5.442,4.332
19759,1.22,5.45,4.23
19760,1.07,5.432,4.362
19761,1.33,5.503,4.173
19762,1.1,5.432,4.332
19763,1.33,5.54,4.21
19764,1.18,5.631,4.451
19765,1.14,5.631,4.491
19766,1.13,5.631,4.501
19767,1.29,5.669,4.379
19768,1.14,5.669,4.529
19769,1.11,5.687,4.577
19770,1.33,5.642,4.312
19771,1.14,5.602,4.462
19772,1.17,5.631,4.461
19773,1.43,5.558,4.128
19774,1.25,5.558,4.308
19775,1.04,5.631,4.591
19776,1.57,5.549,3.979
19777,1.26,5.621,4.361
19778,1.28,5.642,4.362
19779,1.37,5.644,4.274
19780,1.4,5.67,4.27
19781,1.32,5.725,4.405
19782,1.18,5.725,4.545
19783,1.36,5.701,4.341
19784,1.31,5.697,4.387
19785,1.23,5.697,4.467
19786,1.42,5.682,4.262
19787,1.31,5.67,4.36
19788,1.21,5.644,4.434
19789,1.46,5.644,4.184
19790,1.33,5.644,4.314
19791,1.14,5.733,4.593
19792,1.4,5.733,4.333
19793,1.37,5.666,4.296
19794,1.51,5.686,4.176
19795,1.15,5.677,4.527
19796,1.23,5.644,4.414
19797,1.26,5.644,4.384
19798,1.35,5.71,4.36
19799,1.25,5.71,4.46
19800,1.44,5.733,4.293
19801,1.14,5.733,4.593
19802,1.09,5.71,4.62
19803,1.61,5.709,4.099
19804,1.2,5.709,4.509
19805,1.18,5.709,4.529
19806,1.23,5.642,4.412
19807,1.38,5.642,4.262
19808,1.44,5.642,4.202
19809,1.11,5.644,4.534
19810,1.22,5.644,4.424
19811,1.37,5.71,4.34
19812,1.34,5.666,4.326
19813,1.17,5.701,4.531
19814,1.04,5.696,4.656
19815,2.04,5.679,3.639
19816,1.28,5.658,4.378
19817,1.32,5.652,4.332
19818,1.75,5.635,3.885
19819,1.97,5.562,3.592
19820,2.09,5.579,3.489
19821,1.29,5.561,4.271
19822,1.44,5.484,4.044
19823,1.56,5.5,3.94
19824,1.42,5.559,4.139
19825,1.3,5.559,4.259
19826,1.34,5.631,4.291
19827,1.53,5.521,3.991
19828,1.84,5.521,3.681
19829,1.46,5.45,3.99
19830,1.59,5.45,3.86
19831,1.57,5.503,3.933
19832,1.14,5.432,4.292
19833,1.81,5.432,3.622
19834,1.69,5.424,3.734
19835,1.77,5.424,3.654
19836,1.41,5.417,4.007
19837,1.54,5.417,3.877
19838,1.43,5.398,3.968
19839,1.3,5.386,4.086
19840,1.34,5.417,4.077
19841,1.69,5.43,3.74
19842,1.4,5.43,4.03
19843,1.21,5.415,4.205
19844,1.28,5.469,4.189
19845,1.23,5.479,4.249
19846,1.38,5.771,4.391
19847,1.3,5.745,4.445
19848,1.39,5.768,4.378
19849,1.2,5.762,4.562
19850,1.44,6.172,4.732
19851,1.26,5.828,4.568
19852,1.34,6.168,4.828
19853,1.26,6.071,4.811
19854,1.05,6.101,5.051
19855,1.19,6.101,4.911
19856,1.22,6.071,4.851
19857,1.23,5.703,4.473
19858,1.38,5.703,4.323
19859,1.38,5.814,4.434
19860,1.15,6.153,5.003
19861,1.75,6.257,4.507
19862,1.81,6.14,4.33
19863,1.67,6.126,4.456
19864,1.89,6.08,4.19
19865,1.53,6.225,4.695
19866,1.99,6.183,4.193
19867,1.7,6.217,4.517
19868,1.32,6.196,4.876
19869,1.45,5.761,4.311
19870,2.0,5.758,3.758
19871,2.97,5.436,2.466
19872,1.36,5.44,4.08
19873,1.4,5.466,4.066
19874,1.6,5.456,3.856
19875,1.38,5.456,4.076
19876,1.59,5.397,3.807
19877,1.22,5.43,4.21
19878,1.08,5.473,4.393
19879,1.29,5.457,4.167
19880,1.02,5.457,4.437
19881,1.28,5.457,4.177
19882,1.85,5.457,3.607
19883,1.72,5.457,3.737
19884,1.96,5.506,3.546
19885,1.27,5.482,4.212
19886,1.68,5.478,3.798
19887,1.82,5.768,3.948
19888,1.46,5.478,4.018
19889,0.97,5.547,4.577
19890,1.09,5.569,4.479
19891,1.12,5.452,4.332
19892,1.07,5.468,4.398
19893,1.57,5.452,3.882
19894,1.63,5.476,3.846
19895,1.55,5.45,3.9
19896,1.28,5.445,4.165
19897,1.84,5.445,3.605
19898,1.51,5.374,3.864
19899,1.87,5.443,3.573
19900,1.47,5.385,3.915
19901,1.56,5.389,3.829
19902,2.11,5.393,3.283
19903,1.24,5.393,4.153
19904,1.96,5.385,3.425
19905,1.71,5.389,3.679
19906,1.4,5.391,3.991
19907,1.39,5.389,3.999
19908,1.53,5.452,3.922
19909,1.92,5.454,3.534
19910,1.13,5.419,4.289
19911,1.83,5.419,3.589
19912,1.48,5.419,3.939
19913,1.59,5.419,3.829
19914,1.77,5.419,3.649
19915,1.62,5.406,3.786
19916,1.39,5.406,4.016
19917,1.85,5.406,3.556
19918,1.33,5.406,4.076
19919,1.69,5.406,3.716
19920,1.74,5.406,3.666
19921,1.78,5.406,3.626
19922,1.46,5.406,3.946
19923,1.66,5.406,3.746
19924,1.66,5.406,3.746
19925,1.39,5.406,4.016
19926,1.65,5.406,3.756
19927,2.21,5.406,3.196
19928,2.11,5.406,3.296
19929,1.9,5.417,3.517
19930,1.43,5.406,3.976
19931,1.53,5.396,3.866
19932,1.61,5.385,3.775
19933,1.43,5.407,3.977
19934,1.71,5.419,3.709
19935,1.55,5.406,3.856
19936,1.58,5.419,3.839
19937,1.65,5.419,3.769
19938,1.32,5.419,4.099
19939,1.48,5.419,3.939
19940,1.27,5.419,4.149
19941,1.12,5.512,4.392
19942,1.33,5.419,4.089
19943,1.53,5.528,3.998
19944,1.37,5.528,4.158
19945,1.54,5.478,3.938
19946,1.18,5.512,4.332
19947,1.27,5.478,4.208
19948,1.45,5.42,3.97
19949,1.14,5.391,4.251
19950,1.3,5.398,4.098
19951,1.24,5.398,4.158
19952,1.05,5.398,4.348
19953,1.06,5.398,4.338
19954,1.11,5.43,4.32
19955,1.09,5.415,4.325
19956,1.66,5.417,3.757
19957,0.95,5.398,4.448
19958,1.57,5.43,3.86
19959,1.29,5.415,4.125
19960,1.14,5.415,4.275
19961,1.71,5.43,3.72
19962,1.5,5.43,3.93
19963,1.27,5.426,4.156
19964,1.11,5.413,4.303
19965,1.35,5.413,4.063
19966,1.38,5.421,4.041
19967,1.34,5.421,4.081
19968,1.33,5.421,4.091
19969,1.16,5.448,4.288
19970,1.13,5.421,4.291
19971,1.05,5.421,4.371
19972,1.51,5.413,3.903
19973,1.16,5.402,4.242
19974,1.79,5.398,3.608
19975,1.36,5.391,4.031
19976,1.34,5.398,4.058
19977,1.48,5.479,3.999
19978,1.71,5.457,3.747
19979,1.53,5.457,3.927
19980,1.43,5.457,4.027
19981,1.49,5.479,3.989
19982,1.44,5.391,3.951
19983,2.31,5.391,3.081
19984,1.21,5.391,4.181
19985,1.99,5.452,3.462
19986,1.47,5.398,3.928
19987,1.59,5.402,3.812
19988,1.31,5.402,4.092
19989,1.76,5.402,3.642
19990,1.61,5.385,3.775
19991,1.39,5.385,3.995
19992,1.37,5.385,4.015
19993,1.37,5.385,4.015
19994,1.23,5.402,4.172
19995,1.27,5.385,4.115
19996,1.49,5.385,3.895
19997,1.65,5.402,3.752
19998,1.4,5.385,3.985
19999,1.37,5.385,4.015
20000,1.23,5.385,4.155
20001,1.37,5.385,4.015
20002,1.35,5.413,4.063
20003,1.14,5.413,4.273
20004,1.64,5.417,3.777
20005,1.61,5.417,3.807
20006,1.52,5.417,3.897
20007,1.33,5.417,4.087
20008,1.44,5.417,3.977
20009,1.84,5.417,3.577
20010,1.82,5.402,3.582
20011,1.42,5.402,3.982
20012,1.81,5.432,3.622
20013,1.59,5.435,3.845
20014,1.92,5.421,3.501
20015,1.46,5.418,3.958
20016,1.9,5.402,3.502
20017,2.15,5.402,3.252
20018,1.58,5.417,3.837
20019,2.25,5.402,3.152
20020,2.12,5.385,3.265
20021,2.1,5.398,3.298
20022,2.84,5.391,2.551
20023,2.11,5.378,3.268
20024,1.97,5.378,3.408
20025,2.13,5.378,3.248
20026,1.88,5.389,3.509
20027,1.66,5.391,3.731
20028,2.01,5.391,3.381
20029,2.12,5.45,3.33
20030,1.73,5.391,3.661
20031,1.62,5.391,3.771
20032,1.79,5.391,3.601
20033,1.49,5.454,3.964
20034,1.88,5.448,3.568
20035,1.9,5.479,3.579
20036,1.95,5.479,3.529
20037,2.07,5.468,3.398
20038,2.12,5.913,3.793
20039,1.73,5.689,3.959
20040,1.53,5.689,4.159
20041,1.43,5.913,4.483
20042,1.43,6.156,4.726
20043,1.56,5.454,3.894
20044,1.75,5.771,4.021
20045,1.89,5.771,3.881
20046,1.73,5.771,4.041
20047,1.7,5.771,4.071
20048,1.93,5.806,3.876
20049,1.79,5.752,3.962
20050,1.62,5.719,4.099
20051,1.68,5.736,4.056
20052,1.79,5.748,3.958
20053,2.07,5.452,3.382
20054,1.83,5.452,3.622
20055,1.99,5.473,3.483
20056,2.21,5.769,3.559
20057,1.72,5.455,3.735
20058,1.63,5.487,3.857
20059,1.56,6.012,4.452
20060,1.88,5.482,3.602
20061,1.86,5.43,3.57
20062,1.77,5.415,3.645
20063,0.99,5.415,4.425
20064,1.89,5.415,3.525
20065,1.36,5.415,4.055
20066,1.92,5.43,3.51
20067,1.53,5.43,3.9
20068,1.75,5.415,3.665
20069,1.88,5.487,3.607
20070,1.57,5.43,3.86
20071,0.94,5.43,4.49
20072,2.02,5.43,3.41
20073,1.55,5.445,3.895
20074,2.05,5.445,3.395
20075,1.74,5.503,3.763
20076,1.78,5.441,3.661
20077,1.54,5.487,3.947
20078,1.8,5.487,3.687
20079,1.55,5.476,3.926
20080,1.41,5.411,4.001
20081,1.54,5.373,3.833
20082,1.65,5.7,4.05
20083,1.7,5.723,4.023
20084,1.79,5.647,3.857
20085,1.63,5.376,3.746
20086,1.82,5.605,3.785
20087,1.44,5.751,4.311
20088,1.57,5.701,4.131
20089,1.52,5.623,4.103
20090,1.94,5.578,3.638
20091,1.67,5.627,3.957
20092,1.7,5.638,3.938
20093,1.67,5.657,3.987
20094,1.72,5.657,3.937
20095,1.4,5.657,4.257
20096,1.83,5.679,3.849
20097,1.77,5.679,3.909
20098,1.55,5.679,4.129
20099,1.93,5.68,3.75
20100,1.52,5.702,4.182
20101,1.78,5.691,3.911
20102,1.93,5.714,3.784
20103,1.75,5.691,3.941
20104,1.43,5.69,4.26
20105,1.52,5.691,4.171
20106,1.89,5.69,3.8
20107,0.75,5.691,4.941
20108,1.93,5.691,3.761
20109,1.7,5.68,3.98
20110,1.61,5.744,4.134
20111,1.65,5.821,4.171
20112,2.13,5.628,3.498
20113,1.53,5.788,4.258
20114,1.86,5.839,3.979
20115,1.95,5.75,3.8
20116,1.92,5.723,3.803
20117,1.68,5.75,4.07
20118,2.58,5.732,3.152
20119,1.5,5.745,4.245
20120,1.96,5.734,3.774
20121,1.63,5.748,4.118
20122,1.56,5.739,4.179
20123,1.53,5.712,4.182
20124,1.64,5.725,4.085
20125,1.55,6.427,4.877
20126,1.41,6.02,4.61
20127,1.82,6.116,4.296
20128,1.89,6.043,4.153
20129,2.02,6.044,4.024
20130,1.85,5.983,4.133
20131,1.75,6.182,4.432
20132,1.95,6.295,4.345
20133,1.79,6.582,4.792
20134,1.73,6.53,4.8
20135,1.63,6.05,4.42
20136,1.63,6.05,4.42
20137,1.45,6.072,4.622
20138,1.78,6.072,4.292
20139,1.31,6.05,4.74
20140,1.4,6.05,4.65
20141,1.45,6.05,4.6
20142,1.86,6.072,4.212
20143,1.88,6.072,4.192
20144,1.36,6.072,4.712
20145,1.49,6.072,4.582
20146,1.74,6.085,4.345
20147,1.62,6.143,4.523
20148,1.54,6.064,4.524
20149,1.54,6.057,4.517
20150,1.89,6.057,4.167
20151,1.41,6.189,4.779
20152,1.43,6.145,4.715
20153,1.52,6.05,4.53
20154,1.67,5.701,4.031
20155,1.51,5.748,4.238
20156,1.54,5.831,4.291
20157,1.67,5.815,4.145
20158,1.48,5.63,4.15
20159,1.36,5.7,4.34
20160,1.4,5.713,4.313
20161,1.73,5.734,4.004
20162,1.68,5.753,4.073
20163,1.27,5.831,4.561
20164,1.6,5.732,4.132
20165,1.27,5.761,4.491
20166,1.29,5.681,4.391
20167,1.55,5.739,4.189
20168,1.36,5.915,4.555
20169,1.34,5.739,4.399
20170,1.4,5.739,4.339
20171,1.31,5.74,4.43
20172,1.41,5.704,4.294
20173,1.37,5.755,4.385
20174,1.45,5.875,4.425
20175,1.27,5.721,4.451
20176,1.29,5.81,4.52
20177,1.22,5.814,4.594
20178,1.3,5.779,4.479
20179,1.56,5.919,4.359
20180,1.58,5.798,4.218
20181,1.4,5.827,4.427
20182,1.4,5.814,4.414
20183,1.33,5.827,4.497
20184,1.26,5.827,4.567
20185,1.26,5.919,4.659
20186,1.42,5.827,4.407
20187,1.78,5.919,4.139
20188,1.5,5.88,4.38
20189,1.45,5.933,4.483
20190,1.36,5.916,4.556
20191,1.55,5.919,4.369
20192,1.23,5.898,4.668
20193,1.35,6.116,4.766
20194,1.55,5.924,4.374
20195,1.6,5.948,4.348
20196,1.85,5.948,4.098
20197,1.61,5.94,4.33
20198,2.09,5.94,3.85
20199,1.41,5.94,4.53
20200,1.19,5.941,4.751
20201,1.39,5.929,4.539
20202,1.59,5.929,4.339
20203,1.42,5.941,4.521
20204,1.71,5.941,4.231
20205,2.01,5.911,3.901
20206,1.6,5.928,4.328
20207,1.46,5.911,4.451
20208,1.3,5.941,4.641
20209,1.61,5.941,4.331
20210,1.37,6.163,4.793
20211,1.47,6.163,4.693
20212,1.33,6.163,4.833
20213,1.51,5.905,4.395
20214,2.58,5.847,3.267
20215,2.22,5.81,3.59
20216,1.74,5.81,4.07
20217,1.83,5.827,3.997
20218,1.9,5.84,3.94
20219,2.08,5.84,3.76
20220,2.09,5.862,3.772
20221,1.19,5.955,4.765
20222,2.14,6.027,3.887
20223,1.89,5.84,3.95
20224,2.0,5.84,3.84
20225,2.56,5.702,3.142
20226,1.84,5.754,3.914
20227,1.75,5.868,4.118
20228,1.67,5.999,4.329
20229,1.67,5.811,4.141
20230,3.0,6.122,3.122
20231,2.14,5.747,3.607
20232,1.3,5.765,4.465
20233,1.56,5.783,4.223
20234,1.7,5.811,4.111
20235,1.93,5.779,3.849
20236,1.96,6.362,4.402
20237,1.72,6.537,4.817
20238,1.44,6.357,4.917
20239,1.69,6.289,4.599
20240,1.67,6.289,4.619
20241,1.57,6.273,4.703
20242,1.73,6.271,4.541
20243,3.58,6.23,2.65
20244,1.92,6.144,4.224
20245,1.81,6.162,4.352
20246,1.92,6.264,4.344
20247,2.26,6.277,4.017
20248,1.86,6.483,4.623
20249,1.99,6.284,4.294
20250,0.73,6.184,5.454
20251,2.34,6.182,3.842
20252,2.55,6.61,4.06
20253,2.38,6.635,4.255
20254,1.04,6.562,5.522
20255,2.36,6.497,4.137
20256,2.0,6.136,4.136
20257,1.84,6.098,4.258
20258,1.76,5.811,4.051
20259,2.04,5.783,3.743
20260,1.97,5.734,3.764
20261,2.07,5.734,3.664
20262,2.02,5.762,3.742
20263,1.97,5.846,3.876
20264,1.84,5.816,3.976
20265,2.26,6.202,3.942
20266,2.18,5.965,3.785
20267,2.17,5.965,3.795
20268,2.21,5.94,3.73
20269,2.23,6.155,3.925
20270,2.31,6.086,3.776
20271,2.12,6.086,3.966
20272,2.12,6.277,4.157
20273,2.47,6.159,3.689
20274,2.11,6.202,4.092
20275,2.12,6.277,4.157
20276,2.17,6.159,3.989
20277,1.96,6.327,4.367
20278,1.91,6.277,4.367
20279,2.12,6.316,4.196
20280,2.53,6.202,3.672
20281,2.02,6.316,4.296
20282,2.01,6.237,4.227
20283,1.94,6.246,4.306
20284,1.76,6.222,4.462
20285,2.59,6.219,3.629
20286,2.1,6.234,4.134
20287,1.9,6.249,4.349
20288,1.78,6.235,4.455
20289,2.05,6.218,4.168
20290,1.69,6.227,4.537
20291,1.77,6.256,4.486
20292,1.74,6.256,4.516
20293,1.9,6.218,4.318
20294,2.21,6.247,4.037
20295,2.01,6.218,4.208
20296,1.76,6.259,4.499
20297,1.7,6.212,4.512
20298,1.99,6.259,4.269
20299,1.84,6.212,4.372
20300,1.9,6.212,4.312
20301,1.75,6.236,4.486
20302,1.43,6.166,4.736
20303,1.97,6.233,4.263
20304,2.29,6.166,3.876
20305,1.3,6.169,4.869
20306,1.32,6.166,4.846
20307,1.91,6.169,4.259
20308,1.84,6.169,4.329
20309,1.58,6.178,4.598
20310,1.79,6.18,4.39
20311,1.97,6.236,4.266
20312,1.86,6.236,4.376
20313,1.68,6.245,4.565
20314,1.66,6.18,4.52
20315,1.35,6.178,4.828
20316,1.48,6.18,4.7
20317,1.67,6.18,4.51
20318,1.37,6.169,4.799
20319,1.83,6.18,4.35
20320,1.33,6.18,4.85
20321,1.15,6.215,5.065
20322,1.18,6.215,5.035
20323,1.32,6.197,4.877
20324,1.27,6.218,4.948
20325,2.08,6.231,4.151
20326,1.37,6.155,4.785
20327,1.82,6.237,4.417
20328,1.84,6.744,4.904
20329,1.89,6.307,4.417
20330,2.07,7.217,5.147
20331,2.28,7.213,4.933
20332,2.56,7.517,4.957
20333,2.12,7.522,5.402
20334,7.16,7.712,0.552
20335,1.7,7.53,5.83
20336,1.85,7.545,5.695
20337,1.97,6.787,4.817
20338,1.76,6.821,5.061
20339,1.99,6.794,4.804
20340,2.05,6.685,4.635
20341,3.04,6.578,3.538
20342,2.17,6.328,4.158
20343,2.34,6.321,3.981
20344,3.05,6.292,3.242
20345,1.93,6.186,4.256
20346,1.66,6.218,4.558
20347,1.94,6.186,4.246
20348,1.81,6.209,4.399
20349,2.21,6.197,3.987
20350,1.36,6.212,4.852
20351,1.95,6.2,4.25
20352,1.97,6.209,4.239
20353,1.73,6.212,4.482
20354,1.78,6.259,4.479
20355,1.9,6.2,4.3
20356,1.13,6.259,5.129
20357,1.72,6.2,4.48
20358,1.74,6.212,4.472
20359,1.5,6.2,4.7
20360,1.87,6.232,4.362
20361,1.6,6.247,4.647
20362,2.25,6.247,3.997
20363,2.24,6.259,4.019
20364,1.45,6.23,4.78
20365,1.3,6.243,4.943
20366,1.82,6.246,4.426
20367,1.55,6.2,4.65
20368,1.82,6.246,4.426
20369,1.41,6.243,4.833
20370,3.0,6.234,3.234
20371,1.78,6.211,4.431
20372,1.67,6.254,4.584
20373,1.58,6.209,4.629
20374,1.67,6.059,4.389
20375,1.67,5.95,4.28
20376,1.95,6.096,4.146
20377,1.66,6.053,4.393
20378,1.72,6.053,4.333
20379,1.63,6.137,4.507
20380,1.7,6.246,4.546
20381,1.81,6.339,4.529
20382,2.04,6.451,4.411
20383,2.0,6.447,4.447
20384,1.95,6.345,4.395
20385,1.79,6.375,4.585
20386,1.73,6.327,4.597
20387,1.95,6.313,4.363
20388,2.17,6.313,4.143
20389,1.61,6.32,4.71
20390,2.4,6.265,3.865
20391,1.84,6.265,4.425
20392,2.21,6.244,4.034
20393,1.97,6.236,4.266
20394,1.99,6.244,4.254
20395,1.97,6.217,4.247
20396,1.94,6.237,4.297
20397,2.07,6.373,4.303
20398,2.24,6.418,4.178
20399,2.0,6.43,4.43
20400,2.04,6.43,4.39
20401,1.84,6.438,4.598
20402,2.1,6.438,4.338
20403,1.86,6.495,4.635
20404,2.36,6.495,4.135
20405,2.05,6.486,4.436
20406,2.07,6.486,4.416
20407,2.52,6.495,3.975
20408,2.24,6.486,4.246
20409,2.36,6.495,4.135
20410,1.88,6.495,4.615
20411,2.6,6.495,3.895
20412,2.43,6.459,4.029
20413,1.79,6.451,4.661
20414,1.92,6.488,4.568
20415,2.42,6.445,4.025
20416,1.82,6.445,4.625
20417,2.15,6.445,4.295
20418,1.97,6.445,4.475
20419,2.48,6.445,3.965
20420,2.47,6.445,3.975
20421,1.77,6.432,4.662
20422,1.95,6.434,4.484
20423,2.34,6.434,4.094
20424,1.86,6.434,4.574
20425,2.13,6.434,4.304
20426,1.79,6.434,4.644
20427,1.97,6.434,4.464
20428,1.85,6.524,4.674
20429,1.93,6.434,4.504
20430,1.87,6.434,4.564
20431,1.72,6.434,4.714
20432,1.94,6.434,4.494
20433,1.83,6.344,4.514
20434,1.74,6.344,4.604
20435,2.0,6.344,4.344
20436,1.71,6.344,4.634
20437,2.06,6.344,4.284
20438,1.65,6.434,4.784
20439,1.78,6.434,4.654
20440,1.79,6.432,4.642
20441,2.23,6.43,4.2
20442,1.98,6.495,4.515
20443,2.14,6.486,4.346
20444,1.84,6.486,4.646
20445,1.88,6.486,4.606
20446,2.17,6.486,4.316
20447,1.94,6.486,4.546
20448,2.01,6.486,4.476
20449,1.89,6.508,4.618
20450,2.39,6.579,4.189
20451,2.0,6.626,4.626
20452,2.08,6.626,4.546
20453,1.96,6.661,4.701
20454,2.3,6.661,4.361
20455,2.17,6.589,4.419
20456,1.82,6.589,4.769
20457,1.84,6.512,4.672
20458,2.24,6.589,4.349
20459,1.56,6.577,5.017
20460,2.29,6.577,4.287
20461,2.07,6.577,4.507
20462,2.4,6.577,4.177
20463,1.81,6.43,4.62
20464,1.68,6.589,4.909
20465,1.75,6.248,4.498
20466,2.07,6.22,4.15
20467,2.29,6.23,3.94
20468,2.11,6.248,4.138
20469,2.11,6.178,4.068
20470,2.2,6.178,3.978
20471,2.08,5.952,3.872
20472,1.89,5.897,4.007
20473,1.85,5.685,3.835
20474,2.11,5.656,3.546
20475,2.19,5.763,3.573
20476,2.03,5.734,3.704
20477,1.93,5.821,3.891
20478,2.33,5.982,3.652
20479,1.98,5.05,3.07
20480,1.99,5.05,3.06
20481,2.28,5.098,2.818
20482,1.42,5.212,3.792
20483,2.18,5.084,2.904
20484,1.96,5.806,3.846
20485,2.19,5.748,3.558
20486,2.27,5.806,3.536
20487,1.71,4.914,3.204
20488,2.5,5.806,3.306
20489,2.08,4.909,2.829
20490,2.1,4.909,2.809
20491,2.43,4.909,2.479
20492,2.07,4.361,2.291
20493,1.88,4.909,3.029
20494,1.84,4.361,2.521
20495,1.95,5.002,3.052
20496,2.35,4.433,2.083
20497,2.2,4.433,2.233
20498,2.37,4.433,2.063
20499,2.45,4.433,1.983
20500,2.3,4.361,2.061
20501,2.02,4.037,2.017
20502,2.58,4.363,1.783
20503,6.55,4.037,-2.513
20504,3.16,4.037,0.877
20505,2.27,4.018,1.748
20506,1.97,4.433,2.463
20507,2.16,4.361,2.201
20508,2.67,4.914,2.244
20509,3.26,5.832,2.572
20510,2.69,5.685,2.995
20511,2.17,5.716,3.546
20512,2.57,5.716,3.146
20513,3.01,5.789,2.779
20514,3.13,5.744,2.614
20515,3.39,5.744,2.354
20516,2.91,6.26,3.35
20517,2.23,5.836,3.606
20518,2.21,5.802,3.592
20519,2.47,5.816,3.346
20520,2.84,6.74,3.9
20521,3.24,6.057,2.817
20522,2.57,6.713,4.143
20523,2.17,6.688,4.518
20524,2.56,6.072,3.512
20525,2.86,6.05,3.19
20526,2.49,6.028,3.538
20527,2.77,5.679,2.909
20528,2.61,6.078,3.468
20529,2.35,6.078,3.728
20530,2.49,5.623,3.133
20531,2.31,5.731,3.421
20532,3.06,5.625,2.565
20533,2.3,5.611,3.311
20534,2.35,5.694,3.344
20535,2.38,5.715,3.335
20536,2.91,5.982,3.072
20537,3.18,5.982,2.802
20538,2.9,5.844,2.944
20539,2.99,5.717,2.727
20540,2.84,5.717,2.877
20541,3.04,5.741,2.701
20542,3.02,5.743,2.723
20543,2.1,5.743,3.643
20544,3.06,5.752,2.692
20545,2.43,5.771,3.341
20546,1.55,5.764,4.214
20547,2.55,5.804,3.254
20548,2.31,5.741,3.431
20549,1.9,5.687,3.787
20550,2.73,5.658,2.928
20551,2.38,5.687,3.307
20552,1.46,5.656,4.196
20553,2.19,5.842,3.652
20554,1.87,5.05,3.18
20555,2.31,5.748,3.438
20556,2.07,5.821,3.751
20557,1.88,5.656,3.776
20558,2.08,5.748,3.668
20559,1.86,5.656,3.796
20560,1.2,5.778,4.578
20561,2.26,5.778,3.518
20562,2.91,5.778,2.868
20563,2.55,6.027,3.477
20564,2.16,6.052,3.892
20565,1.98,6.127,4.147
20566,1.96,6.085,4.125
20567,1.97,5.08,3.11
20568,2.68,6.325,3.645
20569,2.4,6.325,3.925
20570,2.07,6.057,3.987
20571,2.73,6.035,3.305
20572,2.36,6.035,3.675
20573,2.65,5.136,2.486
20574,2.39,5.332,2.942
20575,1.83,5.332,3.502
20576,2.08,5.334,3.254
20577,2.34,5.334,2.994
20578,2.16,6.053,3.893
20579,2.13,6.057,3.927
20580,2.88,6.053,3.173
20581,2.63,5.84,3.21
20582,2.31,5.811,3.501
20583,2.29,5.746,3.456
20584,2.86,5.746,2.886
20585,2.13,4.913,2.783
20586,2.56,5.811,3.251
20587,2.07,5.746,3.676
20588,2.36,5.662,3.302
20589,2.29,5.746,3.456
20590,2.57,5.7,3.13
20591,2.35,4.873,2.523
20592,1.98,4.913,2.933
20593,1.9,4.873,2.973
20594,2.44,4.873,2.433
20595,2.65,5.616,2.966
20596,2.46,4.81,2.35
20597,2.24,4.81,2.57
20598,2.75,4.703,1.953
20599,2.23,5.616,3.386
20600,2.72,5.616,2.896
20601,2.32,5.616,3.296
20602,3.13,5.248,2.118
20603,2.79,5.646,2.856
20604,1.9,5.646,3.746
20605,2.38,5.784,3.404
20606,2.74,5.784,3.044
20607,2.2,5.896,3.696
20608,2.2,5.804,3.604
20609,2.14,5.845,3.705
20610,2.61,5.704,3.094
20611,2.51,5.719,3.209
20612,2.78,5.79,3.01
20613,2.45,5.79,3.34
20614,3.08,5.827,2.747
20615,2.29,6.268,3.978
20616,2.47,6.268,3.798
20617,2.76,6.936,4.176
20618,2.17,6.234,4.064
20619,2.42,6.22,3.8
20620,2.45,6.22,3.77
20621,2.47,6.24,3.77
20622,2.85,5.874,3.024
20623,2.4,5.855,3.455
20624,2.42,5.755,3.335
20625,2.44,5.845,3.405
20626,2.78,5.704,2.924
20627,2.32,5.786,3.466
20628,2.61,5.786,3.176
20629,2.38,5.833,3.453
20630,2.45,5.807,3.357
20631,2.45,5.761,3.311
20632,2.21,5.819,3.609
20633,2.67,5.831,3.161
20634,2.57,5.846,3.276
20635,2.48,5.776,3.296
20636,2.21,5.776,3.566
20637,2.19,5.776,3.586
20638,1.91,5.749,3.839
20639,2.19,5.749,3.559
20640,2.29,5.749,3.459
20641,2.1,5.764,3.664
20642,2.35,5.726,3.376
20643,1.96,5.662,3.702
20644,2.3,4.883,2.583
20645,2.29,4.884,2.594
20646,1.81,4.884,3.074
20647,1.73,4.883,3.153
20648,2.16,4.374,2.214
20649,2.32,4.82,2.5
20650,2.03,4.82,2.79
20651,2.03,4.883,2.853
20652,1.95,4.374,2.424
20653,1.92,4.376,2.456
20654,1.82,4.376,2.556
20655,1.78,4.056,2.276
20656,2.02,4.056,2.036
20657,2.19,4.056,1.866
20658,2.06,4.042,1.982
20659,2.47,4.042,1.572
20660,0.93,4.042,3.112
20661,2.17,4.03,1.86
20662,1.86,4.03,2.17
20663,1.95,4.017,2.067
20664,1.48,4.017,2.537
20665,2.27,4.02,1.75
20666,1.98,4.02,2.04
20667,2.42,4.017,1.597
20668,1.74,4.02,2.28
20669,2.2,4.017,1.817
20670,2.26,4.014,1.754
20671,1.77,4.014,2.244
20672,2.32,4.017,1.697
20673,2.18,3.974,1.794
20674,2.05,3.974,1.924
20675,2.1,3.974,1.874
20676,1.8,3.974,2.174
20677,1.86,3.974,2.114
20678,2.25,3.974,1.724
20679,2.19,4.025,1.835
20680,2.64,4.038,1.398
20681,1.83,4.038,2.208
20682,2.85,4.038,1.188
20683,2.36,4.038,1.678
20684,2.63,4.038,1.408
20685,1.95,4.038,2.088
20686,2.31,4.038,1.728
20687,2.28,4.038,1.758
20688,2.31,4.038,1.728
20689,2.11,4.038,1.928
20690,2.51,4.038,1.528
20691,2.18,4.038,1.858
20692,2.56,3.984,1.424
20693,2.54,3.984,1.444
20694,2.73,3.984,1.254
20695,2.4,3.984,1.584
20696,2.55,3.984,1.434
20697,2.22,3.984,1.764
20698,2.42,3.984,1.564
20699,2.7,3.984,1.284
20700,2.54,3.984,1.444
20701,2.08,4.038,1.958
20702,3.08,3.984,0.904
20703,2.45,4.038,1.588
20704,1.98,4.038,2.058
20705,2.11,4.038,1.928
20706,2.15,4.061,1.911
20707,2.19,4.074,1.884
20708,2.41,4.091,1.681
20709,2.35,4.094,1.744
20710,2.36,4.094,1.734
20711,1.95,4.094,2.144
20712,2.01,4.094,2.084
20713,2.16,4.106,1.946
20714,2.76,4.106,1.346
20715,2.06,4.106,2.046
20716,2.71,4.106,1.396
20717,2.23,4.109,1.879
20718,1.99,4.109,2.119
20719,2.29,4.109,1.819
20720,2.11,4.109,1.999
20721,2.2,4.109,1.909
20722,2.09,4.109,2.019
20723,2.42,4.349,1.929
20724,2.2,4.349,2.149
20725,2.14,4.349,2.209
20726,2.66,4.349,1.689
20727,2.42,4.351,1.931
20728,2.83,4.11,1.28
20729,2.56,4.099,1.539
20730,2.19,4.099,1.909
20731,2.12,4.104,1.984
20732,2.31,4.106,1.796
20733,2.51,4.106,1.596
20734,2.15,4.101,1.951
20735,2.39,4.106,1.716
20736,2.07,4.096,2.026
20737,2.18,4.096,1.916
20738,2.23,4.084,1.854
20739,2.72,4.068,1.348
20740,2.59,4.059,1.469
20741,3.31,4.059,0.749
20742,2.25,4.059,1.809
20743,2.35,4.059,1.709
20744,2.35,4.047,1.697
20745,2.53,4.073,1.543
20746,2.02,4.059,2.039
20747,2.58,4.062,1.482
20748,2.29,4.062,1.772
20749,2.26,4.062,1.802
20750,2.7,4.049,1.349
20751,2.26,4.049,1.789
20752,2.37,4.049,1.679
20753,2.93,4.062,1.132
20754,2.57,4.062,1.492
20755,2.58,4.062,1.482
20756,2.31,4.081,1.771
20757,2.5,4.047,1.547
20758,2.13,4.069,1.939
20759,2.1,4.069,1.969
20760,1.93,4.069,2.139
20761,2.05,4.045,1.995
20762,2.29,4.069,1.779
20763,1.94,4.047,2.107
20764,1.95,4.047,2.097
20765,2.01,4.019,2.009
20766,2.38,4.021,1.641
20767,2.08,4.019,1.939
20768,1.27,4.045,2.775
20769,1.79,4.061,2.271
20770,3.03,4.029,0.999
20771,2.11,4.029,1.919
20772,1.48,4.029,2.549
20773,2.71,4.061,1.351
20774,1.89,4.029,2.139
20775,1.39,4.029,2.639
20776,2.07,4.029,1.959
20777,2.59,4.061,1.471
20778,2.67,4.069,1.399
20779,3.49,4.081,0.591
20780,2.94,4.08,1.14
20781,2.11,4.069,1.959
20782,2.84,4.096,1.256
20783,2.6,4.099,1.499
20784,2.71,4.359,1.649
20785,3.23,4.363,1.133
20786,3.44,4.349,0.909
20787,3.85,4.348,0.498
20788,2.88,4.11,1.23
20789,3.33,4.345,1.015
20790,3.31,4.656,1.346
20791,3.94,4.345,0.405
20792,4.02,4.345,0.325
20793,3.65,4.345,0.695
20794,3.76,4.656,0.896
20795,3.23,4.656,1.426
20796,3.22,4.656,1.436
20797,3.46,4.656,1.196
20798,3.33,4.656,1.326
20799,3.18,4.656,1.476
20800,3.39,4.345,0.955
20801,3.78,4.345,0.565
20802,2.59,4.349,1.759
20803,2.75,4.345,1.595
20804,2.8,4.111,1.311
20805,3.7,4.345,0.645
20806,2.59,4.656,2.066
20807,2.45,5.127,2.677
20808,2.26,5.127,2.867
20809,2.28,5.128,2.848
20810,2.31,4.769,2.459
20811,1.88,5.105,3.225
20812,2.44,5.004,2.564
20813,2.13,5.105,2.975
20814,2.08,5.127,3.047
20815,2.4,5.105,2.705
20816,2.29,5.127,2.837
20817,2.26,5.128,2.868
20818,2.2,5.127,2.927
20819,2.16,5.126,2.966
20820,2.35,5.126,2.776
20821,2.26,5.126,2.866
20822,2.23,4.656,2.426
20823,2.37,4.656,2.286
20824,2.74,4.656,1.916
20825,2.68,4.656,1.976
20826,1.85,4.349,2.499
20827,3.27,4.349,1.079
20828,2.09,4.348,2.258
20829,2.16,4.099,1.939
20830,1.42,4.099,2.679
20831,1.91,4.099,2.189
20832,2.32,4.096,1.776
20833,2.76,4.096,1.336
20834,2.92,4.096,1.176
20835,2.17,4.084,1.914
20836,2.03,4.084,2.054
20837,1.61,4.084,2.474
20838,1.76,4.021,2.261
20839,2.05,4.047,1.997
20840,2.59,4.047,1.457
20841,2.5,4.084,1.584
20842,2.36,4.093,1.733
20843,2.26,4.113,1.853
20844,2.05,4.113,2.063
20845,2.16,4.092,1.932
20846,1.8,4.074,2.274
20847,1.81,4.074,2.264
20848,1.8,4.072,2.272
20849,2.03,4.043,2.013
20850,1.79,4.039,2.249
20851,2.02,3.986,1.966
20852,1.81,3.984,2.174
20853,1.8,3.984,2.184
20854,1.76,4.002,2.242
20855,2.27,4.002,1.732
20856,1.73,4.002,2.272
20857,2.01,3.666,1.656
20858,2.13,3.666,1.536
20859,1.93,3.666,1.736
20860,2.0,3.666,1.666
20861,1.92,3.666,1.746
20862,1.97,3.68,1.71
20863,1.9,3.68,1.78
20864,1.63,3.68,2.05
20865,2.08,3.68,1.6
20866,1.79,3.68,1.89
20867,1.7,3.68,1.98
20868,1.91,3.674,1.764
20869,1.82,3.674,1.854
20870,1.82,3.674,1.854
20871,1.82,3.674,1.854
20872,1.98,3.674,1.694
20873,2.25,3.674,1.424
20874,2.02,3.666,1.646
20875,1.91,3.666,1.756
20876,1.71,3.666,1.956
20877,1.28,3.666,2.386
20878,1.86,3.666,1.806
20879,1.66,3.658,1.998
20880,2.2,3.666,1.466
20881,2.3,3.658,1.358
20882,1.92,3.666,1.746
20883,2.21,3.658,1.448
20884,2.02,3.658,1.638
20885,2.15,3.658,1.508
20886,2.16,3.658,1.498
20887,2.65,3.658,1.008
20888,2.09,3.658,1.568
20889,1.84,3.658,1.818
20890,2.02,3.658,1.638
20891,1.86,3.657,1.797
20892,1.46,3.657,2.197
20893,1.65,3.657,2.007
20894,1.8,3.666,1.866
20895,1.97,3.666,1.696
20896,1.5,3.674,2.174
20897,1.85,3.666,1.816
20898,2.26,3.666,1.406
20899,1.73,3.666,1.936
20900,1.97,3.666,1.696
20901,1.8,3.666,1.866
20902,1.47,3.666,2.196
20903,1.89,3.666,1.776
20904,1.49,3.666,2.176
20905,1.61,3.666,2.056
20906,1.6,3.666,2.066
20907,1.91,3.674,1.764
20908,1.88,3.666,1.786
20909,1.9,3.666,1.766
20910,1.94,3.666,1.726
20911,2.18,3.674,1.494
20912,2.14,3.674,1.534
20913,1.4,3.674,2.274
20914,1.78,3.666,1.886
20915,1.89,3.674,1.784
20916,2.23,3.666,1.436
20917,1.96,3.674,1.714
20918,2.12,3.674,1.554
20919,1.54,3.666,2.126
20920,1.92,3.666,1.746
20921,1.32,3.666,2.346
20922,1.98,3.666,1.686
20923,2.22,3.674,1.454
20924,2.39,3.674,1.284
20925,2.36,3.674,1.314
20926,2.18,3.674,1.494
20927,2.11,3.674,1.564
20928,2.33,3.68,1.35
20929,1.87,3.68,1.81
20930,2.47,3.666,1.196
20931,2.59,4.071,1.481
20932,2.3,4.041,1.741
20933,2.88,4.071,1.191
20934,2.94,4.071,1.131
20935,2.92,4.114,1.194
20936,3.04,4.094,1.054
20937,2.88,4.094,1.214
20938,2.74,4.093,1.353
20939,3.04,4.105,1.065
20940,2.72,4.072,1.352
20941,3.2,4.071,0.871
20942,2.89,4.071,1.181
20943,3.35,4.093,0.743
20944,2.0,4.093,2.093
20945,2.61,4.071,1.461
20946,3.0,4.041,1.041
20947,3.02,4.071,1.051
20948,2.58,4.041,1.461
20949,2.59,3.989,1.399
20950,2.93,3.989,1.059
20951,2.4,3.991,1.591
20952,2.56,3.99,1.43
20953,2.01,3.99,1.98
20954,2.59,3.99,1.4
20955,2.49,4.006,1.516
20956,2.3,3.991,1.691
20957,2.78,4.008,1.228
20958,2.84,4.008,1.168
20959,2.65,4.008,1.358
20960,2.11,4.008,1.898
20961,2.75,4.008,1.258
20962,2.25,4.009,1.759
20963,2.41,4.009,1.599
20964,2.58,3.666,1.086
20965,2.24,3.666,1.426
20966,2.79,3.68,0.89
20967,2.44,3.674,1.234
20968,2.49,3.674,1.184
20969,2.6,3.681,1.081
20970,2.21,3.681,1.471
20971,2.18,3.68,1.5
20972,2.53,3.675,1.145
20973,1.81,3.666,1.856
20974,2.09,3.666,1.576
20975,2.32,3.666,1.346
20976,2.29,3.658,1.368
20977,2.14,3.657,1.517
20978,2.69,3.657,0.967
20979,2.43,3.655,1.225
20980,2.38,3.655,1.275
20981,2.43,3.646,1.216
20982,2.09,3.655,1.565
20983,2.25,3.646,1.396
20984,2.06,3.646,1.586
20985,2.02,3.646,1.626
20986,3.24,3.646,0.406
20987,2.01,3.646,1.636
20988,1.95,3.646,1.696
20989,1.71,3.646,1.936
20990,3.02,3.66,0.64
20991,2.08,3.663,1.583
20992,1.84,3.674,1.834
20993,1.83,3.68,1.85
20994,1.85,3.679,1.829
20995,1.69,3.68,1.99
20996,1.89,3.679,1.789
20997,1.79,3.671,1.881
20998,1.91,3.671,1.761
20999,1.95,3.679,1.729
21000,1.74,3.679,1.939
21001,1.9,3.677,1.777
21002,1.9,3.668,1.768
21003,1.81,3.66,1.85
21004,1.79,3.66,1.87
21005,1.81,3.66,1.85
21006,1.78,3.66,1.88
21007,1.73,3.66,1.93
21008,1.95,3.668,1.718
21009,1.86,3.66,1.8
21010,2.2,3.657,1.457
21011,1.87,3.657,1.787
21012,1.83,3.67,1.84
21013,1.97,3.67,1.7
21014,1.93,3.67,1.74
21015,2.47,3.662,1.192
21016,1.7,3.662,1.962
21017,2.09,3.666,1.576
21018,2.4,3.662,1.262
21019,2.36,3.666,1.306
21020,2.34,3.662,1.322
21021,2.34,3.662,1.322
21022,2.05,3.662,1.612
21023,2.57,3.666,1.096
21024,2.32,3.662,1.342
21025,2.28,3.675,1.395
21026,2.42,3.666,1.246
21027,2.21,3.662,1.452
21028,2.24,3.666,1.426
21029,1.92,3.666,1.746
21030,2.74,3.666,0.926
21031,2.04,3.666,1.626
21032,2.38,3.666,1.286
21033,2.26,3.666,1.406
21034,2.23,3.666,1.436
21035,2.05,3.631,1.581
21036,1.99,3.672,1.682
21037,2.19,3.621,1.431
21038,2.03,3.631,1.601
21039,2.16,3.631,1.471
21040,2.11,3.631,1.521
21041,2.47,3.567,1.097
21042,2.17,3.566,1.396
21043,2.67,3.554,0.884
21044,2.22,3.566,1.346
21045,2.4,3.566,1.166
21046,2.35,3.566,1.216
21047,2.39,3.551,1.161
21048,1.99,3.567,1.577
21049,2.24,3.552,1.312
21050,2.54,3.57,1.03
21051,2.09,3.472,1.382
21052,2.15,3.57,1.42
21053,2.15,3.57,1.42
21054,2.11,3.472,1.362
21055,2.03,3.567,1.537
21056,2.21,3.57,1.36
21057,2.08,3.47,1.39
21058,2.11,3.467,1.357
21059,2.04,3.47,1.43
21060,2.14,3.462,1.322
21061,2.14,3.47,1.33
21062,2.15,3.47,1.32
21063,2.17,3.463,1.293
21064,2.19,3.463,1.273
21065,2.28,3.462,1.182
21066,2.1,3.489,1.389
21067,2.0,3.469,1.469
21068,2.12,3.489,1.369
21069,2.27,3.489,1.219
21070,2.29,3.51,1.22
21071,2.14,3.489,1.349
21072,2.06,3.489,1.429
21073,2.23,3.51,1.28
21074,2.29,3.533,1.243
21075,2.15,3.527,1.377
21076,2.67,3.527,0.857
21077,2.28,3.502,1.222
21078,2.48,3.51,1.03
21079,2.31,3.527,1.217
21080,2.11,3.533,1.423
21081,1.81,3.502,1.692
21082,1.85,3.502,1.652
21083,1.83,3.551,1.721
21084,1.82,3.551,1.731
21085,1.96,3.551,1.591
21086,2.05,3.502,1.452
21087,1.57,3.55,1.98
21088,1.71,3.55,1.84
21089,1.82,3.55,1.73
21090,1.65,3.531,1.881
21091,1.78,3.487,1.707
21092,1.61,3.465,1.855
21093,1.87,3.465,1.595
21094,1.8,3.465,1.665
21095,1.64,4.168,2.528
21096,1.76,3.462,1.702
21097,1.77,3.545,1.775
21098,1.75,3.462,1.712
21099,1.65,3.545,1.895
21100,1.66,3.545,1.885
21101,1.97,3.462,1.492
21102,1.7,3.545,1.845
21103,1.75,3.545,1.795
21104,1.94,3.462,1.522
21105,2.06,3.465,1.405
21106,1.82,3.465,1.645
21107,2.34,3.465,1.125
21108,2.25,3.465,1.215
21109,2.04,3.465,1.425
21110,2.59,3.489,0.899
21111,2.25,3.515,1.265
21112,2.66,3.502,0.842
21113,2.16,3.55,1.39
21114,1.95,3.551,1.601
21115,2.69,3.55,0.86
21116,2.32,3.55,1.23
21117,2.14,3.516,1.376
21118,2.46,3.734,1.274
21119,2.3,3.55,1.25
21120,2.62,3.516,0.896
21121,2.73,3.516,0.786
21122,2.5,3.516,1.016
21123,2.15,3.684,1.534
21124,2.2,3.684,1.484
21125,2.44,3.756,1.316
21126,2.26,3.756,1.496
21127,2.04,3.756,1.716
21128,2.39,3.734,1.344
21129,2.62,3.772,1.152
21130,2.44,3.756,1.316
21131,2.71,3.772,1.062
21132,2.76,3.734,0.974
21133,2.45,3.756,1.306
21134,2.11,3.8,1.69
21135,2.37,3.756,1.386
21136,2.66,3.8,1.14
21137,3.06,3.837,0.777
21138,2.59,3.797,1.207
21139,2.41,3.755,1.345
21140,2.14,3.797,1.657
21141,2.63,3.868,1.238
21142,2.1,3.868,1.768
21143,2.59,3.868,1.278
21144,2.45,3.868,1.418
21145,2.35,3.868,1.518
21146,2.14,3.868,1.728
21147,2.45,3.871,1.421
21148,2.33,3.871,1.541
21149,2.73,3.866,1.136
21150,2.48,3.872,1.392
21151,2.37,3.868,1.498
21152,2.75,3.868,1.118
21153,2.36,3.901,1.541
21154,2.32,3.868,1.548
21155,2.86,3.869,1.009
21156,2.5,3.872,1.372
21157,2.52,3.868,1.348
21158,2.32,3.868,1.548
21159,2.86,3.868,1.008
21160,2.7,3.864,1.164
21161,2.31,3.862,1.552
21162,2.71,3.864,1.154
21163,2.43,3.864,1.434
21164,2.13,3.896,1.766
21165,2.46,3.868,1.408
21166,2.26,3.896,1.636
21167,2.38,3.896,1.516
21168,2.34,3.864,1.524
21169,2.49,3.868,1.378
21170,2.49,3.876,1.386
21171,2.39,3.868,1.478
21172,2.27,3.857,1.587
21173,2.38,3.889,1.509
21174,2.65,3.876,1.226
21175,2.31,3.876,1.566
21176,2.38,3.91,1.53
21177,1.96,3.904,1.944
21178,2.03,3.889,1.859
21179,1.89,3.876,1.986
21180,1.83,3.876,2.046
21181,2.0,3.876,1.876
21182,1.76,3.876,2.116
21183,2.1,3.876,1.776
21184,1.89,3.876,1.986
21185,1.7,3.861,2.161
21186,2.06,3.876,1.816
21187,2.04,3.889,1.849
21188,1.89,3.856,1.966
21189,1.91,3.856,1.946
21190,1.73,3.888,2.158
21191,1.62,3.9,2.28
21192,1.6,3.893,2.293
21193,1.72,3.893,2.173
21194,1.72,3.893,2.173
21195,1.97,3.888,1.918
21196,1.88,3.893,2.013
21197,1.99,3.854,1.864
21198,1.97,3.893,1.923
21199,1.75,4.417,2.667
21200,2.06,3.888,1.828
21201,2.14,3.888,1.748
21202,1.99,3.893,1.903
21203,2.17,3.888,1.718
21204,2.21,3.888,1.678
21205,2.27,3.856,1.586
21206,2.24,3.861,1.621
21207,2.37,3.861,1.491
21208,2.25,3.861,1.611
21209,2.62,3.861,1.241
21210,2.45,3.861,1.411
21211,2.3,3.876,1.576
21212,2.38,3.889,1.509
21213,2.46,3.904,1.444
21214,2.43,3.889,1.459
21215,2.34,3.889,1.549
21216,2.24,3.91,1.67
21217,2.32,3.91,1.59
21218,2.55,3.91,1.36
21219,2.19,3.91,1.72
21220,2.12,3.91,1.79
21221,1.96,3.91,1.95
21222,2.33,3.91,1.58
21223,2.33,3.91,1.58
21224,2.52,3.91,1.39
21225,1.96,3.902,1.942
21226,2.9,3.91,1.01
21227,2.08,3.91,1.83
21228,2.33,3.91,1.58
21229,2.43,3.91,1.48
21230,2.31,3.892,1.582
21231,2.24,3.902,1.662
21232,2.19,3.783,1.593
21233,2.52,3.881,1.361
21234,2.03,3.881,1.851
21235,2.4,3.892,1.492
21236,2.61,3.881,1.271
21237,2.12,3.881,1.761
21238,1.73,3.881,2.151
21239,2.63,3.892,1.262
21240,2.88,3.783,0.903
21241,2.07,3.745,1.675
21242,2.3,3.745,1.445
21243,1.92,3.745,1.825
21244,2.21,3.752,1.542
21245,2.28,3.721,1.441
21246,2.62,3.745,1.125
21247,2.49,3.745,1.255
21248,2.84,3.749,0.909
21249,2.45,3.718,1.268
21250,3.02,3.716,0.696
21251,2.48,3.718,1.238
21252,2.41,3.718,1.308
21253,1.94,3.718,1.778
21254,2.49,3.716,1.226
21255,3.57,3.749,0.179
21256,2.18,3.749,1.569
21257,3.29,3.718,0.428
21258,2.38,3.716,1.336
21259,2.28,3.718,1.438
21260,2.3,3.718,1.418
21261,2.77,3.718,0.948
21262,2.17,3.716,1.546
21263,1.93,3.716,1.786
21264,1.89,3.716,1.826
21265,2.35,3.716,1.366
21266,2.6,3.716,1.116
21267,2.12,3.677,1.557
21268,2.47,3.665,1.195
21269,2.31,3.677,1.367
21270,2.12,3.661,1.541
21271,2.54,3.677,1.137
21272,2.76,3.665,0.905
21273,2.83,3.665,0.835
21274,2.25,3.658,1.408
21275,2.13,3.691,1.561
21276,1.99,3.661,1.671
21277,2.11,3.661,1.551
21278,2.23,3.661,1.431
21279,2.01,3.694,1.684
21280,2.17,3.661,1.491
21281,2.05,3.694,1.644
21282,2.11,3.668,1.558
21283,2.19,3.668,1.478
21284,2.12,3.661,1.541
21285,2.03,3.661,1.631
21286,1.98,3.661,1.681
21287,2.07,3.668,1.598
21288,2.01,3.665,1.655
21289,2.11,3.661,1.551
21290,2.14,3.661,1.521
21291,2.26,3.661,1.401
21292,1.83,3.661,1.831
21293,1.96,3.661,1.701
21294,2.13,3.661,1.531
21295,2.32,3.694,1.374
21296,2.01,3.658,1.648
21297,2.12,3.694,1.574
21298,2.21,3.694,1.484
21299,2.05,3.694,1.644
21300,1.92,3.691,1.771
21301,2.16,3.691,1.531
21302,1.96,3.691,1.731
21303,1.88,3.691,1.811
21304,2.09,3.704,1.614
21305,1.89,3.701,1.811
21306,1.94,3.691,1.751
21307,1.99,3.701,1.711
21308,1.87,3.701,1.831
21309,1.88,3.701,1.821
21310,1.85,3.701,1.851
21311,1.86,3.691,1.831
21312,2.22,3.691,1.471
21313,1.88,3.701,1.821
21314,1.95,3.701,1.751
21315,2.06,3.691,1.631
21316,1.92,3.691,1.771
21317,1.86,3.691,1.831
21318,1.76,3.69,1.93
21319,1.8,3.691,1.891
21320,1.77,3.691,1.921
21321,1.86,3.691,1.831
21322,1.65,3.69,2.04
21323,1.76,3.691,1.931
21324,2.02,3.701,1.681
21325,1.83,3.691,1.861
21326,1.76,3.701,1.941
21327,1.82,3.7,1.88
21328,1.84,3.701,1.861
21329,1.9,3.693,1.793
21330,1.76,3.693,1.933
21331,1.89,3.693,1.803
21332,1.83,3.693,1.863
21333,1.9,3.693,1.793
21334,1.86,3.696,1.836
21335,1.97,3.696,1.726
21336,2.02,3.696,1.676
21337,1.91,3.693,1.783
21338,2.0,3.696,1.696
21339,2.08,3.696,1.616
21340,1.98,3.69,1.71
21341,2.04,3.696,1.656
21342,1.81,3.696,1.886
21343,2.21,3.696,1.486
21344,2.22,3.69,1.47
21345,1.79,3.678,1.888
21346,1.76,3.69,1.93
21347,2.24,3.69,1.45
21348,2.0,3.69,1.69
21349,1.78,3.69,1.91
21350,2.09,3.684,1.594
21351,2.25,3.69,1.44
21352,2.42,3.678,1.258
21353,2.44,3.678,1.238
21354,1.94,3.676,1.736
21355,2.14,3.676,1.536
21356,1.99,3.671,1.681
21357,2.23,3.676,1.446
21358,2.17,3.684,1.514
21359,1.93,3.684,1.754
21360,3.02,3.671,0.651
21361,2.16,3.671,1.511
21362,2.22,3.677,1.457
21363,2.2,3.671,1.471
21364,2.24,3.677,1.437
21365,2.46,3.677,1.217
21366,2.43,3.671,1.241
21367,2.32,3.671,1.351
21368,1.95,3.671,1.721
21369,2.51,3.671,1.161
21370,2.1,3.671,1.571
21371,2.18,3.678,1.498
21372,1.88,3.678,1.798
21373,2.02,3.671,1.651
21374,1.9,3.671,1.771
21375,1.9,3.676,1.776
21376,1.95,3.676,1.726
21377,2.06,3.676,1.616
21378,1.75,3.671,1.921
21379,1.66,3.676,2.016
21380,2.01,3.676,1.666
21381,1.84,3.671,1.831
21382,1.99,3.671,1.681
21383,1.74,3.671,1.931
21384,1.99,3.676,1.686
21385,2.08,3.671,1.591
21386,2.1,3.678,1.578
21387,2.05,3.671,1.621
21388,1.87,3.671,1.801
21389,1.71,3.671,1.961
21390,1.9,3.671,1.771
21391,1.97,3.678,1.708
21392,2.08,3.671,1.591
21393,1.83,3.678,1.848
21394,2.27,3.678,1.408
21395,2.23,3.678,1.448
21396,2.07,3.678,1.608
21397,1.97,3.662,1.692
21398,2.06,3.662,1.602
21399,2.26,3.678,1.418
21400,2.38,3.677,1.297
21401,1.89,3.677,1.787
21402,2.08,3.662,1.582
21403,2.34,3.662,1.322
21404,2.04,3.662,1.622
21405,2.07,3.662,1.592
21406,2.39,3.662,1.272
21407,2.34,3.662,1.322
21408,2.58,3.662,1.082
21409,2.43,3.662,1.232
21410,2.06,3.662,1.602
21411,1.95,3.662,1.712
21412,1.55,3.662,2.112
21413,1.91,3.662,1.752
21414,2.05,3.662,1.612
21415,1.94,3.662,1.722
21416,1.35,3.662,2.312
21417,2.07,3.662,1.592
21418,2.09,3.662,1.572
21419,1.95,3.662,1.712
21420,2.85,3.662,0.812
21421,1.94,3.662,1.722
21422,2.3,3.662,1.362
21423,1.96,3.662,1.702
21424,2.72,3.661,0.941
21425,1.61,3.661,2.051
21426,1.78,3.661,1.881
21427,1.82,3.661,1.841
21428,2.03,3.661,1.631
21429,2.07,3.661,1.591
21430,2.08,3.661,1.581
21431,1.58,3.661,2.081
21432,2.06,3.661,1.601
21433,2.04,3.661,1.621
21434,2.3,3.661,1.361
21435,1.84,3.661,1.821
21436,2.28,3.661,1.381
21437,1.92,3.661,1.741
21438,2.06,3.661,1.601
21439,2.1,3.661,1.561
21440,2.11,3.661,1.551
21441,2.06,3.661,1.601
21442,2.1,3.661,1.561
21443,2.12,3.661,1.541
21444,2.2,3.661,1.461
21445,2.69,3.661,0.971
21446,2.12,3.661,1.541
21447,1.95,3.661,1.711
21448,2.2,3.661,1.461
21449,2.25,3.661,1.411
21450,1.8,3.661,1.861
21451,2.26,3.661,1.401
21452,2.08,3.661,1.581
21453,1.95,3.661,1.711
21454,2.14,3.657,1.517
21455,1.87,3.661,1.791
21456,1.98,3.661,1.681
21457,1.92,3.657,1.737
21458,2.23,3.661,1.431
21459,2.19,3.661,1.471
21460,2.69,3.661,0.971
21461,2.15,3.657,1.507
21462,2.14,3.657,1.517
21463,2.0,3.657,1.657
21464,1.99,3.657,1.667
21465,2.22,3.657,1.437
21466,2.0,3.657,1.657
21467,2.04,3.657,1.617
21468,1.9,3.657,1.757
21469,1.87,3.657,1.787
21470,1.8,3.657,1.857
21471,1.99,3.661,1.671
21472,2.44,3.657,1.217
21473,2.02,3.657,1.637
21474,2.42,3.661,1.241
21475,1.95,3.661,1.711
21476,1.84,3.661,1.821
21477,1.77,3.661,1.891
21478,1.55,3.661,2.111
21479,1.63,3.662,2.032
21480,1.89,3.662,1.772
21481,2.14,3.662,1.522
21482,1.6,3.661,2.061
21483,2.11,3.661,1.551
21484,1.63,3.661,2.031
21485,1.73,3.661,1.931
21486,1.54,3.661,2.121
21487,1.54,3.661,2.121
21488,1.74,3.661,1.921
21489,2.05,3.661,1.611
21490,1.63,3.661,2.031
21491,1.86,3.657,1.797
21492,2.14,3.657,1.517
21493,2.59,3.657,1.067
21494,2.42,3.657,1.237
21495,1.8,3.657,1.857
21496,1.82,3.658,1.838
21497,2.45,3.658,1.208
21498,2.46,3.658,1.198
21499,2.42,3.658,1.238
21500,1.8,3.658,1.858
21501,1.9,3.658,1.758
21502,2.16,3.608,1.448
21503,2.24,3.608,1.368
21504,1.54,3.608,2.068
21505,1.97,3.608,1.638
21506,1.96,3.594,1.634
21507,1.9,3.608,1.708
21508,2.29,3.608,1.318
21509,2.13,3.608,1.478
21510,1.98,3.608,1.628
21511,1.49,3.608,2.118
21512,1.99,3.608,1.618
21513,1.29,3.608,2.318
21514,2.65,3.608,0.958
21515,1.85,3.608,1.758
21516,2.07,3.608,1.538
21517,3.46,3.608,0.148
21518,1.38,3.608,2.228
21519,1.44,3.608,2.168
21520,2.23,3.594,1.364
21521,2.15,3.594,1.444
21522,1.9,3.594,1.694
21523,2.13,3.594,1.464
21524,2.3,3.594,1.294
21525,2.17,3.594,1.424
21526,2.08,3.594,1.514
21527,2.38,3.594,1.214
21528,2.21,3.594,1.384
21529,2.14,3.594,1.454
21530,2.14,3.594,1.454
21531,1.59,3.594,2.004
21532,1.58,3.594,2.014
21533,1.4,3.594,2.194
21534,1.52,3.581,2.061
21535,2.08,3.581,1.501
21536,2.09,3.594,1.504
21537,2.13,3.594,1.464
21538,2.27,3.595,1.325
21539,2.26,3.581,1.321
21540,2.03,3.595,1.565
21541,2.2,3.594,1.394
21542,1.81,3.595,1.785
21543,1.7,3.582,1.882
21544,1.85,3.582,1.732
21545,1.6,3.581,1.981
21546,1.69,3.581,1.891
21547,3.33,3.582,0.252
21548,1.55,3.582,2.032
21549,1.34,3.582,2.242
21550,1.86,3.582,1.722
21551,1.94,3.582,1.642
21552,2.1,3.582,1.482
21553,2.31,3.565,1.255
21554,2.87,3.565,0.695
21555,2.07,3.565,1.495
21556,3.52,3.565,0.045
21557,2.28,3.565,1.285
21558,1.93,3.565,1.635
21559,1.75,3.565,1.815
21560,2.5,3.565,1.065
21561,1.72,3.565,1.845
21562,2.11,3.565,1.455
21563,1.92,3.565,1.645
21564,1.68,3.565,1.885
21565,1.87,3.581,1.711
21566,2.04,3.644,1.604
21567,1.8,3.646,1.846
21568,1.79,3.646,1.856
21569,1.78,3.644,1.864
21570,2.22,3.644,1.424
21571,1.82,3.644,1.824
21572,1.72,3.644,1.924
21573,1.84,3.644,1.804
21574,1.84,3.644,1.804
21575,1.94,3.644,1.704
21576,1.85,3.644,1.794
21577,1.9,3.644,1.744
21578,1.83,3.644,1.814
21579,1.65,3.644,1.994
21580,2.17,3.644,1.474
21581,1.73,3.644,1.914
21582,1.73,3.644,1.914
21583,1.71,3.644,1.934
21584,2.15,3.644,1.494
21585,1.92,3.644,1.724
21586,2.14,3.646,1.506
21587,2.14,3.646,1.506
21588,2.13,3.631,1.501
21589,2.32,3.631,1.311
21590,2.41,3.632,1.222
21591,2.45,3.632,1.182
21592,2.27,3.565,1.295
21593,2.22,3.565,1.345
21594,2.52,3.565,1.045
21595,2.23,3.565,1.335
21596,2.18,3.565,1.385
21597,2.2,3.565,1.365
21598,2.18,3.577,1.397
21599,2.59,3.577,0.987
21600,2.53,3.577,1.047
21601,1.92,3.577,1.657
21602,2.06,3.577,1.517
21603,2.25,3.577,1.327
21604,2.11,3.577,1.467
21605,1.84,3.598,1.758
21606,1.92,3.598,1.678
21607,1.79,3.598,1.808
21608,1.97,3.598,1.628
21609,2.39,3.582,1.192
21610,1.84,3.582,1.742
21611,1.77,3.598,1.828
21612,1.85,3.598,1.748
21613,2.21,3.582,1.372
21614,2.01,3.582,1.572
21615,2.32,3.582,1.262
21616,2.21,3.582,1.372
21617,1.72,3.586,1.866
21618,2.22,3.586,1.366
21619,1.96,3.586,1.626
21620,1.82,3.587,1.767
21621,2.25,3.587,1.337
21622,1.75,3.587,1.837
21623,1.3,3.587,2.287
21624,1.99,3.587,1.597
21625,2.01,3.587,1.577
21626,2.35,3.589,1.239
21627,2.2,3.589,1.389
21628,2.11,3.589,1.479
21629,2.05,3.589,1.539
21630,2.07,3.589,1.519
21631,2.06,3.589,1.529
21632,2.02,3.589,1.569
21633,2.21,3.589,1.379
21634,2.04,3.589,1.549
21635,2.08,3.595,1.515
21636,1.87,3.595,1.725
21637,1.95,3.595,1.645
21638,2.19,3.595,1.405
21639,2.2,3.595,1.395
21640,1.95,3.595,1.645
21641,2.43,3.595,1.165
21642,2.08,3.601,1.521
21643,2.22,3.601,1.381
21644,1.98,3.601,1.621
21645,2.25,3.601,1.351
21646,1.91,3.604,1.694
21647,2.1,3.604,1.504
21648,2.1,3.604,1.504
21649,2.14,3.604,1.464
21650,2.27,3.604,1.334
21651,1.98,3.604,1.624
21652,1.91,3.604,1.694
21653,1.96,3.604,1.644
21654,1.93,3.604,1.674
21655,1.97,3.604,1.634
21656,1.82,3.604,1.784
21657,2.05,3.604,1.554
21658,1.63,3.604,1.974
21659,2.06,3.604,1.544
21660,1.68,3.604,1.924
21661,1.64,3.604,1.964
21662,1.83,3.604,1.774
21663,1.69,3.604,1.914
21664,1.99,3.604,1.614
21665,1.8,3.604,1.804
21666,2.03,3.599,1.569
21667,1.97,3.599,1.629
21668,2.09,3.604,1.514
21669,2.04,3.599,1.559
21670,2.03,3.599,1.569
21671,1.8,3.599,1.799
21672,1.96,3.599,1.639
21673,1.93,3.599,1.669
21674,2.18,3.599,1.419
21675,1.86,3.599,1.739
21676,2.01,3.599,1.589
21677,2.0,3.599,1.599
21678,1.71,3.599,1.889
21679,2.06,3.599,1.539
21680,1.98,3.599,1.619
21681,1.94,3.599,1.659
21682,2.04,3.599,1.559
21683,1.91,3.604,1.694
21684,2.08,3.604,1.524
21685,2.41,3.604,1.194
21686,2.38,3.604,1.224
21687,2.29,3.585,1.295
21688,2.06,3.585,1.525
21689,2.33,3.585,1.255
21690,2.17,3.589,1.419
21691,1.81,3.589,1.779
21692,2.09,3.585,1.495
21693,2.18,3.585,1.405
21694,2.56,3.585,1.025
21695,2.52,3.589,1.069
21696,1.75,3.585,1.835
21697,2.36,3.567,1.207
21698,2.46,3.567,1.107
21699,2.58,3.579,0.999
21700,2.87,3.579,0.709
21701,2.66,3.579,0.919
21702,2.37,3.579,1.209
21703,2.23,3.562,1.332
21704,2.28,3.579,1.299
21705,2.29,3.579,1.289
21706,2.11,3.558,1.448
21707,2.94,3.558,0.618
21708,2.34,3.562,1.222
21709,2.42,3.562,1.142
21710,2.48,3.557,1.077
21711,2.47,3.562,1.092
21712,2.59,3.558,0.968
