sample_index,actual_chlorophyll_ug_L,predicted_chlorophyll_ug_L,residual_error_ug_L
0,0.81,0.0,-0.81
1,0.82,0.0,-0.82
2,0.75,0.0,-0.75
3,1.02,0.0,-1.02
4,1.06,0.0,-1.06
5,1.01,0.0,-1.01
6,0.59,0.0,-0.59
7,1.53,0.0,-1.53
8,0.84,0.0,-0.84
9,0.91,0.0,-0.91
10,1.34,0.0,-1.34
11,1.28,0.0,-1.28
12,1.16,0.0,-1.16
13,1.71,0.0,-1.71
14,1.94,0.0,-1.94
15,1.12,0.0,-1.12
16,0.98,0.0,-0.98
17,1.41,0.0,-1.41
18,0.92,0.0,-0.92
19,1.12,0.0,-1.12
20,1.75,0.0,-1.75
21,0.78,0.0,-0.78
22,1.22,0.0,-1.22
23,1.49,0.0,-1.49
24,1.12,0.0,-1.12
25,1.34,0.0,-1.34
26,1.12,0.0,-1.12
27,1.37,0.0,-1.37
28,1.26,0.0,-1.26
29,1.31,0.0,-1.31
30,1.22,0.0,-1.22
31,1.19,0.0,-1.19
32,1.09,0.0,-1.09
33,1.1,0.0,-1.1
34,1.15,0.0,-1.15
35,1.06,0.0,-1.06
36,1.03,0.0,-1.03
37,1.04,0.0,-1.04
38,0.9,0.0,-0.9
39,1.25,0.0,-1.25
40,1.17,0.0,-1.17
41,1.18,0.0,-1.18
42,1.29,0.0,-1.29
43,0.92,0.0,-0.92
44,1.17,0.0,-1.17
45,1.2,0.0,-1.2
46,0.89,0.0,-0.89
47,1.25,0.0,-1.25
48,1.41,0.0,-1.41
49,1.17,0.0,-1.17
50,0.86,0.0,-0.86
51,1.07,0.0,-1.07
52,1.42,0.0,-1.42
53,0.93,0.0,-0.93
54,0.85,0.0,-0.85
55,0.86,0.0,-0.86
56,0.7,0.0,-0.7
57,0.67,0.0,-0.67
58,0.45,0.0,-0.45
59,0.52,0.0,-0.52
60,0.5,0.0,-0.5
61,0.56,0.0,-0.56
62,0.5,0.0,-0.5
63,0.33,0.0,-0.33
64,0.41,0.0,-0.41
65,0.62,0.0,-0.62
66,0.44,0.0,-0.44
67,0.33,0.0,-0.33
68,0.3,0.0,-0.3
69,0.45,0.0,-0.45
70,0.3,0.0,-0.3
71,0.27,0.0,-0.27
72,0.08,0.0,-0.08
73,0.23,0.0,-0.23
74,0.27,0.0,-0.27
75,0.1,0.0,-0.1
76,0.36,0.0,-0.36
77,0.24,0.0,-0.24
78,0.31,0.0,-0.31
79,0.04,0.0,-0.04
80,0.31,0.0,-0.31
81,0.1,0.0,-0.1
82,0.34,0.0,-0.34
83,0.16,0.0,-0.16
84,0.26,0.0,-0.26
85,0.23,0.0,-0.23
86,0.49,0.0,-0.49
87,0.21,0.0,-0.21
88,0.34,0.0,-0.34
89,0.31,0.0,-0.31
90,0.3,0.0,-0.3
91,0.51,0.0,-0.51
92,0.43,0.0,-0.43
93,0.68,0.0,-0.68
94,0.62,0.0,-0.62
95,0.56,0.0,-0.56
96,0.52,0.0,-0.52
97,1.06,0.0,-1.06
98,0.84,0.0,-0.84
99,0.46,0.0,-0.46
100,1.31,0.0,-1.31
101,0.83,0.0,-0.83
102,0.65,0.0,-0.65
103,0.79,0.0,-0.79
104,0.73,0.0,-0.73
105,7.31,0.0,-7.31
106,0.54,0.0,-0.54
107,0.78,0.0,-0.78
108,0.64,0.0,-0.64
109,0.68,0.0,-0.68
110,1.38,0.0,-1.38
111,0.66,0.0,-0.66
112,0.95,0.0,-0.95
113,0.28,0.0,-0.28
114,0.84,0.0,-0.84
115,0.65,0.0,-0.65
116,0.9,0.0,-0.9
117,0.66,0.0,-0.66
118,0.73,0.0,-0.73
119,0.94,0.0,-0.94
120,0.77,0.0,-0.77
121,0.67,0.0,-0.67
122,0.8,0.0,-0.8
123,0.49,0.0,-0.49
124,0.63,0.0,-0.63
125,0.94,0.0,-0.94
126,0.85,0.0,-0.85
127,0.6,0.0,-0.6
128,1.04,0.0,-1.04
129,0.68,0.0,-0.68
130,0.55,0.0,-0.55
131,0.52,0.0,-0.52
132,0.69,0.0,-0.69
133,0.86,0.0,-0.86
134,0.63,0.0,-0.63
135,0.72,0.0,-0.72
136,0.58,0.0,-0.58
137,0.8,0.0,-0.8
138,0.59,0.0,-0.59
139,0.57,0.0,-0.57
140,1.08,0.0,-1.08
141,0.65,0.0,-0.65
142,0.74,0.0,-0.74
143,1.05,0.0,-1.05
144,0.64,0.0,-0.64
145,0.54,0.0,-0.54
146,0.5,0.0,-0.5
147,0.7,0.0,-0.7
148,0.5,0.0,-0.5
149,0.64,0.0,-0.64
150,0.68,0.0,-0.68
151,0.28,0.0,-0.28
152,0.69,0.0,-0.69
153,0.74,0.0,-0.74
154,0.31,0.0,-0.31
155,0.36,0.0,-0.36
156,0.2,0.0,-0.2
157,0.14,0.0,-0.14
158,0.59,0.0,-0.59
159,0.32,0.0,-0.32
160,0.0,0.0,0.0
161,0.0,0.0,0.0
162,0.71,0.0,-0.71
163,0.18,0.0,-0.18
164,0.54,0.0,-0.54
165,0.77,0.0,-0.77
166,0.39,0.0,-0.39
167,0.29,0.0,-0.29
168,0.0,0.0,0.0
169,0.11,0.0,-0.11
170,0.19,0.0,-0.19
171,0.05,0.0,-0.05
172,0.32,0.0,-0.32
173,0.0,0.0,0.0
174,0.0,0.0,0.0
175,0.0,0.0,0.0
176,0.0,0.0,0.0
177,0.28,0.0,-0.28
178,0.41,0.0,-0.41
179,0.2,0.0,-0.2
180,0.17,0.0,-0.17
181,0.11,0.0,-0.11
182,0.16,0.0,-0.16
183,0.2,0.0,-0.2
184,0.08,0.0,-0.08
185,0.18,0.0,-0.18
186,0.07,0.0,-0.07
187,0.12,0.0,-0.12
188,0.28,0.0,-0.28
189,0.31,0.0,-0.31
190,0.33,0.0,-0.33
191,0.48,0.0,-0.48
192,0.59,0.0,-0.59
193,0.73,0.0,-0.73
194,0.51,0.0,-0.51
195,0.91,0.0,-0.91
196,0.86,0.0,-0.86
197,0.66,0.0,-0.66
198,0.66,0.0,-0.66
199,0.71,0.0,-0.71
200,0.78,0.0,-0.78
201,0.68,0.0,-0.68
202,0.85,0.0,-0.85
203,0.57,0.0,-0.57
204,0.82,0.0,-0.82
205,0.63,0.0,-0.63
206,0.73,0.0,-0.73
207,0.82,0.0,-0.82
208,0.8,0.0,-0.8
209,0.74,0.0,-0.74
210,0.75,0.0,-0.75
211,0.75,0.0,-0.75
212,0.6,0.0,-0.6
213,0.5,0.0,-0.5
214,0.58,0.0,-0.58
215,0.42,0.0,-0.42
216,0.34,0.0,-0.34
217,0.19,0.0,-0.19
218,0.5,0.0,-0.5
219,0.61,0.0,-0.61
220,0.83,0.0,-0.83
221,0.54,0.0,-0.54
222,0.36,0.0,-0.36
223,0.7,0.0,-0.7
224,0.37,0.0,-0.37
225,0.59,0.0,-0.59
226,0.58,0.0,-0.58
227,0.65,0.0,-0.65
228,0.5,0.0,-0.5
229,0.69,0.0,-0.69
230,0.6,0.0,-0.6
231,0.68,0.0,-0.68
232,0.83,0.0,-0.83
233,0.52,0.0,-0.52
234,0.37,0.0,-0.37
235,0.53,0.0,-0.53
236,0.84,0.0,-0.84
237,0.57,0.0,-0.57
238,0.75,0.0,-0.75
239,0.52,0.0,-0.52
240,1.61,0.0,-1.61
241,0.55,0.0,-0.55
242,0.83,0.0,-0.83
243,0.5,0.0,-0.5
244,0.36,0.0,-0.36
245,0.54,0.0,-0.54
246,0.55,0.0,-0.55
247,0.34,0.0,-0.34
248,0.05,0.0,-0.05
249,0.04,0.0,-0.04
250,0.09,0.0,-0.09
251,0.0,0.0,0.0
252,0.16,0.0,-0.16
253,0.34,0.0,-0.34
254,0.13,0.0,-0.13
255,0.27,0.0,-0.27
256,0.19,0.0,-0.19
257,0.0,0.0,0.0
258,0.0,0.0,0.0
259,0.0,0.0,0.0
260,0.0,0.0,0.0
261,0.0,0.0,0.0
262,0.0,0.0,0.0
263,0.0,0.0,0.0
264,0.0,0.0,0.0
265,0.0,0.0,0.0
266,0.05,0.0,-0.05
267,0.0,0.0,0.0
268,0.0,0.0,0.0
269,0.0,0.0,0.0
270,0.0,0.0,0.0
271,0.0,0.0,0.0
272,0.0,0.0,0.0
273,0.24,0.0,-0.24
274,0.13,0.0,-0.13
275,0.32,0.0,-0.32
276,0.14,0.0,-0.14
277,0.11,0.0,-0.11
278,0.04,0.0,-0.04
279,0.27,0.0,-0.27
280,0.26,0.035,-0.225
281,0.05,0.0,-0.05
282,0.17,0.0,-0.17
283,0.05,0.0,-0.05
284,0.22,0.183,-0.037
285,0.36,0.0,-0.36
286,0.22,0.0,-0.22
287,0.78,0.0,-0.78
288,0.44,0.0,-0.44
289,0.48,0.0,-0.48
290,0.62,0.0,-0.62
291,0.71,0.0,-0.71
292,0.54,0.0,-0.54
293,0.33,0.0,-0.33
294,0.36,0.0,-0.36
295,1.34,0.0,-1.34
296,0.32,0.0,-0.32
297,1.86,0.0,-1.86
298,1.16,0.0,-1.16
299,0.47,0.0,-0.47
300,1.7,0.0,-1.7
301,0.47,0.0,-0.47
302,0.37,0.0,-0.37
303,0.57,0.0,-0.57
304,0.7,0.0,-0.7
305,0.21,0.0,-0.21
306,0.44,0.0,-0.44
307,0.0,0.0,0.0
308,0.93,0.0,-0.93
309,0.19,0.0,-0.19
310,0.27,0.0,-0.27
311,0.21,0.0,-0.21
312,0.47,0.0,-0.47
313,0.3,0.0,-0.3
314,0.35,0.0,-0.35
315,0.4,0.0,-0.4
316,0.5,0.0,-0.5
317,0.9,0.0,-0.9
318,0.08,0.0,-0.08
319,0.58,0.0,-0.58
320,0.32,0.0,-0.32
321,0.24,0.0,-0.24
322,1.99,0.0,-1.99
323,0.65,0.0,-0.65
324,0.25,0.0,-0.25
325,0.33,0.0,-0.33
326,0.24,0.0,-0.24
327,0.31,0.0,-0.31
328,0.5,0.0,-0.5
329,0.39,0.0,-0.39
330,0.32,0.0,-0.32
331,0.56,0.0,-0.56
332,0.44,0.0,-0.44
333,0.66,0.0,-0.66
334,0.43,0.0,-0.43
335,0.74,0.0,-0.74
336,0.55,0.0,-0.55
337,0.21,0.0,-0.21
338,0.28,0.0,-0.28
339,0.29,0.0,-0.29
340,0.09,0.0,-0.09
341,0.0,0.0,0.0
342,0.78,0.0,-0.78
343,0.0,0.0,0.0
344,0.07,0.0,-0.07
345,0.0,0.0,0.0
346,0.09,0.0,-0.09
347,0.21,0.0,-0.21
348,0.18,0.0,-0.18
349,0.0,0.0,0.0
350,0.0,0.0,0.0
351,0.0,0.0,0.0
352,0.0,0.0,0.0
353,0.0,0.0,0.0
354,0.0,0.0,0.0
355,0.0,0.0,0.0
356,0.0,0.0,0.0
357,0.0,0.0,0.0
358,0.0,0.0,0.0
359,0.0,0.0,0.0
360,0.0,0.0,0.0
361,0.0,0.0,0.0
362,0.0,0.0,0.0
363,0.0,0.0,0.0
364,0.0,0.0,0.0
365,0.0,0.0,0.0
366,0.0,0.0,0.0
367,0.0,0.0,0.0
368,0.11,0.0,-0.11
369,0.0,0.0,0.0
370,0.18,0.0,-0.18
371,0.25,0.0,-0.25
372,0.0,0.0,0.0
373,0.06,0.0,-0.06
374,0.01,0.0,-0.01
375,0.0,0.0,0.0
376,0.1,0.0,-0.1
377,0.25,0.0,-0.25
378,0.24,0.0,-0.24
379,0.54,0.0,-0.54
380,0.25,0.0,-0.25
381,0.35,0.0,-0.35
382,0.49,0.0,-0.49
383,0.5,0.0,-0.5
384,0.39,0.0,-0.39
385,0.4,0.0,-0.4
386,0.44,0.0,-0.44
387,0.33,0.0,-0.33
388,0.57,0.0,-0.57
389,0.49,0.0,-0.49
390,0.49,0.0,-0.49
391,0.39,0.0,-0.39
392,0.3,0.0,-0.3
393,0.46,0.0,-0.46
394,0.37,0.0,-0.37
395,0.49,0.0,-0.49
396,0.3,0.0,-0.3
397,0.38,0.0,-0.38
398,0.44,0.0,-0.44
399,0.39,0.0,-0.39
400,0.35,0.0,-0.35
401,0.36,0.0,-0.36
402,0.6,0.0,-0.6
403,0.69,0.0,-0.69
404,0.52,0.0,-0.52
405,0.72,0.0,-0.72
406,0.37,0.0,-0.37
407,0.67,0.0,-0.67
408,0.4,0.0,-0.4
409,0.45,0.0,-0.45
410,0.5,0.0,-0.5
411,0.37,0.0,-0.37
412,0.42,0.0,-0.42
413,0.38,0.0,-0.38
414,0.35,0.0,-0.35
415,0.32,0.0,-0.32
416,0.33,0.0,-0.33
417,0.23,0.0,-0.23
418,0.52,0.0,-0.52
419,0.28,0.0,-0.28
420,0.18,0.0,-0.18
421,0.11,0.0,-0.11
422,0.36,0.0,-0.36
423,0.19,0.0,-0.19
424,0.39,0.0,-0.39
425,0.48,0.0,-0.48
426,0.37,0.0,-0.37
427,0.79,0.0,-0.79
428,0.49,0.0,-0.49
429,0.39,0.0,-0.39
430,0.4,0.0,-0.4
431,0.68,0.0,-0.68
432,0.66,0.0,-0.66
433,0.33,0.0,-0.33
434,0.23,0.0,-0.23
435,0.25,0.0,-0.25
436,0.13,0.0,-0.13
437,0.01,0.0,-0.01
438,0.13,0.0,-0.13
439,0.16,0.0,-0.16
440,0.16,0.0,-0.16
441,0.05,0.0,-0.05
442,0.39,0.0,-0.39
443,0.0,0.0,0.0
444,0.0,0.0,0.0
445,0.26,0.0,-0.26
446,0.0,0.0,0.0
447,0.0,0.0,0.0
448,0.0,0.0,0.0
449,0.0,0.0,0.0
450,0.0,0.0,0.0
451,0.0,0.0,0.0
452,0.0,0.0,0.0
453,0.0,0.0,0.0
454,0.0,0.0,0.0
455,0.0,0.0,0.0
456,0.0,0.0,0.0
457,0.0,0.0,0.0
458,0.0,0.037,0.037
459,0.0,0.0,0.0
460,0.0,0.0,0.0
461,0.0,0.0,0.0
462,0.0,0.0,0.0
463,0.0,0.0,0.0
464,0.03,0.0,-0.03
465,0.0,0.0,0.0
466,0.29,0.0,-0.29
467,0.1,0.0,-0.1
468,0.16,0.0,-0.16
469,0.14,0.0,-0.14
470,0.36,0.0,-0.36
471,0.41,0.0,-0.41
472,0.2,0.0,-0.2
473,0.0,0.0,0.0
474,0.12,0.0,-0.12
475,0.16,0.0,-0.16
476,0.24,0.0,-0.24
477,0.27,0.0,-0.27
478,0.68,0.0,-0.68
479,0.35,0.0,-0.35
480,0.42,0.0,-0.42
481,1.1,0.0,-1.1
482,0.72,0.0,-0.72
483,0.28,0.0,-0.28
484,0.84,0.0,-0.84
485,0.68,0.0,-0.68
486,0.65,0.0,-0.65
487,0.18,0.0,-0.18
488,0.43,0.0,-0.43
489,0.47,0.0,-0.47
490,0.32,0.0,-0.32
491,0.2,0.0,-0.2
492,0.42,0.0,-0.42
493,0.3,0.0,-0.3
494,0.56,0.0,-0.56
495,0.53,0.0,-0.53
496,0.47,0.0,-0.47
497,0.22,0.0,-0.22
498,0.16,0.0,-0.16
499,0.46,0.0,-0.46
500,0.57,0.0,-0.57
501,0.29,0.0,-0.29
502,0.5,0.0,-0.5
503,0.51,0.0,-0.51
504,0.4,0.0,-0.4
505,0.52,0.0,-0.52
506,0.73,0.0,-0.73
507,0.66,0.0,-0.66
508,0.74,0.0,-0.74
509,0.71,0.0,-0.71
510,0.37,0.0,-0.37
511,0.79,0.0,-0.79
512,0.51,0.0,-0.51
513,0.28,0.0,-0.28
514,0.62,0.0,-0.62
515,0.34,0.0,-0.34
516,0.49,0.0,-0.49
517,0.77,0.0,-0.77
518,0.62,0.0,-0.62
519,0.58,0.0,-0.58
520,0.59,0.0,-0.59
521,0.67,0.0,-0.67
522,0.33,0.0,-0.33
523,0.51,0.0,-0.51
524,0.36,0.0,-0.36
525,0.58,0.0,-0.58
526,1.02,0.0,-1.02
527,0.38,0.0,-0.38
528,0.41,0.0,-0.41
529,0.55,0.0,-0.55
530,0.41,0.0,-0.41
531,0.08,0.0,-0.08
532,0.0,0.0,0.0
533,0.13,0.0,-0.13
534,0.24,0.0,-0.24
535,0.19,0.0,-0.19
536,0.14,0.0,-0.14
537,0.14,0.0,-0.14
538,0.11,0.0,-0.11
539,0.26,0.0,-0.26
540,0.18,0.0,-0.18
541,0.17,0.0,-0.17
542,0.2,0.0,-0.2
543,0.25,0.0,-0.25
544,0.01,0.0,-0.01
545,0.16,0.0,-0.16
546,0.14,0.0,-0.14
547,0.08,0.0,-0.08
548,0.19,0.0,-0.19
549,0.0,0.0,0.0
550,0.08,0.0,-0.08
551,0.08,0.0,-0.08
552,0.06,0.0,-0.06
553,0.05,0.0,-0.05
554,0.14,0.0,-0.14
555,0.19,0.0,-0.19
556,0.15,0.0,-0.15
557,0.2,0.0,-0.2
558,0.11,0.0,-0.11
559,0.07,0.0,-0.07
560,0.16,0.0,-0.16
561,0.4,0.0,-0.4
562,0.24,0.0,-0.24
563,0.37,0.0,-0.37
564,0.55,0.0,-0.55
565,0.05,0.0,-0.05
566,0.28,0.0,-0.28
567,0.32,0.0,-0.32
568,0.28,0.0,-0.28
569,0.48,0.0,-0.48
570,0.3,0.0,-0.3
571,0.39,0.0,-0.39
572,0.62,0.0,-0.62
573,0.53,0.0,-0.53
574,0.55,0.0,-0.55
575,0.62,0.0,-0.62
576,0.88,0.0,-0.88
577,0.75,0.0,-0.75
578,0.91,0.0,-0.91
579,0.77,0.0,-0.77
580,0.8,0.0,-0.8
581,0.37,0.0,-0.37
582,0.91,0.0,-0.91
583,0.75,0.0,-0.75
584,0.64,0.0,-0.64
585,0.74,0.0,-0.74
586,1.11,0.0,-1.11
587,0.53,0.0,-0.53
588,0.58,0.0,-0.58
589,0.7,0.0,-0.7
590,0.67,0.0,-0.67
591,0.88,0.0,-0.88
592,0.79,0.0,-0.79
593,0.67,0.0,-0.67
594,0.84,0.0,-0.84
595,0.8,0.0,-0.8
596,0.43,0.0,-0.43
597,1.07,0.0,-1.07
598,0.78,0.0,-0.78
599,0.95,0.0,-0.95
600,0.57,0.0,-0.57
601,0.58,0.0,-0.58
602,0.82,0.0,-0.82
603,0.57,0.0,-0.57
604,0.87,0.0,-0.87
605,0.89,0.0,-0.89
606,0.99,0.0,-0.99
607,0.25,0.0,-0.25
608,0.32,0.0,-0.32
609,1.0,0.0,-1.0
610,0.8,0.0,-0.8
611,0.4,0.0,-0.4
612,0.5,0.0,-0.5
613,0.31,0.0,-0.31
614,0.84,0.0,-0.84
615,0.96,0.0,-0.96
616,0.73,0.0,-0.73
617,0.71,0.0,-0.71
618,0.57,0.0,-0.57
619,0.41,0.0,-0.41
620,0.47,0.0,-0.47
621,0.71,0.0,-0.71
622,0.56,0.0,-0.56
623,0.8,0.0,-0.8
624,0.92,0.0,-0.92
625,0.6,0.0,-0.6
626,0.5,0.0,-0.5
627,0.54,0.0,-0.54
628,0.64,0.0,-0.64
629,0.49,0.0,-0.49
630,0.62,0.0,-0.62
631,1.01,0.0,-1.01
632,0.23,0.0,-0.23
633,0.48,0.0,-0.48
634,0.4,0.0,-0.4
635,0.43,0.0,-0.43
636,0.5,0.0,-0.5
637,0.64,0.0,-0.64
638,0.46,0.0,-0.46
639,0.45,0.0,-0.45
640,0.63,0.0,-0.63
641,0.61,0.0,-0.61
642,0.79,0.0,-0.79
643,0.6,0.0,-0.6
644,0.72,0.0,-0.72
645,0.71,0.0,-0.71
646,0.63,0.0,-0.63
647,0.58,0.0,-0.58
648,0.78,0.0,-0.78
649,0.93,0.0,-0.93
650,0.82,0.0,-0.82
651,0.83,0.0,-0.83
652,0.72,0.0,-0.72
653,1.03,0.0,-1.03
654,1.0,0.0,-1.0
655,0.9,0.0,-0.9
656,1.1,0.0,-1.1
657,0.99,0.0,-0.99
658,0.94,0.0,-0.94
659,1.06,0.0,-1.06
660,0.86,0.0,-0.86
661,0.94,0.0,-0.94
662,1.07,0.0,-1.07
663,0.98,0.0,-0.98
664,1.07,0.0,-1.07
665,1.24,0.0,-1.24
666,1.17,0.0,-1.17
667,1.01,0.0,-1.01
668,0.97,0.0,-0.97
669,1.21,0.0,-1.21
670,1.18,0.0,-1.18
671,1.23,0.0,-1.23
672,1.17,0.0,-1.17
673,1.37,0.0,-1.37
674,1.15,0.0,-1.15
675,1.22,0.0,-1.22
676,1.29,0.0,-1.29
677,1.18,0.0,-1.18
678,1.41,0.0,-1.41
679,1.18,0.0,-1.18
680,1.39,0.0,-1.39
681,1.11,0.0,-1.11
682,1.47,0.0,-1.47
683,1.41,0.0,-1.41
684,1.38,0.0,-1.38
685,1.76,0.0,-1.76
686,1.48,0.0,-1.48
687,0.77,0.0,-0.77
688,1.88,0.0,-1.88
689,1.37,0.0,-1.37
690,1.16,0.0,-1.16
691,1.11,0.0,-1.11
692,1.61,0.0,-1.61
693,1.06,0.0,-1.06
694,1.18,0.0,-1.18
695,1.32,0.0,-1.32
696,1.48,0.0,-1.48
697,1.44,0.0,-1.44
698,1.26,0.0,-1.26
699,0.74,0.0,-0.74
700,0.89,0.0,-0.89
701,1.55,0.0,-1.55
702,1.79,0.0,-1.79
703,1.76,0.0,-1.76
704,1.98,0.0,-1.98
705,1.69,0.0,-1.69
706,1.74,0.0,-1.74
707,1.76,0.0,-1.76
708,1.68,0.0,-1.68
709,1.76,0.0,-1.76
710,1.42,0.0,-1.42
711,1.52,0.0,-1.52
712,2.18,0.0,-2.18
713,1.47,0.0,-1.47
714,0.96,0.0,-0.96
715,1.58,0.0,-1.58
716,1.54,0.0,-1.54
717,1.61,0.0,-1.61
718,1.54,0.0,-1.54
719,1.36,0.0,-1.36
720,1.39,0.0,-1.39
721,1.16,0.0,-1.16
722,1.41,0.0,-1.41
723,1.19,0.0,-1.19
724,1.03,0.0,-1.03
725,0.96,0.0,-0.96
726,0.91,0.0,-0.91
727,1.45,0.0,-1.45
728,2.44,0.0,-2.44
729,0.98,0.0,-0.98
730,0.4,0.0,-0.4
731,1.16,0.0,-1.16
732,0.84,0.0,-0.84
733,1.23,0.0,-1.23
734,1.12,0.0,-1.12
735,1.18,0.0,-1.18
736,1.32,0.0,-1.32
737,1.23,0.0,-1.23
738,1.31,0.0,-1.31
739,1.65,0.0,-1.65
740,1.21,0.0,-1.21
741,1.15,0.0,-1.15
742,1.14,0.0,-1.14
743,1.12,0.0,-1.12
744,1.15,0.0,-1.15
745,1.16,0.0,-1.16
746,1.11,0.0,-1.11
747,1.26,0.0,-1.26
748,1.11,0.0,-1.11
749,1.32,0.0,-1.32
750,1.04,0.0,-1.04
751,1.07,0.0,-1.07
752,1.27,0.0,-1.27
753,1.16,0.0,-1.16
754,1.03,0.0,-1.03
755,1.15,0.0,-1.15
756,1.08,0.0,-1.08
757,1.29,0.0,-1.29
758,1.42,0.0,-1.42
759,1.25,0.0,-1.25
760,0.98,0.0,-0.98
761,1.15,0.0,-1.15
762,1.23,0.0,-1.23
763,1.37,0.0,-1.37
764,1.25,0.0,-1.25
765,1.36,0.0,-1.36
766,1.28,0.0,-1.28
767,1.88,0.0,-1.88
768,1.69,0.0,-1.69
769,1.77,0.0,-1.77
770,1.83,0.0,-1.83
771,1.37,0.0,-1.37
772,1.48,0.0,-1.48
773,1.23,0.0,-1.23
774,1.02,0.0,-1.02
775,1.67,0.0,-1.67
776,1.2,0.0,-1.2
777,1.91,0.0,-1.91
778,1.32,0.0,-1.32
779,1.74,0.0,-1.74
780,1.88,0.0,-1.88
781,1.87,0.0,-1.87
782,1.58,0.0,-1.58
783,1.37,0.0,-1.37
784,1.2,0.0,-1.2
785,1.67,0.0,-1.67
786,1.92,0.0,-1.92
787,1.64,0.0,-1.64
788,1.47,0.0,-1.47
789,1.17,0.0,-1.17
790,1.59,0.0,-1.59
791,1.65,0.0,-1.65
792,1.92,0.0,-1.92
793,1.4,0.0,-1.4
794,2.01,0.0,-2.01
795,1.78,0.0,-1.78
796,1.79,0.0,-1.79
797,1.97,0.0,-1.97
798,2.27,0.0,-2.27
799,1.8,0.0,-1.8
800,1.53,0.0,-1.53
801,1.57,0.0,-1.57
802,1.68,0.0,-1.68
803,1.47,0.0,-1.47
804,1.91,0.0,-1.91
805,1.04,0.0,-1.04
806,2.29,0.0,-2.29
807,1.27,0.0,-1.27
808,1.95,0.0,-1.95
809,1.6,0.0,-1.6
810,1.61,0.0,-1.61
811,1.57,0.0,-1.57
812,2.07,0.0,-2.07
813,2.34,0.0,-2.34
814,2.08,0.0,-2.08
815,1.62,0.0,-1.62
816,1.84,0.0,-1.84
817,1.49,0.0,-1.49
818,1.99,0.0,-1.99
819,1.53,0.0,-1.53
820,1.19,0.0,-1.19
821,1.01,0.0,-1.01
822,1.46,0.0,-1.46
823,0.95,0.0,-0.95
824,0.97,0.0,-0.97
825,1.39,0.0,-1.39
826,1.51,0.0,-1.51
827,0.83,0.0,-0.83
828,1.28,0.0,-1.28
829,1.72,0.0,-1.72
830,1.98,0.0,-1.98
831,1.62,0.0,-1.62
832,1.19,0.0,-1.19
833,1.06,0.0,-1.06
834,1.54,0.0,-1.54
835,1.58,0.0,-1.58
836,1.54,0.0,-1.54
837,1.6,0.0,-1.6
838,1.41,0.0,-1.41
839,1.27,0.0,-1.27
840,0.94,0.0,-0.94
841,1.2,0.0,-1.2
842,0.86,0.0,-0.86
843,0.96,0.0,-0.96
844,1.11,0.0,-1.11
845,1.12,0.0,-1.12
846,1.09,0.0,-1.09
847,1.13,0.0,-1.13
848,1.3,0.0,-1.3
849,1.34,0.0,-1.34
850,1.59,0.0,-1.59
851,1.48,0.0,-1.48
852,1.46,0.0,-1.46
853,1.31,0.0,-1.31
854,1.65,0.0,-1.65
855,1.14,0.0,-1.14
856,1.62,0.0,-1.62
857,1.68,0.0,-1.68
858,1.98,0.0,-1.98
859,1.97,0.0,-1.97
860,1.56,0.0,-1.56
861,1.83,0.0,-1.83
862,1.73,0.0,-1.73
863,1.75,0.0,-1.75
864,2.09,0.0,-2.09
865,1.5,0.0,-1.5
866,1.38,0.0,-1.38
867,1.79,0.0,-1.79
868,1.74,0.0,-1.74
869,2.01,0.0,-2.01
870,1.71,0.0,-1.71
871,1.83,0.0,-1.83
872,2.1,0.0,-2.1
873,1.61,0.0,-1.61
874,1.66,0.0,-1.66
875,1.7,0.0,-1.7
876,1.47,0.0,-1.47
877,1.71,0.0,-1.71
878,1.29,0.0,-1.29
879,1.82,0.39,-1.43
880,12.82,0.404,-12.416
881,1.59,0.334,-1.256
882,1.7,0.0,-1.7
883,1.86,0.0,-1.86
884,1.9,0.0,-1.9
885,2.01,0.0,-2.01
886,1.73,0.0,-1.73
887,2.19,0.0,-2.19
888,1.44,0.0,-1.44
889,1.6,0.0,-1.6
890,1.7,0.0,-1.7
891,1.88,0.0,-1.88
892,1.69,0.0,-1.69
893,1.77,0.0,-1.77
894,1.68,0.0,-1.68
895,1.9,0.0,-1.9
896,2.11,0.0,-2.11
897,1.83,0.0,-1.83
898,1.99,0.0,-1.99
899,2.07,0.0,-2.07
900,1.54,0.0,-1.54
901,1.04,0.0,-1.04
902,1.88,0.0,-1.88
903,2.08,0.0,-2.08
904,1.69,0.0,-1.69
905,1.32,0.0,-1.32
906,1.32,0.0,-1.32
907,1.67,0.0,-1.67
908,1.91,0.0,-1.91
909,1.76,0.0,-1.76
910,1.8,0.0,-1.8
911,1.85,0.0,-1.85
912,1.99,0.0,-1.99
913,1.97,0.0,-1.97
914,1.75,0.0,-1.75
915,1.54,0.0,-1.54
916,1.19,0.0,-1.19
917,1.39,0.0,-1.39
918,1.39,0.0,-1.39
919,1.32,0.0,-1.32
920,1.41,0.0,-1.41
921,1.12,0.0,-1.12
922,1.37,0.0,-1.37
923,1.23,0.0,-1.23
924,1.28,0.0,-1.28
925,1.23,0.0,-1.23
926,1.46,0.0,-1.46
927,1.43,0.0,-1.43
928,1.37,0.0,-1.37
929,1.64,0.0,-1.64
930,1.71,0.0,-1.71
931,1.75,0.0,-1.75
932,1.97,0.0,-1.97
933,1.73,0.0,-1.73
934,1.52,0.0,-1.52
935,1.36,0.0,-1.36
936,1.99,0.0,-1.99
937,2.02,0.0,-2.02
938,2.0,0.026,-1.974
939,1.96,0.0,-1.96
940,1.7,0.0,-1.7
941,2.02,0.0,-2.02
942,1.57,0.0,-1.57
943,1.79,0.0,-1.79
944,2.03,0.0,-2.03
945,1.86,0.0,-1.86
946,2.16,0.0,-2.16
947,2.28,0.0,-2.28
948,2.03,0.0,-2.03
949,2.13,0.037,-2.093
950,1.91,0.022,-1.888
951,2.11,0.0,-2.11
952,2.0,0.823,-1.177
953,2.61,0.155,-2.455
954,2.18,0.721,-1.459
955,2.46,0.0,-2.46
956,2.9,0.0,-2.9
957,3.19,0.0,-3.19
958,2.68,0.0,-2.68
959,2.65,0.0,-2.65
960,4.09,0.0,-4.09
961,2.87,0.661,-2.209
962,1.1,0.0,-1.1
963,2.7,0.0,-2.7
964,2.45,0.0,-2.45
965,2.43,0.0,-2.43
966,2.69,0.0,-2.69
967,2.42,0.0,-2.42
968,2.18,0.0,-2.18
969,2.81,0.0,-2.81
970,2.28,0.0,-2.28
971,1.84,0.0,-1.84
972,2.29,0.0,-2.29
973,2.69,0.0,-2.69
974,2.76,0.0,-2.76
975,1.79,0.0,-1.79
976,2.66,0.0,-2.66
977,2.36,0.0,-2.36
978,1.88,0.0,-1.88
979,2.29,0.0,-2.29
980,2.25,0.0,-2.25
981,2.73,0.0,-2.73
982,2.43,0.0,-2.43
983,2.38,0.0,-2.38
984,2.53,0.0,-2.53
985,2.34,0.0,-2.34
986,5.56,0.0,-5.56
987,2.7,0.0,-2.7
988,2.13,0.0,-2.13
989,2.44,0.0,-2.44
990,2.05,0.0,-2.05
991,2.53,0.0,-2.53
992,3.0,0.0,-3.0
993,3.22,0.0,-3.22
994,2.3,0.0,-2.3
995,1.62,0.0,-1.62
996,2.63,0.0,-2.63
997,2.89,0.0,-2.89
998,2.16,0.0,-2.16
999,2.84,0.0,-2.84
1000,1.7,0.0,-1.7
1001,2.06,0.0,-2.06
1002,2.23,0.0,-2.23
1003,2.99,0.0,-2.99
1004,2.52,0.0,-2.52
1005,2.23,0.0,-2.23
1006,2.02,0.0,-2.02
1007,2.4,0.0,-2.4
1008,2.3,0.0,-2.3
1009,1.8,0.0,-1.8
1010,1.76,0.0,-1.76
1011,1.65,0.0,-1.65
1012,1.61,0.0,-1.61
1013,2.09,0.0,-2.09
1014,2.0,0.0,-2.0
1015,1.78,0.0,-1.78
1016,1.76,0.0,-1.76
1017,1.65,0.0,-1.65
1018,1.69,0.0,-1.69
1019,1.84,0.0,-1.84
1020,1.56,0.0,-1.56
1021,2.15,0.0,-2.15
1022,1.83,0.0,-1.83
1023,1.83,0.0,-1.83
1024,1.77,0.0,-1.77
1025,2.13,0.0,-2.13
1026,2.14,0.0,-2.14
1027,2.55,0.0,-2.55
1028,2.22,0.0,-2.22
1029,2.63,0.0,-2.63
1030,2.14,0.0,-2.14
1031,2.23,0.0,-2.23
1032,2.78,0.0,-2.78
1033,2.42,0.0,-2.42
1034,2.07,0.0,-2.07
1035,2.41,0.0,-2.41
1036,2.68,0.0,-2.68
1037,2.39,0.0,-2.39
1038,2.66,0.0,-2.66
1039,2.77,0.0,-2.77
1040,2.27,0.0,-2.27
1041,2.36,0.0,-2.36
1042,2.47,0.0,-2.47
1043,2.33,0.0,-2.33
1044,2.83,0.0,-2.83
1045,2.81,0.0,-2.81
1046,2.86,0.0,-2.86
1047,2.86,0.0,-2.86
1048,2.9,0.0,-2.9
1049,3.28,0.0,-3.28
1050,3.04,0.0,-3.04
1051,2.81,0.0,-2.81
1052,4.27,0.0,-4.27
1053,3.38,0.0,-3.38
1054,3.95,0.0,-3.95
1055,2.92,0.0,-2.92
1056,3.19,0.0,-3.19
1057,3.62,0.0,-3.62
1058,1.84,0.0,-1.84
1059,3.59,0.0,-3.59
1060,4.45,0.0,-4.45
1061,3.33,0.0,-3.33
1062,3.63,0.0,-3.63
1063,2.62,0.0,-2.62
1064,2.74,0.0,-2.74
1065,2.66,0.0,-2.66
1066,3.04,0.0,-3.04
1067,2.96,0.0,-2.96
1068,3.45,0.0,-3.45
1069,3.14,0.0,-3.14
1070,2.66,0.0,-2.66
1071,2.82,0.0,-2.82
1072,2.77,0.0,-2.77
1073,3.16,0.0,-3.16
1074,3.11,0.0,-3.11
1075,2.27,0.0,-2.27
1076,2.99,0.0,-2.99
1077,3.09,0.0,-3.09
1078,3.27,0.0,-3.27
1079,3.13,0.0,-3.13
1080,2.78,0.0,-2.78
1081,3.31,0.0,-3.31
1082,3.02,0.0,-3.02
1083,2.96,0.0,-2.96
1084,2.85,0.0,-2.85
1085,3.01,0.0,-3.01
1086,4.08,0.0,-4.08
1087,3.21,0.0,-3.21
1088,3.08,0.0,-3.08
1089,2.38,0.0,-2.38
1090,2.81,0.0,-2.81
1091,3.17,0.0,-3.17
1092,2.94,0.0,-2.94
1093,3.12,0.0,-3.12
1094,2.98,0.0,-2.98
1095,3.06,0.0,-3.06
1096,2.71,0.0,-2.71
1097,7.67,0.0,-7.67
1098,3.27,0.0,-3.27
1099,3.37,0.0,-3.37
1100,2.34,0.0,-2.34
1101,3.51,0.0,-3.51
1102,2.91,0.0,-2.91
1103,2.74,0.0,-2.74
1104,2.37,0.0,-2.37
1105,2.29,0.0,-2.29
1106,2.59,0.0,-2.59
1107,2.57,0.0,-2.57
1108,2.71,0.0,-2.71
1109,2.11,0.0,-2.11
1110,2.22,0.0,-2.22
1111,2.08,0.0,-2.08
1112,2.03,0.0,-2.03
1113,1.41,0.0,-1.41
1114,2.13,0.0,-2.13
1115,1.97,0.0,-1.97
1116,1.88,0.0,-1.88
1117,2.14,0.0,-2.14
1118,1.67,0.0,-1.67
1119,1.74,0.0,-1.74
1120,1.57,0.0,-1.57
1121,1.48,0.0,-1.48
1122,1.27,0.0,-1.27
1123,1.87,0.0,-1.87
1124,1.48,0.0,-1.48
1125,2.06,0.0,-2.06
1126,2.62,0.0,-2.62
1127,2.1,0.0,-2.1
1128,2.29,0.0,-2.29
1129,2.32,0.0,-2.32
1130,2.05,0.0,-2.05
1131,2.11,0.0,-2.11
1132,2.17,0.0,-2.17
1133,2.01,0.0,-2.01
1134,2.24,0.0,-2.24
1135,2.34,0.0,-2.34
1136,2.4,0.0,-2.4
1137,2.84,0.0,-2.84
1138,2.24,0.0,-2.24
1139,1.4,0.0,-1.4
1140,2.47,0.0,-2.47
1141,2.82,0.0,-2.82
1142,1.94,0.0,-1.94
1143,2.95,0.0,-2.95
1144,5.42,0.0,-5.42
1145,3.0,0.0,-3.0
1146,8.74,0.0,-8.74
1147,2.78,0.0,-2.78
1148,3.52,0.0,-3.52
1149,3.65,0.0,-3.65
1150,1.92,0.0,-1.92
1151,3.3,0.0,-3.3
1152,4.87,0.0,-4.87
1153,3.95,0.0,-3.95
1154,3.24,0.0,-3.24
1155,2.87,0.0,-2.87
1156,2.4,0.0,-2.4
1157,2.74,0.0,-2.74
1158,3.18,0.0,-3.18
1159,2.97,0.0,-2.97
1160,3.56,0.0,-3.56
1161,3.27,0.0,-3.27
1162,2.81,0.0,-2.81
1163,2.61,0.0,-2.61
1164,2.87,0.0,-2.87
1165,3.57,0.0,-3.57
1166,3.05,0.0,-3.05
1167,2.34,0.0,-2.34
1168,2.81,0.0,-2.81
1169,3.82,0.0,-3.82
1170,2.88,0.0,-2.88
1171,2.86,0.0,-2.86
1172,2.97,0.0,-2.97
1173,2.58,0.0,-2.58
1174,2.83,0.0,-2.83
1175,3.11,0.0,-3.11
1176,3.53,0.0,-3.53
1177,2.56,0.0,-2.56
1178,3.07,0.0,-3.07
1179,3.61,0.0,-3.61
1180,3.16,0.0,-3.16
1181,4.7,0.0,-4.7
1182,3.68,0.0,-3.68
1183,2.93,0.0,-2.93
1184,2.72,0.0,-2.72
1185,4.76,0.0,-4.76
1186,3.37,0.0,-3.37
1187,4.55,0.0,-4.55
1188,2.96,0.0,-2.96
1189,2.79,0.0,-2.79
1190,2.6,0.0,-2.6
1191,2.93,0.0,-2.93
1192,3.88,0.0,-3.88
1193,4.84,0.0,-4.84
1194,3.71,0.0,-3.71
1195,2.74,0.0,-2.74
1196,3.87,0.0,-3.87
1197,3.58,0.0,-3.58
1198,2.97,0.0,-2.97
1199,3.36,0.0,-3.36
1200,5.34,0.0,-5.34
1201,4.2,0.0,-4.2
1202,3.02,0.0,-3.02
1203,2.77,0.0,-2.77
1204,3.0,0.0,-3.0
1205,2.98,0.0,-2.98
1206,3.57,0.0,-3.57
1207,2.62,0.0,-2.62
1208,2.33,0.0,-2.33
1209,2.55,0.0,-2.55
1210,2.44,0.0,-2.44
1211,2.21,0.0,-2.21
1212,2.32,0.0,-2.32
1213,2.13,0.0,-2.13
1214,2.2,0.0,-2.2
1215,2.23,0.0,-2.23
1216,2.26,0.0,-2.26
1217,2.32,0.0,-2.32
1218,2.5,0.0,-2.5
1219,2.36,0.0,-2.36
1220,2.43,0.0,-2.43
1221,2.73,0.0,-2.73
1222,2.23,0.0,-2.23
1223,2.42,0.0,-2.42
1224,2.34,0.0,-2.34
1225,2.1,0.0,-2.1
1226,2.21,0.0,-2.21
1227,2.54,0.0,-2.54
1228,2.08,0.0,-2.08
1229,2.36,0.0,-2.36
1230,1.99,0.0,-1.99
1231,2.16,0.0,-2.16
1232,2.16,0.0,-2.16
1233,2.16,0.0,-2.16
1234,2.02,0.0,-2.02
1235,1.95,0.0,-1.95
1236,2.03,0.0,-2.03
1237,2.04,0.0,-2.04
1238,2.07,0.0,-2.07
1239,2.14,0.0,-2.14
1240,2.15,0.0,-2.15
1241,1.97,0.0,-1.97
1242,2.76,0.0,-2.76
1243,2.32,0.0,-2.32
1244,2.67,0.0,-2.67
1245,2.81,0.0,-2.81
1246,2.26,0.0,-2.26
1247,1.51,0.0,-1.51
1248,3.51,0.0,-3.51
1249,3.39,0.0,-3.39
1250,5.22,0.0,-5.22
1251,3.63,0.0,-3.63
1252,3.56,0.0,-3.56
1253,3.79,0.0,-3.79
1254,3.24,0.0,-3.24
1255,2.64,0.0,-2.64
1256,3.53,0.0,-3.53
1257,2.85,0.0,-2.85
1258,2.68,0.0,-2.68
1259,2.66,0.0,-2.66
1260,3.13,0.0,-3.13
1261,3.03,0.0,-3.03
1262,2.95,0.0,-2.95
1263,2.89,0.0,-2.89
1264,2.87,0.0,-2.87
1265,4.35,0.0,-4.35
1266,2.79,0.0,-2.79
1267,2.69,0.0,-2.69
1268,3.84,0.0,-3.84
1269,3.11,0.0,-3.11
1270,3.22,0.0,-3.22
1271,3.3,0.0,-3.3
1272,2.86,0.0,-2.86
1273,2.71,0.0,-2.71
1274,2.93,0.0,-2.93
1275,3.28,0.0,-3.28
1276,2.19,0.0,-2.19
1277,4.68,0.0,-4.68
1278,2.94,0.0,-2.94
1279,3.04,0.0,-3.04
1280,3.27,0.0,-3.27
1281,6.59,0.0,-6.59
1282,2.58,0.0,-2.58
1283,2.82,0.0,-2.82
1284,5.15,0.0,-5.15
1285,2.89,0.0,-2.89
1286,3.94,0.0,-3.94
1287,3.06,0.0,-3.06
1288,3.57,0.0,-3.57
1289,2.77,0.0,-2.77
1290,1.99,0.0,-1.99
1291,6.26,0.0,-6.26
1292,2.73,0.0,-2.73
1293,3.06,0.0,-3.06
1294,2.64,0.0,-2.64
1295,2.91,0.0,-2.91
1296,2.34,0.0,-2.34
1297,2.87,0.0,-2.87
1298,4.41,0.0,-4.41
1299,3.08,0.0,-3.08
1300,2.87,0.0,-2.87
1301,2.34,0.0,-2.34
1302,2.87,0.0,-2.87
1303,2.19,0.0,-2.19
1304,2.83,0.0,-2.83
1305,2.36,0.0,-2.36
1306,2.14,0.0,-2.14
1307,1.59,0.0,-1.59
1308,2.88,0.0,-2.88
1309,2.97,0.0,-2.97
1310,2.98,0.0,-2.98
1311,2.81,0.0,-2.81
1312,2.54,0.0,-2.54
1313,2.72,0.0,-2.72
1314,2.66,0.0,-2.66
1315,4.13,0.0,-4.13
1316,2.72,0.0,-2.72
1317,2.63,0.0,-2.63
1318,2.56,0.0,-2.56
1319,2.29,0.0,-2.29
1320,2.44,0.0,-2.44
1321,2.31,0.0,-2.31
1322,3.22,0.0,-3.22
1323,2.58,0.0,-2.58
1324,2.44,0.0,-2.44
1325,2.34,0.0,-2.34
1326,3.27,0.0,-3.27
1327,3.24,0.0,-3.24
1328,3.49,0.0,-3.49
1329,3.27,0.0,-3.27
1330,4.5,0.0,-4.5
1331,2.4,0.0,-2.4
1332,3.18,0.0,-3.18
1333,3.29,0.0,-3.29
1334,16.12,0.0,-16.12
1335,4.24,0.0,-4.24
1336,2.29,0.0,-2.29
1337,3.2,0.0,-3.2
1338,3.22,0.0,-3.22
1339,3.59,0.0,-3.59
1340,3.37,0.0,-3.37
1341,3.43,0.0,-3.43
1342,3.76,0.0,-3.76
1343,3.48,0.0,-3.48
1344,3.51,0.0,-3.51
1345,2.53,0.0,-2.53
1346,3.44,0.0,-3.44
1347,3.22,0.0,-3.22
1348,2.93,0.0,-2.93
1349,3.66,0.0,-3.66
1350,3.21,0.0,-3.21
1351,3.5,0.0,-3.5
1352,3.71,0.0,-3.71
1353,3.29,0.0,-3.29
1354,3.62,0.0,-3.62
1355,3.11,0.0,-3.11
1356,3.15,0.0,-3.15
1357,3.33,0.0,-3.33
1358,2.29,0.0,-2.29
1359,3.3,0.0,-3.3
1360,3.75,0.0,-3.75
1361,3.03,0.0,-3.03
1362,3.52,0.0,-3.52
1363,3.41,0.0,-3.41
1364,3.47,0.0,-3.47
1365,3.39,0.0,-3.39
1366,3.18,0.0,-3.18
1367,2.32,0.0,-2.32
1368,1.95,0.0,-1.95
1369,1.31,0.0,-1.31
1370,3.18,0.0,-3.18
1371,2.52,0.0,-2.52
1372,3.2,0.0,-3.2
1373,2.54,0.0,-2.54
1374,2.84,0.0,-2.84
1375,2.85,0.0,-2.85
1376,3.2,0.0,-3.2
1377,3.32,0.0,-3.32
1378,3.12,0.0,-3.12
1379,3.51,0.0,-3.51
1380,2.53,0.0,-2.53
1381,11.43,0.0,-11.43
1382,3.84,0.0,-3.84
1383,3.5,0.0,-3.5
1384,2.52,0.0,-2.52
1385,2.97,0.0,-2.97
1386,2.54,0.0,-2.54
1387,6.28,0.0,-6.28
1388,4.96,0.0,-4.96
1389,3.11,0.0,-3.11
1390,4.02,0.0,-4.02
1391,3.46,0.0,-3.46
1392,2.6,0.0,-2.6
1393,2.89,0.0,-2.89
1394,2.52,0.0,-2.52
1395,1.37,0.0,-1.37
1396,2.63,0.0,-2.63
1397,3.2,0.0,-3.2
1398,3.04,0.0,-3.04
1399,3.3,0.0,-3.3
1400,1.99,0.0,-1.99
1401,1.57,0.0,-1.57
1402,4.0,0.0,-4.0
1403,3.77,0.0,-3.77
1404,1.9,0.0,-1.9
1405,2.34,0.0,-2.34
1406,2.33,0.0,-2.33
1407,2.55,0.0,-2.55
1408,2.58,0.0,-2.58
1409,3.05,0.0,-3.05
1410,3.32,0.0,-3.32
1411,2.45,0.0,-2.45
1412,2.38,0.0,-2.38
1413,2.87,0.0,-2.87
1414,2.58,0.0,-2.58
1415,2.05,0.0,-2.05
1416,2.36,0.0,-2.36
1417,2.29,0.0,-2.29
1418,2.15,0.0,-2.15
1419,2.09,0.0,-2.09
1420,2.74,0.0,-2.74
1421,2.7,0.0,-2.7
1422,3.02,0.0,-3.02
1423,2.79,0.0,-2.79
1424,3.07,0.0,-3.07
1425,2.54,0.0,-2.54
1426,3.03,0.0,-3.03
1427,2.15,0.0,-2.15
1428,3.11,0.0,-3.11
1429,2.48,0.0,-2.48
1430,3.15,0.0,-3.15
1431,2.9,0.0,-2.9
1432,3.34,0.0,-3.34
1433,2.63,0.0,-2.63
1434,2.88,0.0,-2.88
1435,3.53,0.0,-3.53
1436,4.33,0.0,-4.33
1437,2.94,0.0,-2.94
1438,3.22,0.0,-3.22
1439,3.82,0.0,-3.82
1440,3.5,0.0,-3.5
1441,3.4,0.0,-3.4
1442,3.07,0.0,-3.07
1443,3.3,0.0,-3.3
1444,3.12,0.0,-3.12
1445,3.25,0.0,-3.25
1446,3.35,0.0,-3.35
1447,2.95,0.0,-2.95
1448,2.53,0.0,-2.53
1449,3.1,0.0,-3.1
1450,3.21,0.0,-3.21
1451,5.57,0.0,-5.57
1452,2.92,0.0,-2.92
1453,4.13,0.0,-4.13
1454,8.3,0.0,-8.3
1455,2.91,0.0,-2.91
1456,4.9,0.0,-4.9
1457,3.19,0.0,-3.19
1458,2.83,0.0,-2.83
1459,3.08,0.0,-3.08
1460,2.69,0.0,-2.69
1461,3.2,0.0,-3.2
1462,3.14,0.0,-3.14
1463,3.24,0.0,-3.24
1464,3.46,0.0,-3.46
1465,3.12,0.0,-3.12
1466,4.09,0.0,-4.09
1467,2.34,0.0,-2.34
1468,2.88,0.0,-2.88
1469,2.96,0.0,-2.96
1470,3.22,0.0,-3.22
1471,3.46,0.0,-3.46
1472,3.43,0.0,-3.43
1473,4.9,0.0,-4.9
1474,3.04,0.0,-3.04
1475,3.18,0.0,-3.18
1476,3.71,0.0,-3.71
1477,3.77,0.0,-3.77
1478,3.79,0.0,-3.79
1479,3.64,0.0,-3.64
1480,3.11,0.0,-3.11
1481,4.47,0.0,-4.47
1482,2.3,0.0,-2.3
1483,3.34,0.0,-3.34
1484,4.23,0.0,-4.23
1485,3.57,0.0,-3.57
1486,3.7,0.0,-3.7
1487,3.71,0.0,-3.71
1488,3.61,0.0,-3.61
1489,2.64,0.0,-2.64
1490,3.25,0.0,-3.25
1491,3.24,0.0,-3.24
1492,2.85,0.0,-2.85
1493,3.0,0.0,-3.0
1494,2.2,0.0,-2.2
1495,2.31,0.0,-2.31
1496,1.05,0.0,-1.05
1497,2.69,0.0,-2.69
1498,3.08,0.0,-3.08
1499,2.98,0.0,-2.98
1500,2.67,0.0,-2.67
1501,1.5,0.0,-1.5
1502,2.82,0.0,-2.82
1503,2.84,0.0,-2.84
1504,2.83,0.0,-2.83
1505,3.02,0.0,-3.02
1506,2.88,0.0,-2.88
1507,2.89,0.0,-2.89
1508,2.46,0.0,-2.46
1509,4.67,0.0,-4.67
1510,1.93,0.0,-1.93
1511,1.85,0.0,-1.85
1512,2.82,0.0,-2.82
1513,2.24,0.0,-2.24
1514,2.4,0.0,-2.4
1515,2.68,0.0,-2.68
1516,2.56,0.0,-2.56
1517,2.5,0.0,-2.5
1518,2.29,0.0,-2.29
1519,2.46,0.0,-2.46
1520,2.3,0.0,-2.3
1521,2.45,0.0,-2.45
1522,2.55,0.0,-2.55
1523,2.91,0.0,-2.91
1524,2.49,0.0,-2.49
1525,2.6,0.0,-2.6
1526,2.61,0.0,-2.61
1527,2.39,0.0,-2.39
1528,2.3,0.0,-2.3
1529,2.55,0.0,-2.55
1530,2.73,0.0,-2.73
1531,2.56,0.0,-2.56
1532,2.81,0.0,-2.81
1533,2.97,0.0,-2.97
1534,2.98,0.0,-2.98
1535,3.48,0.0,-3.48
1536,3.9,0.0,-3.9
1537,3.85,0.0,-3.85
1538,4.07,0.0,-4.07
1539,4.29,0.0,-4.29
1540,3.68,0.0,-3.68
1541,3.71,0.0,-3.71
1542,4.55,0.0,-4.55
1543,3.95,0.0,-3.95
1544,3.99,0.0,-3.99
1545,3.19,0.0,-3.19
1546,6.42,0.0,-6.42
1547,3.61,0.0,-3.61
1548,3.75,0.0,-3.75
1549,2.64,0.0,-2.64
1550,3.89,0.0,-3.89
1551,3.09,0.0,-3.09
1552,3.31,0.0,-3.31
1553,3.82,0.0,-3.82
1554,3.42,0.0,-3.42
1555,3.73,0.0,-3.73
1556,3.96,0.0,-3.96
1557,4.0,0.0,-4.0
1558,3.17,0.0,-3.17
1559,2.96,0.0,-2.96
1560,3.57,0.0,-3.57
1561,3.33,0.0,-3.33
1562,4.16,0.0,-4.16
1563,3.3,0.0,-3.3
1564,2.66,0.0,-2.66
1565,2.09,0.0,-2.09
1566,3.23,0.0,-3.23
1567,3.29,0.0,-3.29
1568,3.56,0.0,-3.56
1569,3.46,0.0,-3.46
1570,2.97,0.0,-2.97
1571,3.48,0.0,-3.48
1572,5.19,0.0,-5.19
1573,2.83,0.0,-2.83
1574,3.42,0.0,-3.42
1575,3.37,0.0,-3.37
1576,3.51,0.0,-3.51
1577,3.14,0.0,-3.14
1578,2.8,0.0,-2.8
1579,3.53,0.0,-3.53
1580,3.75,0.0,-3.75
1581,4.95,0.0,-4.95
1582,3.33,0.0,-3.33
1583,3.44,0.0,-3.44
1584,2.72,0.0,-2.72
1585,3.13,0.0,-3.13
1586,3.08,0.0,-3.08
1587,5.45,0.0,-5.45
1588,2.94,0.0,-2.94
1589,3.04,0.0,-3.04
1590,8.59,0.0,-8.59
1591,2.89,0.0,-2.89
1592,2.5,0.0,-2.5
1593,3.15,0.0,-3.15
1594,2.46,0.0,-2.46
1595,4.0,0.0,-4.0
1596,2.68,0.0,-2.68
1597,2.54,0.0,-2.54
1598,2.79,0.0,-2.79
1599,2.47,0.0,-2.47
1600,2.74,0.0,-2.74
1601,2.32,0.0,-2.32
1602,3.12,0.0,-3.12
1603,2.97,0.0,-2.97
1604,2.66,0.0,-2.66
1605,2.67,0.0,-2.67
1606,2.57,0.0,-2.57
1607,2.4,0.0,-2.4
1608,2.21,0.0,-2.21
1609,2.62,0.0,-2.62
1610,3.05,0.0,-3.05
1611,2.61,0.0,-2.61
1612,2.74,0.0,-2.74
1613,2.52,0.0,-2.52
1614,5.22,0.0,-5.22
1615,2.78,0.0,-2.78
1616,2.72,0.0,-2.72
1617,2.84,0.0,-2.84
1618,3.42,0.0,-3.42
1619,1.26,0.0,-1.26
1620,2.26,0.0,-2.26
1621,1.52,0.0,-1.52
1622,2.62,0.0,-2.62
1623,2.55,0.0,-2.55
1624,2.94,0.0,-2.94
1625,2.71,0.0,-2.71
1626,1.48,0.0,-1.48
1627,3.19,0.0,-3.19
1628,1.35,0.0,-1.35
1629,5.66,0.0,-5.66
1630,3.95,0.0,-3.95
1631,9.22,0.0,-9.22
1632,3.07,0.0,-3.07
1633,4.23,0.0,-4.23
1634,2.57,0.0,-2.57
1635,6.55,0.0,-6.55
1636,3.94,0.0,-3.94
1637,3.06,0.0,-3.06
1638,3.78,0.0,-3.78
1639,3.85,0.0,-3.85
1640,3.92,0.0,-3.92
1641,3.29,0.0,-3.29
1642,3.89,0.0,-3.89
1643,3.26,0.0,-3.26
1644,1.67,0.0,-1.67
1645,4.33,0.0,-4.33
1646,2.48,0.0,-2.48
1647,3.89,0.0,-3.89
1648,2.67,0.0,-2.67
1649,3.3,0.0,-3.3
1650,3.61,0.0,-3.61
1651,3.69,0.0,-3.69
1652,1.94,0.0,-1.94
1653,6.52,0.0,-6.52
1654,3.25,0.0,-3.25
1655,3.0,0.0,-3.0
1656,6.87,0.0,-6.87
1657,2.81,0.0,-2.81
1658,2.76,0.0,-2.76
1659,3.9,0.0,-3.9
1660,4.61,0.0,-4.61
1661,3.41,0.0,-3.41
1662,4.59,0.0,-4.59
1663,3.0,0.0,-3.0
1664,3.38,0.0,-3.38
1665,3.86,0.0,-3.86
1666,4.03,0.0,-4.03
1667,2.61,0.0,-2.61
1668,4.56,0.0,-4.56
1669,2.37,0.0,-2.37
1670,2.97,0.0,-2.97
1671,3.57,0.0,-3.57
1672,2.63,0.0,-2.63
1673,3.7,0.0,-3.7
1674,5.57,0.0,-5.57
1675,3.96,0.0,-3.96
1676,2.36,0.0,-2.36
1677,4.27,0.0,-4.27
1678,3.34,0.0,-3.34
1679,2.98,0.0,-2.98
1680,2.63,0.0,-2.63
1681,2.8,0.0,-2.8
1682,2.34,0.0,-2.34
1683,6.67,0.0,-6.67
1684,2.75,0.0,-2.75
1685,3.19,0.0,-3.19
1686,2.74,0.0,-2.74
1687,2.14,0.0,-2.14
1688,3.0,0.0,-3.0
1689,2.74,0.0,-2.74
1690,5.45,0.0,-5.45
1691,1.87,0.0,-1.87
1692,3.27,0.0,-3.27
1693,3.06,0.0,-3.06
1694,3.16,0.0,-3.16
1695,2.64,0.0,-2.64
1696,2.41,0.0,-2.41
1697,3.03,0.0,-3.03
1698,2.48,0.0,-2.48
1699,3.44,0.0,-3.44
1700,2.9,0.0,-2.9
1701,2.73,0.0,-2.73
1702,2.88,0.0,-2.88
1703,2.64,0.0,-2.64
1704,3.15,0.0,-3.15
1705,2.51,0.0,-2.51
1706,3.26,0.0,-3.26
1707,3.23,0.0,-3.23
1708,2.27,0.0,-2.27
1709,3.09,0.0,-3.09
1710,2.15,0.0,-2.15
1711,3.39,0.0,-3.39
1712,2.74,0.0,-2.74
1713,2.74,0.0,-2.74
1714,1.97,0.0,-1.97
1715,3.81,0.0,-3.81
1716,3.36,0.0,-3.36
1717,3.71,0.0,-3.71
1718,3.22,0.0,-3.22
1719,5.14,0.0,-5.14
1720,5.38,0.0,-5.38
1721,3.82,0.0,-3.82
1722,2.97,0.0,-2.97
1723,3.24,0.0,-3.24
1724,3.97,0.0,-3.97
1725,4.43,0.0,-4.43
1726,4.34,0.0,-4.34
1727,8.3,0.0,-8.3
1728,4.57,0.0,-4.57
1729,4.74,0.0,-4.74
1730,4.79,0.0,-4.79
1731,4.45,0.0,-4.45
1732,4.65,0.0,-4.65
1733,3.74,0.0,-3.74
1734,3.62,0.0,-3.62
1735,6.06,0.0,-6.06
1736,2.53,0.0,-2.53
1737,4.01,0.0,-4.01
1738,3.74,0.0,-3.74
1739,4.07,0.0,-4.07
1740,3.63,0.0,-3.63
1741,4.45,0.0,-4.45
1742,3.64,0.0,-3.64
1743,3.58,0.0,-3.58
1744,6.4,0.0,-6.4
1745,4.52,0.0,-4.52
1746,4.69,0.0,-4.69
1747,3.7,0.0,-3.7
1748,2.92,0.0,-2.92
1749,15.89,0.0,-15.89
1750,2.62,0.0,-2.62
1751,3.94,0.0,-3.94
1752,4.53,0.0,-4.53
1753,2.12,0.0,-2.12
1754,2.36,0.0,-2.36
1755,3.01,0.0,-3.01
1756,3.57,0.0,-3.57
1757,3.03,0.0,-3.03
1758,5.62,0.0,-5.62
1759,3.73,0.0,-3.73
1760,3.41,0.0,-3.41
1761,4.63,0.0,-4.63
1762,3.0,0.0,-3.0
1763,9.64,0.0,-9.64
1764,4.11,0.0,-4.11
1765,4.73,0.0,-4.73
1766,3.55,0.0,-3.55
1767,6.01,0.0,-6.01
1768,3.67,0.0,-3.67
1769,5.88,0.0,-5.88
1770,3.72,0.0,-3.72
1771,4.76,0.0,-4.76
1772,2.44,0.0,-2.44
1773,3.78,0.0,-3.78
1774,4.36,0.0,-4.36
1775,4.33,0.0,-4.33
1776,3.83,0.0,-3.83
1777,2.93,0.0,-2.93
1778,6.66,0.0,-6.66
1779,3.06,0.0,-3.06
1780,2.73,0.0,-2.73
1781,3.56,0.0,-3.56
1782,14.52,0.0,-14.52
1783,3.4,0.0,-3.4
1784,2.93,0.0,-2.93
1785,4.68,0.0,-4.68
1786,3.06,0.0,-3.06
1787,3.59,0.0,-3.59
1788,4.08,0.0,-4.08
1789,3.6,0.0,-3.6
1790,3.74,0.0,-3.74
1791,6.64,0.0,-6.64
1792,3.34,0.0,-3.34
1793,4.13,0.0,-4.13
1794,3.34,0.0,-3.34
1795,4.3,0.0,-4.3
1796,2.78,0.0,-2.78
1797,4.03,0.0,-4.03
1798,6.61,0.0,-6.61
1799,5.06,0.0,-5.06
1800,3.86,0.0,-3.86
1801,3.79,0.0,-3.79
1802,2.9,0.0,-2.9
1803,3.45,0.0,-3.45
1804,3.37,0.0,-3.37
1805,3.31,0.0,-3.31
1806,3.56,0.0,-3.56
1807,2.59,0.0,-2.59
1808,2.57,0.0,-2.57
1809,3.49,0.0,-3.49
1810,4.3,0.0,-4.3
1811,6.04,0.0,-6.04
1812,3.19,0.0,-3.19
1813,2.51,0.0,-2.51
1814,2.89,0.0,-2.89
1815,3.22,0.0,-3.22
1816,6.0,0.0,-6.0
1817,3.95,0.0,-3.95
1818,4.01,0.0,-4.01
1819,12.54,0.0,-12.54
1820,10.32,0.0,-10.32
1821,6.02,0.0,-6.02
1822,4.37,0.0,-4.37
1823,2.0,0.0,-2.0
1824,6.93,0.0,-6.93
1825,4.72,0.0,-4.72
1826,11.78,0.0,-11.78
1827,3.55,0.0,-3.55
1828,4.75,0.0,-4.75
1829,7.16,0.0,-7.16
1830,4.19,0.0,-4.19
1831,4.72,0.0,-4.72
1832,6.09,0.0,-6.09
1833,2.73,0.0,-2.73
1834,5.38,0.0,-5.38
1835,4.11,0.0,-4.11
1836,3.74,0.0,-3.74
1837,5.72,0.0,-5.72
1838,4.25,0.0,-4.25
1839,2.02,0.0,-2.02
1840,4.06,0.0,-4.06
1841,6.24,0.0,-6.24
1842,3.46,0.0,-3.46
1843,3.01,0.0,-3.01
1844,5.91,0.0,-5.91
1845,4.65,0.0,-4.65
1846,5.47,0.0,-5.47
1847,14.14,0.0,-14.14
1848,5.38,0.0,-5.38
1849,6.57,0.0,-6.57
1850,3.62,0.0,-3.62
1851,5.15,0.0,-5.15
1852,3.36,0.0,-3.36
1853,3.91,0.0,-3.91
1854,3.13,0.0,-3.13
1855,8.88,0.0,-8.88
1856,8.33,0.0,-8.33
1857,3.88,0.0,-3.88
1858,4.41,0.0,-4.41
1859,9.08,0.0,-9.08
1860,4.87,0.0,-4.87
1861,3.61,0.0,-3.61
1862,7.32,0.0,-7.32
1863,2.8,0.0,-2.8
1864,4.48,0.0,-4.48
1865,4.41,0.0,-4.41
1866,5.91,0.0,-5.91
1867,5.98,0.0,-5.98
1868,3.91,0.0,-3.91
1869,4.16,0.0,-4.16
1870,3.41,0.0,-3.41
1871,3.97,0.0,-3.97
1872,3.66,0.0,-3.66
1873,3.64,0.0,-3.64
1874,3.35,0.0,-3.35
1875,1.57,0.0,-1.57
1876,4.45,0.0,-4.45
1877,5.46,0.0,-5.46
1878,4.35,0.0,-4.35
1879,3.05,0.0,-3.05
1880,2.41,0.0,-2.41
1881,2.89,0.0,-2.89
1882,4.76,0.0,-4.76
1883,2.24,0.0,-2.24
1884,3.62,0.0,-3.62
1885,2.0,0.0,-2.0
1886,3.41,0.0,-3.41
1887,3.74,0.0,-3.74
1888,2.89,0.0,-2.89
1889,3.86,0.0,-3.86
1890,4.25,0.0,-4.25
1891,4.12,0.0,-4.12
1892,4.11,0.0,-4.11
1893,3.67,0.0,-3.67
1894,3.62,0.0,-3.62
1895,3.78,0.0,-3.78
1896,3.72,0.0,-3.72
1897,2.87,0.0,-2.87
1898,5.28,0.0,-5.28
1899,4.84,0.0,-4.84
1900,6.14,0.0,-6.14
1901,5.06,0.0,-5.06
1902,3.06,0.0,-3.06
1903,4.44,0.0,-4.44
1904,4.5,0.0,-4.5
1905,4.27,0.0,-4.27
1906,6.05,0.0,-6.05
1907,3.82,0.0,-3.82
1908,4.96,0.0,-4.96
1909,3.57,0.0,-3.57
1910,6.21,0.0,-6.21
1911,3.68,0.0,-3.68
1912,2.62,0.0,-2.62
1913,5.06,0.0,-5.06
1914,5.61,0.0,-5.61
1915,6.51,0.0,-6.51
1916,5.73,0.0,-5.73
1917,6.46,0.0,-6.46
1918,25.0,0.0,-25.0
1919,9.31,0.0,-9.31
1920,6.54,0.0,-6.54
1921,4.74,0.0,-4.74
1922,7.77,0.0,-7.77
1923,7.43,0.0,-7.43
1924,4.58,0.0,-4.58
1925,7.01,0.0,-7.01
1926,6.17,0.0,-6.17
1927,6.01,0.0,-6.01
1928,5.93,0.0,-5.93
1929,4.59,0.0,-4.59
1930,7.79,0.0,-7.79
1931,4.91,0.0,-4.91
1932,6.32,0.0,-6.32
1933,4.82,0.0,-4.82
1934,4.35,0.0,-4.35
1935,11.58,0.0,-11.58
1936,7.07,0.0,-7.07
1937,5.64,0.0,-5.64
1938,7.61,0.0,-7.61
1939,11.56,0.0,-11.56
1940,3.58,0.0,-3.58
1941,5.06,0.0,-5.06
1942,6.38,0.0,-6.38
1943,5.38,0.0,-5.38
1944,4.26,0.0,-4.26
1945,4.44,0.0,-4.44
1946,6.31,0.0,-6.31
1947,6.67,0.0,-6.67
1948,12.07,0.0,-12.07
1949,5.7,0.0,-5.7
1950,7.98,0.0,-7.98
1951,3.66,0.0,-3.66
1952,6.48,0.0,-6.48
1953,6.63,0.0,-6.63
1954,6.07,0.0,-6.07
1955,4.25,0.0,-4.25
1956,7.88,0.0,-7.88
1957,7.31,0.0,-7.31
1958,4.62,0.0,-4.62
1959,6.61,0.0,-6.61
1960,4.44,0.0,-4.44
1961,5.36,0.0,-5.36
1962,5.65,0.0,-5.65
1963,5.33,0.0,-5.33
1964,6.87,0.0,-6.87
1965,6.1,0.0,-6.1
1966,6.53,0.0,-6.53
1967,9.31,0.0,-9.31
1968,3.15,0.0,-3.15
1969,6.84,0.0,-6.84
1970,5.29,0.0,-5.29
1971,4.07,0.0,-4.07
1972,6.82,0.0,-6.82
1973,5.88,0.0,-5.88
1974,3.73,0.0,-3.73
1975,6.67,0.0,-6.67
1976,3.89,0.0,-3.89
1977,3.56,0.0,-3.56
1978,5.36,0.0,-5.36
1979,4.89,0.0,-4.89
1980,3.57,0.0,-3.57
1981,2.56,0.0,-2.56
1982,4.81,0.0,-4.81
1983,2.88,0.0,-2.88
1984,5.64,0.0,-5.64
1985,3.88,0.0,-3.88
1986,4.42,0.0,-4.42
1987,3.49,0.0,-3.49
1988,4.74,0.0,-4.74
1989,6.18,0.0,-6.18
1990,5.81,0.0,-5.81
1991,4.28,0.0,-4.28
1992,8.15,0.0,-8.15
1993,5.13,0.0,-5.13
1994,3.78,0.0,-3.78
1995,4.4,0.0,-4.4
1996,3.48,0.0,-3.48
1997,4.34,0.0,-4.34
1998,9.42,0.037,-9.383
1999,2.83,0.175,-2.655
2000,3.34,0.48,-2.86
2001,5.98,0.543,-5.437
2002,8.0,0.442,-7.558
2003,4.9,0.401,-4.499
2004,5.83,0.747,-5.083
2005,4.57,0.78,-3.79
2006,6.2,0.718,-5.482
2007,7.05,0.723,-6.327
2008,5.68,0.633,-5.047
2009,6.18,0.542,-5.638
2010,3.75,0.615,-3.135
2011,21.97,0.69,-21.28
2012,10.45,0.661,-9.789
2013,8.72,0.716,-8.004
2014,13.39,0.766,-12.624
2015,8.82,0.672,-8.148
2016,7.18,0.737,-6.443
2017,6.41,0.65,-5.76
2018,9.03,0.696,-8.334
2019,8.95,0.636,-8.314
2020,8.02,0.551,-7.469
2021,9.2,0.474,-8.726
2022,15.29,0.478,-14.812
2023,7.99,0.424,-7.566
2024,8.79,0.359,-8.431
2025,9.78,0.439,-9.341
2026,7.54,0.51,-7.03
2027,7.5,0.421,-7.079
2028,10.79,0.347,-10.443
2029,5.33,0.283,-5.047
2030,5.8,0.221,-5.579
2031,10.13,0.139,-9.991
2032,6.51,0.134,-6.376
2033,19.11,0.084,-19.026
2034,10.78,0.137,-10.643
2035,6.03,0.084,-5.946
2036,13.02,0.0,-13.02
2037,6.52,0.0,-6.52
2038,6.14,0.0,-6.14
2039,15.7,0.0,-15.7
2040,9.18,0.0,-9.18
2041,7.36,0.0,-7.36
2042,7.12,0.0,-7.12
2043,5.21,0.0,-5.21
2044,10.04,0.0,-10.04
2045,14.83,0.0,-14.83
2046,11.24,0.0,-11.24
2047,4.56,0.0,-4.56
2048,7.11,0.0,-7.11
2049,2.66,0.0,-2.66
2050,3.86,0.0,-3.86
2051,11.47,0.0,-11.47
2052,7.45,0.0,-7.45
2053,9.07,0.0,-9.07
2054,5.19,0.0,-5.19
2055,15.21,0.0,-15.21
2056,6.63,0.0,-6.63
2057,9.43,0.0,-9.43
2058,7.51,0.0,-7.51
2059,8.0,0.0,-8.0
2060,7.55,0.0,-7.55
2061,7.67,0.0,-7.67
2062,7.13,0.0,-7.13
2063,12.62,0.0,-12.62
2064,7.48,0.0,-7.48
2065,6.35,0.0,-6.35
2066,5.11,0.0,-5.11
2067,7.08,0.0,-7.08
2068,4.21,0.0,-4.21
2069,4.18,0.0,-4.18
2070,13.31,0.0,-13.31
2071,10.07,0.0,-10.07
2072,4.57,0.0,-4.57
2073,6.49,0.0,-6.49
2074,9.55,0.0,-9.55
2075,5.4,0.0,-5.4
2076,7.0,0.0,-7.0
2077,4.19,0.0,-4.19
2078,6.09,0.276,-5.814
2079,6.21,0.39,-5.82
2080,18.38,0.534,-17.846
2081,4.93,0.441,-4.489
2082,4.24,0.831,-3.409
2083,8.48,0.684,-7.796
2084,6.38,0.933,-5.447
2085,7.51,0.809,-6.701
2086,11.98,1.288,-10.692
2087,7.34,1.099,-6.241
2088,16.3,0.959,-15.341
2089,6.17,0.945,-5.225
2090,6.3,0.515,-5.785
2091,6.2,0.939,-5.261
2092,6.54,0.981,-5.559
2093,8.42,0.363,-8.057
2094,6.33,0.648,-5.682
2095,6.45,0.0,-6.45
2096,5.72,0.943,-4.777
2097,4.59,0.613,-3.977
2098,5.59,0.775,-4.815
2099,5.04,0.903,-4.137
2100,6.4,0.864,-5.536
2101,6.58,0.948,-5.632
2102,5.61,0.879,-4.731
2103,3.55,0.449,-3.101
2104,4.02,0.471,-3.549
2105,4.68,0.439,-4.241
2106,6.1,0.425,-5.675
2107,7.05,0.642,-6.408
2108,5.48,0.934,-4.546
2109,13.15,0.898,-12.252
2110,11.92,0.894,-11.026
2111,9.07,0.408,-8.662
2112,8.71,0.588,-8.122
2113,9.74,0.539,-9.201
2114,6.16,0.932,-5.228
2115,5.31,0.927,-4.383
2116,8.39,0.933,-7.457
2117,6.3,0.834,-5.466
2118,9.59,0.857,-8.733
2119,5.61,0.827,-4.783
2120,2.96,0.846,-2.114
2121,5.29,0.89,-4.4
2122,6.31,0.893,-5.417
2123,5.28,0.813,-4.467
2124,6.47,0.921,-5.549
2125,5.07,0.925,-4.145
2126,5.44,0.79,-4.65
2127,4.91,0.645,-4.265
2128,6.75,0.878,-5.872
2129,4.22,0.771,-3.449
2130,3.42,0.675,-2.745
2131,6.45,0.722,-5.728
2132,4.94,0.588,-4.352
2133,5.01,0.602,-4.408
2134,4.84,0.486,-4.354
2135,4.18,0.607,-3.573
2136,9.5,0.608,-8.892
2137,10.54,0.591,-9.949
2138,8.1,0.556,-7.544
2139,5.78,0.58,-5.2
2140,5.78,0.589,-5.191
2141,3.95,0.366,-3.584
2142,12.15,0.566,-11.584
2143,8.54,0.622,-7.918
2144,7.77,0.659,-7.111
2145,9.78,0.563,-9.217
2146,5.75,0.562,-5.188
2147,7.99,0.546,-7.444
2148,6.6,0.58,-6.02
2149,7.29,0.577,-6.713
2150,10.6,0.6,-10.0
2151,7.25,0.389,-6.861
2152,20.18,0.29,-19.89
2153,12.86,0.572,-12.288
2154,20.15,0.459,-19.691
2155,8.69,0.403,-8.287
2156,7.06,0.579,-6.481
2157,9.54,0.71,-8.83
2158,17.86,0.795,-17.065
2159,9.1,0.706,-8.394
2160,3.77,0.558,-3.212
2161,12.58,0.0,-12.58
2162,10.14,0.0,-10.14
2163,5.75,0.0,-5.75
2164,6.63,0.366,-6.264
2165,7.92,0.201,-7.719
2166,15.76,0.431,-15.329
2167,6.45,1.013,-5.437
2168,8.25,1.109,-7.141
2169,5.32,1.308,-4.012
2170,9.75,1.336,-8.414
2171,6.92,1.33,-5.59
2172,11.47,1.773,-9.697
2173,12.49,2.061,-10.429
2174,10.06,1.397,-8.663
2175,4.95,0.88,-4.07
2176,8.06,0.909,-7.151
2177,6.6,0.817,-5.783
2178,7.03,0.509,-6.521
2179,9.08,0.464,-8.616
2180,6.1,0.368,-5.732
2181,10.11,0.108,-10.002
2182,3.95,0.0,-3.95
2183,5.75,0.0,-5.75
2184,4.26,0.0,-4.26
2185,4.9,0.0,-4.9
2186,5.28,0.0,-5.28
2187,6.61,0.0,-6.61
2188,6.66,0.0,-6.66
2189,5.56,0.139,-5.421
2190,5.75,0.0,-5.75
2191,5.23,0.396,-4.834
2192,4.35,0.185,-4.165
2193,11.43,0.412,-11.018
2194,5.19,0.029,-5.161
2195,3.99,0.262,-3.728
2196,4.73,0.0,-4.73
2197,4.47,0.104,-4.366
2198,4.08,0.233,-3.847
2199,14.31,0.0,-14.31
2200,7.01,0.0,-7.01
2201,6.07,0.0,-6.07
2202,5.97,0.0,-5.97
2203,7.74,0.0,-7.74
2204,13.91,0.0,-13.91
2205,9.67,0.0,-9.67
2206,11.81,0.0,-11.81
2207,9.17,0.0,-9.17
2208,9.64,0.0,-9.64
2209,9.67,0.0,-9.67
2210,11.31,0.039,-11.271
2211,10.81,0.173,-10.637
2212,9.9,0.0,-9.9
2213,6.51,0.0,-6.51
2214,12.01,0.0,-12.01
2215,9.78,0.0,-9.78
2216,8.87,0.0,-8.87
2217,5.03,0.0,-5.03
2218,8.82,0.0,-8.82
2219,17.24,0.0,-17.24
2220,5.44,0.0,-5.44
2221,6.02,0.0,-6.02
2222,6.48,0.0,-6.48
2223,6.01,0.0,-6.01
2224,7.9,0.0,-7.9
2225,7.4,0.0,-7.4
2226,7.12,0.0,-7.12
2227,8.08,0.0,-8.08
2228,5.5,0.0,-5.5
2229,7.8,0.0,-7.8
2230,4.88,0.0,-4.88
2231,5.37,0.0,-5.37
2232,4.8,0.0,-4.8
2233,6.34,0.0,-6.34
2234,8.03,0.0,-8.03
2235,6.28,0.0,-6.28
2236,7.7,0.0,-7.7
2237,6.62,0.0,-6.62
2238,5.63,0.0,-5.63
2239,7.92,0.0,-7.92
2240,10.3,0.0,-10.3
2241,7.46,0.0,-7.46
2242,6.97,0.0,-6.97
2243,6.38,0.0,-6.38
2244,5.38,0.0,-5.38
2245,8.13,0.0,-8.13
2246,7.9,0.0,-7.9
2247,7.93,0.0,-7.93
2248,9.56,0.0,-9.56
2249,6.2,0.0,-6.2
2250,6.24,0.0,-6.24
2251,4.99,0.0,-4.99
2252,13.63,0.0,-13.63
2253,6.56,0.0,-6.56
2254,4.79,0.0,-4.79
2255,7.73,0.0,-7.73
2256,8.12,0.0,-8.12
2257,5.46,0.0,-5.46
2258,7.33,0.0,-7.33
2259,6.51,0.0,-6.51
2260,6.49,0.0,-6.49
2261,4.97,0.0,-4.97
2262,6.91,0.0,-6.91
2263,5.19,0.0,-5.19
2264,7.14,0.0,-7.14
2265,8.15,0.0,-8.15
2266,5.26,0.0,-5.26
2267,5.51,0.0,-5.51
2268,7.94,0.0,-7.94
2269,6.65,0.0,-6.65
2270,4.56,0.0,-4.56
2271,4.44,0.0,-4.44
2272,7.04,0.0,-7.04
2273,6.17,0.0,-6.17
2274,6.55,0.0,-6.55
2275,4.48,0.0,-4.48
2276,7.24,0.0,-7.24
2277,7.37,0.0,-7.37
2278,6.57,0.0,-6.57
2279,6.27,0.0,-6.27
2280,6.51,0.0,-6.51
2281,7.2,0.0,-7.2
2282,5.11,0.0,-5.11
2283,5.64,0.0,-5.64
2284,9.36,0.0,-9.36
2285,8.09,0.432,-7.658
2286,5.15,0.0,-5.15
2287,9.92,0.0,-9.92
2288,5.33,0.406,-4.924
2289,10.13,0.0,-10.13
2290,9.6,0.0,-9.6
2291,14.69,0.58,-14.11
2292,5.07,0.245,-4.825
2293,7.52,0.0,-7.52
2294,7.1,0.0,-7.1
2295,5.84,0.0,-5.84
2296,9.67,0.0,-9.67
2297,11.91,0.0,-11.91
2298,6.47,0.0,-6.47
2299,7.52,0.0,-7.52
2300,8.99,0.0,-8.99
2301,7.74,0.0,-7.74
2302,7.42,0.0,-7.42
2303,11.99,0.0,-11.99
2304,7.61,0.0,-7.61
2305,7.19,0.0,-7.19
2306,11.95,0.0,-11.95
2307,9.35,0.0,-9.35
2308,8.13,0.0,-8.13
2309,3.57,0.121,-3.449
2310,16.56,0.228,-16.332
2311,8.56,0.182,-8.378
2312,8.88,0.202,-8.678
2313,11.13,0.087,-11.043
2314,5.67,0.069,-5.601
2315,6.68,0.016,-6.664
2316,9.24,0.0,-9.24
2317,6.02,0.075,-5.945
2318,9.46,0.097,-9.363
2319,7.78,0.032,-7.748
2320,6.99,0.0,-6.99
2321,6.34,0.0,-6.34
2322,8.04,0.0,-8.04
2323,6.49,0.0,-6.49
2324,7.21,0.0,-7.21
2325,9.48,0.0,-9.48
2326,7.18,0.0,-7.18
2327,7.07,0.0,-7.07
2328,13.3,0.0,-13.3
2329,7.58,0.0,-7.58
2330,6.59,0.0,-6.59
2331,12.95,0.0,-12.95
2332,15.47,0.0,-15.47
2333,8.86,0.0,-8.86
2334,7.39,0.0,-7.39
2335,15.57,0.0,-15.57
2336,5.87,0.0,-5.87
2337,7.28,0.0,-7.28
2338,11.08,0.0,-11.08
2339,12.04,0.0,-12.04
2340,8.07,0.0,-8.07
2341,10.99,0.0,-10.99
2342,7.45,0.0,-7.45
2343,6.0,0.0,-6.0
2344,13.6,0.0,-13.6
2345,6.25,0.0,-6.25
2346,9.01,0.0,-9.01
2347,11.12,0.0,-11.12
2348,8.08,0.038,-8.042
2349,7.42,0.0,-7.42
2350,7.34,0.073,-7.267
2351,5.27,0.037,-5.233
2352,5.97,0.078,-5.892
2353,8.41,0.122,-8.288
2354,10.93,0.074,-10.856
2355,7.37,0.317,-7.053
2356,5.83,0.0,-5.83
2357,3.95,0.094,-3.856
2358,11.17,0.062,-11.108
2359,10.33,0.087,-10.243
2360,10.02,0.344,-9.676
2361,6.33,0.261,-6.069
2362,11.01,0.348,-10.662
2363,7.14,0.223,-6.917
2364,5.59,0.363,-5.227
2365,8.6,0.754,-7.846
2366,6.72,0.362,-6.358
2367,8.6,0.314,-8.286
2368,9.57,0.214,-9.356
2369,4.85,0.349,-4.501
2370,8.25,0.317,-7.933
2371,9.08,0.317,-8.763
2372,12.72,0.294,-12.426
2373,13.99,0.317,-13.673
2374,16.1,0.294,-15.806
2375,6.95,0.288,-6.662
2376,12.34,0.263,-12.077
2377,12.81,0.301,-12.509
2378,10.07,0.327,-9.743
2379,3.88,0.288,-3.592
2380,15.55,0.359,-15.191
2381,14.96,0.382,-14.578
2382,7.07,0.385,-6.685
2383,6.83,0.24,-6.59
2384,4.98,0.366,-4.614
2385,8.1,0.367,-7.733
2386,13.19,0.362,-12.828
2387,11.04,0.335,-10.705
2388,16.92,0.359,-16.561
2389,12.79,0.321,-12.469
2390,10.49,0.303,-10.187
2391,10.35,0.319,-10.031
2392,8.59,0.305,-8.285
2393,11.57,0.197,-11.373
2394,8.28,0.558,-7.722
2395,12.85,0.576,-12.274
2396,8.5,0.256,-8.244
2397,11.21,0.622,-10.588
2398,8.09,0.635,-7.455
2399,10.19,0.363,-9.827
2400,10.9,0.343,-10.557
2401,14.26,0.5,-13.76
2402,7.11,0.481,-6.629
2403,6.53,0.878,-5.652
2404,7.27,0.551,-6.719
2405,10.04,0.519,-9.521
2406,9.74,0.673,-9.067
2407,7.44,0.493,-6.947
2408,11.04,0.498,-10.542
2409,11.84,0.325,-11.515
2410,9.86,0.419,-9.441
2411,11.11,0.325,-10.785
2412,8.72,0.398,-8.322
2413,9.42,0.32,-9.1
2414,12.07,0.195,-11.875
2415,7.0,0.191,-6.809
2416,7.13,0.251,-6.879
2417,7.06,0.169,-6.891
2418,8.16,0.137,-8.023
2419,10.66,0.134,-10.526
2420,12.52,0.199,-12.321
2421,15.68,0.019,-15.661
2422,8.19,0.036,-8.154
2423,10.14,0.045,-10.095
2424,9.53,0.118,-9.412
2425,8.14,0.111,-8.029
2426,10.06,0.11,-9.95
2427,6.82,0.056,-6.764
2428,5.16,0.003,-5.157
2429,11.61,0.042,-11.568
2430,12.4,0.079,-12.321
2431,22.34,0.052,-22.288
2432,15.77,0.004,-15.766
2433,7.43,0.024,-7.406
2434,6.97,0.063,-6.907
2435,5.79,0.009,-5.781
2436,8.14,0.012,-8.128
2437,4.7,0.011,-4.689
2438,5.27,0.061,-5.209
2439,7.46,0.081,-7.379
2440,6.72,0.03,-6.69
2441,4.95,0.0,-4.95
2442,7.3,0.0,-7.3
2443,7.77,0.0,-7.77
2444,5.12,0.0,-5.12
2445,7.11,0.096,-7.014
2446,8.36,0.0,-8.36
2447,9.55,0.1,-9.45
2448,7.01,0.068,-6.942
2449,5.43,0.063,-5.367
2450,8.69,0.013,-8.677
2451,11.67,0.013,-11.657
2452,8.78,0.0,-8.78
2453,5.53,0.1,-5.43
2454,4.75,0.0,-4.75
2455,6.84,0.077,-6.763
2456,8.25,0.02,-8.23
2457,5.43,0.063,-5.367
2458,6.49,0.046,-6.444
2459,7.57,0.03,-7.54
2460,7.25,0.053,-7.197
2461,6.77,0.029,-6.741
2462,6.79,0.062,-6.728
2463,6.47,0.008,-6.462
2464,6.52,0.052,-6.468
2465,8.87,0.003,-8.867
2466,7.9,0.041,-7.859
2467,7.22,0.008,-7.212
2468,4.47,0.046,-4.424
2469,7.61,0.049,-7.561
2470,5.91,0.059,-5.851
2471,7.7,0.004,-7.696
2472,8.63,0.047,-8.583
2473,7.04,0.049,-6.991
2474,9.91,0.003,-9.907
2475,8.67,0.1,-8.57
2476,7.98,0.174,-7.806
2477,14.1,0.057,-14.043
2478,7.95,0.0,-7.95
2479,8.41,0.206,-8.204
2480,7.74,0.176,-7.564
2481,7.72,0.071,-7.649
2482,7.19,0.038,-7.152
2483,15.2,0.169,-15.031
2484,7.94,0.152,-7.788
2485,9.86,0.054,-9.806
2486,7.5,0.038,-7.462
2487,7.57,0.402,-7.168
2488,13.06,0.358,-12.702
2489,9.81,0.19,-9.62
2490,12.31,0.108,-12.202
2491,5.4,0.402,-4.998
2492,10.46,0.345,-10.115
2493,8.26,0.341,-7.919
2494,19.71,0.36,-19.35
2495,9.59,0.303,-9.287
2496,10.91,0.241,-10.669
2497,5.92,0.21,-5.71
2498,9.76,0.095,-9.665
2499,10.05,0.165,-9.885
2500,11.15,0.234,-10.916
2501,17.7,0.237,-17.463
2502,10.77,0.207,-10.563
2503,12.49,0.232,-12.258
2504,7.11,0.244,-6.866
2505,6.41,0.224,-6.186
2506,6.42,0.019,-6.401
2507,8.14,0.0,-8.14
2508,10.01,0.138,-9.872
2509,13.72,0.284,-13.436
2510,9.01,0.095,-8.915
2511,8.76,0.194,-8.566
2512,10.54,0.177,-10.363
2513,8.53,0.126,-8.404
2514,5.97,0.209,-5.761
2515,10.23,0.015,-10.215
2516,3.83,0.0,-3.83
2517,13.4,0.003,-13.397
2518,8.33,0.0,-8.33
2519,6.96,0.0,-6.96
2520,9.96,0.002,-9.958
2521,9.08,0.03,-9.05
2522,9.83,0.0,-9.83
2523,8.15,0.03,-8.12
2524,6.64,0.006,-6.634
2525,13.55,0.0,-13.55
2526,14.38,0.012,-14.368
2527,17.13,0.0,-17.13
2528,10.49,0.218,-10.272
2529,7.96,0.07,-7.89
2530,9.38,0.206,-9.174
2531,7.35,0.208,-7.142
2532,6.21,0.0,-6.21
2533,12.1,0.0,-12.1
2534,7.56,0.0,-7.56
2535,11.74,0.12,-11.62
2536,17.04,0.0,-17.04
2537,9.01,0.0,-9.01
2538,3.53,0.0,-3.53
2539,8.53,0.0,-8.53
2540,9.51,0.0,-9.51
2541,7.81,0.0,-7.81
2542,7.89,0.349,-7.541
2543,5.15,0.313,-4.837
2544,9.05,0.0,-9.05
2545,7.26,0.225,-7.035
2546,12.07,0.0,-12.07
2547,5.59,0.352,-5.238
2548,7.28,0.0,-7.28
2549,9.65,0.207,-9.443
2550,8.98,0.0,-8.98
2551,4.23,0.0,-4.23
2552,7.28,0.052,-7.228
2553,8.66,0.172,-8.488
2554,7.8,0.216,-7.584
2555,6.32,0.021,-6.299
2556,9.43,0.163,-9.267
2557,11.57,0.142,-11.428
2558,5.74,0.408,-5.332
2559,5.73,0.0,-5.73
2560,11.97,0.026,-11.944
2561,6.4,0.347,-6.053
2562,6.45,0.0,-6.45
2563,7.76,0.0,-7.76
2564,12.03,0.248,-11.782
2565,5.05,0.312,-4.738
2566,13.6,0.026,-13.574
2567,11.32,0.0,-11.32
2568,4.35,0.378,-3.972
2569,7.68,0.072,-7.608
2570,5.96,0.211,-5.749
2571,8.67,0.375,-8.295
2572,7.08,0.221,-6.859
2573,7.61,0.252,-7.358
2574,9.45,0.386,-9.064
2575,7.45,0.245,-7.205
2576,10.95,0.357,-10.593
2577,7.22,0.285,-6.935
2578,9.19,0.343,-8.847
2579,37.68,0.098,-37.582
2580,7.86,0.286,-7.574
2581,8.9,0.197,-8.703
2582,13.72,0.182,-13.538
2583,10.19,0.126,-10.064
2584,13.29,0.302,-12.988
2585,6.92,0.303,-6.617
2586,10.63,0.283,-10.347
2587,7.64,0.284,-7.356
2588,7.93,0.177,-7.753
2589,6.39,0.169,-6.221
2590,8.85,0.057,-8.793
2591,10.27,0.177,-10.093
2592,8.7,0.171,-8.529
2593,10.44,0.195,-10.245
2594,9.02,0.186,-8.834
2595,12.93,0.021,-12.909
2596,10.6,0.203,-10.397
2597,8.8,0.236,-8.564
2598,9.19,0.096,-9.094
2599,7.97,0.236,-7.734
2600,6.33,0.155,-6.175
2601,7.3,0.149,-7.151
2602,10.11,0.0,-10.11
2603,8.33,0.011,-8.319
2604,4.69,0.215,-4.475
2605,9.52,0.047,-9.473
2606,7.71,0.119,-7.591
2607,9.19,0.11,-9.08
2608,7.98,0.084,-7.896
2609,6.38,0.192,-6.188
2610,5.4,0.151,-5.249
2611,8.49,0.118,-8.372
2612,8.71,0.28,-8.43
2613,7.49,0.227,-7.263
2614,7.23,0.174,-7.056
2615,6.49,0.23,-6.26
2616,7.37,0.218,-7.152
2617,9.91,0.27,-9.64
2618,6.66,0.243,-6.417
2619,4.5,0.269,-4.231
2620,19.36,0.214,-19.146
2621,24.76,0.2,-24.56
2622,8.62,0.276,-8.344
2623,5.9,0.264,-5.636
2624,13.1,0.309,-12.791
2625,4.44,0.258,-4.182
2626,7.16,0.33,-6.83
2627,10.85,0.358,-10.492
2628,12.66,0.323,-12.337
2629,4.72,0.33,-4.39
2630,5.9,0.381,-5.519
2631,4.99,0.399,-4.591
2632,4.11,0.256,-3.854
2633,5.83,0.357,-5.473
2634,6.02,0.316,-5.704
2635,5.77,0.322,-5.448
2636,5.0,0.207,-4.793
2637,5.29,0.199,-5.091
2638,9.59,0.271,-9.319
2639,11.41,0.173,-11.237
2640,4.86,0.191,-4.669
2641,4.52,0.092,-4.428
2642,9.29,0.284,-9.006
2643,5.18,0.165,-5.015
2644,6.19,0.157,-6.033
2645,4.15,0.096,-4.054
2646,6.16,0.208,-5.952
2647,6.1,0.178,-5.922
2648,5.03,0.084,-4.946
2649,5.73,0.059,-5.671
2650,5.24,0.076,-5.164
2651,8.06,0.082,-7.978
2652,4.49,0.127,-4.363
2653,7.93,0.152,-7.778
2654,4.98,0.22,-4.76
2655,4.96,0.186,-4.774
2656,5.09,0.234,-4.856
2657,5.27,0.102,-5.168
2658,8.45,0.254,-8.196
2659,6.36,0.382,-5.978
2660,4.11,0.364,-3.746
2661,8.19,0.308,-7.882
2662,7.96,0.278,-7.682
2663,6.69,0.277,-6.413
2664,6.35,0.238,-6.112
2665,7.2,0.261,-6.939
2666,8.17,0.105,-8.065
2667,8.08,0.153,-7.927
2668,5.63,0.077,-5.553
2669,5.09,0.073,-5.017
2670,7.21,0.084,-7.126
2671,4.6,0.08,-4.52
2672,47.85,0.138,-47.712
2673,6.33,0.075,-6.255
2674,4.66,0.073,-4.587
2675,6.75,0.072,-6.678
2676,5.72,0.046,-5.674
2677,6.63,0.027,-6.603
2678,6.77,0.018,-6.752
2679,6.71,0.021,-6.689
2680,3.82,0.025,-3.795
2681,5.28,0.0,-5.28
2682,5.67,0.162,-5.508
2683,7.28,0.025,-7.255
2684,8.85,0.11,-8.74
2685,7.94,0.008,-7.932
2686,7.38,0.069,-7.311
2687,5.15,0.056,-5.094
2688,8.0,0.069,-7.931
2689,7.12,0.1,-7.02
2690,17.87,0.091,-17.779
2691,6.36,0.164,-6.196
2692,6.29,0.134,-6.156
2693,8.11,0.101,-8.009
2694,13.85,0.14,-13.71
2695,13.74,0.066,-13.674
2696,5.86,0.075,-5.785
2697,5.9,0.097,-5.803
2698,5.5,0.145,-5.355
2699,6.24,0.155,-6.085
2700,8.17,0.202,-7.968
2701,5.61,0.176,-5.434
2702,7.96,0.245,-7.715
2703,5.99,0.295,-5.695
2704,5.24,0.205,-5.035
2705,6.53,0.198,-6.332
2706,4.96,0.221,-4.739
2707,5.06,0.147,-4.913
2708,5.24,0.141,-5.099
2709,5.31,0.019,-5.291
2710,4.18,0.019,-4.161
2711,2.48,0.043,-2.437
2712,4.99,0.061,-4.929
2713,4.23,0.035,-4.195
2714,3.28,0.054,-3.226
2715,6.91,0.038,-6.872
2716,4.38,0.046,-4.334
2717,4.44,0.039,-4.401
2718,4.57,0.0,-4.57
2719,4.75,0.0,-4.75
2720,5.04,0.0,-5.04
2721,4.04,0.0,-4.04
2722,4.71,0.0,-4.71
2723,4.37,0.0,-4.37
2724,4.12,0.0,-4.12
2725,4.54,0.0,-4.54
2726,4.54,0.0,-4.54
2727,4.38,0.0,-4.38
2728,4.6,0.0,-4.6
2729,4.49,0.0,-4.49
2730,4.97,0.0,-4.97
2731,6.09,0.0,-6.09
2732,3.64,0.0,-3.64
2733,5.11,0.0,-5.11
2734,4.01,0.0,-4.01
2735,4.98,0.0,-4.98
2736,4.92,0.0,-4.92
2737,5.83,0.0,-5.83
2738,5.36,0.0,-5.36
2739,6.78,0.0,-6.78
2740,6.2,0.0,-6.2
2741,6.22,0.0,-6.22
2742,6.85,0.0,-6.85
2743,13.79,0.0,-13.79
2744,5.41,0.0,-5.41
2745,8.15,0.0,-8.15
2746,6.61,0.0,-6.61
2747,6.43,0.0,-6.43
2748,17.51,0.0,-17.51
2749,7.38,0.0,-7.38
2750,5.09,0.0,-5.09
2751,6.32,0.0,-6.32
2752,5.78,0.0,-5.78
2753,12.99,0.0,-12.99
2754,4.96,0.0,-4.96
2755,4.76,0.0,-4.76
2756,7.02,0.0,-7.02
2757,7.43,0.0,-7.43
2758,6.55,0.0,-6.55
2759,4.24,0.0,-4.24
2760,8.49,0.0,-8.49
2761,4.73,0.0,-4.73
2762,6.6,0.0,-6.6
2763,10.55,0.0,-10.55
2764,8.16,0.0,-8.16
2765,5.96,0.0,-5.96
2766,5.83,0.0,-5.83
2767,6.82,0.0,-6.82
2768,5.67,0.0,-5.67
2769,4.09,0.0,-4.09
2770,10.82,0.0,-10.82
2771,6.33,0.0,-6.33
2772,5.29,0.0,-5.29
2773,5.26,0.015,-5.245
2774,5.25,0.0,-5.25
2775,5.47,0.0,-5.47
2776,5.75,0.0,-5.75
2777,5.57,0.0,-5.57
2778,5.9,0.025,-5.875
2779,8.25,0.0,-8.25
2780,5.6,0.016,-5.584
2781,5.02,0.007,-5.013
2782,4.27,0.0,-4.27
2783,6.13,0.014,-6.116
2784,5.43,0.018,-5.412
2785,5.8,0.0,-5.8
2786,5.75,0.0,-5.75
2787,4.87,0.0,-4.87
2788,6.68,0.0,-6.68
2789,6.83,0.005,-6.825
2790,6.01,0.051,-5.959
2791,4.99,0.051,-4.939
2792,5.29,0.053,-5.237
2793,4.51,0.052,-4.458
2794,7.14,0.046,-7.094
2795,4.59,0.049,-4.541
2796,6.9,0.042,-6.858
2797,5.64,0.038,-5.602
2798,6.0,0.016,-5.984
2799,4.23,0.0,-4.23
2800,5.15,0.0,-5.15
2801,4.64,0.0,-4.64
2802,7.25,0.0,-7.25
2803,6.82,0.0,-6.82
2804,3.88,0.0,-3.88
2805,4.52,0.047,-4.473
2806,5.97,0.093,-5.877
2807,5.46,0.163,-5.297
2808,4.27,0.195,-4.075
2809,3.98,0.139,-3.841
2810,4.85,0.112,-4.738
2811,4.45,0.205,-4.245
2812,4.77,0.367,-4.403
2813,4.13,0.112,-4.018
2814,4.05,0.515,-3.535
2815,4.14,0.547,-3.593
2816,4.43,0.673,-3.757
2817,4.39,0.661,-3.729
2818,3.95,0.666,-3.284
2819,3.98,1.399,-2.581
2820,4.01,2.301,-1.709
2821,3.68,2.061,-1.619
2822,4.57,1.887,-2.683
2823,4.02,1.828,-2.192
2824,3.96,1.686,-2.274
2825,6.54,1.691,-4.849
2826,3.72,1.764,-1.956
2827,2.48,1.81,-0.67
2828,4.11,1.829,-2.281
2829,4.42,1.772,-2.648
2830,9.6,1.736,-7.864
2831,6.88,1.733,-5.147
2832,6.49,2.053,-4.437
2833,4.51,0.736,-3.774
2834,5.42,0.733,-4.687
2835,4.78,0.751,-4.029
2836,5.07,0.703,-4.367
2837,6.22,0.676,-5.544
2838,8.08,0.729,-7.351
2839,6.1,0.846,-5.254
2840,4.56,0.845,-3.715
2841,5.47,0.847,-4.623
2842,6.05,0.843,-5.207
2843,4.68,0.537,-4.143
2844,5.09,0.825,-4.265
2845,5.72,0.906,-4.814
2846,7.23,0.906,-6.324
2847,5.27,0.856,-4.414
2848,5.07,0.848,-4.222
2849,14.61,0.833,-13.777
2850,5.79,0.798,-4.992
2851,4.14,0.693,-3.447
2852,6.57,0.704,-5.866
2853,6.03,0.629,-5.401
2854,7.59,0.556,-7.034
2855,5.51,0.499,-5.011
2856,6.64,0.632,-6.008
2857,3.01,0.554,-2.456
2858,5.92,0.576,-5.344
2859,4.89,0.564,-4.326
2860,5.95,0.545,-5.405
2861,5.84,0.535,-5.305
2862,6.13,0.559,-5.571
2863,5.46,0.476,-4.984
2864,4.63,0.527,-4.103
2865,8.62,0.481,-8.139
2866,5.46,0.473,-4.987
2867,5.58,0.477,-5.103
2868,5.4,0.372,-5.028
2869,4.95,0.461,-4.489
2870,5.14,0.478,-4.662
2871,5.95,0.459,-5.491
2872,11.91,0.455,-11.455
2873,5.61,0.433,-5.177
2874,6.37,0.322,-6.048
2875,11.94,0.315,-11.625
2876,5.38,0.343,-5.037
2877,4.63,0.266,-4.364
2878,6.04,0.308,-5.732
2879,12.03,0.319,-11.711
2880,3.61,0.324,-3.286
2881,4.64,0.302,-4.338
2882,5.39,0.312,-5.078
2883,9.7,0.312,-9.388
2884,8.67,0.239,-8.431
2885,4.25,0.245,-4.005
2886,5.71,0.245,-5.465
2887,6.33,0.209,-6.121
2888,6.07,0.207,-5.863
2889,5.5,0.22,-5.28
2890,5.96,0.239,-5.721
2891,5.26,0.285,-4.975
2892,4.76,0.26,-4.5
2893,4.57,0.331,-4.239
2894,5.17,0.348,-4.822
2895,4.73,0.374,-4.356
2896,4.15,0.449,-3.701
2897,5.19,0.457,-4.733
2898,4.18,0.457,-3.723
2899,4.39,0.485,-3.905
2900,4.95,0.502,-4.448
2901,3.86,0.536,-3.324
2902,5.97,0.65,-5.32
2903,8.45,0.594,-7.856
2904,5.03,0.736,-4.294
2905,5.33,0.78,-4.55
2906,3.37,0.777,-2.593
2907,4.9,0.768,-4.132
2908,5.17,0.767,-4.403
2909,4.97,0.738,-4.232
2910,5.26,0.341,-4.919
2911,4.61,1.143,-3.467
2912,4.4,0.535,-3.865
2913,4.46,1.142,-3.318
2914,4.56,1.17,-3.39
2915,4.25,1.199,-3.051
2916,4.4,1.182,-3.218
2917,4.55,1.039,-3.511
2918,5.09,0.661,-4.429
2919,4.46,0.558,-3.902
2920,4.5,0.407,-4.093
2921,4.62,0.557,-4.063
2922,5.75,0.475,-5.275
2923,4.61,0.421,-4.189
2924,4.11,0.48,-3.63
2925,8.09,0.484,-7.606
2926,5.35,0.534,-4.816
2927,5.03,0.525,-4.505
2928,9.92,0.531,-9.389
2929,7.26,0.508,-6.752
2930,7.57,0.476,-7.094
2931,4.44,0.396,-4.044
2932,8.28,1.201,-7.079
2933,6.4,0.936,-5.464
2934,7.48,1.458,-6.022
2935,7.27,1.679,-5.591
2936,7.14,1.591,-5.549
2937,7.5,1.585,-5.915
2938,5.01,1.715,-3.295
2939,12.55,1.436,-11.114
2940,9.31,1.59,-7.72
2941,10.55,1.645,-8.905
2942,9.61,1.591,-8.019
2943,6.16,1.795,-4.365
2944,16.49,1.814,-14.676
2945,7.26,0.317,-6.943
2946,6.07,1.609,-4.461
2947,6.19,0.335,-5.855
2948,6.25,1.838,-4.412
2949,4.99,1.587,-3.403
2950,11.22,0.318,-10.902
2951,7.07,1.825,-5.245
2952,19.26,0.364,-18.896
2953,6.53,1.83,-4.7
2954,6.33,1.927,-4.403
2955,4.92,0.303,-4.617
2956,7.18,1.193,-5.987
2957,10.7,0.764,-9.936
2958,6.87,0.668,-6.202
2959,9.76,0.695,-9.065
2960,8.11,0.662,-7.448
2961,4.74,0.677,-4.063
2962,11.19,0.665,-10.525
2963,6.25,0.23,-6.02
2964,5.61,0.678,-4.932
2965,6.98,0.674,-6.306
2966,10.56,0.704,-9.856
2967,10.24,0.633,-9.607
2968,14.58,0.221,-14.359
2969,5.18,0.679,-4.501
2970,5.7,0.23,-5.47
2971,8.57,0.221,-8.349
2972,9.43,0.555,-8.875
2973,4.54,0.595,-3.945
2974,5.83,0.222,-5.608
2975,8.23,0.249,-7.981
2976,5.96,0.237,-5.723
2977,11.81,0.228,-11.582
2978,8.55,0.781,-7.769
2979,7.14,0.848,-6.292
2980,5.46,0.863,-4.597
2981,7.82,0.833,-6.987
2982,5.5,0.812,-4.688
2983,5.74,0.845,-4.895
2984,5.18,0.77,-4.41
2985,4.81,0.828,-3.982
2986,4.89,0.835,-4.055
2987,4.39,0.846,-3.544
2988,3.87,0.793,-3.077
2989,4.19,0.871,-3.319
2990,4.58,0.773,-3.807
2991,5.91,0.693,-5.217
2992,4.05,0.352,-3.698
2993,4.18,0.719,-3.461
2994,4.46,0.794,-3.666
2995,4.87,0.802,-4.068
2996,3.88,0.775,-3.105
2997,3.23,0.696,-2.534
2998,2.76,0.711,-2.049
2999,4.01,0.707,-3.303
3000,3.72,0.692,-3.028
3001,3.33,0.673,-2.657
3002,3.76,0.576,-3.184
3003,4.35,0.389,-3.961
3004,3.82,0.489,-3.331
3005,3.07,0.513,-2.557
3006,3.54,0.345,-3.195
3007,3.69,0.403,-3.287
3008,3.42,0.448,-2.972
3009,3.64,0.529,-3.111
3010,4.11,0.503,-3.607
3011,4.07,0.711,-3.359
3012,3.42,0.799,-2.621
3013,3.53,0.893,-2.637
3014,3.57,0.914,-2.656
3015,3.85,0.963,-2.887
3016,3.51,0.938,-2.572
3017,4.0,0.963,-3.037
3018,1.91,1.13,-0.78
3019,4.05,1.147,-2.903
3020,3.95,1.13,-2.82
3021,4.2,1.122,-3.078
3022,3.99,0.965,-3.025
3023,3.73,0.821,-2.909
3024,3.86,0.621,-3.239
3025,5.6,0.498,-5.102
3026,7.11,0.543,-6.567
3027,2.71,0.525,-2.185
3028,3.72,0.533,-3.187
3029,22.73,0.51,-22.22
3030,3.3,0.442,-2.858
3031,7.4,0.494,-6.906
3032,5.9,0.489,-5.411
3033,3.38,0.386,-2.994
3034,5.9,0.502,-5.398
3035,4.15,0.502,-3.648
3036,2.81,0.355,-2.455
3037,8.44,0.5,-7.94
3038,4.22,0.416,-3.804
3039,4.11,0.415,-3.695
3040,4.24,0.404,-3.836
3041,5.56,0.394,-5.166
3042,3.34,0.55,-2.79
3043,5.04,0.666,-4.374
3044,7.13,0.662,-6.468
3045,3.38,0.671,-2.709
3046,3.89,0.683,-3.207
3047,3.61,0.682,-2.928
3048,4.24,0.347,-3.893
3049,2.78,0.679,-2.101
3050,4.45,0.683,-3.767
3051,4.67,0.711,-3.959
3052,6.53,0.714,-5.816
3053,4.68,0.712,-3.968
3054,4.36,0.718,-3.642
3055,4.01,0.706,-3.304
3056,3.89,0.706,-3.184
3057,4.03,0.714,-3.316
3058,3.64,0.718,-2.922
3059,3.74,0.717,-3.023
3060,4.22,0.709,-3.511
3061,4.07,0.706,-3.364
3062,5.68,0.706,-4.974
3063,4.24,0.708,-3.532
3064,4.46,0.708,-3.752
3065,3.61,0.727,-2.883
3066,8.95,0.736,-8.214
3067,4.73,0.736,-3.994
3068,4.52,0.734,-3.786
3069,4.69,0.768,-3.922
3070,3.06,0.797,-2.263
3071,5.4,0.793,-4.607
3072,3.64,0.7,-2.94
3073,4.98,0.729,-4.251
3074,4.73,0.712,-4.018
3075,4.9,0.729,-4.171
3076,5.14,0.846,-4.294
3077,4.37,0.855,-3.515
3078,6.36,0.834,-5.526
3079,6.02,0.805,-5.215
3080,4.92,0.823,-4.097
3081,5.22,0.842,-4.378
3082,4.37,0.853,-3.517
3083,2.86,0.872,-1.988
3084,4.73,0.808,-3.922
3085,4.51,0.792,-3.718
3086,2.44,0.794,-1.646
3087,1.7,0.804,-0.896
3088,2.58,0.831,-1.749
3089,4.17,0.754,-3.416
3090,4.01,0.715,-3.295
3091,3.89,0.685,-3.205
3092,2.93,0.677,-2.253
3093,3.36,0.71,-2.65
3094,3.19,0.722,-2.468
3095,4.12,0.722,-3.398
3096,3.31,0.703,-2.607
3097,4.94,0.636,-4.304
3098,3.16,0.405,-2.755
3099,3.49,0.745,-2.745
3100,5.0,0.402,-4.598
3101,3.88,0.643,-3.237
3102,2.63,0.786,-1.844
3103,3.36,0.722,-2.638
3104,3.34,0.75,-2.59
3105,3.94,0.756,-3.184
3106,3.51,0.773,-2.737
3107,3.19,0.76,-2.43
3108,3.25,0.773,-2.477
3109,2.88,0.788,-2.092
3110,3.5,0.76,-2.74
3111,3.26,0.734,-2.526
3112,3.07,0.738,-2.332
3113,3.08,0.749,-2.331
3114,2.77,0.752,-2.018
3115,3.27,0.829,-2.441
3116,3.17,0.453,-2.717
3117,3.54,0.571,-2.969
3118,3.11,0.83,-2.28
3119,2.18,0.837,-1.343
3120,3.3,0.712,-2.588
3121,2.66,0.654,-2.006
3122,3.07,0.655,-2.415
3123,2.99,0.594,-2.396
3124,3.01,0.566,-2.444
3125,3.44,0.563,-2.877
3126,3.73,0.512,-3.218
3127,3.37,0.487,-2.883
3128,3.55,0.499,-3.051
3129,3.71,0.509,-3.201
3130,2.67,0.467,-2.203
3131,3.12,0.444,-2.676
3132,2.13,0.419,-1.711
3133,3.39,0.485,-2.905
3134,1.82,0.355,-1.465
3135,3.24,0.356,-2.884
3136,3.29,0.344,-2.946
3137,3.97,0.338,-3.632
3138,5.27,0.333,-4.937
3139,3.84,0.262,-3.578
3140,3.97,0.247,-3.723
3141,4.69,0.259,-4.431
3142,4.39,0.24,-4.15
3143,6.21,0.214,-5.996
3144,3.04,0.235,-2.805
3145,5.14,0.212,-4.928
3146,3.92,0.216,-3.704
3147,3.95,0.223,-3.727
3148,2.24,0.241,-1.999
3149,6.88,0.261,-6.619
3150,3.42,0.229,-3.191
3151,3.46,0.4,-3.06
3152,3.18,0.223,-2.957
3153,2.37,0.212,-2.158
3154,3.44,0.271,-3.169
3155,3.84,0.303,-3.537
3156,2.69,0.252,-2.438
3157,3.67,0.251,-3.419
3158,3.79,0.241,-3.549
3159,3.45,0.235,-3.215
3160,3.18,0.238,-2.942
3161,1.57,0.303,-1.267
3162,3.72,0.18,-3.54
3163,3.1,0.207,-2.893
3164,3.2,0.258,-2.942
3165,3.51,0.43,-3.08
3166,6.4,0.282,-6.118
3167,2.58,0.222,-2.358
3168,2.04,0.292,-1.748
3169,3.2,0.325,-2.875
3170,3.15,0.235,-2.915
3171,3.38,0.628,-2.752
3172,3.2,0.228,-2.972
3173,2.76,0.296,-2.464
3174,3.31,0.313,-2.997
3175,2.88,0.262,-2.618
3176,2.83,0.555,-2.275
3177,2.37,0.256,-2.114
3178,2.52,0.34,-2.18
3179,2.49,0.453,-2.037
3180,2.87,0.437,-2.433
3181,3.01,0.487,-2.523
3182,3.08,0.512,-2.568
3183,3.08,0.512,-2.568
3184,2.8,0.422,-2.378
3185,2.79,0.382,-2.408
3186,2.64,0.351,-2.289
3187,2.9,0.304,-2.596
3188,2.91,0.32,-2.59
3189,2.72,0.161,-2.559
3190,2.49,0.106,-2.384
3191,2.59,0.1,-2.49
3192,2.61,0.246,-2.364
3193,2.58,0.239,-2.341
3194,4.51,0.269,-4.241
3195,2.69,0.292,-2.398
3196,2.28,0.285,-1.995
3197,2.49,0.262,-2.228
3198,2.27,0.263,-2.007
3199,2.81,0.291,-2.519
3200,2.76,0.29,-2.47
3201,2.1,0.305,-1.795
3202,2.51,0.338,-2.172
3203,2.97,0.339,-2.631
3204,2.64,0.307,-2.333
3205,3.02,0.331,-2.689
3206,2.88,0.303,-2.577
3207,2.79,0.306,-2.484
3208,3.11,0.307,-2.803
3209,3.11,0.307,-2.803
3210,3.14,0.307,-2.833
3211,2.82,0.307,-2.513
3212,2.97,0.306,-2.664
3213,3.13,0.331,-2.799
3214,2.91,0.316,-2.594
3215,2.92,0.251,-2.669
3216,2.38,0.254,-2.126
3217,2.79,0.289,-2.501
3218,2.87,0.287,-2.583
3219,2.88,0.295,-2.585
3220,3.33,0.367,-2.963
3221,5.77,0.387,-5.383
3222,5.43,0.339,-5.091
3223,4.65,0.322,-4.328
3224,4.21,0.301,-3.909
3225,2.55,0.411,-2.139
3226,3.63,0.26,-3.37
3227,4.01,0.305,-3.705
3228,2.8,0.272,-2.528
3229,4.13,0.25,-3.88
3230,2.56,0.29,-2.27
3231,6.54,0.435,-6.105
3232,4.31,0.463,-3.847
3233,2.68,0.187,-2.493
3234,3.92,0.345,-3.575
3235,3.89,0.16,-3.73
3236,4.62,0.051,-4.569
3237,2.62,0.284,-2.336
3238,4.19,0.294,-3.896
3239,3.87,0.336,-3.534
3240,4.75,0.34,-4.41
3241,4.29,0.35,-3.94
3242,3.4,0.238,-3.162
3243,3.22,0.305,-2.915
3244,4.08,0.297,-3.783
3245,2.17,0.297,-1.873
3246,3.31,0.185,-3.125
3247,5.77,0.195,-5.575
3248,4.45,0.185,-4.265
3249,3.17,0.192,-2.978
3250,2.38,0.216,-2.164
3251,1.84,0.206,-1.634
3252,3.85,0.238,-3.612
3253,3.14,0.271,-2.869
3254,3.41,0.271,-3.139
3255,3.75,0.215,-3.535
3256,3.59,0.208,-3.382
3257,2.89,0.208,-2.682
3258,3.77,0.208,-3.562
3259,6.83,0.217,-6.613
3260,4.64,0.192,-4.448
3261,4.17,0.2,-3.97
3262,3.18,0.192,-2.988
3263,3.96,0.192,-3.768
3264,3.12,0.23,-2.89
3265,3.24,0.223,-3.017
3266,3.07,0.23,-2.84
3267,3.44,0.22,-3.22
3268,4.66,0.217,-4.443
3269,5.05,0.217,-4.833
3270,3.68,0.18,-3.5
3271,2.99,0.242,-2.748
3272,3.92,0.231,-3.689
3273,3.26,0.217,-3.043
3274,3.21,0.233,-2.977
3275,3.17,0.231,-2.939
3276,2.56,0.196,-2.364
3277,2.76,0.196,-2.564
3278,1.87,0.196,-1.674
3279,3.38,0.221,-3.159
3280,2.54,0.332,-2.208
3281,2.68,0.33,-2.35
3282,2.69,0.255,-2.435
3283,2.96,0.185,-2.775
3284,3.76,0.345,-3.415
3285,1.95,0.414,-1.536
3286,1.96,0.43,-1.53
3287,1.6,0.444,-1.156
3288,2.56,0.446,-2.114
3289,3.35,0.446,-2.904
3290,2.35,0.453,-1.897
3291,2.17,0.633,-1.537
3292,2.42,0.671,-1.749
3293,2.35,0.7,-1.65
3294,2.33,0.679,-1.651
3295,2.41,0.573,-1.837
3296,2.88,0.616,-2.264
3297,3.02,0.692,-2.328
3298,2.99,0.744,-2.246
3299,2.66,0.765,-1.895
3300,3.08,0.782,-2.298
3301,2.62,1.031,-1.589
3302,3.26,1.007,-2.253
3303,3.73,1.007,-2.723
3304,3.49,1.007,-2.483
3305,3.59,1.057,-2.533
3306,3.16,1.057,-2.103
3307,3.17,1.057,-2.113
3308,3.34,0.972,-2.368
3309,3.54,0.946,-2.594
3310,4.69,0.989,-3.701
3311,3.47,0.966,-2.504
3312,1.57,1.093,-0.477
3313,4.42,1.087,-3.333
3314,8.67,1.087,-7.583
3315,4.92,1.031,-3.889
3316,4.21,1.007,-3.203
3317,9.41,1.005,-8.405
3318,4.78,1.029,-3.751
3319,7.54,0.947,-6.593
3320,3.71,0.782,-2.928
3321,3.37,1.008,-2.362
3322,3.27,0.84,-2.43
3323,3.58,0.821,-2.759
3324,3.86,0.82,-3.04
3325,3.1,0.743,-2.357
3326,3.68,0.75,-2.93
3327,5.35,0.744,-4.606
3328,3.43,0.804,-2.626
3329,2.82,0.749,-2.071
3330,4.42,0.755,-3.665
3331,3.64,0.705,-2.935
3332,2.97,0.772,-2.198
3333,4.03,0.713,-3.317
3334,4.34,0.731,-3.609
3335,3.47,0.741,-2.729
3336,3.87,0.791,-3.079
3337,4.27,0.631,-3.639
3338,2.99,0.77,-2.22
3339,3.2,0.617,-2.583
3340,3.36,0.772,-2.588
3341,3.56,0.746,-2.814
3342,3.4,0.65,-2.75
3343,5.08,0.677,-4.403
3344,8.13,0.669,-7.461
3345,4.43,0.813,-3.617
3346,3.42,0.793,-2.627
3347,4.09,0.78,-3.31
3348,9.36,0.756,-8.604
3349,3.92,0.795,-3.125
3350,3.27,0.785,-2.485
3351,4.43,0.749,-3.681
3352,3.38,0.713,-2.667
3353,3.92,0.709,-3.211
3354,3.35,0.712,-2.638
3355,2.74,0.65,-2.09
3356,5.67,0.662,-5.008
3357,4.61,0.65,-3.96
3358,3.84,0.649,-3.191
3359,5.5,0.649,-4.851
3360,3.95,0.652,-3.298
3361,4.41,0.654,-3.756
3362,4.36,0.683,-3.677
3363,5.0,0.711,-4.289
3364,4.99,0.655,-4.335
3365,3.62,0.629,-2.991
3366,4.38,0.634,-3.746
3367,3.45,0.544,-2.906
3368,3.86,0.473,-3.387
3369,5.19,0.485,-4.705
3370,3.84,0.673,-3.167
3371,8.34,0.473,-7.867
3372,4.02,0.714,-3.306
3373,5.28,0.699,-4.581
3374,2.89,0.838,-2.052
3375,13.81,0.719,-13.091
3376,4.43,1.078,-3.352
3377,5.83,1.214,-4.616
3378,4.26,1.111,-3.149
3379,4.09,1.105,-2.985
3380,3.21,1.099,-2.111
3381,3.53,1.052,-2.478
3382,3.1,1.055,-2.045
3383,3.55,1.073,-2.477
3384,2.96,1.055,-1.905
3385,3.43,0.901,-2.529
3386,3.31,0.952,-2.358
3387,3.5,1.001,-2.499
3388,3.2,0.923,-2.277
3389,3.63,0.825,-2.805
3390,3.37,0.787,-2.583
3391,2.91,0.744,-2.166
3392,2.86,0.729,-2.131
3393,2.66,0.741,-1.919
3394,3.15,0.674,-2.476
3395,2.6,0.697,-1.903
3396,3.22,0.819,-2.401
3397,3.71,0.635,-3.075
3398,3.89,0.64,-3.25
3399,3.71,0.616,-3.094
3400,3.6,0.71,-2.89
3401,1.52,0.636,-0.884
3402,4.55,0.629,-3.921
3403,3.89,0.636,-3.254
3404,9.15,0.736,-8.414
3405,3.98,0.615,-3.365
3406,4.34,0.676,-3.664
3407,4.38,0.65,-3.73
3408,4.08,0.78,-3.3
3409,3.59,0.802,-2.788
3410,5.32,0.862,-4.458
3411,7.18,0.719,-6.461
3412,11.29,0.859,-10.431
3413,5.2,0.874,-4.326
3414,4.48,0.91,-3.57
3415,4.44,0.879,-3.561
3416,13.55,0.923,-12.627
3417,4.41,1.0,-3.41
3418,4.57,0.801,-3.769
3419,5.78,0.89,-4.89
3420,2.26,0.848,-1.412
3421,5.06,0.865,-4.195
3422,1.9,0.907,-0.993
3423,3.63,0.985,-2.645
3424,3.95,1.07,-2.88
3425,4.33,0.857,-3.473
3426,5.29,0.874,-4.416
3427,4.39,0.775,-3.615
3428,6.16,0.713,-5.447
3429,8.14,0.704,-7.436
3430,4.83,0.762,-4.068
3431,4.25,0.753,-3.497
3432,4.01,0.705,-3.305
3433,5.5,0.728,-4.772
3434,5.19,0.737,-4.453
3435,4.11,0.814,-3.296
3436,7.87,0.794,-7.076
3437,3.16,0.839,-2.321
3438,3.48,0.808,-2.672
3439,3.9,0.8,-3.1
3440,5.83,0.804,-5.026
3441,4.56,0.766,-3.794
3442,4.39,0.795,-3.595
3443,3.47,0.794,-2.676
3444,4.52,0.795,-3.725
3445,4.17,0.696,-3.474
3446,2.9,0.696,-2.204
3447,3.74,0.698,-3.042
3448,4.5,0.666,-3.834
3449,7.04,0.685,-6.355
3450,4.57,0.692,-3.878
3451,3.81,0.659,-3.151
3452,3.87,0.498,-3.372
3453,2.16,0.432,-1.728
3454,3.77,0.18,-3.59
3455,4.06,0.18,-3.88
3456,1.83,0.277,-1.553
3457,3.87,0.249,-3.621
3458,3.24,0.274,-2.966
3459,2.64,0.321,-2.319
3460,3.98,0.274,-3.706
3461,4.07,0.201,-3.869
3462,3.89,0.252,-3.638
3463,3.66,0.279,-3.381
3464,3.41,0.261,-3.149
3465,3.0,0.252,-2.748
3466,3.59,0.212,-3.378
3467,3.26,0.208,-3.052
3468,2.81,0.208,-2.602
3469,2.34,0.261,-2.079
3470,3.95,0.261,-3.689
3471,3.77,0.249,-3.521
3472,3.3,0.328,-2.972
3473,2.82,0.309,-2.511
3474,2.37,0.309,-2.061
3475,3.61,0.258,-3.352
3476,2.6,0.261,-2.339
3477,3.71,0.321,-3.389
3478,2.71,0.451,-2.259
3479,3.21,0.473,-2.737
3480,3.29,0.485,-2.805
3481,4.07,0.706,-3.364
3482,3.11,0.707,-2.403
3483,3.14,0.736,-2.404
3484,3.13,0.746,-2.384
3485,3.17,0.752,-2.418
3486,3.21,0.813,-2.397
3487,3.04,0.794,-2.246
3488,3.17,0.826,-2.344
3489,3.36,0.772,-2.588
3490,3.99,0.919,-3.071
3491,2.89,1.297,-1.593
3492,3.45,1.172,-2.278
3493,4.12,1.271,-2.849
3494,3.86,1.135,-2.725
3495,3.55,1.09,-2.46
3496,4.39,1.094,-3.296
3497,4.67,1.236,-3.434
3498,3.89,1.218,-2.672
3499,3.54,1.244,-2.296
3500,3.93,1.297,-2.633
3501,3.74,1.276,-2.464
3502,2.83,1.113,-1.717
3503,3.38,1.029,-2.351
3504,3.79,1.248,-2.542
3505,3.78,0.781,-2.999
3506,8.32,0.837,-7.483
3507,4.19,0.854,-3.336
3508,4.07,0.901,-3.169
3509,3.18,0.91,-2.27
3510,4.05,0.895,-3.155
3511,4.57,0.882,-3.688
3512,4.39,0.858,-3.532
3513,4.5,0.848,-3.652
3514,4.05,0.686,-3.364
3515,4.2,0.701,-3.499
3516,4.95,0.85,-4.1
3517,3.46,0.944,-2.516
3518,5.4,0.999,-4.401
3519,3.3,0.917,-2.383
3520,5.03,0.943,-4.087
3521,4.6,0.968,-3.632
3522,15.51,0.948,-14.562
3523,4.04,0.961,-3.079
3524,3.58,0.878,-2.702
3525,4.39,0.931,-3.459
3526,4.4,0.803,-3.597
3527,3.14,0.815,-2.325
3528,2.58,0.882,-1.698
3529,10.2,0.755,-9.445
3530,4.54,0.76,-3.78
3531,3.81,0.771,-3.039
3532,4.67,0.773,-3.897
3533,4.68,0.804,-3.876
3534,3.98,0.811,-3.169
3535,4.75,0.79,-3.96
3536,5.87,0.768,-5.102
3537,4.5,0.838,-3.662
3538,4.92,0.664,-4.256
3539,7.05,0.676,-6.374
3540,3.78,0.53,-3.25
3541,6.35,0.593,-5.757
3542,4.56,0.542,-4.018
3543,3.65,0.587,-3.063
3544,3.73,0.487,-3.243
3545,5.21,0.487,-4.723
3546,4.43,0.587,-3.843
3547,4.55,0.588,-3.962
3548,4.84,0.481,-4.359
3549,11.81,0.481,-11.329
3550,3.05,0.482,-2.568
3551,4.32,0.493,-3.827
3552,4.27,0.438,-3.832
3553,9.43,0.469,-8.961
3554,4.46,0.487,-3.973
3555,4.6,0.417,-4.183
3556,4.37,0.411,-3.959
3557,3.99,0.301,-3.689
3558,3.62,0.28,-3.34
3559,4.82,0.308,-4.512
3560,3.76,0.301,-3.459
3561,3.82,0.544,-3.276
3562,9.56,0.285,-9.275
3563,3.09,0.53,-2.56
3564,3.36,0.557,-2.803
3565,3.07,0.429,-2.641
3566,2.8,0.344,-2.456
3567,2.99,0.3,-2.69
3568,2.83,0.352,-2.478
3569,10.97,0.331,-10.639
3570,3.1,0.426,-2.674
3571,3.24,0.384,-2.856
3572,2.43,0.443,-1.987
3573,2.95,0.515,-2.435
3574,2.86,0.511,-2.349
3575,2.97,0.674,-2.296
3576,2.74,0.87,-1.87
3577,3.01,0.774,-2.236
3578,2.88,0.927,-1.953
3579,4.23,1.238,-2.992
3580,3.21,1.1,-2.11
3581,2.61,1.016,-1.594
3582,3.47,1.103,-2.367
3583,2.9,0.908,-1.992
3584,3.06,0.983,-2.077
3585,2.72,1.004,-1.716
3586,3.32,1.004,-2.316
3587,4.88,1.026,-3.854
3588,3.4,1.016,-2.384
3589,3.59,0.987,-2.603
3590,3.7,1.422,-2.278
3591,2.73,1.375,-1.355
3592,3.78,1.377,-2.403
3593,4.09,1.474,-2.616
3594,3.78,1.441,-2.339
3595,4.35,1.173,-3.177
3596,3.99,1.108,-2.882
3597,3.78,1.169,-2.611
3598,3.92,1.12,-2.8
3599,3.05,1.197,-1.853
3600,6.28,0.817,-5.463
3601,3.74,0.822,-2.918
3602,4.45,1.385,-3.065
3603,5.24,1.173,-4.067
3604,5.89,1.15,-4.74
3605,2.12,1.037,-1.083
3606,8.35,0.788,-7.562
3607,7.39,0.895,-6.495
3608,5.31,0.77,-4.54
3609,4.85,0.6,-4.25
3610,7.94,0.839,-7.101
3611,4.08,0.847,-3.233
3612,5.42,0.775,-4.645
3613,5.7,0.621,-5.079
3614,5.55,0.7,-4.85
3615,4.04,0.624,-3.416
3616,7.51,0.411,-7.099
3617,5.22,0.588,-4.632
3618,4.26,0.549,-3.711
3619,5.21,0.448,-4.762
3620,4.1,0.618,-3.482
3621,4.07,0.603,-3.467
3622,6.15,0.796,-5.354
3623,4.03,0.678,-3.352
3624,4.76,0.734,-4.026
3625,5.76,0.533,-5.227
3626,5.72,0.65,-5.07
3627,4.46,0.57,-3.89
3628,6.67,0.466,-6.204
3629,2.43,0.501,-1.929
3630,4.26,0.366,-3.894
3631,3.09,0.413,-2.677
3632,4.04,0.566,-3.474
3633,4.22,0.566,-3.654
3634,4.31,0.557,-3.753
3635,4.55,0.964,-3.586
3636,4.98,0.498,-4.482
3637,5.59,0.502,-5.088
3638,4.35,0.674,-3.676
3639,4.76,0.788,-3.972
3640,4.86,0.61,-4.25
3641,5.0,0.728,-4.272
3642,3.31,0.605,-2.705
3643,5.14,0.583,-4.557
3644,5.22,0.708,-4.512
3645,3.35,0.57,-2.78
3646,4.72,0.601,-4.119
3647,2.45,0.75,-1.7
3648,5.18,0.36,-4.82
3649,5.02,0.467,-4.553
3650,3.65,0.445,-3.205
3651,5.19,0.361,-4.829
3652,4.6,0.897,-3.703
3653,4.5,0.899,-3.601
3654,4.26,0.704,-3.556
3655,4.62,0.917,-3.703
3656,4.77,0.948,-3.822
3657,3.48,0.878,-2.602
3658,3.75,0.895,-2.855
3659,3.8,0.505,-3.295
3660,3.53,0.504,-3.026
3661,3.79,0.723,-3.067
3662,4.19,0.322,-3.868
3663,4.07,1.081,-2.989
3664,3.48,0.637,-2.843
3665,3.87,0.962,-2.908
3666,4.18,0.894,-3.286
3667,4.19,0.897,-3.293
3668,3.45,0.923,-2.527
3669,3.6,0.67,-2.93
3670,3.51,0.697,-2.813
3671,3.44,0.44,-3.0
3672,3.33,0.449,-2.881
3673,3.16,0.58,-2.58
3674,3.0,0.744,-2.256
3675,3.58,0.738,-2.842
3676,7.02,0.886,-6.134
3677,3.73,0.884,-2.846
3678,3.77,0.77,-3.0
3679,3.85,0.984,-2.866
3680,3.34,1.111,-2.229
3681,4.24,1.071,-3.169
3682,3.87,1.19,-2.68
3683,3.92,0.745,-3.175
3684,3.74,0.777,-2.963
3685,2.97,0.974,-1.996
3686,3.2,0.796,-2.404
3687,4.06,0.453,-3.607
3688,3.8,0.235,-3.565
3689,4.19,0.283,-3.907
3690,3.59,0.294,-3.296
3691,3.63,0.29,-3.34
3692,3.58,0.272,-3.308
3693,5.13,0.244,-4.886
3694,5.07,0.288,-4.782
3695,5.31,0.293,-5.017
3696,3.99,0.234,-3.756
3697,10.56,0.289,-10.271
3698,5.63,0.223,-5.407
3699,5.89,0.274,-5.616
3700,10.02,0.231,-9.789
3701,4.83,0.787,-4.043
3702,5.49,0.858,-4.632
3703,4.99,0.878,-4.112
3704,3.41,0.443,-2.967
3705,4.39,0.466,-3.924
3706,4.88,0.735,-4.145
3707,4.86,0.814,-4.046
3708,6.61,0.877,-5.733
3709,7.13,1.133,-5.997
3710,12.4,2.002,-10.398
3711,10.95,1.285,-9.665
3712,4.47,1.374,-3.096
3713,4.98,1.271,-3.709
3714,9.73,1.144,-8.586
3715,5.0,1.234,-3.766
3716,5.63,1.067,-4.563
3717,7.75,0.963,-6.787
3718,5.57,1.013,-4.557
3719,6.32,0.96,-5.36
3720,4.31,0.947,-3.363
3721,4.4,0.889,-3.511
3722,6.63,0.971,-5.659
3723,5.88,0.889,-4.991
3724,4.41,0.954,-3.456
3725,4.82,0.79,-4.03
3726,5.47,0.755,-4.715
3727,5.46,1.045,-4.415
3728,5.07,0.924,-4.146
3729,4.61,0.953,-3.657
3730,4.94,1.206,-3.734
3731,15.57,1.178,-14.392
3732,6.53,0.737,-5.793
3733,4.99,1.001,-3.989
3734,6.87,1.016,-5.854
3735,6.02,1.117,-4.903
3736,3.68,1.033,-2.647
3737,3.49,1.028,-2.462
3738,3.38,0.986,-2.394
3739,4.44,0.906,-3.534
3740,4.13,0.989,-3.141
3741,4.05,0.921,-3.129
3742,3.78,0.927,-2.853
3743,6.06,0.932,-5.128
3744,5.95,0.832,-5.118
3745,5.18,0.674,-4.506
3746,4.71,0.7,-4.01
3747,4.63,0.858,-3.772
3748,6.95,0.744,-6.206
3749,4.27,0.941,-3.329
3750,2.88,0.819,-2.061
3751,4.48,0.823,-3.657
3752,4.11,0.974,-3.136
3753,5.11,0.919,-4.191
3754,6.49,0.851,-5.639
3755,5.97,0.831,-5.139
3756,3.29,0.815,-2.475
3757,4.48,0.882,-3.598
3758,6.88,0.5,-6.38
3759,5.14,0.684,-4.456
3760,3.85,0.513,-3.337
3761,3.93,0.947,-2.983
3762,4.2,0.857,-3.343
3763,3.28,1.213,-2.067
3764,3.57,0.864,-2.706
3765,3.34,0.837,-2.503
3766,3.69,0.832,-2.858
3767,3.68,0.346,-3.334
3768,3.18,0.252,-2.928
3769,3.77,0.031,-3.739
3770,3.84,0.056,-3.784
3771,3.17,0.034,-3.136
3772,3.88,0.173,-3.707
3773,3.02,0.131,-2.889
3774,3.76,0.248,-3.512
3775,3.46,0.289,-3.171
3776,3.27,0.252,-3.018
3777,3.38,0.238,-3.142
3778,3.72,0.32,-3.4
3779,3.07,0.314,-2.756
3780,4.39,0.32,-4.07
3781,3.48,0.245,-3.235
3782,4.16,0.412,-3.748
3783,2.28,0.395,-1.885
3784,4.5,0.392,-4.108
3785,4.68,0.381,-4.299
3786,4.26,0.21,-4.05
3787,9.53,0.171,-9.359
3788,6.41,0.207,-6.203
3789,3.44,0.269,-3.171
3790,6.23,0.042,-6.188
3791,3.96,0.065,-3.895
3792,9.3,0.114,-9.186
3793,5.91,0.208,-5.702
3794,6.28,0.105,-6.175
3795,4.37,0.221,-4.149
3796,4.62,0.076,-4.544
3797,6.6,0.094,-6.506
3798,6.44,0.15,-6.29
3799,6.97,0.0,-6.97
3800,4.28,0.188,-4.092
3801,6.02,0.229,-5.791
3802,6.13,0.636,-5.494
3803,7.09,0.988,-6.102
3804,3.71,0.89,-2.82
3805,5.88,0.896,-4.984
3806,4.82,0.975,-3.845
3807,6.03,0.931,-5.099
3808,6.08,0.913,-5.167
3809,6.38,0.923,-5.457
3810,3.41,0.902,-2.508
3811,5.54,0.948,-4.592
3812,6.0,1.053,-4.947
3813,6.29,0.896,-5.394
3814,4.32,0.927,-3.393
3815,6.61,0.974,-5.636
3816,6.99,1.118,-5.872
3817,5.51,1.018,-4.492
3818,3.84,1.194,-2.646
3819,6.24,0.977,-5.263
3820,5.18,1.263,-3.917
3821,5.47,0.761,-4.709
3822,6.16,0.81,-5.35
3823,3.18,0.838,-2.342
3824,4.67,0.841,-3.829
3825,5.76,0.895,-4.865
3826,3.5,0.894,-2.606
3827,3.13,0.922,-2.208
3828,3.62,1.047,-2.573
3829,6.77,1.087,-5.683
3830,6.47,1.158,-5.312
3831,9.55,1.194,-8.356
3832,4.75,0.982,-3.768
3833,5.81,1.218,-4.592
3834,4.14,1.118,-3.022
3835,7.33,1.263,-6.067
3836,8.96,1.129,-7.831
3837,4.18,1.261,-2.919
3838,6.33,1.088,-5.242
3839,4.47,1.304,-3.166
3840,6.46,1.261,-5.199
3841,5.26,1.236,-4.024
3842,5.07,1.236,-3.834
3843,2.8,1.203,-1.597
3844,4.64,1.242,-3.398
3845,3.56,1.004,-2.556
3846,4.31,1.013,-3.297
3847,5.01,1.113,-3.897
3848,4.05,1.142,-2.908
3849,4.5,1.149,-3.351
3850,5.17,1.23,-3.94
3851,3.51,0.844,-2.666
3852,3.4,0.902,-2.498
3853,4.99,0.621,-4.369
3854,4.93,0.398,-4.532
3855,3.56,0.333,-3.227
3856,3.39,0.194,-3.196
3857,4.32,0.101,-4.219
3858,3.36,0.105,-3.255
3859,3.89,0.066,-3.824
3860,3.12,0.048,-3.072
3861,4.2,0.231,-3.969
3862,3.48,0.231,-3.249
3863,4.38,0.306,-4.074
3864,4.36,0.353,-4.007
3865,2.7,0.441,-2.259
3866,3.69,0.747,-2.943
3867,4.63,0.768,-3.862
3868,4.8,0.776,-4.024
3869,4.24,1.276,-2.964
3870,3.1,0.8,-2.3
3871,2.99,0.656,-2.334
3872,3.06,0.872,-2.188
3873,2.87,0.972,-1.898
3874,3.31,1.056,-2.254
3875,4.69,1.507,-3.183
3876,4.6,1.451,-3.149
3877,4.85,1.868,-2.982
3878,4.87,1.423,-3.447
3879,4.23,2.934,-1.296
3880,5.19,2.04,-3.15
3881,3.87,1.435,-2.435
3882,5.13,2.194,-2.936
3883,5.57,1.524,-4.046
3884,6.76,0.859,-5.901
3885,4.97,0.732,-4.238
3886,6.51,0.482,-6.028
3887,5.76,0.637,-5.123
3888,6.65,0.301,-6.349
3889,6.39,0.297,-6.093
3890,7.66,0.283,-7.377
3891,6.7,0.304,-6.396
3892,5.41,0.558,-4.852
3893,6.15,0.248,-5.902
3894,5.1,0.711,-4.389
3895,6.0,0.392,-5.608
3896,5.68,0.55,-5.13
3897,7.2,0.219,-6.981
3898,6.23,0.22,-6.01
3899,6.11,0.34,-5.77
3900,8.27,0.201,-8.069
3901,7.68,0.48,-7.2
3902,8.15,0.71,-7.44
3903,6.09,0.224,-5.866
3904,13.03,0.606,-12.424
3905,7.81,0.584,-7.226
3906,5.79,0.791,-4.999
3907,8.05,0.724,-7.326
3908,5.85,0.775,-5.075
3909,7.36,0.778,-6.582
3910,7.22,0.474,-6.746
3911,6.63,0.466,-6.164
3912,5.5,0.329,-5.171
3913,6.06,0.169,-5.891
3914,6.08,0.121,-5.959
3915,3.41,0.136,-3.274
3916,5.93,0.256,-5.674
3917,6.49,0.215,-6.275
3918,6.51,0.238,-6.272
3919,11.14,0.625,-10.515
3920,5.74,0.553,-5.187
3921,6.45,0.721,-5.729
3922,5.77,0.893,-4.877
3923,5.8,0.832,-4.968
3924,6.29,0.856,-5.434
3925,7.9,0.793,-7.107
3926,5.44,0.513,-4.927
3927,7.1,0.474,-6.626
3928,7.59,0.785,-6.805
3929,7.93,1.01,-6.92
3930,8.07,0.961,-7.109
3931,4.92,0.966,-3.954
3932,8.92,0.936,-7.984
3933,5.49,1.279,-4.211
3934,6.6,1.253,-5.347
3935,5.58,1.021,-4.559
3936,5.2,1.179,-4.021
3937,5.84,1.058,-4.782
3938,5.23,1.046,-4.184
3939,6.12,1.039,-5.081
3940,4.69,1.342,-3.348
3941,5.8,1.287,-4.513
3942,4.48,0.94,-3.54
3943,4.61,0.96,-3.65
3944,4.5,0.65,-3.85
3945,4.91,0.703,-4.207
3946,4.45,0.706,-3.744
3947,6.5,0.629,-5.871
3948,4.52,0.299,-4.221
3949,4.73,0.027,-4.703
3950,5.24,0.08,-5.16
3951,4.81,0.046,-4.764
3952,5.04,0.079,-4.961
3953,4.95,0.046,-4.904
3954,5.75,0.114,-5.636
3955,4.85,0.141,-4.709
3956,5.57,0.229,-5.341
3957,4.21,0.112,-4.098
3958,6.84,0.157,-6.683
3959,7.22,0.139,-7.081
3960,6.86,0.13,-6.73
3961,7.12,0.067,-7.053
3962,5.63,0.073,-5.557
3963,6.2,0.089,-6.111
3964,3.98,0.109,-3.871
3965,4.18,0.126,-4.054
3966,7.99,0.1,-7.89
3967,5.96,0.114,-5.846
3968,4.92,0.09,-4.83
3969,5.38,0.035,-5.345
3970,11.93,0.019,-11.911
3971,8.14,0.0,-8.14
3972,6.84,0.648,-6.192
3973,7.36,0.488,-6.872
3974,8.51,0.691,-7.819
3975,4.32,0.706,-3.614
3976,6.73,0.698,-6.032
3977,6.74,0.761,-5.979
3978,4.92,0.692,-4.228
3979,6.03,0.711,-5.319
3980,5.7,0.702,-4.998
3981,9.54,0.739,-8.801
3982,7.64,0.533,-7.107
3983,7.72,0.574,-7.146
3984,7.7,0.535,-7.165
3985,6.62,0.568,-6.052
3986,7.44,0.533,-6.907
3987,6.96,0.524,-6.436
3988,5.66,0.536,-5.124
3989,6.91,0.51,-6.4
3990,8.97,0.568,-8.402
3991,11.06,0.521,-10.539
3992,5.74,0.53,-5.21
3993,7.35,0.516,-6.834
3994,7.79,0.692,-7.098
3995,7.11,0.864,-6.246
3996,5.01,0.869,-4.141
3997,8.78,1.065,-7.715
3998,7.02,1.004,-6.016
3999,5.84,0.902,-4.938
4000,8.39,0.729,-7.661
4001,7.27,0.716,-6.554
4002,7.87,0.77,-7.1
4003,6.91,0.729,-6.181
4004,11.01,0.77,-10.24
4005,6.94,0.926,-6.014
4006,6.77,0.863,-5.907
4007,8.01,0.999,-7.011
4008,11.13,1.273,-9.857
4009,5.74,1.217,-4.523
4010,6.61,1.187,-5.423
4011,6.26,1.178,-5.082
4012,8.15,1.117,-7.033
4013,5.71,1.187,-4.523
4014,6.12,1.154,-4.966
4015,7.15,1.215,-5.935
4016,6.97,1.272,-5.698
4017,6.3,1.203,-5.097
4018,7.93,1.086,-6.844
4019,8.67,1.129,-7.541
4020,10.42,1.017,-9.403
4021,8.3,1.242,-7.058
4022,12.7,1.066,-11.634
4023,8.5,1.023,-7.477
4024,6.49,0.99,-5.5
4025,6.37,1.135,-5.235
4026,7.17,1.049,-6.121
4027,6.78,1.146,-5.634
4028,9.92,1.277,-8.643
4029,6.95,1.18,-5.77
4030,6.18,1.227,-4.953
4031,7.13,1.355,-5.775
4032,7.4,1.344,-6.056
4033,6.05,1.337,-4.713
4034,4.04,1.362,-2.678
4035,7.41,1.296,-6.114
4036,6.69,1.351,-5.339
4037,7.47,1.065,-6.405
4038,4.73,1.296,-3.434
4039,6.57,1.206,-5.364
4040,5.75,1.158,-4.592
4041,5.85,1.174,-4.676
4042,6.78,1.194,-5.586
4043,5.79,1.092,-4.698
4044,5.88,0.964,-4.916
4045,7.37,0.567,-6.803
4046,7.22,0.546,-6.674
4047,4.71,0.601,-4.109
4048,5.56,0.292,-5.268
4049,6.08,0.344,-5.736
4050,5.62,0.147,-5.473
4051,4.11,0.357,-3.753
4052,6.7,0.05,-6.65
4053,6.33,0.108,-6.222
4054,9.18,0.126,-9.054
4055,6.43,0.121,-6.309
4056,6.81,0.107,-6.703
4057,7.67,0.151,-7.519
4058,7.18,0.12,-7.06
4059,7.55,0.335,-7.215
4060,7.44,0.319,-7.121
4061,7.59,0.355,-7.235
4062,12.28,0.333,-11.947
4063,11.16,0.342,-10.818
4064,7.64,0.339,-7.301
4065,14.97,0.376,-14.594
4066,7.48,0.355,-7.125
4067,8.27,0.391,-7.879
4068,7.4,0.486,-6.914
4069,7.13,0.089,-7.041
4070,8.75,0.0,-8.75
4071,6.67,0.0,-6.67
4072,7.77,0.242,-7.528
4073,7.0,0.313,-6.687
4074,7.33,0.542,-6.788
4075,4.78,0.58,-4.2
4076,6.59,0.631,-5.959
4077,5.71,0.544,-5.166
4078,5.26,0.553,-4.707
4079,11.03,0.036,-10.994
4080,6.54,0.053,-6.487
4081,13.06,0.631,-12.429
4082,4.39,0.538,-3.852
4083,6.35,0.558,-5.792
4084,13.95,0.724,-13.226
4085,4.45,0.874,-3.576
4086,6.3,0.663,-5.637
4087,6.9,0.84,-6.06
4088,7.76,0.838,-6.922
4089,5.42,0.87,-4.55
4090,5.85,0.8,-5.05
4091,5.34,0.774,-4.566
4092,6.07,0.834,-5.236
4093,5.55,1.15,-4.4
4094,9.28,1.021,-8.259
4095,5.79,1.004,-4.786
4096,6.92,1.015,-5.905
4097,4.79,1.086,-3.704
4098,4.28,1.072,-3.208
4099,5.06,1.096,-3.964
4100,4.68,0.932,-3.748
4101,5.88,0.963,-4.917
4102,5.91,0.992,-4.918
4103,6.32,0.998,-5.322
4104,5.16,0.984,-4.176
4105,5.65,1.02,-4.63
4106,4.5,1.125,-3.375
4107,4.59,1.034,-3.556
4108,4.66,1.253,-3.407
4109,5.18,1.137,-4.043
4110,5.14,1.151,-3.989
4111,5.93,1.009,-4.921
4112,4.35,0.911,-3.439
4113,4.67,0.959,-3.711
4114,5.69,0.999,-4.691
4115,5.49,0.994,-4.496
4116,6.35,0.942,-5.408
4117,4.29,0.963,-3.327
4118,4.47,0.945,-3.525
4119,5.45,0.938,-4.512
4120,7.19,0.94,-6.25
4121,7.63,0.897,-6.733
4122,5.53,0.919,-4.611
4123,4.8,0.899,-3.901
4124,5.2,0.886,-4.314
4125,8.59,0.939,-7.651
4126,5.96,0.915,-5.045
4127,11.68,0.904,-10.776
4128,4.95,1.109,-3.841
4129,3.07,1.652,-1.418
4130,4.63,1.663,-2.967
4131,5.94,1.663,-4.277
4132,7.13,1.634,-5.496
4133,4.66,1.663,-2.997
4134,2.42,1.106,-1.314
4135,5.04,1.115,-3.925
4136,4.83,0.931,-3.899
4137,4.51,1.096,-3.414
4138,4.48,0.944,-3.536
4139,4.31,1.109,-3.201
4140,4.42,0.947,-3.473
4141,4.78,0.901,-3.879
4142,4.57,0.892,-3.678
4143,5.17,0.956,-4.214
4144,5.0,0.95,-4.05
4145,4.59,0.862,-3.728
4146,3.45,0.986,-2.464
4147,4.81,1.187,-3.623
4148,3.65,1.287,-2.363
4149,4.25,1.087,-3.163
4150,4.23,1.057,-3.173
4151,4.27,0.897,-3.373
4152,4.36,0.827,-3.533
4153,4.86,0.904,-3.956
4154,4.59,0.935,-3.655
4155,4.35,0.95,-3.4
4156,3.93,0.972,-2.958
4157,3.66,0.753,-2.907
4158,3.68,0.972,-2.708
4159,4.38,0.39,-3.99
4160,4.52,0.443,-4.077
4161,4.6,0.821,-3.779
4162,4.61,0.418,-4.192
4163,4.44,0.69,-3.75
4164,3.89,0.667,-3.223
4165,4.33,0.644,-3.686
4166,4.16,0.769,-3.391
4167,3.94,0.748,-3.192
4168,3.95,0.725,-3.225
4169,5.18,0.528,-4.652
4170,4.8,0.719,-4.081
4171,7.28,0.524,-6.756
4172,4.55,0.299,-4.251
4173,5.07,0.27,-4.8
4174,5.64,0.364,-5.276
4175,4.44,0.296,-4.144
4176,5.44,0.292,-5.148
4177,5.01,0.402,-4.608
4178,4.97,0.419,-4.551
4179,6.5,0.424,-6.076
4180,4.15,0.414,-3.736
4181,5.62,0.517,-5.103
4182,4.62,0.535,-4.085
4183,3.45,0.79,-2.66
4184,5.35,0.697,-4.653
4185,5.53,1.134,-4.396
4186,4.78,1.15,-3.63
4187,6.0,1.835,-4.165
4188,4.62,1.406,-3.214
4189,7.55,1.885,-5.665
4190,16.24,1.885,-14.355
4191,5.07,1.875,-3.195
4192,2.76,1.875,-0.885
4193,4.81,1.835,-2.975
4194,5.83,1.835,-3.995
4195,5.98,1.891,-4.089
4196,10.55,1.891,-8.659
4197,5.66,1.891,-3.769
4198,5.81,1.97,-3.84
4199,6.26,1.891,-4.369
4200,5.95,1.036,-4.914
4201,5.68,1.033,-4.647
4202,4.06,1.997,-2.063
4203,4.93,1.1,-3.83
4204,8.97,1.045,-7.925
4205,5.5,1.033,-4.467
4206,7.24,1.304,-5.936
4207,5.45,1.018,-4.432
4208,5.93,1.02,-4.91
4209,4.45,1.966,-2.484
4210,7.06,1.981,-5.079
4211,3.76,2.025,-1.735
4212,5.99,1.249,-4.741
4213,4.6,1.981,-2.619
4214,4.27,1.98,-2.29
4215,6.19,1.98,-4.21
4216,5.21,1.966,-3.244
4217,5.77,2.255,-3.515
4218,5.6,2.017,-3.583
4219,4.79,2.017,-2.773
4220,2.2,2.246,0.046
4221,7.17,1.302,-5.868
4222,5.15,2.245,-2.905
4223,4.17,2.283,-1.887
4224,5.45,2.283,-3.167
4225,4.75,2.245,-2.505
4226,5.21,2.245,-2.965
4227,5.01,2.227,-2.783
4228,2.91,2.245,-0.665
4229,5.58,2.249,-3.331
4230,4.92,1.601,-3.319
4231,4.87,1.552,-3.318
4232,4.86,1.432,-3.428
4233,4.0,1.389,-2.611
4234,4.06,2.325,-1.735
4235,4.95,1.055,-3.895
4236,4.61,1.084,-3.526
4237,3.92,1.236,-2.684
4238,3.95,1.88,-2.07
4239,3.63,1.801,-1.829
4240,3.51,1.191,-2.319
4241,3.82,0.436,-3.384
4242,3.55,0.436,-3.114
4243,3.57,0.427,-3.143
4244,3.75,0.271,-3.479
4245,3.66,0.432,-3.228
4246,3.9,0.345,-3.555
4247,3.87,0.345,-3.525
4248,3.88,0.345,-3.535
4249,3.58,0.386,-3.194
4250,8.26,0.324,-7.936
4251,3.73,0.266,-3.464
4252,4.17,0.36,-3.81
4253,3.46,0.366,-3.094
4254,5.52,0.374,-5.146
4255,3.63,0.394,-3.236
4256,3.57,0.36,-3.21
4257,3.73,0.394,-3.336
4258,3.65,0.394,-3.256
4259,3.95,0.39,-3.56
4260,3.92,0.39,-3.53
4261,3.83,0.313,-3.517
4262,4.67,0.313,-4.357
4263,3.62,0.355,-3.265
4264,3.79,0.308,-3.482
4265,5.09,0.413,-4.677
4266,4.93,0.384,-4.546
4267,5.5,0.312,-5.188
4268,12.56,0.312,-12.248
4269,5.81,0.387,-5.423
4270,4.98,0.387,-4.593
4271,6.42,0.422,-5.998
4272,3.76,0.321,-3.439
4273,5.37,0.444,-4.926
4274,5.22,0.378,-4.842
4275,6.07,0.917,-5.153
4276,5.63,0.336,-5.294
4277,6.44,0.441,-5.999
4278,6.15,0.443,-5.707
4279,4.98,0.42,-4.56
4280,5.07,0.25,-4.82
4281,4.55,0.371,-4.179
4282,6.02,0.317,-5.703
4283,4.84,0.443,-4.397
4284,5.4,0.324,-5.076
4285,10.76,0.443,-10.317
4286,4.93,0.443,-4.487
4287,4.29,0.484,-3.806
4288,4.74,0.324,-4.416
4289,6.05,0.484,-5.566
4290,5.25,0.484,-4.766
4291,5.12,0.559,-4.561
4292,4.63,0.609,-4.021
4293,4.44,0.461,-3.979
4294,5.11,0.469,-4.641
4295,4.39,0.639,-3.751
4296,2.65,0.829,-1.821
4297,2.78,0.829,-1.951
4298,4.32,0.823,-3.497
4299,4.66,1.216,-3.444
4300,4.73,1.216,-3.514
4301,4.32,1.216,-3.104
4302,5.06,2.158,-2.902
4303,5.22,2.239,-2.981
4304,3.67,2.271,-1.399
4305,4.43,2.2,-2.23
4306,6.28,1.941,-4.339
4307,4.26,2.2,-2.06
4308,7.17,2.2,-4.97
4309,5.21,2.185,-3.025
4310,4.26,1.99,-2.27
4311,6.12,2.06,-4.06
4312,5.94,2.06,-3.88
4313,4.16,2.235,-1.925
4314,4.67,2.235,-2.435
4315,7.11,2.235,-4.875
4316,4.04,2.494,-1.546
4317,4.42,2.538,-1.882
4318,4.47,2.437,-2.033
4319,3.9,2.56,-1.34
4320,4.02,2.497,-1.523
4321,4.56,2.497,-2.063
4322,5.54,2.62,-2.92
4323,3.63,2.618,-1.012
4324,4.55,2.62,-1.93
4325,3.67,2.62,-1.05
4326,4.69,2.507,-2.183
4327,3.29,2.398,-0.892
4328,3.6,1.29,-2.31
4329,3.25,1.323,-1.927
4330,4.0,1.878,-2.122
4331,3.44,1.401,-2.039
4332,3.28,1.313,-1.967
4333,3.5,1.324,-2.176
4334,3.07,1.216,-1.854
4335,3.9,0.557,-3.343
4336,3.16,0.443,-2.717
4337,3.85,0.442,-3.408
4338,3.2,0.421,-2.779
4339,3.54,0.484,-3.056
4340,3.54,0.559,-2.981
4341,3.53,0.368,-3.162
4342,3.29,0.421,-2.869
4343,3.07,0.371,-2.699
4344,3.57,0.352,-3.218
4345,3.78,0.271,-3.509
4346,3.5,0.344,-3.156
4347,3.27,0.386,-2.884
4348,3.27,0.388,-2.882
4349,5.66,0.407,-5.253
4350,3.51,0.449,-3.061
4351,3.46,0.406,-3.054
4352,3.76,0.374,-3.386
4353,2.6,0.396,-2.204
4354,3.5,0.406,-3.094
4355,3.37,0.449,-2.921
4356,3.73,0.406,-3.324
4357,4.31,0.449,-3.861
4358,3.71,0.406,-3.304
4359,1.53,0.388,-1.142
4360,3.9,0.407,-3.493
4361,3.83,0.386,-3.444
4362,3.95,0.386,-3.564
4363,4.5,0.386,-4.114
4364,3.85,0.4,-3.45
4365,3.8,0.371,-3.429
4366,3.89,0.371,-3.519
4367,3.58,0.421,-3.159
4368,4.19,0.425,-3.765
4369,7.27,0.425,-6.845
4370,5.26,0.371,-4.889
4371,9.11,0.438,-8.672
4372,4.02,0.438,-3.582
4373,5.13,0.467,-4.663
4374,7.42,0.546,-6.874
4375,10.54,0.548,-9.992
4376,4.1,0.808,-3.292
4377,7.91,0.769,-7.141
4378,5.17,0.815,-4.355
4379,5.64,1.14,-4.5
4380,2.87,1.133,-1.737
4381,5.34,1.134,-4.206
4382,5.07,1.216,-3.854
4383,5.11,1.113,-3.997
4384,3.89,1.1,-2.79
4385,6.63,1.095,-5.535
4386,4.47,1.082,-3.388
4387,4.45,1.052,-3.398
4388,4.35,1.099,-3.251
4389,3.38,1.045,-2.335
4390,4.75,1.896,-2.854
4391,4.62,1.648,-2.972
4392,4.53,1.959,-2.571
4393,4.01,1.407,-2.603
4394,4.35,1.986,-2.364
4395,4.05,2.012,-2.038
4396,5.63,2.301,-3.329
4397,3.33,2.301,-1.029
4398,4.18,2.316,-1.864
4399,4.5,2.326,-2.174
4400,2.65,2.389,-0.261
4401,3.59,2.411,-1.179
4402,3.56,2.461,-1.099
4403,4.89,2.582,-2.308
4404,4.32,1.54,-2.78
4405,4.22,2.574,-1.646
4406,3.96,2.482,-1.478
4407,7.3,2.501,-4.799
4408,3.26,2.482,-0.778
4409,3.74,1.774,-1.966
4410,4.62,2.546,-2.074
4411,4.71,1.77,-2.94
4412,4.14,2.533,-1.607
4413,6.67,2.533,-4.137
4414,4.23,2.535,-1.695
4415,4.43,2.538,-1.892
4416,4.22,2.497,-1.723
4417,5.36,1.92,-3.44
4418,3.5,2.552,-0.948
4419,2.64,2.656,0.016
4420,2.61,2.478,-0.132
4421,3.61,2.478,-1.132
4422,3.6,2.479,-1.121
4423,3.62,2.479,-1.141
4424,3.01,2.5,-0.51
4425,3.45,2.478,-0.972
4426,2.49,2.478,-0.012
4427,3.0,2.478,-0.522
4428,3.09,2.43,-0.66
4429,3.25,2.382,-0.868
4430,3.3,2.382,-0.918
4431,2.93,2.505,-0.425
4432,3.02,2.546,-0.474
4433,3.54,2.421,-1.119
4434,3.31,2.122,-1.188
4435,2.67,2.421,-0.249
4436,3.3,2.479,-0.821
4437,2.83,2.489,-0.341
4438,1.84,2.491,0.651
4439,3.23,2.5,-0.73
4440,2.23,2.491,0.261
4441,2.85,2.447,-0.403
4442,4.14,1.788,-2.352
4443,2.83,2.489,-0.341
4444,3.1,2.5,-0.6
4445,4.21,2.488,-1.722
4446,3.02,2.488,-0.532
4447,2.89,2.5,-0.39
4448,2.88,2.498,-0.382
4449,3.05,2.498,-0.552
4450,3.13,2.438,-0.692
4451,3.09,2.438,-0.652
4452,3.05,2.498,-0.552
4453,3.23,2.08,-1.15
4454,2.64,2.498,-0.142
4455,2.82,2.493,-0.327
4456,3.27,2.428,-0.842
4457,2.7,2.506,-0.194
4458,2.94,2.553,-0.387
4459,3.09,2.542,-0.548
4460,2.81,2.567,-0.243
4461,3.04,2.474,-0.566
4462,3.02,2.474,-0.546
4463,2.75,2.419,-0.331
4464,3.14,2.419,-0.721
4465,3.04,2.422,-0.618
4466,2.83,2.422,-0.408
4467,3.39,2.422,-0.968
4468,3.19,2.422,-0.768
4469,3.03,2.519,-0.511
4470,3.21,2.519,-0.691
4471,3.16,2.485,-0.675
4472,3.2,2.485,-0.715
4473,2.97,2.485,-0.485
4474,2.93,2.485,-0.445
4475,3.06,2.485,-0.575
4476,3.01,2.523,-0.487
4477,3.1,2.536,-0.564
4478,2.98,2.575,-0.405
4479,3.11,2.536,-0.574
4480,2.78,2.501,-0.279
4481,3.34,2.483,-0.857
4482,3.08,2.505,-0.575
4483,3.13,2.505,-0.625
4484,3.18,2.547,-0.633
4485,2.96,2.547,-0.413
4486,5.0,2.508,-2.492
4487,3.25,2.508,-0.742
4488,3.36,2.547,-0.813
4489,3.09,2.508,-0.582
4490,3.23,2.547,-0.683
4491,3.27,2.547,-0.723
4492,3.28,2.547,-0.733
4493,2.91,2.547,-0.363
4494,3.04,2.547,-0.493
4495,3.35,2.508,-0.842
4496,3.47,2.547,-0.923
4497,2.88,2.594,-0.286
4498,3.14,2.547,-0.593
4499,3.07,2.594,-0.476
4500,3.17,2.547,-0.623
4501,3.2,2.547,-0.653
4502,3.06,2.547,-0.513
4503,3.42,2.547,-0.873
4504,3.3,2.547,-0.753
4505,3.74,2.594,-1.146
4506,4.18,2.547,-1.633
4507,3.0,2.547,-0.453
4508,3.02,2.547,-0.473
4509,2.0,2.547,0.547
4510,4.78,2.547,-2.233
4511,3.04,2.547,-0.493
4512,3.41,2.594,-0.816
4513,3.82,2.594,-1.226
4514,2.8,2.561,-0.239
4515,2.66,2.594,-0.066
4516,3.21,2.547,-0.663
4517,3.28,2.561,-0.719
4518,3.0,2.561,-0.439
4519,3.36,2.547,-0.813
4520,3.1,2.547,-0.553
4521,2.61,2.547,-0.063
4522,2.71,2.547,-0.163
4523,2.97,2.547,-0.423
4524,1.64,2.547,0.907
4525,2.99,2.547,-0.443
4526,2.82,2.547,-0.273
4527,1.92,2.508,0.588
4528,3.7,2.547,-1.153
4529,4.5,2.508,-1.992
4530,2.73,2.508,-0.222
4531,2.86,2.508,-0.352
4532,3.13,2.508,-0.622
4533,2.53,2.508,-0.022
4534,3.63,2.51,-1.12
4535,3.44,2.46,-0.98
4536,3.07,2.46,-0.61
4537,4.03,2.46,-1.57
4538,2.9,2.46,-0.44
4539,3.08,2.519,-0.561
4540,1.81,2.51,0.7
4541,3.07,2.519,-0.551
4542,2.74,2.46,-0.28
4543,2.69,2.46,-0.23
4544,3.1,2.519,-0.581
4545,3.09,2.51,-0.58
4546,3.42,2.519,-0.901
4547,3.19,2.508,-0.682
4548,2.61,2.508,-0.102
4549,4.02,2.519,-1.501
4550,4.25,2.51,-1.74
4551,8.59,2.519,-6.071
4552,3.54,2.51,-1.03
4553,4.05,2.519,-1.531
4554,3.11,2.51,-0.6
4555,5.34,2.51,-2.83
4556,3.99,2.51,-1.48
4557,3.9,2.508,-1.392
4558,5.02,2.508,-2.512
4559,3.29,2.508,-0.782
4560,3.23,2.508,-0.722
4561,3.89,2.508,-1.382
4562,5.49,2.508,-2.982
4563,4.26,2.508,-1.752
4564,3.7,2.508,-1.192
4565,4.17,2.508,-1.662
4566,2.64,2.508,-0.132
4567,4.4,2.508,-1.892
4568,4.25,2.508,-1.742
4569,3.92,2.508,-1.412
4570,4.39,2.508,-1.882
4571,5.5,2.508,-2.992
4572,4.29,2.547,-1.743
4573,4.33,2.547,-1.783
4574,3.12,2.508,-0.612
4575,3.67,2.547,-1.123
4576,4.06,2.547,-1.513
4577,3.35,2.547,-0.803
4578,4.4,2.547,-1.853
4579,4.09,2.547,-1.543
4580,3.81,2.547,-1.263
4581,3.36,2.547,-0.813
4582,3.76,2.547,-1.213
4583,4.51,2.547,-1.963
4584,2.05,2.547,0.497
4585,3.66,2.594,-1.066
4586,3.6,2.594,-1.006
4587,6.12,2.594,-3.526
4588,4.27,2.594,-1.676
4589,4.09,2.562,-1.528
4590,5.24,2.484,-2.756
4591,3.42,2.594,-0.826
4592,4.59,2.595,-1.995
4593,4.3,2.546,-1.754
4594,2.76,2.537,-0.223
4595,3.33,2.537,-0.793
4596,3.69,2.537,-1.153
4597,6.38,2.537,-3.843
4598,3.6,2.554,-1.046
4599,3.62,2.554,-1.066
4600,4.22,2.554,-1.666
4601,3.18,2.554,-0.626
4602,1.2,2.554,1.354
4603,4.57,2.554,-2.016
4604,3.94,2.46,-1.48
4605,3.75,2.46,-1.29
4606,3.75,2.46,-1.29
4607,3.23,2.46,-0.77
4608,3.43,2.46,-0.97
4609,2.98,2.46,-0.52
4610,3.28,2.46,-0.82
4611,5.45,2.46,-2.99
4612,3.06,2.46,-0.6
4613,2.63,2.554,-0.076
4614,3.02,2.554,-0.466
4615,3.22,2.518,-0.702
4616,3.35,2.48,-0.87
4617,2.68,2.48,-0.2
4618,1.07,2.488,1.418
4619,2.98,2.41,-0.57
4620,4.1,2.488,-1.612
4621,4.61,2.48,-2.13
4622,2.31,2.48,0.17
4623,2.78,2.41,-0.37
4624,3.65,2.48,-1.17
4625,2.82,2.48,-0.34
4626,2.93,2.479,-0.451
4627,2.48,2.48,0.0
4628,3.04,2.479,-0.561
4629,3.14,2.479,-0.661
4630,3.37,2.479,-0.891
4631,2.77,2.479,-0.291
4632,2.86,2.488,-0.372
4633,3.18,2.48,-0.7
4634,3.05,2.488,-0.562
4635,2.95,2.488,-0.462
4636,2.83,2.48,-0.35
4637,3.41,2.424,-0.986
4638,3.93,2.185,-1.745
4639,1.86,1.973,0.113
4640,3.17,1.98,-1.19
4641,1.68,2.193,0.513
4642,3.4,1.943,-1.457
4643,2.85,2.017,-0.833
4644,2.05,1.943,-0.107
4645,2.97,2.0,-0.97
4646,3.24,1.951,-1.289
4647,5.42,1.943,-3.477
4648,3.46,1.943,-1.517
4649,3.09,2.017,-1.073
4650,5.03,1.992,-3.038
4651,4.08,1.982,-2.098
4652,3.37,2.205,-1.165
4653,3.41,2.421,-0.989
4654,3.83,2.421,-1.409
4655,4.27,2.421,-1.849
4656,4.5,2.421,-2.079
4657,3.76,2.484,-1.276
4658,2.31,2.484,0.174
4659,3.36,2.484,-0.876
4660,3.17,2.484,-0.686
4661,4.64,2.482,-2.158
4662,4.2,2.482,-1.718
4663,2.56,2.472,-0.088
4664,5.8,2.472,-3.328
4665,3.93,2.472,-1.458
4666,3.77,2.473,-1.297
4667,4.59,2.473,-2.117
4668,3.96,2.473,-1.487
4669,3.88,2.473,-1.407
4670,3.26,2.473,-0.787
4671,3.76,2.473,-1.287
4672,5.08,2.474,-2.606
4673,3.4,2.473,-0.927
4674,3.76,2.473,-1.287
4675,3.49,2.474,-1.016
4676,4.72,2.474,-2.246
4677,4.16,2.474,-1.686
4678,1.94,2.474,0.534
4679,2.23,2.474,0.244
4680,3.22,2.474,-0.746
4681,3.25,2.474,-0.776
4682,3.46,2.474,-0.986
4683,3.43,2.511,-0.919
4684,3.47,2.511,-0.959
4685,3.22,2.541,-0.679
4686,3.11,2.541,-0.569
4687,2.71,2.553,-0.157
4688,2.45,2.58,0.13
4689,3.22,2.612,-0.608
4690,1.77,2.553,0.783
4691,3.16,2.553,-0.607
4692,10.93,2.612,-8.318
4693,2.79,2.543,-0.247
4694,3.37,2.612,-0.758
4695,3.84,2.543,-1.297
4696,4.59,2.512,-2.078
4697,3.76,2.524,-1.236
4698,2.87,2.524,-0.346
4699,4.0,2.524,-1.476
4700,3.02,2.524,-0.496
4701,2.66,2.524,-0.136
4702,3.05,2.439,-0.611
4703,2.75,2.434,-0.316
4704,2.72,2.434,-0.286
4705,2.11,2.434,0.324
4706,2.6,2.439,-0.161
4707,2.39,2.439,0.049
4708,2.36,2.524,0.164
4709,5.34,2.439,-2.901
4710,2.98,2.552,-0.428
4711,2.47,2.524,0.054
4712,2.37,2.434,0.064
4713,2.39,2.265,-0.125
4714,2.23,2.283,0.053
4715,2.24,2.305,0.065
4716,2.24,2.465,0.225
4717,2.37,2.439,0.069
4718,2.3,2.465,0.165
4719,2.37,2.552,0.182
4720,2.4,2.465,0.065
4721,2.31,2.552,0.242
4722,2.26,2.465,0.205
4723,2.28,2.279,-0.001
4724,3.38,2.54,-0.84
4725,2.38,2.454,0.074
4726,2.32,2.454,0.134
4727,2.37,2.54,0.17
4728,2.19,2.54,0.35
4729,2.18,2.529,0.349
4730,2.46,2.54,0.08
4731,2.11,2.529,0.419
4732,2.34,2.56,0.22
4733,2.39,2.529,0.139
4734,1.35,2.512,1.162
4735,2.42,2.502,0.082
4736,3.03,2.518,-0.512
4737,2.79,2.512,-0.278
4738,2.44,2.501,0.061
4739,4.15,2.507,-1.643
4740,2.77,2.478,-0.292
4741,2.47,2.507,0.037
4742,2.46,2.478,0.018
4743,3.51,2.478,-1.032
4744,3.82,2.478,-1.342
4745,4.41,2.507,-1.903
4746,5.05,2.507,-2.543
4747,3.13,2.507,-0.623
4748,3.19,2.507,-0.683
4749,4.0,2.507,-1.493
4750,2.82,2.507,-0.313
4751,3.34,2.518,-0.822
4752,3.95,2.518,-1.432
4753,2.68,2.518,-0.162
4754,2.73,2.518,-0.212
4755,3.65,2.507,-1.143
4756,12.79,2.507,-10.283
4757,1.67,2.507,0.837
4758,3.44,2.507,-0.933
4759,3.7,2.507,-1.193
4760,3.37,2.507,-0.863
4761,2.88,2.507,-0.373
4762,3.41,2.507,-0.903
4763,2.71,2.507,-0.203
4764,2.78,2.501,-0.279
4765,3.24,2.501,-0.739
4766,2.44,2.502,0.062
4767,2.19,2.501,0.311
4768,3.01,2.501,-0.509
4769,3.05,2.501,-0.549
4770,2.85,2.501,-0.349
4771,4.45,2.502,-1.948
4772,3.17,2.502,-0.668
4773,2.2,2.502,0.302
4774,2.83,2.502,-0.328
4775,2.41,2.502,0.092
4776,3.44,2.502,-0.938
4777,3.41,2.502,-0.908
4778,3.9,2.502,-1.398
4779,3.48,2.56,-0.92
4780,3.81,2.56,-1.25
4781,2.59,2.56,-0.03
4782,8.37,2.56,-5.81
4783,6.3,2.56,-3.74
4784,10.49,2.529,-7.961
4785,2.92,2.529,-0.391
4786,3.31,2.529,-0.781
4787,3.47,2.529,-0.941
4788,2.78,2.54,-0.24
4789,3.07,2.54,-0.53
4790,3.43,2.454,-0.976
4791,3.28,2.454,-0.826
4792,3.38,2.454,-0.926
4793,3.16,2.454,-0.706
4794,3.83,2.454,-1.376
4795,3.05,2.454,-0.596
4796,3.87,2.454,-1.416
4797,3.06,2.454,-0.606
4798,2.69,2.454,-0.236
4799,2.9,2.454,-0.446
4800,3.6,2.454,-1.146
4801,2.94,2.454,-0.486
4802,3.01,2.454,-0.556
4803,4.28,2.454,-1.826
4804,2.86,2.529,-0.331
4805,3.59,2.56,-1.03
4806,2.78,2.502,-0.278
4807,2.08,2.501,0.421
4808,2.83,2.478,-0.352
4809,2.8,2.481,-0.319
4810,4.88,2.481,-2.399
4811,2.98,2.481,-0.499
4812,3.33,2.481,-0.849
4813,2.85,2.5,-0.35
4814,4.48,2.5,-1.98
4815,2.71,2.393,-0.317
4816,2.75,2.106,-0.644
4817,2.92,1.904,-1.016
4818,3.13,1.955,-1.175
4819,3.19,1.403,-1.787
4820,3.18,1.941,-1.239
4821,2.63,1.454,-1.176
4822,3.08,1.454,-1.626
4823,2.78,1.38,-1.4
4824,2.9,1.347,-1.553
4825,3.1,1.228,-1.872
4826,2.16,1.079,-1.081
4827,2.95,1.168,-1.782
4828,3.02,1.079,-1.941
4829,2.84,1.168,-1.672
4830,1.44,1.228,-0.212
4831,2.65,1.168,-1.482
4832,2.61,1.168,-1.442
4833,2.47,1.168,-1.302
4834,2.28,1.143,-1.137
4835,2.83,1.143,-1.687
4836,3.07,1.133,-1.937
4837,2.9,1.133,-1.767
4838,2.69,1.079,-1.611
4839,3.24,1.228,-2.012
4840,2.7,1.37,-1.33
4841,4.78,1.454,-3.326
4842,3.19,1.454,-1.736
4843,3.01,1.912,-1.098
4844,2.75,1.912,-0.838
4845,3.69,1.912,-1.778
4846,2.49,1.912,-0.578
4847,3.73,1.912,-1.818
4848,3.46,1.912,-1.548
4849,7.14,1.906,-5.234
4850,3.91,1.906,-2.004
4851,4.76,1.904,-2.856
4852,3.51,1.904,-1.606
4853,3.25,1.904,-1.346
4854,4.89,2.106,-2.784
4855,4.42,1.91,-2.51
4856,2.62,2.108,-0.512
4857,2.18,2.12,-0.06
4858,3.78,2.12,-1.66
4859,3.52,1.919,-1.601
4860,3.43,2.12,-1.31
4861,4.91,2.12,-2.79
4862,5.21,2.38,-2.83
4863,3.14,2.38,-0.76
4864,2.91,2.38,-0.53
4865,3.11,2.38,-0.73
4866,5.36,2.133,-3.227
4867,6.7,2.38,-4.32
4868,3.32,2.461,-0.859
4869,12.51,2.38,-10.13
4870,2.55,2.461,-0.089
4871,3.38,2.461,-0.919
4872,2.61,2.5,-0.11
4873,3.07,2.5,-0.57
4874,3.22,2.5,-0.72
4875,2.75,2.5,-0.25
4876,4.16,2.5,-1.66
4877,2.51,2.478,-0.032
4878,3.43,2.481,-0.949
4879,3.42,2.481,-0.939
4880,3.21,2.481,-0.729
4881,2.79,2.481,-0.309
4882,2.54,2.481,-0.059
4883,4.11,2.481,-1.629
4884,2.63,2.478,-0.152
4885,3.26,2.478,-0.782
4886,6.06,2.478,-3.582
4887,4.26,2.478,-1.782
4888,2.38,2.478,0.098
4889,3.07,2.507,-0.563
4890,3.82,2.504,-1.316
4891,3.02,2.504,-0.516
4892,3.47,2.504,-0.966
4893,3.89,2.504,-1.386
4894,3.12,2.494,-0.626
4895,1.9,2.494,0.594
4896,1.47,2.494,1.024
4897,1.46,2.494,1.034
4898,4.38,2.502,-1.878
4899,2.23,2.495,0.265
4900,2.42,2.502,0.082
4901,2.42,2.502,0.082
4902,2.93,2.478,-0.452
4903,2.26,2.491,0.231
4904,2.53,2.129,-0.401
4905,2.15,1.925,-0.225
4906,2.03,2.012,-0.018
4907,2.6,2.502,-0.098
4908,2.81,2.661,-0.149
4909,2.36,3.24,0.88
4910,2.77,2.673,-0.097
4911,7.81,3.463,-4.347
4912,3.73,3.285,-0.445
4913,2.8,3.17,0.37
4914,3.26,2.742,-0.518
4915,2.43,2.259,-0.171
4916,2.98,2.6,-0.38
4917,2.28,2.445,0.165
4918,2.14,1.709,-0.431
4919,2.78,1.472,-1.308
4920,8.22,1.415,-6.805
4921,3.31,1.479,-1.831
4922,8.83,1.545,-7.285
4923,2.85,1.456,-1.394
4924,3.25,1.693,-1.557
4925,2.39,1.479,-0.911
4926,2.7,1.584,-1.116
4927,3.06,1.63,-1.43
4928,2.29,1.383,-0.907
4929,2.17,1.179,-0.991
4930,2.77,1.142,-1.628
4931,2.62,1.166,-1.454
4932,2.5,0.556,-1.944
4933,2.7,0.537,-2.163
4934,2.3,0.795,-1.505
4935,2.86,1.05,-1.81
4936,3.73,1.01,-2.72
4937,3.06,0.767,-2.293
4938,2.93,0.733,-2.197
4939,2.82,0.909,-1.911
4940,2.92,0.956,-1.964
4941,3.34,0.774,-2.566
4942,3.94,0.438,-3.502
4943,2.72,0.664,-2.056
4944,3.38,0.457,-2.923
4945,2.4,0.888,-1.512
4946,3.1,0.919,-2.181
4947,2.83,1.012,-1.818
4948,3.67,1.062,-2.608
4949,2.81,0.977,-1.833
4950,3.15,0.896,-2.254
4951,3.12,0.934,-2.186
4952,4.44,0.96,-3.48
4953,3.04,0.976,-2.064
4954,3.17,0.977,-2.193
4955,3.17,1.171,-1.999
4956,2.87,1.275,-1.595
4957,4.12,1.279,-2.841
4958,2.5,1.277,-1.223
4959,3.95,1.294,-2.656
4960,4.01,1.424,-2.586
4961,3.9,1.277,-2.623
4962,8.72,1.342,-7.378
4963,2.89,1.372,-1.518
4964,2.9,1.432,-1.468
4965,2.59,1.431,-1.159
4966,3.03,2.164,-0.866
4967,3.81,2.607,-1.203
4968,3.3,2.442,-0.858
4969,3.63,2.325,-1.305
4970,2.98,2.54,-0.44
4971,2.76,2.543,-0.217
4972,3.34,2.505,-0.835
4973,4.53,2.892,-1.638
4974,3.29,3.382,0.092
4975,3.16,3.544,0.384
4976,3.48,3.393,-0.087
4977,2.55,3.435,0.885
4978,5.33,3.435,-1.895
4979,3.63,1.963,-1.667
4980,2.75,1.98,-0.77
4981,2.97,1.921,-1.049
4982,3.54,1.921,-1.619
4983,3.2,1.935,-1.265
4984,3.72,1.92,-1.8
4985,3.79,1.92,-1.87
4986,4.65,1.901,-2.749
4987,4.5,1.901,-2.599
4988,3.34,2.15,-1.19
4989,3.14,2.373,-0.767
4990,4.21,2.364,-1.846
4991,3.31,2.364,-0.946
4992,2.77,2.458,-0.312
4993,2.53,2.458,-0.072
4994,2.84,2.364,-0.476
4995,2.8,2.155,-0.645
4996,2.81,1.989,-0.821
4997,2.82,2.032,-0.788
4998,2.92,2.263,-0.657
4999,2.9,2.381,-0.519
5000,3.36,2.209,-1.151
5001,3.72,2.458,-1.262
5002,2.61,2.482,-0.128
5003,3.13,2.679,-0.451
5004,3.02,2.415,-0.605
5005,4.25,2.415,-1.835
5006,5.09,2.415,-2.675
5007,2.66,2.397,-0.263
5008,2.69,2.415,-0.275
5009,6.19,2.355,-3.835
5010,4.43,2.197,-2.233
5011,2.84,2.32,-0.52
5012,3.52,1.703,-1.817
5013,4.25,1.181,-3.069
5014,2.89,0.619,-2.271
5015,2.87,0.924,-1.946
5016,2.31,0.608,-1.702
5017,2.64,0.787,-1.853
5018,2.43,0.639,-1.791
5019,3.26,0.839,-2.421
5020,2.53,0.92,-1.61
5021,2.82,1.054,-1.766
5022,2.24,0.994,-1.246
5023,2.35,0.544,-1.806
5024,1.39,0.82,-0.57
5025,2.56,0.825,-1.735
5026,2.11,0.994,-1.116
5027,2.51,0.988,-1.522
5028,2.95,1.062,-1.888
5029,2.63,0.465,-2.165
5030,2.89,1.0,-1.89
5031,4.05,0.523,-3.527
5032,2.15,0.771,-1.379
5033,3.06,0.654,-2.406
5034,2.44,0.599,-1.841
5035,4.48,0.273,-4.207
5036,2.87,0.389,-2.481
5037,2.78,0.434,-2.346
5038,3.37,1.018,-2.352
5039,2.59,1.121,-1.469
5040,2.21,1.163,-1.047
5041,2.98,0.841,-2.139
5042,2.33,0.556,-1.774
5043,2.96,0.556,-2.404
5044,2.34,0.713,-1.627
5045,2.69,0.75,-1.94
5046,6.76,0.738,-6.022
5047,2.72,0.847,-1.873
5048,3.31,0.734,-2.576
5049,2.97,0.766,-2.204
5050,2.81,0.735,-2.075
5051,2.61,0.916,-1.694
5052,3.95,0.934,-3.016
5053,3.01,0.916,-2.094
5054,2.97,0.934,-2.036
5055,4.35,0.958,-3.392
5056,3.55,0.958,-2.592
5057,3.45,0.976,-2.474
5058,2.77,1.017,-1.753
5059,2.21,1.19,-1.02
5060,2.1,1.279,-0.821
5061,2.83,1.279,-1.551
5062,3.0,1.277,-1.723
5063,2.48,1.277,-1.203
5064,3.03,1.277,-1.753
5065,3.1,1.372,-1.728
5066,3.11,1.474,-1.636
5067,2.84,1.487,-1.353
5068,2.11,1.431,-0.679
5069,4.14,1.432,-2.708
5070,2.53,1.432,-1.098
5071,2.33,2.06,-0.27
5072,2.56,1.431,-1.129
5073,2.17,1.578,-0.592
5074,2.48,2.164,-0.316
5075,2.82,2.236,-0.584
5076,2.54,2.104,-0.436
5077,3.1,2.442,-0.658
5078,3.13,2.442,-0.688
5079,2.54,2.607,0.067
5080,2.44,2.497,0.057
5081,4.05,2.497,-1.553
5082,3.67,2.396,-1.274
5083,7.16,2.38,-4.78
5084,4.64,2.258,-2.382
5085,3.44,2.139,-1.301
5086,3.62,1.822,-1.798
5087,2.83,1.822,-1.008
5088,4.38,1.822,-2.558
5089,4.2,1.681,-2.519
5090,3.93,1.739,-2.191
5091,4.19,1.81,-2.38
5092,3.09,1.234,-1.856
5093,3.74,1.329,-2.411
5094,3.93,1.234,-2.696
5095,2.64,1.26,-1.38
5096,2.9,1.578,-1.322
5097,3.12,1.342,-1.778
5098,3.05,1.224,-1.826
5099,3.16,1.255,-1.905
5100,3.39,1.255,-2.135
5101,2.8,0.913,-1.887
5102,2.87,0.972,-1.898
5103,2.68,1.255,-1.425
5104,2.73,1.011,-1.719
5105,2.87,0.972,-1.898
5106,2.47,0.951,-1.519
5107,2.69,0.895,-1.795
5108,2.21,0.936,-1.274
5109,2.51,0.988,-1.522
5110,2.99,0.999,-1.991
5111,2.54,1.049,-1.491
5112,2.27,0.951,-1.319
5113,2.51,0.841,-1.669
5114,2.24,0.829,-1.411
5115,2.28,0.457,-1.823
5116,2.72,0.568,-2.152
5117,2.69,0.709,-1.981
5118,2.58,0.944,-1.636
5119,2.47,0.889,-1.581
5120,2.5,0.929,-1.571
5121,2.74,0.91,-1.83
5122,2.42,0.64,-1.78
5123,2.58,0.524,-2.056
5124,2.4,0.485,-1.915
5125,2.57,0.568,-2.002
5126,2.71,0.435,-2.275
5127,2.39,0.386,-2.004
5128,3.5,0.201,-3.299
5129,2.9,0.091,-2.809
5130,3.29,0.068,-3.222
5131,4.93,0.33,-4.6
5132,3.14,0.334,-2.806
5133,3.3,0.269,-3.031
5134,2.73,0.273,-2.457
5135,2.91,0.224,-2.686
5136,3.29,0.221,-3.069
5137,2.84,0.245,-2.595
5138,3.33,0.245,-3.085
5139,3.45,0.307,-3.143
5140,2.37,0.307,-2.063
5141,3.03,0.307,-2.723
5142,2.92,0.308,-2.612
5143,2.88,0.308,-2.572
5144,2.66,0.022,-2.638
5145,2.92,0.015,-2.905
5146,2.97,0.0,-2.97
5147,2.96,0.139,-2.821
5148,4.99,0.219,-4.771
5149,3.49,0.212,-3.278
5150,2.2,0.278,-1.922
5151,2.6,0.28,-2.32
5152,2.68,0.469,-2.211
5153,2.63,0.49,-2.14
5154,2.48,0.49,-1.99
5155,2.44,0.36,-2.08
5156,2.46,0.355,-2.105
5157,3.35,0.346,-3.004
5158,2.56,0.346,-2.214
5159,2.66,0.455,-2.205
5160,2.51,0.489,-2.021
5161,2.66,0.572,-2.088
5162,2.76,0.565,-2.195
5163,3.09,0.869,-2.221
5164,2.48,0.895,-1.585
5165,3.04,0.936,-2.104
5166,4.34,1.203,-3.137
5167,2.58,1.921,-0.659
5168,2.83,1.867,-0.963
5169,2.67,1.867,-0.803
5170,2.92,1.845,-1.075
5171,2.87,1.867,-1.003
5172,3.34,1.867,-1.473
5173,3.01,1.845,-1.165
5174,2.3,1.845,-0.455
5175,3.45,1.918,-1.532
5176,3.55,1.918,-1.632
5177,6.55,1.918,-4.632
5178,2.8,1.889,-0.911
5179,1.97,1.811,-0.159
5180,3.26,1.918,-1.342
5181,9.56,1.845,-7.715
5182,3.27,2.141,-1.129
5183,2.83,1.881,-0.949
5184,3.34,2.41,-0.93
5185,2.98,2.141,-0.839
5186,4.66,2.141,-2.519
5187,2.62,1.881,-0.739
5188,2.78,2.141,-0.639
5189,3.62,1.777,-1.843
5190,3.19,1.777,-1.413
5191,2.7,1.772,-0.928
5192,3.28,1.796,-1.484
5193,3.21,1.796,-1.414
5194,3.06,0.627,-2.433
5195,3.48,0.164,-3.316
5196,3.22,0.283,-2.937
5197,3.25,0.346,-2.904
5198,2.87,0.191,-2.679
5199,3.8,0.114,-3.686
5200,2.94,0.055,-2.885
5201,3.23,0.192,-3.038
5202,3.08,0.627,-2.453
5203,3.36,0.143,-3.217
5204,2.94,0.097,-2.843
5205,3.07,0.343,-2.727
5206,2.73,0.34,-2.39
5207,2.2,0.034,-2.166
5208,2.42,0.043,-2.377
5209,2.38,0.262,-2.118
5210,2.19,0.019,-2.171
5211,1.27,0.002,-1.268
5212,2.25,0.002,-2.248
5213,2.25,0.039,-2.211
5214,1.03,0.213,-0.817
5215,2.06,0.0,-2.06
5216,1.91,0.143,-1.767
5217,2.32,0.011,-2.309
5218,1.88,0.0,-1.88
5219,1.91,0.0,-1.91
5220,2.11,0.022,-2.088
5221,1.96,0.0,-1.96
5222,2.35,0.022,-2.328
5223,2.41,0.015,-2.395
5224,2.66,0.032,-2.628
5225,1.52,0.033,-1.487
5226,2.7,0.017,-2.683
5227,2.67,0.048,-2.622
5228,2.3,0.072,-2.228
5229,3.88,0.086,-3.794
5230,2.9,0.131,-2.769
5231,2.81,0.131,-2.679
5232,2.74,0.259,-2.481
5233,2.53,0.465,-2.065
5234,2.74,0.259,-2.481
5235,5.06,0.461,-4.599
5236,2.78,0.986,-1.794
5237,2.08,1.783,-0.297
5238,2.81,0.989,-1.821
5239,2.64,0.981,-1.659
5240,3.33,1.797,-1.533
5241,4.89,1.797,-3.093
5242,2.61,1.816,-0.794
5243,2.9,1.816,-1.084
5244,2.82,1.816,-1.004
5245,2.57,2.373,-0.197
5246,2.76,1.731,-1.029
5247,2.39,1.731,-0.659
5248,20.82,0.783,-20.037
5249,6.98,0.778,-6.202
5250,2.65,1.731,-0.919
5251,3.08,1.731,-1.349
5252,5.79,1.757,-4.033
5253,3.01,1.71,-1.3
5254,2.48,1.833,-0.647
5255,3.13,2.076,-1.054
5256,3.1,2.373,-0.727
5257,2.71,2.46,-0.25
5258,3.12,2.519,-0.601
5259,2.72,2.46,-0.26
5260,2.73,2.373,-0.357
5261,2.69,2.373,-0.317
5262,3.46,2.373,-1.087
5263,2.88,2.373,-0.507
5264,3.91,2.373,-1.537
5265,3.12,2.373,-0.747
5266,3.4,2.373,-1.027
5267,2.94,2.46,-0.48
5268,3.07,2.373,-0.697
5269,2.88,2.46,-0.42
5270,2.97,2.457,-0.513
5271,2.99,2.457,-0.533
5272,2.74,2.519,-0.221
5273,2.83,2.517,-0.313
5274,2.92,2.517,-0.403
5275,3.46,2.507,-0.953
5276,2.9,2.507,-0.393
5277,2.48,2.51,0.03
5278,3.01,2.507,-0.503
5279,2.5,2.51,0.01
5280,4.51,2.51,-2.0
5281,3.28,2.519,-0.761
5282,2.93,2.519,-0.411
5283,3.49,2.46,-1.03
5284,2.94,2.373,-0.567
5285,2.08,2.076,-0.004
5286,3.4,1.816,-1.584
5287,2.96,0.957,-2.003
5288,2.53,0.415,-2.115
5289,2.91,0.344,-2.566
5290,2.85,0.385,-2.465
5291,2.87,0.311,-2.559
5292,2.57,0.311,-2.259
5293,2.81,0.291,-2.519
5294,2.56,0.271,-2.289
5295,2.52,0.256,-2.264
5296,2.56,0.225,-2.335
5297,3.61,0.189,-3.421
5298,2.12,0.196,-1.924
5299,2.38,0.189,-2.191
5300,2.1,0.185,-1.915
5301,2.11,0.174,-1.936
5302,2.38,0.185,-2.195
5303,1.61,0.169,-1.441
5304,2.72,0.169,-2.551
5305,2.25,0.217,-2.033
5306,2.29,0.226,-2.064
5307,2.87,0.232,-2.638
5308,2.74,0.25,-2.49
5309,2.86,0.337,-2.523
5310,2.75,0.458,-2.292
5311,1.8,0.603,-1.197
5312,2.42,0.584,-1.836
5313,3.15,0.653,-2.497
5314,3.99,0.653,-3.337
5315,3.61,0.548,-3.062
5316,3.67,0.293,-3.377
5317,2.33,0.303,-2.027
5318,3.29,0.233,-3.057
5319,3.7,0.21,-3.49
5320,3.05,0.23,-2.82
5321,2.98,0.23,-2.75
5322,2.69,0.205,-2.485
5323,2.89,0.209,-2.681
5324,3.43,0.19,-3.24
5325,2.43,0.15,-2.28
5326,2.68,0.158,-2.522
5327,3.84,0.187,-3.653
5328,2.06,0.213,-1.847
5329,3.16,0.245,-2.915
5330,3.0,0.245,-2.755
5331,2.72,0.25,-2.47
5332,2.95,0.234,-2.716
5333,2.94,0.239,-2.701
5334,3.21,0.221,-2.989
5335,2.04,0.221,-1.819
5336,3.17,0.221,-2.949
5337,3.23,0.233,-2.997
5338,3.14,0.236,-2.904
5339,2.6,0.245,-2.355
5340,3.51,0.246,-3.264
5341,2.13,0.308,-1.822
5342,2.33,0.308,-2.022
5343,2.56,0.344,-2.216
5344,2.66,0.343,-2.317
5345,2.98,0.369,-2.611
5346,3.17,0.369,-2.801
5347,2.58,0.368,-2.212
5348,2.63,0.097,-2.533
5349,2.99,0.097,-2.893
5350,2.82,0.072,-2.748
5351,2.6,0.131,-2.469
5352,2.72,0.192,-2.528
5353,2.57,0.165,-2.405
5354,1.96,0.318,-1.642
5355,2.45,0.926,-1.524
5356,3.26,1.027,-2.233
5357,2.62,0.947,-1.673
5358,3.7,1.043,-2.657
5359,2.67,1.839,-0.831
5360,2.76,1.887,-0.873
5361,2.84,1.867,-0.973
5362,2.95,1.915,-1.035
5363,3.69,1.915,-1.775
5364,4.13,1.921,-2.209
5365,2.37,1.903,-0.467
5366,2.67,1.903,-0.767
5367,2.33,1.938,-0.392
5368,2.61,2.165,-0.445
5369,2.65,2.185,-0.465
5370,2.59,2.193,-0.397
5371,2.6,2.232,-0.368
5372,3.25,2.193,-1.057
5373,2.12,2.205,0.085
5374,1.01,2.232,1.222
5375,2.17,2.428,0.258
5376,1.72,1.982,0.262
5377,1.77,1.975,0.205
5378,1.91,1.982,0.072
5379,1.79,1.978,0.188
5380,1.65,1.978,0.328
5381,2.03,1.975,-0.055
5382,1.77,1.975,0.205
5383,1.77,1.975,0.205
5384,1.69,2.195,0.505
5385,1.95,1.951,0.001
5386,1.75,0.995,-0.755
5387,1.55,1.339,-0.211
5388,1.8,1.183,-0.617
5389,1.7,0.995,-0.705
5390,1.45,0.806,-0.644
5391,1.53,1.975,0.445
5392,1.43,1.272,-0.158
5393,1.67,0.806,-0.864
5394,1.55,1.339,-0.211
5395,1.5,2.417,0.917
5396,1.48,2.484,1.004
5397,1.78,2.417,0.637
5398,1.73,1.993,0.263
5399,1.65,1.183,-0.467
5400,1.85,1.183,-0.667
5401,2.02,1.339,-0.681
5402,2.05,0.823,-1.227
5403,2.0,0.841,-1.159
5404,1.89,0.806,-1.084
5405,1.89,0.883,-1.007
5406,1.66,1.051,-0.609
5407,1.83,1.041,-0.789
5408,1.81,1.959,0.149
5409,1.32,1.959,0.639
5410,1.66,1.912,0.252
5411,1.88,1.38,-0.5
5412,2.25,1.959,-0.291
5413,2.13,1.904,-0.226
5414,2.69,2.167,-0.523
5415,3.65,2.106,-1.544
5416,2.21,1.912,-0.298
5417,2.38,1.454,-0.926
5418,2.47,1.228,-1.242
5419,2.09,1.189,-0.901
5420,2.45,1.234,-1.216
5421,2.1,1.955,-0.145
5422,2.51,1.678,-0.832
5423,1.9,1.665,-0.235
5424,2.19,1.92,-0.27
5425,2.81,2.12,-0.69
5426,2.48,2.461,-0.019
5427,1.7,2.461,0.761
5428,2.55,2.5,-0.05
5429,2.52,2.5,-0.02
5430,2.97,2.5,-0.47
5431,2.33,2.5,0.17
5432,2.5,2.481,-0.019
5433,4.78,2.481,-2.299
5434,2.71,2.478,-0.232
5435,2.59,2.478,-0.112
5436,2.67,2.478,-0.192
5437,2.45,2.478,0.028
5438,2.59,2.481,-0.109
5439,2.29,2.481,0.191
5440,2.18,2.481,0.301
5441,2.46,2.5,0.04
5442,2.78,2.5,-0.28
5443,2.42,2.5,0.08
5444,2.45,2.5,0.05
5445,2.32,2.5,0.18
5446,2.66,2.5,-0.16
5447,2.39,2.491,0.101
5448,2.38,2.481,0.101
5449,2.77,2.481,-0.289
5450,1.86,2.481,0.621
5451,2.28,2.481,0.201
5452,2.7,2.481,-0.219
5453,3.11,2.481,-0.629
5454,3.98,2.481,-1.499
5455,2.63,2.478,-0.152
5456,2.43,2.475,0.045
5457,3.14,2.475,-0.665
5458,2.76,2.475,-0.285
5459,2.8,2.51,-0.29
5460,2.45,2.475,0.025
5461,2.26,2.5,0.24
5462,2.64,2.535,-0.105
5463,2.44,2.55,0.11
5464,1.77,2.535,0.765
5465,2.06,2.546,0.486
5466,3.24,2.55,-0.69
5467,2.14,2.546,0.406
5468,1.35,2.538,1.188
5469,3.23,2.538,-0.692
5470,3.56,2.539,-1.021
5471,2.69,2.346,-0.344
5472,2.28,2.528,0.248
5473,2.1,2.528,0.428
5474,1.9,2.362,0.462
5475,1.95,2.508,0.558
5476,1.33,2.451,1.121
5477,2.14,2.479,0.339
5478,1.92,1.975,0.055
5479,2.05,2.002,-0.048
5480,1.74,1.984,0.244
5481,1.66,1.975,0.315
5482,2.15,1.854,-0.296
5483,1.77,2.067,0.297
5484,1.67,1.854,0.184
5485,1.78,2.067,0.287
5486,1.78,1.96,0.18
5487,1.85,1.92,0.07
5488,1.6,2.128,0.528
5489,1.79,2.251,0.461
5490,1.71,2.251,0.541
5491,1.7,2.128,0.428
5492,1.24,1.81,0.57
5493,1.7,1.827,0.127
5494,1.81,1.815,0.005
5495,1.79,1.833,0.043
5496,1.46,1.792,0.332
5497,1.8,1.792,-0.008
5498,1.98,1.798,-0.182
5499,2.21,1.745,-0.465
5500,1.77,1.745,-0.025
5501,2.46,1.674,-0.786
5502,1.96,1.431,-0.529
5503,1.99,1.529,-0.461
5504,1.95,1.529,-0.421
5505,1.55,1.599,0.049
5506,1.89,1.629,-0.261
5507,2.21,1.847,-0.363
5508,2.24,1.817,-0.423
5509,2.98,1.985,-0.995
5510,2.08,1.985,-0.095
5511,2.36,2.037,-0.323
5512,1.72,1.923,0.203
5513,1.66,1.519,-0.141
5514,1.95,1.519,-0.431
5515,2.29,1.46,-0.83
5516,1.05,1.522,0.472
5517,1.61,1.672,0.062
5518,1.94,1.522,-0.418
5519,2.01,1.538,-0.472
5520,2.03,1.509,-0.521
5521,2.23,1.703,-0.527
5522,2.21,1.868,-0.342
5523,2.28,1.864,-0.416
5524,3.0,1.954,-1.046
5525,2.19,1.946,-0.244
5526,2.21,2.047,-0.163
5527,3.0,2.263,-0.737
5528,2.14,2.263,0.123
5529,2.49,2.134,-0.356
5530,2.11,2.168,0.058
5531,2.2,2.164,-0.036
5532,2.01,2.164,0.154
5533,2.16,2.105,-0.055
5534,1.96,2.1,0.14
5535,1.95,1.935,-0.015
5536,2.14,1.982,-0.158
5537,2.0,2.1,0.1
5538,1.81,2.069,0.259
5539,2.01,2.175,0.165
5540,1.92,2.103,0.183
5541,3.04,2.024,-1.016
5542,2.37,2.029,-0.341
5543,2.26,1.94,-0.32
5544,2.53,2.005,-0.525
5545,1.07,1.889,0.819
5546,2.09,1.836,-0.254
5547,2.22,1.71,-0.51
5548,1.51,1.779,0.269
5549,2.17,1.71,-0.46
5550,1.78,1.745,-0.035
5551,2.04,1.777,-0.263
5552,2.08,1.752,-0.328
5553,1.85,1.762,-0.088
5554,2.36,1.737,-0.623
5555,1.64,1.762,0.122
5556,1.16,1.737,0.577
5557,1.75,1.764,0.014
5558,2.71,1.786,-0.924
5559,2.38,1.869,-0.511
5560,2.4,1.737,-0.663
5561,2.23,1.746,-0.484
5562,2.31,1.775,-0.535
5563,2.81,1.758,-1.052
5564,2.37,1.584,-0.786
5565,1.89,1.662,-0.228
5566,1.9,1.662,-0.238
5567,1.81,1.682,-0.128
5568,1.72,1.758,0.038
5569,1.72,1.721,0.001
5570,1.83,1.682,-0.148
5571,1.96,1.594,-0.366
5572,1.78,1.55,-0.23
5573,0.93,1.668,0.738
5574,1.66,1.668,0.008
5575,1.82,1.651,-0.169
5576,1.47,1.594,0.124
5577,1.54,1.662,0.122
5578,1.59,1.699,0.109
5579,1.58,1.739,0.159
5580,1.65,1.806,0.156
5581,1.56,1.806,0.246
5582,1.62,1.759,0.139
5583,1.52,1.739,0.219
5584,1.93,1.681,-0.249
5585,1.81,1.549,-0.261
5586,1.76,1.549,-0.211
5587,1.93,1.549,-0.381
5588,1.7,1.624,-0.076
5589,0.9,1.502,0.602
5590,2.15,1.495,-0.655
5591,2.15,1.537,-0.613
5592,1.04,1.534,0.494
5593,1.81,1.537,-0.273
5594,2.02,1.477,-0.543
5595,2.15,1.454,-0.696
5596,2.3,1.432,-0.868
5597,2.13,1.432,-0.698
5598,2.46,1.569,-0.891
5599,2.35,1.639,-0.711
5600,2.37,1.639,-0.731
5601,2.4,1.639,-0.761
5602,4.75,1.58,-3.17
5603,2.77,1.414,-1.356
5604,2.88,1.414,-1.466
5605,2.39,1.393,-0.997
5606,2.51,1.406,-1.104
5607,1.97,1.372,-0.598
5608,2.28,1.372,-0.908
5609,2.59,1.372,-1.218
5610,2.74,1.372,-1.368
5611,2.4,1.399,-1.001
5612,2.44,1.504,-0.936
5613,2.4,1.373,-1.027
5614,3.59,1.57,-2.02
5615,3.02,1.556,-1.464
5616,3.28,1.556,-1.724
5617,3.33,1.565,-1.765
5618,2.76,1.579,-1.181
5619,2.21,1.565,-0.645
5620,2.51,1.565,-0.945
5621,2.99,1.565,-1.425
5622,3.03,1.615,-1.415
5623,3.04,1.565,-1.475
5624,2.63,1.676,-0.954
5625,2.32,1.529,-0.791
5626,2.0,1.529,-0.471
5627,2.25,1.516,-0.734
5628,2.08,1.516,-0.564
5629,3.88,1.53,-2.35
5630,2.5,1.555,-0.945
5631,2.33,1.505,-0.825
5632,3.4,1.555,-1.845
5633,3.01,1.555,-1.455
5634,2.25,1.555,-0.695
5635,2.84,1.505,-1.335
5636,2.28,1.565,-0.715
5637,2.59,1.543,-1.047
5638,2.81,1.558,-1.252
5639,2.46,1.565,-0.895
5640,2.23,1.522,-0.708
5641,2.15,1.435,-0.715
5642,1.96,1.464,-0.496
5643,2.91,1.499,-1.411
5644,1.91,1.532,-0.378
5645,2.14,1.502,-0.638
5646,2.64,1.518,-1.122
5647,3.31,1.518,-1.792
5648,2.4,1.506,-0.894
5649,2.71,1.586,-1.124
5650,1.9,1.465,-0.435
5651,2.39,1.465,-0.925
5652,2.43,1.501,-0.929
5653,1.9,1.549,-0.351
5654,2.43,1.526,-0.904
5655,2.89,1.501,-1.389
5656,2.74,1.465,-1.275
5657,2.52,1.549,-0.971
5658,3.61,1.53,-2.08
5659,2.21,1.53,-0.68
5660,2.22,1.446,-0.774
5661,1.56,1.489,-0.071
5662,2.32,1.489,-0.831
5663,1.81,1.489,-0.321
5664,1.99,1.451,-0.539
5665,2.26,1.451,-0.809
5666,1.73,1.556,-0.174
5667,4.0,1.556,-2.444
5668,2.09,1.556,-0.534
5669,1.89,1.556,-0.334
5670,2.13,1.611,-0.519
5671,2.02,1.675,-0.345
5672,2.94,1.675,-1.265
5673,2.07,1.693,-0.377
5674,2.23,1.677,-0.553
5675,2.14,1.713,-0.427
5676,1.73,1.693,-0.037
5677,2.12,1.662,-0.458
5678,2.53,1.692,-0.838
5679,2.7,1.699,-1.001
5680,3.06,1.678,-1.382
5681,2.0,1.694,-0.306
5682,2.14,1.694,-0.446
5683,1.67,1.694,0.024
5684,1.39,1.662,0.272
5685,1.77,1.662,-0.108
5686,1.54,1.718,0.178
5687,1.59,1.681,0.091
5688,1.67,1.681,0.011
5689,1.82,1.662,-0.158
5690,1.77,1.681,-0.089
5691,2.54,1.823,-0.717
5692,2.07,2.035,-0.035
5693,2.61,1.859,-0.751
5694,1.23,2.085,0.855
5695,6.92,2.085,-4.835
5696,2.52,1.859,-0.661
5697,2.86,1.682,-1.178
5698,2.68,1.709,-0.971
5699,3.95,1.709,-2.241
5700,3.04,1.723,-1.317
5701,6.21,2.085,-4.125
5702,2.35,1.98,-0.37
5703,3.13,1.828,-1.302
5704,2.77,2.198,-0.572
5705,3.09,2.03,-1.06
5706,2.74,2.198,-0.542
5707,3.03,2.093,-0.937
5708,2.35,1.995,-0.355
5709,2.9,1.993,-0.907
5710,3.61,1.91,-1.7
5711,2.33,1.847,-0.483
5712,6.6,1.709,-4.891
5713,8.03,1.555,-6.475
5714,2.73,1.485,-1.245
5715,2.72,1.465,-1.255
5716,2.15,1.547,-0.603
5717,2.42,1.691,-0.729
5718,5.42,1.714,-3.706
5719,1.71,1.762,0.052
5720,2.74,1.762,-0.978
5721,2.96,1.7,-1.26
5722,2.04,1.773,-0.267
5723,1.8,1.679,-0.121
5724,2.83,1.8,-1.03
5725,2.02,1.8,-0.22
5726,2.74,1.702,-1.038
5727,2.42,1.8,-0.62
5728,2.66,1.776,-0.884
5729,2.36,1.776,-0.584
5730,3.01,1.776,-1.234
5731,2.18,1.793,-0.387
5732,2.47,1.793,-0.677
5733,0.76,1.793,1.033
5734,2.73,1.628,-1.102
5735,2.06,1.617,-0.443
5736,1.89,1.571,-0.319
5737,2.21,1.558,-0.652
5738,1.67,1.541,-0.129
5739,1.62,1.734,0.114
5740,1.69,1.734,0.044
5741,9.78,1.734,-8.046
5742,2.52,1.589,-0.931
5743,1.79,1.588,-0.202
5744,2.03,1.65,-0.38
5745,1.94,1.588,-0.352
5746,1.79,1.648,-0.142
5747,1.68,1.591,-0.089
5748,1.83,1.591,-0.239
5749,1.88,1.575,-0.305
5750,2.05,1.633,-0.417
5751,1.28,1.599,0.319
5752,1.73,1.633,-0.097
5753,1.75,1.581,-0.169
5754,2.06,1.578,-0.482
5755,2.04,1.578,-0.462
5756,2.17,1.599,-0.571
5757,2.49,1.599,-0.891
5758,2.66,1.602,-1.058
5759,1.88,1.449,-0.431
5760,1.95,1.602,-0.348
5761,1.83,1.602,-0.228
5762,2.14,1.581,-0.559
5763,3.48,1.578,-1.902
5764,2.2,1.56,-0.64
5765,1.72,1.729,0.009
5766,1.86,1.776,-0.084
5767,1.77,1.776,0.006
5768,1.72,1.675,-0.045
5769,2.15,1.694,-0.456
5770,2.13,1.692,-0.438
5771,1.95,1.692,-0.258
5772,1.51,1.734,0.224
5773,1.8,1.734,-0.066
5774,2.01,1.734,-0.276
5775,9.98,1.7,-8.28
5776,5.3,1.7,-3.6
5777,2.11,1.749,-0.361
5778,0.46,1.762,1.302
5779,1.85,1.714,-0.136
5780,2.02,1.7,-0.32
5781,1.74,1.7,-0.04
5782,1.84,1.714,-0.126
5783,1.88,1.749,-0.131
5784,1.77,1.714,-0.056
5785,1.72,1.714,-0.006
5786,1.76,1.749,-0.011
5787,1.96,1.762,-0.198
5788,1.66,1.762,0.102
5789,2.34,1.547,-0.793
5790,2.35,1.714,-0.636
5791,0.97,1.303,0.333
5792,2.7,1.303,-1.397
5793,2.96,1.303,-1.657
5794,2.45,1.303,-1.147
5795,3.3,1.303,-1.997
5796,2.63,1.418,-1.212
5797,1.61,1.329,-0.281
5798,3.32,1.329,-1.991
5799,2.75,1.403,-1.347
5800,2.6,1.721,-0.879
5801,3.09,1.796,-1.294
5802,3.7,1.796,-1.904
5803,2.78,1.721,-1.059
5804,2.47,1.804,-0.666
5805,2.45,1.701,-0.749
5806,2.83,1.698,-1.132
5807,2.61,1.572,-1.038
5808,3.57,1.403,-2.167
5809,2.02,1.403,-0.617
5810,1.91,1.407,-0.503
5811,2.7,1.407,-1.293
5812,1.51,1.438,-0.072
5813,2.24,1.394,-0.846
5814,2.72,1.413,-1.307
5815,2.21,1.394,-0.816
5816,4.01,1.402,-2.608
5817,1.29,1.367,0.077
5818,2.8,1.367,-1.433
5819,1.77,1.484,-0.286
5820,1.5,1.484,-0.016
5821,2.15,1.468,-0.682
5822,2.49,1.528,-0.962
5823,2.32,1.528,-0.792
5824,4.06,1.575,-2.485
5825,2.15,1.372,-0.778
5826,2.03,1.365,-0.665
5827,1.4,1.372,-0.028
5828,1.88,1.413,-0.467
5829,2.53,1.413,-1.117
5830,2.33,1.413,-0.917
5831,2.87,1.509,-1.361
5832,2.76,1.537,-1.223
5833,2.01,1.598,-0.412
5834,1.86,1.638,-0.222
5835,2.43,1.638,-0.792
5836,2.31,1.638,-0.672
5837,2.08,1.691,-0.389
5838,1.83,1.776,-0.054
5839,2.26,1.617,-0.643
5840,1.91,1.617,-0.293
5841,2.13,1.633,-0.497
5842,1.86,1.633,-0.227
5843,1.74,1.614,-0.126
5844,1.81,1.682,-0.128
5845,1.9,1.682,-0.218
5846,1.59,1.682,0.092
5847,1.9,1.682,-0.218
5848,2.31,1.651,-0.659
5849,1.87,1.698,-0.172
5850,1.93,1.56,-0.37
5851,1.75,1.602,-0.148
5852,1.85,1.595,-0.255
5853,1.76,1.595,-0.165
5854,1.71,1.595,-0.115
5855,1.79,1.595,-0.195
5856,1.83,1.578,-0.252
5857,1.94,1.595,-0.345
5858,1.59,1.595,0.005
5859,1.72,1.614,-0.106
5860,1.62,1.587,-0.033
5861,1.53,1.65,0.12
5862,1.71,1.623,-0.087
5863,1.67,1.575,-0.095
5864,1.44,1.614,0.174
5865,1.55,1.614,0.064
5866,1.68,1.591,-0.089
5867,1.87,1.673,-0.197
5868,1.58,1.627,0.047
5869,1.68,1.627,-0.053
5870,1.88,1.627,-0.253
5871,1.54,1.558,0.018
5872,1.77,1.628,-0.142
5873,1.84,1.693,-0.147
5874,1.65,1.677,0.027
5875,1.79,1.685,-0.105
5876,1.64,1.674,0.034
5877,1.61,1.674,0.064
5878,1.72,1.685,-0.035
5879,1.68,1.699,0.019
5880,1.57,1.628,0.058
5881,1.66,1.609,-0.051
5882,1.49,1.526,0.036
5883,1.59,1.526,-0.064
5884,1.76,1.582,-0.178
5885,1.9,1.613,-0.287
5886,1.48,1.658,0.178
5887,1.79,1.609,-0.181
5888,1.56,1.677,0.117
5889,1.92,1.699,-0.221
5890,2.51,1.693,-0.817
5891,6.32,1.699,-4.621
5892,2.24,1.73,-0.51
5893,1.92,1.73,-0.19
5894,2.82,1.73,-1.09
5895,2.87,1.724,-1.146
5896,2.11,1.724,-0.386
5897,2.24,1.693,-0.547
5898,2.02,1.693,-0.327
5899,1.77,1.776,0.006
5900,2.0,1.628,-0.372
5901,1.35,1.628,0.278
5902,2.23,1.617,-0.613
5903,1.39,1.665,0.275
5904,2.05,1.665,-0.385
5905,2.08,1.633,-0.447
5906,1.01,1.633,0.623
5907,1.86,1.633,-0.227
5908,1.38,1.62,0.24
5909,1.9,1.62,-0.28
5910,2.41,1.62,-0.79
5911,2.53,1.633,-0.897
5912,2.13,1.614,-0.516
5913,2.24,1.614,-0.626
5914,2.26,1.614,-0.646
5915,2.46,1.594,-0.866
5916,1.63,1.594,-0.036
5917,2.2,1.594,-0.606
5918,2.21,1.594,-0.616
5919,2.7,1.594,-1.106
5920,2.84,1.594,-1.246
5921,2.17,1.594,-0.576
5922,2.27,1.594,-0.676
5923,2.4,1.682,-0.718
5924,1.57,1.682,0.112
5925,2.55,1.682,-0.868
5926,1.6,1.698,0.098
5927,2.32,1.698,-0.622
5928,1.89,1.59,-0.3
5929,2.16,1.59,-0.57
5930,3.82,1.59,-2.23
5931,2.81,1.56,-1.25
5932,2.15,1.56,-0.59
5933,2.26,1.56,-0.7
5934,3.02,1.56,-1.46
5935,2.05,1.595,-0.455
5936,2.09,1.595,-0.495
5937,2.21,1.595,-0.615
5938,7.55,1.595,-5.955
5939,1.77,1.595,-0.175
5940,2.22,1.595,-0.625
5941,2.03,1.595,-0.435
5942,2.16,1.578,-0.582
5943,2.05,1.622,-0.428
5944,1.75,1.636,-0.114
5945,3.05,1.599,-1.451
5946,3.72,1.599,-2.121
5947,1.6,1.452,-0.148
5948,4.01,1.448,-2.562
5949,2.42,1.636,-0.784
5950,2.74,1.636,-1.104
5951,1.93,1.448,-0.482
5952,2.32,1.448,-0.872
5953,1.78,1.578,-0.202
5954,1.8,1.578,-0.222
5955,1.29,1.585,0.295
5956,1.33,1.622,0.292
5957,1.58,1.595,0.015
5958,1.16,1.56,0.4
5959,1.2,1.698,0.498
5960,1.35,1.729,0.379
5961,1.8,1.614,-0.186
5962,1.33,1.693,0.363
5963,1.64,1.613,-0.027
5964,1.54,1.674,0.134
5965,1.73,1.595,-0.135
5966,1.59,1.582,-0.008
5967,1.76,1.567,-0.193
5968,1.68,1.573,-0.107
5969,1.64,1.595,-0.045
5970,1.63,1.561,-0.069
5971,1.86,1.908,0.048
5972,2.15,1.651,-0.499
5973,1.84,1.694,-0.146
5974,3.21,1.534,-1.676
5975,3.37,1.508,-1.862
5976,1.64,1.442,-0.198
5977,1.58,1.456,-0.124
5978,1.65,1.401,-0.249
5979,1.64,1.699,0.059
5980,1.52,1.774,0.254
5981,1.6,1.826,0.226
5982,1.75,1.88,0.13
5983,1.67,1.856,0.186
5984,1.9,1.84,-0.06
5985,1.92,1.696,-0.224
5986,1.82,1.616,-0.204
5987,2.24,1.638,-0.602
5988,2.98,1.534,-1.446
5989,2.5,1.407,-1.093
5990,2.21,1.385,-0.825
5991,2.1,1.396,-0.704
5992,2.61,1.401,-1.209
5993,2.05,1.407,-0.643
5994,2.17,1.401,-0.769
5995,2.08,1.422,-0.658
5996,3.61,1.492,-2.118
5997,2.57,1.492,-1.078
5998,2.82,1.377,-1.443
5999,1.55,1.396,-0.154
6000,22.51,1.456,-21.054
6001,2.81,1.456,-1.354
6002,2.5,1.423,-1.077
6003,2.37,1.556,-0.814
6004,3.36,1.606,-1.754
6005,1.68,1.615,-0.065
6006,2.69,1.615,-1.075
6007,2.65,1.578,-1.072
6008,2.46,1.55,-0.91
6009,1.89,1.518,-0.372
6010,2.16,1.577,-0.583
6011,2.43,1.577,-0.853
6012,3.2,1.577,-1.623
6013,3.73,1.558,-2.172
6014,2.42,1.565,-0.855
6015,2.07,1.565,-0.505
6016,2.31,1.522,-0.788
6017,2.46,1.549,-0.911
6018,2.0,1.518,-0.482
6019,2.79,1.492,-1.298
6020,2.78,1.492,-1.288
6021,1.93,1.577,-0.353
6022,2.17,1.556,-0.614
6023,1.98,1.555,-0.425
6024,2.29,1.691,-0.599
6025,2.48,1.611,-0.869
6026,1.44,1.611,0.171
6027,1.68,1.611,-0.069
6028,2.07,1.611,-0.459
6029,1.95,1.611,-0.339
6030,2.18,1.611,-0.569
6031,1.72,1.685,-0.035
6032,2.02,1.685,-0.335
6033,1.92,1.685,-0.235
6034,2.08,1.685,-0.395
6035,3.41,1.693,-1.717
6036,1.39,1.693,0.303
6037,1.92,1.724,-0.196
6038,2.5,1.724,-0.776
6039,2.18,1.713,-0.467
6040,2.31,1.76,-0.55
6041,2.5,1.76,-0.74
6042,2.22,1.633,-0.587
6043,2.2,1.633,-0.567
6044,3.08,1.616,-1.464
6045,2.29,1.635,-0.655
6046,2.17,1.616,-0.554
6047,2.27,1.643,-0.627
6048,2.39,1.645,-0.745
6049,1.91,1.659,-0.251
6050,2.11,1.693,-0.417
6051,1.72,1.673,-0.047
6052,1.89,1.715,-0.175
6053,1.8,1.763,-0.037
6054,1.89,1.854,-0.036
6055,2.1,1.759,-0.341
6056,2.06,1.661,-0.399
6057,1.91,1.588,-0.322
6058,2.09,1.794,-0.296
6059,3.19,1.933,-1.257
6060,1.88,2.253,0.373
6061,1.79,2.062,0.272
6062,1.95,1.707,-0.243
6063,1.92,1.717,-0.203
6064,1.87,1.6,-0.27
6065,1.85,1.407,-0.443
6066,2.01,1.482,-0.528
6067,1.29,1.424,0.134
6068,1.69,1.41,-0.28
6069,3.61,1.424,-2.186
6070,2.45,1.815,-0.635
6071,2.99,1.862,-1.128
6072,2.51,2.087,-0.423
6073,2.47,1.825,-0.645
6074,2.27,1.333,-0.937
6075,2.09,1.415,-0.675
6076,2.12,1.161,-0.959
6077,1.93,0.89,-1.04
6078,2.11,1.648,-0.462
6079,1.88,1.59,-0.29
6080,1.84,1.205,-0.635
6081,2.26,1.706,-0.554
6082,1.92,1.312,-0.608
6083,2.19,1.316,-0.874
6084,2.66,1.659,-1.001
6085,3.19,1.678,-1.512
6086,2.46,1.975,-0.485
6087,2.34,1.74,-0.6
6088,6.51,1.631,-4.879
6089,1.24,1.666,0.426
6090,1.94,1.773,-0.167
6091,1.46,1.74,0.28
6092,2.77,1.838,-0.932
6093,1.63,2.042,0.412
6094,1.89,2.079,0.189
6095,1.75,1.873,0.123
6096,1.8,1.955,0.155
6097,1.65,1.632,-0.018
6098,2.16,1.552,-0.608
6099,1.47,1.563,0.093
6100,3.31,1.762,-1.548
6101,2.07,1.724,-0.346
6102,1.67,1.856,0.186
6103,1.6,1.711,0.111
6104,2.22,1.922,-0.298
6105,2.68,2.133,-0.547
6106,2.02,1.932,-0.088
6107,1.89,2.023,0.133
6108,1.47,1.833,0.363
6109,2.25,1.999,-0.251
6110,1.71,1.873,0.163
6111,1.81,1.92,0.11
6112,1.91,1.835,-0.075
6113,1.46,1.639,0.179
6114,1.41,1.613,0.203
6115,2.46,1.857,-0.603
6116,2.08,1.844,-0.236
6117,1.61,1.644,0.034
6118,1.66,1.719,0.059
6119,1.47,1.734,0.264
6120,1.65,2.058,0.408
6121,1.68,2.58,0.9
6122,1.62,2.185,0.565
6123,1.82,2.042,0.222
6124,1.41,2.358,0.948
6125,1.32,2.37,1.05
6126,1.2,2.455,1.255
6127,1.2,2.37,1.17
6128,1.61,2.37,0.76
6129,1.3,2.413,1.113
6130,1.46,2.45,0.99
6131,1.07,2.607,1.537
6132,1.52,2.629,1.109
6133,1.23,2.621,1.391
6134,1.99,2.576,0.586
6135,1.73,2.467,0.737
6136,2.04,2.006,-0.034
6137,2.06,2.382,0.322
6138,11.5,2.223,-9.277
6139,1.8,2.556,0.756
6140,1.84,2.463,0.623
6141,1.85,2.15,0.3
6142,1.36,2.042,0.682
6143,1.15,2.084,0.934
6144,1.93,2.169,0.239
6145,0.5,2.305,1.805
6146,0.87,2.335,1.465
6147,1.51,2.603,1.093
6148,1.67,2.603,0.933
6149,2.05,2.629,0.579
6150,1.09,2.535,1.445
6151,1.57,2.535,0.965
6152,2.17,2.335,0.165
6153,1.17,2.53,1.36
6154,1.54,2.52,0.98
6155,1.05,2.281,1.231
6156,1.54,2.003,0.463
6157,1.35,2.021,0.671
6158,1.01,2.315,1.305
6159,1.13,2.481,1.351
6160,1.22,2.38,1.16
6161,0.99,2.443,1.453
6162,1.12,2.135,1.015
6163,1.41,2.268,0.858
6164,1.02,1.971,0.951
6165,1.05,1.991,0.941
6166,1.06,2.234,1.174
6167,1.18,2.211,1.031
6168,1.09,2.242,1.152
6169,1.22,2.616,1.396
6170,1.16,2.656,1.496
6171,1.29,2.576,1.286
6172,1.34,2.636,1.296
6173,1.35,2.43,1.08
6174,1.59,2.424,0.834
6175,1.54,2.482,0.942
6176,1.52,2.59,1.07
6177,1.7,2.482,0.782
6178,1.42,2.445,1.025
6179,1.92,2.619,0.699
6180,2.36,2.519,0.159
6181,1.63,2.424,0.794
6182,1.99,2.29,0.3
6183,2.06,2.757,0.697
6184,1.83,2.445,0.615
6185,2.14,1.969,-0.171
6186,1.92,1.952,0.032
6187,4.63,2.445,-2.185
6188,2.34,1.969,-0.371
6189,2.89,2.443,-0.447
6190,1.53,2.443,0.913
6191,2.29,2.462,0.172
6192,2.57,2.362,-0.208
6193,1.73,2.485,0.755
6194,1.6,2.552,0.952
6195,1.52,2.488,0.968
6196,1.71,2.343,0.633
6197,2.09,2.323,0.233
6198,1.94,2.314,0.374
6199,1.64,2.233,0.593
6200,20.05,2.025,-18.025
6201,1.73,2.16,0.43
6202,1.05,1.736,0.686
6203,1.87,1.736,-0.134
6204,2.19,1.645,-0.545
6205,4.11,1.645,-2.465
6206,1.88,1.483,-0.397
6207,2.12,1.551,-0.569
6208,1.67,1.665,-0.005
6209,1.94,1.688,-0.252
6210,1.51,1.829,0.319
6211,1.47,2.015,0.545
6212,2.15,2.128,-0.022
6213,2.13,2.128,-0.002
6214,1.98,1.952,-0.028
6215,1.85,1.965,0.115
6216,1.72,1.965,0.245
6217,2.65,2.27,-0.38
6218,1.74,2.27,0.53
6219,1.88,2.27,0.39
6220,1.46,2.267,0.807
6221,1.57,2.537,0.967
6222,1.61,2.221,0.611
6223,2.15,2.213,0.063
6224,1.34,2.252,0.912
6225,2.0,2.371,0.371
6226,1.65,2.371,0.721
6227,1.06,2.284,1.224
6228,2.14,2.468,0.328
6229,1.62,2.457,0.837
6230,1.43,2.468,1.038
6231,1.82,2.462,0.642
6232,1.69,2.592,0.902
6233,2.21,2.602,0.392
6234,1.62,2.647,1.027
6235,1.68,2.636,0.956
6236,2.15,2.636,0.486
6237,1.88,2.656,0.776
6238,1.42,2.685,1.265
6239,1.73,2.69,0.96
6240,2.51,2.554,0.044
6241,1.68,2.375,0.695
6242,1.98,2.354,0.374
6243,1.49,2.354,0.864
6244,1.45,2.204,0.754
6245,1.4,2.204,0.804
6246,1.06,1.627,0.567
6247,1.99,1.688,-0.302
6248,1.47,1.689,0.219
6249,1.65,1.746,0.096
6250,2.75,1.746,-1.004
6251,2.76,1.79,-0.97
6252,1.36,1.711,0.351
6253,1.67,1.839,0.169
6254,1.75,1.749,-0.001
6255,2.07,3.53,1.46
6256,1.41,3.811,2.401
6257,1.76,1.66,-0.1
6258,1.65,1.821,0.171
6259,1.74,1.63,-0.11
6260,1.95,1.63,-0.32
6261,1.89,1.837,-0.053
6262,1.87,1.963,0.093
6263,1.81,1.954,0.144
6264,1.6,1.624,0.024
6265,1.73,1.788,0.058
6266,1.6,1.831,0.231
6267,1.5,1.921,0.421
6268,1.52,1.889,0.369
6269,1.47,1.749,0.279
6270,1.84,1.718,-0.122
6271,1.86,1.831,-0.029
6272,1.92,1.831,-0.089
6273,2.08,1.862,-0.218
6274,3.37,1.63,-1.74
6275,1.84,1.857,0.017
6276,1.6,1.892,0.292
6277,1.89,2.027,0.137
6278,2.69,1.641,-1.049
6279,2.81,1.854,-0.956
6280,3.08,1.8,-1.28
6281,1.8,1.606,-0.194
6282,2.05,1.985,-0.065
6283,2.99,1.819,-1.171
6284,2.35,1.814,-0.536
6285,2.16,1.588,-0.572
6286,2.07,1.86,-0.21
6287,2.21,1.845,-0.365
6288,1.82,1.717,-0.103
6289,2.13,1.803,-0.327
6290,2.21,1.845,-0.365
6291,2.86,1.845,-1.015
6292,1.35,1.566,0.216
6293,3.25,1.854,-1.396
6294,2.5,1.854,-0.646
6295,1.79,1.854,0.064
6296,1.64,1.566,-0.074
6297,3.0,1.667,-1.333
6298,2.22,1.726,-0.494
6299,1.34,3.254,1.914
6300,1.38,3.62,2.24
6301,1.8,3.666,1.866
6302,1.69,4.064,2.374
6303,2.57,4.064,1.494
6304,1.57,4.343,2.773
6305,1.26,4.129,2.869
6306,3.01,4.166,1.156
6307,1.94,4.458,2.518
6308,1.54,3.362,1.822
6309,1.97,3.312,1.342
6310,1.51,2.724,1.214
6311,1.84,3.936,2.096
6312,1.7,2.977,1.277
6313,1.98,2.484,0.504
6314,1.42,2.114,0.694
6315,2.16,1.795,-0.365
6316,2.11,1.795,-0.315
6317,1.93,1.965,0.035
6318,1.91,1.791,-0.119
6319,2.7,1.862,-0.838
6320,2.06,2.012,-0.048
6321,1.89,2.012,0.122
6322,1.49,1.958,0.468
6323,1.94,1.651,-0.289
6324,9.38,1.833,-7.547
6325,1.88,1.794,-0.086
6326,1.87,1.668,-0.202
6327,5.02,1.699,-3.321
6328,1.74,1.879,0.139
6329,2.31,1.794,-0.516
6330,2.31,1.874,-0.436
6331,2.23,1.892,-0.338
6332,2.36,1.802,-0.558
6333,1.57,1.791,0.221
6334,1.79,1.877,0.087
6335,1.6,1.661,0.061
6336,1.46,1.697,0.237
6337,1.3,1.505,0.205
6338,1.75,1.544,-0.206
6339,1.83,2.611,0.781
6340,1.61,3.319,1.709
6341,2.07,3.023,0.953
6342,1.29,2.467,1.177
6343,2.55,2.456,-0.094
6344,1.62,2.654,1.034
6345,1.57,2.654,1.084
6346,1.72,2.508,0.788
6347,1.96,2.682,0.722
6348,1.55,2.641,1.091
6349,1.83,2.432,0.602
6350,1.47,2.404,0.934
6351,1.48,2.434,0.954
6352,1.22,2.331,1.111
6353,1.27,2.475,1.205
6354,1.69,2.534,0.844
6355,1.63,2.404,0.774
6356,1.98,1.589,-0.391
6357,1.97,1.624,-0.346
6358,2.12,2.461,0.341
6359,1.68,2.44,0.76
6360,1.49,1.875,0.385
6361,1.51,1.693,0.183
6362,1.39,2.226,0.836
6363,1.67,1.557,-0.113
6364,1.69,1.622,-0.068
6365,1.47,1.63,0.16
6366,1.65,1.404,-0.246
6367,2.17,1.755,-0.415
6368,1.3,1.779,0.479
6369,1.38,1.583,0.203
6370,1.38,1.525,0.145
6371,1.66,1.557,-0.103
6372,1.88,1.557,-0.323
6373,1.43,1.654,0.224
6374,1.16,1.846,0.686
6375,3.23,1.749,-1.481
6376,1.62,1.682,0.062
6377,2.03,1.716,-0.314
6378,1.6,1.719,0.119
6379,1.73,1.759,0.029
6380,1.51,2.149,0.639
6381,1.92,2.486,0.566
6382,2.3,2.569,0.269
6383,2.73,2.65,-0.08
6384,1.53,2.657,1.127
6385,1.76,2.696,0.936
6386,1.77,2.696,0.926
6387,1.7,2.885,1.185
6388,1.61,2.705,1.095
6389,1.61,2.857,1.247
6390,1.32,2.84,1.52
6391,1.89,2.803,0.913
6392,1.49,2.802,1.312
6393,4.89,3.188,-1.702
6394,1.4,3.176,1.776
6395,1.81,2.789,0.979
6396,1.33,2.799,1.469
6397,1.62,2.799,1.179
6398,1.6,3.489,1.889
6399,2.39,3.489,1.099
6400,2.08,3.986,1.906
6401,1.95,4.024,2.074
6402,1.86,3.811,1.951
6403,1.7,3.164,1.464
6404,1.97,3.715,1.745
6405,1.63,3.799,2.169
6406,1.43,3.714,2.284
6407,1.58,3.03,1.45
6408,1.51,1.749,0.239
6409,1.57,2.028,0.458
6410,1.49,1.462,-0.028
6411,1.38,1.686,0.306
6412,1.39,1.854,0.464
6413,2.22,1.699,-0.521
6414,2.06,1.705,-0.355
6415,1.85,1.696,-0.154
6416,2.01,1.884,-0.126
6417,2.41,1.794,-0.616
6418,1.99,1.739,-0.251
6419,2.45,1.874,-0.576
6420,1.87,1.892,0.022
6421,2.59,1.693,-0.897
6422,2.0,1.79,-0.21
6423,2.39,1.627,-0.763
6424,2.07,1.758,-0.312
6425,3.69,1.81,-1.88
6426,1.87,1.796,-0.074
6427,3.1,1.823,-1.277
6428,1.48,1.823,0.343
6429,2.16,1.823,-0.337
6430,3.35,2.007,-1.343
6431,1.67,1.823,0.153
6432,1.69,1.823,0.133
6433,2.81,1.823,-0.987
6434,2.07,1.888,-0.182
6435,2.4,1.888,-0.512
6436,1.4,1.842,0.442
6437,1.64,1.844,0.204
6438,1.29,1.842,0.552
6439,1.76,1.52,-0.24
6440,1.62,2.611,0.991
6441,1.74,3.319,1.579
6442,1.99,2.976,0.986
6443,1.7,3.654,1.954
6444,1.58,3.654,2.074
6445,1.72,2.976,1.256
6446,1.74,2.61,0.87
6447,1.74,2.966,1.226
6448,1.44,2.597,1.157
6449,1.34,2.597,1.257
6450,1.38,1.668,0.288
6451,1.05,3.319,2.269
6452,1.12,3.344,2.224
6453,1.22,3.205,1.985
6454,1.26,2.454,1.194
6455,1.13,2.464,1.334
6456,1.26,3.201,1.941
6457,1.1,3.189,2.089
6458,1.04,3.189,2.149
6459,1.23,3.452,2.222
6460,1.04,3.432,2.392
6461,1.03,2.751,1.721
6462,1.07,1.698,0.628
6463,1.25,2.831,1.581
6464,1.15,2.846,1.696
6465,1.31,1.668,0.358
6466,1.44,1.625,0.185
6467,1.27,1.625,0.355
6468,1.59,1.884,0.294
6469,1.6,1.865,0.265
6470,1.38,1.799,0.419
6471,1.53,1.882,0.352
6472,1.6,1.832,0.232
6473,2.21,1.62,-0.59
6474,1.46,1.631,0.171
6475,1.31,1.608,0.298
6476,1.6,1.617,0.017
6477,1.13,1.617,0.487
6478,1.57,1.569,-0.001
6479,1.69,1.569,-0.121
6480,1.31,1.611,0.301
6481,1.53,1.611,0.081
6482,1.49,1.73,0.24
6483,1.52,1.73,0.21
6484,1.52,1.771,0.251
6485,1.29,1.771,0.481
6486,1.73,1.73,-0.0
6487,1.94,1.73,-0.21
6488,1.58,1.658,0.078
6489,1.55,1.74,0.19
6490,1.46,1.645,0.185
6491,1.65,1.766,0.116
6492,1.61,1.74,0.13
6493,1.76,1.645,-0.115
6494,1.55,1.645,0.095
6495,1.64,1.645,0.005
6496,1.52,2.244,0.724
6497,1.98,1.844,-0.136
6498,1.52,1.923,0.403
6499,1.6,1.923,0.323
6500,1.7,1.923,0.223
6501,1.45,2.12,0.67
6502,1.55,2.059,0.509
6503,1.62,1.952,0.332
6504,1.62,2.046,0.426
6505,1.68,1.945,0.265
6506,2.01,1.923,-0.087
6507,1.6,2.035,0.435
6508,1.7,2.035,0.335
6509,1.74,1.923,0.183
6510,1.67,1.844,0.174
6511,14.7,1.844,-12.856
6512,1.54,2.213,0.673
6513,1.6,2.213,0.613
6514,1.55,2.213,0.663
6515,1.58,2.298,0.718
6516,1.65,2.471,0.821
6517,1.53,2.488,0.958
6518,1.57,2.609,1.039
6519,1.54,2.537,0.997
6520,1.59,2.637,1.047
6521,1.46,2.613,1.153
6522,1.41,2.747,1.337
6523,1.44,2.716,1.276
6524,1.64,2.747,1.107
6525,1.7,2.716,1.016
6526,1.36,2.771,1.411
6527,1.42,2.774,1.354
6528,1.21,2.744,1.534
6529,1.27,2.814,1.544
6530,1.39,2.744,1.354
6531,1.13,2.806,1.676
6532,1.16,2.442,1.282
6533,1.14,2.768,1.628
6534,1.16,2.536,1.376
6535,1.31,2.531,1.221
6536,1.07,2.564,1.494
6537,1.25,2.505,1.255
6538,1.25,2.258,1.008
6539,1.18,2.338,1.158
6540,1.18,2.405,1.225
6541,1.42,2.302,0.882
6542,1.22,2.295,1.075
6543,1.33,2.274,0.944
6544,1.27,2.255,0.985
6545,1.35,2.149,0.799
6546,1.17,2.481,1.311
6547,1.15,2.393,1.243
6548,1.28,2.01,0.73
6549,1.14,1.928,0.788
6550,1.18,2.185,1.005
6551,1.27,2.149,0.879
6552,1.03,1.928,0.898
6553,1.27,2.206,0.936
6554,1.25,2.185,0.935
6555,1.37,2.206,0.836
6556,1.22,2.236,1.016
6557,1.39,2.236,0.846
6558,1.22,2.226,1.006
6559,1.24,2.171,0.931
6560,1.65,2.206,0.556
6561,1.36,2.236,0.876
6562,2.04,2.206,0.166
6563,2.07,2.206,0.136
6564,1.95,2.234,0.284
6565,1.96,2.226,0.266
6566,1.5,2.234,0.734
6567,1.76,2.226,0.466
6568,1.7,2.226,0.526
6569,1.54,2.226,0.686
6570,1.51,2.226,0.716
6571,1.65,2.226,0.576
6572,1.99,2.161,0.171
6573,1.95,1.928,-0.022
6574,1.32,2.01,0.69
6575,1.82,2.274,0.454
6576,1.46,2.295,0.835
6577,1.68,2.295,0.615
6578,1.78,2.185,0.405
6579,1.62,2.316,0.696
6580,1.63,2.316,0.686
6581,1.84,2.316,0.476
6582,1.81,2.255,0.445
6583,1.48,2.303,0.823
6584,1.95,2.255,0.305
6585,1.71,2.255,0.545
6586,1.77,2.255,0.485
6587,1.72,2.255,0.535
6588,1.35,2.255,0.905
6589,1.7,2.303,0.603
6590,1.87,2.303,0.433
6591,2.0,2.283,0.283
6592,5.86,2.298,-3.562
6593,1.84,2.298,0.458
6594,1.58,2.298,0.718
6595,1.69,2.382,0.692
6596,2.17,2.339,0.169
6597,1.65,2.305,0.655
6598,1.67,2.305,0.635
6599,2.57,2.305,-0.265
6600,1.62,2.388,0.768
6601,1.83,2.194,0.364
6602,2.09,2.194,0.104
6603,1.89,2.45,0.56
6604,1.85,2.388,0.538
6605,1.9,2.455,0.555
6606,1.72,2.455,0.735
6607,1.96,2.466,0.506
6608,2.08,2.374,0.294
6609,1.98,2.28,0.3
6610,1.72,2.442,0.722
6611,2.0,2.409,0.409
6612,1.51,2.391,0.881
6613,2.43,2.459,0.029
6614,1.99,2.606,0.616
6615,1.63,2.535,0.905
6616,1.74,2.547,0.807
6617,1.91,2.455,0.545
6618,1.98,2.62,0.64
6619,1.81,2.622,0.812
6620,1.58,2.594,1.014
6621,1.56,2.594,1.034
6622,1.55,2.594,1.044
6623,1.62,2.327,0.707
6624,2.03,2.327,0.297
6625,1.67,2.269,0.599
6626,1.28,2.269,0.989
6627,1.24,2.353,1.113
6628,1.47,2.353,0.883
6629,1.62,2.594,0.974
6630,1.46,2.409,0.949
6631,1.18,2.521,1.341
6632,1.39,2.541,1.151
6633,1.88,2.472,0.592
6634,1.33,2.511,1.181
6635,1.23,2.752,1.522
6636,1.56,2.317,0.757
6637,1.12,2.752,1.632
6638,1.38,2.135,0.755
6639,1.79,2.246,0.456
6640,1.91,1.923,0.013
6641,1.65,2.155,0.505
6642,2.44,2.365,-0.075
6643,1.69,3.254,1.564
6644,2.03,2.243,0.213
6645,2.2,2.412,0.212
6646,2.12,2.684,0.564
6647,2.15,2.556,0.406
6648,2.14,2.387,0.247
6649,1.93,2.762,0.832
6650,2.28,2.671,0.391
6651,2.08,2.104,0.024
6652,1.54,2.21,0.67
6653,1.69,2.306,0.616
6654,2.43,2.101,-0.329
6655,2.79,2.12,-0.67
6656,2.96,2.039,-0.921
6657,2.55,2.042,-0.508
6658,2.83,2.196,-0.634
6659,2.62,2.566,-0.054
6660,4.2,1.923,-2.277
6661,2.8,2.077,-0.723
6662,3.28,1.975,-1.305
6663,2.68,1.457,-1.223
6664,2.75,1.547,-1.203
6665,2.0,2.243,0.243
6666,2.53,1.701,-0.829
6667,3.68,4.127,0.447
6668,2.61,2.716,0.106
6669,2.03,2.782,0.752
6670,2.28,2.882,0.602
6671,2.77,2.809,0.039
6672,2.75,2.705,-0.045
6673,2.51,2.743,0.233
6674,3.45,2.779,-0.671
6675,1.88,1.831,-0.049
6676,1.75,1.882,0.132
6677,1.47,1.896,0.426
6678,1.54,2.174,0.634
6679,2.01,2.09,0.08
6680,3.28,1.925,-1.355
6681,1.88,1.628,-0.252
6682,1.0,1.628,0.628
6683,1.14,1.854,0.714
6684,1.68,1.816,0.136
6685,2.01,1.8,-0.21
6686,2.17,1.813,-0.357
6687,1.58,3.424,1.844
6688,8.17,3.665,-4.505
6689,1.99,2.71,0.72
6690,2.4,2.885,0.485
6691,1.68,4.241,2.561
6692,2.05,3.936,1.886
6693,1.91,4.053,2.143
6694,1.97,2.477,0.507
6695,1.86,3.368,1.508
6696,2.02,2.358,0.338
6697,1.95,1.728,-0.222
6698,1.47,1.845,0.375
6699,1.5,2.012,0.512
6700,1.79,1.783,-0.007
6701,11.13,1.752,-9.378
6702,1.9,2.323,0.423
6703,1.19,2.423,1.233
6704,1.59,2.573,0.983
6705,1.31,2.679,1.369
6706,1.59,2.547,0.957
6707,1.66,2.486,0.826
6708,1.85,2.558,0.708
6709,2.17,2.591,0.421
6710,1.62,2.456,0.836
6711,1.94,2.456,0.516
6712,1.45,2.582,1.132
6713,2.64,2.606,-0.034
6714,1.33,2.429,1.099
6715,1.69,2.512,0.822
6716,1.62,2.486,0.866
6717,1.49,2.519,1.029
6718,1.49,2.524,1.034
6719,1.24,2.563,1.323
6720,1.92,2.555,0.635
6721,1.7,2.659,0.959
6722,1.59,2.628,1.038
6723,1.72,2.658,0.938
6724,1.26,2.402,1.142
6725,1.82,2.402,0.582
6726,1.21,1.636,0.426
6727,1.39,1.636,0.246
6728,1.25,1.658,0.408
6729,1.9,1.651,-0.249
6730,1.67,1.598,-0.072
6731,1.58,1.788,0.208
6732,1.87,1.633,-0.237
6733,2.33,1.648,-0.682
6734,1.45,1.809,0.359
6735,2.48,3.526,1.046
6736,2.8,2.61,-0.19
6737,2.85,2.54,-0.31
6738,1.69,2.651,0.961
6739,2.43,2.138,-0.292
6740,2.3,2.008,-0.292
6741,2.04,1.947,-0.093
6742,2.3,2.219,-0.081
6743,1.54,2.038,0.498
6744,1.78,1.978,0.198
6745,1.58,2.066,0.486
6746,1.67,1.984,0.314
6747,2.14,1.562,-0.578
6748,1.59,1.46,-0.13
6749,1.67,1.586,-0.084
6750,1.5,1.522,0.022
6751,1.64,1.476,-0.164
6752,1.68,1.564,-0.116
6753,1.79,1.618,-0.172
6754,2.22,2.7,0.48
6755,1.62,1.912,0.292
6756,1.48,1.682,0.202
6757,2.01,4.252,2.242
6758,1.82,2.432,0.612
6759,1.43,2.496,1.066
6760,1.94,1.755,-0.185
6761,1.83,2.878,1.048
6762,2.01,1.746,-0.264
6763,1.65,1.883,0.233
6764,1.85,2.871,1.021
6765,1.63,1.717,0.087
6766,1.41,1.588,0.178
6767,1.27,1.929,0.659
6768,1.52,1.91,0.39
6769,1.26,2.131,0.871
6770,1.26,2.183,0.923
6771,1.08,1.848,0.768
6772,1.16,2.186,1.026
6773,1.31,1.94,0.63
6774,1.4,1.933,0.533
6775,1.38,4.013,2.633
6776,1.53,2.51,0.98
6777,0.96,2.462,1.502
6778,2.02,2.462,0.442
6779,1.69,2.211,0.521
6780,2.39,2.19,-0.2
6781,1.22,2.309,1.089
6782,1.65,1.887,0.237
6783,2.09,1.951,-0.139
6784,2.18,1.875,-0.305
6785,1.69,1.645,-0.045
6786,2.14,1.951,-0.189
6787,2.37,2.19,-0.18
6788,2.06,1.935,-0.125
6789,1.0,1.893,0.893
6790,1.83,1.883,0.053
6791,1.52,1.567,0.047
6792,1.84,1.652,-0.188
6793,1.8,1.652,-0.148
6794,1.12,2.303,1.183
6795,1.81,2.417,0.607
6796,1.65,2.656,1.006
6797,1.58,2.718,1.138
6798,1.7,2.381,0.681
6799,1.36,2.397,1.037
6800,2.21,2.467,0.257
6801,2.02,2.552,0.532
6802,1.41,2.343,0.933
6803,1.96,2.401,0.441
6804,1.96,2.258,0.298
6805,1.15,2.16,1.01
6806,1.48,1.736,0.256
6807,1.65,1.586,-0.064
6808,1.97,1.551,-0.419
6809,20.0,1.551,-18.449
6810,2.01,1.843,-0.167
6811,1.74,1.964,0.224
6812,1.67,1.914,0.244
6813,1.91,1.914,0.004
6814,2.1,1.819,-0.281
6815,1.75,1.925,0.175
6816,2.12,2.074,-0.046
6817,1.97,2.103,0.133
6818,2.28,2.103,-0.177
6819,1.8,1.858,0.058
6820,4.09,1.728,-2.362
6821,2.38,3.249,0.869
6822,1.96,3.249,1.289
6823,1.63,1.865,0.235
6824,0.87,1.791,0.921
6825,1.43,3.489,2.059
6826,0.96,3.187,2.227
6827,1.73,2.759,1.029
6828,1.37,2.691,1.321
6829,1.83,2.484,0.654
6830,2.54,2.179,-0.361
6831,1.77,2.198,0.428
6832,2.28,2.033,-0.247
6833,2.33,2.056,-0.274
6834,1.49,1.522,0.032
6835,1.65,1.595,-0.055
6836,1.8,1.74,-0.06
6837,1.66,2.068,0.408
6838,1.67,1.529,-0.141
6839,1.61,1.696,0.086
6840,1.82,1.943,0.123
6841,1.52,1.657,0.137
6842,1.57,2.207,0.637
6843,1.6,2.298,0.698
6844,1.48,1.954,0.474
6845,1.53,1.557,0.027
6846,1.52,1.384,-0.136
6847,2.0,1.667,-0.333
6848,1.34,1.753,0.413
6849,1.55,1.649,0.099
6850,1.9,2.575,0.675
6851,1.52,2.339,0.819
6852,1.51,3.916,2.406
6853,2.09,3.857,1.767
6854,2.62,1.64,-0.98
6855,1.21,1.889,0.679
6856,1.45,1.857,0.407
6857,1.47,1.879,0.409
6858,1.62,1.46,-0.16
6859,1.29,2.234,0.944
6860,1.46,1.879,0.419
6861,1.72,1.906,0.186
6862,1.38,1.788,0.408
6863,1.37,2.018,0.648
6864,1.26,1.866,0.606
6865,1.45,1.693,0.243
6866,0.89,1.445,0.555
6867,1.65,1.831,0.181
6868,1.05,1.857,0.807
6869,2.03,1.902,-0.128
6870,1.28,1.874,0.594
6871,1.35,1.975,0.625
6872,1.23,1.92,0.69
6873,1.68,1.877,0.197
6874,1.68,1.49,-0.19
6875,1.32,1.49,0.17
6876,1.24,1.857,0.617
6877,1.26,1.661,0.401
6878,1.48,1.654,0.174
6879,2.21,1.818,-0.392
6880,3.53,1.818,-1.712
6881,1.98,1.707,-0.273
6882,1.42,1.707,0.287
6883,1.58,1.785,0.205
6884,1.52,1.682,0.162
6885,1.72,2.149,0.429
6886,1.71,2.568,0.858
6887,1.71,2.593,0.883
6888,1.69,2.621,0.931
6889,1.71,2.71,1.0
6890,1.71,2.809,1.099
6891,2.33,2.86,0.53
6892,1.82,3.345,1.525
6893,1.53,3.704,2.174
6894,1.84,3.757,1.917
6895,1.9,4.296,2.396
6896,1.44,4.144,2.704
6897,1.83,3.997,2.167
6898,1.5,3.901,2.401
6899,1.85,4.052,2.202
6900,1.32,3.347,2.027
6901,1.66,2.477,0.817
6902,4.39,2.165,-2.225
6903,1.78,2.131,0.351
6904,1.97,2.005,0.035
6905,2.09,1.972,-0.118
6906,1.68,1.972,0.292
6907,1.83,2.175,0.345
6908,1.83,2.175,0.345
6909,3.41,2.072,-1.338
6910,1.63,1.865,0.235
6911,1.51,1.869,0.359
6912,2.42,1.856,-0.564
6913,1.88,1.968,0.088
6914,2.18,3.303,1.123
6915,1.26,3.896,2.636
6916,1.94,3.986,2.046
6917,1.85,2.802,0.952
6918,2.22,2.636,0.416
6919,1.97,2.637,0.667
6920,1.88,2.821,0.941
6921,2.01,2.924,0.914
6922,1.94,2.802,0.862
6923,2.07,2.875,0.805
6924,1.99,2.672,0.682
6925,1.77,2.724,0.954
6926,1.55,2.819,1.269
6927,1.27,3.271,2.001
6928,1.25,3.264,2.014
6929,1.35,3.105,1.755
6930,1.2,1.813,0.613
6931,1.5,1.697,0.197
6932,1.19,1.713,0.523
6933,1.42,1.698,0.278
6934,1.25,2.205,0.955
6935,1.57,1.686,0.116
6936,1.57,2.039,0.469
6937,1.63,2.094,0.464
6938,1.62,1.956,0.336
6939,1.4,2.007,0.607
6940,1.45,2.235,0.785
6941,1.39,1.636,0.246
6942,1.79,1.535,-0.255
6943,1.72,1.547,-0.173
6944,1.53,1.547,0.017
6945,1.69,1.571,-0.119
6946,2.17,2.226,0.056
6947,1.83,2.152,0.322
6948,2.66,2.02,-0.64
6949,2.06,1.863,-0.197
6950,1.96,1.999,0.039
6951,1.86,1.832,-0.028
6952,1.46,2.286,0.826
6953,1.77,2.141,0.371
6954,1.46,2.188,0.728
6955,1.52,1.838,0.318
6956,2.26,1.868,-0.392
6957,1.86,1.938,0.078
6958,2.21,2.152,-0.058
6959,1.63,1.934,0.304
6960,1.98,1.995,0.015
6961,1.65,1.991,0.341
6962,1.57,1.967,0.397
6963,1.51,1.967,0.457
6964,1.42,1.863,0.443
6965,1.38,1.827,0.447
6966,1.37,1.68,0.31
6967,1.6,1.68,0.08
6968,1.3,1.445,0.145
6969,1.51,1.889,0.379
6970,1.42,1.628,0.208
6971,1.31,1.672,0.362
6972,1.41,1.755,0.345
6973,1.48,1.63,0.15
6974,1.47,1.606,0.136
6975,1.25,1.778,0.528
6976,1.25,1.82,0.57
6977,1.22,1.58,0.36
6978,1.21,1.856,0.646
6979,1.26,3.429,2.169
6980,1.38,1.897,0.517
6981,1.63,1.929,0.299
6982,1.65,1.912,0.262
6983,1.57,2.122,0.552
6984,1.66,2.771,1.111
6985,1.61,2.659,1.049
6986,1.23,2.049,0.819
6987,1.5,2.122,0.622
6988,2.11,2.051,-0.059
6989,1.7,2.644,0.944
6990,1.48,2.665,1.185
6991,1.66,2.659,0.999
6992,1.5,2.798,1.298
6993,1.47,2.154,0.684
6994,1.63,2.154,0.524
6995,1.44,2.062,0.622
6996,1.48,2.024,0.544
6997,1.39,2.022,0.632
6998,1.35,2.285,0.935
6999,1.25,2.266,1.016
7000,1.43,2.347,0.917
7001,1.31,2.545,1.235
7002,1.79,2.437,0.647
7003,1.31,2.556,1.246
7004,1.66,2.601,0.941
7005,1.37,2.733,1.363
7006,1.24,2.761,1.521
7007,1.17,2.622,1.452
7008,1.18,2.719,1.539
7009,1.31,2.761,1.451
7010,1.07,2.622,1.552
7011,1.02,2.622,1.602
7012,1.17,2.564,1.394
7013,1.08,2.564,1.484
7014,1.04,2.573,1.533
7015,1.11,2.599,1.489
7016,1.06,2.389,1.329
7017,1.17,2.452,1.282
7018,0.88,2.55,1.67
7019,0.96,2.401,1.441
7020,0.9,2.49,1.59
7021,1.02,2.521,1.501
7022,0.83,2.49,1.66
7023,0.95,2.249,1.299
7024,0.97,2.291,1.321
7025,0.85,2.291,1.441
7026,0.9,2.291,1.391
7027,0.93,2.558,1.628
7028,0.89,2.291,1.401
7029,0.8,2.249,1.449
7030,0.97,2.291,1.321
7031,0.92,2.157,1.237
7032,1.19,2.283,1.093
7033,0.85,1.935,1.085
7034,0.98,2.193,1.213
7035,1.06,1.935,0.875
7036,0.95,1.98,1.03
7037,1.01,2.196,1.186
7038,0.99,2.374,1.384
7039,1.19,2.398,1.208
7040,1.07,2.196,1.126
7041,1.55,2.196,0.646
7042,1.66,2.015,0.355
7043,1.17,2.303,1.133
7044,1.52,2.193,0.673
7045,1.28,2.283,1.003
7046,1.44,2.401,0.961
7047,1.41,2.393,0.983
7048,1.34,2.414,1.074
7049,1.52,2.232,0.712
7050,1.25,2.359,1.109
7051,1.1,2.232,1.132
7052,1.64,2.232,0.592
7053,1.41,2.414,1.004
7054,1.34,2.414,1.074
7055,1.4,2.359,0.959
7056,1.62,2.346,0.726
7057,1.61,2.408,0.798
7058,1.04,2.572,1.532
7059,1.58,2.573,0.993
7060,1.19,2.54,1.35
7061,1.43,2.564,1.134
7062,1.42,2.607,1.187
7063,1.58,2.698,1.118
7064,1.32,2.777,1.457
7065,2.05,2.683,0.633
7066,1.29,2.694,1.404
7067,1.7,2.694,0.994
7068,1.25,2.737,1.487
7069,1.2,2.578,1.378
7070,1.35,2.648,1.298
7071,1.25,2.648,1.398
7072,1.11,2.535,1.425
7073,1.46,2.516,1.056
7074,1.49,2.516,1.026
7075,1.34,2.525,1.185
7076,1.21,2.494,1.284
7077,1.64,2.494,0.854
7078,1.49,2.504,1.014
7079,1.27,2.504,1.234
7080,1.31,2.504,1.194
7081,1.12,2.384,1.264
7082,1.39,2.504,1.114
7083,1.49,2.569,1.079
7084,1.22,2.569,1.349
7085,1.5,2.569,1.069
7086,1.48,2.61,1.13
7087,1.27,2.667,1.397
7088,1.66,2.602,0.942
7089,1.35,2.548,1.198
7090,1.19,2.556,1.366
7091,1.71,2.572,0.862
7092,1.29,2.572,1.282
7093,1.74,2.495,0.755
7094,1.1,2.535,1.435
7095,2.21,2.499,0.289
7096,1.4,2.4,1.0
7097,1.33,2.4,1.07
7098,1.39,2.4,1.01
7099,0.91,2.413,1.503
7100,1.45,2.342,0.892
7101,1.21,2.437,1.227
7102,1.26,2.516,1.256
7103,1.48,2.437,0.957
7104,1.07,2.437,1.367
7105,11.14,2.437,-8.703
7106,1.33,2.516,1.186
7107,1.18,2.532,1.352
7108,1.29,2.386,1.096
7109,1.73,2.42,0.69
7110,1.47,2.42,0.95
7111,0.94,2.583,1.643
7112,1.27,2.46,1.19
7113,1.02,2.637,1.617
7114,1.05,2.637,1.587
7115,1.18,2.551,1.371
7116,1.31,2.155,0.845
7117,1.55,1.652,0.102
7118,1.17,2.185,1.015
7119,1.46,1.692,0.232
7120,1.5,1.615,0.115
7121,1.0,1.746,0.746
7122,1.68,1.637,-0.043
7123,2.13,1.712,-0.418
7124,1.48,1.802,0.322
7125,1.29,1.821,0.531
7126,2.0,1.486,-0.514
7127,1.83,2.834,1.004
7128,2.37,3.528,1.158
7129,1.87,1.77,-0.1
7130,1.48,1.691,0.211
7131,1.85,1.799,-0.051
7132,1.71,1.621,-0.089
7133,1.62,1.831,0.211
7134,1.52,1.661,0.141
7135,1.97,2.007,0.037
7136,2.36,1.837,-0.523
7137,1.44,1.909,0.469
7138,1.56,2.153,0.593
7139,1.94,1.89,-0.05
7140,1.89,1.907,0.017
7141,1.8,1.965,0.165
7142,1.49,3.518,2.028
7143,1.18,3.847,2.667
7144,1.66,2.884,1.224
7145,1.51,2.454,0.944
7146,1.55,2.505,0.955
7147,1.85,2.124,0.274
7148,1.46,2.091,0.631
7149,1.23,1.737,0.507
7150,1.7,1.856,0.156
7151,1.41,1.902,0.492
7152,1.55,1.902,0.352
7153,1.22,1.802,0.582
7154,1.25,1.658,0.408
7155,1.81,1.746,-0.064
7156,1.08,1.689,0.609
7157,1.48,1.76,0.28
7158,1.32,1.721,0.401
7159,1.31,2.2,0.89
7160,1.01,1.761,0.751
7161,1.33,2.32,0.99
7162,1.21,2.737,1.527
7163,1.41,2.58,1.17
7164,1.22,2.637,1.417
7165,1.55,2.408,0.858
7166,1.47,2.408,0.938
7167,0.78,2.24,1.46
7168,1.06,1.904,0.844
7169,0.95,2.292,1.342
7170,1.13,2.272,1.142
7171,1.15,2.3,1.15
7172,0.95,2.211,1.261
7173,1.15,2.318,1.168
7174,0.8,2.546,1.746
7175,1.78,2.407,0.627
7176,1.02,2.407,1.387
7177,1.08,2.281,1.201
7178,0.87,2.281,1.411
7179,1.04,2.375,1.335
7180,1.15,2.499,1.349
7181,0.75,2.499,1.749
7182,0.56,2.444,1.884
7183,1.1,2.444,1.344
7184,1.34,2.437,1.097
7185,0.91,2.465,1.555
7186,0.95,2.528,1.578
7187,1.24,2.528,1.288
7188,1.37,2.412,1.042
7189,0.99,2.486,1.496
7190,1.3,2.459,1.159
7191,1.25,2.49,1.24
7192,1.36,2.439,1.079
7193,1.28,2.552,1.272
7194,1.24,2.487,1.247
7195,1.18,2.576,1.396
7196,1.19,2.576,1.386
7197,1.22,2.471,1.251
7198,1.22,2.803,1.583
7199,1.37,2.835,1.465
7200,1.72,2.777,1.057
7201,1.11,2.74,1.63
7202,1.13,2.843,1.713
7203,1.24,2.762,1.522
7204,1.52,2.903,1.383
7205,1.41,2.903,1.493
7206,1.45,2.812,1.362
7207,1.79,2.855,1.065
7208,2.15,2.858,0.708
7209,0.85,2.794,1.944
7210,1.72,2.743,1.023
7211,1.51,2.781,1.271
7212,2.47,2.27,-0.2
7213,2.07,2.009,-0.061
7214,2.25,2.083,-0.167
7215,2.38,2.009,-0.371
7216,1.77,2.108,0.338
7217,1.59,1.885,0.295
7218,1.67,3.025,1.355
7219,1.94,3.194,1.254
7220,1.28,3.635,2.355
7221,1.33,2.675,1.345
7222,2.21,3.611,1.401
7223,1.41,2.768,1.358
7224,1.55,2.792,1.242
7225,1.19,2.86,1.67
7226,1.02,2.704,1.684
7227,1.15,3.602,2.452
7228,1.24,3.347,2.107
7229,1.27,3.164,1.894
7230,1.68,1.529,-0.151
7231,1.94,1.98,0.04
7232,2.17,3.502,1.332
7233,1.7,1.721,0.021
7234,2.28,2.79,0.51
7235,2.92,2.234,-0.686
7236,1.39,1.873,0.483
7237,2.59,2.091,-0.499
7238,1.29,2.114,0.824
7239,1.25,1.923,0.673
7240,1.73,1.983,0.253
7241,1.4,1.881,0.481
7242,1.42,1.698,0.278
7243,1.3,1.474,0.174
7244,0.88,1.485,0.605
7245,1.49,1.828,0.338
7246,1.31,1.776,0.466
7247,1.38,1.816,0.436
7248,1.42,1.947,0.527
7249,1.42,1.938,0.518
7250,1.99,1.878,-0.112
7251,1.63,1.878,0.248
7252,1.85,1.928,0.078
7253,1.41,2.029,0.619
7254,1.58,1.945,0.365
7255,1.23,2.074,0.844
7256,1.2,2.004,0.804
7257,0.89,2.108,1.218
7258,1.11,2.029,0.919
7259,1.25,2.136,0.886
7260,1.47,2.15,0.68
7261,1.58,2.056,0.476
7262,1.26,2.083,0.823
7263,1.22,2.046,0.826
7264,1.01,2.01,1.0
7265,1.27,1.991,0.721
7266,0.94,1.988,1.048
7267,1.32,1.988,0.668
7268,1.21,2.012,0.802
7269,1.27,2.217,0.947
7270,0.99,2.376,1.386
7271,1.55,2.329,0.779
7272,0.99,2.52,1.53
7273,1.43,2.813,1.383
7274,1.27,2.847,1.577
7275,1.16,2.834,1.674
7276,1.31,2.883,1.573
7277,1.3,2.955,1.655
7278,1.13,3.019,1.889
7279,1.77,3.016,1.246
7280,0.93,3.016,2.086
7281,1.14,2.998,1.858
7282,1.34,3.07,1.73
7283,2.96,3.07,0.11
7284,1.27,3.106,1.836
7285,1.32,3.063,1.743
7286,1.09,3.074,1.984
7287,1.2,3.058,1.858
7288,1.46,3.104,1.644
7289,1.3,3.109,1.809
7290,1.16,3.096,1.936
7291,1.08,3.096,2.016
7292,1.06,3.19,2.13
7293,1.42,3.187,1.767
7294,1.17,3.18,2.01
7295,1.07,3.19,2.12
7296,1.07,3.342,2.272
7297,0.86,3.167,2.307
7298,1.09,3.06,1.97
7299,1.06,3.125,2.065
7300,1.26,3.096,1.836
7301,1.4,3.029,1.629
7302,1.49,2.912,1.422
7303,1.6,2.852,1.252
7304,1.32,2.976,1.656
7305,0.91,2.976,2.066
7306,1.4,2.975,1.575
7307,1.22,3.044,1.824
7308,0.73,3.06,2.33
7309,1.02,3.06,2.04
7310,1.59,3.07,1.48
7311,1.8,2.768,0.968
7312,1.92,2.46,0.54
7313,1.51,2.514,1.004
7314,2.19,2.466,0.276
7315,2.5,2.251,-0.249
7316,2.23,2.27,0.04
7317,1.47,3.948,2.478
7318,1.83,2.235,0.405
7319,1.42,2.548,1.128
7320,1.69,2.067,0.377
7321,2.05,1.876,-0.174
7322,1.24,2.029,0.789
7323,1.44,2.17,0.73
7324,1.61,2.243,0.633
7325,1.36,2.357,0.997
7326,1.87,2.139,0.269
7327,1.5,1.812,0.312
7328,1.76,1.885,0.125
7329,2.02,1.98,-0.04
7330,1.6,1.991,0.391
7331,0.94,2.421,1.481
7332,1.45,2.547,1.097
7333,1.98,2.586,0.606
7334,1.31,2.547,1.237
7335,1.78,2.586,0.806
7336,2.15,2.547,0.397
7337,1.14,2.657,1.517
7338,1.79,2.547,0.757
7339,1.39,2.636,1.246
7340,1.44,2.657,1.217
7341,1.88,2.657,0.777
7342,1.18,2.586,1.406
7343,1.32,2.586,1.266
7344,1.44,2.657,1.217
7345,1.58,2.809,1.229
7346,0.97,2.631,1.661
7347,1.53,2.777,1.247
7348,0.76,2.725,1.965
7349,2.32,2.77,0.45
7350,1.28,2.883,1.603
7351,1.53,2.905,1.375
7352,1.2,2.897,1.697
7353,0.51,2.912,2.402
7354,0.99,2.979,1.989
7355,1.02,3.044,2.024
7356,1.08,3.044,1.964
7357,2.19,3.065,0.875
7358,1.47,3.061,1.591
7359,1.42,3.061,1.641
7360,1.48,3.063,1.583
7361,1.0,3.072,2.072
7362,1.42,3.113,1.693
7363,1.12,3.119,1.999
7364,0.96,3.101,2.141
7365,1.37,3.154,1.784
7366,0.8,3.15,2.35
7367,1.01,3.174,2.164
7368,1.23,3.184,1.954
7369,1.47,3.266,1.796
7370,1.2,3.252,2.052
7371,1.3,3.133,1.833
7372,1.13,3.102,1.972
7373,1.04,3.053,2.013
7374,1.69,2.943,1.253
7375,1.3,2.97,1.67
7376,0.82,2.954,2.134
7377,1.02,3.037,2.017
7378,0.97,2.954,1.984
7379,1.1,2.941,1.841
7380,1.5,3.041,1.541
7381,1.14,3.003,1.863
7382,0.98,3.036,2.056
7383,1.02,3.017,1.997
7384,1.33,3.04,1.71
7385,1.0,2.9,1.9
7386,1.34,2.875,1.535
7387,1.27,2.894,1.624
7388,1.31,2.892,1.582
7389,1.57,2.892,1.322
7390,1.93,2.892,0.962
7391,1.35,3.261,1.911
7392,1.19,3.398,2.208
7393,1.86,3.224,1.364
7394,0.83,3.172,2.342
7395,1.43,3.207,1.777
7396,1.3,2.969,1.669
7397,2.06,3.034,0.974
7398,1.45,2.946,1.496
7399,1.22,2.942,1.722
7400,1.75,2.932,1.182
7401,1.24,2.995,1.755
7402,2.98,2.942,-0.038
7403,0.94,2.939,1.999
7404,0.93,3.005,2.075
7405,0.86,2.913,2.053
7406,0.83,3.005,2.175
7407,0.77,2.977,2.207
7408,0.47,2.8,2.33
7409,0.89,3.011,2.121
7410,1.07,2.984,1.914
7411,1.19,2.888,1.698
7412,1.43,2.837,1.407
7413,1.16,2.809,1.649
7414,1.61,2.84,1.23
7415,1.6,2.766,1.166
7416,1.5,2.845,1.345
7417,1.44,2.845,1.405
7418,1.44,2.75,1.31
7419,1.25,2.791,1.541
7420,1.21,2.862,1.652
7421,1.15,2.922,1.772
7422,1.55,2.866,1.316
7423,1.53,2.914,1.384
7424,1.24,2.986,1.746
7425,1.11,3.071,1.961
7426,1.7,3.091,1.391
7427,1.39,3.091,1.701
7428,1.37,3.051,1.681
7429,1.24,2.96,1.72
7430,1.15,2.833,1.683
7431,1.12,3.12,2.0
7432,1.19,3.049,1.859
7433,1.2,3.03,1.83
7434,1.3,2.993,1.693
7435,1.47,3.024,1.554
7436,1.26,3.11,1.85
7437,1.5,2.978,1.478
7438,1.27,3.072,1.802
7439,1.53,3.092,1.562
7440,1.18,3.07,1.89
7441,1.18,3.07,1.89
7442,1.39,3.07,1.68
7443,1.02,3.07,2.05
7444,1.4,2.83,1.43
7445,1.08,2.884,1.804
7446,1.26,2.784,1.524
7447,1.2,2.841,1.641
7448,1.1,2.994,1.894
7449,1.2,2.807,1.607
7450,1.37,2.867,1.497
7451,1.3,3.028,1.728
7452,1.1,3.062,1.962
7453,1.18,2.983,1.803
7454,1.51,2.913,1.403
7455,1.12,2.821,1.701
7456,1.14,2.862,1.722
7457,0.76,2.881,2.121
7458,1.2,2.909,1.709
7459,1.76,2.915,1.155
7460,1.3,2.915,1.615
7461,1.01,2.915,1.905
7462,1.37,2.915,1.545
7463,0.86,2.915,2.055
7464,1.42,2.915,1.495
7465,1.04,3.434,2.394
7466,0.89,3.369,2.479
7467,1.57,3.545,1.975
7468,1.29,3.507,2.217
7469,1.2,3.395,2.195
7470,1.23,4.245,3.015
7471,1.18,3.485,2.305
7472,1.12,3.543,2.423
7473,1.29,4.373,3.083
7474,1.2,4.404,3.204
7475,1.28,4.301,3.021
7476,1.47,4.325,2.855
7477,1.09,4.393,3.303
7478,1.25,4.364,3.114
7479,1.19,4.3,3.11
7480,1.11,4.231,3.121
7481,1.36,4.207,2.847
7482,1.42,4.231,2.811
7483,2.15,4.267,2.117
7484,1.65,4.274,2.624
7485,1.68,4.207,2.527
7486,1.71,4.267,2.557
7487,1.3,4.274,2.974
7488,1.26,4.32,3.06
7489,1.28,4.247,2.967
7490,1.55,4.293,2.743
7491,1.62,4.247,2.627
7492,1.51,4.278,2.768
7493,1.93,4.103,2.173
7494,1.28,4.103,2.823
7495,1.68,3.929,2.249
7496,1.46,4.01,2.55
7497,1.43,4.076,2.646
7498,0.94,4.267,3.327
7499,1.65,4.247,2.597
7500,1.37,4.212,2.842
7501,1.2,4.382,3.182
7502,1.27,4.708,3.438
7503,1.04,4.396,3.356
7504,1.09,4.0,2.91
7505,1.12,4.273,3.153
7506,1.03,4.211,3.181
7507,0.96,4.604,3.644
7508,1.23,4.415,3.185
7509,1.2,4.412,3.212
7510,1.07,4.355,3.285
7511,1.12,4.367,3.247
7512,1.21,4.714,3.504
7513,0.89,4.673,3.783
7514,0.99,4.771,3.781
7515,1.31,4.813,3.503
7516,0.77,4.668,3.898
7517,0.71,4.614,3.904
7518,0.84,4.553,3.713
7519,1.08,4.72,3.64
7520,1.27,4.767,3.497
7521,1.17,5.04,3.87
7522,1.15,5.268,4.118
7523,1.24,5.535,4.295
7524,1.2,5.558,4.358
7525,1.27,6.025,4.755
7526,1.33,5.807,4.477
7527,1.24,6.016,4.776
7528,1.33,6.074,4.744
7529,1.18,5.251,4.071
7530,1.2,5.099,3.899
7531,1.33,5.126,3.796
7532,1.19,5.274,4.084
7533,1.16,5.136,3.976
7534,1.18,5.163,3.983
7535,1.21,4.737,3.527
7536,1.13,5.737,4.607
7537,1.26,5.183,3.923
7538,1.43,5.07,3.64
7539,1.17,5.12,3.95
7540,1.33,5.937,4.607
7541,0.88,5.511,4.631
7542,1.34,4.751,3.411
7543,1.48,4.235,2.755
7544,1.55,3.934,2.384
7545,1.63,3.934,2.304
7546,1.17,4.103,2.933
7547,0.89,4.062,3.172
7548,1.02,4.067,3.047
7549,1.14,4.812,3.672
7550,1.0,4.721,3.721
7551,0.79,4.964,4.174
7552,1.51,4.293,2.783
7553,3.29,4.647,1.357
7554,1.16,4.288,3.128
7555,0.98,4.17,3.19
7556,1.25,3.983,2.733
7557,0.88,3.905,3.025
7558,1.93,4.261,2.331
7559,1.81,4.103,2.293
7560,0.89,4.12,3.23
7561,1.49,4.251,2.761
7562,1.42,4.341,2.921
7563,1.07,4.404,3.334
7564,1.13,4.742,3.612
7565,1.6,5.767,4.167
7566,1.27,6.749,5.479
7567,1.29,6.73,5.44
7568,1.14,6.508,5.368
7569,1.2,6.533,5.333
7570,1.2,6.1,4.9
7571,1.17,6.07,4.9
7572,1.16,6.294,5.134
7573,1.62,6.294,4.674
7574,1.18,6.505,5.325
7575,1.18,6.554,5.374
7576,1.18,7.186,6.006
7577,1.73,6.753,5.023
7578,1.39,6.646,5.256
7579,1.41,6.534,5.124
7580,1.08,6.522,5.442
7581,0.89,6.437,5.547
7582,0.91,6.175,5.265
7583,1.18,6.437,5.257
7584,0.98,6.208,5.228
7585,0.92,6.471,5.551
7586,1.07,6.278,5.208
7587,0.9,6.179,5.279
7588,1.0,6.753,5.753
7589,0.81,6.378,5.568
7590,0.83,6.46,5.63
7591,0.94,7.134,6.194
7592,0.67,6.471,5.801
7593,0.81,6.323,5.513
7594,1.0,6.509,5.509
7595,0.74,7.109,6.369
7596,1.14,7.004,5.864
7597,0.7,7.308,6.608
7598,0.99,6.247,5.257
7599,0.81,6.1,5.29
7600,0.82,6.69,5.87
7601,0.94,6.536,5.596
7602,0.94,6.453,5.513
7603,0.72,6.402,5.682
7604,0.78,6.7,5.92
7605,0.84,6.677,5.837
7606,0.96,7.605,6.645
7607,1.29,6.877,5.587
7608,0.72,7.277,6.557
7609,0.76,7.296,6.536
7610,0.71,7.366,6.656
7611,0.8,5.373,4.573
7612,0.91,4.713,3.803
7613,0.83,5.801,4.971
7614,0.88,5.43,4.55
7615,0.74,6.297,5.557
7616,0.86,6.385,5.525
7617,0.96,6.385,5.425
7618,0.96,5.382,4.422
7619,0.88,6.264,5.384
7620,1.0,5.898,4.898
7621,1.1,6.385,5.285
7622,1.19,5.851,4.661
7623,1.44,6.923,5.483
7624,1.55,7.299,5.749
7625,1.74,7.433,5.693
7626,1.32,7.65,6.33
7627,1.38,6.487,5.107
7628,1.23,7.836,6.606
7629,1.32,7.655,6.335
7630,1.21,7.554,6.344
7631,0.93,8.013,7.083
7632,1.39,7.397,6.007
7633,1.23,6.548,5.318
7634,0.99,7.229,6.239
7635,0.92,7.184,6.264
7636,1.22,7.234,6.014
7637,1.4,7.234,5.834
7638,1.11,6.529,5.419
7639,1.19,6.422,5.232
7640,1.0,6.457,5.457
7641,1.01,6.289,5.279
7642,1.06,6.589,5.529
7643,1.45,7.311,5.861
7644,1.23,7.623,6.393
7645,1.28,6.727,5.447
7646,1.13,6.735,5.605
7647,0.88,6.604,5.724
7648,1.05,6.652,5.602
7649,0.99,7.341,6.351
7650,1.27,6.868,5.598
7651,1.15,7.368,6.218
7652,1.37,6.704,5.334
7653,1.11,6.354,5.244
7654,1.69,6.559,4.869
7655,1.16,5.206,4.046
7656,1.04,7.075,6.035
7657,1.21,5.275,4.065
7658,1.72,5.495,3.775
7659,1.08,5.316,4.236
7660,1.23,6.568,5.338
7661,1.22,6.77,5.55
7662,1.86,6.489,4.629
7663,1.04,7.014,5.974
7664,1.17,6.593,5.423
7665,0.96,6.593,5.633
7666,1.29,6.103,4.813
7667,1.07,6.53,5.46
7668,1.25,7.474,6.224
7669,1.31,6.494,5.184
7670,0.99,5.667,4.677
7671,1.08,5.537,4.457
7672,1.17,6.961,5.791
7673,1.04,6.31,5.27
7674,1.19,6.532,5.342
7675,1.73,7.107,5.377
7676,1.7,6.527,4.827
7677,1.02,6.532,5.512
7678,1.61,6.028,4.418
7679,0.82,6.489,5.669
7680,0.95,6.354,5.404
7681,1.09,6.082,4.992
7682,1.13,5.685,4.555
7683,1.14,5.7,4.56
7684,1.05,5.557,4.507
7685,0.88,5.491,4.611
7686,1.21,5.781,4.571
7687,0.88,6.58,5.7
7688,0.73,5.221,4.491
7689,0.92,5.344,4.424
7690,0.53,7.948,7.418
7691,0.88,6.961,6.081
7692,1.42,7.228,5.808
7693,1.62,6.032,4.412
7694,1.68,6.604,4.924
7695,0.78,5.523,4.743
7696,0.76,4.412,3.652
7697,1.07,5.131,4.061
7698,0.85,6.418,5.568
7699,0.75,6.266,5.516
7700,0.81,7.964,7.154
7701,1.11,7.653,6.543
7702,0.96,5.695,4.735
7703,0.9,6.047,5.147
7704,1.42,5.746,4.326
7705,1.04,6.121,5.081
7706,1.18,6.97,5.79
7707,1.07,5.616,4.546
7708,1.69,5.564,3.874
7709,1.33,5.761,4.431
7710,1.38,5.404,4.024
7711,1.33,5.8,4.47
7712,1.8,5.034,3.234
7713,1.28,5.167,3.887
7714,0.98,6.994,6.014
7715,1.1,9.233,8.133
7716,1.31,9.239,7.929
7717,1.03,9.159,8.129
7718,1.17,8.083,6.913
7719,0.92,8.058,7.138
7720,1.78,7.15,5.37
7721,0.61,5.733,5.123
7722,1.18,5.746,4.566
7723,0.95,5.783,4.833
7724,1.33,5.765,4.435
7725,0.89,5.858,4.968
7726,1.48,6.503,5.023
7727,1.12,8.557,7.437
7728,1.48,9.081,7.601
7729,1.13,7.773,6.643
7730,0.83,6.772,5.942
7731,1.52,6.849,5.329
7732,1.53,6.437,4.907
7733,0.91,6.379,5.469
7734,0.99,6.879,5.889
7735,0.97,6.258,5.288
7736,1.06,7.944,6.884
7737,1.24,7.458,6.218
7738,0.32,7.275,6.955
7739,1.31,7.623,6.313
7740,1.63,7.82,6.19
7741,1.23,7.343,6.113
7742,1.27,7.238,5.968
7743,1.38,5.577,4.197
7744,1.32,5.684,4.364
7745,1.08,5.643,4.563
7746,1.06,5.385,4.325
7747,1.96,5.678,3.718
7748,1.0,5.435,4.435
7749,1.1,4.56,3.46
7750,0.95,4.729,3.779
7751,0.78,4.709,3.929
7752,1.23,4.709,3.479
7753,1.85,5.375,3.525
7754,1.21,4.884,3.674
7755,0.9,6.361,5.461
7756,1.38,4.79,3.41
7757,1.75,7.079,5.329
7758,0.88,4.936,4.056
7759,1.14,5.606,4.466
7760,0.97,4.879,3.909
7761,0.86,5.275,4.415
7762,2.33,5.882,3.552
7763,1.51,5.284,3.774
7764,0.82,5.263,4.443
7765,0.73,5.032,4.302
7766,1.1,5.428,4.328
7767,1.4,8.168,6.768
7768,1.2,5.814,4.614
7769,1.28,5.765,4.485
7770,1.17,5.322,4.152
7771,1.61,7.166,5.556
7772,1.14,7.024,5.884
7773,1.02,7.278,6.258
7774,1.13,6.954,5.824
7775,1.19,7.776,6.586
7776,1.06,7.21,6.15
7777,1.18,7.453,6.273
7778,0.99,7.453,6.463
7779,1.06,6.01,4.95
7780,0.95,6.183,5.233
7781,0.78,7.316,6.536
7782,0.94,7.196,6.256
7783,1.16,6.549,5.389
7784,0.49,6.549,6.059
7785,1.13,6.607,5.477
7786,0.96,7.148,6.188
7787,0.87,6.975,6.105
7788,2.45,9.662,7.212
7789,1.11,5.277,4.167
7790,1.25,6.401,5.151
7791,1.52,6.582,5.062
7792,0.96,6.66,5.7
7793,1.09,6.575,5.485
7794,1.27,6.711,5.441
7795,0.65,6.009,5.359
7796,1.4,6.143,4.743
7797,1.23,6.147,4.917
7798,1.44,7.609,6.169
7799,1.51,6.295,4.785
7800,1.29,5.68,4.39
7801,1.93,7.0,5.07
7802,1.73,6.222,4.492
7803,1.88,7.293,5.413
7804,1.66,4.758,3.098
7805,1.72,5.307,3.587
7806,1.55,7.273,5.723
7807,1.62,7.796,6.176
7808,2.07,6.811,4.741
7809,1.59,7.924,6.334
7810,1.37,8.416,7.046
7811,1.44,5.878,4.438
7812,1.57,5.381,3.811
7813,1.83,4.813,2.983
7814,1.58,4.938,3.358
7815,1.34,5.436,4.096
7816,1.42,7.281,5.861
7817,1.14,8.032,6.892
7818,1.52,7.062,5.542
7819,1.28,6.338,5.058
7820,1.15,6.329,5.179
7821,1.24,6.254,5.014
7822,1.31,7.688,6.378
7823,1.07,6.559,5.489
7824,1.25,6.965,5.715
7825,1.13,6.376,5.246
7826,1.16,6.298,5.138
7827,0.92,6.324,5.404
7828,0.82,7.583,6.763
7829,0.86,9.076,8.216
7830,0.94,8.927,7.987
7831,0.95,7.111,6.161
7832,1.09,7.282,6.192
7833,1.01,9.27,8.26
7834,1.24,7.167,5.927
7835,0.77,6.962,6.192
7836,0.98,8.503,7.523
7837,1.02,6.348,5.328
7838,1.33,6.587,5.257
7839,0.86,5.976,5.116
7840,1.09,6.809,5.719
7841,0.89,5.846,4.956
7842,0.98,6.377,5.397
7843,1.01,7.352,6.342
7844,1.09,7.352,6.262
7845,0.95,9.661,8.711
7846,1.12,7.012,5.892
7847,0.92,6.798,5.878
7848,0.95,6.733,5.783
7849,1.31,6.497,5.187
7850,1.77,6.346,4.576
7851,1.16,5.42,4.26
7852,1.43,5.577,4.147
7853,1.23,5.585,4.355
7854,1.33,6.692,5.362
7855,1.28,5.842,4.562
7856,1.31,5.908,4.598
7857,1.21,5.415,4.205
7858,1.42,5.393,3.973
7859,1.05,6.424,5.374
7860,1.22,5.916,4.696
7861,1.39,6.014,4.624
7862,0.96,7.524,6.564
7863,0.84,5.768,4.928
7864,0.99,6.453,5.463
7865,1.25,6.433,5.183
7866,1.17,6.065,4.895
7867,1.44,6.655,5.215
7868,1.61,7.751,6.141
7869,0.97,6.137,5.167
7870,1.06,8.314,7.254
7871,1.2,5.624,4.424
7872,1.41,5.974,4.564
7873,1.05,6.028,4.978
7874,1.27,5.541,4.271
7875,1.58,5.581,4.001
7876,0.95,5.368,4.418
7877,1.16,6.542,5.382
7878,1.46,6.712,5.252
7879,1.03,6.615,5.585
7880,1.24,5.54,4.3
7881,0.99,5.806,4.816
7882,0.76,6.919,6.159
7883,1.0,6.7,5.7
7884,0.69,6.336,5.646
7885,0.73,6.121,5.391
7886,0.68,8.221,7.541
7887,0.63,7.562,6.932
7888,0.81,7.267,6.457
7889,0.86,7.081,6.221
7890,1.29,6.777,5.487
7891,0.79,5.51,4.72
7892,0.96,6.043,5.083
7893,0.67,7.127,6.457
7894,0.99,8.831,7.841
7895,0.59,6.675,6.085
7896,0.86,7.749,6.889
7897,0.79,7.037,6.247
7898,0.97,6.535,5.565
7899,0.88,8.932,8.052
7900,0.83,6.421,5.591
7901,1.02,7.062,6.042
7902,1.15,5.219,4.069
7903,0.94,6.031,5.091
7904,1.38,7.317,5.937
7905,1.07,7.586,6.516
7906,1.17,8.531,7.361
7907,0.95,6.469,5.519
7908,1.2,6.537,5.337
7909,1.18,6.668,5.488
7910,1.47,6.165,4.695
7911,1.54,6.397,4.857
7912,1.14,6.506,5.366
7913,0.92,6.644,5.724
7914,1.37,6.4,5.03
7915,0.98,6.126,5.146
7916,0.78,6.607,5.827
7917,1.01,6.073,5.063
7918,1.4,6.403,5.003
7919,1.29,6.314,5.024
7920,0.82,6.442,5.622
7921,0.84,6.437,5.597
7922,1.19,6.327,5.137
7923,1.03,6.388,5.358
7924,1.0,6.899,5.899
7925,0.99,6.486,5.496
7926,1.04,6.672,5.632
7927,1.05,8.189,7.139
7928,1.31,7.608,6.298
7929,1.41,6.332,4.922
7930,1.18,6.304,5.124
7931,0.82,6.94,6.12
7932,0.97,6.077,5.107
7933,1.07,6.178,5.108
7934,0.94,6.056,5.116
7935,1.0,6.903,5.903
7936,0.96,7.418,6.458
7937,1.19,7.533,6.343
7938,0.95,7.717,6.767
7939,0.72,6.9,6.18
7940,0.87,6.829,5.959
7941,1.01,5.561,4.551
7942,0.35,6.034,5.684
7943,0.81,6.361,5.551
7944,1.55,6.245,4.695
7945,1.0,7.096,6.096
7946,1.29,7.712,6.422
7947,1.17,7.572,6.402
7948,0.9,8.504,7.604
7949,1.22,6.986,5.766
7950,1.32,7.644,6.324
7951,1.24,7.535,6.295
7952,1.18,6.565,5.385
7953,0.9,7.592,6.692
7954,1.06,6.577,5.517
7955,1.31,8.12,6.81
7956,1.13,7.46,6.33
7957,0.77,8.198,7.428
7958,1.23,7.018,5.788
7959,0.61,7.107,6.497
7960,1.17,7.453,6.283
7961,1.14,7.148,6.008
7962,1.09,7.483,6.393
7963,1.57,6.623,5.053
7964,0.82,7.211,6.391
7965,1.78,6.424,4.644
7966,1.16,6.793,5.633
7967,1.09,9.158,8.068
7968,1.38,8.692,7.312
7969,1.22,8.266,7.046
7970,0.84,8.61,7.77
7971,1.77,9.287,7.517
7972,0.84,8.2,7.36
7973,1.21,8.011,6.801
7974,1.01,6.928,5.918
7975,1.21,5.917,4.707
7976,1.12,5.209,4.089
7977,0.99,4.849,3.859
7978,0.94,5.306,4.366
7979,1.08,5.785,4.705
7980,1.17,6.018,4.848
7981,1.17,7.231,6.061
7982,1.55,6.441,4.891
7983,1.61,6.633,5.023
7984,1.02,5.794,4.774
7985,1.12,6.163,5.043
7986,1.04,6.455,5.415
7987,1.12,6.413,5.293
7988,0.83,6.311,5.481
7989,1.21,6.553,5.343
7990,0.85,6.349,5.499
7991,0.69,6.096,5.406
7992,0.73,6.19,5.46
7993,0.71,6.28,5.57
7994,1.02,6.527,5.507
7995,1.07,6.659,5.589
7996,1.05,6.431,5.381
7997,0.98,6.711,5.731
7998,1.13,6.431,5.301
7999,1.24,6.124,4.884
8000,1.27,6.071,4.801
8001,1.22,7.105,5.885
8002,1.13,6.522,5.392
8003,0.94,5.875,4.935
8004,0.99,6.475,5.485
8005,1.08,6.366,5.286
8006,1.17,6.323,5.153
8007,0.98,6.355,5.375
8008,0.94,5.278,4.338
8009,0.65,5.068,4.418
8010,0.98,4.581,3.601
8011,1.2,4.643,3.443
8012,1.05,4.375,3.325
8013,1.42,6.21,4.79
8014,0.98,5.977,4.997
8015,0.09,7.256,7.166
8016,1.14,5.667,4.527
8017,1.19,7.041,5.851
8018,1.02,6.937,5.917
8019,1.0,6.527,5.527
8020,1.25,6.725,5.475
8021,0.7,5.712,5.012
8022,0.8,5.543,4.743
8023,1.38,5.685,4.305
8024,0.68,5.317,4.637
8025,0.92,5.32,4.4
8026,0.92,6.465,5.545
8027,0.69,5.274,4.584
8028,0.82,6.963,6.143
8029,1.39,7.113,5.723
8030,1.01,7.083,6.073
8031,0.82,7.088,6.268
8032,0.72,7.511,6.791
8033,0.78,7.801,7.021
8034,0.77,7.114,6.344
8035,0.75,7.482,6.732
8036,0.75,6.955,6.205
8037,1.1,6.104,5.004
8038,0.96,5.082,4.122
8039,0.71,5.299,4.589
8040,1.06,4.863,3.803
8041,0.55,1.339,0.789
8042,0.84,1.353,0.513
8043,0.73,0.533,-0.197
8044,1.03,0.559,-0.471
8045,0.79,0.504,-0.286
8046,0.5,0.554,0.054
8047,0.88,0.619,-0.261
8048,0.52,0.61,0.09
8049,0.53,0.621,0.091
8050,0.73,0.622,-0.108
8051,0.83,0.718,-0.112
8052,1.11,0.638,-0.472
8053,0.73,0.708,-0.022
8054,0.9,0.713,-0.187
8055,1.3,0.701,-0.599
8056,0.77,0.77,-0.0
8057,0.75,0.817,0.067
8058,0.73,0.939,0.209
8059,1.1,0.903,-0.197
8060,0.86,0.934,0.074
8061,1.0,0.934,-0.066
8062,0.6,0.977,0.377
8063,0.46,0.155,-0.305
8064,0.63,0.187,-0.443
8065,0.47,0.843,0.373
8066,0.58,0.884,0.304
8067,0.52,0.824,0.304
8068,0.45,0.914,0.464
8069,0.71,0.977,0.267
8070,0.79,1.105,0.315
8071,0.53,1.302,0.772
8072,0.43,1.975,1.545
8073,0.39,1.999,1.609
8074,1.18,1.575,0.395
8075,0.37,0.837,0.467
8076,0.51,0.583,0.073
8077,0.5,0.583,0.083
8078,0.65,0.427,-0.223
8079,1.09,0.224,-0.866
8080,0.75,0.134,-0.616
8081,1.09,0.268,-0.822
8082,0.78,0.685,-0.095
8083,0.72,0.493,-0.227
8084,0.85,0.448,-0.402
8085,0.95,4.118,3.168
8086,1.1,5.635,4.535
8087,0.94,5.755,4.815
8088,1.31,6.437,5.127
8089,1.2,6.691,5.491
8090,1.25,6.856,5.606
8091,1.53,5.623,4.093
8092,1.38,5.759,4.379
8093,1.38,6.446,5.066
8094,1.74,6.143,4.403
8095,1.83,6.524,4.694
8096,1.3,6.618,5.318
8097,0.92,6.808,5.888
8098,1.13,6.632,5.502
8099,1.29,6.663,5.373
8100,1.35,6.579,5.229
8101,1.41,6.579,5.169
8102,1.25,6.641,5.391
8103,1.02,6.612,5.592
8104,1.53,6.779,5.249
8105,1.53,7.377,5.847
8106,1.09,7.216,6.126
8107,1.08,6.596,5.516
8108,1.08,6.73,5.65
8109,0.95,6.94,5.99
8110,1.06,7.392,6.332
8111,1.26,6.673,5.413
8112,1.06,6.749,5.689
8113,1.12,6.992,5.872
8114,1.03,7.549,6.519
8115,0.99,7.17,6.18
8116,1.43,7.216,5.786
8117,1.23,6.837,5.607
8118,0.87,6.828,5.958
8119,1.14,6.554,5.414
8120,1.83,6.041,4.211
8121,1.16,4.722,3.562
8122,1.5,4.528,3.028
8123,0.91,3.187,2.277
8124,1.34,3.225,1.885
8125,1.08,4.27,3.19
8126,1.45,2.994,1.544
8127,1.37,4.051,2.681
8128,1.2,6.208,5.008
8129,1.33,0.594,-0.736
8130,1.29,0.038,-1.252
8131,1.11,0.09,-1.02
8132,1.03,0.123,-0.907
8133,1.09,0.12,-0.97
8134,1.69,0.145,-1.545
8135,1.03,0.107,-0.923
8136,1.13,0.176,-0.954
8137,1.43,0.128,-1.302
8138,1.16,0.148,-1.012
8139,1.21,0.133,-1.077
8140,1.69,0.123,-1.567
8141,0.87,0.21,-0.66
8142,1.07,0.234,-0.836
8143,1.17,0.248,-0.922
8144,1.34,0.248,-1.092
8145,1.42,0.248,-1.172
8146,1.24,0.248,-0.992
8147,1.36,0.407,-0.953
8148,1.8,0.407,-1.393
8149,1.52,0.466,-1.054
8150,1.53,0.424,-1.106
8151,1.55,0.444,-1.106
8152,1.56,0.461,-1.099
8153,1.53,0.507,-1.023
8154,1.6,0.407,-1.193
8155,1.25,0.484,-0.766
8156,1.14,0.484,-0.656
8157,1.65,0.551,-1.099
8158,1.35,0.774,-0.576
8159,1.5,0.879,-0.621
8160,1.25,1.382,0.132
8161,1.14,0.849,-0.291
8162,1.08,0.712,-0.368
8163,1.04,0.432,-0.608
8164,1.2,0.545,-0.655
8165,1.02,0.241,-0.779
8166,1.09,0.218,-0.872
8167,1.02,0.213,-0.807
8168,1.23,0.171,-1.059
8169,1.33,0.232,-1.098
8170,1.15,0.242,-0.908
8171,1.08,0.495,-0.585
8172,1.21,0.678,-0.532
8173,1.51,0.485,-1.025
8174,1.42,0.362,-1.058
8175,1.1,0.153,-0.947
8176,1.17,0.185,-0.985
8177,1.19,0.315,-0.875
8178,1.16,0.638,-0.522
8179,1.19,1.03,-0.16
8180,1.15,0.895,-0.255
8181,1.1,1.614,0.514
8182,1.34,1.522,0.182
8183,1.14,1.812,0.672
8184,1.21,1.737,0.527
8185,0.85,1.892,1.042
8186,1.1,1.209,0.109
8187,1.26,1.69,0.43
8188,1.16,1.281,0.121
8189,1.22,1.164,-0.056
8190,1.57,1.525,-0.045
8191,2.03,1.525,-0.505
8192,1.58,1.228,-0.352
8193,1.7,1.228,-0.472
8194,1.31,1.962,0.652
8195,1.31,1.232,-0.078
8196,1.01,1.078,0.068
8197,0.94,0.577,-0.363
8198,1.44,0.375,-1.065
8199,1.04,0.239,-0.801
8200,1.35,0.225,-1.125
8201,0.99,0.375,-0.615
8202,1.3,0.231,-1.069
8203,1.53,0.334,-1.196
8204,1.36,0.351,-1.009
8205,1.88,0.492,-1.388
8206,1.72,0.51,-1.21
8207,1.22,0.513,-0.707
8208,1.89,0.481,-1.409
8209,1.39,0.481,-0.909
8210,1.63,0.511,-1.119
8211,1.64,0.643,-0.997
8212,1.04,1.046,0.006
8213,1.24,1.521,0.281
8214,1.73,1.138,-0.592
8215,1.67,1.807,0.137
8216,1.76,1.686,-0.074
8217,1.95,1.701,-0.249
8218,1.98,1.655,-0.325
8219,1.27,1.674,0.404
8220,2.6,0.894,-1.706
8221,2.28,0.773,-1.507
8222,1.47,0.75,-0.72
8223,1.37,0.807,-0.563
8224,2.04,0.738,-1.302
8225,1.06,0.779,-0.281
8226,2.24,0.75,-1.49
8227,1.44,0.75,-0.69
8228,1.93,0.761,-1.169
8229,1.37,0.809,-0.561
8230,1.61,0.661,-0.949
8231,1.37,0.54,-0.83
8232,1.67,0.324,-1.346
8233,1.65,0.372,-1.278
8234,1.43,0.409,-1.021
8235,1.48,0.535,-0.945
8236,1.87,0.534,-1.336
8237,2.06,0.621,-1.439
8238,1.63,0.977,-0.653
8239,1.82,1.043,-0.777
8240,2.23,1.718,-0.512
8241,1.57,1.788,0.218
8242,3.01,1.57,-1.44
8243,1.34,1.728,0.388
8244,1.27,2.111,0.841
8245,1.65,2.062,0.412
8246,1.46,1.966,0.506
8247,1.64,1.971,0.331
8248,1.54,2.975,1.435
8249,1.9,2.495,0.595
8250,1.88,2.495,0.615
8251,1.6,2.64,1.04
8252,2.04,2.975,0.935
8253,1.6,3.083,1.483
8254,1.52,3.146,1.626
8255,1.2,2.506,1.306
8256,1.39,2.918,1.528
8257,1.52,2.645,1.125
8258,1.41,2.863,1.453
8259,1.19,2.756,1.566
8260,1.82,2.964,1.144
8261,1.65,2.858,1.208
8262,1.61,2.822,1.212
8263,1.45,2.62,1.17
8264,1.43,2.907,1.477
8265,1.27,2.758,1.488
8266,1.55,2.987,1.437
8267,0.96,2.469,1.509
8268,1.06,2.584,1.524
8269,0.92,3.787,2.867
8270,1.09,3.789,2.699
8271,0.79,3.101,2.311
8272,0.84,3.434,2.594
8273,1.02,2.848,1.828
8274,0.93,2.175,1.245
8275,1.04,3.075,2.035
8276,1.11,2.765,1.655
8277,1.08,3.03,1.95
8278,1.09,3.327,2.237
8279,1.29,3.023,1.733
8280,1.11,2.9,1.79
8281,1.4,2.874,1.474
8282,1.66,3.257,1.597
8283,1.15,2.94,1.79
8284,1.1,3.212,2.112
8285,1.22,2.952,1.732
8286,1.14,3.249,2.109
8287,1.12,2.704,1.584
8288,1.24,2.691,1.451
8289,1.15,2.224,1.074
8290,1.3,2.736,1.436
8291,1.31,2.646,1.336
8292,1.06,3.309,2.249
8293,1.22,3.286,2.066
8294,1.02,3.263,2.243
8295,1.16,3.287,2.127
8296,1.24,3.095,1.855
8297,1.15,2.949,1.799
8298,1.06,2.97,1.91
8299,1.16,2.973,1.813
8300,1.12,3.07,1.95
8301,1.18,2.896,1.716
8302,1.34,2.819,1.479
8303,1.13,2.865,1.735
8304,1.16,3.016,1.856
8305,1.36,3.001,1.641
8306,1.39,2.972,1.582
8307,1.32,3.45,2.13
8308,1.21,3.348,2.138
8309,1.83,3.453,1.623
8310,1.43,3.49,2.06
8311,1.42,3.418,1.998
8312,1.63,3.081,1.451
8313,1.51,3.479,1.969
8314,1.64,3.159,1.519
8315,1.87,3.088,1.218
8316,1.68,3.245,1.565
8317,1.69,3.088,1.398
8318,1.47,3.106,1.636
8319,1.38,2.799,1.419
8320,1.17,2.636,1.466
8321,1.48,2.9,1.42
8322,1.21,2.748,1.538
8323,1.32,2.643,1.323
8324,1.24,2.596,1.356
8325,1.75,2.344,0.594
8326,1.83,2.191,0.361
8327,1.44,1.896,0.456
8328,1.67,1.761,0.091
8329,2.09,1.91,-0.18
8330,1.7,1.911,0.211
8331,1.76,1.883,0.123
8332,1.64,1.702,0.062
8333,1.77,1.675,-0.095
8334,1.7,1.662,-0.038
8335,1.92,1.644,-0.276
8336,2.14,1.475,-0.665
8337,1.6,1.977,0.377
8338,2.08,1.826,-0.254
8339,1.94,1.967,0.027
8340,2.46,1.967,-0.493
8341,1.99,1.796,-0.194
8342,1.55,1.893,0.343
8343,1.41,1.971,0.561
8344,1.53,1.823,0.293
8345,1.65,1.869,0.219
8346,1.42,2.01,0.59
8347,2.3,2.023,-0.277
8348,2.35,1.974,-0.376
8349,1.37,2.063,0.693
8350,1.59,2.055,0.465
8351,1.63,1.864,0.234
8352,1.63,1.753,0.123
8353,1.6,1.823,0.223
8354,1.51,1.833,0.323
8355,1.42,2.035,0.615
8356,1.93,1.973,0.043
8357,1.53,1.568,0.038
8358,1.75,1.684,-0.066
8359,1.87,1.542,-0.328
8360,1.49,1.686,0.196
8361,1.25,2.133,0.883
8362,1.25,2.224,0.974
8363,1.43,2.23,0.8
8364,1.42,2.441,1.021
8365,1.27,2.23,0.96
8366,1.36,2.228,0.868
8367,1.48,2.175,0.695
8368,1.38,2.043,0.663
8369,1.38,1.458,0.078
8370,2.0,1.593,-0.407
8371,1.39,1.705,0.315
8372,1.84,1.673,-0.167
8373,1.79,1.681,-0.109
8374,1.76,1.686,-0.074
8375,1.0,1.681,0.681
8376,1.51,1.638,0.128
8377,1.63,1.719,0.089
8378,2.65,1.714,-0.936
8379,3.12,1.681,-1.439
8380,3.2,1.614,-1.586
8381,2.11,1.618,-0.492
8382,1.73,1.65,-0.08
8383,1.95,1.746,-0.204
8384,2.64,1.879,-0.761
8385,1.53,1.693,0.163
8386,2.2,1.674,-0.526
8387,2.21,1.65,-0.56
8388,2.17,1.546,-0.624
8389,1.52,1.638,0.118
8390,2.04,1.774,-0.266
8391,1.69,1.754,0.064
8392,1.87,1.785,-0.085
8393,1.89,1.638,-0.252
8394,1.79,1.943,0.153
8395,1.97,2.019,0.049
8396,1.66,1.943,0.283
8397,2.36,1.706,-0.654
8398,2.23,1.638,-0.592
8399,2.31,1.698,-0.612
8400,1.74,1.536,-0.204
8401,2.01,1.596,-0.414
8402,2.2,1.537,-0.663
8403,1.87,1.537,-0.333
8404,2.01,1.595,-0.415
8405,2.18,1.596,-0.584
8406,1.72,1.595,-0.125
8407,1.87,1.799,-0.071
8408,2.38,1.799,-0.581
8409,1.87,1.93,0.06
8410,2.23,1.911,-0.319
8411,2.06,1.911,-0.149
8412,3.4,1.791,-1.609
8413,1.56,1.799,0.239
8414,1.78,1.911,0.131
8415,1.78,1.996,0.216
8416,1.76,2.025,0.265
8417,1.7,1.996,0.296
8418,1.6,2.013,0.413
8419,2.21,1.883,-0.327
8420,1.49,1.864,0.374
8421,1.7,1.809,0.109
8422,1.78,1.894,0.114
8423,1.76,1.705,-0.055
8424,1.65,2.216,0.566
8425,1.7,2.323,0.623
8426,2.06,2.56,0.5
8427,2.09,2.035,-0.055
8428,1.48,2.267,0.787
8429,1.85,2.109,0.259
8430,1.63,1.93,0.3
8431,2.22,2.027,-0.193
8432,2.15,2.094,-0.056
8433,1.54,2.233,0.693
8434,1.58,1.923,0.343
8435,1.53,2.529,0.999
8436,1.52,2.165,0.645
8437,1.67,2.107,0.437
8438,1.63,2.174,0.544
8439,1.61,2.174,0.564
8440,1.37,2.219,0.849
8441,1.24,2.371,1.131
8442,1.46,2.529,1.069
8443,1.37,2.261,0.891
8444,1.36,2.29,0.93
8445,1.33,2.517,1.187
8446,1.25,1.919,0.669
8447,1.42,1.923,0.503
8448,1.35,2.566,1.216
8449,1.18,2.381,1.201
8450,1.15,2.623,1.473
8451,1.2,2.613,1.413
8452,1.39,2.316,0.926
8453,1.37,2.754,1.384
8454,1.33,2.394,1.064
8455,1.95,2.55,0.6
8456,1.55,2.42,0.87
8457,1.3,2.572,1.272
8458,1.6,2.036,0.436
8459,1.51,1.506,-0.004
8460,1.38,1.511,0.131
8461,1.29,1.754,0.464
8462,1.55,1.804,0.254
8463,2.3,1.749,-0.551
8464,1.77,1.706,-0.064
8465,1.76,2.546,0.786
8466,2.19,1.714,-0.476
8467,1.79,2.543,0.753
8468,1.74,1.93,0.19
8469,1.84,2.361,0.521
8470,1.58,1.937,0.357
8471,2.26,1.974,-0.286
8472,2.22,1.974,-0.246
8473,1.83,1.708,-0.122
8474,1.7,2.585,0.885
8475,1.52,2.519,0.999
8476,2.45,2.655,0.205
8477,2.08,2.676,0.596
8478,1.9,2.675,0.775
8479,1.75,2.701,0.951
8480,1.88,2.625,0.745
8481,1.54,2.625,1.085
8482,1.95,2.656,0.706
8483,2.27,2.645,0.375
8484,1.57,2.687,1.117
8485,2.09,2.666,0.576
8486,1.83,2.674,0.844
8487,1.21,2.689,1.479
8488,1.91,2.689,0.779
8489,3.05,2.687,-0.363
8490,1.99,2.572,0.582
8491,1.94,2.582,0.642
8492,1.66,2.613,0.953
8493,2.22,2.548,0.328
8494,2.19,2.548,0.358
8495,2.93,2.478,-0.452
8496,2.28,2.456,0.176
8497,2.69,2.48,-0.21
8498,1.83,2.438,0.608
8499,1.75,2.452,0.702
8500,1.98,2.477,0.497
8501,2.39,2.202,-0.188
8502,1.73,2.154,0.424
8503,1.92,2.167,0.247
8504,2.95,2.253,-0.697
8505,1.46,2.434,0.974
8506,1.58,2.47,0.89
8507,1.91,2.674,0.764
8508,2.32,3.108,0.788
8509,2.38,3.031,0.651
8510,2.1,3.187,1.087
8511,2.7,3.187,0.487
8512,2.1,3.149,1.049
8513,2.36,3.169,0.809
8514,2.76,3.065,0.305
8515,1.94,2.985,1.045
8516,2.1,3.029,0.929
8517,1.04,2.939,1.899
8518,2.03,3.031,1.001
8519,1.8,2.914,1.114
8520,1.95,3.203,1.253
8521,2.06,3.213,1.153
8522,1.64,3.277,1.637
8523,2.47,3.215,0.745
8524,1.82,3.277,1.457
8525,1.68,3.276,1.596
8526,1.91,3.095,1.185
8527,1.7,2.928,1.228
8528,2.23,2.903,0.673
8529,1.81,2.903,1.093
8530,2.16,2.968,0.808
8531,1.77,3.138,1.368
8532,1.75,3.277,1.527
8533,1.98,3.277,1.297
8534,2.54,3.276,0.736
8535,2.01,3.276,1.266
8536,1.82,1.142,-0.678
8537,1.55,0.877,-0.673
8538,1.8,0.914,-0.886
8539,1.59,0.953,-0.637
8540,1.64,0.487,-1.153
8541,1.8,0.538,-1.262
8542,1.75,0.973,-0.777
8543,1.71,0.973,-0.737
8544,1.58,1.306,-0.274
8545,1.55,1.663,0.113
8546,1.39,0.954,-0.436
8547,1.45,1.077,-0.373
8548,1.2,0.924,-0.276
8549,1.32,0.473,-0.847
8550,1.32,0.587,-0.733
8551,1.5,0.571,-0.929
8552,1.36,0.497,-0.863
8553,1.44,0.568,-0.872
8554,1.33,0.541,-0.789
8555,1.45,0.558,-0.892
8556,1.69,0.593,-1.097
8557,1.81,0.825,-0.985
8558,1.38,0.824,-0.556
8559,1.57,3.003,1.433
8560,1.3,3.126,1.826
8561,1.56,2.667,1.107
8562,1.45,2.628,1.178
8563,1.39,2.323,0.933
8564,2.12,2.684,0.564
8565,1.72,1.211,-0.509
8566,1.99,1.339,-0.651
8567,1.56,1.203,-0.357
8568,1.58,2.748,1.168
8569,1.86,2.859,0.999
8570,1.6,1.175,-0.425
8571,1.83,1.068,-0.762
8572,2.22,1.198,-1.022
8573,2.07,1.203,-0.867
8574,1.59,2.812,1.222
8575,1.4,0.561,-0.839
8576,1.67,0.888,-0.782
8577,1.47,0.671,-0.799
8578,1.62,0.724,-0.896
8579,2.28,0.838,-1.442
8580,1.9,0.899,-1.001
8581,1.79,0.899,-0.891
8582,2.03,0.898,-1.132
8583,1.87,0.908,-0.962
8584,1.8,0.773,-1.027
8585,1.47,0.615,-0.855
8586,2.28,0.779,-1.501
8587,1.58,0.619,-0.961
8588,1.73,1.092,-0.638
8589,1.83,1.262,-0.568
8590,1.72,2.696,0.976
8591,1.64,2.766,1.126
8592,1.86,2.983,1.123
8593,1.82,3.198,1.378
8594,1.77,2.914,1.144
8595,1.6,2.948,1.348
8596,1.57,1.251,-0.319
8597,1.71,1.336,-0.374
8598,7.5,1.091,-6.409
8599,1.64,1.482,-0.158
8600,1.65,1.164,-0.486
8601,1.93,1.091,-0.839
8602,1.78,1.103,-0.677
8603,1.88,0.771,-1.109
8604,1.51,0.667,-0.843
8605,1.95,0.667,-1.283
8606,1.49,0.852,-0.638
8607,1.48,1.061,-0.419
8608,1.66,2.876,1.216
8609,1.66,2.868,1.208
8610,1.78,2.983,1.203
8611,2.14,2.681,0.541
8612,1.83,3.273,1.443
8613,2.7,3.176,0.476
8614,2.0,3.192,1.192
8615,2.0,2.852,0.852
8616,2.12,1.206,-0.914
8617,2.0,1.157,-0.843
8618,1.69,0.785,-0.905
8619,1.85,0.785,-1.065
8620,3.59,0.867,-2.723
8621,1.94,1.157,-0.783
8622,2.14,1.203,-0.937
8623,2.17,1.203,-0.967
8624,1.58,1.208,-0.372
8625,1.56,1.203,-0.357
8626,1.87,1.206,-0.664
8627,2.14,1.203,-0.937
8628,1.67,0.844,-0.826
8629,1.61,0.584,-1.026
8630,1.7,0.617,-1.083
8631,1.41,0.745,-0.665
8632,1.56,0.752,-0.808
8633,1.44,0.593,-0.847
8634,1.42,0.62,-0.8
8635,1.59,0.603,-0.987
8636,1.63,0.697,-0.933
8637,1.55,0.817,-0.733
8638,1.52,0.7,-0.82
8639,1.48,0.668,-0.812
8640,1.51,0.824,-0.686
8641,1.38,0.867,-0.513
8642,1.14,0.874,-0.266
8643,1.52,0.881,-0.639
8644,1.39,1.008,-0.382
8645,1.24,0.905,-0.335
8646,1.32,0.689,-0.631
8647,1.58,0.971,-0.609
8648,1.41,2.17,0.76
8649,1.5,1.256,-0.244
8650,1.29,2.021,0.731
8651,1.64,1.94,0.3
8652,1.35,1.319,-0.031
8653,1.46,1.779,0.319
8654,1.68,3.402,1.722
8655,1.26,3.089,1.829
8656,1.32,3.38,2.06
8657,1.39,1.951,0.561
8658,1.49,3.319,1.829
8659,1.46,2.026,0.566
8660,1.51,2.314,0.804
8661,1.67,1.96,0.29
8662,1.3,2.838,1.538
8663,1.59,1.703,0.113
8664,1.41,1.211,-0.199
8665,1.48,1.854,0.374
8666,1.83,1.604,-0.226
8667,12.05,1.474,-10.576
8668,1.41,1.45,0.04
8669,1.53,1.528,-0.002
8670,1.84,1.49,-0.35
8671,1.14,1.561,0.421
8672,1.87,1.466,-0.404
8673,1.52,1.464,-0.056
8674,1.55,1.829,0.279
8675,1.7,1.821,0.121
8676,1.79,1.626,-0.164
8677,1.94,1.586,-0.354
8678,1.83,1.596,-0.234
8679,1.65,1.927,0.277
8680,1.07,1.758,0.688
8681,1.58,1.53,-0.05
8682,1.52,1.437,-0.083
8683,1.61,1.555,-0.055
8684,1.61,1.459,-0.151
8685,1.57,1.54,-0.03
8686,1.71,1.561,-0.149
8687,1.78,1.544,-0.236
8688,2.11,1.596,-0.514
8689,1.53,1.908,0.378
8690,1.67,1.544,-0.126
8691,1.99,1.564,-0.426
8692,1.62,1.543,-0.077
8693,1.52,1.553,0.033
8694,1.96,1.534,-0.426
8695,1.61,1.527,-0.083
8696,1.59,1.71,0.12
8697,1.83,1.565,-0.265
8698,2.58,1.638,-0.942
8699,1.76,1.538,-0.222
8700,1.94,1.538,-0.402
8701,2.0,1.881,-0.119
8702,1.24,1.949,0.709
8703,2.05,1.903,-0.147
8704,1.36,2.001,0.641
8705,1.4,2.063,0.663
8706,2.14,1.937,-0.203
8707,2.71,1.902,-0.808
8708,2.23,1.092,-1.138
8709,1.25,1.134,-0.116
8710,2.28,1.136,-1.144
8711,2.42,1.272,-1.148
8712,1.95,1.278,-0.672
8713,1.94,1.281,-0.659
8714,1.92,1.203,-0.717
8715,2.13,1.153,-0.977
8716,2.28,1.252,-1.028
8717,2.48,1.206,-1.274
8718,1.54,1.26,-0.28
8719,1.89,1.232,-0.658
8720,3.01,1.183,-1.827
8721,2.46,1.151,-1.309
8722,2.36,1.21,-1.15
8723,2.73,1.327,-1.403
8724,2.42,1.246,-1.174
8725,2.09,1.29,-0.8
8726,2.02,1.234,-0.786
8727,1.85,1.245,-0.605
8728,1.43,1.232,-0.198
8729,2.31,1.097,-1.213
8730,2.05,1.112,-0.938
8731,1.77,1.173,-0.597
8732,2.26,1.075,-1.185
8733,2.23,1.269,-0.961
8734,1.96,1.265,-0.695
8735,2.1,1.202,-0.898
8736,2.14,1.281,-0.859
8737,1.76,1.152,-0.608
8738,1.9,1.259,-0.641
8739,1.55,1.071,-0.479
8740,2.27,1.114,-1.156
8741,1.84,1.162,-0.678
8742,1.99,1.278,-0.712
8743,2.25,1.134,-1.116
8744,1.69,1.181,-0.509
8745,1.85,1.144,-0.706
8746,1.73,1.176,-0.554
8747,2.18,1.075,-1.105
8748,2.0,1.233,-0.767
8749,2.27,1.236,-1.034
8750,1.98,0.945,-1.035
8751,1.53,1.163,-0.367
8752,1.86,1.3,-0.56
8753,1.93,1.2,-0.73
8754,1.78,0.946,-0.834
8755,1.93,1.135,-0.795
8756,2.0,1.128,-0.872
8757,1.99,1.878,-0.112
8758,1.76,1.439,-0.321
8759,3.33,1.455,-1.875
8760,1.53,1.245,-0.285
8761,2.34,1.328,-1.012
8762,2.51,1.149,-1.361
8763,2.5,1.209,-1.291
8764,2.3,1.18,-1.12
8765,2.0,1.065,-0.935
8766,1.9,1.044,-0.856
8767,2.19,1.144,-1.046
8768,2.92,1.133,-1.787
8769,2.19,1.082,-1.108
8770,2.13,0.488,-1.642
8771,2.25,0.471,-1.779
8772,2.69,0.789,-1.901
8773,2.1,1.108,-0.992
8774,2.44,1.514,-0.926
8775,1.99,1.351,-0.639
8776,2.37,1.36,-1.01
8777,1.82,1.198,-0.622
8778,2.49,1.208,-1.282
8779,2.41,1.254,-1.156
8780,1.81,1.559,-0.251
8781,1.66,1.489,-0.171
8782,2.65,1.382,-1.268
8783,2.02,1.672,-0.348
8784,3.06,1.575,-1.485
8785,2.16,1.453,-0.707
8786,3.36,0.707,-2.653
8787,2.01,1.058,-0.952
8788,2.75,1.41,-1.34
8789,2.54,1.467,-1.073
8790,1.91,1.471,-0.439
8791,2.42,1.41,-1.01
8792,1.73,1.41,-0.32
8793,2.11,1.41,-0.7
8794,2.02,1.408,-0.612
8795,1.95,1.417,-0.533
8796,2.32,1.418,-0.902
8797,2.22,1.41,-0.81
8798,2.45,1.481,-0.969
8799,2.33,1.132,-1.198
8800,1.54,1.026,-0.514
8801,1.87,1.071,-0.799
8802,1.74,1.159,-0.581
8803,2.07,1.159,-0.911
8804,1.92,1.026,-0.894
8805,1.87,0.981,-0.889
8806,1.78,0.995,-0.785
8807,2.61,0.993,-1.617
8808,1.81,0.721,-1.089
8809,2.41,0.806,-1.604
8810,1.56,0.732,-0.828
8811,2.36,0.802,-1.558
8812,2.87,0.736,-2.134
8813,2.64,0.762,-1.878
8814,1.7,0.762,-0.938
8815,2.78,0.762,-2.018
8816,1.48,0.736,-0.744
8817,2.12,0.726,-1.394
8818,5.36,0.726,-4.634
8819,2.55,0.705,-1.845
8820,2.18,0.721,-1.459
8821,2.84,0.736,-2.104
8822,1.02,0.762,-0.258
8823,1.8,0.767,-1.033
8824,1.96,0.762,-1.198
8825,1.5,0.777,-0.723
8826,1.46,0.732,-0.728
8827,1.65,0.762,-0.888
8828,1.88,0.762,-1.118
8829,1.78,0.629,-1.151
8830,2.39,0.74,-1.65
8831,2.38,0.721,-1.659
8832,1.7,0.615,-1.085
8833,1.79,0.74,-1.05
8834,1.89,0.734,-1.156
8835,1.63,0.788,-0.842
8836,1.34,0.788,-0.552
8837,1.54,0.8,-0.74
8838,1.57,0.785,-0.785
8839,1.56,1.436,-0.124
8840,1.65,1.0,-0.65
8841,1.74,1.22,-0.52
8842,1.94,0.954,-0.986
8843,1.96,1.08,-0.88
8844,2.12,0.837,-1.283
8845,2.33,0.916,-1.414
8846,2.18,1.243,-0.937
8847,1.99,1.04,-0.95
8848,1.93,1.735,-0.195
8849,2.52,1.823,-0.697
8850,2.19,2.164,-0.026
8851,2.8,1.889,-0.911
8852,2.64,1.713,-0.927
8853,3.29,1.533,-1.757
8854,1.75,1.66,-0.09
8855,2.83,1.839,-0.991
8856,3.19,2.026,-1.164
8857,2.72,2.103,-0.617
8858,2.85,1.979,-0.871
8859,2.92,2.194,-0.726
8860,3.31,2.169,-1.141
8861,2.94,2.134,-0.806
8862,2.94,2.026,-0.914
8863,2.44,2.169,-0.271
8864,3.74,1.973,-1.767
8865,2.53,2.111,-0.419
8866,2.48,2.078,-0.402
8867,2.9,2.157,-0.743
8868,2.16,1.399,-0.761
8869,2.28,1.456,-0.824
8870,2.15,1.707,-0.443
8871,2.83,1.471,-1.359
8872,2.74,1.503,-1.237
8873,2.22,1.377,-0.843
8874,2.26,1.362,-0.898
8875,2.39,1.707,-0.683
8876,2.64,1.237,-1.403
8877,2.21,1.375,-0.835
8878,2.45,1.399,-1.051
8879,2.37,1.11,-1.26
8880,3.1,1.184,-1.916
8881,1.72,1.196,-0.524
8882,2.63,1.403,-1.227
8883,2.23,1.294,-0.936
8884,2.03,1.472,-0.558
8885,2.3,1.769,-0.531
8886,2.27,1.476,-0.794
8887,2.41,1.346,-1.064
8888,2.49,1.293,-1.197
8889,2.19,1.327,-0.863
8890,2.46,1.34,-1.12
8891,1.43,1.315,-0.115
8892,2.63,1.268,-1.362
8893,1.95,1.451,-0.499
8894,2.77,1.287,-1.483
8895,2.6,1.242,-1.358
8896,2.59,2.007,-0.583
8897,2.83,2.007,-0.823
8898,2.84,1.226,-1.614
8899,2.16,1.267,-0.893
8900,1.96,1.2,-0.76
8901,2.4,1.378,-1.022
8902,2.61,1.365,-1.245
8903,2.52,1.293,-1.227
8904,2.51,1.391,-1.119
8905,2.8,1.302,-1.498
8906,14.57,1.302,-13.268
8907,2.15,1.26,-0.89
8908,2.48,1.186,-1.294
8909,2.22,1.229,-0.991
8910,2.17,1.274,-0.896
8911,2.14,1.292,-0.848
8912,1.97,1.215,-0.755
8913,2.06,1.104,-0.956
8914,1.88,1.297,-0.583
8915,2.07,1.305,-0.765
8916,1.95,0.901,-1.049
8917,1.59,1.689,0.099
8918,1.85,1.156,-0.694
8919,1.82,1.031,-0.789
8920,1.97,0.861,-1.109
8921,1.5,0.864,-0.636
8922,1.51,0.791,-0.719
8923,1.57,0.758,-0.812
8924,1.78,0.78,-1.0
8925,1.98,0.821,-1.159
8926,1.93,0.866,-1.064
8927,1.91,1.81,-0.1
8928,1.96,1.387,-0.573
8929,2.0,1.38,-0.62
8930,1.81,1.719,-0.091
8931,1.77,1.755,-0.015
8932,1.71,1.439,-0.271
8933,1.67,1.406,-0.264
8934,1.97,1.316,-0.654
8935,1.75,1.409,-0.341
8936,1.67,1.347,-0.323
8937,1.94,1.322,-0.618
8938,1.72,1.495,-0.225
8939,1.82,1.325,-0.495
8940,1.69,1.841,0.151
8941,1.63,1.931,0.301
8942,1.8,1.919,0.119
8943,1.81,1.768,-0.042
8944,1.72,1.89,0.17
8945,1.84,1.931,0.091
8946,1.64,1.87,0.23
8947,1.75,1.845,0.095
8948,1.54,1.413,-0.127
8949,1.72,1.333,-0.387
8950,1.76,1.897,0.137
8951,1.77,1.217,-0.553
8952,2.05,1.47,-0.58
8953,1.93,1.407,-0.523
8954,2.45,1.946,-0.504
8955,3.13,1.35,-1.78
8956,1.95,1.54,-0.41
8957,2.37,1.424,-0.946
8958,1.19,1.955,0.765
8959,2.9,2.191,-0.709
8960,2.01,2.192,0.182
8961,1.7,1.745,0.045
8962,2.13,2.157,0.027
8963,1.92,2.165,0.245
8964,1.84,2.065,0.225
8965,2.2,2.012,-0.188
8966,2.09,1.956,-0.134
8967,1.85,1.902,0.052
8968,2.18,1.992,-0.188
8969,2.13,2.004,-0.126
8970,1.85,1.952,0.102
8971,4.71,1.955,-2.755
8972,1.3,1.896,0.596
8973,1.75,2.041,0.291
8974,1.55,2.041,0.491
8975,1.9,2.077,0.177
8976,1.69,2.096,0.406
8977,1.59,2.059,0.469
8978,1.71,2.069,0.359
8979,1.64,2.04,0.4
8980,1.61,2.024,0.414
8981,1.43,2.092,0.662
8982,1.64,1.976,0.336
8983,1.5,2.029,0.529
8984,1.73,2.061,0.331
8985,1.76,2.007,0.247
8986,1.67,2.115,0.445
8987,1.63,2.064,0.434
8988,1.69,2.02,0.33
8989,1.42,2.145,0.725
8990,1.43,2.018,0.588
8991,1.54,2.027,0.487
8992,1.4,2.184,0.784
8993,1.33,2.22,0.89
8994,1.79,2.003,0.213
8995,1.69,2.003,0.313
8996,1.67,2.264,0.594
8997,1.72,2.045,0.325
8998,1.54,1.954,0.414
8999,1.69,2.306,0.616
9000,1.7,2.076,0.376
9001,1.61,1.958,0.348
9002,1.6,1.843,0.243
9003,1.46,2.043,0.583
9004,1.59,1.725,0.135
9005,1.68,1.813,0.133
9006,1.43,1.861,0.431
9007,1.54,1.844,0.304
9008,1.54,1.839,0.299
9009,1.51,1.779,0.269
9010,1.54,1.357,-0.183
9011,1.62,1.761,0.141
9012,1.57,1.992,0.422
9013,1.64,1.73,0.09
9014,1.55,1.526,-0.024
9015,1.51,1.752,0.242
9016,1.53,1.701,0.171
9017,1.7,1.718,0.018
9018,1.47,1.655,0.185
9019,1.38,1.939,0.559
9020,1.47,2.1,0.63
9021,1.66,2.043,0.383
9022,1.56,2.121,0.561
9023,1.31,1.752,0.442
9024,1.37,2.119,0.749
9025,1.3,2.039,0.739
9026,1.59,2.253,0.663
9027,1.54,2.375,0.835
9028,1.28,2.203,0.923
9029,1.61,2.069,0.459
9030,1.48,2.148,0.668
9031,1.52,2.111,0.591
9032,1.28,2.06,0.78
9033,1.57,2.16,0.59
9034,1.63,2.357,0.727
9035,1.57,2.372,0.802
9036,1.36,2.2,0.84
9037,1.48,2.223,0.743
9038,1.23,2.07,0.84
9039,1.63,2.228,0.598
9040,1.37,2.228,0.858
9041,1.8,2.231,0.431
9042,1.68,2.248,0.568
9043,1.53,2.31,0.78
9044,1.53,2.067,0.537
9045,1.47,1.986,0.516
9046,1.48,2.102,0.622
9047,1.7,2.261,0.561
9048,1.65,2.034,0.384
9049,1.65,1.882,0.232
9050,1.7,2.097,0.397
9051,1.92,2.136,0.216
9052,1.88,2.136,0.256
9053,1.56,2.184,0.624
9054,1.74,2.32,0.58
9055,1.53,2.27,0.74
9056,1.95,2.142,0.192
9057,2.96,2.329,-0.631
9058,1.8,2.292,0.492
9059,2.25,2.272,0.022
9060,2.0,2.16,0.16
9061,2.36,2.16,-0.2
9062,1.92,2.16,0.24
9063,2.48,2.06,-0.42
9064,1.9,2.072,0.172
9065,1.42,2.025,0.605
9066,1.6,2.059,0.459
9067,1.93,1.977,0.047
9068,1.63,1.99,0.36
9069,2.63,1.886,-0.744
9070,2.01,1.929,-0.081
9071,1.74,2.065,0.325
9072,1.8,2.053,0.253
9073,1.7,1.987,0.287
9074,1.91,1.892,-0.018
9075,1.39,2.052,0.662
9076,1.65,2.195,0.545
9077,1.78,2.13,0.35
9078,1.87,2.044,0.174
9079,1.58,1.917,0.337
9080,2.08,1.945,-0.135
9081,2.16,1.971,-0.189
9082,2.0,1.971,-0.029
9083,1.97,1.971,0.001
9084,1.83,2.027,0.197
9085,1.57,2.014,0.444
9086,1.86,2.014,0.154
9087,1.38,1.979,0.599
9088,1.76,1.942,0.182
9089,2.38,2.029,-0.351
9090,2.41,1.886,-0.524
9091,2.03,1.987,-0.043
9092,1.6,1.987,0.387
9093,1.55,1.886,0.336
9094,2.56,1.987,-0.573
9095,2.22,1.891,-0.329
9096,1.69,1.896,0.206
9097,1.76,1.961,0.201
9098,1.97,1.961,-0.009
9099,1.92,1.769,-0.151
9100,1.45,1.782,0.332
9101,1.96,1.856,-0.104
9102,1.67,1.684,0.014
9103,1.69,1.55,-0.14
9104,1.54,1.319,-0.221
9105,1.59,1.197,-0.393
9106,1.48,1.319,-0.161
9107,1.8,1.329,-0.471
9108,1.48,1.332,-0.148
9109,2.19,1.335,-0.855
9110,1.53,1.534,0.004
9111,1.79,2.029,0.239
9112,1.97,2.032,0.062
9113,1.41,1.898,0.488
9114,1.35,1.994,0.644
9115,1.2,1.916,0.716
9116,1.49,1.916,0.426
9117,1.2,1.565,0.365
9118,1.31,1.976,0.666
9119,1.17,1.737,0.567
9120,1.47,1.614,0.144
9121,1.39,2.066,0.676
9122,1.12,1.996,0.876
9123,1.45,1.996,0.546
9124,1.29,2.098,0.808
9125,1.35,1.984,0.634
9126,1.29,1.933,0.643
9127,1.31,1.996,0.686
9128,1.26,1.734,0.474
9129,1.36,2.059,0.699
9130,1.21,1.604,0.394
9131,1.31,1.724,0.414
9132,1.63,2.109,0.479
9133,1.34,2.123,0.783
9134,1.53,2.089,0.559
9135,1.23,1.91,0.68
9136,1.58,1.995,0.415
9137,1.8,1.951,0.151
9138,1.94,1.874,-0.066
9139,1.88,2.702,0.822
9140,1.85,2.233,0.383
9141,1.78,2.377,0.597
9142,2.57,2.44,-0.13
9143,2.16,1.912,-0.248
9144,2.67,2.108,-0.562
9145,2.21,1.705,-0.505
9146,3.11,2.08,-1.03
9147,2.15,2.191,0.041
9148,2.72,2.2,-0.52
9149,2.84,2.198,-0.642
9150,2.2,2.31,0.11
9151,1.98,2.347,0.367
9152,2.75,1.834,-0.916
9153,2.13,1.889,-0.241
9154,2.81,2.396,-0.414
9155,2.27,1.832,-0.438
9156,2.39,2.221,-0.169
9157,2.33,2.201,-0.129
9158,2.93,2.188,-0.742
9159,1.79,2.373,0.583
9160,2.47,2.473,0.003
9161,2.41,2.416,0.006
9162,2.25,2.456,0.206
9163,1.97,2.35,0.38
9164,2.89,2.398,-0.492
9165,1.66,2.232,0.572
9166,3.19,2.535,-0.655
9167,2.49,2.022,-0.468
9168,2.45,2.103,-0.347
9169,2.0,2.133,0.133
9170,1.86,1.999,0.139
9171,1.95,1.912,-0.038
9172,1.94,1.897,-0.043
9173,1.91,2.081,0.171
9174,2.22,1.79,-0.43
9175,2.38,1.904,-0.476
9176,2.06,1.959,-0.101
9177,1.67,2.012,0.342
9178,1.92,2.003,0.083
9179,2.22,2.043,-0.177
9180,2.71,1.936,-0.774
9181,2.02,1.959,-0.061
9182,2.26,2.25,-0.01
9183,1.93,2.066,0.136
9184,8.49,2.077,-6.413
9185,1.85,1.906,0.056
9186,4.34,2.04,-2.3
9187,1.71,2.01,0.3
9188,1.87,1.884,0.014
9189,2.04,1.946,-0.094
9190,3.25,1.951,-1.299
9191,2.15,1.951,-0.199
9192,2.41,1.949,-0.461
9193,2.01,1.577,-0.433
9194,2.45,2.02,-0.43
9195,1.86,1.877,0.017
9196,2.08,1.808,-0.272
9197,2.1,2.046,-0.054
9198,1.94,2.048,0.108
9199,2.0,2.095,0.095
9200,2.08,1.946,-0.134
9201,2.08,1.57,-0.51
9202,2.67,1.01,-1.66
9203,2.27,0.936,-1.334
9204,2.01,1.192,-0.818
9205,2.05,1.149,-0.901
9206,2.0,0.897,-1.103
9207,2.2,0.936,-1.264
9208,1.62,1.024,-0.596
9209,1.52,1.147,-0.373
9210,1.48,1.147,-0.333
9211,1.7,0.936,-0.764
9212,1.53,1.109,-0.421
9213,1.33,0.394,-0.936
9214,1.28,0.791,-0.489
9215,1.24,0.32,-0.92
9216,1.25,0.543,-0.707
9217,1.33,1.037,-0.293
9218,1.18,0.599,-0.581
9219,1.41,1.133,-0.277
9220,1.33,0.774,-0.556
9221,1.23,0.38,-0.85
9222,1.28,0.555,-0.725
9223,1.16,0.401,-0.759
9224,1.07,0.45,-0.62
9225,1.1,0.44,-0.66
9226,0.92,0.483,-0.437
9227,0.94,0.447,-0.493
9228,1.23,0.404,-0.826
9229,1.04,0.19,-0.85
9230,1.29,0.0,-1.29
9231,1.15,0.0,-1.15
9232,1.48,1.351,-0.129
9233,1.02,0.89,-0.13
9234,1.17,0.145,-1.025
9235,1.2,0.0,-1.2
9236,1.29,0.0,-1.29
9237,1.19,0.0,-1.19
9238,1.52,0.0,-1.52
9239,1.38,0.879,-0.501
9240,1.31,1.011,-0.299
9241,1.31,1.018,-0.292
9242,1.31,0.932,-0.378
9243,1.32,0.724,-0.596
9244,1.4,0.793,-0.607
9245,1.6,1.367,-0.233
9246,1.73,1.431,-0.299
9247,2.18,2.185,0.005
9248,1.59,2.348,0.758
9249,1.48,0.0,-1.48
9250,1.59,0.607,-0.983
9251,1.56,0.0,-1.56
9252,1.81,0.0,-1.81
9253,1.52,0.0,-1.52
9254,1.94,0.0,-1.94
9255,1.16,0.0,-1.16
9256,1.33,0.0,-1.33
9257,1.36,0.886,-0.474
9258,1.45,0.842,-0.608
9259,1.26,0.873,-0.387
9260,1.84,0.575,-1.265
9261,1.63,0.287,-1.343
9262,1.67,0.207,-1.463
9263,1.91,0.0,-1.91
9264,1.6,0.04,-1.56
9265,1.76,0.0,-1.76
9266,1.94,0.0,-1.94
9267,1.52,0.0,-1.52
9268,1.86,0.0,-1.86
9269,1.72,0.0,-1.72
9270,1.6,0.0,-1.6
9271,1.64,0.0,-1.64
9272,1.79,0.0,-1.79
9273,1.85,0.0,-1.85
9274,1.83,0.0,-1.83
9275,1.47,0.0,-1.47
9276,1.53,0.0,-1.53
9277,1.45,0.0,-1.45
9278,1.63,0.0,-1.63
9279,2.01,0.0,-2.01
9280,1.48,0.0,-1.48
9281,1.86,0.0,-1.86
9282,1.82,0.0,-1.82
9283,1.51,0.0,-1.51
9284,2.11,0.0,-2.11
9285,1.76,0.0,-1.76
9286,1.78,0.0,-1.78
9287,1.59,0.0,-1.59
9288,1.22,0.0,-1.22
9289,1.97,0.0,-1.97
9290,1.66,0.0,-1.66
9291,1.74,0.0,-1.74
9292,1.7,0.0,-1.7
9293,1.5,1.276,-0.224
9294,1.87,1.407,-0.463
9295,1.49,1.718,0.228
9296,1.69,1.758,0.068
9297,2.06,1.785,-0.275
9298,1.97,1.306,-0.664
9299,1.41,0.937,-0.473
9300,1.75,0.23,-1.52
9301,1.89,0.0,-1.89
9302,1.58,0.64,-0.94
9303,1.85,0.229,-1.621
9304,1.64,0.229,-1.411
9305,2.01,0.0,-2.01
9306,1.79,0.0,-1.79
9307,1.5,0.0,-1.5
9308,1.53,0.0,-1.53
9309,1.96,0.0,-1.96
9310,1.45,0.0,-1.45
9311,1.5,0.0,-1.5
9312,1.58,0.0,-1.58
9313,1.58,0.0,-1.58
9314,1.33,0.0,-1.33
9315,1.46,0.0,-1.46
9316,1.43,0.0,-1.43
9317,1.37,0.0,-1.37
9318,1.61,0.0,-1.61
9319,1.38,0.0,-1.38
9320,1.43,0.0,-1.43
9321,1.55,0.0,-1.55
9322,1.3,0.0,-1.3
9323,1.64,0.0,-1.64
9324,1.67,0.0,-1.67
9325,1.26,0.0,-1.26
9326,1.57,0.0,-1.57
9327,1.48,0.0,-1.48
9328,1.57,0.0,-1.57
9329,1.46,0.0,-1.46
9330,1.65,0.418,-1.232
9331,1.52,0.397,-1.123
9332,1.4,0.627,-0.773
9333,1.62,0.984,-0.636
9334,1.55,0.556,-0.994
9335,1.71,0.85,-0.86
9336,1.88,1.004,-0.876
9337,1.93,1.033,-0.897
9338,1.24,1.937,0.697
9339,1.36,1.437,0.077
9340,1.5,1.406,-0.094
9341,1.47,1.141,-0.329
9342,3.22,1.399,-1.821
9343,1.47,1.141,-0.329
9344,1.64,1.141,-0.499
9345,1.84,2.105,0.265
9346,2.91,1.872,-1.038
9347,1.83,2.052,0.222
9348,1.68,1.862,0.182
9349,1.57,1.754,0.184
9350,1.37,1.825,0.455
9351,1.55,1.924,0.374
9352,2.27,1.881,-0.389
9353,2.1,1.327,-0.773
9354,1.64,0.888,-0.752
9355,1.24,0.763,-0.477
9356,1.71,0.339,-1.371
9357,1.55,0.228,-1.322
9358,1.55,0.514,-1.036
9359,1.54,0.299,-1.241
9360,1.64,0.163,-1.477
9361,1.51,0.128,-1.382
9362,1.45,0.0,-1.45
9363,1.65,0.091,-1.559
9364,1.77,0.0,-1.77
9365,1.54,0.0,-1.54
9366,1.39,0.514,-0.876
9367,2.53,0.08,-2.45
9368,1.99,0.08,-1.91
9369,1.55,0.057,-1.493
9370,1.68,1.202,-0.478
9371,1.86,1.051,-0.809
9372,1.51,1.385,-0.125
9373,1.62,1.329,-0.291
9374,1.76,1.352,-0.408
9375,1.63,1.224,-0.406
9376,1.44,1.136,-0.304
9377,1.64,1.104,-0.536
9378,1.69,1.218,-0.472
9379,1.56,1.104,-0.456
9380,1.96,1.253,-0.707
9381,1.79,1.097,-0.693
9382,2.09,1.098,-0.992
9383,1.77,1.012,-0.758
9384,2.31,0.564,-1.746
9385,1.53,0.564,-0.966
9386,1.78,0.336,-1.444
9387,1.84,0.336,-1.504
9388,1.74,0.418,-1.322
9389,1.84,0.335,-1.505
9390,1.31,0.171,-1.139
9391,2.07,0.288,-1.782
9392,2.36,0.171,-2.189
9393,2.09,0.418,-1.672
9394,2.49,0.175,-2.315
9395,2.2,0.175,-2.025
9396,1.18,0.3,-0.88
9397,1.85,0.129,-1.721
9398,1.62,0.218,-1.402
9399,1.59,0.212,-1.378
9400,1.62,0.262,-1.358
9401,1.74,0.77,-0.97
9402,1.47,0.706,-0.764
9403,1.55,0.588,-0.962
9404,1.84,0.557,-1.283
9405,1.83,0.452,-1.378
9406,1.41,0.498,-0.912
9407,1.76,0.498,-1.262
9408,1.89,0.584,-1.306
9409,1.76,0.584,-1.176
9410,1.48,0.212,-1.268
9411,1.34,0.706,-0.634
9412,1.62,0.292,-1.328
9413,1.53,0.811,-0.719
9414,1.34,1.592,0.252
9415,1.31,1.805,0.495
9416,1.46,0.775,-0.685
9417,1.37,0.306,-1.064
9418,1.38,0.894,-0.486
9419,1.28,0.889,-0.391
9420,1.13,0.889,-0.241
9421,1.13,0.565,-0.565
9422,1.21,0.84,-0.37
9423,1.04,0.627,-0.413
9424,1.17,0.599,-0.571
9425,1.14,0.713,-0.427
9426,1.14,0.729,-0.411
9427,1.29,0.903,-0.387
9428,1.01,0.474,-0.536
9429,1.16,0.204,-0.956
9430,1.08,0.259,-0.821
9431,1.09,0.267,-0.823
9432,1.26,0.386,-0.874
9433,1.27,0.39,-0.88
9434,1.4,0.966,-0.434
9435,1.16,0.445,-0.715
9436,1.31,0.942,-0.368
9437,1.58,0.942,-0.638
9438,1.35,0.894,-0.456
9439,1.22,0.951,-0.269
9440,1.27,0.326,-0.944
9441,1.28,0.275,-1.005
9442,1.26,0.433,-0.827
9443,1.5,0.973,-0.527
9444,1.46,0.977,-0.483
9445,1.37,0.566,-0.804
9446,1.34,1.017,-0.323
9447,1.49,0.601,-0.889
9448,1.18,0.222,-0.958
9449,1.27,0.373,-0.897
9450,1.38,0.046,-1.334
9451,1.49,0.077,-1.413
9452,1.36,0.413,-0.947
9453,1.43,0.301,-1.129
9454,1.36,0.551,-0.809
9455,1.37,0.436,-0.934
9456,1.46,0.446,-1.014
9457,1.44,0.521,-0.919
9458,1.24,0.32,-0.92
9459,1.28,0.126,-1.154
9460,1.31,0.21,-1.1
9461,1.29,0.204,-1.086
9462,1.29,0.113,-1.177
9463,1.21,0.444,-0.766
9464,1.32,0.444,-0.876
9465,1.39,0.247,-1.143
9466,1.35,0.551,-0.799
9467,1.55,0.346,-1.204
9468,1.24,0.57,-0.67
9469,1.45,0.876,-0.574
9470,1.48,0.688,-0.792
9471,1.36,0.855,-0.505
9472,1.35,0.978,-0.372
9473,1.69,0.844,-0.846
9474,1.82,1.051,-0.769
9475,1.35,0.859,-0.491
9476,1.52,0.736,-0.784
9477,1.37,0.648,-0.722
9478,1.41,0.92,-0.49
9479,1.6,0.424,-1.176
9480,1.41,0.811,-0.599
9481,1.66,0.748,-0.912
9482,1.6,0.796,-0.804
9483,1.43,0.794,-0.636
9484,2.15,0.913,-1.237
9485,1.51,0.786,-0.724
9486,1.37,0.403,-0.967
9487,1.29,0.452,-0.838
9488,1.44,0.708,-0.732
9489,1.76,1.26,-0.5
9490,1.72,1.873,0.153
9491,1.73,0.986,-0.744
9492,1.68,0.928,-0.752
9493,1.57,1.201,-0.369
9494,1.33,1.201,-0.129
9495,1.6,0.89,-0.71
9496,1.61,1.201,-0.409
9497,1.72,1.188,-0.532
9498,1.46,1.287,-0.173
9499,1.73,1.241,-0.489
9500,1.08,0.679,-0.401
9501,1.8,1.332,-0.468
9502,1.88,1.123,-0.757
9503,1.38,0.918,-0.462
9504,1.6,0.658,-0.942
9505,1.63,0.656,-0.974
9506,1.63,0.528,-1.102
9507,1.78,0.409,-1.371
9508,1.73,0.914,-0.816
9509,1.51,0.706,-0.804
9510,1.57,0.684,-0.886
9511,1.52,0.549,-0.971
9512,1.86,0.642,-1.218
9513,1.6,0.868,-0.732
9514,1.49,0.99,-0.5
9515,1.48,1.386,-0.094
9516,1.78,1.343,-0.437
9517,1.49,0.905,-0.585
9518,1.85,1.105,-0.745
9519,2.18,1.443,-0.737
9520,1.81,0.607,-1.203
9521,1.76,1.023,-0.737
9522,1.67,1.432,-0.238
9523,1.76,1.155,-0.605
9524,1.68,0.953,-0.727
9525,2.03,0.813,-1.217
9526,2.1,0.751,-1.349
9527,1.84,0.685,-1.155
9528,1.5,0.85,-0.65
9529,1.84,0.95,-0.89
9530,2.17,0.43,-1.74
9531,1.28,0.499,-0.781
9532,1.82,0.395,-1.425
9533,1.5,0.387,-1.113
9534,1.72,0.169,-1.551
9535,1.95,0.51,-1.44
9536,1.76,0.271,-1.489
9537,1.55,0.091,-1.459
9538,1.6,0.162,-1.438
9539,1.39,0.216,-1.174
9540,1.75,0.277,-1.473
9541,2.59,0.196,-2.394
9542,1.47,0.191,-1.279
9543,1.37,0.187,-1.183
9544,2.05,0.108,-1.942
9545,2.0,0.228,-1.772
9546,1.47,0.989,-0.481
9547,1.42,1.062,-0.358
9548,1.51,0.779,-0.731
9549,1.61,0.891,-0.719
9550,1.51,1.042,-0.468
9551,1.01,0.909,-0.101
9552,1.0,0.963,-0.037
9553,1.6,0.963,-0.637
9554,1.86,0.976,-0.884
9555,1.62,0.976,-0.644
9556,1.4,1.008,-0.392
9557,1.75,0.936,-0.814
9558,1.67,1.022,-0.648
9559,1.57,1.076,-0.494
9560,1.51,1.129,-0.381
9561,1.56,1.06,-0.5
9562,1.53,1.013,-0.517
9563,1.79,0.885,-0.905
9564,1.49,0.928,-0.562
9565,1.57,0.884,-0.686
9566,2.02,0.929,-1.091
9567,1.66,1.017,-0.643
9568,1.14,1.026,-0.114
9569,2.01,0.866,-1.144
9570,1.44,0.866,-0.574
9571,1.94,0.549,-1.391
9572,1.99,0.475,-1.515
9573,1.85,0.462,-1.388
9574,1.57,0.46,-1.11
9575,1.49,0.498,-0.992
9576,1.53,0.458,-1.072
9577,1.66,0.478,-1.182
9578,1.62,0.477,-1.143
9579,1.39,0.783,-0.607
9580,1.86,0.767,-1.093
9581,1.8,0.767,-1.033
9582,1.49,0.475,-1.015
9583,1.92,0.478,-1.442
9584,1.94,0.462,-1.478
9585,2.07,0.488,-1.582
9586,1.51,0.336,-1.174
9587,1.61,0.468,-1.142
9588,1.46,0.422,-1.038
9589,1.55,0.436,-1.114
9590,1.42,0.375,-1.045
9591,1.33,0.447,-0.883
9592,1.29,0.482,-0.808
9593,1.18,0.405,-0.775
9594,1.67,0.467,-1.203
9595,1.5,0.448,-1.052
9596,1.52,0.431,-1.089
9597,1.44,0.456,-0.984
9598,1.39,0.474,-0.916
9599,1.62,0.708,-0.912
9600,1.25,0.692,-0.558
9601,1.66,0.563,-1.097
9602,2.52,0.483,-2.037
9603,1.81,0.702,-1.108
9604,1.7,0.574,-1.126
9605,1.38,0.548,-0.832
9606,1.73,0.701,-1.029
9607,1.63,0.68,-0.95
9608,1.55,0.634,-0.916
9609,1.49,0.501,-0.989
9610,1.48,0.462,-1.018
9611,1.51,0.528,-0.982
9612,1.33,0.718,-0.612
9613,1.15,0.525,-0.625
9614,1.53,0.406,-1.124
9615,1.59,0.405,-1.185
9616,1.47,0.39,-1.08
9617,2.06,0.245,-1.815
9618,1.61,0.194,-1.416
9619,1.79,0.229,-1.561
9620,2.27,0.199,-2.071
9621,3.27,0.215,-3.055
9622,1.49,0.214,-1.276
9623,1.71,0.204,-1.506
9624,1.59,0.344,-1.246
9625,1.63,0.181,-1.449
9626,1.23,0.465,-0.765
9627,1.98,0.385,-1.595
9628,1.47,0.388,-1.082
9629,1.93,0.355,-1.575
9630,1.86,0.315,-1.545
9631,1.17,0.417,-0.753
9632,1.43,0.018,-1.412
9633,1.39,0.13,-1.26
9634,1.03,0.074,-0.956
9635,1.37,0.457,-0.913
9636,0.96,0.318,-0.642
9637,1.2,0.333,-0.867
9638,1.21,0.382,-0.828
9639,1.47,0.148,-1.322
9640,2.0,0.156,-1.844
9641,1.32,0.16,-1.16
9642,1.26,0.145,-1.115
9643,1.44,0.158,-1.282
9644,1.24,0.134,-1.106
9645,1.88,0.2,-1.68
9646,1.55,0.198,-1.352
9647,1.26,0.203,-1.057
9648,1.54,0.2,-1.34
9649,1.24,0.205,-1.035
9650,1.32,0.329,-0.991
9651,1.15,0.343,-0.807
9652,1.43,0.347,-1.083
9653,1.38,0.328,-1.052
9654,1.4,0.196,-1.204
9655,1.37,0.177,-1.193
9656,1.8,0.082,-1.718
9657,1.49,0.081,-1.409
9658,1.67,0.202,-1.468
9659,1.36,0.177,-1.183
9660,1.53,0.206,-1.324
9661,1.24,0.217,-1.023
9662,1.5,0.181,-1.319
9663,1.59,0.206,-1.384
9664,1.91,0.098,-1.812
9665,1.54,0.11,-1.43
9666,1.28,0.083,-1.197
9667,1.32,0.0,-1.32
9668,1.64,0.0,-1.64
9669,1.68,0.0,-1.68
9670,1.24,0.0,-1.24
9671,1.26,0.0,-1.26
9672,1.37,0.0,-1.37
9673,1.29,0.0,-1.29
9674,1.53,0.0,-1.53
9675,1.21,0.0,-1.21
9676,1.36,0.0,-1.36
9677,1.42,0.0,-1.42
9678,1.59,0.0,-1.59
9679,1.36,0.0,-1.36
9680,1.91,0.0,-1.91
9681,1.5,0.0,-1.5
9682,1.33,0.0,-1.33
9683,1.48,0.0,-1.48
9684,1.62,0.0,-1.62
9685,1.53,0.0,-1.53
9686,1.74,0.0,-1.74
9687,1.21,0.0,-1.21
9688,1.42,0.0,-1.42
9689,1.27,0.0,-1.27
9690,1.35,0.0,-1.35
9691,1.47,0.0,-1.47
9692,1.43,0.0,-1.43
9693,1.3,0.0,-1.3
9694,1.4,0.0,-1.4
9695,1.26,0.0,-1.26
9696,1.14,0.0,-1.14
9697,0.94,0.0,-0.94
9698,1.18,0.0,-1.18
9699,1.05,0.0,-1.05
9700,1.15,0.0,-1.15
9701,1.18,0.0,-1.18
9702,1.02,0.0,-1.02
9703,1.06,0.0,-1.06
9704,1.02,0.0,-1.02
9705,0.94,0.0,-0.94
9706,0.9,0.0,-0.9
9707,1.12,0.0,-1.12
9708,1.16,0.0,-1.16
9709,1.1,0.0,-1.1
9710,1.12,0.0,-1.12
9711,1.08,0.0,-1.08
9712,1.17,0.0,-1.17
9713,1.26,0.0,-1.26
9714,1.12,0.0,-1.12
9715,1.15,0.0,-1.15
9716,1.21,0.0,-1.21
9717,1.14,0.0,-1.14
9718,1.12,0.0,-1.12
9719,1.32,0.0,-1.32
9720,1.09,0.0,-1.09
9721,1.23,0.0,-1.23
9722,1.25,0.0,-1.25
9723,1.22,0.0,-1.22
9724,1.11,0.0,-1.11
9725,1.78,0.0,-1.78
9726,1.34,0.0,-1.34
9727,1.41,0.0,-1.41
9728,1.45,0.145,-1.305
9729,1.36,0.0,-1.36
9730,1.46,0.076,-1.384
9731,1.37,0.159,-1.211
9732,1.37,0.154,-1.216
9733,1.7,0.0,-1.7
9734,1.59,0.0,-1.59
9735,1.35,0.0,-1.35
9736,1.76,0.0,-1.76
9737,1.34,0.0,-1.34
9738,1.62,0.0,-1.62
9739,1.29,0.0,-1.29
9740,1.27,0.0,-1.27
9741,1.29,0.0,-1.29
9742,1.13,0.026,-1.104
9743,1.64,0.024,-1.616
9744,1.37,0.0,-1.37
9745,1.14,0.0,-1.14
9746,1.3,0.0,-1.3
9747,1.17,0.0,-1.17
9748,1.18,0.0,-1.18
9749,1.15,0.0,-1.15
9750,1.19,0.0,-1.19
9751,1.21,0.0,-1.21
9752,1.23,0.0,-1.23
9753,1.42,0.0,-1.42
9754,1.32,0.0,-1.32
9755,1.43,0.0,-1.43
9756,1.22,0.0,-1.22
9757,1.62,0.0,-1.62
9758,1.39,0.0,-1.39
9759,1.33,0.0,-1.33
9760,1.51,0.0,-1.51
9761,1.48,0.0,-1.48
9762,1.2,0.0,-1.2
9763,1.6,0.0,-1.6
9764,1.6,0.0,-1.6
9765,1.37,0.0,-1.37
9766,1.36,0.0,-1.36
9767,1.71,0.0,-1.71
9768,1.45,0.0,-1.45
9769,1.52,0.0,-1.52
9770,1.75,0.0,-1.75
9771,1.16,0.0,-1.16
9772,1.15,0.0,-1.15
9773,1.24,0.0,-1.24
9774,1.53,0.0,-1.53
9775,1.32,0.0,-1.32
9776,1.65,0.0,-1.65
9777,2.97,0.0,-2.97
9778,1.28,0.0,-1.28
9779,1.39,0.0,-1.39
9780,2.14,0.0,-2.14
9781,1.57,0.0,-1.57
9782,1.98,0.0,-1.98
9783,1.43,0.0,-1.43
9784,1.54,0.0,-1.54
9785,1.65,0.0,-1.65
9786,1.01,0.0,-1.01
9787,3.83,0.0,-3.83
9788,2.27,0.0,-2.27
9789,2.26,0.01,-2.25
9790,1.66,0.0,-1.66
9791,1.87,0.0,-1.87
9792,1.7,0.0,-1.7
9793,1.49,0.0,-1.49
9794,1.25,0.0,-1.25
9795,1.13,0.0,-1.13
9796,1.28,0.0,-1.28
9797,1.15,0.0,-1.15
9798,1.06,0.0,-1.06
9799,1.08,0.0,-1.08
9800,0.97,0.067,-0.903
9801,1.14,0.006,-1.134
9802,1.01,0.0,-1.01
9803,1.16,0.0,-1.16
9804,1.01,0.0,-1.01
9805,1.09,0.0,-1.09
9806,1.17,0.15,-1.02
9807,1.05,0.152,-0.898
9808,1.2,0.027,-1.173
9809,1.12,0.113,-1.007
9810,2.53,0.095,-2.435
9811,1.63,0.0,-1.63
9812,1.41,0.0,-1.41
9813,1.16,0.0,-1.16
9814,1.13,0.0,-1.13
9815,1.47,0.0,-1.47
9816,1.75,0.0,-1.75
9817,1.02,0.0,-1.02
9818,1.14,0.0,-1.14
9819,1.19,0.0,-1.19
9820,0.9,0.0,-0.9
9821,1.55,0.0,-1.55
9822,1.11,0.0,-1.11
9823,0.93,0.0,-0.93
9824,1.42,0.0,-1.42
9825,1.22,0.0,-1.22
9826,1.44,0.0,-1.44
9827,1.16,0.0,-1.16
9828,1.23,0.0,-1.23
9829,1.09,0.0,-1.09
9830,1.65,0.0,-1.65
9831,17.62,0.0,-17.62
9832,1.21,0.0,-1.21
9833,1.1,0.0,-1.1
9834,1.15,0.0,-1.15
9835,1.92,0.0,-1.92
9836,1.24,0.0,-1.24
9837,0.87,0.0,-0.87
9838,1.3,0.0,-1.3
9839,1.33,0.0,-1.33
9840,1.17,0.0,-1.17
9841,1.46,0.0,-1.46
9842,1.23,0.0,-1.23
9843,1.16,0.0,-1.16
9844,2.9,0.0,-2.9
9845,1.19,0.0,-1.19
9846,1.46,0.0,-1.46
9847,2.09,0.0,-2.09
9848,1.27,0.0,-1.27
9849,1.39,0.0,-1.39
9850,1.06,0.0,-1.06
9851,0.79,0.0,-0.79
9852,1.19,0.0,-1.19
9853,0.89,0.0,-0.89
9854,2.27,0.0,-2.27
9855,0.93,0.0,-0.93
9856,1.91,0.0,-1.91
9857,1.42,0.0,-1.42
9858,1.17,0.0,-1.17
9859,1.28,0.0,-1.28
9860,1.7,0.0,-1.7
9861,1.11,0.0,-1.11
9862,1.4,0.0,-1.4
9863,1.79,0.0,-1.79
9864,1.31,0.0,-1.31
9865,1.35,0.0,-1.35
9866,0.98,0.0,-0.98
9867,1.47,0.0,-1.47
9868,1.8,0.0,-1.8
9869,1.72,0.0,-1.72
9870,1.45,0.0,-1.45
9871,1.67,0.0,-1.67
9872,1.62,0.0,-1.62
9873,1.57,0.0,-1.57
9874,1.41,0.0,-1.41
9875,1.67,0.0,-1.67
9876,1.58,0.0,-1.58
9877,1.38,0.0,-1.38
9878,1.81,0.0,-1.81
9879,1.62,0.0,-1.62
9880,1.52,0.0,-1.52
9881,1.46,0.0,-1.46
9882,1.48,0.0,-1.48
9883,1.62,0.0,-1.62
9884,0.9,0.0,-0.9
9885,1.38,0.0,-1.38
9886,1.29,0.0,-1.29
9887,1.07,0.0,-1.07
9888,1.13,0.0,-1.13
9889,1.03,0.0,-1.03
9890,0.91,0.0,-0.91
9891,1.4,0.0,-1.4
9892,0.94,0.0,-0.94
9893,1.18,0.0,-1.18
9894,1.22,0.0,-1.22
9895,1.12,0.0,-1.12
9896,1.09,0.0,-1.09
9897,1.07,0.0,-1.07
9898,1.0,0.0,-1.0
9899,1.25,0.0,-1.25
9900,0.98,0.0,-0.98
9901,1.12,0.0,-1.12
9902,1.1,0.0,-1.1
9903,1.0,0.0,-1.0
9904,1.15,0.0,-1.15
9905,1.07,0.0,-1.07
9906,0.96,0.0,-0.96
9907,1.19,0.0,-1.19
9908,1.07,0.0,-1.07
9909,1.08,0.0,-1.08
9910,0.95,0.0,-0.95
9911,1.34,0.0,-1.34
9912,1.12,0.0,-1.12
9913,1.23,0.0,-1.23
9914,1.22,0.0,-1.22
9915,1.11,0.0,-1.11
9916,1.28,0.0,-1.28
9917,1.27,0.0,-1.27
9918,1.13,0.0,-1.13
9919,1.45,0.0,-1.45
9920,1.32,0.0,-1.32
9921,1.3,0.0,-1.3
9922,1.25,0.0,-1.25
9923,1.18,0.0,-1.18
9924,1.17,0.0,-1.17
9925,1.35,0.0,-1.35
9926,1.51,0.0,-1.51
9927,3.84,0.0,-3.84
9928,2.29,0.0,-2.29
9929,1.49,0.0,-1.49
9930,1.23,0.0,-1.23
9931,1.29,0.0,-1.29
9932,1.41,0.0,-1.41
9933,1.38,0.0,-1.38
9934,1.07,0.0,-1.07
9935,1.15,0.0,-1.15
9936,1.25,0.0,-1.25
9937,1.3,0.0,-1.3
9938,1.35,0.0,-1.35
9939,1.27,0.0,-1.27
9940,1.65,0.0,-1.65
9941,1.34,0.0,-1.34
9942,1.24,0.0,-1.24
9943,1.28,0.0,-1.28
9944,1.24,0.0,-1.24
9945,0.99,0.0,-0.99
9946,1.4,0.0,-1.4
9947,1.27,0.0,-1.27
9948,1.32,0.0,-1.32
9949,1.4,0.0,-1.4
9950,1.08,0.0,-1.08
9951,1.41,0.0,-1.41
9952,1.42,0.0,-1.42
9953,1.08,0.0,-1.08
9954,1.08,0.0,-1.08
9955,1.15,0.0,-1.15
9956,1.35,0.0,-1.35
9957,1.34,0.0,-1.34
9958,1.37,0.0,-1.37
9959,0.94,0.0,-0.94
9960,1.15,0.0,-1.15
9961,1.35,0.0,-1.35
9962,1.09,0.0,-1.09
9963,1.36,0.0,-1.36
9964,1.46,0.0,-1.46
9965,1.22,0.0,-1.22
9966,1.0,0.0,-1.0
9967,1.32,0.0,-1.32
9968,1.28,0.0,-1.28
9969,0.94,0.0,-0.94
9970,1.33,0.0,-1.33
9971,1.75,0.0,-1.75
9972,1.42,0.0,-1.42
9973,1.67,0.0,-1.67
9974,1.34,0.0,-1.34
9975,1.48,0.0,-1.48
9976,1.29,0.0,-1.29
9977,1.55,0.0,-1.55
9978,1.74,0.0,-1.74
9979,1.32,0.0,-1.32
9980,1.42,0.0,-1.42
9981,1.49,0.0,-1.49
9982,1.27,0.0,-1.27
9983,1.33,0.0,-1.33
9984,1.24,0.0,-1.24
9985,1.12,0.0,-1.12
9986,1.83,0.0,-1.83
9987,1.35,0.0,-1.35
9988,1.74,0.0,-1.74
9989,1.24,0.0,-1.24
9990,1.47,0.0,-1.47
9991,1.36,0.0,-1.36
9992,1.42,0.0,-1.42
9993,1.29,0.0,-1.29
9994,1.22,0.0,-1.22
9995,1.36,0.0,-1.36
9996,1.3,0.0,-1.3
9997,1.38,0.0,-1.38
9998,1.41,0.0,-1.41
9999,1.35,0.0,-1.35
10000,1.57,0.0,-1.57
10001,1.21,0.0,-1.21
10002,1.29,0.0,-1.29
10003,1.16,0.0,-1.16
10004,1.2,0.0,-1.2
10005,1.42,0.0,-1.42
10006,1.63,0.0,-1.63
10007,1.31,0.0,-1.31
10008,1.59,0.0,-1.59
10009,1.41,0.0,-1.41
10010,1.58,0.0,-1.58
10011,1.21,0.0,-1.21
10012,1.33,0.0,-1.33
10013,1.6,0.0,-1.6
10014,1.48,0.0,-1.48
10015,1.55,0.0,-1.55
10016,1.32,0.0,-1.32
10017,1.59,0.0,-1.59
10018,1.24,0.0,-1.24
10019,1.24,0.0,-1.24
10020,1.75,0.0,-1.75
10021,1.23,0.0,-1.23
10022,1.33,0.0,-1.33
10023,1.49,0.0,-1.49
10024,1.19,0.0,-1.19
10025,1.58,0.0,-1.58
10026,1.15,0.0,-1.15
10027,1.23,0.0,-1.23
10028,1.09,0.0,-1.09
10029,1.25,0.0,-1.25
10030,1.04,0.0,-1.04
10031,1.32,0.0,-1.32
10032,1.14,0.0,-1.14
10033,1.59,0.0,-1.59
10034,1.47,0.0,-1.47
10035,1.35,0.0,-1.35
10036,1.64,0.0,-1.64
10037,1.41,0.0,-1.41
10038,1.41,0.0,-1.41
10039,1.81,0.0,-1.81
10040,1.31,0.0,-1.31
10041,2.05,0.0,-2.05
10042,1.63,0.0,-1.63
10043,1.89,0.0,-1.89
10044,1.63,0.0,-1.63
10045,1.52,0.0,-1.52
10046,1.46,0.0,-1.46
10047,1.66,0.0,-1.66
10048,1.27,0.0,-1.27
10049,1.51,0.0,-1.51
10050,1.47,0.0,-1.47
10051,1.46,0.0,-1.46
10052,1.24,0.0,-1.24
10053,1.09,0.0,-1.09
10054,1.62,0.0,-1.62
10055,1.89,0.0,-1.89
10056,1.37,0.0,-1.37
10057,1.62,0.0,-1.62
10058,1.34,0.0,-1.34
10059,1.33,0.0,-1.33
10060,1.23,0.0,-1.23
10061,1.36,0.0,-1.36
10062,1.89,0.0,-1.89
10063,1.69,0.0,-1.69
10064,1.38,0.0,-1.38
10065,1.63,0.0,-1.63
10066,1.62,0.0,-1.62
10067,1.29,0.0,-1.29
10068,1.41,0.0,-1.41
10069,1.09,0.0,-1.09
10070,1.66,0.0,-1.66
10071,1.51,0.0,-1.51
10072,2.22,0.0,-2.22
10073,1.49,0.0,-1.49
10074,1.47,0.0,-1.47
10075,1.58,0.0,-1.58
10076,1.48,0.0,-1.48
10077,1.24,0.0,-1.24
10078,1.35,0.0,-1.35
10079,1.31,0.0,-1.31
10080,1.28,0.0,-1.28
10081,1.28,0.0,-1.28
10082,1.22,0.0,-1.22
10083,1.15,0.0,-1.15
10084,1.23,0.0,-1.23
10085,1.26,0.0,-1.26
10086,1.3,0.0,-1.3
10087,1.37,0.0,-1.37
10088,1.25,0.0,-1.25
10089,1.18,0.0,-1.18
10090,1.18,0.0,-1.18
10091,1.29,0.0,-1.29
10092,1.13,0.0,-1.13
10093,1.17,0.0,-1.17
10094,1.13,0.0,-1.13
10095,1.41,0.0,-1.41
10096,1.25,0.0,-1.25
10097,1.28,0.0,-1.28
10098,1.21,0.0,-1.21
10099,1.36,0.0,-1.36
10100,1.45,0.0,-1.45
10101,1.63,0.0,-1.63
10102,1.36,0.0,-1.36
10103,1.32,0.0,-1.32
10104,1.3,0.0,-1.3
10105,1.22,0.0,-1.22
10106,1.79,0.0,-1.79
10107,1.78,0.0,-1.78
10108,1.71,0.0,-1.71
10109,1.84,0.0,-1.84
10110,2.16,0.0,-2.16
10111,1.91,0.097,-1.813
10112,1.75,0.097,-1.653
10113,2.19,0.089,-2.101
10114,2.21,0.0,-2.21
10115,1.8,0.0,-1.8
10116,1.82,0.0,-1.82
10117,1.91,0.0,-1.91
10118,2.01,0.0,-2.01
10119,2.0,0.0,-2.0
10120,1.5,0.0,-1.5
10121,1.93,0.0,-1.93
10122,1.74,0.0,-1.74
10123,1.79,0.0,-1.79
10124,1.48,0.0,-1.48
10125,1.68,0.0,-1.68
10126,1.48,0.0,-1.48
10127,1.47,0.0,-1.47
10128,1.85,0.0,-1.85
10129,1.55,0.0,-1.55
10130,1.54,0.0,-1.54
10131,1.5,0.0,-1.5
10132,1.28,0.0,-1.28
10133,1.4,0.0,-1.4
10134,1.43,0.0,-1.43
10135,1.3,0.0,-1.3
10136,1.53,0.0,-1.53
10137,1.49,0.0,-1.49
10138,1.63,0.0,-1.63
10139,1.37,0.0,-1.37
10140,1.48,0.0,-1.48
10141,1.51,0.0,-1.51
10142,1.31,0.0,-1.31
10143,1.26,0.0,-1.26
10144,1.35,0.0,-1.35
10145,1.45,0.0,-1.45
10146,1.32,0.0,-1.32
10147,1.32,0.0,-1.32
10148,1.44,0.0,-1.44
10149,1.31,0.0,-1.31
10150,1.42,0.0,-1.42
10151,1.36,0.0,-1.36
10152,1.33,0.0,-1.33
10153,1.39,0.0,-1.39
10154,1.36,0.0,-1.36
10155,1.46,0.0,-1.46
10156,1.29,0.0,-1.29
10157,1.31,0.0,-1.31
10158,1.2,0.0,-1.2
10159,1.4,0.0,-1.4
10160,1.43,0.0,-1.43
10161,1.42,0.0,-1.42
10162,1.4,0.0,-1.4
10163,1.4,0.0,-1.4
10164,1.59,0.0,-1.59
10165,1.51,0.0,-1.51
10166,1.42,0.0,-1.42
10167,1.41,0.0,-1.41
10168,1.4,0.0,-1.4
10169,1.63,0.0,-1.63
10170,1.24,0.0,-1.24
10171,1.21,0.0,-1.21
10172,1.12,0.0,-1.12
10173,1.29,0.0,-1.29
10174,1.22,0.0,-1.22
10175,1.2,0.0,-1.2
10176,1.34,0.0,-1.34
10177,1.29,0.0,-1.29
10178,1.33,0.0,-1.33
10179,1.11,0.0,-1.11
10180,1.18,0.0,-1.18
10181,1.27,0.0,-1.27
10182,1.36,0.0,-1.36
10183,1.19,0.0,-1.19
10184,1.21,0.0,-1.21
10185,1.22,0.0,-1.22
10186,1.32,0.0,-1.32
10187,1.17,0.0,-1.17
10188,1.32,0.0,-1.32
10189,1.4,0.0,-1.4
10190,1.67,0.0,-1.67
10191,1.54,0.0,-1.54
10192,1.56,0.0,-1.56
10193,1.72,0.0,-1.72
10194,1.49,0.0,-1.49
10195,1.41,0.0,-1.41
10196,1.76,0.0,-1.76
10197,1.5,0.0,-1.5
10198,1.7,0.0,-1.7
10199,1.99,0.0,-1.99
10200,1.85,0.0,-1.85
10201,1.7,0.0,-1.7
10202,1.68,0.0,-1.68
10203,1.58,0.0,-1.58
10204,2.07,0.0,-2.07
10205,1.38,0.0,-1.38
10206,1.74,0.0,-1.74
10207,0.96,0.0,-0.96
10208,1.29,0.0,-1.29
10209,1.23,0.0,-1.23
10210,1.03,0.0,-1.03
10211,1.73,0.0,-1.73
10212,1.35,0.0,-1.35
10213,1.94,0.0,-1.94
10214,1.9,0.0,-1.9
10215,1.24,0.0,-1.24
10216,1.58,0.0,-1.58
10217,1.69,0.0,-1.69
10218,2.08,0.0,-2.08
10219,1.51,0.0,-1.51
10220,1.44,0.0,-1.44
10221,1.34,0.0,-1.34
10222,1.74,0.0,-1.74
10223,1.35,0.0,-1.35
10224,1.36,0.0,-1.36
10225,1.44,0.0,-1.44
10226,1.2,0.0,-1.2
10227,1.5,0.0,-1.5
10228,1.78,0.0,-1.78
10229,1.71,0.0,-1.71
10230,2.23,0.0,-2.23
10231,1.46,0.0,-1.46
10232,1.16,0.0,-1.16
10233,1.4,0.0,-1.4
10234,1.35,0.0,-1.35
10235,1.3,0.0,-1.3
10236,1.17,0.0,-1.17
10237,1.59,0.0,-1.59
10238,1.62,0.0,-1.62
10239,1.86,0.0,-1.86
10240,1.09,0.0,-1.09
10241,1.45,0.0,-1.45
10242,1.89,0.0,-1.89
10243,1.61,0.0,-1.61
10244,1.43,0.0,-1.43
10245,1.42,0.0,-1.42
10246,1.54,0.0,-1.54
10247,1.76,0.0,-1.76
10248,1.47,0.0,-1.47
10249,1.62,0.0,-1.62
10250,1.58,0.0,-1.58
10251,1.49,0.0,-1.49
10252,1.36,0.0,-1.36
10253,1.8,0.0,-1.8
10254,1.64,0.0,-1.64
10255,1.52,0.0,-1.52
10256,1.51,0.0,-1.51
10257,1.35,0.0,-1.35
10258,1.13,0.0,-1.13
10259,1.23,0.0,-1.23
10260,1.26,0.0,-1.26
10261,1.16,0.0,-1.16
10262,1.31,0.0,-1.31
10263,1.49,0.0,-1.49
10264,2.98,0.0,-2.98
10265,1.73,0.0,-1.73
10266,1.45,0.0,-1.45
10267,1.08,0.0,-1.08
10268,1.23,0.0,-1.23
10269,1.19,0.0,-1.19
10270,1.2,0.0,-1.2
10271,1.0,0.0,-1.0
10272,1.09,0.0,-1.09
10273,1.16,0.0,-1.16
10274,1.09,0.0,-1.09
10275,1.19,0.0,-1.19
10276,1.25,0.0,-1.25
10277,1.18,0.0,-1.18
10278,1.09,0.0,-1.09
10279,1.09,0.0,-1.09
10280,0.98,0.0,-0.98
10281,1.06,0.0,-1.06
10282,1.01,0.0,-1.01
10283,1.1,0.0,-1.1
10284,1.08,0.0,-1.08
10285,1.04,0.0,-1.04
10286,1.23,0.0,-1.23
10287,1.2,0.0,-1.2
10288,1.31,0.0,-1.31
10289,1.25,0.0,-1.25
10290,1.47,0.0,-1.47
10291,1.67,0.0,-1.67
10292,1.29,0.0,-1.29
10293,1.58,0.0,-1.58
10294,2.09,0.0,-2.09
10295,1.82,0.0,-1.82
10296,1.52,0.0,-1.52
10297,1.26,0.0,-1.26
10298,1.43,0.0,-1.43
10299,1.46,0.0,-1.46
10300,1.93,0.0,-1.93
10301,1.52,0.0,-1.52
10302,1.68,0.0,-1.68
10303,1.75,0.0,-1.75
10304,1.95,0.0,-1.95
10305,1.27,0.0,-1.27
10306,1.49,0.0,-1.49
10307,1.29,0.0,-1.29
10308,2.07,0.0,-2.07
10309,1.63,0.0,-1.63
10310,1.4,0.0,-1.4
10311,1.86,0.0,-1.86
10312,1.65,0.0,-1.65
10313,1.72,0.0,-1.72
10314,1.71,0.0,-1.71
10315,1.35,0.0,-1.35
10316,1.24,0.0,-1.24
10317,1.56,0.0,-1.56
10318,1.41,0.0,-1.41
10319,1.32,0.0,-1.32
10320,1.35,0.0,-1.35
10321,1.47,0.0,-1.47
10322,1.39,0.0,-1.39
10323,1.47,0.0,-1.47
10324,1.69,0.0,-1.69
10325,1.43,0.0,-1.43
10326,1.56,0.0,-1.56
10327,1.36,0.0,-1.36
10328,1.23,0.0,-1.23
10329,1.64,0.0,-1.64
10330,1.51,0.0,-1.51
10331,1.39,0.0,-1.39
10332,1.28,0.0,-1.28
10333,1.24,0.0,-1.24
10334,1.15,0.0,-1.15
10335,1.36,0.0,-1.36
10336,1.16,0.0,-1.16
10337,1.46,0.0,-1.46
10338,1.56,0.0,-1.56
10339,1.37,0.0,-1.37
10340,1.52,0.0,-1.52
10341,1.24,0.0,-1.24
10342,1.4,0.0,-1.4
10343,1.65,0.0,-1.65
10344,1.09,0.0,-1.09
10345,1.81,0.0,-1.81
10346,1.61,0.0,-1.61
10347,1.24,0.0,-1.24
10348,1.08,0.0,-1.08
10349,1.34,0.0,-1.34
10350,1.55,0.0,-1.55
10351,1.41,0.0,-1.41
10352,1.34,0.0,-1.34
10353,1.36,0.0,-1.36
10354,1.26,0.0,-1.26
10355,1.57,0.0,-1.57
10356,1.4,0.0,-1.4
10357,1.48,0.0,-1.48
10358,1.2,0.0,-1.2
10359,1.01,0.0,-1.01
10360,1.25,0.0,-1.25
10361,1.17,0.0,-1.17
10362,1.42,0.0,-1.42
10363,1.64,0.0,-1.64
10364,1.24,0.0,-1.24
10365,1.4,0.0,-1.4
10366,1.38,0.0,-1.38
10367,1.23,0.0,-1.23
10368,1.39,0.0,-1.39
10369,1.46,0.0,-1.46
10370,1.28,0.0,-1.28
10371,1.37,0.0,-1.37
10372,1.27,0.0,-1.27
10373,1.25,0.0,-1.25
10374,1.28,0.0,-1.28
10375,1.22,0.0,-1.22
10376,1.23,0.0,-1.23
10377,1.34,0.0,-1.34
10378,1.31,0.0,-1.31
10379,1.07,0.0,-1.07
10380,1.25,0.0,-1.25
10381,1.24,0.0,-1.24
10382,1.43,0.0,-1.43
10383,1.36,0.0,-1.36
10384,1.26,0.0,-1.26
10385,1.37,0.0,-1.37
10386,1.33,0.0,-1.33
10387,1.43,0.0,-1.43
10388,1.37,0.0,-1.37
10389,1.67,0.0,-1.67
10390,1.93,0.0,-1.93
10391,1.74,0.0,-1.74
10392,1.62,0.0,-1.62
10393,1.75,0.0,-1.75
10394,1.74,0.0,-1.74
10395,1.43,0.0,-1.43
10396,1.84,0.0,-1.84
10397,1.57,0.0,-1.57
10398,1.53,0.0,-1.53
10399,1.38,0.0,-1.38
10400,1.3,0.0,-1.3
10401,1.39,0.0,-1.39
10402,1.32,0.0,-1.32
10403,1.29,0.0,-1.29
10404,1.28,0.0,-1.28
10405,1.34,0.0,-1.34
10406,1.37,0.0,-1.37
10407,1.5,0.0,-1.5
10408,1.28,0.0,-1.28
10409,1.53,0.0,-1.53
10410,1.37,0.0,-1.37
10411,1.29,0.0,-1.29
10412,1.43,0.0,-1.43
10413,1.58,0.0,-1.58
10414,1.52,0.0,-1.52
10415,1.34,0.0,-1.34
10416,1.68,0.0,-1.68
10417,1.37,0.0,-1.37
10418,1.51,0.0,-1.51
10419,1.49,0.0,-1.49
10420,1.72,0.0,-1.72
10421,1.51,0.0,-1.51
10422,1.73,0.0,-1.73
10423,1.58,0.0,-1.58
10424,1.51,0.0,-1.51
10425,1.45,0.0,-1.45
10426,2.14,0.0,-2.14
10427,1.5,0.0,-1.5
10428,1.43,0.0,-1.43
10429,1.52,0.0,-1.52
10430,1.48,0.0,-1.48
10431,1.36,0.0,-1.36
10432,1.77,0.0,-1.77
10433,2.1,0.0,-2.1
10434,2.14,0.0,-2.14
10435,1.31,0.0,-1.31
10436,1.94,0.0,-1.94
10437,2.46,0.0,-2.46
10438,1.78,0.0,-1.78
10439,1.99,0.0,-1.99
10440,1.74,0.0,-1.74
10441,1.32,0.0,-1.32
10442,2.09,0.0,-2.09
10443,1.37,0.0,-1.37
10444,1.66,0.0,-1.66
10445,2.13,0.0,-2.13
10446,1.56,0.0,-1.56
10447,1.42,0.0,-1.42
10448,1.68,0.0,-1.68
10449,1.83,0.0,-1.83
10450,1.54,0.0,-1.54
10451,1.32,0.0,-1.32
10452,1.54,0.0,-1.54
10453,1.41,0.0,-1.41
10454,1.25,0.0,-1.25
10455,1.27,0.0,-1.27
10456,1.33,0.0,-1.33
10457,1.2,0.0,-1.2
10458,1.09,0.0,-1.09
10459,1.25,0.0,-1.25
10460,1.07,0.0,-1.07
10461,0.96,0.0,-0.96
10462,1.03,0.0,-1.03
10463,1.05,0.0,-1.05
10464,1.12,0.0,-1.12
10465,1.03,0.0,-1.03
10466,1.18,0.0,-1.18
10467,1.02,0.0,-1.02
10468,1.16,0.0,-1.16
10469,1.08,0.0,-1.08
10470,1.15,0.0,-1.15
10471,1.0,0.0,-1.0
10472,1.11,0.0,-1.11
10473,1.12,0.0,-1.12
10474,1.17,0.0,-1.17
10475,1.08,0.0,-1.08
10476,1.28,0.0,-1.28
10477,1.24,0.0,-1.24
10478,1.19,0.0,-1.19
10479,1.37,0.0,-1.37
10480,1.35,0.0,-1.35
10481,1.48,0.0,-1.48
10482,1.55,0.0,-1.55
10483,1.99,0.0,-1.99
10484,2.19,0.0,-2.19
10485,1.43,0.0,-1.43
10486,2.03,0.0,-2.03
10487,2.53,0.0,-2.53
10488,2.06,0.0,-2.06
10489,1.75,0.0,-1.75
10490,2.44,0.0,-2.44
10491,2.09,0.0,-2.09
10492,1.74,0.0,-1.74
10493,1.75,0.0,-1.75
10494,1.9,0.0,-1.9
10495,1.35,0.0,-1.35
10496,2.09,0.0,-2.09
10497,1.16,0.0,-1.16
10498,1.9,0.0,-1.9
10499,1.61,0.0,-1.61
10500,1.98,0.0,-1.98
10501,1.73,0.0,-1.73
10502,2.13,0.0,-2.13
10503,1.8,0.0,-1.8
10504,1.5,0.0,-1.5
10505,1.51,0.0,-1.51
10506,2.0,0.0,-2.0
10507,1.76,0.0,-1.76
10508,2.41,0.0,-2.41
10509,1.76,0.0,-1.76
10510,1.58,0.0,-1.58
10511,1.92,0.0,-1.92
10512,1.83,0.0,-1.83
10513,2.24,0.0,-2.24
10514,1.62,0.0,-1.62
10515,1.54,0.0,-1.54
10516,1.96,0.0,-1.96
10517,1.24,0.0,-1.24
10518,1.41,0.0,-1.41
10519,1.63,0.0,-1.63
10520,1.37,0.0,-1.37
10521,1.31,0.0,-1.31
10522,1.43,0.0,-1.43
10523,2.86,0.0,-2.86
10524,1.45,0.0,-1.45
10525,1.85,0.0,-1.85
10526,1.47,0.0,-1.47
10527,2.13,0.0,-2.13
10528,1.56,0.0,-1.56
10529,1.7,0.0,-1.7
10530,2.27,0.0,-2.27
10531,1.59,0.0,-1.59
10532,1.76,0.0,-1.76
10533,1.46,0.0,-1.46
10534,1.48,0.0,-1.48
10535,1.76,0.0,-1.76
10536,1.79,0.0,-1.79
10537,1.93,0.0,-1.93
10538,1.75,0.0,-1.75
10539,1.51,0.0,-1.51
10540,1.8,0.0,-1.8
10541,1.43,0.0,-1.43
10542,1.83,0.0,-1.83
10543,1.93,0.0,-1.93
10544,2.23,0.0,-2.23
10545,1.36,0.0,-1.36
10546,1.29,0.0,-1.29
10547,1.26,0.0,-1.26
10548,1.23,0.0,-1.23
10549,1.52,0.0,-1.52
10550,1.4,0.0,-1.4
10551,1.44,0.0,-1.44
10552,1.24,0.0,-1.24
10553,1.22,0.0,-1.22
10554,1.15,0.0,-1.15
10555,1.16,0.0,-1.16
10556,0.97,0.0,-0.97
10557,1.16,0.0,-1.16
10558,0.97,0.0,-0.97
10559,0.98,0.0,-0.98
10560,0.93,0.0,-0.93
10561,0.92,0.0,-0.92
10562,0.99,0.0,-0.99
10563,1.03,0.0,-1.03
10564,0.94,0.0,-0.94
10565,0.87,0.0,-0.87
10566,0.81,0.0,-0.81
10567,1.01,0.0,-1.01
10568,0.91,0.0,-0.91
10569,0.92,0.0,-0.92
10570,0.92,0.0,-0.92
10571,1.07,0.0,-1.07
10572,0.99,0.0,-0.99
10573,0.96,0.0,-0.96
10574,0.93,0.0,-0.93
10575,1.05,0.0,-1.05
10576,0.98,0.0,-0.98
10577,0.96,0.0,-0.96
10578,0.9,0.0,-0.9
10579,0.93,0.0,-0.93
10580,1.02,0.0,-1.02
10581,1.09,0.0,-1.09
10582,1.08,0.0,-1.08
10583,1.03,0.0,-1.03
10584,1.04,0.0,-1.04
10585,1.01,0.0,-1.01
10586,0.99,0.0,-0.99
10587,1.05,0.0,-1.05
10588,1.18,0.0,-1.18
10589,1.03,0.0,-1.03
10590,1.0,0.0,-1.0
10591,0.91,0.0,-0.91
10592,1.02,0.0,-1.02
10593,0.95,0.0,-0.95
10594,0.95,0.0,-0.95
10595,0.98,0.0,-0.98
10596,1.04,0.0,-1.04
10597,1.04,0.0,-1.04
10598,1.01,0.0,-1.01
10599,0.93,0.0,-0.93
10600,1.17,0.0,-1.17
10601,1.06,0.0,-1.06
10602,0.98,0.0,-0.98
10603,0.95,0.0,-0.95
10604,0.83,0.0,-0.83
10605,0.93,0.0,-0.93
10606,0.95,0.0,-0.95
10607,0.91,0.0,-0.91
10608,0.98,0.0,-0.98
10609,0.9,0.0,-0.9
10610,1.0,0.0,-1.0
10611,1.01,0.0,-1.01
10612,1.38,0.0,-1.38
10613,1.53,0.0,-1.53
10614,1.53,0.251,-1.279
10615,1.57,0.017,-1.553
10616,1.64,0.134,-1.506
10617,1.63,0.053,-1.577
10618,1.39,0.022,-1.368
10619,1.47,0.254,-1.216
10620,1.43,0.041,-1.389
10621,1.49,0.0,-1.49
10622,1.52,0.0,-1.52
10623,1.44,0.0,-1.44
10624,1.71,0.036,-1.674
10625,2.19,0.052,-2.138
10626,1.9,0.07,-1.83
10627,1.79,0.013,-1.777
10628,1.69,0.039,-1.651
10629,1.46,0.0,-1.46
10630,1.54,0.0,-1.54
10631,1.7,0.0,-1.7
10632,1.51,0.0,-1.51
10633,1.5,0.0,-1.5
10634,1.37,0.0,-1.37
10635,1.33,0.0,-1.33
10636,1.4,0.0,-1.4
10637,1.59,0.0,-1.59
10638,1.66,0.0,-1.66
10639,1.34,0.0,-1.34
10640,1.61,0.0,-1.61
10641,1.47,0.0,-1.47
10642,1.28,0.0,-1.28
10643,1.54,0.0,-1.54
10644,1.21,0.0,-1.21
10645,1.53,0.0,-1.53
10646,1.32,0.001,-1.319
10647,1.18,0.0,-1.18
10648,1.31,0.0,-1.31
10649,1.23,0.0,-1.23
10650,1.14,0.0,-1.14
10651,1.38,0.0,-1.38
10652,1.12,0.0,-1.12
10653,1.37,0.0,-1.37
10654,1.38,0.0,-1.38
10655,1.24,0.001,-1.239
10656,1.23,0.001,-1.229
10657,1.24,0.001,-1.239
10658,1.29,0.001,-1.289
10659,1.23,0.005,-1.225
10660,1.24,0.008,-1.232
10661,1.34,0.005,-1.335
10662,1.22,0.005,-1.215
10663,1.25,0.0,-1.25
10664,1.21,0.0,-1.21
10665,1.57,0.007,-1.563
10666,1.24,0.001,-1.239
10667,1.59,0.002,-1.588
10668,1.28,0.009,-1.271
10669,1.36,0.005,-1.355
10670,1.5,0.0,-1.5
10671,1.25,0.0,-1.25
10672,1.89,0.0,-1.89
10673,1.37,0.0,-1.37
10674,1.57,0.006,-1.564
10675,1.47,0.0,-1.47
10676,1.55,0.0,-1.55
10677,1.82,0.0,-1.82
10678,1.69,0.0,-1.69
10679,1.71,0.0,-1.71
10680,1.48,0.0,-1.48
10681,2.1,0.0,-2.1
10682,1.8,0.0,-1.8
10683,1.73,0.0,-1.73
10684,1.37,0.0,-1.37
10685,1.68,0.0,-1.68
10686,2.01,0.042,-1.968
10687,1.99,0.0,-1.99
10688,1.49,0.0,-1.49
10689,1.61,0.0,-1.61
10690,1.64,0.0,-1.64
10691,1.48,0.0,-1.48
10692,1.5,0.0,-1.5
10693,1.58,0.0,-1.58
10694,1.69,0.0,-1.69
10695,1.58,0.0,-1.58
10696,1.69,0.0,-1.69
10697,1.59,0.0,-1.59
10698,1.94,0.0,-1.94
10699,1.46,0.0,-1.46
10700,1.73,0.0,-1.73
10701,1.44,0.0,-1.44
10702,1.66,0.0,-1.66
10703,1.37,0.0,-1.37
10704,1.53,0.0,-1.53
10705,1.5,0.0,-1.5
10706,1.28,0.0,-1.28
10707,1.79,0.0,-1.79
10708,1.3,0.0,-1.3
10709,1.63,0.0,-1.63
10710,1.41,0.0,-1.41
10711,1.38,0.0,-1.38
10712,1.66,0.0,-1.66
10713,1.53,0.0,-1.53
10714,1.27,0.0,-1.27
10715,1.84,0.0,-1.84
10716,1.73,0.0,-1.73
10717,1.42,0.0,-1.42
10718,1.29,0.0,-1.29
10719,1.28,0.0,-1.28
10720,1.28,0.0,-1.28
10721,1.36,0.0,-1.36
10722,1.44,0.0,-1.44
10723,1.52,0.0,-1.52
10724,1.15,0.0,-1.15
10725,1.28,0.0,-1.28
10726,1.25,0.0,-1.25
10727,1.54,0.0,-1.54
10728,1.26,0.0,-1.26
10729,1.2,0.0,-1.2
10730,1.51,0.0,-1.51
10731,1.83,0.0,-1.83
10732,1.88,0.0,-1.88
10733,1.86,0.0,-1.86
10734,1.76,0.0,-1.76
10735,1.35,0.0,-1.35
10736,1.48,0.0,-1.48
10737,1.39,0.0,-1.39
10738,1.37,0.0,-1.37
10739,1.22,0.0,-1.22
10740,1.32,0.0,-1.32
10741,1.2,0.0,-1.2
10742,1.45,0.0,-1.45
10743,1.34,0.0,-1.34
10744,1.64,0.0,-1.64
10745,1.36,0.0,-1.36
10746,1.39,0.0,-1.39
10747,1.6,0.0,-1.6
10748,1.7,0.0,-1.7
10749,1.31,0.0,-1.31
10750,1.58,0.0,-1.58
10751,1.53,0.009,-1.521
10752,1.49,0.0,-1.49
10753,1.31,0.0,-1.31
10754,1.37,0.0,-1.37
10755,1.41,0.0,-1.41
10756,1.58,0.0,-1.58
10757,1.34,0.0,-1.34
10758,1.25,0.0,-1.25
10759,1.32,0.0,-1.32
10760,1.25,0.0,-1.25
10761,1.46,0.0,-1.46
10762,1.32,0.0,-1.32
10763,1.15,0.0,-1.15
10764,1.42,0.0,-1.42
10765,1.36,0.0,-1.36
10766,1.26,0.0,-1.26
10767,1.2,0.0,-1.2
10768,1.47,0.0,-1.47
10769,1.5,0.0,-1.5
10770,1.5,0.0,-1.5
10771,1.76,0.0,-1.76
10772,1.65,0.0,-1.65
10773,1.64,0.0,-1.64
10774,1.45,0.0,-1.45
10775,1.34,0.0,-1.34
10776,1.51,0.0,-1.51
10777,1.88,0.0,-1.88
10778,1.41,0.0,-1.41
10779,1.61,0.0,-1.61
10780,1.85,0.0,-1.85
10781,1.56,0.0,-1.56
10782,1.8,0.0,-1.8
10783,1.65,0.0,-1.65
10784,1.45,0.0,-1.45
10785,1.53,0.0,-1.53
10786,1.77,0.0,-1.77
10787,1.9,0.0,-1.9
10788,1.36,0.0,-1.36
10789,1.25,0.0,-1.25
10790,1.86,0.0,-1.86
10791,1.31,0.0,-1.31
10792,1.47,0.0,-1.47
10793,1.83,0.0,-1.83
10794,1.74,0.0,-1.74
10795,1.35,0.0,-1.35
10796,1.15,0.0,-1.15
10797,1.29,0.0,-1.29
10798,1.5,0.0,-1.5
10799,1.57,0.0,-1.57
10800,1.54,0.0,-1.54
10801,1.48,0.0,-1.48
10802,1.85,0.0,-1.85
10803,1.79,0.0,-1.79
10804,1.61,0.0,-1.61
10805,1.71,0.0,-1.71
10806,1.31,0.0,-1.31
10807,1.66,0.0,-1.66
10808,1.89,0.0,-1.89
10809,1.65,0.0,-1.65
10810,1.22,0.0,-1.22
10811,1.8,0.0,-1.8
10812,1.62,0.0,-1.62
10813,1.6,0.0,-1.6
10814,1.78,0.0,-1.78
10815,1.53,0.0,-1.53
10816,1.7,0.0,-1.7
10817,1.79,0.0,-1.79
10818,1.44,0.0,-1.44
10819,1.65,0.0,-1.65
10820,1.66,0.0,-1.66
10821,1.88,0.0,-1.88
10822,1.25,0.0,-1.25
10823,1.68,0.0,-1.68
10824,1.29,0.0,-1.29
10825,1.58,0.0,-1.58
10826,1.81,0.0,-1.81
10827,2.72,0.0,-2.72
10828,1.74,0.0,-1.74
10829,1.76,0.0,-1.76
10830,1.39,0.0,-1.39
10831,1.72,0.0,-1.72
10832,1.51,0.0,-1.51
10833,1.1,0.0,-1.1
10834,1.82,0.0,-1.82
10835,1.12,0.0,-1.12
10836,1.76,0.0,-1.76
10837,1.64,0.0,-1.64
10838,1.88,0.0,-1.88
10839,1.77,0.0,-1.77
10840,1.17,0.0,-1.17
10841,1.53,0.0,-1.53
10842,1.63,0.0,-1.63
10843,1.6,0.0,-1.6
10844,1.52,0.0,-1.52
10845,1.93,0.0,-1.93
10846,1.42,0.0,-1.42
10847,1.91,0.0,-1.91
10848,1.49,0.0,-1.49
10849,1.51,0.0,-1.51
10850,1.34,0.0,-1.34
10851,1.45,0.0,-1.45
10852,1.42,0.0,-1.42
10853,1.39,0.0,-1.39
10854,1.41,0.0,-1.41
10855,1.43,0.0,-1.43
10856,1.5,0.0,-1.5
10857,1.44,0.0,-1.44
10858,1.25,0.0,-1.25
10859,1.55,0.0,-1.55
10860,1.53,0.0,-1.53
10861,1.47,0.0,-1.47
10862,1.41,0.0,-1.41
10863,1.61,0.0,-1.61
10864,1.37,0.0,-1.37
10865,1.69,0.0,-1.69
10866,1.83,0.0,-1.83
10867,2.33,0.0,-2.33
10868,2.12,0.0,-2.12
10869,2.16,0.0,-2.16
10870,1.83,0.0,-1.83
10871,1.94,0.0,-1.94
10872,1.82,0.002,-1.818
10873,1.95,0.0,-1.95
10874,1.81,0.0,-1.81
10875,2.02,0.008,-2.012
10876,2.17,0.013,-2.157
10877,2.08,0.015,-2.065
10878,1.95,0.0,-1.95
10879,2.23,0.0,-2.23
10880,2.53,0.0,-2.53
10881,2.47,0.0,-2.47
10882,2.26,0.0,-2.26
10883,2.16,0.0,-2.16
10884,2.07,0.0,-2.07
10885,2.17,0.0,-2.17
10886,2.22,0.0,-2.22
10887,1.89,0.0,-1.89
10888,1.82,0.0,-1.82
10889,1.95,0.0,-1.95
10890,1.88,0.0,-1.88
10891,1.88,0.0,-1.88
10892,1.89,0.0,-1.89
10893,1.81,0.0,-1.81
10894,1.62,0.0,-1.62
10895,2.2,0.0,-2.2
10896,1.78,0.0,-1.78
10897,1.94,0.0,-1.94
10898,1.91,0.0,-1.91
10899,2.37,0.0,-2.37
10900,1.97,0.001,-1.969
10901,1.93,0.0,-1.93
10902,1.8,0.0,-1.8
10903,1.83,0.0,-1.83
10904,1.56,0.0,-1.56
10905,1.74,0.0,-1.74
10906,1.7,0.0,-1.7
10907,1.41,0.0,-1.41
10908,1.59,0.0,-1.59
10909,1.66,0.0,-1.66
10910,1.59,0.0,-1.59
10911,1.7,0.0,-1.7
10912,1.49,0.0,-1.49
10913,1.43,0.0,-1.43
10914,1.53,0.0,-1.53
10915,1.36,0.0,-1.36
10916,1.59,0.0,-1.59
10917,1.51,0.0,-1.51
10918,1.63,0.0,-1.63
10919,1.45,0.0,-1.45
10920,1.36,0.0,-1.36
10921,1.66,0.0,-1.66
10922,1.67,0.0,-1.67
10923,1.47,0.0,-1.47
10924,1.56,0.0,-1.56
10925,1.64,0.0,-1.64
10926,1.53,0.0,-1.53
10927,1.64,0.0,-1.64
10928,1.74,0.0,-1.74
10929,1.63,0.0,-1.63
10930,1.46,0.0,-1.46
10931,1.47,0.0,-1.47
10932,1.49,0.0,-1.49
10933,1.35,0.0,-1.35
10934,1.54,0.0,-1.54
10935,1.74,0.0,-1.74
10936,1.95,0.0,-1.95
10937,1.57,0.0,-1.57
10938,1.66,0.0,-1.66
10939,1.56,0.0,-1.56
10940,1.69,0.0,-1.69
10941,1.54,0.0,-1.54
10942,1.41,0.0,-1.41
10943,1.45,0.0,-1.45
10944,1.64,0.0,-1.64
10945,1.68,0.0,-1.68
10946,1.67,0.0,-1.67
10947,1.63,0.0,-1.63
10948,1.59,0.0,-1.59
10949,1.69,0.0,-1.69
10950,1.59,0.0,-1.59
10951,1.96,0.0,-1.96
10952,1.48,0.0,-1.48
10953,1.96,0.0,-1.96
10954,1.72,0.009,-1.711
10955,1.8,0.032,-1.768
10956,2.08,0.0,-2.08
10957,2.25,0.052,-2.198
10958,4.39,0.138,-4.252
10959,2.14,0.25,-1.89
10960,2.46,0.202,-2.258
10961,2.57,0.53,-2.04
10962,2.39,0.515,-1.875
10963,2.59,0.514,-2.076
10964,2.93,0.172,-2.758
10965,3.07,0.209,-2.861
10966,3.21,0.657,-2.553
10967,3.35,0.409,-2.941
10968,2.18,0.239,-1.941
10969,2.83,0.209,-2.621
10970,3.93,0.161,-3.769
10971,2.35,0.066,-2.284
10972,3.83,0.076,-3.754
10973,2.97,0.109,-2.861
10974,2.48,0.111,-2.369
10975,2.19,0.088,-2.102
10976,2.43,0.091,-2.339
10977,2.62,0.008,-2.612
10978,2.66,0.006,-2.654
10979,2.25,0.0,-2.25
10980,2.26,0.0,-2.26
10981,2.83,0.0,-2.83
10982,2.1,0.0,-2.1
10983,1.67,0.0,-1.67
10984,1.68,0.0,-1.68
10985,1.88,0.0,-1.88
10986,1.47,0.0,-1.47
10987,1.82,0.0,-1.82
10988,2.2,0.0,-2.2
10989,0.22,0.0,-0.22
10990,0.13,0.0,-0.13
10991,0.55,0.0,-0.55
10992,0.52,0.0,-0.52
10993,0.26,0.0,-0.26
10994,0.33,0.0,-0.33
10995,0.32,0.0,-0.32
10996,0.19,0.0,-0.19
10997,0.3,0.0,-0.3
10998,0.07,0.0,-0.07
10999,0.18,0.0,-0.18
11000,0.29,0.0,-0.29
11001,0.46,0.0,-0.46
11002,0.38,0.0,-0.38
11003,0.5,0.0,-0.5
11004,0.61,0.0,-0.61
11005,0.38,0.0,-0.38
11006,0.67,0.0,-0.67
11007,0.77,0.0,-0.77
11008,0.97,0.0,-0.97
11009,0.96,0.0,-0.96
11010,1.19,0.0,-1.19
11011,0.97,0.0,-0.97
11012,1.0,0.0,-1.0
11013,0.99,0.0,-0.99
11014,1.21,0.0,-1.21
11015,2.11,0.0,-2.11
11016,1.44,0.0,-1.44
11017,0.89,0.0,-0.89
11018,0.88,0.0,-0.88
11019,1.09,0.0,-1.09
11020,1.08,0.0,-1.08
11021,1.07,0.0,-1.07
11022,0.92,0.0,-0.92
11023,0.8,0.0,-0.8
11024,0.95,0.0,-0.95
11025,1.12,0.0,-1.12
11026,0.99,0.0,-0.99
11027,0.9,0.0,-0.9
11028,1.03,0.0,-1.03
11029,0.96,0.0,-0.96
11030,0.96,0.0,-0.96
11031,0.99,0.0,-0.99
11032,0.94,0.0,-0.94
11033,0.9,0.0,-0.9
11034,0.93,0.0,-0.93
11035,1.0,0.0,-1.0
11036,0.96,0.0,-0.96
11037,1.07,0.0,-1.07
11038,0.98,0.0,-0.98
11039,0.92,0.0,-0.92
11040,0.97,0.0,-0.97
11041,1.05,0.0,-1.05
11042,1.02,0.0,-1.02
11043,1.03,0.0,-1.03
11044,0.95,0.0,-0.95
11045,0.9,0.0,-0.9
11046,0.94,0.0,-0.94
11047,1.02,0.0,-1.02
11048,1.17,0.0,-1.17
11049,1.19,0.0,-1.19
11050,0.94,0.0,-0.94
11051,0.98,0.0,-0.98
11052,1.01,0.0,-1.01
11053,0.95,0.0,-0.95
11054,0.93,0.0,-0.93
11055,1.06,0.0,-1.06
11056,1.05,0.0,-1.05
11057,1.25,0.0,-1.25
11058,1.05,0.0,-1.05
11059,1.06,0.0,-1.06
11060,1.01,0.0,-1.01
11061,0.95,0.0,-0.95
11062,0.62,0.0,-0.62
11063,0.72,0.0,-0.72
11064,0.56,0.0,-0.56
11065,0.64,0.0,-0.64
11066,0.44,0.0,-0.44
11067,0.51,0.0,-0.51
11068,0.49,0.0,-0.49
11069,0.34,0.0,-0.34
11070,0.21,0.0,-0.21
11071,0.35,0.0,-0.35
11072,0.32,0.0,-0.32
11073,0.2,0.0,-0.2
11074,0.33,0.0,-0.33
11075,0.12,0.0,-0.12
11076,0.15,0.0,-0.15
11077,0.14,0.0,-0.14
11078,0.17,0.0,-0.17
11079,0.28,0.0,-0.28
11080,0.1,0.0,-0.1
11081,0.04,0.0,-0.04
11082,0.31,0.0,-0.31
11083,0.2,0.0,-0.2
11084,0.45,0.0,-0.45
11085,0.49,0.0,-0.49
11086,0.31,0.0,-0.31
11087,0.23,0.0,-0.23
11088,0.24,0.0,-0.24
11089,0.36,0.0,-0.36
11090,0.37,0.0,-0.37
11091,0.48,0.0,-0.48
11092,0.19,0.0,-0.19
11093,0.35,0.0,-0.35
11094,0.71,0.0,-0.71
11095,0.36,0.0,-0.36
11096,0.39,0.0,-0.39
11097,0.6,0.0,-0.6
11098,0.43,0.0,-0.43
11099,0.91,0.0,-0.91
11100,0.86,0.0,-0.86
11101,0.84,0.0,-0.84
11102,0.88,0.0,-0.88
11103,1.22,0.0,-1.22
11104,1.04,0.0,-1.04
11105,1.03,0.0,-1.03
11106,1.04,0.0,-1.04
11107,1.13,0.0,-1.13
11108,2.14,0.0,-2.14
11109,1.56,0.0,-1.56
11110,1.12,0.0,-1.12
11111,1.5,0.0,-1.5
11112,1.21,0.0,-1.21
11113,1.16,0.0,-1.16
11114,1.58,0.0,-1.58
11115,1.36,0.0,-1.36
11116,1.06,0.0,-1.06
11117,1.29,0.0,-1.29
11118,1.49,0.0,-1.49
11119,0.97,0.0,-0.97
11120,1.26,0.0,-1.26
11121,1.11,0.0,-1.11
11122,1.37,0.0,-1.37
11123,0.93,0.0,-0.93
11124,1.24,0.0,-1.24
11125,1.07,0.0,-1.07
11126,1.34,0.0,-1.34
11127,0.89,0.0,-0.89
11128,1.17,0.0,-1.17
11129,1.14,0.0,-1.14
11130,1.4,0.0,-1.4
11131,1.06,0.0,-1.06
11132,1.0,0.0,-1.0
11133,1.15,0.0,-1.15
11134,1.15,0.0,-1.15
11135,1.09,0.0,-1.09
11136,1.13,0.0,-1.13
11137,0.96,0.0,-0.96
11138,1.12,0.0,-1.12
11139,1.12,0.0,-1.12
11140,1.24,0.0,-1.24
11141,1.08,0.0,-1.08
11142,1.17,0.0,-1.17
11143,1.21,0.0,-1.21
11144,1.17,0.0,-1.17
11145,1.19,0.0,-1.19
11146,1.19,0.0,-1.19
11147,1.29,0.0,-1.29
11148,1.21,0.0,-1.21
11149,1.11,0.0,-1.11
11150,1.3,0.0,-1.3
11151,1.08,0.0,-1.08
11152,1.07,0.0,-1.07
11153,1.13,0.0,-1.13
11154,1.1,0.0,-1.1
11155,1.12,0.0,-1.12
11156,0.96,0.0,-0.96
11157,0.87,0.0,-0.87
11158,0.92,0.0,-0.92
11159,0.89,0.0,-0.89
11160,0.57,0.0,-0.57
11161,0.68,0.0,-0.68
11162,0.76,0.0,-0.76
11163,0.58,0.0,-0.58
11164,0.64,0.0,-0.64
11165,0.58,0.0,-0.58
11166,0.77,0.0,-0.77
11167,0.47,0.0,-0.47
11168,0.44,0.0,-0.44
11169,0.59,0.0,-0.59
11170,0.46,0.0,-0.46
11171,0.27,0.0,-0.27
11172,0.35,0.0,-0.35
11173,0.25,0.0,-0.25
11174,0.21,0.0,-0.21
11175,0.29,0.0,-0.29
11176,0.35,0.0,-0.35
11177,0.18,0.0,-0.18
11178,0.31,0.0,-0.31
11179,0.15,0.0,-0.15
11180,0.1,0.0,-0.1
11181,0.25,0.0,-0.25
11182,0.18,0.0,-0.18
11183,0.27,0.0,-0.27
11184,0.49,0.0,-0.49
11185,0.42,0.0,-0.42
11186,0.39,0.0,-0.39
11187,0.48,0.0,-0.48
11188,0.32,0.0,-0.32
11189,0.56,0.0,-0.56
11190,0.7,0.0,-0.7
11191,0.49,0.0,-0.49
11192,0.6,0.0,-0.6
11193,0.62,0.0,-0.62
11194,1.02,0.0,-1.02
11195,0.81,0.0,-0.81
11196,0.58,0.0,-0.58
11197,0.9,0.0,-0.9
11198,0.81,0.0,-0.81
11199,1.07,0.0,-1.07
11200,1.02,0.0,-1.02
11201,0.98,0.0,-0.98
11202,1.38,0.0,-1.38
11203,1.37,0.0,-1.37
11204,1.64,0.0,-1.64
11205,1.04,0.0,-1.04
11206,1.65,0.0,-1.65
11207,1.4,0.0,-1.4
11208,1.48,0.0,-1.48
11209,1.42,0.0,-1.42
11210,1.12,0.0,-1.12
11211,1.33,0.0,-1.33
11212,1.14,0.0,-1.14
11213,1.08,0.0,-1.08
11214,1.22,0.0,-1.22
11215,1.39,0.0,-1.39
11216,1.35,0.0,-1.35
11217,1.19,0.0,-1.19
11218,1.42,0.0,-1.42
11219,1.22,0.0,-1.22
11220,1.34,0.0,-1.34
11221,1.46,0.0,-1.46
11222,1.17,0.0,-1.17
11223,1.44,0.0,-1.44
11224,1.31,0.0,-1.31
11225,1.25,0.0,-1.25
11226,1.3,0.0,-1.3
11227,1.13,0.0,-1.13
11228,1.24,0.0,-1.24
11229,1.06,0.0,-1.06
11230,1.11,0.0,-1.11
11231,1.14,0.0,-1.14
11232,1.13,0.0,-1.13
11233,1.19,0.0,-1.19
11234,1.19,0.0,-1.19
11235,1.15,0.0,-1.15
11236,1.11,0.0,-1.11
11237,0.84,0.0,-0.84
11238,1.05,0.0,-1.05
11239,0.97,0.0,-0.97
11240,1.11,0.0,-1.11
11241,1.15,0.0,-1.15
11242,1.21,0.0,-1.21
11243,1.18,0.0,-1.18
11244,1.2,0.0,-1.2
11245,1.23,0.0,-1.23
11246,1.24,0.0,-1.24
11247,1.23,0.0,-1.23
11248,1.09,0.0,-1.09
11249,1.39,0.0,-1.39
11250,1.28,0.0,-1.28
11251,1.51,0.0,-1.51
11252,0.99,0.0,-0.99
11253,1.09,0.0,-1.09
11254,1.19,0.0,-1.19
11255,0.88,0.0,-0.88
11256,0.74,0.0,-0.74
11257,0.73,0.0,-0.73
11258,0.84,0.0,-0.84
11259,0.92,0.0,-0.92
11260,0.72,0.0,-0.72
11261,0.44,0.0,-0.44
11262,0.57,0.0,-0.57
11263,0.45,0.0,-0.45
11264,0.69,0.0,-0.69
11265,0.43,0.0,-0.43
11266,0.47,0.0,-0.47
11267,0.4,0.0,-0.4
11268,0.34,0.0,-0.34
11269,0.24,0.0,-0.24
11270,0.61,0.0,-0.61
11271,0.54,0.0,-0.54
11272,0.47,0.0,-0.47
11273,0.31,0.0,-0.31
11274,0.44,0.0,-0.44
11275,0.3,0.0,-0.3
11276,0.39,0.0,-0.39
11277,0.6,0.0,-0.6
11278,0.4,0.0,-0.4
11279,0.53,0.0,-0.53
11280,0.49,0.0,-0.49
11281,0.46,0.0,-0.46
11282,0.78,0.0,-0.78
11283,0.71,0.0,-0.71
11284,1.4,0.0,-1.4
11285,0.89,0.0,-0.89
11286,0.93,0.0,-0.93
11287,1.43,0.0,-1.43
11288,1.09,0.0,-1.09
11289,0.91,0.0,-0.91
11290,0.78,0.0,-0.78
11291,1.17,0.0,-1.17
11292,1.06,0.0,-1.06
11293,1.18,0.0,-1.18
11294,0.73,0.0,-0.73
11295,0.83,0.0,-0.83
11296,1.19,0.0,-1.19
11297,1.37,0.0,-1.37
11298,1.67,0.0,-1.67
11299,1.52,0.0,-1.52
11300,1.72,0.0,-1.72
11301,1.98,0.0,-1.98
11302,1.62,0.0,-1.62
11303,1.53,0.0,-1.53
11304,2.0,0.0,-2.0
11305,1.4,0.0,-1.4
11306,1.07,0.0,-1.07
11307,1.68,0.0,-1.68
11308,1.69,0.0,-1.69
11309,1.27,0.0,-1.27
11310,1.57,0.0,-1.57
11311,1.55,0.0,-1.55
11312,1.4,0.0,-1.4
11313,1.39,0.0,-1.39
11314,1.36,0.0,-1.36
11315,1.39,0.0,-1.39
11316,1.32,0.0,-1.32
11317,1.51,0.0,-1.51
11318,1.7,0.0,-1.7
11319,1.32,0.0,-1.32
11320,1.23,0.0,-1.23
11321,1.45,0.0,-1.45
11322,1.18,0.0,-1.18
11323,0.78,0.0,-0.78
11324,1.03,0.0,-1.03
11325,1.61,0.0,-1.61
11326,1.65,0.0,-1.65
11327,0.86,0.0,-0.86
11328,0.73,0.0,-0.73
11329,1.33,0.0,-1.33
11330,1.77,0.0,-1.77
11331,1.4,0.0,-1.4
11332,1.48,0.0,-1.48
11333,1.33,0.0,-1.33
11334,1.33,0.0,-1.33
11335,1.22,0.0,-1.22
11336,1.48,0.0,-1.48
11337,1.25,0.0,-1.25
11338,1.29,0.0,-1.29
11339,1.36,0.0,-1.36
11340,1.31,0.0,-1.31
11341,1.28,0.0,-1.28
11342,1.54,0.0,-1.54
11343,1.3,0.0,-1.3
11344,1.32,0.0,-1.32
11345,1.38,0.0,-1.38
11346,1.43,0.0,-1.43
11347,1.47,0.0,-1.47
11348,1.07,0.0,-1.07
11349,1.1,0.0,-1.1
11350,1.41,0.0,-1.41
11351,1.0,0.0,-1.0
11352,0.91,0.0,-0.91
11353,0.92,0.0,-0.92
11354,0.97,0.0,-0.97
11355,0.81,0.0,-0.81
11356,0.82,0.0,-0.82
11357,0.82,0.0,-0.82
11358,0.94,0.0,-0.94
11359,0.82,0.0,-0.82
11360,0.8,0.0,-0.8
11361,0.88,0.0,-0.88
11362,1.24,0.0,-1.24
11363,0.96,0.0,-0.96
11364,0.98,0.0,-0.98
11365,1.01,0.0,-1.01
11366,1.13,0.0,-1.13
11367,1.16,0.0,-1.16
11368,0.94,0.0,-0.94
11369,1.18,0.0,-1.18
11370,0.91,0.0,-0.91
11371,0.93,0.0,-0.93
11372,0.9,0.0,-0.9
11373,1.19,0.0,-1.19
11374,0.87,0.0,-0.87
11375,1.0,0.0,-1.0
11376,1.12,0.0,-1.12
11377,1.41,0.0,-1.41
11378,1.04,0.0,-1.04
11379,1.32,0.0,-1.32
11380,1.08,0.0,-1.08
11381,1.44,0.0,-1.44
11382,1.74,0.0,-1.74
11383,1.36,0.0,-1.36
11384,1.13,0.0,-1.13
11385,1.06,0.0,-1.06
11386,1.27,0.0,-1.27
11387,1.27,0.0,-1.27
11388,1.09,0.0,-1.09
11389,1.41,0.0,-1.41
11390,1.57,0.0,-1.57
11391,1.48,0.0,-1.48
11392,1.21,0.0,-1.21
11393,1.55,0.0,-1.55
11394,1.67,0.0,-1.67
11395,1.47,0.0,-1.47
11396,2.07,0.0,-2.07
11397,1.82,0.0,-1.82
11398,1.72,0.0,-1.72
11399,2.0,0.0,-2.0
11400,1.76,0.0,-1.76
11401,2.01,0.0,-2.01
11402,1.86,0.0,-1.86
11403,1.69,0.0,-1.69
11404,1.6,0.0,-1.6
11405,1.62,0.0,-1.62
11406,1.76,0.0,-1.76
11407,1.39,0.0,-1.39
11408,1.45,0.0,-1.45
11409,1.19,0.0,-1.19
11410,1.6,0.0,-1.6
11411,1.92,0.0,-1.92
11412,1.15,0.0,-1.15
11413,1.55,0.0,-1.55
11414,1.88,0.0,-1.88
11415,1.72,0.0,-1.72
11416,2.07,0.0,-2.07
11417,1.86,0.0,-1.86
11418,1.5,0.0,-1.5
11419,1.65,0.0,-1.65
11420,1.88,0.0,-1.88
11421,1.62,0.0,-1.62
11422,1.55,0.0,-1.55
11423,1.76,0.0,-1.76
11424,1.74,0.0,-1.74
11425,1.81,0.0,-1.81
11426,1.42,0.0,-1.42
11427,1.43,0.0,-1.43
11428,1.5,0.0,-1.5
11429,1.45,0.0,-1.45
11430,1.7,0.0,-1.7
11431,1.37,0.0,-1.37
11432,1.5,0.0,-1.5
11433,1.27,0.0,-1.27
11434,1.26,0.0,-1.26
11435,1.32,0.0,-1.32
11436,1.71,0.0,-1.71
11437,1.8,0.0,-1.8
11438,1.61,0.0,-1.61
11439,1.42,0.0,-1.42
11440,1.33,0.0,-1.33
11441,1.79,0.0,-1.79
11442,1.8,0.0,-1.8
11443,1.61,0.0,-1.61
11444,1.6,0.0,-1.6
11445,1.2,0.0,-1.2
11446,1.21,0.0,-1.21
11447,1.12,0.0,-1.12
11448,1.12,0.0,-1.12
11449,1.07,0.0,-1.07
11450,0.85,0.0,-0.85
11451,0.8,0.0,-0.8
11452,0.6,0.0,-0.6
11453,0.6,0.0,-0.6
11454,1.07,0.0,-1.07
11455,0.94,0.0,-0.94
11456,0.92,0.0,-0.92
11457,0.93,0.0,-0.93
11458,0.72,0.0,-0.72
11459,0.53,0.0,-0.53
11460,0.85,0.0,-0.85
11461,0.94,0.0,-0.94
11462,0.97,0.0,-0.97
11463,0.89,0.0,-0.89
11464,0.94,0.0,-0.94
11465,1.11,0.0,-1.11
11466,0.84,0.0,-0.84
11467,0.99,0.0,-0.99
11468,0.67,0.0,-0.67
11469,0.86,0.0,-0.86
11470,0.92,0.0,-0.92
11471,0.92,0.0,-0.92
11472,0.85,0.0,-0.85
11473,0.91,0.0,-0.91
11474,0.88,0.0,-0.88
11475,0.84,0.0,-0.84
11476,1.13,0.0,-1.13
11477,1.23,0.0,-1.23
11478,1.03,0.0,-1.03
11479,1.27,0.0,-1.27
11480,1.03,0.0,-1.03
11481,1.01,0.0,-1.01
11482,1.27,0.0,-1.27
11483,1.17,0.0,-1.17
11484,1.19,0.0,-1.19
11485,1.32,0.0,-1.32
11486,1.59,0.0,-1.59
11487,1.22,0.0,-1.22
11488,1.89,0.0,-1.89
11489,1.57,0.0,-1.57
11490,1.36,0.0,-1.36
11491,1.96,0.0,-1.96
11492,1.94,0.0,-1.94
11493,1.92,0.0,-1.92
11494,1.88,0.0,-1.88
11495,1.9,0.0,-1.9
11496,2.0,0.0,-2.0
11497,1.76,0.0,-1.76
11498,2.3,0.0,-2.3
11499,1.68,0.0,-1.68
11500,1.91,0.0,-1.91
11501,1.27,0.0,-1.27
11502,1.36,0.0,-1.36
11503,1.75,0.0,-1.75
11504,1.81,0.0,-1.81
11505,1.55,0.0,-1.55
11506,1.74,0.0,-1.74
11507,1.77,0.0,-1.77
11508,1.86,0.0,-1.86
11509,1.55,0.0,-1.55
11510,1.69,0.0,-1.69
11511,1.77,0.0,-1.77
11512,1.87,0.0,-1.87
11513,1.65,0.0,-1.65
11514,1.66,0.0,-1.66
11515,1.49,0.0,-1.49
11516,1.55,0.0,-1.55
11517,1.58,0.0,-1.58
11518,1.55,0.0,-1.55
11519,1.79,0.0,-1.79
11520,1.66,0.0,-1.66
11521,1.48,0.0,-1.48
11522,1.52,0.0,-1.52
11523,1.68,0.0,-1.68
11524,1.61,0.0,-1.61
11525,1.58,0.0,-1.58
11526,1.69,0.0,-1.69
11527,1.71,0.0,-1.71
11528,1.5,0.0,-1.5
11529,1.52,0.0,-1.52
11530,1.45,0.0,-1.45
11531,1.64,0.0,-1.64
11532,1.66,0.0,-1.66
11533,1.7,0.0,-1.7
11534,2.04,0.0,-2.04
11535,1.84,0.0,-1.84
11536,1.39,0.0,-1.39
11537,1.58,0.0,-1.58
11538,1.54,0.0,-1.54
11539,1.68,0.0,-1.68
11540,1.44,0.0,-1.44
11541,1.38,0.0,-1.38
11542,1.23,0.0,-1.23
11543,1.25,0.0,-1.25
11544,1.35,0.0,-1.35
11545,0.85,0.0,-0.85
11546,1.3,0.0,-1.3
11547,0.89,0.0,-0.89
11548,1.0,0.0,-1.0
11549,0.8,0.0,-0.8
11550,1.16,0.0,-1.16
11551,0.94,0.0,-0.94
11552,0.72,0.0,-0.72
11553,0.92,0.0,-0.92
11554,0.77,0.0,-0.77
11555,0.81,0.0,-0.81
11556,0.79,0.0,-0.79
11557,0.84,0.0,-0.84
11558,0.55,0.0,-0.55
11559,0.67,0.0,-0.67
11560,0.45,0.0,-0.45
11561,0.53,0.0,-0.53
11562,0.49,0.0,-0.49
11563,0.61,0.0,-0.61
11564,0.56,0.0,-0.56
11565,0.54,0.0,-0.54
11566,0.61,0.0,-0.61
11567,0.62,0.0,-0.62
11568,0.98,0.0,-0.98
11569,0.63,0.0,-0.63
11570,0.52,0.0,-0.52
11571,0.72,0.0,-0.72
11572,0.91,0.0,-0.91
11573,0.86,0.0,-0.86
11574,0.66,0.0,-0.66
11575,0.73,0.0,-0.73
11576,1.01,0.0,-1.01
11577,0.79,0.0,-0.79
11578,0.78,0.0,-0.78
11579,0.76,0.0,-0.76
11580,0.71,0.0,-0.71
11581,0.88,0.0,-0.88
11582,0.99,0.0,-0.99
11583,0.89,0.0,-0.89
11584,0.84,0.0,-0.84
11585,1.25,0.0,-1.25
11586,1.47,0.0,-1.47
11587,1.4,0.0,-1.4
11588,1.63,0.0,-1.63
11589,1.81,0.0,-1.81
11590,1.38,0.0,-1.38
11591,0.96,0.0,-0.96
11592,1.48,0.0,-1.48
11593,1.42,0.0,-1.42
11594,1.58,0.0,-1.58
11595,1.22,0.0,-1.22
11596,1.94,0.0,-1.94
11597,1.32,0.0,-1.32
11598,1.15,0.0,-1.15
11599,1.13,0.0,-1.13
11600,1.06,0.0,-1.06
11601,1.26,0.0,-1.26
11602,1.41,0.0,-1.41
11603,1.52,0.0,-1.52
11604,1.31,0.0,-1.31
11605,1.72,0.0,-1.72
11606,1.08,0.0,-1.08
11607,1.66,0.0,-1.66
11608,1.29,0.0,-1.29
11609,1.8,0.0,-1.8
11610,1.5,0.0,-1.5
11611,1.34,0.0,-1.34
11612,1.47,0.0,-1.47
11613,1.75,0.0,-1.75
11614,1.26,0.0,-1.26
11615,1.44,0.0,-1.44
11616,1.36,0.0,-1.36
11617,1.44,0.0,-1.44
11618,1.66,0.0,-1.66
11619,1.46,0.0,-1.46
11620,1.54,0.0,-1.54
11621,1.44,0.0,-1.44
11622,1.41,0.0,-1.41
11623,1.47,0.0,-1.47
11624,1.41,0.0,-1.41
11625,1.56,0.0,-1.56
11626,1.61,0.0,-1.61
11627,1.5,0.0,-1.5
11628,1.67,0.0,-1.67
11629,1.82,0.0,-1.82
11630,1.73,0.0,-1.73
11631,1.43,0.0,-1.43
11632,1.57,0.0,-1.57
11633,1.37,0.0,-1.37
11634,1.76,0.0,-1.76
11635,1.7,0.0,-1.7
11636,1.39,0.0,-1.39
11637,1.35,0.0,-1.35
11638,1.4,0.0,-1.4
11639,1.47,0.0,-1.47
11640,1.11,0.0,-1.11
11641,1.2,0.0,-1.2
11642,1.26,0.0,-1.26
11643,1.06,0.0,-1.06
11644,1.08,0.0,-1.08
11645,0.94,0.0,-0.94
11646,0.89,0.0,-0.89
11647,1.04,0.0,-1.04
11648,1.21,0.0,-1.21
11649,1.22,0.0,-1.22
11650,1.4,0.0,-1.4
11651,1.44,0.0,-1.44
11652,1.21,0.0,-1.21
11653,1.32,0.0,-1.32
11654,1.25,0.0,-1.25
11655,1.61,0.0,-1.61
11656,1.07,0.0,-1.07
11657,1.02,0.0,-1.02
11658,1.11,0.0,-1.11
11659,1.08,0.0,-1.08
11660,1.16,0.0,-1.16
11661,1.02,0.0,-1.02
11662,1.2,0.0,-1.2
11663,1.34,0.0,-1.34
11664,1.24,0.0,-1.24
11665,1.06,0.0,-1.06
11666,1.1,0.0,-1.1
11667,1.57,0.0,-1.57
11668,1.42,0.0,-1.42
11669,1.62,0.0,-1.62
11670,1.36,0.0,-1.36
11671,1.5,0.0,-1.5
11672,1.51,0.0,-1.51
11673,1.6,0.0,-1.6
11674,2.22,0.0,-2.22
11675,1.77,0.0,-1.77
11676,1.74,0.0,-1.74
11677,1.74,0.0,-1.74
11678,1.75,0.0,-1.75
11679,3.14,0.0,-3.14
11680,2.45,0.0,-2.45
11681,2.36,0.0,-2.36
11682,2.07,0.0,-2.07
11683,2.55,0.0,-2.55
11684,2.75,0.0,-2.75
11685,2.28,0.0,-2.28
11686,2.25,0.0,-2.25
11687,2.15,0.0,-2.15
11688,1.98,0.0,-1.98
11689,2.42,0.0,-2.42
11690,1.72,0.0,-1.72
11691,2.11,0.0,-2.11
11692,2.04,0.0,-2.04
11693,2.27,0.0,-2.27
11694,2.0,0.0,-2.0
11695,1.98,0.0,-1.98
11696,1.97,0.0,-1.97
11697,1.89,0.0,-1.89
11698,2.34,0.0,-2.34
11699,2.08,0.0,-2.08
11700,1.91,0.0,-1.91
11701,1.97,0.0,-1.97
11702,1.52,0.0,-1.52
11703,2.09,0.0,-2.09
11704,1.36,0.0,-1.36
11705,1.55,0.0,-1.55
11706,2.14,0.0,-2.14
11707,1.83,0.0,-1.83
11708,1.67,0.0,-1.67
11709,1.44,0.0,-1.44
11710,2.07,0.0,-2.07
11711,1.97,0.0,-1.97
11712,1.78,0.0,-1.78
11713,2.1,0.0,-2.1
11714,2.16,0.0,-2.16
11715,2.69,0.0,-2.69
11716,2.3,0.0,-2.3
11717,1.99,0.0,-1.99
11718,2.0,0.0,-2.0
11719,1.9,0.0,-1.9
11720,1.6,0.0,-1.6
11721,1.45,0.0,-1.45
11722,1.7,0.0,-1.7
11723,1.88,0.0,-1.88
11724,1.81,0.0,-1.81
11725,1.93,0.0,-1.93
11726,1.81,0.0,-1.81
11727,1.39,0.0,-1.39
11728,1.65,0.0,-1.65
11729,1.93,0.0,-1.93
11730,1.62,0.0,-1.62
11731,1.94,0.0,-1.94
11732,1.63,0.0,-1.63
11733,1.49,0.0,-1.49
11734,1.35,0.0,-1.35
11735,1.2,0.0,-1.2
11736,1.26,0.0,-1.26
11737,1.03,0.0,-1.03
11738,1.21,0.0,-1.21
11739,1.28,0.0,-1.28
11740,1.12,0.0,-1.12
11741,0.9,0.0,-0.9
11742,0.83,0.0,-0.83
11743,0.94,0.0,-0.94
11744,1.49,0.0,-1.49
11745,0.56,0.0,-0.56
11746,0.9,0.0,-0.9
11747,0.81,0.0,-0.81
11748,0.81,0.0,-0.81
11749,1.09,0.0,-1.09
11750,0.91,0.0,-0.91
11751,0.91,0.0,-0.91
11752,1.25,0.0,-1.25
11753,1.15,0.0,-1.15
11754,1.27,0.0,-1.27
11755,0.94,0.0,-0.94
11756,0.99,0.0,-0.99
11757,0.96,0.0,-0.96
11758,1.34,0.0,-1.34
11759,1.83,0.0,-1.83
11760,1.77,0.0,-1.77
11761,1.79,0.0,-1.79
11762,1.13,0.0,-1.13
11763,1.22,0.0,-1.22
11764,1.33,0.0,-1.33
11765,1.21,0.0,-1.21
11766,1.18,0.0,-1.18
11767,1.43,0.0,-1.43
11768,1.58,0.0,-1.58
11769,1.66,0.0,-1.66
11770,1.3,0.0,-1.3
11771,1.48,0.0,-1.48
11772,1.78,0.0,-1.78
11773,1.81,0.0,-1.81
11774,2.08,0.0,-2.08
11775,1.82,0.0,-1.82
11776,3.05,0.0,-3.05
11777,1.76,0.0,-1.76
11778,1.85,0.0,-1.85
11779,2.09,0.0,-2.09
11780,2.22,0.0,-2.22
11781,1.97,0.0,-1.97
11782,2.39,0.0,-2.39
11783,2.13,0.0,-2.13
11784,1.93,0.0,-1.93
11785,2.16,0.0,-2.16
11786,2.13,0.0,-2.13
11787,2.15,0.0,-2.15
11788,2.19,0.0,-2.19
11789,2.15,0.0,-2.15
11790,2.34,0.0,-2.34
11791,1.81,0.0,-1.81
11792,2.22,0.0,-2.22
11793,1.82,0.0,-1.82
11794,1.99,0.0,-1.99
11795,2.28,0.0,-2.28
11796,2.29,0.0,-2.29
11797,2.42,0.0,-2.42
11798,2.2,0.0,-2.2
11799,1.96,0.0,-1.96
11800,2.3,0.0,-2.3
11801,2.26,0.0,-2.26
11802,2.03,0.0,-2.03
11803,3.49,0.0,-3.49
11804,1.9,0.0,-1.9
11805,2.43,0.0,-2.43
11806,1.85,0.0,-1.85
11807,3.27,0.0,-3.27
11808,1.95,0.0,-1.95
11809,3.24,0.0,-3.24
11810,2.04,0.0,-2.04
11811,2.11,0.0,-2.11
11812,2.08,0.0,-2.08
11813,2.05,0.0,-2.05
11814,2.03,0.0,-2.03
11815,1.3,0.0,-1.3
11816,1.3,0.0,-1.3
11817,2.04,0.0,-2.04
11818,1.98,0.0,-1.98
11819,1.81,0.0,-1.81
11820,2.25,0.0,-2.25
11821,1.92,0.0,-1.92
11822,2.25,0.0,-2.25
11823,2.08,0.0,-2.08
11824,1.87,0.0,-1.87
11825,1.97,0.0,-1.97
11826,1.92,0.0,-1.92
11827,1.69,0.0,-1.69
11828,1.95,0.0,-1.95
11829,1.84,0.0,-1.84
11830,1.88,0.0,-1.88
11831,1.6,0.0,-1.6
11832,1.63,0.0,-1.63
11833,1.62,0.0,-1.62
11834,1.76,0.0,-1.76
11835,1.71,0.0,-1.71
11836,1.62,0.0,-1.62
11837,1.59,0.0,-1.59
11838,1.58,0.0,-1.58
11839,1.51,0.0,-1.51
11840,1.54,0.0,-1.54
11841,1.54,0.0,-1.54
11842,1.41,0.0,-1.41
11843,1.17,0.0,-1.17
11844,1.47,0.0,-1.47
11845,1.27,0.0,-1.27
11846,1.23,0.0,-1.23
11847,1.43,0.0,-1.43
11848,1.37,0.0,-1.37
11849,1.78,0.0,-1.78
11850,1.54,0.0,-1.54
11851,1.29,0.0,-1.29
11852,1.04,0.0,-1.04
11853,1.18,0.0,-1.18
11854,1.41,0.0,-1.41
11855,1.34,0.0,-1.34
11856,1.22,0.0,-1.22
11857,1.24,0.0,-1.24
11858,1.69,0.0,-1.69
11859,1.8,0.0,-1.8
11860,1.37,0.0,-1.37
11861,1.79,0.0,-1.79
11862,1.72,0.0,-1.72
11863,1.67,0.0,-1.67
11864,1.64,0.0,-1.64
11865,1.68,0.0,-1.68
11866,1.73,0.0,-1.73
11867,1.65,0.0,-1.65
11868,1.89,0.0,-1.89
11869,1.84,0.0,-1.84
11870,1.97,0.0,-1.97
11871,2.28,0.0,-2.28
11872,2.43,0.0,-2.43
11873,2.63,0.0,-2.63
11874,2.39,0.0,-2.39
11875,2.41,0.0,-2.41
11876,5.34,0.0,-5.34
11877,2.78,0.0,-2.78
11878,2.24,0.0,-2.24
11879,1.93,0.0,-1.93
11880,2.0,0.0,-2.0
11881,2.29,0.0,-2.29
11882,2.31,0.0,-2.31
11883,2.52,0.0,-2.52
11884,1.86,0.0,-1.86
11885,2.28,0.0,-2.28
11886,1.83,0.0,-1.83
11887,2.4,0.0,-2.4
11888,1.91,0.0,-1.91
11889,2.31,0.0,-2.31
11890,2.0,0.0,-2.0
11891,1.97,0.0,-1.97
11892,2.17,0.0,-2.17
11893,1.7,0.0,-1.7
11894,1.96,0.0,-1.96
11895,1.74,0.0,-1.74
11896,2.11,0.0,-2.11
11897,1.51,0.0,-1.51
11898,1.83,0.0,-1.83
11899,1.73,0.0,-1.73
11900,1.68,0.0,-1.68
11901,1.67,0.0,-1.67
11902,1.76,0.0,-1.76
11903,1.77,0.0,-1.77
11904,2.03,0.0,-2.03
11905,1.72,0.0,-1.72
11906,1.39,0.0,-1.39
11907,1.65,0.0,-1.65
11908,2.29,0.0,-2.29
11909,1.56,0.0,-1.56
11910,1.85,0.0,-1.85
11911,2.33,0.0,-2.33
11912,1.93,0.0,-1.93
11913,1.79,0.0,-1.79
11914,1.84,0.0,-1.84
11915,1.79,0.0,-1.79
11916,1.4,0.0,-1.4
11917,2.79,0.0,-2.79
11918,1.97,0.0,-1.97
11919,2.01,0.0,-2.01
11920,2.48,0.0,-2.48
11921,1.76,0.0,-1.76
11922,1.68,0.0,-1.68
11923,1.91,0.0,-1.91
11924,2.11,0.0,-2.11
11925,1.4,0.0,-1.4
11926,1.33,0.0,-1.33
11927,1.8,0.0,-1.8
11928,1.62,0.0,-1.62
11929,1.88,0.0,-1.88
11930,1.47,0.0,-1.47
11931,1.2,0.051,-1.149
11932,1.91,0.0,-1.91
11933,1.63,0.0,-1.63
11934,1.08,0.0,-1.08
11935,1.68,0.0,-1.68
11936,1.19,0.0,-1.19
11937,1.39,0.0,-1.39
11938,1.26,0.0,-1.26
11939,1.19,0.0,-1.19
11940,1.16,0.0,-1.16
11941,0.94,0.0,-0.94
11942,1.0,0.0,-1.0
11943,1.29,0.0,-1.29
11944,0.88,0.0,-0.88
11945,0.94,0.0,-0.94
11946,0.98,0.0,-0.98
11947,1.14,0.0,-1.14
11948,0.84,0.0,-0.84
11949,0.8,0.0,-0.8
11950,0.86,0.0,-0.86
11951,1.01,0.0,-1.01
11952,0.95,0.0,-0.95
11953,0.91,0.0,-0.91
11954,1.12,0.0,-1.12
11955,1.03,0.0,-1.03
11956,1.31,0.0,-1.31
11957,1.02,0.0,-1.02
11958,1.14,0.0,-1.14
11959,1.22,0.0,-1.22
11960,1.18,0.0,-1.18
11961,1.38,0.0,-1.38
11962,1.23,0.0,-1.23
11963,1.43,0.0,-1.43
11964,1.49,0.0,-1.49
11965,1.52,0.0,-1.52
11966,1.54,0.0,-1.54
11967,1.6,0.0,-1.6
11968,2.23,0.0,-2.23
11969,1.8,0.0,-1.8
11970,1.72,0.0,-1.72
11971,2.42,0.0,-2.42
11972,1.76,0.0,-1.76
11973,2.4,0.0,-2.4
11974,2.01,0.0,-2.01
11975,1.73,0.0,-1.73
11976,2.01,0.0,-2.01
11977,1.96,0.0,-1.96
11978,1.65,0.0,-1.65
11979,1.94,0.0,-1.94
11980,2.18,0.0,-2.18
11981,1.41,0.0,-1.41
11982,1.67,0.0,-1.67
11983,1.89,0.0,-1.89
11984,2.39,0.0,-2.39
11985,2.28,0.0,-2.28
11986,2.12,0.0,-2.12
11987,1.76,0.0,-1.76
11988,1.9,0.0,-1.9
11989,1.93,0.0,-1.93
11990,2.29,0.0,-2.29
11991,1.73,0.0,-1.73
11992,1.86,0.0,-1.86
11993,2.03,0.0,-2.03
11994,1.73,0.0,-1.73
11995,1.9,0.0,-1.9
11996,2.46,0.0,-2.46
11997,2.1,0.0,-2.1
11998,2.44,0.0,-2.44
11999,1.85,0.0,-1.85
12000,1.82,0.0,-1.82
12001,2.21,0.0,-2.21
12002,2.32,0.0,-2.32
12003,1.75,0.0,-1.75
12004,1.82,0.0,-1.82
12005,2.16,0.0,-2.16
12006,1.88,0.0,-1.88
12007,1.69,0.0,-1.69
12008,2.04,0.0,-2.04
12009,1.51,0.0,-1.51
12010,1.62,0.0,-1.62
12011,2.33,0.0,-2.33
12012,1.71,0.0,-1.71
12013,1.96,0.0,-1.96
12014,1.72,0.0,-1.72
12015,2.23,0.0,-2.23
12016,1.46,0.0,-1.46
12017,2.01,0.0,-2.01
12018,2.12,0.0,-2.12
12019,1.73,0.0,-1.73
12020,1.4,0.0,-1.4
12021,1.56,0.0,-1.56
12022,1.7,0.0,-1.7
12023,1.55,0.0,-1.55
12024,1.27,0.0,-1.27
12025,1.41,0.0,-1.41
12026,0.82,0.0,-0.82
12027,1.27,0.0,-1.27
12028,1.02,0.0,-1.02
12029,1.14,0.0,-1.14
12030,0.86,0.0,-0.86
12031,0.79,0.0,-0.79
12032,0.68,0.0,-0.68
12033,1.44,0.0,-1.44
12034,0.96,0.0,-0.96
12035,1.05,0.0,-1.05
12036,1.32,0.0,-1.32
12037,1.39,0.0,-1.39
12038,1.17,0.0,-1.17
12039,0.93,0.0,-0.93
12040,1.3,0.0,-1.3
12041,0.98,0.0,-0.98
12042,1.01,0.0,-1.01
12043,1.3,0.0,-1.3
12044,1.07,0.0,-1.07
12045,1.03,0.0,-1.03
12046,0.86,0.0,-0.86
12047,1.14,0.0,-1.14
12048,0.9,0.0,-0.9
12049,0.6,0.0,-0.6
12050,1.16,0.0,-1.16
12051,1.57,0.0,-1.57
12052,1.54,0.0,-1.54
12053,1.77,0.0,-1.77
12054,1.84,0.0,-1.84
12055,2.18,0.0,-2.18
12056,1.99,0.0,-1.99
12057,2.35,0.0,-2.35
12058,1.79,0.0,-1.79
12059,1.77,0.0,-1.77
12060,1.97,0.0,-1.97
12061,2.31,0.0,-2.31
12062,2.09,0.0,-2.09
12063,4.89,0.0,-4.89
12064,1.82,0.0,-1.82
12065,2.52,0.0,-2.52
12066,3.24,0.0,-3.24
12067,2.78,0.0,-2.78
12068,3.1,0.0,-3.1
12069,2.63,0.0,-2.63
12070,1.85,0.0,-1.85
12071,1.83,0.0,-1.83
12072,2.44,0.0,-2.44
12073,2.28,0.0,-2.28
12074,2.78,0.0,-2.78
12075,2.02,0.0,-2.02
12076,1.66,0.0,-1.66
12077,1.94,0.0,-1.94
12078,4.95,0.0,-4.95
12079,2.12,0.0,-2.12
12080,2.4,0.0,-2.4
12081,1.96,0.0,-1.96
12082,2.28,0.0,-2.28
12083,2.24,0.0,-2.24
12084,2.24,0.0,-2.24
12085,1.84,0.0,-1.84
12086,1.39,0.0,-1.39
12087,2.08,0.0,-2.08
12088,2.19,0.0,-2.19
12089,1.79,0.0,-1.79
12090,1.76,0.0,-1.76
12091,2.71,0.0,-2.71
12092,2.75,0.0,-2.75
12093,2.29,0.0,-2.29
12094,2.3,0.0,-2.3
12095,2.2,0.0,-2.2
12096,2.19,0.0,-2.19
12097,2.05,0.0,-2.05
12098,2.06,0.0,-2.06
12099,1.28,0.0,-1.28
12100,2.37,0.0,-2.37
12101,1.88,0.0,-1.88
12102,2.07,0.0,-2.07
12103,2.62,0.0,-2.62
12104,2.1,0.0,-2.1
12105,2.24,0.0,-2.24
12106,2.26,0.0,-2.26
12107,2.2,0.0,-2.2
12108,2.02,0.0,-2.02
12109,1.83,0.0,-1.83
12110,2.62,0.0,-2.62
12111,2.02,0.0,-2.02
12112,1.49,0.0,-1.49
12113,2.35,0.0,-2.35
12114,2.56,0.0,-2.56
12115,2.14,0.0,-2.14
12116,1.94,0.0,-1.94
12117,1.87,0.0,-1.87
12118,1.7,0.0,-1.7
12119,1.81,0.0,-1.81
12120,1.54,0.0,-1.54
12121,1.99,0.0,-1.99
12122,1.53,0.0,-1.53
12123,1.8,0.0,-1.8
12124,1.74,0.0,-1.74
12125,1.42,0.0,-1.42
12126,1.5,0.0,-1.5
12127,1.23,0.0,-1.23
12128,1.42,0.0,-1.42
12129,1.58,0.0,-1.58
12130,1.43,0.0,-1.43
12131,1.2,0.0,-1.2
12132,1.55,0.0,-1.55
12133,1.53,0.0,-1.53
12134,1.34,0.0,-1.34
12135,1.29,0.0,-1.29
12136,0.97,0.0,-0.97
12137,1.21,0.0,-1.21
12138,0.83,0.0,-0.83
12139,1.06,0.0,-1.06
12140,1.15,0.0,-1.15
12141,1.08,0.0,-1.08
12142,1.62,0.0,-1.62
12143,1.78,0.0,-1.78
12144,1.76,0.0,-1.76
12145,2.04,0.0,-2.04
12146,2.01,0.0,-2.01
12147,1.97,0.0,-1.97
12148,1.93,0.0,-1.93
12149,2.65,0.0,-2.65
12150,2.32,0.0,-2.32
12151,1.71,0.0,-1.71
12152,2.38,0.0,-2.38
12153,2.16,0.0,-2.16
12154,2.53,0.0,-2.53
12155,1.58,0.0,-1.58
12156,2.04,0.0,-2.04
12157,2.73,0.0,-2.73
12158,3.34,0.0,-3.34
12159,3.0,0.0,-3.0
12160,4.7,0.0,-4.7
12161,1.43,0.0,-1.43
12162,2.57,0.0,-2.57
12163,2.88,0.0,-2.88
12164,3.67,0.0,-3.67
12165,3.95,0.0,-3.95
12166,2.32,0.0,-2.32
12167,2.77,0.0,-2.77
12168,2.48,0.0,-2.48
12169,2.42,0.0,-2.42
12170,2.52,0.0,-2.52
12171,2.52,0.0,-2.52
12172,2.42,0.0,-2.42
12173,2.71,0.0,-2.71
12174,2.69,0.0,-2.69
12175,2.73,0.0,-2.73
12176,2.48,0.0,-2.48
12177,2.81,0.0,-2.81
12178,2.8,0.0,-2.8
12179,3.05,0.0,-3.05
12180,2.5,0.0,-2.5
12181,4.04,0.0,-4.04
12182,2.36,0.0,-2.36
12183,2.04,0.0,-2.04
12184,2.09,0.0,-2.09
12185,1.75,0.0,-1.75
12186,2.14,0.0,-2.14
12187,0.94,0.0,-0.94
12188,2.31,0.0,-2.31
12189,2.29,0.0,-2.29
12190,3.21,0.0,-3.21
12191,2.38,0.0,-2.38
12192,2.24,0.0,-2.24
12193,2.05,0.0,-2.05
12194,2.91,0.0,-2.91
12195,2.09,0.0,-2.09
12196,2.09,0.0,-2.09
12197,2.15,0.0,-2.15
12198,2.59,0.0,-2.59
12199,1.6,0.0,-1.6
12200,2.17,0.0,-2.17
12201,2.21,0.0,-2.21
12202,2.77,0.0,-2.77
12203,1.99,0.0,-1.99
12204,2.27,0.0,-2.27
12205,2.62,0.0,-2.62
12206,2.14,0.0,-2.14
12207,1.55,0.0,-1.55
12208,2.9,0.0,-2.9
12209,2.59,0.0,-2.59
12210,2.44,0.0,-2.44
12211,2.2,0.0,-2.2
12212,2.59,0.0,-2.59
12213,2.23,0.0,-2.23
12214,2.03,0.0,-2.03
12215,4.45,0.0,-4.45
12216,2.15,0.0,-2.15
12217,2.17,0.0,-2.17
12218,1.89,0.0,-1.89
12219,1.91,0.0,-1.91
12220,1.97,0.0,-1.97
12221,1.57,0.0,-1.57
12222,1.86,0.0,-1.86
12223,1.75,0.0,-1.75
12224,1.9,0.0,-1.9
12225,1.48,0.0,-1.48
12226,1.68,0.0,-1.68
12227,2.26,0.0,-2.26
12228,1.64,0.0,-1.64
12229,1.57,0.0,-1.57
12230,2.1,0.0,-2.1
12231,2.08,0.0,-2.08
12232,1.62,0.0,-1.62
12233,1.69,0.0,-1.69
12234,1.39,0.0,-1.39
12235,2.01,0.0,-2.01
12236,1.81,0.0,-1.81
12237,1.93,0.0,-1.93
12238,1.98,0.0,-1.98
12239,1.76,0.0,-1.76
12240,1.88,0.0,-1.88
12241,1.78,0.0,-1.78
12242,1.67,0.0,-1.67
12243,1.84,0.0,-1.84
12244,2.18,0.0,-2.18
12245,1.48,0.0,-1.48
12246,1.62,0.0,-1.62
12247,1.72,0.0,-1.72
12248,1.83,0.0,-1.83
12249,1.81,0.0,-1.81
12250,2.07,0.0,-2.07
12251,1.91,0.0,-1.91
12252,1.98,0.0,-1.98
12253,2.15,0.0,-2.15
12254,2.06,0.0,-2.06
12255,2.18,0.0,-2.18
12256,2.68,0.0,-2.68
12257,2.22,0.0,-2.22
12258,2.4,0.0,-2.4
12259,2.33,0.0,-2.33
12260,2.99,0.0,-2.99
12261,2.35,0.0,-2.35
12262,2.3,0.0,-2.3
12263,2.47,0.0,-2.47
12264,2.09,0.0,-2.09
12265,2.22,0.0,-2.22
12266,2.34,0.0,-2.34
12267,2.11,0.0,-2.11
12268,1.99,0.0,-1.99
12269,2.41,0.0,-2.41
12270,2.01,0.0,-2.01
12271,1.73,0.0,-1.73
12272,2.14,0.0,-2.14
12273,2.53,0.0,-2.53
12274,2.13,0.0,-2.13
12275,2.3,0.0,-2.3
12276,1.67,0.0,-1.67
12277,2.53,0.0,-2.53
12278,2.27,0.0,-2.27
12279,1.25,0.0,-1.25
12280,2.34,0.0,-2.34
12281,2.29,0.0,-2.29
12282,2.22,0.0,-2.22
12283,2.04,0.0,-2.04
12284,1.91,0.0,-1.91
12285,2.6,0.0,-2.6
12286,1.86,0.0,-1.86
12287,1.66,0.0,-1.66
12288,2.54,0.0,-2.54
12289,3.07,0.0,-3.07
12290,2.19,0.0,-2.19
12291,2.4,0.0,-2.4
12292,2.79,0.0,-2.79
12293,2.23,0.0,-2.23
12294,2.37,0.0,-2.37
12295,2.58,0.0,-2.58
12296,2.73,0.0,-2.73
12297,2.33,0.0,-2.33
12298,1.9,0.0,-1.9
12299,2.63,0.0,-2.63
12300,2.33,0.0,-2.33
12301,2.28,0.0,-2.28
12302,2.11,0.0,-2.11
12303,1.87,0.0,-1.87
12304,2.58,0.0,-2.58
12305,2.38,0.0,-2.38
12306,2.03,0.0,-2.03
12307,1.84,0.0,-1.84
12308,2.02,0.0,-2.02
12309,2.35,0.0,-2.35
12310,2.07,0.0,-2.07
12311,1.94,0.0,-1.94
12312,1.69,0.0,-1.69
12313,2.46,0.0,-2.46
12314,2.16,0.0,-2.16
12315,1.69,0.0,-1.69
12316,1.52,0.0,-1.52
12317,1.73,0.0,-1.73
12318,1.72,0.0,-1.72
12319,1.69,0.0,-1.69
12320,1.37,0.0,-1.37
12321,1.57,0.0,-1.57
12322,1.65,0.0,-1.65
12323,1.46,0.0,-1.46
12324,1.52,0.0,-1.52
12325,1.88,0.0,-1.88
12326,1.64,0.0,-1.64
12327,1.12,0.0,-1.12
12328,1.19,0.0,-1.19
12329,1.19,0.0,-1.19
12330,1.54,0.0,-1.54
12331,1.42,0.0,-1.42
12332,1.8,0.0,-1.8
12333,1.83,0.0,-1.83
12334,2.02,0.0,-2.02
12335,1.56,0.0,-1.56
12336,1.51,0.0,-1.51
12337,1.59,0.0,-1.59
12338,1.79,0.0,-1.79
12339,1.51,0.0,-1.51
12340,1.8,0.0,-1.8
12341,1.76,0.0,-1.76
12342,1.31,0.0,-1.31
12343,1.7,0.0,-1.7
12344,1.44,0.0,-1.44
12345,1.58,0.0,-1.58
12346,1.88,0.0,-1.88
12347,1.2,0.0,-1.2
12348,1.58,0.0,-1.58
12349,2.09,0.0,-2.09
12350,1.73,0.0,-1.73
12351,2.39,0.0,-2.39
12352,1.92,0.0,-1.92
12353,1.93,0.0,-1.93
12354,2.2,0.0,-2.2
12355,1.87,0.0,-1.87
12356,1.96,0.0,-1.96
12357,2.01,0.0,-2.01
12358,2.05,0.0,-2.05
12359,2.13,0.0,-2.13
12360,2.15,0.0,-2.15
12361,1.33,0.0,-1.33
12362,2.17,0.0,-2.17
12363,1.36,0.0,-1.36
12364,2.12,0.0,-2.12
12365,2.61,0.0,-2.61
12366,1.32,0.0,-1.32
12367,1.84,0.0,-1.84
12368,2.35,0.0,-2.35
12369,2.17,0.0,-2.17
12370,2.95,0.0,-2.95
12371,1.82,0.0,-1.82
12372,2.76,0.0,-2.76
12373,2.65,0.0,-2.65
12374,1.38,0.0,-1.38
12375,2.01,0.0,-2.01
12376,2.17,0.0,-2.17
12377,1.9,0.0,-1.9
12378,1.27,0.0,-1.27
12379,2.56,0.0,-2.56
12380,2.14,0.0,-2.14
12381,1.82,0.0,-1.82
12382,1.49,0.0,-1.49
12383,2.52,0.0,-2.52
12384,2.89,0.0,-2.89
12385,1.72,0.0,-1.72
12386,2.32,0.0,-2.32
12387,2.2,0.0,-2.2
12388,2.31,0.0,-2.31
12389,1.95,0.0,-1.95
12390,2.29,0.0,-2.29
12391,2.0,0.0,-2.0
12392,1.52,0.0,-1.52
12393,2.01,0.0,-2.01
12394,1.29,0.0,-1.29
12395,2.15,0.0,-2.15
12396,2.12,0.0,-2.12
12397,2.42,0.0,-2.42
12398,1.77,0.0,-1.77
12399,2.36,0.0,-2.36
12400,1.65,0.0,-1.65
12401,1.34,0.0,-1.34
12402,1.7,0.0,-1.7
12403,1.39,0.0,-1.39
12404,2.46,0.0,-2.46
12405,1.57,0.0,-1.57
12406,1.81,0.0,-1.81
12407,1.43,0.0,-1.43
12408,1.3,0.0,-1.3
12409,1.49,0.0,-1.49
12410,1.91,0.0,-1.91
12411,0.99,0.0,-0.99
12412,0.83,0.0,-0.83
12413,1.31,0.0,-1.31
12414,1.09,0.0,-1.09
12415,1.01,0.0,-1.01
12416,1.46,0.0,-1.46
12417,1.5,0.0,-1.5
12418,1.03,0.0,-1.03
12419,0.83,0.0,-0.83
12420,1.58,0.0,-1.58
12421,1.65,0.0,-1.65
12422,1.44,0.0,-1.44
12423,1.26,0.0,-1.26
12424,1.4,0.0,-1.4
12425,1.8,0.0,-1.8
12426,1.17,0.0,-1.17
12427,1.49,0.0,-1.49
12428,1.39,0.0,-1.39
12429,1.5,0.0,-1.5
12430,1.42,0.0,-1.42
12431,1.64,0.0,-1.64
12432,1.66,0.0,-1.66
12433,2.53,0.0,-2.53
12434,2.13,0.0,-2.13
12435,1.91,0.0,-1.91
12436,2.15,0.0,-2.15
12437,2.12,0.0,-2.12
12438,2.17,0.0,-2.17
12439,8.34,0.0,-8.34
12440,2.15,0.0,-2.15
12441,1.82,0.0,-1.82
12442,1.93,0.0,-1.93
12443,2.73,0.0,-2.73
12444,1.67,0.0,-1.67
12445,2.48,0.0,-2.48
12446,2.57,0.0,-2.57
12447,2.31,0.0,-2.31
12448,2.55,0.0,-2.55
12449,1.76,0.0,-1.76
12450,3.09,0.0,-3.09
12451,2.27,0.0,-2.27
12452,1.95,0.0,-1.95
12453,2.59,0.0,-2.59
12454,2.83,0.0,-2.83
12455,2.05,0.0,-2.05
12456,2.9,0.0,-2.9
12457,2.43,0.0,-2.43
12458,3.68,0.0,-3.68
12459,2.66,0.0,-2.66
12460,5.28,0.0,-5.28
12461,2.85,0.0,-2.85
12462,2.71,0.0,-2.71
12463,3.52,0.0,-3.52
12464,2.54,0.0,-2.54
12465,2.04,0.0,-2.04
12466,2.32,0.0,-2.32
12467,2.22,0.0,-2.22
12468,2.82,0.0,-2.82
12469,2.77,0.0,-2.77
12470,3.73,0.0,-3.73
12471,2.78,0.0,-2.78
12472,2.8,0.0,-2.8
12473,2.33,0.0,-2.33
12474,2.35,0.0,-2.35
12475,3.04,0.0,-3.04
12476,1.82,0.0,-1.82
12477,2.14,0.0,-2.14
12478,1.76,0.0,-1.76
12479,2.12,0.0,-2.12
12480,4.81,0.0,-4.81
12481,3.22,0.0,-3.22
12482,2.18,0.0,-2.18
12483,2.25,0.0,-2.25
12484,1.56,0.0,-1.56
12485,2.04,0.0,-2.04
12486,1.93,0.0,-1.93
12487,2.88,0.0,-2.88
12488,2.85,0.0,-2.85
12489,2.43,0.0,-2.43
12490,2.82,0.0,-2.82
12491,2.35,0.0,-2.35
12492,1.99,0.0,-1.99
12493,2.31,0.0,-2.31
12494,2.46,0.0,-2.46
12495,2.67,0.0,-2.67
12496,2.36,0.0,-2.36
12497,2.59,0.0,-2.59
12498,2.74,0.0,-2.74
12499,2.22,0.0,-2.22
12500,2.0,0.0,-2.0
12501,1.73,0.0,-1.73
12502,2.35,0.0,-2.35
12503,1.87,0.0,-1.87
12504,2.62,0.0,-2.62
12505,1.88,0.0,-1.88
12506,2.05,0.0,-2.05
12507,3.2,0.0,-3.2
12508,2.28,0.0,-2.28
12509,1.67,0.0,-1.67
12510,1.69,0.0,-1.69
12511,1.95,0.0,-1.95
12512,1.9,0.0,-1.9
12513,2.0,0.0,-2.0
12514,1.57,0.0,-1.57
12515,1.78,0.0,-1.78
12516,1.93,0.0,-1.93
12517,2.14,0.0,-2.14
12518,2.0,0.0,-2.0
12519,1.7,0.0,-1.7
12520,1.83,0.0,-1.83
12521,2.17,0.0,-2.17
12522,1.6,0.0,-1.6
12523,3.85,0.0,-3.85
12524,2.19,0.0,-2.19
12525,2.26,0.0,-2.26
12526,1.87,0.0,-1.87
12527,2.07,0.0,-2.07
12528,2.14,0.0,-2.14
12529,2.27,0.0,-2.27
12530,1.84,0.0,-1.84
12531,2.45,0.0,-2.45
12532,2.22,0.0,-2.22
12533,2.16,0.0,-2.16
12534,2.07,0.0,-2.07
12535,1.62,0.0,-1.62
12536,1.9,0.0,-1.9
12537,1.81,0.0,-1.81
12538,4.34,0.0,-4.34
12539,1.73,0.0,-1.73
12540,1.68,0.0,-1.68
12541,1.57,0.0,-1.57
12542,1.98,0.0,-1.98
12543,2.18,0.0,-2.18
12544,2.18,0.0,-2.18
12545,2.07,0.0,-2.07
12546,1.95,0.0,-1.95
12547,2.08,0.0,-2.08
12548,2.64,0.0,-2.64
12549,2.35,0.0,-2.35
12550,2.24,0.0,-2.24
12551,2.03,0.0,-2.03
12552,2.2,0.0,-2.2
12553,1.5,0.0,-1.5
12554,1.74,0.0,-1.74
12555,1.98,0.0,-1.98
12556,2.69,0.0,-2.69
12557,3.08,0.0,-3.08
12558,2.37,0.0,-2.37
12559,1.8,0.0,-1.8
12560,2.56,0.0,-2.56
12561,2.27,0.0,-2.27
12562,2.15,0.0,-2.15
12563,2.23,0.0,-2.23
12564,1.68,0.0,-1.68
12565,2.06,0.0,-2.06
12566,1.47,0.0,-1.47
12567,2.75,0.0,-2.75
12568,2.63,0.0,-2.63
12569,7.36,0.0,-7.36
12570,1.86,0.0,-1.86
12571,2.01,0.0,-2.01
12572,2.49,0.0,-2.49
12573,2.28,0.0,-2.28
12574,1.06,0.0,-1.06
12575,1.85,0.0,-1.85
12576,2.21,0.0,-2.21
12577,2.36,0.0,-2.36
12578,2.28,0.0,-2.28
12579,1.77,0.0,-1.77
12580,1.62,0.0,-1.62
12581,2.13,0.0,-2.13
12582,1.95,0.0,-1.95
12583,2.49,0.0,-2.49
12584,1.65,0.0,-1.65
12585,1.7,0.0,-1.7
12586,2.37,0.0,-2.37
12587,1.74,0.0,-1.74
12588,5.72,0.0,-5.72
12589,2.38,0.0,-2.38
12590,15.37,0.0,-15.37
12591,1.08,0.0,-1.08
12592,1.54,0.0,-1.54
12593,2.09,0.0,-2.09
12594,1.96,0.0,-1.96
12595,2.1,0.0,-2.1
12596,2.03,0.0,-2.03
12597,8.5,0.0,-8.5
12598,1.53,0.0,-1.53
12599,1.63,0.0,-1.63
12600,1.67,0.0,-1.67
12601,1.82,0.0,-1.82
12602,2.21,0.0,-2.21
12603,1.69,0.0,-1.69
12604,1.81,0.0,-1.81
12605,1.48,0.0,-1.48
12606,1.95,0.0,-1.95
12607,1.55,0.0,-1.55
12608,1.3,0.0,-1.3
12609,1.41,0.0,-1.41
12610,1.7,0.0,-1.7
12611,1.46,0.0,-1.46
12612,1.51,0.0,-1.51
12613,1.46,0.0,-1.46
12614,1.11,0.0,-1.11
12615,1.29,0.0,-1.29
12616,1.18,0.0,-1.18
12617,0.98,0.0,-0.98
12618,1.2,0.0,-1.2
12619,1.07,0.0,-1.07
12620,0.86,0.0,-0.86
12621,1.1,0.0,-1.1
12622,0.82,0.0,-0.82
12623,1.14,0.0,-1.14
12624,1.45,0.0,-1.45
12625,1.53,0.0,-1.53
12626,1.6,0.0,-1.6
12627,1.55,0.0,-1.55
12628,1.61,0.0,-1.61
12629,1.74,0.0,-1.74
12630,2.04,0.0,-2.04
12631,2.08,0.0,-2.08
12632,1.97,0.0,-1.97
12633,2.17,0.0,-2.17
12634,1.8,0.0,-1.8
12635,2.12,0.0,-2.12
12636,2.05,0.0,-2.05
12637,2.03,0.0,-2.03
12638,2.09,0.0,-2.09
12639,2.17,0.0,-2.17
12640,2.36,0.0,-2.36
12641,2.67,0.0,-2.67
12642,1.8,0.0,-1.8
12643,2.66,0.0,-2.66
12644,2.46,0.0,-2.46
12645,2.38,0.0,-2.38
12646,3.54,0.0,-3.54
12647,2.74,0.0,-2.74
12648,3.68,0.0,-3.68
12649,2.33,0.0,-2.33
12650,3.07,0.0,-3.07
12651,2.27,0.0,-2.27
12652,2.85,0.0,-2.85
12653,3.09,0.0,-3.09
12654,2.33,0.0,-2.33
12655,2.47,0.0,-2.47
12656,3.23,0.0,-3.23
12657,3.25,0.0,-3.25
12658,3.98,0.0,-3.98
12659,2.69,0.0,-2.69
12660,4.82,0.0,-4.82
12661,2.6,0.0,-2.6
12662,2.49,0.0,-2.49
12663,0.92,0.0,-0.92
12664,2.88,0.0,-2.88
12665,2.05,0.0,-2.05
12666,2.28,0.0,-2.28
12667,2.72,0.0,-2.72
12668,3.11,0.0,-3.11
12669,2.69,0.0,-2.69
12670,2.14,0.0,-2.14
12671,2.62,0.0,-2.62
12672,2.27,0.0,-2.27
12673,2.49,0.0,-2.49
12674,2.6,0.0,-2.6
12675,1.7,0.0,-1.7
12676,2.0,0.0,-2.0
12677,2.44,0.0,-2.44
12678,3.67,0.0,-3.67
12679,2.09,0.0,-2.09
12680,3.4,0.0,-3.4
12681,2.54,0.0,-2.54
12682,2.5,0.0,-2.5
12683,2.59,0.0,-2.59
12684,2.37,0.0,-2.37
12685,1.99,0.0,-1.99
12686,2.39,0.0,-2.39
12687,1.06,0.0,-1.06
12688,1.99,0.0,-1.99
12689,2.26,0.0,-2.26
12690,2.34,0.0,-2.34
12691,1.3,0.0,-1.3
12692,1.85,0.0,-1.85
12693,2.07,0.0,-2.07
12694,2.27,0.0,-2.27
12695,1.98,0.0,-1.98
12696,2.24,0.0,-2.24
12697,1.69,0.0,-1.69
12698,2.14,0.0,-2.14
12699,1.08,0.0,-1.08
12700,1.61,0.0,-1.61
12701,1.76,0.0,-1.76
12702,1.9,0.0,-1.9
12703,1.39,0.0,-1.39
12704,1.64,0.0,-1.64
12705,1.52,0.0,-1.52
12706,1.42,0.0,-1.42
12707,1.28,0.0,-1.28
12708,1.02,0.0,-1.02
12709,1.37,0.0,-1.37
12710,1.19,0.0,-1.19
12711,1.63,0.0,-1.63
12712,1.76,0.0,-1.76
12713,1.61,0.0,-1.61
12714,1.87,0.0,-1.87
12715,3.97,0.0,-3.97
12716,2.25,0.0,-2.25
12717,1.75,0.0,-1.75
12718,1.91,0.0,-1.91
12719,1.36,0.0,-1.36
12720,2.48,0.0,-2.48
12721,1.69,0.0,-1.69
12722,2.89,0.0,-2.89
12723,1.66,0.0,-1.66
12724,2.03,0.0,-2.03
12725,2.2,0.0,-2.2
12726,2.19,0.0,-2.19
12727,1.21,0.0,-1.21
12728,2.17,0.0,-2.17
12729,2.03,0.0,-2.03
12730,1.66,0.0,-1.66
12731,5.16,0.0,-5.16
12732,1.72,0.0,-1.72
12733,2.25,0.0,-2.25
12734,7.62,0.0,-7.62
12735,2.64,0.0,-2.64
12736,3.97,0.0,-3.97
12737,3.24,0.0,-3.24
12738,2.84,0.0,-2.84
12739,2.74,0.0,-2.74
12740,2.99,0.0,-2.99
12741,2.43,0.0,-2.43
12742,8.18,0.0,-8.18
12743,3.65,0.0,-3.65
12744,3.67,0.0,-3.67
12745,2.34,0.0,-2.34
12746,2.87,0.0,-2.87
12747,2.46,0.0,-2.46
12748,2.45,0.0,-2.45
12749,3.05,0.0,-3.05
12750,2.15,0.0,-2.15
12751,2.33,0.0,-2.33
12752,2.13,0.0,-2.13
12753,3.44,0.0,-3.44
12754,4.46,0.0,-4.46
12755,3.55,0.0,-3.55
12756,3.3,0.0,-3.3
12757,6.83,0.0,-6.83
12758,2.72,0.0,-2.72
12759,3.41,0.0,-3.41
12760,2.94,0.0,-2.94
12761,4.55,0.0,-4.55
12762,2.69,0.0,-2.69
12763,3.18,0.0,-3.18
12764,2.69,0.0,-2.69
12765,2.91,0.0,-2.91
12766,2.47,0.0,-2.47
12767,3.35,0.0,-3.35
12768,2.28,0.0,-2.28
12769,2.5,0.0,-2.5
12770,2.76,0.0,-2.76
12771,2.9,0.0,-2.9
12772,3.15,0.0,-3.15
12773,3.11,0.0,-3.11
12774,3.94,0.0,-3.94
12775,2.36,0.0,-2.36
12776,2.74,0.0,-2.74
12777,2.68,0.0,-2.68
12778,2.63,0.0,-2.63
12779,2.75,0.0,-2.75
12780,1.85,0.0,-1.85
12781,2.62,0.0,-2.62
12782,2.77,0.0,-2.77
12783,1.91,0.0,-1.91
12784,2.11,0.0,-2.11
12785,1.83,0.0,-1.83
12786,2.26,0.0,-2.26
12787,1.97,0.0,-1.97
12788,1.62,0.0,-1.62
12789,1.91,0.0,-1.91
12790,1.85,0.0,-1.85
12791,1.85,0.0,-1.85
12792,1.95,0.0,-1.95
12793,1.97,0.0,-1.97
12794,2.12,0.0,-2.12
12795,2.13,0.0,-2.13
12796,2.02,0.0,-2.02
12797,1.9,0.0,-1.9
12798,1.6,0.0,-1.6
12799,1.91,0.0,-1.91
12800,1.87,0.0,-1.87
12801,1.38,0.0,-1.38
12802,1.87,0.0,-1.87
12803,2.09,0.0,-2.09
12804,1.21,0.0,-1.21
12805,1.63,0.0,-1.63
12806,1.59,0.0,-1.59
12807,1.25,0.0,-1.25
12808,2.37,0.0,-2.37
12809,1.42,0.0,-1.42
12810,1.52,0.0,-1.52
12811,1.4,0.0,-1.4
12812,1.75,0.0,-1.75
12813,1.68,0.0,-1.68
12814,1.75,0.0,-1.75
12815,1.83,0.0,-1.83
12816,1.55,0.0,-1.55
12817,2.04,0.0,-2.04
12818,2.19,0.0,-2.19
12819,2.66,0.0,-2.66
12820,2.83,0.0,-2.83
12821,2.31,0.0,-2.31
12822,2.69,0.0,-2.69
12823,2.47,0.0,-2.47
12824,2.66,0.0,-2.66
12825,2.07,0.0,-2.07
12826,3.25,0.0,-3.25
12827,3.08,0.0,-3.08
12828,2.72,0.0,-2.72
12829,2.93,0.0,-2.93
12830,2.58,0.0,-2.58
12831,3.0,0.0,-3.0
12832,3.41,0.0,-3.41
12833,2.94,0.0,-2.94
12834,3.98,0.0,-3.98
12835,5.1,0.0,-5.1
12836,6.41,0.0,-6.41
12837,3.1,0.0,-3.1
12838,3.95,0.0,-3.95
12839,3.5,0.0,-3.5
12840,2.12,0.0,-2.12
12841,4.61,0.0,-4.61
12842,9.6,0.0,-9.6
12843,2.75,0.0,-2.75
12844,2.54,0.0,-2.54
12845,3.35,0.0,-3.35
12846,2.41,0.0,-2.41
12847,4.13,0.0,-4.13
12848,3.27,0.0,-3.27
12849,2.75,0.0,-2.75
12850,2.93,0.0,-2.93
12851,2.55,0.0,-2.55
12852,2.11,0.0,-2.11
12853,3.34,0.0,-3.34
12854,2.26,0.0,-2.26
12855,2.81,0.0,-2.81
12856,1.97,0.0,-1.97
12857,3.05,0.0,-3.05
12858,4.09,0.0,-4.09
12859,1.57,0.0,-1.57
12860,2.84,0.0,-2.84
12861,2.73,0.0,-2.73
12862,0.81,0.0,-0.81
12863,2.3,0.0,-2.3
12864,2.54,0.0,-2.54
12865,2.43,0.0,-2.43
12866,2.99,0.0,-2.99
12867,4.75,0.0,-4.75
12868,7.34,0.0,-7.34
12869,2.55,0.0,-2.55
12870,2.14,0.0,-2.14
12871,2.32,0.0,-2.32
12872,2.49,0.0,-2.49
12873,2.81,0.0,-2.81
12874,1.45,0.0,-1.45
12875,2.36,0.0,-2.36
12876,2.34,0.0,-2.34
12877,2.39,0.0,-2.39
12878,2.51,0.0,-2.51
12879,2.16,0.0,-2.16
12880,2.25,0.0,-2.25
12881,4.41,0.0,-4.41
12882,2.72,0.0,-2.72
12883,1.36,0.0,-1.36
12884,2.55,0.0,-2.55
12885,1.96,0.0,-1.96
12886,2.1,0.0,-2.1
12887,2.19,0.0,-2.19
12888,1.82,0.0,-1.82
12889,1.97,0.0,-1.97
12890,2.81,0.0,-2.81
12891,1.89,0.0,-1.89
12892,2.45,0.0,-2.45
12893,2.33,0.0,-2.33
12894,1.71,0.0,-1.71
12895,1.46,0.0,-1.46
12896,2.47,0.0,-2.47
12897,1.76,0.0,-1.76
12898,1.84,0.0,-1.84
12899,2.11,0.0,-2.11
12900,1.67,0.0,-1.67
12901,1.52,0.0,-1.52
12902,1.59,0.0,-1.59
12903,1.52,0.0,-1.52
12904,1.8,0.0,-1.8
12905,1.78,0.0,-1.78
12906,4.88,0.0,-4.88
12907,2.07,0.0,-2.07
12908,2.28,0.0,-2.28
12909,2.18,0.0,-2.18
12910,1.94,0.0,-1.94
12911,2.09,0.0,-2.09
12912,2.14,0.0,-2.14
12913,2.21,0.0,-2.21
12914,1.99,0.0,-1.99
12915,1.69,0.0,-1.69
12916,2.31,0.0,-2.31
12917,2.69,0.0,-2.69
12918,2.1,0.0,-2.1
12919,2.4,0.0,-2.4
12920,1.8,0.0,-1.8
12921,9.58,0.0,-9.58
12922,4.46,0.0,-4.46
12923,4.47,0.0,-4.47
12924,1.41,0.0,-1.41
12925,3.2,0.0,-3.2
12926,2.54,0.0,-2.54
12927,2.79,0.0,-2.79
12928,2.41,0.0,-2.41
12929,2.54,0.0,-2.54
12930,2.79,0.0,-2.79
12931,4.51,0.0,-4.51
12932,1.78,0.0,-1.78
12933,1.67,0.0,-1.67
12934,2.74,0.0,-2.74
12935,2.47,0.0,-2.47
12936,2.46,0.0,-2.46
12937,4.15,0.0,-4.15
12938,2.05,0.0,-2.05
12939,7.64,0.0,-7.64
12940,11.08,0.0,-11.08
12941,2.53,0.0,-2.53
12942,2.75,0.0,-2.75
12943,1.99,0.0,-1.99
12944,5.24,0.0,-5.24
12945,2.24,0.0,-2.24
12946,1.99,0.0,-1.99
12947,5.22,0.0,-5.22
12948,1.88,0.0,-1.88
12949,8.01,0.0,-8.01
12950,3.35,0.0,-3.35
12951,2.36,0.0,-2.36
12952,2.81,0.0,-2.81
12953,3.16,0.0,-3.16
12954,2.72,0.0,-2.72
12955,2.2,0.0,-2.2
12956,1.62,0.0,-1.62
12957,0.98,0.0,-0.98
12958,3.23,0.0,-3.23
12959,2.15,0.0,-2.15
12960,1.82,0.0,-1.82
12961,3.69,0.0,-3.69
12962,1.8,0.0,-1.8
12963,3.42,0.0,-3.42
12964,3.26,0.0,-3.26
12965,2.79,0.0,-2.79
12966,1.64,0.0,-1.64
12967,3.0,0.0,-3.0
12968,3.23,0.0,-3.23
12969,2.33,0.0,-2.33
12970,2.47,0.0,-2.47
12971,2.17,0.0,-2.17
12972,1.82,0.0,-1.82
12973,2.23,0.0,-2.23
12974,2.92,0.0,-2.92
12975,9.99,0.0,-9.99
12976,7.74,0.0,-7.74
12977,8.53,0.0,-8.53
12978,3.99,0.0,-3.99
12979,3.97,0.0,-3.97
12980,3.98,0.0,-3.98
12981,2.23,0.0,-2.23
12982,2.48,0.0,-2.48
12983,2.33,0.0,-2.33
12984,3.24,0.0,-3.24
12985,1.46,0.0,-1.46
12986,3.1,0.0,-3.1
12987,2.14,0.0,-2.14
12988,2.5,0.0,-2.5
12989,2.36,0.0,-2.36
12990,1.98,0.0,-1.98
12991,3.58,0.0,-3.58
12992,2.22,0.0,-2.22
12993,2.42,0.0,-2.42
12994,1.38,0.0,-1.38
12995,2.35,0.0,-2.35
12996,2.29,0.0,-2.29
12997,1.95,0.0,-1.95
12998,3.03,0.0,-3.03
12999,1.8,0.0,-1.8
13000,1.67,0.0,-1.67
13001,2.3,0.0,-2.3
13002,3.83,0.0,-3.83
13003,2.12,0.0,-2.12
13004,2.24,0.0,-2.24
13005,0.82,0.0,-0.82
13006,2.54,0.0,-2.54
13007,1.93,0.0,-1.93
13008,4.56,0.0,-4.56
13009,1.94,0.0,-1.94
13010,2.77,0.0,-2.77
13011,2.76,0.0,-2.76
13012,3.37,0.0,-3.37
13013,3.56,0.0,-3.56
13014,3.39,0.0,-3.39
13015,3.13,0.0,-3.13
13016,6.97,0.0,-6.97
13017,4.45,0.0,-4.45
13018,2.69,0.0,-2.69
13019,2.3,0.0,-2.3
13020,2.84,0.0,-2.84
13021,2.34,0.0,-2.34
13022,2.47,0.0,-2.47
13023,2.72,0.0,-2.72
13024,2.95,0.0,-2.95
13025,2.52,0.0,-2.52
13026,2.27,0.0,-2.27
13027,4.15,0.0,-4.15
13028,2.44,0.0,-2.44
13029,3.86,0.0,-3.86
13030,2.07,0.0,-2.07
13031,3.73,0.0,-3.73
13032,2.45,0.0,-2.45
13033,5.86,0.0,-5.86
13034,2.83,0.0,-2.83
13035,2.52,0.0,-2.52
13036,2.49,0.0,-2.49
13037,2.61,0.0,-2.61
13038,3.6,0.0,-3.6
13039,2.05,0.0,-2.05
13040,3.04,0.0,-3.04
13041,2.54,0.0,-2.54
13042,1.59,0.0,-1.59
13043,3.55,0.0,-3.55
13044,3.07,0.0,-3.07
13045,2.47,0.0,-2.47
13046,2.36,0.0,-2.36
13047,3.41,0.0,-3.41
13048,4.77,0.0,-4.77
13049,3.53,0.0,-3.53
13050,1.73,0.0,-1.73
13051,2.1,0.0,-2.1
13052,3.56,0.0,-3.56
13053,3.34,0.0,-3.34
13054,4.69,0.0,-4.69
13055,4.39,0.0,-4.39
13056,1.69,0.0,-1.69
13057,3.62,0.0,-3.62
13058,2.81,0.0,-2.81
13059,3.31,0.0,-3.31
13060,5.97,0.0,-5.97
13061,2.11,0.0,-2.11
13062,2.71,0.0,-2.71
13063,4.98,0.0,-4.98
13064,3.45,0.0,-3.45
13065,3.13,0.0,-3.13
13066,3.9,0.0,-3.9
13067,2.61,0.0,-2.61
13068,3.28,0.0,-3.28
13069,3.11,0.0,-3.11
13070,2.75,0.0,-2.75
13071,2.55,0.0,-2.55
13072,1.43,0.0,-1.43
13073,2.98,0.0,-2.98
13074,3.66,0.0,-3.66
13075,2.73,0.0,-2.73
13076,2.72,0.0,-2.72
13077,2.1,0.0,-2.1
13078,3.23,0.0,-3.23
13079,2.42,0.0,-2.42
13080,2.06,0.0,-2.06
13081,2.11,0.0,-2.11
13082,2.42,0.0,-2.42
13083,1.87,0.0,-1.87
13084,2.96,0.0,-2.96
13085,8.49,0.0,-8.49
13086,2.29,0.0,-2.29
13087,2.97,0.0,-2.97
13088,1.72,0.0,-1.72
13089,2.77,0.0,-2.77
13090,1.77,0.0,-1.77
13091,2.75,0.0,-2.75
13092,1.94,0.0,-1.94
13093,2.09,0.0,-2.09
13094,1.94,0.0,-1.94
13095,2.2,0.0,-2.2
13096,1.58,0.0,-1.58
13097,2.27,0.0,-2.27
13098,3.36,0.0,-3.36
13099,3.39,0.0,-3.39
13100,3.07,0.0,-3.07
13101,2.77,0.0,-2.77
13102,7.33,0.0,-7.33
13103,2.27,0.0,-2.27
13104,1.74,0.0,-1.74
13105,4.81,0.0,-4.81
13106,3.74,0.0,-3.74
13107,3.49,0.0,-3.49
13108,2.96,0.0,-2.96
13109,2.95,0.0,-2.95
13110,3.77,0.0,-3.77
13111,4.66,0.0,-4.66
13112,4.02,0.0,-4.02
13113,3.83,0.0,-3.83
13114,2.89,0.0,-2.89
13115,1.28,0.0,-1.28
13116,2.7,0.0,-2.7
13117,3.82,0.0,-3.82
13118,3.64,0.0,-3.64
13119,3.84,0.0,-3.84
13120,3.39,0.0,-3.39
13121,3.77,0.0,-3.77
13122,3.38,0.0,-3.38
13123,3.27,0.0,-3.27
13124,3.88,0.0,-3.88
13125,3.31,0.0,-3.31
13126,3.95,0.0,-3.95
13127,4.17,0.0,-4.17
13128,2.72,0.0,-2.72
13129,3.0,0.0,-3.0
13130,3.19,0.0,-3.19
13131,3.38,0.0,-3.38
13132,3.92,0.0,-3.92
13133,3.14,0.0,-3.14
13134,5.7,0.0,-5.7
13135,5.35,0.0,-5.35
13136,10.0,0.0,-10.0
13137,5.46,0.0,-5.46
13138,3.25,0.0,-3.25
13139,5.01,0.0,-5.01
13140,4.96,0.0,-4.96
13141,3.61,0.0,-3.61
13142,2.69,0.0,-2.69
13143,2.69,0.0,-2.69
13144,3.53,0.0,-3.53
13145,5.65,0.0,-5.65
13146,2.21,0.0,-2.21
13147,3.1,0.0,-3.1
13148,2.43,0.0,-2.43
13149,2.49,0.0,-2.49
13150,3.37,0.0,-3.37
13151,3.68,0.0,-3.68
13152,2.78,0.0,-2.78
13153,3.24,0.0,-3.24
13154,3.35,0.0,-3.35
13155,3.07,0.0,-3.07
13156,4.4,0.0,-4.4
13157,3.15,0.0,-3.15
13158,3.45,0.0,-3.45
13159,3.72,0.0,-3.72
13160,2.64,0.0,-2.64
13161,2.06,0.0,-2.06
13162,2.21,0.0,-2.21
13163,2.7,0.0,-2.7
13164,2.59,0.0,-2.59
13165,2.5,0.0,-2.5
13166,1.46,0.0,-1.46
13167,2.47,0.0,-2.47
13168,2.63,0.0,-2.63
13169,1.9,0.0,-1.9
13170,1.92,0.0,-1.92
13171,2.3,0.0,-2.3
13172,2.3,0.0,-2.3
13173,2.04,0.0,-2.04
13174,2.6,0.0,-2.6
13175,3.49,0.0,-3.49
13176,2.28,0.0,-2.28
13177,2.36,0.0,-2.36
13178,1.77,0.0,-1.77
13179,2.65,0.0,-2.65
13180,3.43,0.0,-3.43
13181,2.8,0.0,-2.8
13182,2.02,0.0,-2.02
13183,2.2,0.0,-2.2
13184,2.14,0.0,-2.14
13185,2.56,0.0,-2.56
13186,2.33,0.0,-2.33
13187,2.09,0.0,-2.09
13188,4.86,0.0,-4.86
13189,3.36,0.0,-3.36
13190,2.0,0.0,-2.0
13191,2.38,0.0,-2.38
13192,2.77,0.0,-2.77
13193,2.79,0.0,-2.79
13194,3.45,0.0,-3.45
13195,2.52,0.0,-2.52
13196,2.06,0.0,-2.06
13197,2.79,0.0,-2.79
13198,4.1,0.0,-4.1
13199,2.91,0.0,-2.91
13200,2.62,0.0,-2.62
13201,3.4,0.0,-3.4
13202,2.22,0.0,-2.22
13203,3.13,0.0,-3.13
13204,3.4,0.0,-3.4
13205,4.24,0.0,-4.24
13206,3.05,0.0,-3.05
13207,3.85,0.0,-3.85
13208,3.87,0.0,-3.87
13209,5.59,0.0,-5.59
13210,5.15,0.0,-5.15
13211,4.68,0.0,-4.68
13212,4.77,0.0,-4.77
13213,6.16,0.0,-6.16
13214,3.69,0.0,-3.69
13215,2.71,0.0,-2.71
13216,12.82,0.0,-12.82
13217,7.9,0.0,-7.9
13218,3.34,0.0,-3.34
13219,3.45,0.0,-3.45
13220,3.33,0.0,-3.33
13221,3.33,0.0,-3.33
13222,2.55,0.0,-2.55
13223,3.28,0.0,-3.28
13224,7.84,0.0,-7.84
13225,4.47,0.0,-4.47
13226,3.2,0.0,-3.2
13227,3.37,0.0,-3.37
13228,2.9,0.0,-2.9
13229,4.04,0.0,-4.04
13230,3.06,0.0,-3.06
13231,4.19,0.0,-4.19
13232,4.44,0.0,-4.44
13233,7.12,0.0,-7.12
13234,4.29,0.0,-4.29
13235,3.23,0.0,-3.23
13236,2.62,0.0,-2.62
13237,3.65,0.0,-3.65
13238,3.47,0.0,-3.47
13239,3.38,0.0,-3.38
13240,2.99,0.0,-2.99
13241,2.51,0.0,-2.51
13242,3.96,0.0,-3.96
13243,3.89,0.0,-3.89
13244,4.15,0.0,-4.15
13245,4.39,0.0,-4.39
13246,5.92,0.0,-5.92
13247,3.83,0.0,-3.83
13248,3.69,0.0,-3.69
13249,3.21,0.0,-3.21
13250,4.35,0.0,-4.35
13251,2.99,0.0,-2.99
13252,2.55,0.0,-2.55
13253,3.74,0.0,-3.74
13254,4.65,0.0,-4.65
13255,3.62,0.0,-3.62
13256,2.62,0.0,-2.62
13257,3.25,0.0,-3.25
13258,3.06,0.0,-3.06
13259,1.92,0.0,-1.92
13260,3.13,0.0,-3.13
13261,4.29,0.0,-4.29
13262,5.03,0.0,-5.03
13263,3.54,0.0,-3.54
13264,2.88,0.0,-2.88
13265,3.13,0.0,-3.13
13266,3.03,0.0,-3.03
13267,10.92,0.0,-10.92
13268,3.2,0.0,-3.2
13269,3.39,0.0,-3.39
13270,3.86,0.0,-3.86
13271,2.61,0.0,-2.61
13272,4.0,0.0,-4.0
13273,2.32,0.0,-2.32
13274,2.37,0.0,-2.37
13275,2.33,0.0,-2.33
13276,6.93,0.0,-6.93
13277,2.68,0.0,-2.68
13278,2.77,0.0,-2.77
13279,2.25,0.0,-2.25
13280,2.75,0.0,-2.75
13281,3.01,0.0,-3.01
13282,1.98,0.0,-1.98
13283,2.69,0.0,-2.69
13284,1.2,0.0,-1.2
13285,2.98,0.0,-2.98
13286,2.89,0.0,-2.89
13287,2.51,0.0,-2.51
13288,11.7,0.0,-11.7
13289,2.79,0.0,-2.79
13290,1.96,0.0,-1.96
13291,2.47,0.0,-2.47
13292,2.81,0.0,-2.81
13293,2.29,0.0,-2.29
13294,9.78,0.0,-9.78
13295,3.62,0.0,-3.62
13296,2.14,0.0,-2.14
13297,2.37,0.0,-2.37
13298,7.92,0.0,-7.92
13299,3.54,0.0,-3.54
13300,3.22,0.0,-3.22
13301,5.38,0.0,-5.38
13302,4.11,0.0,-4.11
13303,3.73,0.0,-3.73
13304,4.64,0.0,-4.64
13305,4.18,0.0,-4.18
13306,3.56,0.0,-3.56
13307,4.52,0.0,-4.52
13308,2.35,0.0,-2.35
13309,4.73,0.0,-4.73
13310,4.21,0.0,-4.21
13311,3.65,0.0,-3.65
13312,2.74,0.0,-2.74
13313,3.57,0.0,-3.57
13314,3.79,0.0,-3.79
13315,4.19,0.0,-4.19
13316,3.72,0.0,-3.72
13317,4.03,0.0,-4.03
13318,12.27,0.0,-12.27
13319,4.56,0.0,-4.56
13320,2.94,0.0,-2.94
13321,3.48,0.0,-3.48
13322,3.4,0.0,-3.4
13323,3.97,0.0,-3.97
13324,4.29,0.0,-4.29
13325,20.53,0.0,-20.53
13326,5.28,0.0,-5.28
13327,2.74,0.0,-2.74
13328,3.72,0.0,-3.72
13329,4.61,0.0,-4.61
13330,4.32,0.0,-4.32
13331,17.07,0.0,-17.07
13332,3.43,0.0,-3.43
13333,2.23,0.0,-2.23
13334,3.72,0.0,-3.72
13335,6.21,0.0,-6.21
13336,3.82,0.0,-3.82
13337,3.97,0.0,-3.97
13338,3.63,0.0,-3.63
13339,3.86,0.0,-3.86
13340,3.62,0.0,-3.62
13341,4.1,0.0,-4.1
13342,4.04,0.0,-4.04
13343,3.41,0.0,-3.41
13344,3.95,0.0,-3.95
13345,3.93,0.0,-3.93
13346,4.89,0.0,-4.89
13347,3.13,0.0,-3.13
13348,2.99,0.0,-2.99
13349,2.65,0.0,-2.65
13350,4.46,0.0,-4.46
13351,3.42,0.0,-3.42
13352,4.1,0.0,-4.1
13353,3.82,0.0,-3.82
13354,4.5,0.0,-4.5
13355,3.54,0.0,-3.54
13356,4.25,0.0,-4.25
13357,3.81,0.0,-3.81
13358,3.84,0.0,-3.84
13359,3.69,0.0,-3.69
13360,3.33,0.0,-3.33
13361,3.17,0.0,-3.17
13362,3.49,0.0,-3.49
13363,3.8,0.0,-3.8
13364,4.73,0.0,-4.73
13365,4.09,0.0,-4.09
13366,3.22,0.0,-3.22
13367,4.08,0.0,-4.08
13368,2.78,0.0,-2.78
13369,3.26,0.0,-3.26
13370,4.03,0.0,-4.03
13371,3.57,0.0,-3.57
13372,4.47,0.0,-4.47
13373,3.12,0.0,-3.12
13374,3.38,0.0,-3.38
13375,3.51,0.0,-3.51
13376,4.43,0.0,-4.43
13377,2.9,0.0,-2.9
13378,3.34,0.0,-3.34
13379,3.88,0.0,-3.88
13380,3.13,0.0,-3.13
13381,4.48,0.0,-4.48
13382,3.67,0.0,-3.67
13383,3.2,0.0,-3.2
13384,3.59,0.0,-3.59
13385,3.17,0.0,-3.17
13386,5.86,0.0,-5.86
13387,4.33,0.0,-4.33
13388,3.15,0.0,-3.15
13389,3.83,0.0,-3.83
13390,4.1,0.0,-4.1
13391,3.74,0.0,-3.74
13392,3.28,0.0,-3.28
13393,3.64,0.0,-3.64
13394,2.65,0.0,-2.65
13395,3.67,0.0,-3.67
13396,4.36,0.0,-4.36
13397,4.02,0.0,-4.02
13398,4.09,0.0,-4.09
13399,2.61,0.0,-2.61
13400,3.11,0.0,-3.11
13401,3.63,0.0,-3.63
13402,4.67,0.0,-4.67
13403,4.25,0.0,-4.25
13404,3.56,0.0,-3.56
13405,6.22,0.0,-6.22
13406,4.49,0.0,-4.49
13407,3.78,0.0,-3.78
13408,4.16,0.0,-4.16
13409,3.85,0.0,-3.85
13410,5.51,0.0,-5.51
13411,3.87,0.0,-3.87
13412,4.14,0.0,-4.14
13413,3.8,0.0,-3.8
13414,4.0,0.0,-4.0
13415,3.23,0.0,-3.23
13416,4.65,0.0,-4.65
13417,4.21,0.0,-4.21
13418,4.78,0.0,-4.78
13419,4.29,0.0,-4.29
13420,4.32,0.0,-4.32
13421,3.35,0.0,-3.35
13422,4.13,0.0,-4.13
13423,4.41,0.0,-4.41
13424,4.71,0.0,-4.71
13425,4.12,0.0,-4.12
13426,4.08,0.0,-4.08
13427,3.39,0.0,-3.39
13428,3.34,0.0,-3.34
13429,5.35,0.0,-5.35
13430,3.26,0.0,-3.26
13431,2.67,0.0,-2.67
13432,2.85,0.0,-2.85
13433,2.88,0.0,-2.88
13434,4.95,0.0,-4.95
13435,2.88,0.0,-2.88
13436,3.12,0.0,-3.12
13437,2.79,0.0,-2.79
13438,3.01,0.0,-3.01
13439,2.5,0.0,-2.5
13440,2.51,0.0,-2.51
13441,2.64,0.0,-2.64
13442,2.89,0.0,-2.89
13443,2.53,0.0,-2.53
13444,2.12,0.0,-2.12
13445,2.77,0.0,-2.77
13446,2.52,0.0,-2.52
13447,2.49,0.0,-2.49
13448,21.31,0.0,-21.31
13449,2.49,0.0,-2.49
13450,2.77,0.0,-2.77
13451,2.76,0.0,-2.76
13452,2.78,0.0,-2.78
13453,2.98,0.0,-2.98
13454,3.26,0.0,-3.26
13455,3.56,0.0,-3.56
13456,3.1,0.0,-3.1
13457,3.68,0.0,-3.68
13458,3.21,0.0,-3.21
13459,5.99,0.0,-5.99
13460,3.94,0.0,-3.94
13461,2.8,0.0,-2.8
13462,3.56,0.0,-3.56
13463,4.17,0.0,-4.17
13464,3.59,0.0,-3.59
13465,4.95,0.0,-4.95
13466,3.99,0.0,-3.99
13467,5.17,0.0,-5.17
13468,11.19,0.0,-11.19
13469,6.21,0.0,-6.21
13470,5.08,0.0,-5.08
13471,4.87,0.0,-4.87
13472,5.15,0.0,-5.15
13473,4.85,0.0,-4.85
13474,7.64,0.0,-7.64
13475,5.53,0.0,-5.53
13476,5.89,0.0,-5.89
13477,5.09,0.0,-5.09
13478,6.79,0.0,-6.79
13479,5.38,0.0,-5.38
13480,5.61,0.0,-5.61
13481,4.78,0.0,-4.78
13482,5.6,0.0,-5.6
13483,7.69,0.0,-7.69
13484,5.32,0.0,-5.32
13485,6.09,0.0,-6.09
13486,4.56,0.0,-4.56
13487,5.13,0.0,-5.13
13488,3.72,0.0,-3.72
13489,4.8,0.0,-4.8
13490,5.84,0.0,-5.84
13491,5.35,0.0,-5.35
13492,3.48,0.0,-3.48
13493,4.67,0.0,-4.67
13494,3.8,0.0,-3.8
13495,4.98,0.0,-4.98
13496,4.72,0.0,-4.72
13497,6.33,0.0,-6.33
13498,5.2,0.0,-5.2
13499,3.66,0.0,-3.66
13500,4.73,0.0,-4.73
13501,4.4,0.0,-4.4
13502,5.49,0.0,-5.49
13503,6.37,0.0,-6.37
13504,5.43,0.0,-5.43
13505,5.57,0.0,-5.57
13506,4.4,0.0,-4.4
13507,5.49,0.0,-5.49
13508,5.07,0.0,-5.07
13509,5.54,0.0,-5.54
13510,5.25,0.0,-5.25
13511,6.18,0.0,-6.18
13512,6.1,0.0,-6.1
13513,5.56,0.0,-5.56
13514,5.78,0.0,-5.78
13515,4.98,0.0,-4.98
13516,5.07,0.0,-5.07
13517,5.71,0.0,-5.71
13518,5.68,0.0,-5.68
13519,5.15,0.0,-5.15
13520,5.56,0.0,-5.56
13521,4.95,0.0,-4.95
13522,4.49,0.0,-4.49
13523,4.76,0.0,-4.76
13524,4.67,0.0,-4.67
13525,4.87,0.0,-4.87
13526,2.57,0.0,-2.57
13527,4.14,0.0,-4.14
13528,3.92,0.0,-3.92
13529,3.66,0.0,-3.66
13530,3.48,0.0,-3.48
13531,3.67,0.0,-3.67
13532,4.01,0.0,-4.01
13533,3.57,0.0,-3.57
13534,3.65,0.0,-3.65
13535,3.43,0.0,-3.43
13536,3.3,0.0,-3.3
13537,3.47,0.0,-3.47
13538,4.03,0.0,-4.03
13539,2.91,0.0,-2.91
13540,3.53,0.0,-3.53
13541,3.4,0.0,-3.4
13542,3.89,0.0,-3.89
13543,3.34,0.0,-3.34
13544,3.86,0.0,-3.86
13545,3.88,0.0,-3.88
13546,3.79,0.0,-3.79
13547,3.78,0.0,-3.78
13548,4.34,0.0,-4.34
13549,4.42,0.0,-4.42
13550,5.11,0.0,-5.11
13551,4.28,0.0,-4.28
13552,4.49,0.0,-4.49
13553,5.36,0.0,-5.36
13554,5.87,0.0,-5.87
13555,5.78,0.0,-5.78
13556,5.38,0.0,-5.38
13557,5.6,0.0,-5.6
13558,6.52,0.0,-6.52
13559,8.02,0.0,-8.02
13560,6.78,0.0,-6.78
13561,7.95,0.0,-7.95
13562,6.6,0.0,-6.6
13563,5.97,0.0,-5.97
13564,6.49,0.0,-6.49
13565,7.05,0.0,-7.05
13566,6.58,0.0,-6.58
13567,7.49,0.0,-7.49
13568,7.77,0.0,-7.77
13569,7.57,0.0,-7.57
13570,5.82,0.0,-5.82
13571,7.47,0.0,-7.47
13572,8.46,0.0,-8.46
13573,8.99,0.0,-8.99
13574,10.57,0.0,-10.57
13575,7.24,0.0,-7.24
13576,17.77,0.0,-17.77
13577,7.45,0.0,-7.45
13578,10.55,0.0,-10.55
13579,8.22,0.0,-8.22
13580,5.39,0.0,-5.39
13581,7.48,0.0,-7.48
13582,7.23,0.0,-7.23
13583,7.88,0.0,-7.88
13584,8.18,0.0,-8.18
13585,4.08,0.0,-4.08
13586,7.32,0.0,-7.32
13587,8.24,0.0,-8.24
13588,6.51,0.0,-6.51
13589,7.8,0.0,-7.8
13590,6.14,0.0,-6.14
13591,7.42,0.0,-7.42
13592,10.51,0.0,-10.51
13593,6.7,0.0,-6.7
13594,8.14,0.0,-8.14
13595,7.74,0.0,-7.74
13596,7.12,0.0,-7.12
13597,6.02,0.0,-6.02
13598,6.81,0.0,-6.81
13599,6.92,0.0,-6.92
13600,7.09,0.0,-7.09
13601,5.45,0.0,-5.45
13602,8.67,0.0,-8.67
13603,6.79,0.0,-6.79
13604,6.65,0.0,-6.65
13605,6.6,0.0,-6.6
13606,7.69,0.0,-7.69
13607,7.12,0.0,-7.12
13608,6.95,0.0,-6.95
13609,11.23,0.0,-11.23
13610,9.21,0.0,-9.21
13611,7.57,0.0,-7.57
13612,7.47,0.0,-7.47
13613,5.06,0.0,-5.06
13614,7.49,0.0,-7.49
13615,5.99,0.0,-5.99
13616,6.86,0.0,-6.86
13617,7.33,0.0,-7.33
13618,6.21,0.0,-6.21
13619,5.52,0.0,-5.52
13620,6.54,0.0,-6.54
13621,5.5,0.0,-5.5
13622,6.14,0.0,-6.14
13623,6.11,0.0,-6.11
13624,5.43,0.0,-5.43
13625,6.13,0.0,-6.13
13626,6.18,0.0,-6.18
13627,6.85,0.0,-6.85
13628,6.24,0.0,-6.24
13629,9.31,0.0,-9.31
13630,6.38,0.0,-6.38
13631,7.13,0.0,-7.13
13632,6.6,0.0,-6.6
13633,7.36,0.0,-7.36
13634,7.11,0.0,-7.11
13635,6.7,0.0,-6.7
13636,6.91,0.0,-6.91
13637,6.16,0.0,-6.16
13638,7.06,0.0,-7.06
13639,7.39,0.0,-7.39
13640,9.3,0.0,-9.3
13641,6.25,0.0,-6.25
13642,8.02,0.0,-8.02
13643,8.76,0.0,-8.76
13644,10.59,0.0,-10.59
13645,6.93,0.0,-6.93
13646,7.45,0.0,-7.45
13647,8.16,0.0,-8.16
13648,9.49,0.0,-9.49
13649,7.93,0.0,-7.93
13650,9.49,0.0,-9.49
13651,9.21,0.0,-9.21
13652,9.83,0.0,-9.83
13653,10.34,0.0,-10.34
13654,9.76,0.0,-9.76
13655,10.9,0.0,-10.9
13656,12.04,0.0,-12.04
13657,10.59,0.0,-10.59
13658,10.73,0.0,-10.73
13659,10.75,0.0,-10.75
13660,10.34,0.0,-10.34
13661,11.52,0.0,-11.52
13662,18.39,0.0,-18.39
13663,10.66,0.0,-10.66
13664,10.71,0.0,-10.71
13665,10.21,0.0,-10.21
13666,14.37,0.0,-14.37
13667,11.11,0.0,-11.11
13668,9.67,0.0,-9.67
13669,9.85,0.0,-9.85
13670,12.15,0.0,-12.15
13671,9.52,0.0,-9.52
13672,14.43,0.0,-14.43
13673,10.87,0.0,-10.87
13674,10.67,0.0,-10.67
13675,8.15,0.0,-8.15
13676,9.54,0.0,-9.54
13677,8.97,0.0,-8.97
13678,9.5,0.0,-9.5
13679,9.69,0.0,-9.69
13680,14.24,0.0,-14.24
13681,13.14,0.0,-13.14
13682,9.42,0.0,-9.42
13683,13.98,0.0,-13.98
13684,11.24,0.0,-11.24
13685,12.07,0.0,-12.07
13686,10.16,0.0,-10.16
13687,9.03,0.0,-9.03
13688,11.43,0.0,-11.43
13689,13.23,0.0,-13.23
13690,9.65,0.0,-9.65
13691,9.36,0.0,-9.36
13692,9.6,0.0,-9.6
13693,12.41,0.0,-12.41
13694,13.83,0.0,-13.83
13695,9.63,0.0,-9.63
13696,10.04,0.0,-10.04
13697,9.84,0.0,-9.84
13698,10.14,0.0,-10.14
13699,9.3,0.0,-9.3
13700,6.27,0.0,-6.27
13701,10.76,0.0,-10.76
13702,9.54,0.0,-9.54
13703,9.43,0.0,-9.43
13704,13.04,0.0,-13.04
13705,10.82,0.0,-10.82
13706,9.51,0.0,-9.51
13707,9.33,0.0,-9.33
13708,12.89,0.0,-12.89
13709,8.08,0.0,-8.08
13710,10.02,0.0,-10.02
13711,9.06,0.0,-9.06
13712,7.82,0.0,-7.82
13713,9.59,0.0,-9.59
13714,7.0,0.0,-7.0
13715,9.17,0.0,-9.17
13716,8.27,0.0,-8.27
13717,8.44,0.0,-8.44
13718,8.1,0.0,-8.1
13719,8.09,0.0,-8.09
13720,7.62,0.0,-7.62
13721,6.23,0.0,-6.23
13722,7.29,0.0,-7.29
13723,8.05,0.0,-8.05
13724,8.03,0.0,-8.03
13725,9.18,0.0,-9.18
13726,6.77,0.0,-6.77
13727,6.58,0.0,-6.58
13728,8.22,0.0,-8.22
13729,7.23,0.0,-7.23
13730,7.01,0.0,-7.01
13731,7.03,0.0,-7.03
13732,6.01,0.0,-6.01
13733,7.41,0.0,-7.41
13734,7.56,0.0,-7.56
13735,6.69,0.0,-6.69
13736,6.66,0.0,-6.66
13737,7.45,0.0,-7.45
13738,7.39,0.0,-7.39
13739,7.11,0.0,-7.11
13740,8.76,0.0,-8.76
13741,6.41,0.0,-6.41
13742,8.0,0.0,-8.0
13743,7.67,0.0,-7.67
13744,10.51,0.0,-10.51
13745,9.7,0.0,-9.7
13746,9.06,0.0,-9.06
13747,9.5,0.0,-9.5
13748,9.83,0.0,-9.83
13749,11.31,0.0,-11.31
13750,10.62,0.0,-10.62
13751,13.9,0.0,-13.9
13752,11.35,0.0,-11.35
13753,9.82,0.0,-9.82
13754,11.8,0.409,-11.391
13755,9.17,0.0,-9.17
13756,13.15,0.0,-13.15
13757,10.17,0.0,-10.17
13758,13.51,0.0,-13.51
13759,12.75,0.0,-12.75
13760,10.4,0.0,-10.4
13761,14.23,0.0,-14.23
13762,15.98,0.0,-15.98
13763,11.18,0.0,-11.18
13764,15.15,0.0,-15.15
13765,16.4,0.0,-16.4
13766,14.41,0.0,-14.41
13767,13.56,0.0,-13.56
13768,11.41,0.0,-11.41
13769,10.02,0.0,-10.02
13770,11.77,0.0,-11.77
13771,12.94,0.0,-12.94
13772,14.0,0.0,-14.0
13773,13.53,0.0,-13.53
13774,11.01,0.0,-11.01
13775,16.55,0.0,-16.55
13776,15.77,0.0,-15.77
13777,12.87,0.0,-12.87
13778,15.19,0.0,-15.19
13779,11.18,0.0,-11.18
13780,10.5,0.0,-10.5
13781,15.25,0.0,-15.25
13782,14.16,0.0,-14.16
13783,11.24,0.0,-11.24
13784,11.96,0.0,-11.96
13785,11.97,0.0,-11.97
13786,14.5,0.0,-14.5
13787,12.61,0.0,-12.61
13788,11.88,0.0,-11.88
13789,14.15,0.0,-14.15
13790,11.15,0.0,-11.15
13791,11.58,0.0,-11.58
13792,14.93,0.0,-14.93
13793,12.08,0.0,-12.08
13794,12.17,0.0,-12.17
13795,14.11,0.0,-14.11
13796,12.6,0.0,-12.6
13797,14.88,0.0,-14.88
13798,10.09,0.0,-10.09
13799,14.79,0.0,-14.79
13800,9.3,0.0,-9.3
13801,10.7,0.0,-10.7
13802,12.34,0.0,-12.34
13803,15.02,0.0,-15.02
13804,13.09,0.0,-13.09
13805,14.16,0.0,-14.16
13806,14.93,0.0,-14.93
13807,12.15,0.0,-12.15
13808,12.94,0.0,-12.94
13809,11.39,0.0,-11.39
13810,10.86,0.0,-10.86
13811,11.45,0.0,-11.45
13812,10.79,0.0,-10.79
13813,9.43,0.0,-9.43
13814,10.13,0.0,-10.13
13815,11.33,0.0,-11.33
13816,9.46,0.0,-9.46
13817,10.78,0.0,-10.78
13818,11.42,0.0,-11.42
13819,10.88,0.0,-10.88
13820,12.66,0.0,-12.66
13821,10.8,0.0,-10.8
13822,13.07,0.0,-13.07
13823,12.17,0.0,-12.17
13824,12.23,0.0,-12.23
13825,14.0,0.0,-14.0
13826,10.77,0.0,-10.77
13827,13.77,0.0,-13.77
13828,9.83,0.0,-9.83
13829,9.77,0.0,-9.77
13830,9.57,0.0,-9.57
13831,9.27,0.111,-9.159
13832,10.76,0.125,-10.635
13833,10.36,0.075,-10.285
13834,11.33,0.052,-11.278
13835,9.83,0.027,-9.803
13836,10.3,0.059,-10.241
13837,11.64,0.053,-11.587
13838,10.71,0.044,-10.666
13839,11.03,0.044,-10.986
13840,12.69,0.049,-12.641
13841,11.94,0.03,-11.91
13842,13.01,0.053,-12.957
13843,12.89,0.146,-12.744
13844,9.25,0.138,-9.112
13845,11.27,0.187,-11.083
13846,12.21,0.066,-12.144
13847,10.44,0.0,-10.44
13848,14.21,0.0,-14.21
13849,14.32,0.0,-14.32
13850,11.79,0.0,-11.79
13851,15.66,0.0,-15.66
13852,10.44,0.0,-10.44
13853,12.95,0.0,-12.95
13854,13.38,0.0,-13.38
13855,11.99,0.0,-11.99
13856,11.04,0.0,-11.04
13857,16.02,0.0,-16.02
13858,13.27,0.0,-13.27
13859,14.75,0.0,-14.75
13860,17.67,0.0,-17.67
13861,15.39,0.0,-15.39
13862,13.67,0.0,-13.67
13863,12.63,0.0,-12.63
13864,12.67,0.0,-12.67
13865,13.44,0.0,-13.44
13866,16.2,0.0,-16.2
13867,12.41,0.0,-12.41
13868,9.93,0.0,-9.93
13869,13.0,0.0,-13.0
13870,12.9,0.0,-12.9
13871,15.13,0.0,-15.13
13872,10.97,0.0,-10.97
13873,17.57,0.0,-17.57
13874,19.81,0.0,-19.81
13875,12.85,0.0,-12.85
13876,11.76,0.0,-11.76
13877,10.41,0.0,-10.41
13878,12.46,0.0,-12.46
13879,11.21,0.0,-11.21
13880,19.03,0.0,-19.03
13881,13.27,0.0,-13.27
13882,9.14,0.0,-9.14
13883,12.74,0.0,-12.74
13884,13.94,0.0,-13.94
13885,13.9,0.0,-13.9
13886,13.3,0.0,-13.3
13887,13.51,0.0,-13.51
13888,16.75,0.0,-16.75
13889,13.46,0.0,-13.46
13890,13.6,0.0,-13.6
13891,14.29,0.0,-14.29
13892,11.62,0.0,-11.62
13893,13.58,0.0,-13.58
13894,12.51,0.0,-12.51
13895,12.92,0.0,-12.92
13896,10.72,0.0,-10.72
13897,10.26,0.0,-10.26
13898,17.33,0.0,-17.33
13899,16.28,0.0,-16.28
13900,11.77,0.0,-11.77
13901,10.55,0.0,-10.55
13902,13.26,0.0,-13.26
13903,10.9,0.0,-10.9
13904,10.0,0.0,-10.0
13905,11.0,0.0,-11.0
13906,10.82,0.0,-10.82
13907,9.75,0.0,-9.75
13908,9.49,0.0,-9.49
13909,7.71,0.0,-7.71
13910,8.2,0.0,-8.2
13911,8.41,0.0,-8.41
13912,7.95,0.0,-7.95
13913,7.55,0.0,-7.55
13914,7.35,0.0,-7.35
13915,6.85,0.0,-6.85
13916,7.3,0.0,-7.3
13917,7.72,0.0,-7.72
13918,6.24,0.0,-6.24
13919,7.81,0.0,-7.81
13920,6.46,0.0,-6.46
13921,7.6,0.0,-7.6
13922,8.75,0.0,-8.75
13923,7.85,0.0,-7.85
13924,8.42,0.0,-8.42
13925,10.44,0.0,-10.44
13926,9.02,0.0,-9.02
13927,8.55,0.0,-8.55
13928,7.36,0.0,-7.36
13929,8.0,0.0,-8.0
13930,10.12,0.0,-10.12
13931,9.32,0.0,-9.32
13932,9.39,0.0,-9.39
13933,7.06,0.0,-7.06
13934,8.07,0.0,-8.07
13935,8.7,0.0,-8.7
13936,9.85,0.0,-9.85
13937,8.88,0.0,-8.88
13938,11.73,0.0,-11.73
13939,10.81,0.0,-10.81
13940,10.88,0.0,-10.88
13941,9.0,0.0,-9.0
13942,13.48,0.0,-13.48
13943,9.67,0.0,-9.67
13944,10.87,0.0,-10.87
13945,11.51,0.0,-11.51
13946,9.8,0.0,-9.8
13947,11.12,0.0,-11.12
13948,10.75,0.0,-10.75
13949,14.84,0.0,-14.84
13950,11.93,0.0,-11.93
13951,15.8,0.0,-15.8
13952,18.89,0.0,-18.89
13953,13.69,0.0,-13.69
13954,10.52,0.0,-10.52
13955,10.44,0.0,-10.44
13956,11.47,0.0,-11.47
13957,10.02,0.0,-10.02
13958,9.23,0.0,-9.23
13959,12.23,0.0,-12.23
13960,8.95,0.0,-8.95
13961,13.43,0.0,-13.43
13962,12.27,0.0,-12.27
13963,11.35,0.0,-11.35
13964,12.14,0.0,-12.14
13965,10.71,0.0,-10.71
13966,13.07,0.0,-13.07
13967,16.14,0.0,-16.14
13968,16.26,0.0,-16.26
13969,11.18,0.0,-11.18
13970,8.72,0.0,-8.72
13971,11.58,0.0,-11.58
13972,12.9,0.0,-12.9
13973,9.83,0.0,-9.83
13974,10.39,0.0,-10.39
13975,10.33,0.0,-10.33
13976,8.5,0.0,-8.5
13977,10.72,0.0,-10.72
13978,8.26,0.0,-8.26
13979,9.79,0.0,-9.79
13980,10.31,0.0,-10.31
13981,12.24,0.0,-12.24
13982,13.81,0.0,-13.81
13983,12.27,0.0,-12.27
13984,15.02,0.0,-15.02
13985,12.35,0.0,-12.35
13986,11.47,0.0,-11.47
13987,11.99,0.0,-11.99
13988,12.54,0.0,-12.54
13989,8.37,0.0,-8.37
13990,12.21,0.0,-12.21
13991,11.86,0.0,-11.86
13992,13.13,0.0,-13.13
13993,9.74,0.0,-9.74
13994,9.86,0.0,-9.86
13995,11.38,0.0,-11.38
13996,10.77,0.0,-10.77
13997,12.01,0.0,-12.01
13998,10.13,0.0,-10.13
13999,8.55,0.0,-8.55
14000,10.25,0.0,-10.25
14001,10.63,0.0,-10.63
14002,9.63,0.0,-9.63
14003,12.35,0.0,-12.35
14004,9.74,0.0,-9.74
14005,8.83,0.0,-8.83
14006,8.17,0.0,-8.17
14007,7.42,0.0,-7.42
14008,8.49,0.0,-8.49
14009,8.19,0.0,-8.19
14010,11.63,0.0,-11.63
14011,7.89,0.0,-7.89
14012,7.02,0.0,-7.02
14013,6.94,0.0,-6.94
14014,6.92,0.0,-6.92
14015,7.2,0.0,-7.2
14016,8.34,0.0,-8.34
14017,7.45,0.0,-7.45
14018,6.97,0.0,-6.97
14019,7.19,0.0,-7.19
14020,6.62,0.0,-6.62
14021,6.64,0.0,-6.64
14022,8.55,0.0,-8.55
14023,7.11,0.0,-7.11
14024,7.46,0.0,-7.46
14025,7.59,0.0,-7.59
14026,8.76,0.0,-8.76
14027,8.71,0.0,-8.71
14028,8.39,0.0,-8.39
14029,6.67,0.0,-6.67
14030,9.54,0.0,-9.54
14031,7.76,0.0,-7.76
14032,8.27,0.0,-8.27
14033,8.46,0.0,-8.46
14034,8.75,0.0,-8.75
14035,6.68,0.0,-6.68
14036,9.87,0.0,-9.87
14037,9.5,0.0,-9.5
14038,10.18,0.0,-10.18
14039,9.2,0.0,-9.2
14040,12.49,0.0,-12.49
14041,10.06,0.0,-10.06
14042,11.8,0.0,-11.8
14043,11.47,0.0,-11.47
14044,13.46,0.0,-13.46
14045,9.12,0.0,-9.12
14046,17.44,0.0,-17.44
14047,15.48,0.0,-15.48
14048,13.37,0.0,-13.37
14049,12.51,0.0,-12.51
14050,11.74,0.0,-11.74
14051,10.79,0.0,-10.79
14052,11.17,0.0,-11.17
14053,10.18,0.0,-10.18
14054,11.53,0.0,-11.53
14055,10.45,0.0,-10.45
14056,11.61,0.0,-11.61
14057,10.98,0.0,-10.98
14058,13.33,0.0,-13.33
14059,17.38,0.0,-17.38
14060,12.13,0.0,-12.13
14061,10.84,0.0,-10.84
14062,11.61,0.0,-11.61
14063,9.71,0.0,-9.71
14064,11.85,0.0,-11.85
14065,11.15,0.0,-11.15
14066,10.86,0.0,-10.86
14067,13.56,0.0,-13.56
14068,11.74,0.0,-11.74
14069,12.73,0.0,-12.73
14070,12.0,0.0,-12.0
14071,8.43,0.0,-8.43
14072,14.36,0.0,-14.36
14073,9.66,0.0,-9.66
14074,13.34,0.0,-13.34
14075,11.97,0.0,-11.97
14076,10.97,0.0,-10.97
14077,11.25,0.0,-11.25
14078,11.08,0.0,-11.08
14079,12.25,0.0,-12.25
14080,10.8,0.0,-10.8
14081,11.26,0.0,-11.26
14082,8.66,0.0,-8.66
14083,11.93,0.0,-11.93
14084,11.49,0.0,-11.49
14085,14.73,0.0,-14.73
14086,11.07,0.0,-11.07
14087,16.52,0.0,-16.52
14088,11.28,0.0,-11.28
14089,10.53,0.0,-10.53
14090,11.24,0.0,-11.24
14091,9.71,0.0,-9.71
14092,12.03,0.0,-12.03
14093,11.09,0.0,-11.09
14094,12.41,0.0,-12.41
14095,10.82,0.0,-10.82
14096,10.8,0.0,-10.8
14097,12.55,0.0,-12.55
14098,11.3,0.0,-11.3
14099,13.22,0.0,-13.22
14100,7.56,0.0,-7.56
14101,13.56,0.0,-13.56
14102,9.92,0.0,-9.92
14103,9.89,0.0,-9.89
14104,10.48,0.0,-10.48
14105,11.5,0.0,-11.5
14106,9.42,0.0,-9.42
14107,7.52,0.0,-7.52
14108,10.56,0.0,-10.56
14109,10.9,0.0,-10.9
14110,13.25,0.0,-13.25
14111,12.38,0.024,-12.356
14112,10.0,0.0,-10.0
14113,10.34,0.0,-10.34
14114,9.76,0.0,-9.76
14115,11.3,0.0,-11.3
14116,9.72,0.051,-9.669
14117,9.89,0.179,-9.711
14118,11.12,0.134,-10.986
14119,8.21,0.187,-8.023
14120,9.44,0.263,-9.177
14121,9.1,0.272,-8.828
14122,9.11,0.229,-8.881
14123,11.12,0.197,-10.923
14124,11.32,0.158,-11.162
14125,11.96,0.147,-11.813
14126,13.17,0.0,-13.17
14127,12.41,0.0,-12.41
14128,12.23,0.0,-12.23
14129,11.39,0.0,-11.39
14130,14.2,0.0,-14.2
14131,12.42,0.0,-12.42
14132,11.99,0.077,-11.913
14133,14.62,0.33,-14.29
14134,21.07,0.283,-20.787
14135,17.57,0.231,-17.339
14136,27.34,0.212,-27.128
14137,16.09,0.171,-15.919
14138,12.97,0.127,-12.843
14139,16.98,0.058,-16.922
14140,12.32,0.026,-12.294
14141,19.24,0.0,-19.24
14142,14.51,0.0,-14.51
14143,16.22,0.0,-16.22
14144,20.38,0.0,-20.38
14145,17.84,0.0,-17.84
14146,16.22,0.0,-16.22
14147,18.43,0.0,-18.43
14148,17.71,0.014,-17.696
14149,14.51,0.027,-14.483
14150,14.88,0.006,-14.874
14151,18.83,0.0,-18.83
14152,14.3,0.0,-14.3
14153,15.91,0.0,-15.91
14154,13.98,0.0,-13.98
14155,13.18,0.0,-13.18
14156,17.81,0.0,-17.81
14157,16.2,0.0,-16.2
14158,14.78,0.0,-14.78
14159,13.08,0.0,-13.08
14160,11.75,0.0,-11.75
14161,23.47,0.0,-23.47
14162,11.99,0.0,-11.99
14163,15.37,0.0,-15.37
14164,13.91,0.0,-13.91
14165,14.7,0.0,-14.7
14166,11.6,0.0,-11.6
14167,13.88,0.0,-13.88
14168,12.34,0.0,-12.34
14169,22.16,0.0,-22.16
14170,15.52,0.0,-15.52
14171,11.35,0.0,-11.35
14172,11.73,0.0,-11.73
14173,15.2,0.0,-15.2
14174,12.66,0.0,-12.66
14175,8.69,0.0,-8.69
14176,14.43,0.0,-14.43
14177,17.46,0.0,-17.46
14178,14.71,0.0,-14.71
14179,14.96,0.0,-14.96
14180,15.31,0.0,-15.31
14181,11.97,0.0,-11.97
14182,14.45,0.0,-14.45
14183,12.29,0.0,-12.29
14184,12.71,0.0,-12.71
14185,12.61,0.0,-12.61
14186,12.56,0.0,-12.56
14187,14.04,0.0,-14.04
14188,13.05,0.0,-13.05
14189,12.61,0.0,-12.61
14190,11.15,0.0,-11.15
14191,14.81,0.0,-14.81
14192,16.36,0.0,-16.36
14193,12.64,0.0,-12.64
14194,12.82,0.0,-12.82
14195,10.85,0.0,-10.85
14196,13.38,0.0,-13.38
14197,9.8,0.0,-9.8
14198,17.42,0.0,-17.42
14199,13.5,0.0,-13.5
14200,12.56,0.0,-12.56
14201,9.85,0.0,-9.85
14202,9.69,0.0,-9.69
14203,12.17,0.0,-12.17
14204,12.69,0.0,-12.69
14205,14.94,0.0,-14.94
14206,14.12,0.0,-14.12
14207,14.91,0.0,-14.91
14208,16.46,0.0,-16.46
14209,11.48,0.0,-11.48
14210,10.32,0.0,-10.32
14211,10.93,0.0,-10.93
14212,11.25,0.0,-11.25
14213,11.87,0.06,-11.81
14214,13.43,0.049,-13.381
14215,15.17,0.043,-15.127
14216,7.21,0.02,-7.19
14217,13.65,0.027,-13.623
14218,16.8,0.001,-16.799
14219,11.48,0.0,-11.48
14220,13.35,0.058,-13.292
14221,11.23,0.267,-10.963
14222,11.48,0.237,-11.243
14223,12.7,0.356,-12.344
14224,11.91,0.376,-11.534
14225,14.31,0.455,-13.855
14226,14.9,0.448,-14.452
14227,15.1,0.439,-14.661
14228,12.73,0.436,-12.294
14229,13.77,0.441,-13.329
14230,17.59,0.278,-17.312
14231,21.16,0.075,-21.085
14232,15.21,0.146,-15.064
14233,17.78,0.041,-17.739
14234,18.28,0.14,-18.14
14235,16.9,0.143,-16.757
14236,28.79,0.169,-28.621
14237,21.74,0.142,-21.598
14238,17.09,0.136,-16.954
14239,34.57,0.119,-34.451
14240,12.96,0.117,-12.843
14241,19.19,0.103,-19.087
14242,18.71,0.08,-18.63
14243,16.84,0.0,-16.84
14244,25.26,0.0,-25.26
14245,14.74,0.0,-14.74
14246,9.95,0.0,-9.95
14247,16.39,0.0,-16.39
14248,13.93,0.0,-13.93
14249,11.75,0.0,-11.75
14250,15.07,0.0,-15.07
14251,13.72,0.0,-13.72
14252,17.81,0.0,-17.81
14253,14.25,0.0,-14.25
14254,12.76,0.0,-12.76
14255,13.18,0.0,-13.18
14256,16.79,0.0,-16.79
14257,12.17,0.0,-12.17
14258,14.43,0.0,-14.43
14259,13.0,0.0,-13.0
14260,9.72,0.0,-9.72
14261,11.89,0.0,-11.89
14262,11.71,0.0,-11.71
14263,11.32,0.0,-11.32
14264,10.42,0.0,-10.42
14265,10.81,0.0,-10.81
14266,14.94,0.0,-14.94
14267,11.59,0.0,-11.59
14268,11.12,0.0,-11.12
14269,10.13,0.0,-10.13
14270,10.69,0.0,-10.69
14271,9.57,0.0,-9.57
14272,9.71,0.0,-9.71
14273,12.75,0.0,-12.75
14274,11.4,0.0,-11.4
14275,9.68,0.0,-9.68
14276,11.75,0.0,-11.75
14277,9.88,0.0,-9.88
14278,10.93,0.0,-10.93
14279,8.33,0.0,-8.33
14280,9.92,0.0,-9.92
14281,11.98,0.0,-11.98
14282,9.87,0.0,-9.87
14283,11.06,0.0,-11.06
14284,8.1,0.0,-8.1
14285,10.13,0.0,-10.13
14286,8.68,0.0,-8.68
14287,9.96,0.0,-9.96
14288,9.69,0.0,-9.69
14289,8.27,0.0,-8.27
14290,11.15,0.0,-11.15
14291,18.2,0.0,-18.2
14292,8.87,0.0,-8.87
14293,14.11,0.0,-14.11
14294,8.01,0.0,-8.01
14295,7.67,0.0,-7.67
14296,6.76,0.0,-6.76
14297,6.31,0.0,-6.31
14298,6.83,0.0,-6.83
14299,7.89,0.0,-7.89
14300,7.02,0.0,-7.02
14301,6.2,0.0,-6.2
14302,6.22,0.0,-6.22
14303,5.61,0.0,-5.61
14304,6.06,0.0,-6.06
14305,7.28,0.0,-7.28
14306,6.57,0.0,-6.57
14307,7.54,0.0,-7.54
14308,8.53,0.0,-8.53
14309,8.3,0.0,-8.3
14310,6.65,0.0,-6.65
14311,6.27,0.0,-6.27
14312,8.75,0.0,-8.75
14313,8.16,0.0,-8.16
14314,10.58,0.0,-10.58
14315,9.54,0.0,-9.54
14316,9.27,0.0,-9.27
14317,9.46,0.0,-9.46
14318,13.65,0.0,-13.65
14319,8.06,0.0,-8.06
14320,8.12,0.0,-8.12
14321,8.19,0.0,-8.19
14322,9.61,0.0,-9.61
14323,8.8,0.0,-8.8
14324,11.65,0.0,-11.65
14325,9.66,0.0,-9.66
14326,12.56,0.0,-12.56
14327,9.59,0.0,-9.59
14328,9.36,0.0,-9.36
14329,11.72,0.0,-11.72
14330,11.5,0.0,-11.5
14331,11.15,0.0,-11.15
14332,9.3,0.0,-9.3
14333,10.75,0.0,-10.75
14334,9.59,0.0,-9.59
14335,10.46,0.0,-10.46
14336,9.32,0.0,-9.32
14337,11.45,0.0,-11.45
14338,10.56,0.0,-10.56
14339,9.11,0.0,-9.11
14340,11.58,0.0,-11.58
14341,10.84,0.0,-10.84
14342,9.99,0.0,-9.99
14343,7.77,0.0,-7.77
14344,10.99,0.0,-10.99
14345,11.17,0.0,-11.17
14346,13.85,0.0,-13.85
14347,16.18,0.0,-16.18
14348,9.61,0.0,-9.61
14349,8.8,0.0,-8.8
14350,10.84,0.0,-10.84
14351,6.76,0.0,-6.76
14352,9.98,0.0,-9.98
14353,8.48,0.0,-8.48
14354,18.16,0.0,-18.16
14355,8.13,0.0,-8.13
14356,7.67,0.0,-7.67
14357,7.82,0.0,-7.82
14358,11.05,0.0,-11.05
14359,10.3,0.0,-10.3
14360,10.18,0.0,-10.18
14361,11.04,0.0,-11.04
14362,11.29,0.0,-11.29
14363,10.67,0.0,-10.67
14364,16.81,0.0,-16.81
14365,8.16,0.0,-8.16
14366,10.85,0.0,-10.85
14367,8.63,0.0,-8.63
14368,9.64,0.0,-9.64
14369,8.24,0.0,-8.24
14370,11.3,0.0,-11.3
14371,9.92,0.0,-9.92
14372,10.96,0.0,-10.96
14373,7.53,0.0,-7.53
14374,9.86,0.0,-9.86
14375,11.73,0.0,-11.73
14376,9.36,0.0,-9.36
14377,9.76,0.0,-9.76
14378,9.62,0.0,-9.62
14379,8.11,0.0,-8.11
14380,9.95,0.0,-9.95
14381,10.58,0.0,-10.58
14382,14.51,0.0,-14.51
14383,9.28,0.0,-9.28
14384,8.03,0.0,-8.03
14385,8.01,0.0,-8.01
14386,8.09,0.0,-8.09
14387,8.47,0.0,-8.47
14388,7.56,0.0,-7.56
14389,7.71,0.0,-7.71
14390,6.86,0.0,-6.86
14391,7.16,0.0,-7.16
14392,7.18,0.0,-7.18
14393,7.96,0.0,-7.96
14394,7.92,0.0,-7.92
14395,7.35,0.0,-7.35
14396,13.56,0.0,-13.56
14397,7.57,0.0,-7.57
14398,7.21,0.0,-7.21
14399,8.21,0.0,-8.21
14400,6.4,0.0,-6.4
14401,6.53,0.0,-6.53
14402,8.33,0.0,-8.33
14403,9.4,0.0,-9.4
14404,9.36,0.0,-9.36
14405,11.41,0.0,-11.41
14406,9.32,0.0,-9.32
14407,10.27,0.0,-10.27
14408,8.26,0.0,-8.26
14409,10.05,0.0,-10.05
14410,12.08,0.0,-12.08
14411,11.17,0.0,-11.17
14412,11.69,0.0,-11.69
14413,8.76,0.0,-8.76
14414,11.14,0.0,-11.14
14415,16.69,0.0,-16.69
14416,11.55,0.0,-11.55
14417,13.22,0.0,-13.22
14418,10.64,0.0,-10.64
14419,9.2,0.0,-9.2
14420,11.7,0.0,-11.7
14421,11.81,0.0,-11.81
14422,12.37,0.0,-12.37
14423,14.05,0.0,-14.05
14424,11.03,0.0,-11.03
14425,11.78,0.0,-11.78
14426,12.54,0.0,-12.54
14427,10.26,0.0,-10.26
14428,15.5,0.0,-15.5
14429,13.29,0.0,-13.29
14430,9.22,0.0,-9.22
14431,11.37,0.0,-11.37
14432,9.8,0.0,-9.8
14433,12.01,0.0,-12.01
14434,10.68,0.0,-10.68
14435,9.33,0.0,-9.33
14436,8.72,0.0,-8.72
14437,9.88,0.0,-9.88
14438,9.57,0.0,-9.57
14439,9.07,0.0,-9.07
14440,10.56,0.0,-10.56
14441,8.89,0.0,-8.89
14442,9.7,0.0,-9.7
14443,9.48,0.0,-9.48
14444,9.98,0.0,-9.98
14445,10.07,0.0,-10.07
14446,10.14,0.0,-10.14
14447,9.52,0.0,-9.52
14448,9.52,0.0,-9.52
14449,11.7,0.0,-11.7
14450,10.34,0.0,-10.34
14451,10.09,0.0,-10.09
14452,9.6,0.0,-9.6
14453,10.27,0.0,-10.27
14454,9.94,0.0,-9.94
14455,9.29,0.0,-9.29
14456,10.13,0.0,-10.13
14457,8.91,0.0,-8.91
14458,10.02,0.0,-10.02
14459,8.89,0.0,-8.89
14460,10.43,0.0,-10.43
14461,10.46,0.0,-10.46
14462,11.05,0.0,-11.05
14463,12.95,0.0,-12.95
14464,8.91,0.0,-8.91
14465,9.71,0.0,-9.71
14466,8.66,0.0,-8.66
14467,7.64,0.0,-7.64
14468,8.56,0.0,-8.56
14469,9.38,0.0,-9.38
14470,10.5,0.0,-10.5
14471,9.81,0.0,-9.81
14472,9.81,0.0,-9.81
14473,8.38,0.0,-8.38
14474,9.32,0.0,-9.32
14475,7.06,0.0,-7.06
14476,8.17,0.0,-8.17
14477,7.82,0.0,-7.82
14478,7.39,0.0,-7.39
14479,7.93,0.0,-7.93
14480,7.65,0.0,-7.65
14481,10.11,0.0,-10.11
14482,10.84,0.0,-10.84
14483,7.57,0.0,-7.57
14484,8.31,0.0,-8.31
14485,7.15,0.0,-7.15
14486,7.22,0.0,-7.22
14487,7.98,0.0,-7.98
14488,6.77,0.0,-6.77
14489,6.74,0.0,-6.74
14490,10.11,0.0,-10.11
14491,10.11,0.0,-10.11
14492,8.64,0.0,-8.64
14493,9.4,0.0,-9.4
14494,9.67,0.0,-9.67
14495,7.82,0.0,-7.82
14496,9.56,0.0,-9.56
14497,8.46,0.0,-8.46
14498,8.21,0.0,-8.21
14499,10.8,0.0,-10.8
14500,11.01,0.0,-11.01
14501,12.65,0.0,-12.65
14502,9.9,0.0,-9.9
14503,11.38,0.0,-11.38
14504,11.39,0.0,-11.39
14505,10.62,0.0,-10.62
14506,13.27,0.0,-13.27
14507,10.49,0.0,-10.49
14508,10.25,0.0,-10.25
14509,14.05,0.0,-14.05
14510,11.63,0.0,-11.63
14511,12.13,0.0,-12.13
14512,10.25,0.0,-10.25
14513,8.39,0.0,-8.39
14514,15.05,0.0,-15.05
14515,11.97,0.0,-11.97
14516,12.12,0.0,-12.12
14517,10.75,0.0,-10.75
14518,11.22,0.0,-11.22
14519,10.71,0.0,-10.71
14520,10.97,0.0,-10.97
14521,12.79,0.0,-12.79
14522,10.21,0.0,-10.21
14523,11.23,0.0,-11.23
14524,9.35,0.0,-9.35
14525,12.55,0.0,-12.55
14526,8.41,0.0,-8.41
14527,10.64,0.0,-10.64
14528,10.75,0.0,-10.75
14529,9.44,0.0,-9.44
14530,12.38,0.0,-12.38
14531,8.03,0.0,-8.03
14532,9.42,0.0,-9.42
14533,7.41,0.0,-7.41
14534,10.87,0.0,-10.87
14535,9.15,0.0,-9.15
14536,8.35,0.0,-8.35
14537,9.59,0.0,-9.59
14538,8.98,0.0,-8.98
14539,8.55,0.0,-8.55
14540,9.35,0.0,-9.35
14541,11.9,0.0,-11.9
14542,7.73,0.0,-7.73
14543,10.27,0.0,-10.27
14544,9.02,0.0,-9.02
14545,9.1,0.0,-9.1
14546,9.75,0.0,-9.75
14547,9.12,0.0,-9.12
14548,8.49,0.0,-8.49
14549,10.22,0.0,-10.22
14550,9.41,0.0,-9.41
14551,9.22,0.0,-9.22
14552,9.35,0.0,-9.35
14553,7.38,0.0,-7.38
14554,10.19,0.0,-10.19
14555,9.17,0.0,-9.17
14556,10.78,0.0,-10.78
14557,8.6,0.0,-8.6
14558,6.92,0.0,-6.92
14559,8.44,0.0,-8.44
14560,8.81,0.0,-8.81
14561,9.21,0.0,-9.21
14562,9.26,0.0,-9.26
14563,9.65,0.0,-9.65
14564,8.9,0.0,-8.9
14565,7.51,0.0,-7.51
14566,8.3,0.0,-8.3
14567,7.9,0.0,-7.9
14568,7.96,0.0,-7.96
14569,7.85,0.0,-7.85
14570,6.97,0.0,-6.97
14571,6.22,0.0,-6.22
14572,7.48,0.0,-7.48
14573,6.83,0.0,-6.83
14574,7.92,0.0,-7.92
14575,8.08,0.0,-8.08
14576,7.78,0.0,-7.78
14577,7.02,0.0,-7.02
14578,5.55,0.0,-5.55
14579,5.33,0.0,-5.33
14580,6.9,0.0,-6.9
14581,6.1,0.0,-6.1
14582,5.42,0.0,-5.42
14583,5.79,0.0,-5.79
14584,5.4,0.0,-5.4
14585,5.76,0.0,-5.76
14586,5.18,0.0,-5.18
14587,5.49,0.0,-5.49
14588,6.17,0.0,-6.17
14589,6.79,0.0,-6.79
14590,7.93,0.0,-7.93
14591,6.1,0.0,-6.1
14592,8.82,0.0,-8.82
14593,7.97,0.0,-7.97
14594,9.02,0.0,-9.02
14595,10.7,0.0,-10.7
14596,11.27,0.0,-11.27
14597,10.38,0.0,-10.38
14598,11.77,0.0,-11.77
14599,10.06,0.24,-9.82
14600,11.2,0.14,-11.06
14601,7.35,0.0,-7.35
14602,8.94,0.11,-8.83
14603,9.32,0.148,-9.172
14604,8.13,0.183,-7.947
14605,13.78,0.265,-13.515
14606,12.67,0.228,-12.442
14607,12.62,0.274,-12.346
14608,10.92,0.28,-10.64
14609,10.02,0.214,-9.806
14610,11.07,0.124,-10.946
14611,11.9,0.133,-11.767
14612,14.24,0.153,-14.087
14613,13.0,0.13,-12.87
14614,11.05,0.0,-11.05
14615,11.52,0.0,-11.52
14616,10.1,0.0,-10.1
14617,12.0,0.0,-12.0
14618,10.54,0.0,-10.54
14619,8.19,0.0,-8.19
14620,11.87,0.0,-11.87
14621,11.17,0.0,-11.17
14622,14.13,0.0,-14.13
14623,8.08,0.0,-8.08
14624,10.43,0.0,-10.43
14625,11.33,0.0,-11.33
14626,10.12,0.0,-10.12
14627,10.04,0.0,-10.04
14628,12.28,0.0,-12.28
14629,10.72,0.0,-10.72
14630,11.55,0.0,-11.55
14631,10.72,0.0,-10.72
14632,8.93,0.0,-8.93
14633,11.51,0.0,-11.51
14634,10.76,0.0,-10.76
14635,9.86,0.0,-9.86
14636,10.63,0.0,-10.63
14637,11.71,0.0,-11.71
14638,11.34,0.0,-11.34
14639,7.45,0.0,-7.45
14640,11.01,0.0,-11.01
14641,11.42,0.0,-11.42
14642,13.07,0.0,-13.07
14643,11.94,0.0,-11.94
14644,14.6,0.0,-14.6
14645,8.76,0.0,-8.76
14646,12.33,0.0,-12.33
14647,9.9,0.0,-9.9
14648,11.85,0.0,-11.85
14649,12.51,0.0,-12.51
14650,11.04,0.0,-11.04
14651,11.65,0.0,-11.65
14652,9.73,0.0,-9.73
14653,11.4,0.0,-11.4
14654,9.5,0.0,-9.5
14655,14.09,0.0,-14.09
14656,15.17,0.0,-15.17
14657,13.41,0.0,-13.41
14658,11.57,0.0,-11.57
14659,11.81,0.0,-11.81
14660,15.11,0.0,-15.11
14661,15.58,0.0,-15.58
14662,11.26,0.0,-11.26
14663,10.73,0.0,-10.73
14664,10.38,0.0,-10.38
14665,10.08,0.0,-10.08
14666,13.2,0.0,-13.2
14667,10.1,0.0,-10.1
14668,9.14,0.0,-9.14
14669,10.38,0.0,-10.38
14670,9.58,0.0,-9.58
14671,9.32,0.0,-9.32
14672,8.82,0.0,-8.82
14673,8.19,0.0,-8.19
14674,8.71,0.0,-8.71
14675,12.22,0.0,-12.22
14676,10.95,0.0,-10.95
14677,10.18,0.166,-10.014
14678,11.35,0.168,-11.182
14679,15.81,0.168,-15.642
14680,12.67,0.183,-12.487
14681,11.56,0.0,-11.56
14682,7.81,0.0,-7.81
14683,10.13,0.0,-10.13
14684,13.21,0.0,-13.21
14685,13.15,0.0,-13.15
14686,11.13,0.0,-11.13
14687,12.85,0.0,-12.85
14688,14.12,0.0,-14.12
14689,10.98,0.0,-10.98
14690,9.11,0.0,-9.11
14691,15.71,0.0,-15.71
14692,10.46,0.0,-10.46
14693,9.62,0.0,-9.62
14694,10.3,0.0,-10.3
14695,13.01,0.0,-13.01
14696,9.76,0.0,-9.76
14697,10.19,0.0,-10.19
14698,9.72,0.0,-9.72
14699,9.48,0.0,-9.48
14700,12.46,0.0,-12.46
14701,9.79,0.0,-9.79
14702,9.21,0.0,-9.21
14703,10.87,0.0,-10.87
14704,11.55,0.0,-11.55
14705,10.41,0.0,-10.41
14706,15.46,0.0,-15.46
14707,12.22,0.0,-12.22
14708,11.96,0.0,-11.96
14709,11.63,0.0,-11.63
14710,11.51,0.0,-11.51
14711,14.68,0.0,-14.68
14712,9.0,0.0,-9.0
14713,10.18,0.0,-10.18
14714,12.24,0.0,-12.24
14715,9.79,0.0,-9.79
14716,9.14,0.0,-9.14
14717,10.95,0.0,-10.95
14718,11.61,0.0,-11.61
14719,7.45,0.0,-7.45
14720,9.8,0.0,-9.8
14721,9.97,0.0,-9.97
14722,9.92,0.0,-9.92
14723,10.68,0.0,-10.68
14724,9.28,0.0,-9.28
14725,8.66,0.0,-8.66
14726,8.56,0.0,-8.56
14727,7.11,0.0,-7.11
14728,8.9,0.0,-8.9
14729,8.86,0.0,-8.86
14730,9.36,0.0,-9.36
14731,8.82,0.0,-8.82
14732,8.18,0.0,-8.18
14733,8.5,0.0,-8.5
14734,7.02,0.0,-7.02
14735,8.5,0.0,-8.5
14736,6.22,0.0,-6.22
14737,7.77,0.0,-7.77
14738,7.61,0.0,-7.61
14739,6.3,0.0,-6.3
14740,9.85,0.0,-9.85
14741,9.25,0.0,-9.25
14742,8.45,0.0,-8.45
14743,9.58,0.0,-9.58
14744,7.62,0.0,-7.62
14745,9.05,0.0,-9.05
14746,7.26,0.0,-7.26
14747,6.3,0.0,-6.3
14748,10.64,0.0,-10.64
14749,8.77,0.0,-8.77
14750,13.53,0.0,-13.53
14751,8.42,0.0,-8.42
14752,7.36,0.0,-7.36
14753,7.59,0.0,-7.59
14754,9.6,0.0,-9.6
14755,7.16,0.0,-7.16
14756,9.07,0.0,-9.07
14757,8.23,0.0,-8.23
14758,7.22,0.0,-7.22
14759,7.39,0.0,-7.39
14760,7.57,0.0,-7.57
14761,6.69,0.0,-6.69
14762,7.74,0.0,-7.74
14763,5.52,0.0,-5.52
14764,8.06,0.0,-8.06
14765,6.69,0.0,-6.69
14766,7.14,0.0,-7.14
14767,7.37,0.0,-7.37
14768,5.89,0.0,-5.89
14769,6.65,0.0,-6.65
14770,7.19,0.0,-7.19
14771,5.81,0.0,-5.81
14772,5.09,0.0,-5.09
14773,6.84,0.0,-6.84
14774,6.73,0.0,-6.73
14775,6.96,0.0,-6.96
14776,6.78,0.0,-6.78
14777,7.53,0.0,-7.53
14778,6.24,0.0,-6.24
14779,7.69,0.0,-7.69
14780,7.27,0.0,-7.27
14781,7.44,0.0,-7.44
14782,8.2,0.0,-8.2
14783,8.45,0.0,-8.45
14784,7.84,0.0,-7.84
14785,8.14,0.0,-8.14
14786,8.1,0.0,-8.1
14787,7.92,0.0,-7.92
14788,8.7,0.0,-8.7
14789,8.12,0.0,-8.12
14790,7.93,0.0,-7.93
14791,7.1,0.0,-7.1
14792,9.82,0.0,-9.82
14793,8.24,0.0,-8.24
14794,7.74,0.0,-7.74
14795,7.65,0.0,-7.65
14796,7.54,0.0,-7.54
14797,8.31,0.0,-8.31
14798,9.5,0.0,-9.5
14799,8.34,0.0,-8.34
14800,9.12,0.0,-9.12
14801,9.13,0.0,-9.13
14802,7.63,0.0,-7.63
14803,8.12,0.0,-8.12
14804,9.31,0.0,-9.31
14805,10.41,0.0,-10.41
14806,9.83,0.0,-9.83
14807,6.85,0.0,-6.85
14808,7.08,0.0,-7.08
14809,9.28,0.0,-9.28
14810,8.17,0.0,-8.17
14811,9.09,0.0,-9.09
14812,7.05,0.0,-7.05
14813,7.35,0.0,-7.35
14814,8.34,0.0,-8.34
14815,8.31,0.0,-8.31
14816,9.56,0.0,-9.56
14817,7.27,0.0,-7.27
14818,7.83,0.0,-7.83
14819,7.08,0.0,-7.08
14820,8.11,0.0,-8.11
14821,5.83,0.0,-5.83
14822,8.1,0.0,-8.1
14823,7.6,0.0,-7.6
14824,8.12,0.0,-8.12
14825,9.74,0.0,-9.74
14826,6.63,0.0,-6.63
14827,6.27,0.0,-6.27
14828,8.62,0.0,-8.62
14829,7.22,0.0,-7.22
14830,8.62,0.0,-8.62
14831,6.96,0.0,-6.96
14832,7.41,0.0,-7.41
14833,8.48,0.0,-8.48
14834,6.59,0.0,-6.59
14835,6.44,0.0,-6.44
14836,6.74,0.0,-6.74
14837,6.31,0.0,-6.31
14838,6.59,0.0,-6.59
14839,6.61,0.0,-6.61
14840,6.35,0.0,-6.35
14841,6.49,0.0,-6.49
14842,8.07,0.0,-8.07
14843,5.97,0.0,-5.97
14844,7.19,0.0,-7.19
14845,6.5,0.0,-6.5
14846,6.13,0.0,-6.13
14847,6.05,0.0,-6.05
14848,6.58,0.0,-6.58
14849,6.58,0.0,-6.58
14850,5.08,0.0,-5.08
14851,5.76,0.0,-5.76
14852,5.64,0.0,-5.64
14853,4.54,0.0,-4.54
14854,6.1,0.0,-6.1
14855,5.27,0.0,-5.27
14856,5.11,0.0,-5.11
14857,4.95,0.0,-4.95
14858,6.9,0.0,-6.9
14859,6.0,0.0,-6.0
14860,5.11,0.0,-5.11
14861,5.23,0.0,-5.23
14862,4.97,0.0,-4.97
14863,4.76,0.0,-4.76
14864,4.78,0.0,-4.78
14865,5.58,0.0,-5.58
14866,6.04,0.0,-6.04
14867,5.01,0.0,-5.01
14868,4.81,0.0,-4.81
14869,4.59,0.0,-4.59
14870,4.8,0.0,-4.8
14871,4.62,0.0,-4.62
14872,9.44,0.0,-9.44
14873,5.09,0.0,-5.09
14874,4.94,0.0,-4.94
14875,4.71,0.0,-4.71
14876,6.02,0.0,-6.02
14877,4.76,0.0,-4.76
14878,4.48,0.0,-4.48
14879,5.14,0.0,-5.14
14880,3.81,0.0,-3.81
14881,4.46,0.0,-4.46
14882,4.97,0.0,-4.97
14883,4.74,0.0,-4.74
14884,4.78,0.0,-4.78
14885,4.52,0.0,-4.52
14886,4.85,0.0,-4.85
14887,5.05,0.0,-5.05
14888,5.09,0.0,-5.09
14889,4.85,0.0,-4.85
14890,4.9,0.0,-4.9
14891,4.9,0.0,-4.9
14892,5.72,0.0,-5.72
14893,6.91,0.0,-6.91
14894,5.4,0.0,-5.4
14895,5.27,0.0,-5.27
14896,5.2,0.0,-5.2
14897,4.13,0.0,-4.13
14898,4.96,0.0,-4.96
14899,4.44,0.0,-4.44
14900,6.48,0.0,-6.48
14901,5.08,0.0,-5.08
14902,7.75,0.0,-7.75
14903,5.12,0.0,-5.12
14904,5.06,0.0,-5.06
14905,4.58,0.0,-4.58
14906,6.68,0.0,-6.68
14907,7.26,0.0,-7.26
14908,5.13,0.0,-5.13
14909,5.49,0.0,-5.49
14910,4.91,0.0,-4.91
14911,5.51,0.0,-5.51
14912,4.13,0.0,-4.13
14913,5.71,0.0,-5.71
14914,4.71,0.0,-4.71
14915,4.64,0.0,-4.64
14916,3.94,0.0,-3.94
14917,4.88,0.0,-4.88
14918,5.07,0.0,-5.07
14919,5.14,0.0,-5.14
14920,4.73,0.0,-4.73
14921,4.35,0.0,-4.35
14922,3.82,0.0,-3.82
14923,6.19,0.0,-6.19
14924,4.18,0.0,-4.18
14925,4.74,0.0,-4.74
14926,4.49,0.0,-4.49
14927,5.76,0.0,-5.76
14928,3.86,0.0,-3.86
14929,4.67,0.0,-4.67
14930,6.13,0.0,-6.13
14931,4.81,0.0,-4.81
14932,4.5,0.0,-4.5
14933,5.96,0.0,-5.96
14934,5.14,0.0,-5.14
14935,5.32,0.0,-5.32
14936,5.6,0.0,-5.6
14937,5.3,0.0,-5.3
14938,5.5,0.0,-5.5
14939,6.14,0.0,-6.14
14940,4.91,0.0,-4.91
14941,5.73,0.0,-5.73
14942,5.67,0.0,-5.67
14943,5.66,0.0,-5.66
14944,4.85,0.0,-4.85
14945,5.77,0.0,-5.77
14946,5.82,0.0,-5.82
14947,5.78,0.0,-5.78
14948,6.66,0.0,-6.66
14949,5.29,0.0,-5.29
14950,5.67,0.0,-5.67
14951,5.46,0.0,-5.46
14952,5.76,0.0,-5.76
14953,6.23,0.0,-6.23
14954,4.64,0.0,-4.64
14955,5.01,0.0,-5.01
14956,3.91,0.0,-3.91
14957,4.68,0.0,-4.68
14958,4.58,0.0,-4.58
14959,4.78,0.0,-4.78
14960,5.21,0.0,-5.21
14961,4.94,0.0,-4.94
14962,4.77,0.0,-4.77
14963,4.93,0.0,-4.93
14964,3.78,0.0,-3.78
14965,4.33,0.0,-4.33
14966,3.84,0.0,-3.84
14967,4.59,0.0,-4.59
14968,4.77,0.0,-4.77
14969,3.77,0.0,-3.77
14970,6.06,0.0,-6.06
14971,4.8,0.0,-4.8
14972,3.08,0.0,-3.08
14973,5.02,0.0,-5.02
14974,4.52,0.0,-4.52
14975,5.52,0.0,-5.52
14976,4.47,0.0,-4.47
14977,4.14,0.0,-4.14
14978,4.37,0.0,-4.37
14979,5.69,0.0,-5.69
14980,4.86,0.0,-4.86
14981,4.97,0.0,-4.97
14982,4.46,0.0,-4.46
14983,5.22,0.0,-5.22
14984,5.5,0.0,-5.5
14985,3.27,0.0,-3.27
14986,5.5,0.0,-5.5
14987,4.96,0.0,-4.96
14988,5.59,0.0,-5.59
14989,5.14,0.0,-5.14
14990,9.25,0.0,-9.25
14991,5.52,0.0,-5.52
14992,4.27,0.0,-4.27
14993,6.07,0.0,-6.07
14994,6.64,0.0,-6.64
14995,6.04,0.0,-6.04
14996,6.36,0.0,-6.36
14997,5.1,0.0,-5.1
14998,5.36,0.0,-5.36
14999,4.44,0.0,-4.44
15000,5.3,0.0,-5.3
15001,6.5,0.0,-6.5
15002,4.64,0.0,-4.64
15003,6.08,0.0,-6.08
15004,5.57,0.0,-5.57
15005,5.01,0.0,-5.01
15006,6.3,0.0,-6.3
15007,5.28,0.0,-5.28
15008,5.01,0.0,-5.01
15009,5.29,0.0,-5.29
15010,6.16,0.0,-6.16
15011,5.65,0.0,-5.65
15012,5.37,0.0,-5.37
15013,5.42,0.0,-5.42
15014,4.95,0.0,-4.95
15015,5.13,0.0,-5.13
15016,5.27,0.0,-5.27
15017,5.98,0.0,-5.98
15018,5.97,0.0,-5.97
15019,6.37,0.0,-6.37
15020,4.38,0.0,-4.38
15021,6.31,0.0,-6.31
15022,7.11,0.0,-7.11
15023,5.35,0.0,-5.35
15024,5.11,0.0,-5.11
15025,5.74,0.0,-5.74
15026,5.2,0.0,-5.2
15027,6.47,0.0,-6.47
15028,6.24,0.0,-6.24
15029,5.09,0.0,-5.09
15030,5.95,0.0,-5.95
15031,5.83,0.0,-5.83
15032,5.69,0.0,-5.69
15033,5.05,0.0,-5.05
15034,6.1,0.0,-6.1
15035,3.93,0.0,-3.93
15036,5.66,0.0,-5.66
15037,5.2,0.0,-5.2
15038,5.17,0.0,-5.17
15039,4.86,0.0,-4.86
15040,4.21,0.0,-4.21
15041,4.58,0.0,-4.58
15042,4.28,0.0,-4.28
15043,4.62,0.0,-4.62
15044,5.33,0.0,-5.33
15045,4.71,0.0,-4.71
15046,4.89,0.0,-4.89
15047,4.78,0.0,-4.78
15048,4.49,0.0,-4.49
15049,4.33,0.0,-4.33
15050,4.37,0.0,-4.37
15051,4.61,0.0,-4.61
15052,3.96,0.0,-3.96
15053,3.99,0.0,-3.99
15054,4.22,0.0,-4.22
15055,3.94,0.0,-3.94
15056,3.77,0.0,-3.77
15057,3.71,0.0,-3.71
15058,3.13,0.0,-3.13
15059,3.31,0.0,-3.31
15060,4.34,0.0,-4.34
15061,3.56,0.0,-3.56
15062,4.17,0.0,-4.17
15063,3.22,0.0,-3.22
15064,3.6,0.0,-3.6
15065,4.2,0.0,-4.2
15066,4.06,0.0,-4.06
15067,4.07,0.0,-4.07
15068,4.79,0.0,-4.79
15069,4.28,0.0,-4.28
15070,4.5,0.0,-4.5
15071,3.71,0.0,-3.71
15072,4.64,0.0,-4.64
15073,3.53,0.0,-3.53
15074,3.53,0.0,-3.53
15075,3.45,0.0,-3.45
15076,3.99,0.0,-3.99
15077,4.01,0.0,-4.01
15078,4.44,0.0,-4.44
15079,4.63,0.0,-4.63
15080,4.67,0.0,-4.67
15081,5.64,0.0,-5.64
15082,5.16,0.0,-5.16
15083,4.01,0.0,-4.01
15084,5.28,0.0,-5.28
15085,5.07,0.0,-5.07
15086,5.01,0.0,-5.01
15087,3.81,0.0,-3.81
15088,6.32,0.0,-6.32
15089,5.61,0.0,-5.61
15090,5.28,0.0,-5.28
15091,5.79,0.0,-5.79
15092,5.45,0.0,-5.45
15093,6.33,0.0,-6.33
15094,6.53,0.0,-6.53
15095,6.1,0.0,-6.1
15096,5.43,0.0,-5.43
15097,5.62,0.0,-5.62
15098,5.68,0.0,-5.68
15099,5.68,0.0,-5.68
15100,6.2,0.0,-6.2
15101,5.99,0.0,-5.99
15102,5.26,0.0,-5.26
15103,6.44,0.0,-6.44
15104,4.84,0.0,-4.84
15105,7.74,0.0,-7.74
15106,5.44,0.0,-5.44
15107,5.1,0.0,-5.1
15108,4.14,0.0,-4.14
15109,5.16,0.0,-5.16
15110,7.02,0.0,-7.02
15111,5.52,0.0,-5.52
15112,5.64,0.0,-5.64
15113,3.25,0.0,-3.25
15114,5.22,0.0,-5.22
15115,5.61,0.0,-5.61
15116,5.55,0.0,-5.55
15117,5.31,0.0,-5.31
15118,4.24,0.0,-4.24
15119,4.99,0.0,-4.99
15120,5.21,0.0,-5.21
15121,4.72,0.0,-4.72
15122,4.59,0.0,-4.59
15123,4.2,0.0,-4.2
15124,5.76,0.0,-5.76
15125,4.69,0.0,-4.69
15126,3.72,0.0,-3.72
15127,3.93,0.0,-3.93
15128,4.75,0.0,-4.75
15129,5.14,0.0,-5.14
15130,3.65,0.0,-3.65
15131,5.73,0.0,-5.73
15132,5.31,0.0,-5.31
15133,5.38,0.0,-5.38
15134,4.66,0.0,-4.66
15135,5.2,0.0,-5.2
15136,5.19,0.0,-5.19
15137,4.57,0.0,-4.57
15138,4.4,0.0,-4.4
15139,4.97,0.0,-4.97
15140,4.85,0.0,-4.85
15141,4.95,0.0,-4.95
15142,5.59,0.0,-5.59
15143,4.5,0.0,-4.5
15144,4.09,0.0,-4.09
15145,7.82,0.0,-7.82
15146,4.83,0.0,-4.83
15147,4.92,0.0,-4.92
15148,4.71,0.0,-4.71
15149,4.72,0.0,-4.72
15150,4.26,0.0,-4.26
15151,4.48,0.0,-4.48
15152,4.22,0.0,-4.22
15153,4.06,0.0,-4.06
15154,4.31,0.0,-4.31
15155,5.04,0.0,-5.04
15156,3.57,0.0,-3.57
15157,4.49,0.0,-4.49
15158,4.3,0.0,-4.3
15159,4.05,0.0,-4.05
15160,4.41,0.0,-4.41
15161,4.21,0.0,-4.21
15162,6.84,0.0,-6.84
15163,4.19,0.0,-4.19
15164,4.51,0.0,-4.51
15165,4.54,0.0,-4.54
15166,4.0,0.0,-4.0
15167,4.2,0.0,-4.2
15168,4.19,0.0,-4.19
15169,4.31,0.0,-4.31
15170,4.55,0.0,-4.55
15171,3.92,0.0,-3.92
15172,4.3,0.0,-4.3
15173,4.09,0.0,-4.09
15174,6.31,0.0,-6.31
15175,5.8,0.0,-5.8
15176,4.71,0.0,-4.71
15177,4.48,0.0,-4.48
15178,4.08,0.0,-4.08
15179,4.37,0.0,-4.37
15180,3.74,0.0,-3.74
15181,4.4,0.0,-4.4
15182,4.73,0.0,-4.73
15183,4.79,0.0,-4.79
15184,7.51,0.0,-7.51
15185,4.92,0.0,-4.92
15186,4.35,0.0,-4.35
15187,5.79,0.0,-5.79
15188,4.67,0.0,-4.67
15189,4.86,0.0,-4.86
15190,4.27,0.0,-4.27
15191,4.48,0.0,-4.48
15192,6.33,0.0,-6.33
15193,3.49,0.0,-3.49
15194,5.0,0.0,-5.0
15195,4.66,0.0,-4.66
15196,4.57,0.0,-4.57
15197,5.04,0.0,-5.04
15198,4.13,0.0,-4.13
15199,4.99,0.0,-4.99
15200,4.63,0.0,-4.63
15201,4.91,0.0,-4.91
15202,5.66,0.0,-5.66
15203,5.17,0.0,-5.17
15204,5.15,0.0,-5.15
15205,5.08,0.0,-5.08
15206,4.99,0.0,-4.99
15207,4.48,0.0,-4.48
15208,4.72,0.0,-4.72
15209,5.08,0.0,-5.08
15210,5.37,0.0,-5.37
15211,4.71,0.0,-4.71
15212,6.97,0.0,-6.97
15213,5.23,0.0,-5.23
15214,4.53,0.0,-4.53
15215,3.34,0.0,-3.34
15216,4.77,0.0,-4.77
15217,4.07,0.0,-4.07
15218,5.27,0.0,-5.27
15219,5.3,0.0,-5.3
15220,5.28,0.0,-5.28
15221,4.51,0.0,-4.51
15222,4.79,0.0,-4.79
15223,4.81,0.0,-4.81
15224,4.66,0.0,-4.66
15225,5.09,0.0,-5.09
15226,5.09,0.0,-5.09
15227,4.27,0.0,-4.27
15228,5.37,0.0,-5.37
15229,5.11,0.0,-5.11
15230,4.83,0.0,-4.83
15231,5.37,0.0,-5.37
15232,5.39,0.0,-5.39
15233,5.09,0.0,-5.09
15234,4.93,0.0,-4.93
15235,5.32,0.0,-5.32
15236,5.08,0.0,-5.08
15237,4.82,0.0,-4.82
15238,5.09,0.0,-5.09
15239,4.79,0.0,-4.79
15240,4.76,0.0,-4.76
15241,4.59,0.0,-4.59
15242,4.95,0.0,-4.95
15243,4.78,0.0,-4.78
15244,5.23,0.0,-5.23
15245,3.0,0.0,-3.0
15246,4.31,0.0,-4.31
15247,4.58,0.0,-4.58
15248,3.55,0.0,-3.55
15249,4.28,0.0,-4.28
15250,4.0,0.0,-4.0
15251,3.79,0.0,-3.79
15252,4.09,0.0,-4.09
15253,3.58,0.0,-3.58
15254,4.25,0.0,-4.25
15255,4.3,0.0,-4.3
15256,4.41,0.0,-4.41
15257,4.84,0.0,-4.84
15258,4.33,0.0,-4.33
15259,4.75,0.0,-4.75
15260,4.4,0.0,-4.4
15261,4.34,0.0,-4.34
15262,4.27,0.0,-4.27
15263,4.35,0.0,-4.35
15264,4.96,0.0,-4.96
15265,4.47,0.0,-4.47
15266,4.79,0.0,-4.79
15267,4.87,0.0,-4.87
15268,4.46,0.0,-4.46
15269,4.9,0.0,-4.9
15270,4.24,0.0,-4.24
15271,4.49,0.0,-4.49
15272,5.68,0.0,-5.68
15273,4.94,0.0,-4.94
15274,5.09,0.0,-5.09
15275,5.32,0.0,-5.32
15276,4.24,0.0,-4.24
15277,4.8,0.0,-4.8
15278,5.61,0.0,-5.61
15279,4.92,0.0,-4.92
15280,5.7,0.0,-5.7
15281,4.66,0.0,-4.66
15282,4.94,0.0,-4.94
15283,4.91,0.0,-4.91
15284,5.81,0.0,-5.81
15285,5.59,0.0,-5.59
15286,4.47,0.0,-4.47
15287,5.3,0.0,-5.3
15288,4.19,0.0,-4.19
15289,4.5,0.0,-4.5
15290,5.14,0.0,-5.14
15291,5.23,0.0,-5.23
15292,4.85,0.0,-4.85
15293,4.84,0.0,-4.84
15294,5.63,0.0,-5.63
15295,4.07,0.0,-4.07
15296,4.97,0.0,-4.97
15297,5.23,0.0,-5.23
15298,4.51,0.0,-4.51
15299,3.38,0.0,-3.38
15300,3.8,0.0,-3.8
15301,5.12,0.0,-5.12
15302,4.65,0.0,-4.65
15303,5.26,0.0,-5.26
15304,4.28,0.0,-4.28
15305,4.35,0.0,-4.35
15306,4.77,0.0,-4.77
15307,5.01,0.0,-5.01
15308,3.81,0.0,-3.81
15309,4.52,0.0,-4.52
15310,4.45,0.0,-4.45
15311,4.49,0.0,-4.49
15312,4.62,0.0,-4.62
15313,5.48,0.0,-5.48
15314,4.47,0.0,-4.47
15315,4.46,0.0,-4.46
15316,4.45,0.0,-4.45
15317,4.59,0.0,-4.59
15318,5.59,0.0,-5.59
15319,4.45,0.0,-4.45
15320,3.94,0.0,-3.94
15321,4.71,0.0,-4.71
15322,4.96,0.0,-4.96
15323,5.29,0.0,-5.29
15324,4.62,0.0,-4.62
15325,4.5,0.0,-4.5
15326,5.2,0.0,-5.2
15327,4.71,0.0,-4.71
15328,2.73,0.0,-2.73
15329,5.15,0.0,-5.15
15330,5.0,0.0,-5.0
15331,4.57,0.0,-4.57
15332,9.72,0.0,-9.72
15333,4.85,0.0,-4.85
15334,4.4,0.0,-4.4
15335,4.21,0.0,-4.21
15336,7.51,0.0,-7.51
15337,4.53,0.0,-4.53
15338,3.86,0.0,-3.86
15339,4.41,0.0,-4.41
15340,3.65,0.0,-3.65
15341,3.37,0.0,-3.37
15342,3.83,0.0,-3.83
15343,5.0,0.0,-5.0
15344,3.93,0.0,-3.93
15345,3.67,0.0,-3.67
15346,3.36,0.0,-3.36
15347,3.2,0.0,-3.2
15348,3.64,0.0,-3.64
15349,3.45,0.0,-3.45
15350,2.91,0.0,-2.91
15351,3.5,0.0,-3.5
15352,3.95,0.0,-3.95
15353,3.54,0.0,-3.54
15354,3.83,0.0,-3.83
15355,3.96,0.0,-3.96
15356,3.35,0.0,-3.35
15357,3.67,0.0,-3.67
15358,3.62,0.0,-3.62
15359,3.53,0.0,-3.53
15360,3.96,0.0,-3.96
15361,3.47,0.0,-3.47
15362,3.89,0.0,-3.89
15363,4.29,0.0,-4.29
15364,3.49,0.0,-3.49
15365,3.9,0.0,-3.9
15366,3.95,0.0,-3.95
15367,4.09,0.0,-4.09
15368,4.1,0.0,-4.1
15369,5.31,0.0,-5.31
15370,3.14,0.0,-3.14
15371,3.96,0.0,-3.96
15372,4.68,0.0,-4.68
15373,4.67,0.0,-4.67
15374,4.95,0.0,-4.95
15375,3.45,0.0,-3.45
15376,4.61,0.0,-4.61
15377,4.36,0.0,-4.36
15378,4.13,0.0,-4.13
15379,4.75,0.0,-4.75
15380,5.1,0.0,-5.1
15381,4.58,0.0,-4.58
15382,4.89,0.0,-4.89
15383,4.54,0.0,-4.54
15384,4.09,0.0,-4.09
15385,4.12,0.0,-4.12
15386,4.41,0.0,-4.41
15387,4.24,0.0,-4.24
15388,6.85,0.0,-6.85
15389,4.12,0.0,-4.12
15390,4.74,0.0,-4.74
15391,4.95,0.0,-4.95
15392,4.96,0.0,-4.96
15393,4.75,0.0,-4.75
15394,3.61,0.0,-3.61
15395,3.63,0.0,-3.63
15396,4.29,0.0,-4.29
15397,4.74,0.0,-4.74
15398,4.0,0.0,-4.0
15399,4.8,0.0,-4.8
15400,4.98,0.0,-4.98
15401,5.56,0.0,-5.56
15402,4.85,0.0,-4.85
15403,4.35,0.0,-4.35
15404,4.48,0.0,-4.48
15405,4.44,0.0,-4.44
15406,3.75,0.0,-3.75
15407,3.06,0.0,-3.06
15408,3.98,0.0,-3.98
15409,4.48,0.0,-4.48
15410,4.72,0.0,-4.72
15411,4.68,0.0,-4.68
15412,3.79,0.0,-3.79
15413,3.52,0.0,-3.52
15414,5.19,0.0,-5.19
15415,4.27,0.0,-4.27
15416,4.5,0.0,-4.5
15417,3.52,0.0,-3.52
15418,4.0,0.0,-4.0
15419,3.94,0.0,-3.94
15420,3.87,0.0,-3.87
15421,3.8,0.0,-3.8
15422,4.05,0.0,-4.05
15423,3.86,0.0,-3.86
15424,4.07,0.0,-4.07
15425,3.98,0.0,-3.98
15426,5.21,0.0,-5.21
15427,4.42,0.0,-4.42
15428,3.74,0.0,-3.74
15429,3.71,0.0,-3.71
15430,3.96,0.0,-3.96
15431,3.68,0.0,-3.68
15432,4.35,0.0,-4.35
15433,3.29,0.0,-3.29
15434,3.35,0.0,-3.35
15435,2.53,0.0,-2.53
15436,3.71,0.0,-3.71
15437,3.54,0.0,-3.54
15438,3.89,0.0,-3.89
15439,3.58,0.0,-3.58
15440,3.22,0.0,-3.22
15441,3.41,0.0,-3.41
15442,2.92,0.0,-2.92
15443,3.51,0.0,-3.51
15444,3.51,0.0,-3.51
15445,3.74,0.0,-3.74
15446,3.83,0.0,-3.83
15447,3.66,0.0,-3.66
15448,3.72,0.0,-3.72
15449,3.73,0.0,-3.73
15450,4.34,0.0,-4.34
15451,3.64,0.0,-3.64
15452,2.03,0.0,-2.03
15453,3.92,0.0,-3.92
15454,3.88,0.0,-3.88
15455,4.46,0.0,-4.46
15456,4.15,0.0,-4.15
15457,3.44,0.0,-3.44
15458,14.17,0.0,-14.17
15459,3.87,0.0,-3.87
15460,4.41,0.0,-4.41
15461,4.87,0.0,-4.87
15462,3.96,0.0,-3.96
15463,3.57,0.0,-3.57
15464,3.82,0.0,-3.82
15465,3.91,0.0,-3.91
15466,4.83,0.0,-4.83
15467,4.05,0.0,-4.05
15468,4.56,0.0,-4.56
15469,4.79,0.0,-4.79
15470,2.98,0.0,-2.98
15471,4.46,0.0,-4.46
15472,4.31,0.0,-4.31
15473,3.97,0.0,-3.97
15474,4.59,0.0,-4.59
15475,4.04,0.0,-4.04
15476,5.16,0.0,-5.16
15477,4.41,0.0,-4.41
15478,4.8,0.0,-4.8
15479,4.55,0.0,-4.55
15480,4.28,0.0,-4.28
15481,4.0,0.0,-4.0
15482,4.84,0.0,-4.84
15483,3.7,0.0,-3.7
15484,4.8,0.0,-4.8
15485,4.67,0.0,-4.67
15486,4.66,0.0,-4.66
15487,4.28,0.0,-4.28
15488,4.74,0.0,-4.74
15489,4.5,0.0,-4.5
15490,4.3,0.0,-4.3
15491,3.94,0.0,-3.94
15492,4.13,0.0,-4.13
15493,5.8,0.0,-5.8
15494,4.2,0.0,-4.2
15495,6.81,0.0,-6.81
15496,3.97,0.0,-3.97
15497,5.0,0.0,-5.0
15498,3.84,0.0,-3.84
15499,4.13,0.0,-4.13
15500,4.77,0.0,-4.77
15501,4.54,0.0,-4.54
15502,4.31,0.0,-4.31
15503,4.17,0.0,-4.17
15504,4.06,0.0,-4.06
15505,3.52,0.0,-3.52
15506,4.16,0.0,-4.16
15507,3.52,0.0,-3.52
15508,4.81,0.0,-4.81
15509,4.31,0.0,-4.31
15510,3.94,0.0,-3.94
15511,3.99,0.0,-3.99
15512,3.55,0.0,-3.55
15513,6.69,0.0,-6.69
15514,6.0,0.0,-6.0
15515,3.78,0.0,-3.78
15516,3.72,0.0,-3.72
15517,4.9,0.0,-4.9
15518,4.08,0.0,-4.08
15519,4.06,0.0,-4.06
15520,3.86,0.0,-3.86
15521,3.99,0.0,-3.99
15522,4.18,0.0,-4.18
15523,3.8,0.0,-3.8
15524,5.15,0.0,-5.15
15525,3.25,0.0,-3.25
15526,3.6,0.0,-3.6
15527,3.13,0.0,-3.13
15528,3.65,0.0,-3.65
15529,3.87,0.0,-3.87
15530,3.71,0.0,-3.71
15531,3.09,0.0,-3.09
15532,3.32,0.0,-3.32
15533,3.3,0.0,-3.3
15534,2.85,0.0,-2.85
15535,3.26,0.0,-3.26
15536,3.17,0.0,-3.17
15537,3.37,0.0,-3.37
15538,3.23,0.0,-3.23
15539,3.29,0.0,-3.29
15540,2.56,0.0,-2.56
15541,3.04,0.0,-3.04
15542,3.21,0.0,-3.21
15543,3.77,0.0,-3.77
15544,3.78,0.0,-3.78
15545,4.08,0.0,-4.08
15546,3.91,0.0,-3.91
15547,3.47,0.0,-3.47
15548,3.95,0.0,-3.95
15549,4.1,0.0,-4.1
15550,3.98,0.0,-3.98
15551,4.17,0.0,-4.17
15552,3.87,0.0,-3.87
15553,3.72,0.0,-3.72
15554,3.76,0.0,-3.76
15555,3.76,0.0,-3.76
15556,3.73,0.0,-3.73
15557,3.49,0.0,-3.49
15558,4.14,0.0,-4.14
15559,4.09,0.0,-4.09
15560,3.66,0.0,-3.66
15561,4.17,0.0,-4.17
15562,4.0,0.0,-4.0
15563,4.19,0.0,-4.19
15564,4.15,0.0,-4.15
15565,4.49,0.0,-4.49
15566,3.3,0.0,-3.3
15567,3.18,0.0,-3.18
15568,3.71,0.0,-3.71
15569,4.43,0.0,-4.43
15570,4.64,0.0,-4.64
15571,3.12,0.0,-3.12
15572,4.18,0.0,-4.18
15573,9.53,0.0,-9.53
15574,5.11,0.0,-5.11
15575,4.26,0.0,-4.26
15576,4.78,0.0,-4.78
15577,4.67,0.0,-4.67
15578,4.07,0.0,-4.07
15579,3.91,0.0,-3.91
15580,4.45,0.0,-4.45
15581,3.54,0.0,-3.54
15582,3.97,0.0,-3.97
15583,3.99,0.0,-3.99
15584,4.0,0.0,-4.0
15585,3.08,0.0,-3.08
15586,4.0,0.0,-4.0
15587,4.1,0.0,-4.1
15588,3.94,0.0,-3.94
15589,3.9,0.0,-3.9
15590,3.86,0.0,-3.86
15591,4.07,0.0,-4.07
15592,3.87,0.0,-3.87
15593,9.95,0.0,-9.95
15594,3.57,0.0,-3.57
15595,3.68,0.0,-3.68
15596,3.9,0.0,-3.9
15597,5.0,0.0,-5.0
15598,3.8,0.0,-3.8
15599,4.18,0.0,-4.18
15600,4.05,0.0,-4.05
15601,4.23,0.0,-4.23
15602,4.3,0.0,-4.3
15603,4.1,0.0,-4.1
15604,6.43,0.0,-6.43
15605,4.07,0.0,-4.07
15606,3.71,0.0,-3.71
15607,4.4,0.0,-4.4
15608,3.76,0.0,-3.76
15609,3.82,0.0,-3.82
15610,4.84,0.0,-4.84
15611,4.72,0.0,-4.72
15612,5.31,0.0,-5.31
15613,3.85,0.0,-3.85
15614,3.96,0.0,-3.96
15615,4.19,0.0,-4.19
15616,3.61,0.0,-3.61
15617,4.04,0.0,-4.04
15618,4.14,0.0,-4.14
15619,3.97,0.0,-3.97
15620,3.72,0.0,-3.72
15621,3.57,0.0,-3.57
15622,3.2,0.0,-3.2
15623,2.92,0.0,-2.92
15624,3.4,0.0,-3.4
15625,3.09,0.0,-3.09
15626,3.26,0.0,-3.26
15627,8.86,0.0,-8.86
15628,3.13,0.0,-3.13
15629,2.66,0.0,-2.66
15630,3.11,0.0,-3.11
15631,3.06,0.0,-3.06
15632,2.98,0.0,-2.98
15633,2.29,0.0,-2.29
15634,3.59,0.0,-3.59
15635,2.74,0.0,-2.74
15636,2.77,0.0,-2.77
15637,2.87,0.0,-2.87
15638,3.12,0.0,-3.12
15639,2.81,0.0,-2.81
15640,3.4,0.0,-3.4
15641,2.58,0.0,-2.58
15642,3.0,0.0,-3.0
15643,3.23,0.0,-3.23
15644,4.34,0.0,-4.34
15645,3.39,0.0,-3.39
15646,4.19,0.0,-4.19
15647,3.7,0.0,-3.7
15648,3.06,0.0,-3.06
15649,4.19,0.0,-4.19
15650,4.03,0.0,-4.03
15651,4.7,0.0,-4.7
15652,5.03,0.0,-5.03
15653,5.15,0.039,-5.111
15654,4.6,0.039,-4.561
15655,4.88,0.036,-4.844
15656,3.95,0.0,-3.95
15657,4.52,0.004,-4.516
15658,5.22,0.006,-5.214
15659,6.13,0.009,-6.121
15660,4.79,0.0,-4.79
15661,5.36,0.0,-5.36
15662,4.59,0.0,-4.59
15663,4.41,0.0,-4.41
15664,5.24,0.0,-5.24
15665,4.43,0.0,-4.43
15666,4.74,0.0,-4.74
15667,5.33,0.0,-5.33
15668,4.62,0.0,-4.62
15669,4.89,0.0,-4.89
15670,4.67,0.0,-4.67
15671,4.2,0.0,-4.2
15672,3.97,0.0,-3.97
15673,4.0,0.0,-4.0
15674,4.21,0.0,-4.21
15675,4.37,0.0,-4.37
15676,4.28,0.0,-4.28
15677,4.35,0.0,-4.35
15678,4.66,0.0,-4.66
15679,4.01,0.0,-4.01
15680,3.82,0.0,-3.82
15681,3.78,0.0,-3.78
15682,4.08,0.0,-4.08
15683,4.3,0.0,-4.3
15684,4.66,0.0,-4.66
15685,4.8,0.0,-4.8
15686,4.13,0.0,-4.13
15687,4.52,0.0,-4.52
15688,4.15,0.0,-4.15
15689,4.53,0.0,-4.53
15690,4.38,0.0,-4.38
15691,4.39,0.0,-4.39
15692,4.54,0.0,-4.54
15693,4.16,0.0,-4.16
15694,3.95,0.0,-3.95
15695,4.46,0.0,-4.46
15696,4.06,0.0,-4.06
15697,3.98,0.0,-3.98
15698,4.0,0.0,-4.0
15699,4.19,0.0,-4.19
15700,3.81,0.0,-3.81
15701,3.55,0.0,-3.55
15702,4.08,0.0,-4.08
15703,4.68,0.0,-4.68
15704,4.21,0.0,-4.21
15705,4.49,0.0,-4.49
15706,4.78,0.0,-4.78
15707,3.31,0.0,-3.31
15708,4.02,0.0,-4.02
15709,4.05,0.0,-4.05
15710,3.92,0.0,-3.92
15711,3.85,0.0,-3.85
15712,4.0,0.0,-4.0
15713,4.19,0.0,-4.19
15714,4.57,0.0,-4.57
15715,3.45,0.0,-3.45
15716,3.93,0.0,-3.93
15717,3.85,0.0,-3.85
15718,3.53,0.0,-3.53
15719,4.7,0.0,-4.7
15720,3.18,0.0,-3.18
15721,2.72,0.0,-2.72
15722,3.38,0.0,-3.38
15723,3.26,0.0,-3.26
15724,2.77,0.0,-2.77
15725,3.2,0.0,-3.2
15726,2.13,0.0,-2.13
15727,2.62,0.0,-2.62
15728,2.32,0.0,-2.32
15729,2.57,0.0,-2.57
15730,2.43,0.0,-2.43
15731,2.25,0.0,-2.25
15732,2.69,0.0,-2.69
15733,2.16,0.0,-2.16
15734,2.37,0.0,-2.37
15735,2.72,0.0,-2.72
15736,3.17,0.0,-3.17
15737,3.25,0.0,-3.25
15738,2.65,0.0,-2.65
15739,2.67,0.0,-2.67
15740,3.09,0.0,-3.09
15741,2.99,0.0,-2.99
15742,3.1,0.0,-3.1
15743,3.74,0.0,-3.74
15744,3.65,0.0,-3.65
15745,4.01,0.0,-4.01
15746,3.56,0.0,-3.56
15747,4.11,0.0,-4.11
15748,4.26,0.0,-4.26
15749,5.8,0.0,-5.8
15750,4.48,0.0,-4.48
15751,4.76,0.0,-4.76
15752,6.55,0.0,-6.55
15753,4.85,0.0,-4.85
15754,3.98,0.0,-3.98
15755,6.09,0.0,-6.09
15756,5.81,0.0,-5.81
15757,5.7,0.0,-5.7
15758,5.57,0.0,-5.57
15759,5.78,0.0,-5.78
15760,8.42,0.0,-8.42
15761,4.89,0.0,-4.89
15762,4.81,0.0,-4.81
15763,4.35,0.0,-4.35
15764,3.86,0.0,-3.86
15765,4.94,0.0,-4.94
15766,4.49,0.0,-4.49
15767,4.44,0.0,-4.44
15768,5.31,0.0,-5.31
15769,4.91,0.0,-4.91
15770,4.65,0.0,-4.65
15771,5.17,0.0,-5.17
15772,3.67,0.0,-3.67
15773,3.98,0.0,-3.98
15774,4.18,0.0,-4.18
15775,4.52,0.0,-4.52
15776,4.97,0.0,-4.97
15777,4.3,0.0,-4.3
15778,4.96,0.0,-4.96
15779,4.29,0.0,-4.29
15780,5.06,0.0,-5.06
15781,3.61,0.0,-3.61
15782,4.88,0.0,-4.88
15783,4.43,0.0,-4.43
15784,4.53,0.0,-4.53
15785,4.55,0.0,-4.55
15786,4.07,0.0,-4.07
15787,4.08,0.0,-4.08
15788,4.39,0.0,-4.39
15789,5.17,0.0,-5.17
15790,4.57,0.0,-4.57
15791,4.88,0.0,-4.88
15792,4.35,0.0,-4.35
15793,4.48,0.0,-4.48
15794,3.99,0.0,-3.99
15795,4.94,0.0,-4.94
15796,3.02,0.0,-3.02
15797,4.65,0.0,-4.65
15798,4.39,0.0,-4.39
15799,3.97,0.0,-3.97
15800,4.32,0.0,-4.32
15801,4.66,0.0,-4.66
15802,5.25,0.0,-5.25
15803,4.86,0.0,-4.86
15804,4.14,0.0,-4.14
15805,4.53,0.0,-4.53
15806,5.44,0.0,-5.44
15807,5.85,0.0,-5.85
15808,7.24,0.0,-7.24
15809,5.01,0.0,-5.01
15810,4.19,0.0,-4.19
15811,4.3,0.0,-4.3
15812,4.31,0.0,-4.31
15813,4.67,0.0,-4.67
15814,4.71,0.0,-4.71
15815,4.93,0.0,-4.93
15816,4.49,0.0,-4.49
15817,4.31,0.0,-4.31
15818,4.45,0.0,-4.45
15819,4.29,0.0,-4.29
15820,4.61,0.0,-4.61
15821,3.79,0.0,-3.79
15822,4.04,0.0,-4.04
15823,4.03,0.0,-4.03
15824,4.64,0.0,-4.64
15825,3.72,0.0,-3.72
15826,3.49,0.0,-3.49
15827,3.14,0.0,-3.14
15828,4.47,0.0,-4.47
15829,4.15,0.0,-4.15
15830,4.39,0.0,-4.39
15831,3.71,0.0,-3.71
15832,4.04,0.0,-4.04
15833,3.73,0.0,-3.73
15834,3.48,0.0,-3.48
15835,3.77,0.0,-3.77
15836,3.91,0.0,-3.91
15837,3.68,0.0,-3.68
15838,2.93,0.0,-2.93
15839,3.51,0.0,-3.51
15840,4.13,0.0,-4.13
15841,4.5,0.0,-4.5
15842,4.04,0.0,-4.04
15843,3.76,0.0,-3.76
15844,3.73,0.0,-3.73
15845,3.71,0.0,-3.71
15846,3.58,0.0,-3.58
15847,7.45,0.0,-7.45
15848,4.84,0.0,-4.84
15849,4.03,0.0,-4.03
15850,3.88,0.0,-3.88
15851,11.48,0.0,-11.48
15852,3.88,0.0,-3.88
15853,3.93,0.0,-3.93
15854,4.12,0.0,-4.12
15855,4.92,0.0,-4.92
15856,4.0,0.0,-4.0
15857,3.55,0.0,-3.55
15858,5.65,0.0,-5.65
15859,4.42,0.0,-4.42
15860,3.45,0.0,-3.45
15861,3.62,0.0,-3.62
15862,3.83,0.0,-3.83
15863,4.91,0.0,-4.91
15864,3.44,0.0,-3.44
15865,3.61,0.0,-3.61
15866,3.36,0.0,-3.36
15867,3.55,0.0,-3.55
15868,3.67,0.0,-3.67
15869,3.1,0.0,-3.1
15870,3.91,0.0,-3.91
15871,3.26,0.0,-3.26
15872,4.06,0.0,-4.06
15873,3.44,0.0,-3.44
15874,2.6,0.0,-2.6
15875,3.34,0.0,-3.34
15876,3.5,0.0,-3.5
15877,3.5,0.0,-3.5
15878,4.5,0.0,-4.5
15879,2.85,0.0,-2.85
15880,8.3,0.0,-8.3
15881,4.07,0.0,-4.07
15882,3.29,0.0,-3.29
15883,3.12,0.0,-3.12
15884,3.2,0.0,-3.2
15885,2.53,0.0,-2.53
15886,3.43,0.0,-3.43
15887,3.34,0.0,-3.34
15888,2.83,0.0,-2.83
15889,3.28,0.0,-3.28
15890,3.04,0.0,-3.04
15891,3.25,0.0,-3.25
15892,3.87,0.0,-3.87
15893,3.82,0.0,-3.82
15894,2.22,0.0,-2.22
15895,3.25,0.0,-3.25
15896,3.43,0.0,-3.43
15897,3.63,0.0,-3.63
15898,3.82,0.0,-3.82
15899,3.28,0.0,-3.28
15900,2.91,0.0,-2.91
15901,3.02,0.0,-3.02
15902,3.51,0.0,-3.51
15903,3.03,0.0,-3.03
15904,3.51,0.0,-3.51
15905,3.94,0.0,-3.94
15906,3.74,0.0,-3.74
15907,3.05,0.0,-3.05
15908,2.98,0.0,-2.98
15909,3.04,0.0,-3.04
15910,3.22,0.0,-3.22
15911,3.21,0.0,-3.21
15912,6.45,0.0,-6.45
15913,3.05,0.0,-3.05
15914,2.98,0.0,-2.98
15915,2.79,0.0,-2.79
15916,3.2,0.0,-3.2
15917,2.78,0.0,-2.78
15918,5.37,0.0,-5.37
15919,2.84,0.0,-2.84
15920,2.6,0.0,-2.6
15921,3.0,0.0,-3.0
15922,3.09,0.0,-3.09
15923,2.78,0.0,-2.78
15924,2.76,0.0,-2.76
15925,3.34,0.0,-3.34
15926,3.22,0.0,-3.22
15927,2.43,0.0,-2.43
15928,1.74,0.0,-1.74
15929,3.37,0.0,-3.37
15930,2.69,0.0,-2.69
15931,3.47,0.0,-3.47
15932,3.13,0.0,-3.13
15933,2.95,0.0,-2.95
15934,2.83,0.0,-2.83
15935,3.08,0.0,-3.08
15936,3.6,0.0,-3.6
15937,3.16,0.0,-3.16
15938,3.11,0.0,-3.11
15939,3.53,0.0,-3.53
15940,2.93,0.0,-2.93
15941,3.71,0.0,-3.71
15942,3.36,0.0,-3.36
15943,3.41,0.0,-3.41
15944,3.33,0.0,-3.33
15945,3.44,0.0,-3.44
15946,3.07,0.0,-3.07
15947,3.52,0.0,-3.52
15948,3.73,0.0,-3.73
15949,3.9,0.0,-3.9
15950,3.4,0.0,-3.4
15951,3.12,0.0,-3.12
15952,2.53,0.0,-2.53
15953,3.19,0.0,-3.19
15954,2.58,0.0,-2.58
15955,2.58,0.0,-2.58
15956,2.84,0.0,-2.84
15957,2.4,0.0,-2.4
15958,2.63,0.0,-2.63
15959,2.31,0.0,-2.31
15960,2.59,0.0,-2.59
15961,2.6,0.0,-2.6
15962,2.13,0.0,-2.13
15963,2.39,0.0,-2.39
15964,2.51,0.0,-2.51
15965,2.32,0.0,-2.32
15966,1.94,0.0,-1.94
15967,2.13,0.0,-2.13
15968,2.33,0.0,-2.33
15969,1.72,0.0,-1.72
15970,2.29,0.0,-2.29
15971,2.98,0.0,-2.98
15972,2.12,0.0,-2.12
15973,2.27,0.0,-2.27
15974,2.3,0.0,-2.3
15975,2.01,0.0,-2.01
15976,2.1,0.0,-2.1
15977,2.0,0.0,-2.0
15978,2.03,0.0,-2.03
15979,2.08,0.0,-2.08
15980,2.13,0.0,-2.13
15981,1.66,0.0,-1.66
15982,1.72,0.0,-1.72
15983,1.81,0.0,-1.81
15984,2.12,0.0,-2.12
15985,2.22,0.0,-2.22
15986,2.43,0.0,-2.43
15987,2.72,0.0,-2.72
15988,2.26,0.0,-2.26
15989,2.61,0.0,-2.61
15990,1.41,0.0,-1.41
15991,2.65,0.0,-2.65
15992,2.58,0.0,-2.58
15993,3.3,0.0,-3.3
15994,2.04,0.0,-2.04
15995,2.24,0.0,-2.24
15996,2.63,0.0,-2.63
15997,2.55,0.0,-2.55
15998,2.42,0.0,-2.42
15999,2.86,0.0,-2.86
16000,2.91,0.0,-2.91
16001,2.46,0.0,-2.46
16002,3.7,0.0,-3.7
16003,2.61,0.0,-2.61
16004,2.4,0.0,-2.4
16005,1.85,0.0,-1.85
16006,1.76,0.0,-1.76
16007,2.17,0.0,-2.17
16008,2.08,0.0,-2.08
16009,2.04,0.0,-2.04
16010,1.94,0.0,-1.94
16011,2.23,0.0,-2.23
16012,2.13,0.0,-2.13
16013,1.46,0.0,-1.46
16014,2.24,0.0,-2.24
16015,1.9,0.0,-1.9
16016,1.85,0.0,-1.85
16017,1.95,0.0,-1.95
16018,2.29,0.0,-2.29
16019,1.86,0.0,-1.86
16020,2.04,0.0,-2.04
16021,1.58,0.0,-1.58
16022,2.13,0.0,-2.13
16023,1.95,0.0,-1.95
16024,1.89,0.0,-1.89
16025,1.65,0.0,-1.65
16026,1.54,0.0,-1.54
16027,2.17,0.0,-2.17
16028,1.81,0.0,-1.81
16029,1.9,0.0,-1.9
16030,2.42,0.0,-2.42
16031,2.07,0.0,-2.07
16032,2.39,0.0,-2.39
16033,3.2,0.0,-3.2
16034,2.54,0.0,-2.54
16035,2.07,0.0,-2.07
16036,2.27,0.0,-2.27
16037,3.04,0.0,-3.04
16038,3.13,0.0,-3.13
16039,2.17,0.0,-2.17
16040,2.32,0.0,-2.32
16041,2.17,0.0,-2.17
16042,2.26,0.0,-2.26
16043,2.39,0.0,-2.39
16044,2.75,0.0,-2.75
16045,2.76,0.0,-2.76
16046,3.28,0.0,-3.28
16047,2.95,0.0,-2.95
16048,3.15,0.0,-3.15
16049,2.95,0.0,-2.95
16050,2.89,0.0,-2.89
16051,2.66,0.0,-2.66
16052,2.59,0.0,-2.59
16053,2.73,0.0,-2.73
16054,2.84,0.0,-2.84
16055,3.12,0.0,-3.12
16056,2.98,0.0,-2.98
16057,3.2,0.0,-3.2
16058,2.99,0.0,-2.99
16059,3.12,0.0,-3.12
16060,2.64,0.0,-2.64
16061,2.76,0.0,-2.76
16062,5.86,0.0,-5.86
16063,3.47,0.0,-3.47
16064,3.37,0.0,-3.37
16065,2.71,0.0,-2.71
16066,3.31,0.0,-3.31
16067,3.54,0.0,-3.54
16068,3.19,0.0,-3.19
16069,3.09,0.0,-3.09
16070,3.18,0.0,-3.18
16071,3.37,0.0,-3.37
16072,2.8,0.0,-2.8
16073,3.07,0.0,-3.07
16074,4.42,0.0,-4.42
16075,3.36,0.0,-3.36
16076,3.16,0.0,-3.16
16077,4.22,0.0,-4.22
16078,2.97,0.0,-2.97
16079,4.4,0.0,-4.4
16080,3.41,0.0,-3.41
16081,3.43,0.0,-3.43
16082,3.33,0.0,-3.33
16083,2.98,0.0,-2.98
16084,2.65,0.0,-2.65
16085,3.09,0.0,-3.09
16086,3.46,0.0,-3.46
16087,3.16,0.0,-3.16
16088,2.96,0.0,-2.96
16089,2.87,0.0,-2.87
16090,3.37,0.0,-3.37
16091,2.62,0.0,-2.62
16092,3.25,0.0,-3.25
16093,2.98,0.0,-2.98
16094,3.09,0.0,-3.09
16095,2.82,0.0,-2.82
16096,2.68,0.0,-2.68
16097,2.48,0.0,-2.48
16098,2.24,0.0,-2.24
16099,2.68,0.0,-2.68
16100,2.6,0.0,-2.6
16101,2.34,0.0,-2.34
16102,2.53,0.0,-2.53
16103,2.25,0.0,-2.25
16104,2.26,0.0,-2.26
16105,2.36,0.0,-2.36
16106,2.31,0.0,-2.31
16107,2.27,0.0,-2.27
16108,2.26,0.0,-2.26
16109,2.35,0.0,-2.35
16110,2.26,0.0,-2.26
16111,2.36,0.0,-2.36
16112,2.01,0.0,-2.01
16113,1.89,0.0,-1.89
16114,1.96,0.0,-1.96
16115,1.71,0.0,-1.71
16116,2.17,0.0,-2.17
16117,1.59,0.0,-1.59
16118,2.17,0.0,-2.17
16119,2.11,0.0,-2.11
16120,2.38,0.0,-2.38
16121,2.32,0.0,-2.32
16122,1.35,0.0,-1.35
16123,2.45,0.0,-2.45
16124,2.6,0.0,-2.6
16125,2.52,0.0,-2.52
16126,2.29,0.0,-2.29
16127,2.4,0.0,-2.4
16128,2.41,0.0,-2.41
16129,2.38,0.0,-2.38
16130,2.24,0.0,-2.24
16131,2.56,0.0,-2.56
16132,2.78,0.0,-2.78
16133,3.07,0.0,-3.07
16134,4.35,0.0,-4.35
16135,2.82,0.0,-2.82
16136,2.62,0.0,-2.62
16137,2.89,0.0,-2.89
16138,3.41,0.0,-3.41
16139,2.66,0.0,-2.66
16140,3.29,0.0,-3.29
16141,3.12,0.0,-3.12
16142,2.71,0.0,-2.71
16143,2.8,0.0,-2.8
16144,2.91,0.0,-2.91
16145,2.76,0.0,-2.76
16146,2.82,0.0,-2.82
16147,3.08,0.0,-3.08
16148,2.86,0.0,-2.86
16149,3.25,0.0,-3.25
16150,2.06,0.0,-2.06
16151,2.63,0.0,-2.63
16152,2.94,0.0,-2.94
16153,2.97,0.0,-2.97
16154,2.63,0.0,-2.63
16155,2.71,0.0,-2.71
16156,1.93,0.0,-1.93
16157,3.47,0.0,-3.47
16158,2.99,0.0,-2.99
16159,2.96,0.0,-2.96
16160,3.04,0.0,-3.04
16161,2.94,0.0,-2.94
16162,3.27,0.0,-3.27
16163,2.63,0.0,-2.63
16164,2.78,0.0,-2.78
16165,3.15,0.0,-3.15
16166,3.33,0.0,-3.33
16167,2.84,0.0,-2.84
16168,3.28,0.0,-3.28
16169,2.99,0.0,-2.99
16170,2.57,0.0,-2.57
16171,2.98,0.0,-2.98
16172,3.12,0.0,-3.12
16173,2.62,0.0,-2.62
16174,3.06,0.0,-3.06
16175,3.07,0.0,-3.07
16176,3.34,0.0,-3.34
16177,3.17,0.0,-3.17
16178,2.4,0.0,-2.4
16179,2.6,0.0,-2.6
16180,2.84,0.0,-2.84
16181,2.78,0.0,-2.78
16182,4.26,0.0,-4.26
16183,3.22,0.0,-3.22
16184,3.92,0.0,-3.92
16185,3.4,0.0,-3.4
16186,2.88,0.0,-2.88
16187,3.16,0.0,-3.16
16188,2.73,0.0,-2.73
16189,2.72,0.0,-2.72
16190,4.98,0.0,-4.98
16191,2.55,0.0,-2.55
16192,2.69,0.0,-2.69
16193,2.68,0.0,-2.68
16194,3.05,0.0,-3.05
16195,2.81,0.0,-2.81
16196,2.57,0.0,-2.57
16197,2.12,0.0,-2.12
16198,2.07,0.0,-2.07
16199,2.09,0.0,-2.09
16200,1.9,0.0,-1.9
16201,2.34,0.0,-2.34
16202,1.84,0.0,-1.84
16203,2.36,0.0,-2.36
16204,1.98,0.0,-1.98
16205,1.75,0.0,-1.75
16206,1.44,0.0,-1.44
16207,1.9,0.0,-1.9
16208,1.71,0.0,-1.71
16209,1.96,0.0,-1.96
16210,1.93,0.0,-1.93
16211,1.96,0.0,-1.96
16212,1.85,0.0,-1.85
16213,2.22,0.0,-2.22
16214,2.09,0.0,-2.09
16215,2.25,0.0,-2.25
16216,2.27,0.0,-2.27
16217,2.24,0.0,-2.24
16218,2.2,0.0,-2.2
16219,2.18,0.0,-2.18
16220,2.22,0.0,-2.22
16221,2.64,0.0,-2.64
16222,2.47,0.0,-2.47
16223,2.66,0.0,-2.66
16224,2.57,0.0,-2.57
16225,2.21,0.0,-2.21
16226,2.56,0.0,-2.56
16227,2.6,0.0,-2.6
16228,2.89,0.0,-2.89
16229,2.78,0.0,-2.78
16230,2.58,0.0,-2.58
16231,2.63,0.0,-2.63
16232,1.93,0.0,-1.93
16233,2.23,0.0,-2.23
16234,2.83,0.0,-2.83
16235,2.81,0.0,-2.81
16236,2.68,0.0,-2.68
16237,2.93,0.0,-2.93
16238,3.08,0.0,-3.08
16239,2.85,0.0,-2.85
16240,2.76,0.0,-2.76
16241,3.11,0.0,-3.11
16242,3.09,0.0,-3.09
16243,2.62,0.0,-2.62
16244,2.88,0.0,-2.88
16245,2.14,0.0,-2.14
16246,2.9,0.0,-2.9
16247,3.49,0.0,-3.49
16248,3.17,0.0,-3.17
16249,4.28,0.0,-4.28
16250,2.75,0.0,-2.75
16251,4.85,0.0,-4.85
16252,2.75,0.0,-2.75
16253,2.66,0.0,-2.66
16254,2.09,0.0,-2.09
16255,2.88,0.0,-2.88
16256,2.58,0.0,-2.58
16257,2.95,0.0,-2.95
16258,2.67,0.0,-2.67
16259,2.63,0.0,-2.63
16260,2.88,0.0,-2.88
16261,2.15,0.0,-2.15
16262,2.31,0.0,-2.31
16263,2.61,0.0,-2.61
16264,2.77,0.0,-2.77
16265,2.89,0.0,-2.89
16266,2.66,0.0,-2.66
16267,2.54,0.0,-2.54
16268,2.76,0.0,-2.76
16269,2.8,0.0,-2.8
16270,3.05,0.0,-3.05
16271,2.61,0.0,-2.61
16272,2.95,0.0,-2.95
16273,3.06,0.0,-3.06
16274,2.78,0.0,-2.78
16275,2.79,0.0,-2.79
16276,2.63,0.0,-2.63
16277,2.79,0.0,-2.79
16278,2.88,0.0,-2.88
16279,2.65,0.0,-2.65
16280,2.66,0.0,-2.66
16281,2.58,0.0,-2.58
16282,1.39,0.0,-1.39
16283,2.67,0.0,-2.67
16284,2.81,0.0,-2.81
16285,2.64,0.0,-2.64
16286,2.52,0.0,-2.52
16287,5.63,0.0,-5.63
16288,2.74,0.0,-2.74
16289,1.48,0.0,-1.48
16290,2.37,0.0,-2.37
16291,2.43,0.0,-2.43
16292,2.53,0.0,-2.53
16293,2.41,0.0,-2.41
16294,2.35,0.0,-2.35
16295,2.62,0.0,-2.62
16296,2.25,0.0,-2.25
16297,2.21,0.0,-2.21
16298,2.06,0.0,-2.06
16299,2.08,0.0,-2.08
16300,2.05,0.0,-2.05
16301,2.37,0.0,-2.37
16302,2.17,0.0,-2.17
16303,2.4,0.0,-2.4
16304,2.2,0.0,-2.2
16305,2.14,0.0,-2.14
16306,2.29,0.0,-2.29
16307,2.19,0.0,-2.19
16308,1.74,0.0,-1.74
16309,2.22,0.0,-2.22
16310,2.4,0.0,-2.4
16311,2.67,0.0,-2.67
16312,2.25,0.0,-2.25
16313,2.45,0.0,-2.45
16314,2.28,0.0,-2.28
16315,2.97,0.0,-2.97
16316,2.42,0.0,-2.42
16317,2.46,0.0,-2.46
16318,2.45,0.0,-2.45
16319,1.49,0.0,-1.49
16320,2.61,0.0,-2.61
16321,2.32,0.0,-2.32
16322,2.84,0.0,-2.84
16323,2.76,0.0,-2.76
16324,3.05,0.0,-3.05
16325,2.99,0.0,-2.99
16326,3.14,0.0,-3.14
16327,2.01,0.0,-2.01
16328,2.16,0.0,-2.16
16329,3.35,0.0,-3.35
16330,2.89,0.0,-2.89
16331,2.53,0.0,-2.53
16332,2.84,0.0,-2.84
16333,2.87,0.0,-2.87
16334,2.43,0.0,-2.43
16335,3.01,0.0,-3.01
16336,3.46,0.0,-3.46
16337,2.89,0.0,-2.89
16338,2.63,0.0,-2.63
16339,2.58,0.0,-2.58
16340,2.74,0.0,-2.74
16341,2.2,0.0,-2.2
16342,3.31,0.0,-3.31
16343,3.13,0.0,-3.13
16344,2.98,0.0,-2.98
16345,2.77,0.0,-2.77
16346,3.14,0.0,-3.14
16347,2.91,0.0,-2.91
16348,3.0,0.0,-3.0
16349,2.91,0.0,-2.91
16350,2.74,0.0,-2.74
16351,2.68,0.0,-2.68
16352,2.83,0.0,-2.83
16353,4.06,0.0,-4.06
16354,10.46,0.0,-10.46
16355,3.5,0.0,-3.5
16356,2.81,0.0,-2.81
16357,3.39,0.0,-3.39
16358,2.7,0.0,-2.7
16359,3.25,0.0,-3.25
16360,2.89,0.0,-2.89
16361,2.81,0.0,-2.81
16362,2.69,0.0,-2.69
16363,2.51,0.0,-2.51
16364,2.67,0.0,-2.67
16365,2.66,0.0,-2.66
16366,5.85,0.0,-5.85
16367,2.56,0.0,-2.56
16368,3.17,0.0,-3.17
16369,2.69,0.0,-2.69
16370,2.76,0.0,-2.76
16371,2.05,0.0,-2.05
16372,2.65,0.0,-2.65
16373,2.86,0.0,-2.86
16374,5.77,0.0,-5.77
16375,2.71,0.0,-2.71
16376,3.32,0.0,-3.32
16377,2.68,0.0,-2.68
16378,3.38,0.0,-3.38
16379,3.57,0.0,-3.57
16380,3.67,0.0,-3.67
16381,2.87,0.0,-2.87
16382,2.84,0.0,-2.84
16383,2.55,0.0,-2.55
16384,2.95,0.0,-2.95
16385,2.12,0.0,-2.12
16386,2.99,0.0,-2.99
16387,4.27,0.0,-4.27
16388,3.01,0.0,-3.01
16389,3.3,0.0,-3.3
16390,2.84,0.0,-2.84
16391,2.9,0.0,-2.9
16392,2.76,0.0,-2.76
16393,3.69,0.0,-3.69
16394,2.77,0.0,-2.77
16395,2.58,0.0,-2.58
16396,2.38,0.0,-2.38
16397,2.44,0.0,-2.44
16398,3.09,0.0,-3.09
16399,2.48,0.0,-2.48
16400,2.51,0.0,-2.51
16401,2.91,0.0,-2.91
16402,4.18,0.0,-4.18
16403,2.54,0.0,-2.54
16404,2.9,0.0,-2.9
16405,3.96,0.0,-3.96
16406,3.55,0.0,-3.55
16407,4.24,0.0,-4.24
16408,2.94,0.0,-2.94
16409,3.54,0.0,-3.54
16410,4.15,0.0,-4.15
16411,3.15,0.0,-3.15
16412,2.12,0.0,-2.12
16413,4.05,0.0,-4.05
16414,7.11,0.0,-7.11
16415,1.82,0.0,-1.82
16416,3.29,0.0,-3.29
16417,3.79,0.0,-3.79
16418,3.48,0.0,-3.48
16419,4.58,0.0,-4.58
16420,3.75,0.0,-3.75
16421,2.84,0.0,-2.84
16422,2.72,0.0,-2.72
16423,3.15,0.0,-3.15
16424,6.88,0.0,-6.88
16425,2.2,0.0,-2.2
16426,2.61,0.0,-2.61
16427,2.44,0.0,-2.44
16428,4.21,0.0,-4.21
16429,2.93,0.0,-2.93
16430,2.7,0.0,-2.7
16431,2.87,0.0,-2.87
16432,2.81,0.0,-2.81
16433,2.83,0.0,-2.83
16434,2.79,0.0,-2.79
16435,3.74,0.0,-3.74
16436,2.46,0.0,-2.46
16437,2.45,0.0,-2.45
16438,2.79,0.0,-2.79
16439,2.32,0.0,-2.32
16440,2.92,0.0,-2.92
16441,2.51,0.0,-2.51
16442,2.8,0.0,-2.8
16443,2.77,0.0,-2.77
16444,3.98,0.0,-3.98
16445,2.35,0.0,-2.35
16446,3.31,0.0,-3.31
16447,2.16,0.0,-2.16
16448,2.25,0.0,-2.25
16449,3.5,0.0,-3.5
16450,3.5,0.0,-3.5
16451,2.45,0.0,-2.45
16452,3.11,0.0,-3.11
16453,2.46,0.0,-2.46
16454,2.78,0.0,-2.78
16455,1.83,0.0,-1.83
16456,2.26,0.0,-2.26
16457,2.54,0.0,-2.54
16458,2.2,0.0,-2.2
16459,2.62,0.0,-2.62
16460,2.01,0.0,-2.01
16461,2.22,0.0,-2.22
16462,3.28,0.0,-3.28
16463,2.94,0.0,-2.94
16464,2.61,0.0,-2.61
16465,2.96,0.0,-2.96
16466,2.96,0.0,-2.96
16467,2.36,0.0,-2.36
16468,2.21,0.0,-2.21
16469,2.7,0.0,-2.7
16470,1.86,0.0,-1.86
16471,2.25,0.0,-2.25
16472,2.06,0.0,-2.06
16473,5.94,0.0,-5.94
16474,2.77,0.0,-2.77
16475,2.68,0.0,-2.68
16476,3.31,0.0,-3.31
16477,2.79,0.0,-2.79
16478,3.06,0.0,-3.06
16479,2.8,0.0,-2.8
16480,2.02,0.0,-2.02
16481,2.4,0.0,-2.4
16482,2.62,0.0,-2.62
16483,3.01,0.0,-3.01
16484,2.15,0.0,-2.15
16485,2.63,0.0,-2.63
16486,1.75,0.0,-1.75
16487,2.66,0.0,-2.66
16488,2.21,0.0,-2.21
16489,2.55,0.0,-2.55
16490,2.57,0.0,-2.57
16491,3.03,0.0,-3.03
16492,2.58,0.0,-2.58
16493,2.66,0.0,-2.66
16494,2.51,0.0,-2.51
16495,2.7,0.0,-2.7
16496,2.55,0.0,-2.55
16497,2.79,0.0,-2.79
16498,2.67,0.0,-2.67
16499,2.6,0.0,-2.6
16500,2.74,0.0,-2.74
16501,2.43,0.0,-2.43
16502,2.29,0.0,-2.29
16503,2.67,0.0,-2.67
16504,2.49,0.0,-2.49
16505,2.27,0.0,-2.27
16506,2.22,0.0,-2.22
16507,2.28,0.0,-2.28
16508,2.11,0.0,-2.11
16509,2.31,0.0,-2.31
16510,2.01,0.0,-2.01
16511,2.44,0.0,-2.44
16512,1.94,0.0,-1.94
16513,2.2,0.0,-2.2
16514,2.11,0.0,-2.11
16515,2.08,0.0,-2.08
16516,4.42,0.0,-4.42
16517,2.19,0.0,-2.19
16518,2.17,0.0,-2.17
16519,2.41,0.0,-2.41
16520,1.93,0.0,-1.93
16521,2.23,0.0,-2.23
16522,2.24,0.0,-2.24
16523,8.03,0.0,-8.03
16524,8.08,0.0,-8.08
16525,2.49,0.0,-2.49
16526,2.22,0.0,-2.22
16527,2.92,0.0,-2.92
16528,2.53,0.0,-2.53
16529,2.08,0.0,-2.08
16530,1.86,0.0,-1.86
16531,1.93,0.0,-1.93
16532,2.13,0.0,-2.13
16533,1.76,0.0,-1.76
16534,1.66,0.0,-1.66
16535,1.61,0.0,-1.61
16536,3.57,0.0,-3.57
16537,2.63,0.0,-2.63
16538,2.94,0.0,-2.94
16539,1.54,0.0,-1.54
16540,2.45,0.0,-2.45
16541,2.07,0.0,-2.07
16542,2.08,0.0,-2.08
16543,3.07,0.0,-3.07
16544,1.68,0.0,-1.68
16545,2.85,0.0,-2.85
16546,2.54,0.0,-2.54
16547,1.89,0.0,-1.89
16548,3.73,0.0,-3.73
16549,1.9,0.0,-1.9
16550,2.28,0.0,-2.28
16551,2.18,0.0,-2.18
16552,2.31,0.0,-2.31
16553,2.85,0.0,-2.85
16554,2.32,0.0,-2.32
16555,2.09,0.0,-2.09
16556,1.82,0.0,-1.82
16557,2.17,0.0,-2.17
16558,1.86,0.0,-1.86
16559,1.82,0.0,-1.82
16560,2.46,0.0,-2.46
16561,2.28,0.0,-2.28
16562,2.32,0.0,-2.32
16563,1.94,0.0,-1.94
16564,2.14,0.0,-2.14
16565,2.14,0.0,-2.14
16566,1.72,0.0,-1.72
16567,1.63,0.0,-1.63
16568,2.25,0.0,-2.25
16569,1.81,0.0,-1.81
16570,2.08,0.0,-2.08
16571,2.11,0.0,-2.11
16572,2.02,0.0,-2.02
16573,2.07,0.0,-2.07
16574,2.46,0.0,-2.46
16575,2.45,0.0,-2.45
16576,1.81,0.0,-1.81
16577,2.19,0.0,-2.19
16578,1.91,0.0,-1.91
16579,1.24,0.0,-1.24
16580,1.65,0.0,-1.65
16581,1.57,0.0,-1.57
16582,1.92,0.0,-1.92
16583,2.14,0.0,-2.14
16584,1.66,0.0,-1.66
16585,1.65,0.0,-1.65
16586,1.39,0.0,-1.39
16587,1.79,0.0,-1.79
16588,1.95,0.0,-1.95
16589,1.43,0.0,-1.43
16590,1.89,0.0,-1.89
16591,1.69,0.0,-1.69
16592,1.44,0.0,-1.44
16593,1.15,0.0,-1.15
16594,1.3,0.0,-1.3
16595,1.77,0.0,-1.77
16596,1.26,0.0,-1.26
16597,1.74,0.0,-1.74
16598,1.57,0.0,-1.57
16599,1.58,0.0,-1.58
16600,1.58,0.0,-1.58
16601,1.61,0.0,-1.61
16602,1.87,0.0,-1.87
16603,2.02,0.0,-2.02
16604,2.01,0.0,-2.01
16605,1.89,0.0,-1.89
16606,1.66,0.0,-1.66
16607,1.95,0.0,-1.95
16608,2.2,0.0,-2.2
16609,1.84,0.0,-1.84
16610,1.52,0.0,-1.52
16611,1.82,0.0,-1.82
16612,1.83,0.0,-1.83
16613,2.11,0.0,-2.11
16614,2.08,0.0,-2.08
16615,2.11,0.0,-2.11
16616,1.71,0.0,-1.71
16617,1.36,0.0,-1.36
16618,2.06,0.0,-2.06
16619,1.57,0.0,-1.57
16620,1.47,0.0,-1.47
16621,1.89,0.0,-1.89
16622,3.06,0.0,-3.06
16623,1.38,0.0,-1.38
16624,2.02,0.0,-2.02
16625,1.83,0.0,-1.83
16626,2.13,0.0,-2.13
16627,1.61,0.0,-1.61
16628,2.17,0.0,-2.17
16629,1.92,0.0,-1.92
16630,2.01,0.0,-2.01
16631,2.65,0.0,-2.65
16632,2.08,0.0,-2.08
16633,1.93,0.0,-1.93
16634,1.8,0.0,-1.8
16635,1.7,0.0,-1.7
16636,2.37,0.0,-2.37
16637,2.22,0.0,-2.22
16638,2.72,0.0,-2.72
16639,2.35,0.0,-2.35
16640,2.26,0.0,-2.26
16641,2.68,0.0,-2.68
16642,1.82,0.0,-1.82
16643,1.77,0.0,-1.77
16644,2.18,0.0,-2.18
16645,2.06,0.0,-2.06
16646,2.12,0.0,-2.12
16647,1.76,0.0,-1.76
16648,2.29,0.0,-2.29
16649,1.6,0.0,-1.6
16650,2.24,0.0,-2.24
16651,2.24,0.0,-2.24
16652,2.03,0.0,-2.03
16653,2.56,0.0,-2.56
16654,2.32,0.0,-2.32
16655,2.12,0.0,-2.12
16656,1.88,0.0,-1.88
16657,1.7,0.0,-1.7
16658,2.28,0.0,-2.28
16659,2.37,0.0,-2.37
16660,2.58,0.0,-2.58
16661,1.63,0.0,-1.63
16662,2.68,0.0,-2.68
16663,1.81,0.0,-1.81
16664,2.09,0.0,-2.09
16665,1.9,0.0,-1.9
16666,2.0,0.0,-2.0
16667,2.7,0.0,-2.7
16668,2.24,0.0,-2.24
16669,2.36,0.0,-2.36
16670,1.89,0.0,-1.89
16671,2.22,0.0,-2.22
16672,2.06,0.0,-2.06
16673,2.41,0.0,-2.41
16674,2.19,0.0,-2.19
16675,2.16,0.0,-2.16
16676,1.88,0.0,-1.88
16677,2.11,0.0,-2.11
16678,1.35,0.0,-1.35
16679,2.58,0.0,-2.58
16680,2.17,0.0,-2.17
16681,1.71,0.0,-1.71
16682,2.2,0.0,-2.2
16683,2.41,0.0,-2.41
16684,2.29,0.0,-2.29
16685,1.84,0.0,-1.84
16686,1.72,0.0,-1.72
16687,2.3,0.0,-2.3
16688,1.66,0.0,-1.66
16689,1.69,0.0,-1.69
16690,1.58,0.0,-1.58
16691,1.92,0.0,-1.92
16692,1.87,0.0,-1.87
16693,2.27,0.0,-2.27
16694,2.06,0.0,-2.06
16695,1.79,0.0,-1.79
16696,2.24,0.0,-2.24
16697,2.53,0.0,-2.53
16698,1.75,0.0,-1.75
16699,1.93,0.0,-1.93
16700,1.9,0.0,-1.9
16701,2.0,0.0,-2.0
16702,2.23,0.0,-2.23
16703,2.82,0.0,-2.82
16704,1.92,0.0,-1.92
16705,2.39,0.0,-2.39
16706,2.23,0.0,-2.23
16707,2.67,0.0,-2.67
16708,2.18,0.0,-2.18
16709,2.78,0.0,-2.78
16710,2.15,0.0,-2.15
16711,2.39,0.0,-2.39
16712,2.3,0.0,-2.3
16713,2.08,0.0,-2.08
16714,1.91,0.0,-1.91
16715,2.59,0.0,-2.59
16716,2.64,0.0,-2.64
16717,1.78,0.0,-1.78
16718,2.26,0.0,-2.26
16719,2.48,0.0,-2.48
16720,1.56,0.0,-1.56
16721,1.83,0.0,-1.83
16722,2.04,0.0,-2.04
16723,2.39,0.0,-2.39
16724,1.55,0.0,-1.55
16725,1.78,0.0,-1.78
16726,4.53,0.0,-4.53
16727,2.59,0.0,-2.59
16728,2.05,0.0,-2.05
16729,1.52,0.0,-1.52
16730,2.17,0.0,-2.17
16731,2.07,0.0,-2.07
16732,2.28,0.0,-2.28
16733,2.25,0.0,-2.25
16734,2.15,0.0,-2.15
16735,2.05,0.0,-2.05
16736,2.66,0.0,-2.66
16737,2.68,0.0,-2.68
16738,1.94,0.0,-1.94
16739,2.1,0.0,-2.1
16740,2.43,0.0,-2.43
16741,1.8,0.0,-1.8
16742,2.39,0.0,-2.39
16743,1.9,0.0,-1.9
16744,2.25,0.0,-2.25
16745,1.91,0.0,-1.91
16746,2.56,0.0,-2.56
16747,4.57,0.0,-4.57
16748,1.92,0.0,-1.92
16749,1.94,0.0,-1.94
16750,2.22,0.0,-2.22
16751,2.12,0.0,-2.12
16752,2.5,0.0,-2.5
16753,2.69,0.0,-2.69
16754,2.06,0.0,-2.06
16755,2.08,0.0,-2.08
16756,2.51,0.0,-2.51
16757,1.98,0.0,-1.98
16758,2.82,0.0,-2.82
16759,1.89,0.0,-1.89
16760,2.05,0.0,-2.05
16761,1.75,0.0,-1.75
16762,2.4,0.0,-2.4
16763,1.43,0.0,-1.43
16764,2.51,0.0,-2.51
16765,1.73,0.0,-1.73
16766,2.05,0.0,-2.05
16767,1.74,0.0,-1.74
16768,1.75,0.0,-1.75
16769,1.79,0.0,-1.79
16770,1.9,0.0,-1.9
16771,1.81,0.0,-1.81
16772,1.8,0.0,-1.8
16773,1.9,0.0,-1.9
16774,2.2,0.0,-2.2
16775,1.83,0.0,-1.83
16776,1.76,0.0,-1.76
16777,1.71,0.0,-1.71
16778,1.81,0.0,-1.81
16779,1.82,0.0,-1.82
16780,1.5,0.0,-1.5
16781,1.4,0.0,-1.4
16782,1.58,0.0,-1.58
16783,1.66,0.0,-1.66
16784,2.13,0.0,-2.13
16785,1.65,0.0,-1.65
16786,2.02,0.0,-2.02
16787,1.78,0.0,-1.78
16788,1.83,0.0,-1.83
16789,2.19,0.0,-2.19
16790,2.15,0.0,-2.15
16791,2.22,0.0,-2.22
16792,2.53,0.0,-2.53
16793,2.19,0.0,-2.19
16794,2.09,0.0,-2.09
16795,2.16,0.0,-2.16
16796,1.9,0.0,-1.9
16797,2.17,0.0,-2.17
16798,2.08,0.0,-2.08
16799,2.46,0.0,-2.46
16800,2.14,0.0,-2.14
16801,2.63,0.0,-2.63
16802,3.41,0.0,-3.41
16803,2.84,0.0,-2.84
16804,2.95,0.0,-2.95
16805,3.15,0.0,-3.15
16806,3.99,0.0,-3.99
16807,2.72,0.0,-2.72
16808,2.69,0.0,-2.69
16809,2.99,0.0,-2.99
16810,2.79,0.0,-2.79
16811,2.79,0.0,-2.79
16812,2.4,0.0,-2.4
16813,3.28,0.0,-3.28
16814,2.68,0.0,-2.68
16815,2.77,0.0,-2.77
16816,2.6,0.0,-2.6
16817,2.78,0.0,-2.78
16818,1.95,0.0,-1.95
16819,2.73,0.0,-2.73
16820,2.79,0.0,-2.79
16821,2.69,0.0,-2.69
16822,2.68,0.0,-2.68
16823,2.59,0.0,-2.59
16824,2.95,0.0,-2.95
16825,2.83,0.0,-2.83
16826,2.76,0.0,-2.76
16827,2.85,0.0,-2.85
16828,3.78,0.0,-3.78
16829,2.77,0.0,-2.77
16830,2.7,0.0,-2.7
16831,2.34,0.0,-2.34
16832,2.45,0.0,-2.45
16833,3.09,0.0,-3.09
16834,2.89,0.0,-2.89
16835,2.85,0.0,-2.85
16836,2.9,0.0,-2.9
16837,2.7,0.0,-2.7
16838,2.8,0.0,-2.8
16839,2.4,0.0,-2.4
16840,2.59,0.0,-2.59
16841,2.71,0.0,-2.71
16842,2.69,0.0,-2.69
16843,2.53,0.0,-2.53
16844,2.78,0.0,-2.78
16845,2.59,0.0,-2.59
16846,2.89,0.0,-2.89
16847,3.68,0.0,-3.68
16848,2.15,0.0,-2.15
16849,2.37,0.0,-2.37
16850,2.95,0.0,-2.95
16851,2.93,0.0,-2.93
16852,2.43,0.0,-2.43
16853,2.65,0.0,-2.65
16854,2.18,0.0,-2.18
16855,2.16,0.0,-2.16
16856,2.51,0.0,-2.51
16857,2.53,0.0,-2.53
16858,2.99,0.0,-2.99
16859,2.62,0.0,-2.62
16860,2.68,0.0,-2.68
16861,2.69,0.0,-2.69
16862,8.66,0.0,-8.66
16863,2.71,0.0,-2.71
16864,2.18,0.0,-2.18
16865,2.33,0.0,-2.33
16866,2.65,0.0,-2.65
16867,2.38,0.0,-2.38
16868,2.89,0.0,-2.89
16869,2.42,0.0,-2.42
16870,2.38,0.0,-2.38
16871,2.73,0.0,-2.73
16872,6.06,0.0,-6.06
16873,2.29,0.0,-2.29
16874,2.93,0.0,-2.93
16875,2.82,0.0,-2.82
16876,4.8,0.0,-4.8
16877,3.16,0.0,-3.16
16878,2.46,0.0,-2.46
16879,2.5,0.0,-2.5
16880,2.72,0.0,-2.72
16881,2.25,0.0,-2.25
16882,2.74,0.0,-2.74
16883,2.71,0.0,-2.71
16884,2.59,0.0,-2.59
16885,2.76,0.0,-2.76
16886,2.55,0.0,-2.55
16887,2.69,0.0,-2.69
16888,2.04,0.0,-2.04
16889,2.34,0.0,-2.34
16890,2.13,0.0,-2.13
16891,2.07,0.0,-2.07
16892,2.2,0.0,-2.2
16893,2.37,0.0,-2.37
16894,2.28,0.0,-2.28
16895,2.71,0.0,-2.71
16896,2.56,0.0,-2.56
16897,2.67,0.0,-2.67
16898,2.94,0.0,-2.94
16899,2.8,0.0,-2.8
16900,3.12,0.0,-3.12
16901,2.66,0.0,-2.66
16902,2.52,0.0,-2.52
16903,2.23,0.0,-2.23
16904,3.07,0.0,-3.07
16905,4.04,0.0,-4.04
16906,2.45,0.0,-2.45
16907,2.54,0.0,-2.54
16908,2.46,0.0,-2.46
16909,2.06,0.0,-2.06
16910,2.3,0.0,-2.3
16911,2.1,0.0,-2.1
16912,2.45,0.0,-2.45
16913,1.68,0.0,-1.68
16914,1.27,0.0,-1.27
16915,1.72,0.0,-1.72
16916,2.42,0.0,-2.42
16917,2.04,0.0,-2.04
16918,2.6,0.0,-2.6
16919,2.61,0.0,-2.61
16920,1.96,0.0,-1.96
16921,2.2,0.0,-2.2
16922,1.82,0.0,-1.82
16923,1.52,0.0,-1.52
16924,2.35,0.0,-2.35
16925,1.78,0.0,-1.78
16926,2.21,0.0,-2.21
16927,2.48,0.0,-2.48
16928,1.54,0.0,-1.54
16929,2.05,0.0,-2.05
16930,2.22,0.0,-2.22
16931,2.27,0.0,-2.27
16932,2.47,0.0,-2.47
16933,2.54,0.0,-2.54
16934,2.18,0.0,-2.18
16935,2.02,0.0,-2.02
16936,2.28,0.0,-2.28
16937,3.0,0.0,-3.0
16938,2.21,0.0,-2.21
16939,7.41,0.0,-7.41
16940,2.05,0.0,-2.05
16941,2.08,0.0,-2.08
16942,2.29,0.0,-2.29
16943,2.5,0.0,-2.5
16944,2.36,0.0,-2.36
16945,1.8,0.0,-1.8
16946,2.25,0.0,-2.25
16947,2.4,0.0,-2.4
16948,2.36,0.0,-2.36
16949,1.97,0.0,-1.97
16950,2.42,0.0,-2.42
16951,2.37,0.0,-2.37
16952,1.82,0.0,-1.82
16953,2.34,0.0,-2.34
16954,2.38,0.0,-2.38
16955,3.04,0.0,-3.04
16956,2.17,0.0,-2.17
16957,2.28,0.0,-2.28
16958,2.02,0.0,-2.02
16959,1.86,0.0,-1.86
16960,2.1,0.0,-2.1
16961,1.65,0.0,-1.65
16962,1.79,0.0,-1.79
16963,1.93,0.0,-1.93
16964,1.84,0.0,-1.84
16965,1.65,0.0,-1.65
16966,1.88,0.0,-1.88
16967,1.56,0.0,-1.56
16968,1.91,0.0,-1.91
16969,1.76,0.0,-1.76
16970,1.42,0.0,-1.42
16971,1.64,0.0,-1.64
16972,2.09,0.0,-2.09
16973,2.04,0.0,-2.04
16974,1.94,0.0,-1.94
16975,1.94,0.0,-1.94
16976,2.28,0.0,-2.28
16977,2.24,0.0,-2.24
16978,2.12,0.0,-2.12
16979,1.99,0.0,-1.99
16980,1.91,0.0,-1.91
16981,2.1,0.0,-2.1
16982,2.71,0.0,-2.71
16983,2.26,0.0,-2.26
16984,2.03,0.0,-2.03
16985,1.82,0.0,-1.82
16986,1.78,0.0,-1.78
16987,1.99,0.0,-1.99
16988,2.41,0.0,-2.41
16989,2.98,0.0,-2.98
16990,2.65,0.0,-2.65
16991,3.21,0.0,-3.21
16992,3.24,0.0,-3.24
16993,2.95,0.0,-2.95
16994,4.1,0.0,-4.1
16995,3.35,0.0,-3.35
16996,4.87,0.0,-4.87
16997,3.63,0.0,-3.63
16998,3.17,0.0,-3.17
16999,2.82,0.0,-2.82
17000,3.12,0.0,-3.12
17001,2.92,0.0,-2.92
17002,2.36,0.0,-2.36
17003,2.52,0.0,-2.52
17004,2.98,0.0,-2.98
17005,2.35,0.0,-2.35
17006,2.26,0.0,-2.26
17007,2.0,0.0,-2.0
17008,2.5,0.0,-2.5
17009,2.44,0.0,-2.44
17010,2.25,0.0,-2.25
17011,2.4,0.0,-2.4
17012,2.28,0.0,-2.28
17013,2.77,0.0,-2.77
17014,2.68,0.0,-2.68
17015,2.59,0.0,-2.59
17016,2.28,0.0,-2.28
17017,2.18,0.0,-2.18
17018,2.51,0.0,-2.51
17019,2.65,0.0,-2.65
17020,2.38,0.0,-2.38
17021,2.59,0.0,-2.59
17022,2.14,0.0,-2.14
17023,2.47,0.0,-2.47
17024,2.31,0.0,-2.31
17025,2.53,0.0,-2.53
17026,2.91,0.0,-2.91
17027,2.18,0.0,-2.18
17028,2.74,0.0,-2.74
17029,2.69,0.0,-2.69
17030,2.41,0.0,-2.41
17031,2.46,0.0,-2.46
17032,2.77,0.0,-2.77
17033,2.47,0.0,-2.47
17034,2.7,0.0,-2.7
17035,2.74,0.0,-2.74
17036,2.92,0.0,-2.92
17037,2.51,0.0,-2.51
17038,2.87,0.0,-2.87
17039,2.56,0.0,-2.56
17040,2.6,0.0,-2.6
17041,2.71,0.0,-2.71
17042,2.71,0.0,-2.71
17043,2.49,0.0,-2.49
17044,2.53,0.0,-2.53
17045,2.32,0.0,-2.32
17046,2.53,0.0,-2.53
17047,2.73,0.0,-2.73
17048,2.4,0.0,-2.4
17049,2.19,0.0,-2.19
17050,2.5,0.0,-2.5
17051,2.72,0.0,-2.72
17052,2.37,0.0,-2.37
17053,2.22,0.0,-2.22
17054,2.24,0.0,-2.24
17055,2.1,0.0,-2.1
17056,2.21,0.0,-2.21
17057,2.1,0.0,-2.1
17058,2.14,0.0,-2.14
17059,2.35,0.0,-2.35
17060,2.06,0.0,-2.06
17061,1.72,0.0,-1.72
17062,2.43,0.0,-2.43
17063,2.18,0.0,-2.18
17064,1.63,0.0,-1.63
17065,2.73,0.0,-2.73
17066,2.09,0.0,-2.09
17067,2.16,0.0,-2.16
17068,1.47,0.0,-1.47
17069,1.6,0.0,-1.6
17070,1.48,0.0,-1.48
17071,2.59,0.0,-2.59
17072,2.08,0.0,-2.08
17073,2.06,0.0,-2.06
17074,2.48,0.0,-2.48
17075,1.99,0.0,-1.99
17076,2.29,0.0,-2.29
17077,2.32,0.0,-2.32
17078,2.05,0.0,-2.05
17079,2.23,0.0,-2.23
17080,2.12,0.0,-2.12
17081,2.32,0.0,-2.32
17082,2.19,0.0,-2.19
17083,2.47,0.0,-2.47
17084,2.1,0.0,-2.1
17085,2.32,0.0,-2.32
17086,2.19,0.0,-2.19
17087,2.7,0.0,-2.7
17088,2.7,0.0,-2.7
17089,2.69,0.0,-2.69
17090,2.98,0.0,-2.98
17091,3.28,0.0,-3.28
17092,2.27,0.0,-2.27
17093,2.98,0.0,-2.98
17094,1.83,0.0,-1.83
17095,3.1,0.0,-3.1
17096,2.05,0.0,-2.05
17097,2.98,0.0,-2.98
17098,2.88,0.0,-2.88
17099,2.7,0.0,-2.7
17100,3.02,0.0,-3.02
17101,2.23,0.0,-2.23
17102,2.77,0.0,-2.77
17103,3.35,0.0,-3.35
17104,2.51,0.0,-2.51
17105,2.75,0.0,-2.75
17106,2.54,0.0,-2.54
17107,3.81,0.0,-3.81
17108,3.39,0.0,-3.39
17109,2.86,0.0,-2.86
17110,2.7,0.0,-2.7
17111,2.66,0.0,-2.66
17112,2.68,0.0,-2.68
17113,2.62,0.0,-2.62
17114,2.68,0.0,-2.68
17115,2.94,0.0,-2.94
17116,2.47,0.0,-2.47
17117,2.61,0.0,-2.61
17118,2.59,0.0,-2.59
17119,4.21,0.0,-4.21
17120,2.79,0.0,-2.79
17121,2.38,0.0,-2.38
17122,2.37,0.0,-2.37
17123,1.92,0.0,-1.92
17124,2.68,0.0,-2.68
17125,2.76,0.0,-2.76
17126,2.0,0.0,-2.0
17127,2.21,0.0,-2.21
17128,2.4,0.0,-2.4
17129,2.96,0.0,-2.96
17130,2.45,0.0,-2.45
17131,2.44,0.0,-2.44
17132,2.78,0.0,-2.78
17133,2.11,0.0,-2.11
17134,2.28,0.0,-2.28
17135,2.34,0.0,-2.34
17136,2.41,0.0,-2.41
17137,2.65,0.0,-2.65
17138,2.81,0.0,-2.81
17139,2.39,0.0,-2.39
17140,3.14,0.0,-3.14
17141,2.26,0.0,-2.26
17142,2.3,0.0,-2.3
17143,2.0,0.0,-2.0
17144,2.47,0.0,-2.47
17145,2.11,0.0,-2.11
17146,2.43,0.0,-2.43
17147,2.77,0.0,-2.77
17148,2.64,0.0,-2.64
17149,2.75,0.0,-2.75
17150,2.14,0.0,-2.14
17151,2.25,0.0,-2.25
17152,2.16,0.0,-2.16
17153,1.52,0.0,-1.52
17154,2.01,0.0,-2.01
17155,2.41,0.0,-2.41
17156,2.08,0.0,-2.08
17157,2.2,0.0,-2.2
17158,2.73,0.0,-2.73
17159,3.91,0.0,-3.91
17160,2.26,0.0,-2.26
17161,2.41,0.0,-2.41
17162,2.11,0.0,-2.11
17163,2.03,0.0,-2.03
17164,2.35,0.0,-2.35
17165,2.45,0.0,-2.45
17166,12.75,0.0,-12.75
17167,2.26,0.0,-2.26
17168,2.24,0.0,-2.24
17169,2.1,0.0,-2.1
17170,2.07,0.0,-2.07
17171,1.88,0.0,-1.88
17172,1.97,0.0,-1.97
17173,1.99,0.0,-1.99
17174,2.04,0.0,-2.04
17175,2.23,0.0,-2.23
17176,1.92,0.0,-1.92
17177,1.85,0.0,-1.85
17178,1.62,0.0,-1.62
17179,1.85,0.0,-1.85
17180,1.91,0.0,-1.91
17181,2.0,0.0,-2.0
17182,1.94,0.0,-1.94
17183,2.18,0.0,-2.18
17184,1.91,0.0,-1.91
17185,2.26,0.0,-2.26
17186,2.35,0.0,-2.35
17187,2.21,0.0,-2.21
17188,2.15,0.0,-2.15
17189,2.48,0.0,-2.48
17190,2.27,0.0,-2.27
17191,2.81,0.0,-2.81
17192,2.33,0.0,-2.33
17193,1.97,0.0,-1.97
17194,2.4,0.0,-2.4
17195,2.22,0.0,-2.22
17196,2.31,0.0,-2.31
17197,1.94,0.0,-1.94
17198,2.05,0.0,-2.05
17199,2.45,0.0,-2.45
17200,2.6,0.0,-2.6
17201,2.08,0.0,-2.08
17202,2.18,0.0,-2.18
17203,1.91,0.0,-1.91
17204,1.94,0.0,-1.94
17205,2.25,0.0,-2.25
17206,1.99,0.0,-1.99
17207,2.37,0.0,-2.37
17208,1.91,0.0,-1.91
17209,2.22,0.0,-2.22
17210,2.38,0.0,-2.38
17211,1.98,0.0,-1.98
17212,2.05,0.0,-2.05
17213,1.75,0.0,-1.75
17214,1.84,0.0,-1.84
17215,2.04,0.0,-2.04
17216,2.09,0.0,-2.09
17217,1.97,0.0,-1.97
17218,2.18,0.0,-2.18
17219,2.49,0.0,-2.49
17220,2.21,0.0,-2.21
17221,1.9,0.0,-1.9
17222,1.63,0.0,-1.63
17223,1.9,0.0,-1.9
17224,2.25,0.0,-2.25
17225,1.87,0.0,-1.87
17226,2.14,0.0,-2.14
17227,1.96,0.0,-1.96
17228,1.66,0.0,-1.66
17229,2.15,0.0,-2.15
17230,1.64,0.0,-1.64
17231,1.79,0.0,-1.79
17232,1.62,0.0,-1.62
17233,1.99,0.0,-1.99
17234,2.0,0.0,-2.0
17235,1.8,0.0,-1.8
17236,2.07,0.0,-2.07
17237,2.13,0.0,-2.13
17238,2.15,0.0,-2.15
17239,2.03,0.0,-2.03
17240,1.84,0.0,-1.84
17241,2.16,0.0,-2.16
17242,2.12,0.0,-2.12
17243,2.19,0.0,-2.19
17244,1.87,0.0,-1.87
17245,1.94,0.0,-1.94
17246,1.77,0.0,-1.77
17247,1.98,0.0,-1.98
17248,1.97,0.0,-1.97
17249,2.26,0.0,-2.26
17250,1.73,0.0,-1.73
17251,1.74,0.0,-1.74
17252,1.77,0.0,-1.77
17253,1.75,0.0,-1.75
17254,1.7,0.0,-1.7
17255,1.64,0.0,-1.64
17256,1.73,0.0,-1.73
17257,1.7,0.0,-1.7
17258,1.51,0.0,-1.51
17259,1.93,0.0,-1.93
17260,1.56,0.0,-1.56
17261,1.63,0.0,-1.63
17262,1.68,0.0,-1.68
17263,1.54,0.0,-1.54
17264,1.89,0.0,-1.89
17265,1.72,0.0,-1.72
17266,1.54,0.0,-1.54
17267,1.75,0.0,-1.75
17268,1.7,0.0,-1.7
17269,1.68,0.0,-1.68
17270,1.57,0.0,-1.57
17271,1.76,0.0,-1.76
17272,1.64,0.0,-1.64
17273,1.8,0.0,-1.8
17274,1.63,0.0,-1.63
17275,1.82,0.0,-1.82
17276,1.94,0.0,-1.94
17277,1.69,0.0,-1.69
17278,1.67,0.0,-1.67
17279,1.79,0.0,-1.79
17280,1.86,0.0,-1.86
17281,2.04,0.0,-2.04
17282,1.78,0.0,-1.78
17283,1.88,0.0,-1.88
17284,1.93,0.0,-1.93
17285,2.05,0.0,-2.05
17286,1.94,0.0,-1.94
17287,2.1,0.0,-2.1
17288,1.83,0.0,-1.83
17289,1.46,0.0,-1.46
17290,2.18,0.0,-2.18
17291,2.01,0.0,-2.01
17292,2.01,0.0,-2.01
17293,2.38,0.0,-2.38
17294,3.91,0.0,-3.91
17295,1.82,0.0,-1.82
17296,1.79,0.0,-1.79
17297,1.98,0.0,-1.98
17298,1.57,0.0,-1.57
17299,1.89,0.0,-1.89
17300,1.95,0.0,-1.95
17301,1.88,0.0,-1.88
17302,3.05,0.0,-3.05
17303,1.69,0.0,-1.69
17304,1.95,0.0,-1.95
17305,2.13,0.0,-2.13
17306,2.07,0.0,-2.07
17307,2.13,0.0,-2.13
17308,2.08,0.0,-2.08
17309,2.19,0.0,-2.19
17310,2.31,0.0,-2.31
17311,1.81,0.0,-1.81
17312,2.4,0.0,-2.4
17313,2.01,0.0,-2.01
17314,2.21,0.0,-2.21
17315,2.07,0.0,-2.07
17316,1.95,0.0,-1.95
17317,2.29,0.0,-2.29
17318,1.99,0.0,-1.99
17319,2.68,0.0,-2.68
17320,1.91,0.0,-1.91
17321,2.09,0.0,-2.09
17322,2.14,0.0,-2.14
17323,2.26,0.0,-2.26
17324,1.79,0.0,-1.79
17325,2.23,0.0,-2.23
17326,2.31,0.0,-2.31
17327,2.22,0.0,-2.22
17328,2.2,0.0,-2.2
17329,1.94,0.0,-1.94
17330,2.31,0.0,-2.31
17331,2.12,0.0,-2.12
17332,2.25,0.0,-2.25
17333,2.45,0.0,-2.45
17334,1.47,0.0,-1.47
17335,2.27,0.0,-2.27
17336,2.0,0.0,-2.0
17337,1.97,0.0,-1.97
17338,2.15,0.0,-2.15
17339,2.3,0.0,-2.3
17340,1.96,0.0,-1.96
17341,2.65,0.0,-2.65
17342,2.1,0.0,-2.1
17343,2.02,0.0,-2.02
17344,1.84,0.0,-1.84
17345,1.8,0.0,-1.8
17346,1.61,0.0,-1.61
17347,1.8,0.0,-1.8
17348,1.6,0.0,-1.6
17349,1.5,0.0,-1.5
17350,1.49,0.0,-1.49
17351,1.6,0.0,-1.6
17352,1.5,0.0,-1.5
17353,1.49,0.0,-1.49
17354,1.84,0.0,-1.84
17355,1.65,0.0,-1.65
17356,1.47,0.0,-1.47
17357,2.22,0.0,-2.22
17358,2.21,0.0,-2.21
17359,2.19,0.0,-2.19
17360,2.19,0.0,-2.19
17361,2.04,0.0,-2.04
17362,1.9,0.0,-1.9
17363,2.59,0.0,-2.59
17364,2.05,0.0,-2.05
17365,2.68,0.0,-2.68
17366,2.76,0.0,-2.76
17367,2.45,0.0,-2.45
17368,1.57,0.0,-1.57
17369,1.87,0.0,-1.87
17370,2.53,0.0,-2.53
17371,2.36,0.0,-2.36
17372,2.31,0.0,-2.31
17373,2.42,0.0,-2.42
17374,2.64,0.0,-2.64
17375,2.14,0.0,-2.14
17376,3.04,0.009,-3.031
17377,2.45,0.0,-2.45
17378,2.89,0.0,-2.89
17379,2.75,0.0,-2.75
17380,2.59,0.0,-2.59
17381,2.07,0.0,-2.07
17382,2.32,0.0,-2.32
17383,2.59,0.0,-2.59
17384,2.38,0.0,-2.38
17385,2.45,0.0,-2.45
17386,2.23,0.0,-2.23
17387,2.5,0.0,-2.5
17388,2.62,0.0,-2.62
17389,2.17,0.0,-2.17
17390,2.36,0.0,-2.36
17391,2.23,0.0,-2.23
17392,2.21,0.0,-2.21
17393,1.98,0.0,-1.98
17394,2.61,0.011,-2.599
17395,2.76,0.011,-2.749
17396,2.91,0.013,-2.897
17397,2.62,0.009,-2.611
17398,2.57,0.0,-2.57
17399,2.51,0.008,-2.502
17400,2.49,0.062,-2.428
17401,2.42,0.086,-2.334
17402,2.59,0.042,-2.548
17403,2.61,0.042,-2.568
17404,2.48,0.0,-2.48
17405,2.74,0.0,-2.74
17406,2.23,0.0,-2.23
17407,2.48,0.0,-2.48
17408,2.34,0.0,-2.34
17409,2.33,0.0,-2.33
17410,2.18,0.0,-2.18
17411,2.27,0.0,-2.27
17412,2.55,0.0,-2.55
17413,2.38,0.0,-2.38
17414,2.47,0.0,-2.47
17415,2.48,0.0,-2.48
17416,2.29,0.0,-2.29
17417,2.14,0.0,-2.14
17418,2.26,0.0,-2.26
17419,2.34,0.0,-2.34
17420,2.23,0.0,-2.23
17421,2.44,0.0,-2.44
17422,2.46,0.0,-2.46
17423,2.27,0.0,-2.27
17424,2.35,0.0,-2.35
17425,2.16,0.0,-2.16
17426,2.1,0.0,-2.1
17427,2.22,0.0,-2.22
17428,2.15,0.0,-2.15
17429,2.37,0.0,-2.37
17430,2.01,0.0,-2.01
17431,2.33,0.0,-2.33
17432,2.47,0.0,-2.47
17433,2.37,0.0,-2.37
17434,2.37,0.0,-2.37
17435,2.72,0.0,-2.72
17436,2.31,0.0,-2.31
17437,2.3,0.0,-2.3
17438,2.19,0.0,-2.19
17439,2.46,0.0,-2.46
17440,1.85,0.0,-1.85
17441,2.12,0.0,-2.12
17442,1.97,0.0,-1.97
17443,1.91,0.0,-1.91
17444,1.87,0.0,-1.87
17445,1.85,0.0,-1.85
17446,2.14,0.0,-2.14
17447,2.06,0.0,-2.06
17448,1.7,0.0,-1.7
17449,1.63,0.0,-1.63
17450,1.52,0.0,-1.52
17451,1.71,0.0,-1.71
17452,1.57,0.0,-1.57
17453,1.49,0.0,-1.49
17454,1.6,0.0,-1.6
17455,1.83,0.0,-1.83
17456,1.97,0.0,-1.97
17457,1.48,0.0,-1.48
17458,1.79,0.0,-1.79
17459,1.53,0.0,-1.53
17460,2.66,0.0,-2.66
17461,1.44,0.0,-1.44
17462,1.62,0.0,-1.62
17463,2.13,0.0,-2.13
17464,2.37,0.0,-2.37
17465,2.3,0.081,-2.219
17466,3.11,0.085,-3.025
17467,2.34,0.071,-2.269
17468,2.54,0.106,-2.434
17469,2.41,0.107,-2.303
17470,2.28,0.102,-2.178
17471,2.79,0.06,-2.73
17472,3.09,0.0,-3.09
17473,2.26,0.0,-2.26
17474,3.39,0.0,-3.39
17475,3.36,0.0,-3.36
17476,3.58,0.0,-3.58
17477,3.02,0.026,-2.994
17478,3.82,0.097,-3.723
17479,3.46,0.099,-3.361
17480,3.09,0.107,-2.983
17481,3.19,0.101,-3.089
17482,2.8,0.109,-2.691
17483,3.11,0.103,-3.007
17484,2.46,0.106,-2.354
17485,2.73,0.105,-2.625
17486,2.77,0.105,-2.665
17487,2.6,0.106,-2.494
17488,2.82,0.086,-2.734
17489,2.35,0.089,-2.261
17490,2.26,0.077,-2.183
17491,3.06,0.039,-3.021
17492,2.99,0.039,-2.951
17493,2.61,0.039,-2.571
17494,2.97,0.048,-2.922
17495,2.68,0.0,-2.68
17496,2.05,0.0,-2.05
17497,2.72,0.0,-2.72
17498,2.62,0.0,-2.62
17499,3.18,0.0,-3.18
17500,2.35,0.0,-2.35
17501,3.12,0.0,-3.12
17502,2.49,0.0,-2.49
17503,3.08,0.0,-3.08
17504,2.62,0.0,-2.62
17505,2.64,0.0,-2.64
17506,2.99,0.0,-2.99
17507,2.44,0.0,-2.44
17508,2.75,0.0,-2.75
17509,2.69,0.0,-2.69
17510,2.3,0.0,-2.3
17511,2.74,0.0,-2.74
17512,2.73,0.0,-2.73
17513,2.63,0.0,-2.63
17514,2.68,0.0,-2.68
17515,2.26,0.0,-2.26
17516,2.96,0.0,-2.96
17517,2.01,0.0,-2.01
17518,2.72,0.0,-2.72
17519,2.42,0.0,-2.42
17520,3.12,0.0,-3.12
17521,2.5,0.0,-2.5
17522,2.1,0.0,-2.1
17523,2.71,0.0,-2.71
17524,2.39,0.0,-2.39
17525,1.96,0.0,-1.96
17526,2.94,0.0,-2.94
17527,3.67,0.0,-3.67
17528,2.72,0.0,-2.72
17529,2.5,0.0,-2.5
17530,2.78,0.0,-2.78
17531,2.69,0.0,-2.69
17532,2.41,0.0,-2.41
17533,2.85,0.0,-2.85
17534,2.34,0.0,-2.34
17535,2.61,0.0,-2.61
17536,2.47,0.0,-2.47
17537,2.01,0.0,-2.01
17538,1.92,0.0,-1.92
17539,2.03,0.0,-2.03
17540,1.96,0.0,-1.96
17541,2.23,0.0,-2.23
17542,1.94,0.0,-1.94
17543,2.31,0.079,-2.231
17544,2.19,0.082,-2.108
17545,2.64,0.105,-2.535
17546,2.5,0.103,-2.397
17547,2.83,0.1,-2.73
17548,3.07,0.1,-2.97
17549,2.71,0.059,-2.651
17550,3.34,0.062,-3.278
17551,2.89,0.052,-2.838
17552,2.45,0.096,-2.354
17553,2.82,0.059,-2.761
17554,3.13,0.03,-3.1
17555,2.07,0.0,-2.07
17556,2.85,0.0,-2.85
17557,2.75,0.0,-2.75
17558,2.79,0.0,-2.79
17559,2.72,0.03,-2.69
17560,2.61,0.049,-2.561
17561,2.96,0.0,-2.96
17562,3.39,0.023,-3.367
17563,2.86,0.009,-2.851
17564,2.74,0.344,-2.396
17565,2.87,0.0,-2.87
17566,3.05,0.0,-3.05
17567,2.59,0.325,-2.265
17568,2.65,0.286,-2.364
17569,3.03,0.111,-2.919
17570,3.99,0.435,-3.555
17571,3.96,0.289,-3.671
17572,3.17,0.534,-2.636
17573,4.53,0.0,-4.53
17574,3.81,0.0,-3.81
17575,3.38,0.104,-3.276
17576,3.07,0.08,-2.99
17577,3.03,0.036,-2.994
17578,3.43,0.0,-3.43
17579,2.63,0.453,-2.177
17580,2.85,0.355,-2.495
17581,2.92,0.5,-2.42
17582,2.8,0.442,-2.358
17583,2.51,0.355,-2.155
17584,2.34,0.227,-2.113
17585,2.86,0.227,-2.633
17586,2.46,0.226,-2.234
17587,2.69,0.226,-2.464
17588,2.51,0.054,-2.456
17589,2.78,0.017,-2.763
17590,2.24,0.0,-2.24
17591,2.36,0.0,-2.36
17592,2.5,0.0,-2.5
17593,2.55,0.01,-2.54
17594,2.54,0.007,-2.533
17595,2.42,0.015,-2.405
17596,2.38,0.009,-2.371
17597,2.5,0.0,-2.5
17598,3.8,0.0,-3.8
17599,2.43,0.007,-2.423
17600,2.54,0.0,-2.54
17601,2.33,0.079,-2.251
17602,2.72,0.047,-2.673
17603,3.24,0.0,-3.24
17604,2.76,0.045,-2.715
17605,2.77,0.047,-2.723
17606,2.55,0.047,-2.503
17607,2.46,0.0,-2.46
17608,2.35,0.047,-2.303
17609,2.38,0.045,-2.335
17610,2.76,0.0,-2.76
17611,2.36,0.0,-2.36
17612,2.2,0.0,-2.2
17613,2.64,0.0,-2.64
17614,2.33,0.0,-2.33
17615,2.23,0.0,-2.23
17616,2.4,0.0,-2.4
17617,2.49,0.0,-2.49
17618,2.33,0.0,-2.33
17619,2.44,0.0,-2.44
17620,2.36,0.0,-2.36
17621,2.59,0.0,-2.59
17622,2.41,0.0,-2.41
17623,2.7,0.0,-2.7
17624,2.6,0.0,-2.6
17625,2.4,0.0,-2.4
17626,2.57,0.0,-2.57
17627,2.41,0.0,-2.41
17628,2.54,0.0,-2.54
17629,2.03,0.0,-2.03
17630,2.35,0.0,-2.35
17631,2.29,0.0,-2.29
17632,2.12,0.0,-2.12
17633,2.2,0.0,-2.2
17634,1.78,0.0,-1.78
17635,1.89,0.0,-1.89
17636,1.94,0.0,-1.94
17637,1.66,0.0,-1.66
17638,1.73,0.0,-1.73
17639,1.69,0.0,-1.69
17640,1.86,0.0,-1.86
17641,1.61,0.0,-1.61
17642,1.84,0.0,-1.84
17643,1.61,0.0,-1.61
17644,1.96,0.0,-1.96
17645,1.67,0.082,-1.588
17646,1.75,0.081,-1.669
17647,1.64,0.082,-1.558
17648,1.51,0.0,-1.51
17649,1.63,0.0,-1.63
17650,1.65,0.0,-1.65
17651,1.09,0.0,-1.09
17652,1.1,0.0,-1.1
17653,1.2,0.0,-1.2
17654,1.15,0.0,-1.15
17655,1.55,0.0,-1.55
17656,1.5,0.0,-1.5
17657,1.5,0.0,-1.5
17658,1.49,0.0,-1.49
17659,1.66,0.0,-1.66
17660,1.66,0.0,-1.66
17661,1.85,0.0,-1.85
17662,1.83,0.0,-1.83
17663,1.9,0.0,-1.9
17664,2.1,0.012,-2.088
17665,2.28,0.0,-2.28
17666,1.85,0.0,-1.85
17667,2.04,0.0,-2.04
17668,2.37,0.0,-2.37
17669,2.09,0.0,-2.09
17670,2.01,0.0,-2.01
17671,2.34,0.0,-2.34
17672,2.09,0.0,-2.09
17673,2.01,0.0,-2.01
17674,2.06,0.0,-2.06
17675,2.0,0.0,-2.0
17676,1.87,0.0,-1.87
17677,2.12,0.0,-2.12
17678,2.17,0.0,-2.17
17679,2.0,0.0,-2.0
17680,2.54,0.0,-2.54
17681,2.28,0.0,-2.28
17682,2.14,0.0,-2.14
17683,2.1,0.0,-2.1
17684,2.38,0.0,-2.38
17685,2.08,0.0,-2.08
17686,1.88,0.0,-1.88
17687,2.2,0.0,-2.2
17688,2.15,0.0,-2.15
17689,2.21,0.0,-2.21
17690,2.15,0.0,-2.15
17691,2.18,0.0,-2.18
17692,1.88,0.0,-1.88
17693,2.25,0.0,-2.25
17694,2.07,0.0,-2.07
17695,1.9,0.0,-1.9
17696,1.94,0.0,-1.94
17697,1.97,0.0,-1.97
17698,2.06,0.0,-2.06
17699,1.94,0.0,-1.94
17700,1.96,0.0,-1.96
17701,1.81,0.0,-1.81
17702,1.96,0.0,-1.96
17703,2.15,0.0,-2.15
17704,1.89,0.0,-1.89
17705,2.1,0.0,-2.1
17706,2.18,0.0,-2.18
17707,2.09,0.0,-2.09
17708,2.48,0.0,-2.48
17709,2.43,0.0,-2.43
17710,2.22,0.0,-2.22
17711,2.32,0.0,-2.32
17712,2.1,0.0,-2.1
17713,2.21,0.0,-2.21
17714,2.31,0.0,-2.31
17715,2.15,0.0,-2.15
17716,2.43,0.0,-2.43
17717,2.16,0.0,-2.16
17718,2.24,0.0,-2.24
17719,1.97,0.0,-1.97
17720,2.32,0.0,-2.32
17721,2.11,0.0,-2.11
17722,2.32,0.0,-2.32
17723,2.38,0.0,-2.38
17724,2.24,0.0,-2.24
17725,2.01,0.0,-2.01
17726,2.09,0.0,-2.09
17727,2.2,0.0,-2.2
17728,1.99,0.0,-1.99
17729,2.07,0.0,-2.07
17730,1.83,0.0,-1.83
17731,2.14,0.0,-2.14
17732,1.98,0.0,-1.98
17733,2.31,0.0,-2.31
17734,1.74,0.0,-1.74
17735,1.86,0.0,-1.86
17736,1.63,0.0,-1.63
17737,1.78,0.0,-1.78
17738,1.85,0.0,-1.85
17739,1.72,0.0,-1.72
17740,1.77,0.0,-1.77
17741,1.64,0.0,-1.64
17742,1.6,0.0,-1.6
17743,1.6,0.0,-1.6
17744,1.61,0.0,-1.61
17745,1.71,0.0,-1.71
17746,1.74,0.0,-1.74
17747,1.62,0.0,-1.62
17748,1.57,0.0,-1.57
17749,1.62,0.0,-1.62
17750,1.49,0.0,-1.49
17751,1.67,0.0,-1.67
17752,1.65,0.0,-1.65
17753,1.68,0.0,-1.68
17754,1.73,0.0,-1.73
17755,1.85,0.0,-1.85
17756,1.92,0.0,-1.92
17757,2.0,0.041,-1.959
17758,1.82,0.041,-1.779
17759,2.13,0.081,-2.049
17760,2.75,0.045,-2.705
17761,2.54,0.0,-2.54
17762,2.5,0.0,-2.5
17763,2.61,0.0,-2.61
17764,2.13,0.0,-2.13
17765,2.76,0.0,-2.76
17766,2.1,0.0,-2.1
17767,2.3,0.0,-2.3
17768,2.49,0.0,-2.49
17769,2.83,0.0,-2.83
17770,2.34,0.0,-2.34
17771,2.34,0.0,-2.34
17772,2.31,0.0,-2.31
17773,2.91,0.0,-2.91
17774,2.07,0.0,-2.07
17775,2.48,0.0,-2.48
17776,2.62,0.0,-2.62
17777,2.26,0.0,-2.26
17778,2.41,0.0,-2.41
17779,2.46,0.0,-2.46
17780,2.38,0.0,-2.38
17781,2.23,0.0,-2.23
17782,2.32,0.0,-2.32
17783,2.72,0.0,-2.72
17784,2.13,0.0,-2.13
17785,2.32,0.0,-2.32
17786,2.29,0.0,-2.29
17787,2.53,0.0,-2.53
17788,2.47,0.0,-2.47
17789,2.63,0.0,-2.63
17790,2.11,0.0,-2.11
17791,2.55,0.0,-2.55
17792,2.48,0.0,-2.48
17793,2.56,0.0,-2.56
17794,2.31,0.0,-2.31
17795,2.4,0.0,-2.4
17796,2.38,0.0,-2.38
17797,2.31,0.0,-2.31
17798,2.33,0.0,-2.33
17799,2.25,0.0,-2.25
17800,2.41,0.0,-2.41
17801,2.21,0.0,-2.21
17802,2.41,0.0,-2.41
17803,2.15,0.0,-2.15
17804,2.43,0.0,-2.43
17805,2.28,0.0,-2.28
17806,2.64,0.0,-2.64
17807,2.2,0.0,-2.2
17808,2.24,0.0,-2.24
17809,1.7,0.0,-1.7
17810,2.37,0.0,-2.37
17811,2.19,0.0,-2.19
17812,2.17,0.0,-2.17
17813,2.37,0.0,-2.37
17814,2.54,0.0,-2.54
17815,2.28,0.0,-2.28
17816,2.45,0.0,-2.45
17817,2.47,0.0,-2.47
17818,2.44,0.0,-2.44
17819,2.57,0.0,-2.57
17820,2.4,0.0,-2.4
17821,2.48,0.0,-2.48
17822,2.19,0.0,-2.19
17823,1.99,0.0,-1.99
17824,2.05,0.0,-2.05
17825,1.99,0.0,-1.99
17826,1.79,0.0,-1.79
17827,1.88,0.0,-1.88
17828,1.81,0.0,-1.81
17829,1.84,0.0,-1.84
17830,1.78,0.0,-1.78
17831,1.84,0.0,-1.84
17832,1.73,0.0,-1.73
17833,1.7,0.0,-1.7
17834,1.61,0.0,-1.61
17835,1.64,0.0,-1.64
17836,1.57,0.0,-1.57
17837,1.43,0.0,-1.43
17838,1.48,0.0,-1.48
17839,1.66,0.0,-1.66
17840,1.53,0.0,-1.53
17841,1.93,0.0,-1.93
17842,2.0,0.0,-2.0
17843,2.11,0.0,-2.11
17844,1.79,0.0,-1.79
17845,2.29,0.0,-2.29
17846,2.04,0.0,-2.04
17847,2.12,0.0,-2.12
17848,2.95,0.0,-2.95
17849,1.58,0.0,-1.58
17850,2.36,0.067,-2.293
17851,2.52,0.084,-2.436
17852,2.04,0.086,-1.954
17853,2.83,0.141,-2.689
17854,3.19,0.114,-3.076
17855,2.49,0.046,-2.444
17856,2.22,0.086,-2.134
17857,2.8,0.02,-2.78
17858,2.69,0.084,-2.606
17859,3.34,0.082,-3.258
17860,2.86,0.053,-2.807
17861,2.9,0.039,-2.861
17862,3.12,0.073,-3.047
17863,3.74,0.078,-3.662
17864,2.98,0.083,-2.897
17865,3.25,0.068,-3.182
17866,5.23,0.077,-5.153
17867,2.89,0.076,-2.814
17868,2.8,0.069,-2.731
17869,2.74,0.047,-2.693
17870,2.25,0.0,-2.25
17871,2.28,0.0,-2.28
17872,2.38,0.0,-2.38
17873,2.38,0.001,-2.379
17874,2.45,0.001,-2.449
17875,2.17,0.0,-2.17
17876,2.13,0.0,-2.13
17877,2.37,0.0,-2.37
17878,2.77,0.0,-2.77
17879,2.23,0.0,-2.23
17880,2.6,0.0,-2.6
17881,2.42,0.0,-2.42
17882,2.27,0.0,-2.27
17883,2.62,0.0,-2.62
17884,2.1,0.0,-2.1
17885,2.2,0.0,-2.2
17886,2.66,0.0,-2.66
17887,2.21,0.0,-2.21
17888,2.12,0.0,-2.12
17889,2.03,0.0,-2.03
17890,2.33,0.0,-2.33
17891,2.7,0.0,-2.7
17892,2.41,0.0,-2.41
17893,2.17,0.0,-2.17
17894,2.08,0.0,-2.08
17895,2.24,0.0,-2.24
17896,2.47,0.0,-2.47
17897,2.47,0.0,-2.47
17898,2.06,0.0,-2.06
17899,2.16,0.0,-2.16
17900,1.94,0.0,-1.94
17901,1.85,0.0,-1.85
17902,2.15,0.0,-2.15
17903,2.14,0.0,-2.14
17904,1.98,0.0,-1.98
17905,1.87,0.0,-1.87
17906,1.79,0.0,-1.79
17907,1.86,0.0,-1.86
17908,1.82,0.0,-1.82
17909,2.25,0.0,-2.25
17910,1.75,0.0,-1.75
17911,1.89,0.0,-1.89
17912,2.17,0.0,-2.17
17913,1.93,0.0,-1.93
17914,2.16,0.0,-2.16
17915,2.39,0.0,-2.39
17916,2.32,0.0,-2.32
17917,2.5,0.0,-2.5
17918,2.22,0.0,-2.22
17919,2.02,0.0,-2.02
17920,1.9,0.0,-1.9
17921,1.96,0.0,-1.96
17922,1.92,0.0,-1.92
17923,2.27,0.0,-2.27
17924,1.97,0.0,-1.97
17925,2.38,0.0,-2.38
17926,2.07,0.0,-2.07
17927,1.71,0.0,-1.71
17928,1.67,0.0,-1.67
17929,1.52,0.0,-1.52
17930,1.63,0.0,-1.63
17931,1.65,0.0,-1.65
17932,1.75,0.0,-1.75
17933,1.42,0.0,-1.42
17934,2.01,0.0,-2.01
17935,1.57,0.0,-1.57
17936,2.05,0.0,-2.05
17937,2.26,0.0,-2.26
17938,2.05,0.0,-2.05
17939,2.16,0.0,-2.16
17940,1.57,0.0,-1.57
17941,2.07,0.0,-2.07
17942,2.12,0.0,-2.12
17943,2.48,0.0,-2.48
17944,3.04,0.0,-3.04
17945,1.8,0.0,-1.8
17946,1.98,0.0,-1.98
17947,2.05,0.0,-2.05
17948,1.73,0.0,-1.73
17949,2.71,0.0,-2.71
17950,2.09,0.0,-2.09
17951,2.21,0.0,-2.21
17952,2.59,0.071,-2.519
17953,3.36,0.111,-3.249
17954,3.32,0.066,-3.254
17955,3.73,0.164,-3.566
17956,3.08,0.063,-3.017
17957,2.34,0.069,-2.271
17958,3.11,0.046,-3.064
17959,2.8,0.016,-2.784
17960,3.06,0.024,-3.036
17961,2.69,0.0,-2.69
17962,2.83,0.0,-2.83
17963,2.81,0.0,-2.81
17964,2.72,0.0,-2.72
17965,2.14,0.0,-2.14
17966,2.67,0.0,-2.67
17967,2.68,0.0,-2.68
17968,2.65,0.0,-2.65
17969,2.52,0.0,-2.52
17970,2.31,0.0,-2.31
17971,2.5,0.0,-2.5
17972,2.35,0.0,-2.35
17973,2.33,0.0,-2.33
17974,2.3,0.0,-2.3
17975,2.46,0.0,-2.46
17976,2.0,0.0,-2.0
17977,2.45,0.0,-2.45
17978,2.09,0.0,-2.09
17979,2.02,0.0,-2.02
17980,2.0,0.0,-2.0
17981,2.19,0.0,-2.19
17982,2.19,0.0,-2.19
17983,2.1,0.0,-2.1
17984,2.25,0.0,-2.25
17985,2.12,0.0,-2.12
17986,2.4,0.0,-2.4
17987,2.57,0.0,-2.57
17988,2.0,0.0,-2.0
17989,1.95,0.0,-1.95
17990,1.91,0.0,-1.91
17991,1.92,0.0,-1.92
17992,2.16,0.0,-2.16
17993,1.95,0.0,-1.95
17994,2.06,0.0,-2.06
17995,2.05,0.0,-2.05
17996,1.94,0.0,-1.94
17997,2.04,0.0,-2.04
17998,1.92,0.0,-1.92
17999,1.9,0.0,-1.9
18000,1.89,0.0,-1.89
18001,2.09,0.0,-2.09
18002,2.02,0.0,-2.02
18003,2.03,0.0,-2.03
18004,1.88,0.0,-1.88
18005,2.0,0.0,-2.0
18006,2.28,0.0,-2.28
18007,2.17,0.0,-2.17
18008,1.75,0.0,-1.75
18009,2.29,0.0,-2.29
18010,2.13,0.0,-2.13
18011,2.04,0.0,-2.04
18012,1.94,0.0,-1.94
18013,2.0,0.0,-2.0
18014,1.78,0.0,-1.78
18015,2.17,0.0,-2.17
18016,1.97,0.0,-1.97
18017,1.69,0.0,-1.69
18018,1.8,0.0,-1.8
18019,1.53,0.0,-1.53
18020,1.54,0.0,-1.54
18021,1.45,0.0,-1.45
18022,1.3,0.0,-1.3
18023,1.55,0.0,-1.55
18024,1.45,0.0,-1.45
18025,1.73,0.0,-1.73
18026,1.12,0.0,-1.12
18027,1.41,0.0,-1.41
18028,1.41,0.0,-1.41
18029,1.28,0.0,-1.28
18030,1.25,0.0,-1.25
18031,1.85,0.0,-1.85
18032,1.59,0.0,-1.59
18033,1.98,0.0,-1.98
18034,1.64,0.0,-1.64
18035,1.55,0.0,-1.55
18036,1.47,0.0,-1.47
18037,1.56,0.0,-1.56
18038,1.77,0.0,-1.77
18039,1.75,0.0,-1.75
18040,1.09,0.0,-1.09
18041,1.54,0.0,-1.54
18042,1.83,0.0,-1.83
18043,1.72,0.0,-1.72
18044,1.82,0.0,-1.82
18045,1.45,0.0,-1.45
18046,1.72,0.0,-1.72
18047,1.74,0.0,-1.74
18048,1.68,0.0,-1.68
18049,2.16,0.0,-2.16
18050,1.94,0.0,-1.94
18051,2.57,0.0,-2.57
18052,2.2,0.0,-2.2
18053,2.46,0.0,-2.46
18054,2.42,0.0,-2.42
18055,2.45,0.0,-2.45
18056,2.06,0.0,-2.06
18057,2.07,0.0,-2.07
18058,1.86,0.0,-1.86
18059,2.33,0.0,-2.33
18060,2.12,0.0,-2.12
18061,2.06,0.0,-2.06
18062,1.66,0.0,-1.66
18063,1.8,0.0,-1.8
18064,1.89,0.0,-1.89
18065,2.51,0.0,-2.51
18066,2.34,0.0,-2.34
18067,2.3,0.0,-2.3
18068,2.62,0.0,-2.62
18069,2.24,0.0,-2.24
18070,2.24,0.0,-2.24
18071,2.08,0.0,-2.08
18072,2.07,0.0,-2.07
18073,2.33,0.0,-2.33
18074,2.25,0.0,-2.25
18075,2.09,0.0,-2.09
18076,2.16,0.0,-2.16
18077,2.16,0.0,-2.16
18078,2.41,0.0,-2.41
18079,1.94,0.0,-1.94
18080,2.29,0.0,-2.29
18081,2.27,0.0,-2.27
18082,2.21,0.0,-2.21
18083,2.17,0.0,-2.17
18084,2.17,0.0,-2.17
18085,2.18,0.0,-2.18
18086,2.24,0.0,-2.24
18087,2.2,0.0,-2.2
18088,2.05,0.0,-2.05
18089,1.58,0.0,-1.58
18090,2.1,0.0,-2.1
18091,2.4,0.0,-2.4
18092,1.98,0.0,-1.98
18093,1.97,0.0,-1.97
18094,2.02,0.0,-2.02
18095,2.08,0.0,-2.08
18096,1.94,0.0,-1.94
18097,2.15,0.0,-2.15
18098,2.01,0.0,-2.01
18099,1.85,0.0,-1.85
18100,2.27,0.0,-2.27
18101,2.1,0.0,-2.1
18102,2.05,0.0,-2.05
18103,1.8,0.0,-1.8
18104,2.3,0.0,-2.3
18105,2.06,0.0,-2.06
18106,1.98,0.0,-1.98
18107,1.8,0.0,-1.8
18108,2.17,0.0,-2.17
18109,2.28,0.0,-2.28
18110,1.69,0.0,-1.69
18111,1.88,0.0,-1.88
18112,1.6,0.0,-1.6
18113,1.78,0.0,-1.78
18114,1.84,0.0,-1.84
18115,1.65,0.0,-1.65
18116,1.44,0.0,-1.44
18117,1.64,0.0,-1.64
18118,1.78,0.0,-1.78
18119,1.62,0.0,-1.62
18120,1.76,0.0,-1.76
18121,1.64,0.0,-1.64
18122,1.2,0.0,-1.2
18123,1.57,0.0,-1.57
18124,1.71,0.0,-1.71
18125,1.63,0.0,-1.63
18126,1.85,0.0,-1.85
18127,1.9,0.0,-1.9
18128,1.82,0.0,-1.82
18129,1.94,0.0,-1.94
18130,1.58,0.0,-1.58
18131,1.82,0.0,-1.82
18132,1.76,0.0,-1.76
18133,1.93,0.0,-1.93
18134,1.85,0.0,-1.85
18135,2.15,0.0,-2.15
18136,1.75,0.0,-1.75
18137,1.55,0.0,-1.55
18138,1.6,0.0,-1.6
18139,1.8,0.0,-1.8
18140,1.95,0.0,-1.95
18141,1.92,0.0,-1.92
18142,2.03,0.0,-2.03
18143,2.14,0.0,-2.14
18144,1.92,0.0,-1.92
18145,2.05,0.0,-2.05
18146,2.38,0.0,-2.38
18147,1.99,0.0,-1.99
18148,1.74,0.0,-1.74
18149,1.92,0.0,-1.92
18150,1.81,0.0,-1.81
18151,1.72,0.0,-1.72
18152,1.84,0.0,-1.84
18153,1.54,0.0,-1.54
18154,2.05,0.0,-2.05
18155,1.96,0.0,-1.96
18156,1.81,0.0,-1.81
18157,2.11,0.0,-2.11
18158,2.01,0.0,-2.01
18159,1.74,0.0,-1.74
18160,1.9,0.0,-1.9
18161,1.54,0.0,-1.54
18162,1.81,0.0,-1.81
18163,1.89,0.0,-1.89
18164,2.02,0.0,-2.02
18165,1.77,0.0,-1.77
18166,1.42,0.0,-1.42
18167,1.66,0.0,-1.66
18168,1.43,0.0,-1.43
18169,1.96,0.0,-1.96
18170,2.1,0.0,-2.1
18171,1.8,0.0,-1.8
18172,1.56,0.0,-1.56
18173,1.66,0.0,-1.66
18174,1.67,0.0,-1.67
18175,1.93,0.0,-1.93
18176,1.47,0.0,-1.47
18177,2.19,0.0,-2.19
18178,1.0,0.0,-1.0
18179,1.97,0.0,-1.97
18180,2.57,0.0,-2.57
18181,1.83,0.0,-1.83
18182,1.6,0.0,-1.6
18183,1.43,0.0,-1.43
18184,1.86,0.0,-1.86
18185,1.81,0.0,-1.81
18186,2.55,0.0,-2.55
18187,1.81,0.0,-1.81
18188,1.8,0.0,-1.8
18189,1.61,0.0,-1.61
18190,1.59,0.0,-1.59
18191,1.63,0.0,-1.63
18192,1.78,0.0,-1.78
18193,1.75,0.0,-1.75
18194,1.57,0.0,-1.57
18195,1.68,0.0,-1.68
18196,1.31,0.0,-1.31
18197,1.71,0.0,-1.71
18198,1.66,0.0,-1.66
18199,1.8,0.0,-1.8
18200,1.35,0.0,-1.35
18201,1.97,0.0,-1.97
18202,1.81,0.0,-1.81
18203,1.95,0.0,-1.95
18204,1.89,0.0,-1.89
18205,1.84,0.0,-1.84
18206,1.71,0.0,-1.71
18207,2.14,0.0,-2.14
18208,1.84,0.0,-1.84
18209,2.1,0.0,-2.1
18210,1.82,0.0,-1.82
18211,1.54,0.0,-1.54
18212,1.55,0.0,-1.55
18213,1.74,0.0,-1.74
18214,1.76,0.0,-1.76
18215,1.6,0.0,-1.6
18216,2.09,0.0,-2.09
18217,1.53,0.0,-1.53
18218,1.93,0.0,-1.93
18219,1.92,0.0,-1.92
18220,1.83,0.0,-1.83
18221,1.49,0.0,-1.49
18222,1.62,0.0,-1.62
18223,1.65,0.0,-1.65
18224,1.58,0.0,-1.58
18225,1.56,0.0,-1.56
18226,1.85,0.0,-1.85
18227,1.77,0.0,-1.77
18228,1.54,0.0,-1.54
18229,1.66,0.0,-1.66
18230,1.58,0.0,-1.58
18231,1.6,0.0,-1.6
18232,1.72,0.0,-1.72
18233,1.68,0.0,-1.68
18234,1.61,0.0,-1.61
18235,1.91,0.0,-1.91
18236,1.56,0.0,-1.56
18237,1.9,0.0,-1.9
18238,1.73,0.0,-1.73
18239,1.82,0.0,-1.82
18240,1.61,0.0,-1.61
18241,2.0,0.0,-2.0
18242,1.82,0.0,-1.82
18243,1.67,0.0,-1.67
18244,1.84,0.0,-1.84
18245,1.76,0.0,-1.76
18246,1.73,0.0,-1.73
18247,1.73,0.0,-1.73
18248,1.91,0.0,-1.91
18249,1.72,0.0,-1.72
18250,1.81,0.0,-1.81
18251,1.55,0.0,-1.55
18252,1.88,0.0,-1.88
18253,1.76,0.0,-1.76
18254,1.69,0.0,-1.69
18255,1.67,0.0,-1.67
18256,1.51,0.0,-1.51
18257,1.72,0.0,-1.72
18258,1.65,0.0,-1.65
18259,1.75,0.0,-1.75
18260,1.65,0.0,-1.65
18261,1.67,0.0,-1.67
18262,1.98,0.0,-1.98
18263,1.65,0.0,-1.65
18264,1.85,0.0,-1.85
18265,1.6,0.0,-1.6
18266,1.7,0.0,-1.7
18267,1.77,0.0,-1.77
18268,1.73,0.0,-1.73
18269,2.12,0.0,-2.12
18270,2.07,0.0,-2.07
18271,1.55,0.0,-1.55
18272,1.68,0.0,-1.68
18273,1.63,0.0,-1.63
18274,1.59,0.0,-1.59
18275,1.66,0.0,-1.66
18276,1.41,0.0,-1.41
18277,1.75,0.0,-1.75
18278,1.59,0.0,-1.59
18279,1.7,0.0,-1.7
18280,1.63,0.0,-1.63
18281,1.56,0.0,-1.56
18282,1.97,0.0,-1.97
18283,1.48,0.0,-1.48
18284,1.39,0.0,-1.39
18285,1.75,0.0,-1.75
18286,1.51,0.0,-1.51
18287,1.61,0.0,-1.61
18288,1.67,0.0,-1.67
18289,2.01,0.0,-2.01
18290,1.52,0.0,-1.52
18291,1.54,0.0,-1.54
18292,1.5,0.0,-1.5
18293,1.55,0.0,-1.55
18294,2.14,0.0,-2.14
18295,1.52,0.0,-1.52
18296,1.4,0.0,-1.4
18297,1.75,0.0,-1.75
18298,1.8,0.0,-1.8
18299,2.03,0.0,-2.03
18300,1.74,0.0,-1.74
18301,1.86,0.0,-1.86
18302,2.06,0.0,-2.06
18303,1.79,0.0,-1.79
18304,1.79,0.0,-1.79
18305,1.56,0.0,-1.56
18306,1.9,0.0,-1.9
18307,1.15,0.0,-1.15
18308,1.66,0.0,-1.66
18309,1.43,0.0,-1.43
18310,1.55,0.0,-1.55
18311,1.82,0.0,-1.82
18312,1.39,0.0,-1.39
18313,1.36,0.0,-1.36
18314,1.62,0.0,-1.62
18315,1.69,0.0,-1.69
18316,1.54,0.0,-1.54
18317,1.37,0.0,-1.37
18318,1.71,0.0,-1.71
18319,1.34,0.0,-1.34
18320,1.41,0.0,-1.41
18321,1.33,0.0,-1.33
18322,1.39,0.0,-1.39
18323,1.53,0.0,-1.53
18324,1.7,0.0,-1.7
18325,1.55,0.0,-1.55
18326,1.4,0.0,-1.4
18327,1.6,0.0,-1.6
18328,1.63,0.0,-1.63
18329,1.46,0.0,-1.46
18330,1.62,0.0,-1.62
18331,1.61,0.0,-1.61
18332,1.75,0.0,-1.75
18333,1.73,0.0,-1.73
18334,1.81,0.0,-1.81
18335,2.41,0.0,-2.41
18336,1.94,0.0,-1.94
18337,1.95,0.0,-1.95
18338,1.61,0.0,-1.61
18339,2.01,0.0,-2.01
18340,1.75,0.0,-1.75
18341,1.79,0.0,-1.79
18342,1.56,0.0,-1.56
18343,2.11,0.0,-2.11
18344,1.53,0.0,-1.53
18345,1.74,0.0,-1.74
18346,1.92,0.0,-1.92
18347,1.68,0.0,-1.68
18348,1.84,0.0,-1.84
18349,2.31,0.0,-2.31
18350,1.85,0.0,-1.85
18351,1.66,0.0,-1.66
18352,1.89,0.0,-1.89
18353,1.64,0.0,-1.64
18354,1.93,0.0,-1.93
18355,1.71,0.0,-1.71
18356,1.66,0.0,-1.66
18357,1.41,0.0,-1.41
18358,1.72,0.0,-1.72
18359,1.14,0.0,-1.14
18360,1.88,0.0,-1.88
18361,1.86,0.0,-1.86
18362,1.57,0.0,-1.57
18363,1.67,0.0,-1.67
18364,1.79,0.0,-1.79
18365,1.61,0.0,-1.61
18366,1.51,0.0,-1.51
18367,1.77,0.0,-1.77
18368,2.25,0.0,-2.25
18369,2.0,0.0,-2.0
18370,1.62,0.0,-1.62
18371,1.98,0.0,-1.98
18372,1.69,0.0,-1.69
18373,1.47,0.0,-1.47
18374,1.72,0.0,-1.72
18375,1.67,0.0,-1.67
18376,1.54,0.0,-1.54
18377,1.27,0.0,-1.27
18378,1.43,0.0,-1.43
18379,2.39,0.0,-2.39
18380,1.65,0.0,-1.65
18381,1.99,0.0,-1.99
18382,2.23,0.0,-2.23
18383,1.68,0.0,-1.68
18384,1.73,0.0,-1.73
18385,2.23,0.0,-2.23
18386,2.13,0.0,-2.13
18387,1.81,0.0,-1.81
18388,1.77,0.0,-1.77
18389,1.52,0.0,-1.52
18390,1.71,0.0,-1.71
18391,1.9,0.0,-1.9
18392,1.76,0.0,-1.76
18393,1.65,0.0,-1.65
18394,1.93,0.0,-1.93
18395,2.86,0.0,-2.86
18396,2.02,0.0,-2.02
18397,1.98,0.0,-1.98
18398,1.79,0.0,-1.79
18399,1.87,0.0,-1.87
18400,1.73,0.0,-1.73
18401,2.03,0.0,-2.03
18402,1.38,0.0,-1.38
18403,1.51,0.0,-1.51
18404,1.58,0.0,-1.58
18405,1.44,0.0,-1.44
18406,1.62,0.0,-1.62
18407,1.59,0.0,-1.59
18408,1.28,0.0,-1.28
18409,1.58,0.0,-1.58
18410,1.48,0.0,-1.48
18411,1.34,0.0,-1.34
18412,1.32,0.0,-1.32
18413,1.37,0.0,-1.37
18414,1.56,0.0,-1.56
18415,1.55,0.0,-1.55
18416,1.46,0.0,-1.46
18417,2.17,0.0,-2.17
18418,1.93,0.0,-1.93
18419,2.01,0.0,-2.01
18420,2.37,0.0,-2.37
18421,2.07,0.0,-2.07
18422,2.18,0.0,-2.18
18423,2.21,0.0,-2.21
18424,1.9,0.0,-1.9
18425,1.84,0.0,-1.84
18426,1.63,0.0,-1.63
18427,1.76,0.0,-1.76
18428,1.86,0.0,-1.86
18429,2.01,0.0,-2.01
18430,2.11,0.0,-2.11
18431,2.02,0.0,-2.02
18432,2.11,0.0,-2.11
18433,2.58,0.0,-2.58
18434,2.72,0.0,-2.72
18435,2.36,0.0,-2.36
18436,2.52,0.0,-2.52
18437,1.86,0.0,-1.86
18438,2.56,0.0,-2.56
18439,2.29,0.0,-2.29
18440,2.09,0.0,-2.09
18441,1.98,0.0,-1.98
18442,2.21,0.0,-2.21
18443,2.06,0.0,-2.06
18444,2.17,0.0,-2.17
18445,2.64,0.0,-2.64
18446,2.4,0.0,-2.4
18447,2.08,0.0,-2.08
18448,2.06,0.0,-2.06
18449,1.89,0.0,-1.89
18450,2.2,0.0,-2.2
18451,2.21,0.0,-2.21
18452,2.08,0.0,-2.08
18453,1.95,0.0,-1.95
18454,1.96,0.0,-1.96
18455,2.29,0.0,-2.29
18456,2.17,0.0,-2.17
18457,2.18,0.0,-2.18
18458,2.15,0.0,-2.15
18459,2.01,0.0,-2.01
18460,1.84,0.0,-1.84
18461,1.88,0.0,-1.88
18462,1.98,0.0,-1.98
18463,2.2,0.0,-2.2
18464,2.0,0.0,-2.0
18465,1.89,0.0,-1.89
18466,2.38,0.0,-2.38
18467,2.43,0.0,-2.43
18468,2.05,0.0,-2.05
18469,1.97,0.0,-1.97
18470,2.17,0.0,-2.17
18471,2.14,0.0,-2.14
18472,2.02,0.0,-2.02
18473,1.83,0.0,-1.83
18474,2.1,0.0,-2.1
18475,2.24,0.0,-2.24
18476,1.83,0.0,-1.83
18477,1.84,0.0,-1.84
18478,2.2,0.0,-2.2
18479,2.08,0.0,-2.08
18480,1.8,0.0,-1.8
18481,1.64,0.0,-1.64
18482,1.91,0.0,-1.91
18483,1.98,0.0,-1.98
18484,2.09,0.0,-2.09
18485,2.06,0.0,-2.06
18486,1.68,0.0,-1.68
18487,1.96,0.0,-1.96
18488,2.1,0.0,-2.1
18489,1.92,0.0,-1.92
18490,2.35,0.0,-2.35
18491,2.19,0.0,-2.19
18492,2.82,0.0,-2.82
18493,2.01,0.0,-2.01
18494,2.42,0.0,-2.42
18495,1.84,0.0,-1.84
18496,1.88,0.0,-1.88
18497,1.8,0.0,-1.8
18498,1.75,0.0,-1.75
18499,1.38,0.0,-1.38
18500,1.86,0.0,-1.86
18501,1.48,0.0,-1.48
18502,1.7,0.0,-1.7
18503,1.55,0.0,-1.55
18504,1.53,0.0,-1.53
18505,1.67,0.0,-1.67
18506,2.18,0.0,-2.18
18507,1.7,0.0,-1.7
18508,2.06,0.0,-2.06
18509,2.01,0.0,-2.01
18510,2.05,0.0,-2.05
18511,1.75,0.0,-1.75
18512,2.03,0.0,-2.03
18513,2.29,0.0,-2.29
18514,2.21,0.0,-2.21
18515,2.52,0.0,-2.52
18516,2.87,0.0,-2.87
18517,1.98,0.0,-1.98
18518,2.28,0.0,-2.28
18519,2.23,0.0,-2.23
18520,2.47,0.0,-2.47
18521,2.98,0.0,-2.98
18522,2.29,0.0,-2.29
18523,2.52,0.0,-2.52
18524,2.53,0.0,-2.53
18525,2.56,0.0,-2.56
18526,2.55,0.0,-2.55
18527,2.77,0.0,-2.77
18528,2.38,0.0,-2.38
18529,2.57,0.0,-2.57
18530,2.84,0.0,-2.84
18531,2.67,0.0,-2.67
18532,3.06,0.0,-3.06
18533,3.19,0.0,-3.19
18534,2.58,0.0,-2.58
18535,2.37,0.0,-2.37
18536,2.85,0.0,-2.85
18537,3.5,0.0,-3.5
18538,2.69,0.0,-2.69
18539,2.58,0.0,-2.58
18540,1.98,0.0,-1.98
18541,2.27,0.0,-2.27
18542,1.94,0.0,-1.94
18543,2.92,0.0,-2.92
18544,2.08,0.0,-2.08
18545,1.92,0.0,-1.92
18546,2.13,0.0,-2.13
18547,1.93,0.0,-1.93
18548,2.18,0.0,-2.18
18549,2.5,0.0,-2.5
18550,1.9,0.0,-1.9
18551,1.66,0.0,-1.66
18552,1.93,0.0,-1.93
18553,1.79,0.0,-1.79
18554,1.87,0.0,-1.87
18555,1.71,0.0,-1.71
18556,2.31,0.0,-2.31
18557,2.26,0.0,-2.26
18558,2.12,0.0,-2.12
18559,2.03,0.0,-2.03
18560,2.03,0.0,-2.03
18561,1.95,0.0,-1.95
18562,1.85,0.0,-1.85
18563,1.94,0.0,-1.94
18564,1.99,0.0,-1.99
18565,2.1,0.0,-2.1
18566,1.82,0.0,-1.82
18567,1.93,0.0,-1.93
18568,2.19,0.0,-2.19
18569,1.67,0.0,-1.67
18570,1.85,0.0,-1.85
18571,1.42,0.0,-1.42
18572,2.01,0.0,-2.01
18573,1.6,0.0,-1.6
18574,1.45,0.0,-1.45
18575,2.22,0.0,-2.22
18576,1.85,0.0,-1.85
18577,2.35,0.0,-2.35
18578,2.22,0.0,-2.22
18579,1.56,0.0,-1.56
18580,1.83,0.0,-1.83
18581,1.89,0.0,-1.89
18582,2.26,0.0,-2.26
18583,1.94,0.0,-1.94
18584,2.28,0.0,-2.28
18585,2.98,0.0,-2.98
18586,2.34,0.0,-2.34
18587,2.05,0.0,-2.05
18588,2.6,0.0,-2.6
18589,1.56,0.0,-1.56
18590,2.69,0.0,-2.69
18591,2.22,0.0,-2.22
18592,1.87,0.0,-1.87
18593,1.79,0.0,-1.79
18594,1.83,0.0,-1.83
18595,1.71,0.0,-1.71
18596,1.75,0.0,-1.75
18597,1.96,0.0,-1.96
18598,1.89,0.0,-1.89
18599,1.76,0.0,-1.76
18600,1.83,0.0,-1.83
18601,1.84,0.0,-1.84
18602,1.57,0.0,-1.57
18603,1.75,0.0,-1.75
18604,1.98,0.0,-1.98
18605,2.1,0.0,-2.1
18606,2.29,0.0,-2.29
18607,2.29,0.0,-2.29
18608,1.93,0.0,-1.93
18609,1.73,0.0,-1.73
18610,2.31,0.0,-2.31
18611,1.95,0.0,-1.95
18612,2.04,0.003,-2.037
18613,2.2,0.0,-2.2
18614,2.18,0.0,-2.18
18615,2.59,0.0,-2.59
18616,2.82,0.007,-2.813
18617,2.33,0.0,-2.33
18618,2.77,0.002,-2.768
18619,2.88,0.03,-2.85
18620,2.26,0.034,-2.226
18621,2.69,0.004,-2.686
18622,2.62,0.03,-2.59
18623,2.58,0.009,-2.571
18624,2.27,0.0,-2.27
18625,2.38,0.001,-2.379
18626,2.49,0.0,-2.49
18627,2.73,0.0,-2.73
18628,2.86,0.0,-2.86
18629,2.91,0.0,-2.91
18630,2.57,0.0,-2.57
18631,2.61,0.0,-2.61
18632,2.73,0.0,-2.73
18633,3.31,0.0,-3.31
18634,1.9,0.0,-1.9
18635,2.49,0.0,-2.49
18636,2.59,0.0,-2.59
18637,2.23,0.0,-2.23
18638,2.22,0.0,-2.22
18639,2.17,0.0,-2.17
18640,2.93,0.0,-2.93
18641,2.15,0.0,-2.15
18642,2.22,0.0,-2.22
18643,2.14,0.0,-2.14
18644,1.97,0.0,-1.97
18645,1.23,0.0,-1.23
18646,2.43,0.0,-2.43
18647,2.01,0.0,-2.01
18648,1.87,0.0,-1.87
18649,2.04,0.0,-2.04
18650,2.08,0.0,-2.08
18651,2.21,0.0,-2.21
18652,1.99,0.0,-1.99
18653,1.94,0.0,-1.94
18654,2.07,0.0,-2.07
18655,2.0,0.0,-2.0
18656,1.95,0.0,-1.95
18657,1.92,0.0,-1.92
18658,2.37,0.0,-2.37
18659,2.14,0.0,-2.14
18660,2.24,0.0,-2.24
18661,2.07,0.0,-2.07
18662,2.13,0.0,-2.13
18663,1.76,0.0,-1.76
18664,1.86,0.0,-1.86
18665,2.23,0.0,-2.23
18666,2.2,0.0,-2.2
18667,2.19,0.0,-2.19
18668,2.02,0.0,-2.02
18669,1.54,0.0,-1.54
18670,2.03,0.0,-2.03
18671,1.5,0.0,-1.5
18672,2.1,0.0,-2.1
18673,2.04,0.0,-2.04
18674,1.9,0.0,-1.9
18675,1.65,0.0,-1.65
18676,1.76,0.0,-1.76
18677,1.99,0.0,-1.99
18678,2.11,0.0,-2.11
18679,2.24,0.0,-2.24
18680,1.98,0.0,-1.98
18681,2.01,0.0,-2.01
18682,2.67,0.0,-2.67
18683,2.04,0.0,-2.04
18684,2.03,0.0,-2.03
18685,1.97,0.0,-1.97
18686,2.34,0.0,-2.34
18687,2.0,0.0,-2.0
18688,2.49,0.0,-2.49
18689,1.74,0.0,-1.74
18690,1.54,0.0,-1.54
18691,1.66,0.0,-1.66
18692,1.57,0.0,-1.57
18693,1.77,0.0,-1.77
18694,1.64,0.0,-1.64
18695,1.69,0.0,-1.69
18696,1.73,0.0,-1.73
18697,2.3,0.0,-2.3
18698,1.54,0.0,-1.54
18699,1.78,0.0,-1.78
18700,1.66,0.0,-1.66
18701,1.4,0.0,-1.4
18702,1.55,0.0,-1.55
18703,1.57,0.0,-1.57
18704,1.51,0.0,-1.51
18705,1.61,0.0,-1.61
18706,1.76,0.0,-1.76
18707,1.67,0.0,-1.67
18708,1.61,0.0,-1.61
18709,1.48,0.0,-1.48
18710,1.5,0.0,-1.5
18711,1.59,0.0,-1.59
18712,1.81,0.0,-1.81
18713,1.63,0.0,-1.63
18714,1.79,0.0,-1.79
18715,1.89,0.0,-1.89
18716,1.73,0.0,-1.73
18717,1.83,0.0,-1.83
18718,1.85,0.0,-1.85
18719,1.93,0.0,-1.93
18720,2.06,0.0,-2.06
18721,2.57,0.0,-2.57
18722,2.25,0.0,-2.25
18723,2.34,0.0,-2.34
18724,2.27,0.0,-2.27
18725,2.08,0.0,-2.08
18726,2.15,0.0,-2.15
18727,2.51,0.0,-2.51
18728,2.08,0.0,-2.08
18729,2.08,0.0,-2.08
18730,2.03,0.0,-2.03
18731,1.92,0.0,-1.92
18732,1.81,0.0,-1.81
18733,2.12,0.0,-2.12
18734,1.97,0.0,-1.97
18735,2.19,0.0,-2.19
18736,1.89,0.0,-1.89
18737,1.78,0.0,-1.78
18738,2.16,0.0,-2.16
18739,2.28,0.0,-2.28
18740,2.08,0.0,-2.08
18741,1.88,0.0,-1.88
18742,2.41,0.0,-2.41
18743,1.85,0.0,-1.85
18744,2.02,0.0,-2.02
18745,2.01,0.0,-2.01
18746,2.05,0.0,-2.05
18747,2.09,0.0,-2.09
18748,1.92,0.0,-1.92
18749,2.29,0.0,-2.29
18750,2.11,0.0,-2.11
18751,2.03,0.0,-2.03
18752,2.12,0.0,-2.12
18753,2.25,0.0,-2.25
18754,1.95,0.0,-1.95
18755,1.96,0.0,-1.96
18756,1.85,0.0,-1.85
18757,2.03,0.0,-2.03
18758,1.98,0.0,-1.98
18759,2.06,0.0,-2.06
18760,1.91,0.0,-1.91
18761,2.32,0.0,-2.32
18762,2.11,0.0,-2.11
18763,1.85,0.0,-1.85
18764,1.92,0.0,-1.92
18765,2.19,0.0,-2.19
18766,2.28,0.0,-2.28
18767,2.27,0.0,-2.27
18768,2.13,0.0,-2.13
18769,2.26,0.0,-2.26
18770,2.2,0.0,-2.2
18771,2.11,0.0,-2.11
18772,2.09,0.0,-2.09
18773,2.53,0.0,-2.53
18774,2.11,0.0,-2.11
18775,1.8,0.0,-1.8
18776,2.13,0.0,-2.13
18777,2.38,0.0,-2.38
18778,1.97,0.0,-1.97
18779,1.96,0.0,-1.96
18780,1.81,0.0,-1.81
18781,1.68,0.0,-1.68
18782,1.75,0.0,-1.75
18783,1.83,0.0,-1.83
18784,1.81,0.0,-1.81
18785,1.53,0.0,-1.53
18786,1.96,0.0,-1.96
18787,1.68,0.0,-1.68
18788,1.63,0.0,-1.63
18789,1.43,0.0,-1.43
18790,1.42,0.0,-1.42
18791,1.74,0.0,-1.74
18792,1.71,0.0,-1.71
18793,1.94,0.0,-1.94
18794,1.46,0.0,-1.46
18795,1.67,0.0,-1.67
18796,1.9,0.0,-1.9
18797,1.29,0.0,-1.29
18798,1.82,0.0,-1.82
18799,1.63,0.0,-1.63
18800,1.58,0.0,-1.58
18801,1.75,0.0,-1.75
18802,2.35,0.0,-2.35
18803,2.16,0.0,-2.16
18804,2.87,0.0,-2.87
18805,2.19,0.0,-2.19
18806,2.7,0.0,-2.7
18807,2.22,0.0,-2.22
18808,2.29,0.0,-2.29
18809,2.09,0.0,-2.09
18810,2.24,0.0,-2.24
18811,1.65,0.0,-1.65
18812,2.47,0.0,-2.47
18813,2.26,0.0,-2.26
18814,2.18,0.0,-2.18
18815,2.41,0.0,-2.41
18816,2.68,0.0,-2.68
18817,1.77,0.0,-1.77
18818,2.37,0.0,-2.37
18819,1.58,0.0,-1.58
18820,2.39,0.0,-2.39
18821,1.88,0.0,-1.88
18822,2.35,0.0,-2.35
18823,2.06,0.0,-2.06
18824,2.12,0.0,-2.12
18825,1.38,0.0,-1.38
18826,2.03,0.0,-2.03
18827,2.07,0.0,-2.07
18828,1.91,0.0,-1.91
18829,1.93,0.0,-1.93
18830,2.03,0.0,-2.03
18831,1.6,0.0,-1.6
18832,2.28,0.0,-2.28
18833,1.82,0.0,-1.82
18834,1.98,0.0,-1.98
18835,2.3,0.0,-2.3
18836,2.22,0.0,-2.22
18837,2.18,0.0,-2.18
18838,2.35,0.0,-2.35
18839,2.13,0.0,-2.13
18840,2.27,0.0,-2.27
18841,2.31,0.0,-2.31
18842,3.07,0.0,-3.07
18843,2.03,0.0,-2.03
18844,2.2,0.0,-2.2
18845,2.31,0.0,-2.31
18846,3.82,0.0,-3.82
18847,2.33,0.0,-2.33
18848,2.4,0.0,-2.4
18849,2.65,0.0,-2.65
18850,2.54,0.0,-2.54
18851,2.05,0.0,-2.05
18852,2.42,0.0,-2.42
18853,2.42,0.0,-2.42
18854,2.54,0.0,-2.54
18855,2.02,0.0,-2.02
18856,1.93,0.0,-1.93
18857,2.22,0.0,-2.22
18858,1.99,0.0,-1.99
18859,2.24,0.0,-2.24
18860,1.98,0.0,-1.98
18861,2.11,0.0,-2.11
18862,2.18,0.0,-2.18
18863,2.31,0.0,-2.31
18864,1.95,0.0,-1.95
18865,1.83,0.0,-1.83
18866,1.77,0.0,-1.77
18867,2.01,0.0,-2.01
18868,1.78,0.0,-1.78
18869,1.87,0.0,-1.87
18870,2.06,0.0,-2.06
18871,1.86,0.0,-1.86
18872,2.02,0.0,-2.02
18873,2.15,0.0,-2.15
18874,2.03,0.0,-2.03
18875,1.79,0.0,-1.79
18876,2.09,0.0,-2.09
18877,1.75,0.0,-1.75
18878,2.27,0.0,-2.27
18879,1.72,0.0,-1.72
18880,1.42,0.0,-1.42
18881,1.75,0.0,-1.75
18882,1.82,0.0,-1.82
18883,1.73,0.0,-1.73
18884,2.39,0.0,-2.39
18885,1.59,0.0,-1.59
18886,1.58,0.0,-1.58
18887,1.4,0.0,-1.4
18888,1.53,0.0,-1.53
18889,1.88,0.0,-1.88
18890,1.58,0.0,-1.58
18891,1.41,0.0,-1.41
18892,1.39,0.0,-1.39
18893,1.52,0.0,-1.52
18894,1.47,0.0,-1.47
18895,1.72,0.0,-1.72
18896,1.53,0.0,-1.53
18897,1.21,0.0,-1.21
18898,1.39,0.0,-1.39
18899,1.25,0.0,-1.25
18900,1.49,0.0,-1.49
18901,1.55,0.0,-1.55
18902,1.51,0.0,-1.51
18903,1.87,0.0,-1.87
18904,1.41,0.0,-1.41
18905,2.03,0.0,-2.03
18906,1.48,0.0,-1.48
18907,1.6,0.0,-1.6
18908,1.68,0.0,-1.68
18909,1.58,0.0,-1.58
18910,1.68,0.0,-1.68
18911,1.55,0.0,-1.55
18912,1.9,0.0,-1.9
18913,2.12,0.0,-2.12
18914,1.83,0.0,-1.83
18915,1.68,0.0,-1.68
18916,1.96,0.0,-1.96
18917,1.99,0.0,-1.99
18918,2.09,0.0,-2.09
18919,1.92,0.0,-1.92
18920,1.76,0.0,-1.76
18921,1.58,0.0,-1.58
18922,2.02,0.0,-2.02
18923,1.78,0.0,-1.78
18924,1.69,0.0,-1.69
18925,1.37,0.0,-1.37
18926,1.6,0.0,-1.6
18927,1.67,0.0,-1.67
18928,2.08,0.0,-2.08
18929,2.05,0.0,-2.05
18930,2.19,0.0,-2.19
18931,1.67,0.0,-1.67
18932,1.62,0.0,-1.62
18933,1.65,0.0,-1.65
18934,1.92,0.0,-1.92
18935,2.24,0.0,-2.24
18936,2.18,0.0,-2.18
18937,1.9,0.0,-1.9
18938,1.8,0.0,-1.8
18939,1.87,0.0,-1.87
18940,1.99,0.0,-1.99
18941,1.85,0.0,-1.85
18942,2.22,0.0,-2.22
18943,2.02,0.0,-2.02
18944,1.54,0.0,-1.54
18945,2.08,0.0,-2.08
18946,2.45,0.0,-2.45
18947,2.44,0.0,-2.44
18948,2.06,0.0,-2.06
18949,1.91,0.0,-1.91
18950,2.12,0.0,-2.12
18951,2.11,0.0,-2.11
18952,1.98,0.0,-1.98
18953,2.15,0.0,-2.15
18954,1.78,0.0,-1.78
18955,1.95,0.0,-1.95
18956,1.9,0.0,-1.9
18957,1.95,0.0,-1.95
18958,2.01,0.0,-2.01
18959,2.02,0.0,-2.02
18960,2.18,0.0,-2.18
18961,1.64,0.0,-1.64
18962,1.92,0.0,-1.92
18963,1.73,0.0,-1.73
18964,1.81,0.0,-1.81
18965,2.16,0.0,-2.16
18966,1.95,0.0,-1.95
18967,1.82,0.0,-1.82
18968,1.6,0.0,-1.6
18969,2.02,0.0,-2.02
18970,1.97,0.0,-1.97
18971,1.93,0.0,-1.93
18972,1.94,0.0,-1.94
18973,1.66,0.0,-1.66
18974,1.66,0.0,-1.66
18975,1.73,0.0,-1.73
18976,1.72,0.0,-1.72
18977,1.63,0.0,-1.63
18978,1.5,0.0,-1.5
18979,3.04,0.0,-3.04
18980,2.32,0.0,-2.32
18981,1.66,0.0,-1.66
18982,2.39,0.0,-2.39
18983,1.65,0.0,-1.65
18984,1.72,0.0,-1.72
18985,1.72,0.0,-1.72
18986,1.54,0.0,-1.54
18987,1.82,0.0,-1.82
18988,1.6,0.0,-1.6
18989,1.48,0.0,-1.48
18990,1.28,0.0,-1.28
18991,1.71,0.0,-1.71
18992,1.53,0.0,-1.53
18993,1.31,0.0,-1.31
18994,1.41,0.0,-1.41
18995,1.5,0.0,-1.5
18996,1.57,0.0,-1.57
18997,1.6,0.0,-1.6
18998,1.56,0.0,-1.56
18999,1.76,0.0,-1.76
19000,2.04,0.0,-2.04
19001,1.72,0.0,-1.72
19002,1.67,0.0,-1.67
19003,1.7,0.0,-1.7
19004,2.02,0.0,-2.02
19005,1.57,0.0,-1.57
19006,1.4,0.0,-1.4
19007,1.35,0.0,-1.35
19008,1.61,0.0,-1.61
19009,1.7,0.0,-1.7
19010,1.67,0.0,-1.67
19011,1.33,0.0,-1.33
19012,1.57,0.0,-1.57
19013,1.53,0.0,-1.53
19014,1.44,0.0,-1.44
19015,1.52,0.0,-1.52
19016,1.43,0.0,-1.43
19017,1.26,0.0,-1.26
19018,1.41,0.0,-1.41
19019,1.44,0.0,-1.44
19020,1.54,0.0,-1.54
19021,1.55,0.0,-1.55
19022,1.34,0.0,-1.34
19023,1.21,0.0,-1.21
19024,1.08,0.0,-1.08
19025,1.18,0.0,-1.18
19026,1.4,0.0,-1.4
19027,1.48,0.0,-1.48
19028,1.26,0.0,-1.26
19029,1.15,0.0,-1.15
19030,1.17,0.0,-1.17
19031,1.29,0.0,-1.29
19032,1.05,0.0,-1.05
19033,1.08,0.0,-1.08
19034,1.33,0.0,-1.33
19035,1.42,0.0,-1.42
19036,1.28,0.0,-1.28
19037,1.11,0.0,-1.11
19038,1.29,0.0,-1.29
19039,1.28,0.0,-1.28
19040,1.35,0.0,-1.35
19041,1.21,0.0,-1.21
19042,1.43,0.0,-1.43
19043,1.14,0.0,-1.14
19044,1.29,0.0,-1.29
19045,1.25,0.0,-1.25
19046,1.35,0.0,-1.35
19047,1.23,0.0,-1.23
19048,1.32,0.0,-1.32
19049,1.23,0.0,-1.23
19050,1.34,0.0,-1.34
19051,1.41,0.0,-1.41
19052,1.46,0.0,-1.46
19053,1.6,0.0,-1.6
19054,1.46,0.0,-1.46
19055,1.34,0.0,-1.34
19056,1.35,0.0,-1.35
19057,1.24,0.0,-1.24
19058,1.29,0.0,-1.29
19059,1.12,0.0,-1.12
19060,1.15,0.0,-1.15
19061,1.35,0.0,-1.35
19062,1.39,0.0,-1.39
19063,1.41,0.0,-1.41
19064,1.11,0.0,-1.11
19065,1.28,0.0,-1.28
19066,1.37,0.0,-1.37
19067,1.78,0.0,-1.78
19068,1.27,0.0,-1.27
19069,1.3,0.0,-1.3
19070,1.68,0.0,-1.68
19071,1.58,0.0,-1.58
19072,1.47,0.0,-1.47
19073,1.22,0.0,-1.22
19074,1.61,0.0,-1.61
19075,1.45,0.0,-1.45
19076,1.41,0.0,-1.41
19077,1.42,0.0,-1.42
19078,1.6,0.0,-1.6
19079,1.68,0.0,-1.68
19080,1.38,0.0,-1.38
19081,1.4,0.0,-1.4
19082,1.43,0.0,-1.43
19083,1.37,0.0,-1.37
19084,0.95,0.0,-0.95
19085,1.42,0.0,-1.42
19086,2.55,0.0,-2.55
19087,1.1,0.0,-1.1
19088,1.46,0.0,-1.46
19089,1.29,0.0,-1.29
19090,1.18,0.0,-1.18
19091,1.52,0.0,-1.52
19092,1.54,0.0,-1.54
19093,1.31,0.0,-1.31
19094,1.35,0.0,-1.35
19095,1.46,0.0,-1.46
19096,1.34,0.0,-1.34
19097,1.74,0.0,-1.74
19098,1.43,0.0,-1.43
19099,1.54,0.0,-1.54
19100,1.57,0.0,-1.57
19101,1.51,0.0,-1.51
19102,1.31,0.0,-1.31
19103,1.26,0.0,-1.26
19104,1.44,0.0,-1.44
19105,1.28,0.0,-1.28
19106,1.44,0.0,-1.44
19107,1.64,0.0,-1.64
19108,1.9,0.0,-1.9
19109,1.93,0.0,-1.93
19110,1.22,0.0,-1.22
19111,1.37,0.0,-1.37
19112,1.46,0.0,-1.46
19113,1.31,0.0,-1.31
19114,1.38,0.0,-1.38
19115,1.1,0.0,-1.1
19116,1.55,0.0,-1.55
19117,1.18,0.0,-1.18
19118,1.94,0.0,-1.94
19119,1.44,0.0,-1.44
19120,1.12,0.0,-1.12
19121,1.05,0.0,-1.05
19122,1.41,0.0,-1.41
19123,1.27,0.0,-1.27
19124,1.75,0.0,-1.75
19125,1.3,0.0,-1.3
19126,1.9,0.0,-1.9
19127,1.67,0.0,-1.67
19128,1.36,0.0,-1.36
19129,1.47,0.0,-1.47
19130,1.21,0.0,-1.21
19131,1.37,0.0,-1.37
19132,1.52,0.0,-1.52
19133,1.38,0.0,-1.38
19134,1.93,0.0,-1.93
19135,1.6,0.0,-1.6
19136,1.59,0.0,-1.59
19137,1.52,0.0,-1.52
19138,1.6,0.0,-1.6
19139,1.55,0.0,-1.55
19140,1.57,0.0,-1.57
19141,1.72,0.0,-1.72
19142,1.64,0.0,-1.64
19143,1.43,0.0,-1.43
19144,1.89,0.0,-1.89
19145,1.75,0.0,-1.75
19146,1.47,0.0,-1.47
19147,1.63,0.0,-1.63
19148,1.37,0.0,-1.37
19149,1.42,0.0,-1.42
19150,1.22,0.0,-1.22
19151,1.11,0.0,-1.11
19152,1.38,0.0,-1.38
19153,1.77,0.0,-1.77
19154,1.66,0.0,-1.66
19155,1.36,0.0,-1.36
19156,1.65,0.0,-1.65
19157,1.24,0.0,-1.24
19158,1.6,0.0,-1.6
19159,1.42,0.0,-1.42
19160,1.42,0.0,-1.42
19161,1.56,0.0,-1.56
19162,1.35,0.0,-1.35
19163,1.29,0.0,-1.29
19164,1.49,0.0,-1.49
19165,1.17,0.0,-1.17
19166,1.3,0.0,-1.3
19167,1.07,0.0,-1.07
19168,1.43,0.0,-1.43
19169,1.3,0.0,-1.3
19170,1.04,0.0,-1.04
19171,1.05,0.0,-1.05
19172,1.3,0.0,-1.3
19173,1.08,0.0,-1.08
19174,1.15,0.0,-1.15
19175,1.27,0.0,-1.27
19176,1.11,0.0,-1.11
19177,1.14,0.0,-1.14
19178,1.13,0.0,-1.13
19179,1.2,0.0,-1.2
19180,1.19,0.0,-1.19
19181,0.97,0.0,-0.97
19182,1.09,0.0,-1.09
19183,0.92,0.0,-0.92
19184,1.22,0.0,-1.22
19185,1.31,0.0,-1.31
19186,1.43,0.0,-1.43
19187,1.47,0.0,-1.47
19188,1.66,0.0,-1.66
19189,1.39,0.0,-1.39
19190,1.23,0.0,-1.23
19191,1.63,0.0,-1.63
19192,1.46,0.0,-1.46
19193,1.13,0.0,-1.13
19194,1.42,0.0,-1.42
19195,1.49,0.0,-1.49
19196,1.34,0.0,-1.34
19197,1.24,0.0,-1.24
19198,1.53,0.0,-1.53
19199,2.1,0.0,-2.1
19200,1.38,0.0,-1.38
19201,1.63,0.0,-1.63
19202,1.23,0.0,-1.23
19203,0.91,0.0,-0.91
19204,1.61,0.0,-1.61
19205,1.34,0.0,-1.34
19206,1.22,0.0,-1.22
19207,1.02,0.0,-1.02
19208,1.86,0.0,-1.86
19209,1.19,0.0,-1.19
19210,1.66,0.0,-1.66
19211,1.29,0.0,-1.29
19212,1.23,0.0,-1.23
19213,1.1,0.0,-1.1
19214,1.76,0.0,-1.76
19215,1.32,0.0,-1.32
19216,1.09,0.0,-1.09
19217,1.28,0.0,-1.28
19218,0.98,0.0,-0.98
19219,1.34,0.0,-1.34
19220,1.31,0.0,-1.31
19221,1.68,0.0,-1.68
19222,1.3,0.0,-1.3
19223,1.6,0.0,-1.6
19224,1.3,0.0,-1.3
19225,1.51,0.0,-1.51
19226,1.39,0.0,-1.39
19227,1.22,0.0,-1.22
19228,1.78,0.0,-1.78
19229,1.26,0.0,-1.26
19230,1.4,0.0,-1.4
19231,1.42,0.0,-1.42
19232,1.16,0.0,-1.16
19233,1.81,0.0,-1.81
19234,1.19,0.0,-1.19
19235,1.24,0.0,-1.24
19236,1.11,0.0,-1.11
19237,1.48,0.0,-1.48
19238,1.23,0.0,-1.23
19239,0.93,0.0,-0.93
19240,1.46,0.0,-1.46
19241,1.57,0.0,-1.57
19242,0.97,0.0,-0.97
19243,2.35,0.0,-2.35
19244,1.41,0.0,-1.41
19245,1.6,0.0,-1.6
19246,1.18,0.0,-1.18
19247,1.29,0.0,-1.29
19248,1.38,0.0,-1.38
19249,1.06,0.0,-1.06
19250,1.25,0.0,-1.25
19251,1.49,0.0,-1.49
19252,1.18,0.0,-1.18
19253,1.75,0.0,-1.75
19254,1.8,0.0,-1.8
19255,1.79,0.0,-1.79
19256,2.23,0.0,-2.23
19257,1.64,0.0,-1.64
19258,1.26,0.0,-1.26
19259,1.23,0.0,-1.23
19260,1.69,0.0,-1.69
19261,1.57,0.0,-1.57
19262,1.24,0.0,-1.24
19263,1.31,0.0,-1.31
19264,1.32,0.0,-1.32
19265,1.18,0.0,-1.18
19266,1.34,0.0,-1.34
19267,1.05,0.0,-1.05
19268,1.26,0.0,-1.26
19269,0.89,0.0,-0.89
19270,1.19,0.0,-1.19
19271,0.91,0.0,-0.91
19272,0.82,0.0,-0.82
19273,0.78,0.0,-0.78
19274,1.19,0.0,-1.19
19275,1.39,0.0,-1.39
19276,0.99,0.0,-0.99
19277,1.18,0.0,-1.18
19278,1.15,0.0,-1.15
19279,1.24,0.0,-1.24
19280,1.13,0.0,-1.13
19281,1.13,0.0,-1.13
19282,1.08,0.0,-1.08
19283,1.22,0.0,-1.22
19284,1.52,0.0,-1.52
19285,1.56,0.0,-1.56
19286,1.61,0.0,-1.61
19287,1.41,0.0,-1.41
19288,1.53,0.0,-1.53
19289,1.67,0.0,-1.67
19290,1.47,0.0,-1.47
19291,1.38,0.0,-1.38
19292,1.4,0.0,-1.4
19293,1.37,0.0,-1.37
19294,1.29,0.0,-1.29
19295,1.39,0.0,-1.39
19296,1.23,0.0,-1.23
19297,1.34,0.0,-1.34
19298,1.11,0.0,-1.11
19299,1.29,0.0,-1.29
19300,1.39,0.0,-1.39
19301,1.67,0.0,-1.67
19302,1.09,0.0,-1.09
19303,1.46,0.0,-1.46
19304,1.11,0.0,-1.11
19305,1.08,0.0,-1.08
19306,1.15,0.0,-1.15
19307,1.11,0.0,-1.11
19308,1.08,0.0,-1.08
19309,1.07,0.0,-1.07
19310,1.2,0.0,-1.2
19311,1.18,0.0,-1.18
19312,1.4,0.0,-1.4
19313,1.02,0.0,-1.02
19314,1.16,0.0,-1.16
19315,1.16,0.0,-1.16
19316,1.17,0.0,-1.17
19317,1.38,0.0,-1.38
19318,1.1,0.0,-1.1
19319,1.08,0.0,-1.08
19320,0.97,0.0,-0.97
19321,1.09,0.0,-1.09
19322,1.11,0.0,-1.11
19323,1.18,0.0,-1.18
19324,1.05,0.0,-1.05
19325,1.01,0.0,-1.01
19326,0.98,0.0,-0.98
19327,1.1,0.0,-1.1
19328,1.34,0.0,-1.34
19329,1.38,0.0,-1.38
19330,1.08,0.0,-1.08
19331,1.11,0.0,-1.11
19332,1.12,0.0,-1.12
19333,1.08,0.0,-1.08
19334,1.24,0.0,-1.24
19335,1.06,0.0,-1.06
19336,0.98,0.0,-0.98
19337,1.28,0.0,-1.28
19338,1.31,0.0,-1.31
19339,1.17,0.0,-1.17
19340,1.09,0.0,-1.09
19341,1.12,0.0,-1.12
19342,1.05,0.0,-1.05
19343,1.0,0.0,-1.0
19344,1.12,0.0,-1.12
19345,0.91,0.0,-0.91
19346,1.16,0.0,-1.16
19347,1.3,0.0,-1.3
19348,0.95,0.0,-0.95
19349,1.13,0.0,-1.13
19350,1.24,0.0,-1.24
19351,1.32,0.0,-1.32
19352,1.36,0.0,-1.36
19353,1.08,0.0,-1.08
19354,1.18,0.0,-1.18
19355,1.25,0.0,-1.25
19356,1.07,0.0,-1.07
19357,1.2,0.0,-1.2
19358,0.94,0.0,-0.94
19359,1.11,0.0,-1.11
19360,0.9,0.0,-0.9
19361,1.09,0.0,-1.09
19362,0.97,0.0,-0.97
19363,0.99,0.0,-0.99
19364,0.98,0.0,-0.98
19365,1.13,0.0,-1.13
19366,0.92,0.0,-0.92
19367,1.13,0.0,-1.13
19368,1.03,0.0,-1.03
19369,0.96,0.0,-0.96
19370,0.95,0.0,-0.95
19371,0.94,0.0,-0.94
19372,1.22,0.0,-1.22
19373,1.25,0.0,-1.25
19374,1.05,0.0,-1.05
19375,1.04,0.0,-1.04
19376,1.11,0.0,-1.11
19377,1.16,0.0,-1.16
19378,1.05,0.0,-1.05
19379,1.08,0.0,-1.08
19380,0.86,0.0,-0.86
19381,1.1,0.0,-1.1
19382,1.12,0.0,-1.12
19383,1.12,0.0,-1.12
19384,1.05,0.0,-1.05
19385,1.38,0.0,-1.38
19386,1.2,0.0,-1.2
19387,1.11,0.0,-1.11
19388,1.16,0.0,-1.16
19389,1.28,0.0,-1.28
19390,1.21,0.0,-1.21
19391,1.33,0.0,-1.33
19392,1.34,0.0,-1.34
19393,1.18,0.0,-1.18
19394,1.17,0.0,-1.17
19395,0.98,0.0,-0.98
19396,1.17,0.0,-1.17
19397,1.28,0.0,-1.28
19398,0.99,0.0,-0.99
19399,1.09,0.0,-1.09
19400,1.33,0.0,-1.33
19401,1.37,0.0,-1.37
19402,1.14,0.0,-1.14
19403,1.14,0.0,-1.14
19404,1.05,0.0,-1.05
19405,1.14,0.0,-1.14
19406,1.13,0.0,-1.13
19407,1.11,0.0,-1.11
19408,1.21,0.0,-1.21
19409,1.3,0.0,-1.3
19410,1.3,0.0,-1.3
19411,1.26,0.0,-1.26
19412,1.11,0.0,-1.11
19413,1.21,0.0,-1.21
19414,0.97,0.0,-0.97
19415,1.25,0.0,-1.25
19416,1.17,0.0,-1.17
19417,1.6,0.0,-1.6
19418,1.2,0.0,-1.2
19419,1.14,0.0,-1.14
19420,1.53,0.0,-1.53
19421,1.22,0.0,-1.22
19422,1.31,0.0,-1.31
19423,1.3,0.0,-1.3
19424,1.38,0.0,-1.38
19425,1.23,0.0,-1.23
19426,1.21,0.0,-1.21
19427,1.7,0.0,-1.7
19428,1.35,0.0,-1.35
19429,1.02,0.0,-1.02
19430,1.2,0.0,-1.2
19431,1.39,0.0,-1.39
19432,1.4,0.0,-1.4
19433,0.66,0.0,-0.66
19434,1.2,0.0,-1.2
19435,1.27,0.0,-1.27
19436,1.12,0.0,-1.12
19437,1.71,0.0,-1.71
19438,1.33,0.0,-1.33
19439,1.28,0.0,-1.28
19440,2.22,0.0,-2.22
19441,1.34,0.0,-1.34
19442,1.43,0.0,-1.43
19443,1.81,0.0,-1.81
19444,1.43,0.0,-1.43
19445,1.08,0.0,-1.08
19446,1.36,0.0,-1.36
19447,1.02,0.0,-1.02
19448,1.49,0.0,-1.49
19449,1.72,0.0,-1.72
19450,1.83,0.0,-1.83
19451,1.61,0.0,-1.61
19452,1.39,0.0,-1.39
19453,1.77,0.0,-1.77
19454,1.58,0.0,-1.58
19455,2.42,0.0,-2.42
19456,1.45,0.0,-1.45
19457,1.8,0.0,-1.8
19458,1.25,0.0,-1.25
19459,1.54,0.0,-1.54
19460,1.66,0.0,-1.66
19461,1.45,0.0,-1.45
19462,1.73,0.0,-1.73
19463,2.29,0.0,-2.29
19464,1.23,0.0,-1.23
19465,1.36,0.0,-1.36
19466,1.86,0.0,-1.86
19467,1.3,0.0,-1.3
19468,1.61,0.0,-1.61
19469,1.35,0.0,-1.35
19470,1.63,0.0,-1.63
19471,1.35,0.0,-1.35
19472,1.44,0.0,-1.44
19473,1.55,0.0,-1.55
19474,1.75,0.0,-1.75
19475,1.66,0.0,-1.66
19476,2.07,0.0,-2.07
19477,1.76,0.0,-1.76
19478,1.77,0.0,-1.77
19479,1.96,0.0,-1.96
19480,1.58,0.0,-1.58
19481,1.53,0.0,-1.53
19482,1.62,0.0,-1.62
19483,7.36,0.0,-7.36
19484,1.57,0.0,-1.57
19485,1.68,0.0,-1.68
19486,1.47,0.0,-1.47
19487,1.36,0.0,-1.36
19488,1.45,0.0,-1.45
19489,1.65,0.0,-1.65
19490,1.26,0.0,-1.26
19491,1.12,0.0,-1.12
19492,1.38,0.0,-1.38
19493,1.07,0.0,-1.07
19494,1.31,0.0,-1.31
19495,1.37,0.0,-1.37
19496,2.95,0.0,-2.95
19497,1.55,0.0,-1.55
19498,1.31,0.0,-1.31
19499,1.55,0.0,-1.55
19500,2.61,0.0,-2.61
19501,1.33,0.0,-1.33
19502,1.54,0.0,-1.54
19503,1.85,0.0,-1.85
19504,1.46,0.0,-1.46
19505,1.42,0.0,-1.42
19506,1.81,0.0,-1.81
19507,1.59,0.0,-1.59
19508,1.65,0.0,-1.65
19509,1.56,0.0,-1.56
19510,1.58,0.0,-1.58
19511,1.6,0.0,-1.6
19512,1.01,0.0,-1.01
19513,1.48,0.0,-1.48
19514,1.31,0.0,-1.31
19515,1.41,0.0,-1.41
19516,1.44,0.0,-1.44
19517,1.4,0.0,-1.4
19518,1.25,0.0,-1.25
19519,1.26,0.0,-1.26
19520,1.4,0.0,-1.4
19521,1.22,0.0,-1.22
19522,1.57,0.0,-1.57
19523,1.27,0.0,-1.27
19524,1.45,0.0,-1.45
19525,1.44,0.0,-1.44
19526,1.65,0.0,-1.65
19527,1.33,0.0,-1.33
19528,1.47,0.0,-1.47
19529,0.86,0.0,-0.86
19530,1.14,0.0,-1.14
19531,1.4,0.0,-1.4
19532,1.3,0.0,-1.3
19533,1.32,0.0,-1.32
19534,1.41,0.0,-1.41
19535,1.06,0.0,-1.06
19536,1.52,0.0,-1.52
19537,1.3,0.0,-1.3
19538,1.34,0.0,-1.34
19539,1.11,0.0,-1.11
19540,1.64,0.0,-1.64
19541,1.5,0.0,-1.5
19542,1.35,0.0,-1.35
19543,1.69,0.0,-1.69
19544,1.54,0.0,-1.54
19545,1.19,0.0,-1.19
19546,1.24,0.0,-1.24
19547,1.22,0.0,-1.22
19548,1.37,0.0,-1.37
19549,1.31,0.0,-1.31
19550,1.43,0.0,-1.43
19551,1.41,0.0,-1.41
19552,0.92,0.0,-0.92
19553,1.11,0.0,-1.11
19554,1.52,0.0,-1.52
19555,2.48,0.0,-2.48
19556,1.75,0.0,-1.75
19557,1.38,0.0,-1.38
19558,1.23,0.0,-1.23
19559,1.55,0.0,-1.55
19560,1.44,0.0,-1.44
19561,1.39,0.0,-1.39
19562,1.69,0.0,-1.69
19563,1.49,0.0,-1.49
19564,1.18,0.0,-1.18
19565,2.16,0.0,-2.16
19566,1.95,0.0,-1.95
19567,1.95,0.0,-1.95
19568,1.66,0.0,-1.66
19569,1.57,0.0,-1.57
19570,1.42,0.0,-1.42
19571,1.41,0.0,-1.41
19572,1.47,0.0,-1.47
19573,1.66,0.0,-1.66
19574,1.45,0.0,-1.45
19575,1.59,0.0,-1.59
19576,2.39,0.0,-2.39
19577,1.48,0.0,-1.48
19578,1.59,0.0,-1.59
19579,1.5,0.0,-1.5
19580,1.49,0.0,-1.49
19581,1.21,0.0,-1.21
19582,1.51,0.0,-1.51
19583,1.77,0.0,-1.77
19584,1.2,0.0,-1.2
19585,1.26,0.0,-1.26
19586,1.86,0.0,-1.86
19587,1.67,0.0,-1.67
19588,1.25,0.0,-1.25
19589,1.22,0.0,-1.22
19590,1.13,0.0,-1.13
19591,1.39,0.0,-1.39
19592,1.28,0.0,-1.28
19593,1.5,0.0,-1.5
19594,1.02,0.0,-1.02
19595,1.13,0.0,-1.13
19596,1.5,0.0,-1.5
19597,1.23,0.0,-1.23
19598,1.23,0.0,-1.23
19599,1.75,0.0,-1.75
19600,1.47,0.0,-1.47
19601,1.18,0.0,-1.18
19602,1.45,0.0,-1.45
19603,1.44,0.0,-1.44
19604,1.32,0.0,-1.32
19605,1.31,0.0,-1.31
19606,1.05,0.0,-1.05
19607,1.15,0.0,-1.15
19608,1.48,0.0,-1.48
19609,1.45,0.0,-1.45
19610,1.2,0.0,-1.2
19611,1.28,0.0,-1.28
19612,1.28,0.0,-1.28
19613,1.04,0.0,-1.04
19614,1.89,0.0,-1.89
19615,1.16,0.0,-1.16
19616,1.39,0.0,-1.39
19617,1.0,0.0,-1.0
19618,0.8,0.0,-0.8
19619,1.16,0.0,-1.16
19620,1.75,0.0,-1.75
19621,1.2,0.0,-1.2
19622,1.13,0.0,-1.13
19623,1.22,0.0,-1.22
19624,1.23,0.0,-1.23
19625,1.12,0.0,-1.12
19626,1.24,0.0,-1.24
19627,1.19,0.0,-1.19
19628,1.69,0.0,-1.69
19629,1.34,0.0,-1.34
19630,1.05,0.0,-1.05
19631,1.39,0.0,-1.39
19632,1.19,0.0,-1.19
19633,1.27,0.0,-1.27
19634,1.26,0.0,-1.26
19635,1.37,0.0,-1.37
19636,1.75,0.0,-1.75
19637,1.1,0.0,-1.1
19638,1.71,0.0,-1.71
19639,1.43,0.0,-1.43
19640,1.57,0.0,-1.57
19641,1.5,0.0,-1.5
19642,1.64,0.0,-1.64
19643,1.16,0.0,-1.16
19644,1.42,0.0,-1.42
19645,1.27,0.0,-1.27
19646,1.47,0.0,-1.47
19647,1.21,0.0,-1.21
19648,1.57,0.0,-1.57
19649,1.31,0.0,-1.31
19650,1.45,0.0,-1.45
19651,1.25,0.0,-1.25
19652,1.5,0.0,-1.5
19653,2.18,0.0,-2.18
19654,1.34,0.0,-1.34
19655,1.35,0.0,-1.35
19656,1.2,0.0,-1.2
19657,1.21,0.0,-1.21
19658,1.32,0.0,-1.32
19659,1.39,0.0,-1.39
19660,1.74,0.0,-1.74
19661,1.25,0.0,-1.25
19662,1.23,0.0,-1.23
19663,1.23,0.0,-1.23
19664,1.84,0.0,-1.84
19665,1.19,0.0,-1.19
19666,1.45,0.0,-1.45
19667,1.55,0.0,-1.55
19668,1.41,0.0,-1.41
19669,1.54,0.0,-1.54
19670,1.14,0.0,-1.14
19671,1.39,0.0,-1.39
19672,1.53,0.0,-1.53
19673,0.87,0.0,-0.87
19674,1.36,0.0,-1.36
19675,0.98,0.0,-0.98
19676,1.42,0.0,-1.42
19677,1.45,0.0,-1.45
19678,1.27,0.0,-1.27
19679,1.37,0.0,-1.37
19680,1.52,0.0,-1.52
19681,1.24,0.0,-1.24
19682,1.08,0.0,-1.08
19683,1.24,0.0,-1.24
19684,1.32,0.0,-1.32
19685,1.13,0.0,-1.13
19686,1.33,0.0,-1.33
19687,0.99,0.0,-0.99
19688,1.55,0.0,-1.55
19689,1.18,0.0,-1.18
19690,1.27,0.0,-1.27
19691,1.2,0.0,-1.2
19692,1.33,0.0,-1.33
19693,1.38,0.0,-1.38
19694,1.18,0.0,-1.18
19695,1.52,0.0,-1.52
19696,1.25,0.0,-1.25
19697,1.07,0.0,-1.07
19698,1.12,0.0,-1.12
19699,1.33,0.0,-1.33
19700,1.19,0.0,-1.19
19701,1.08,0.0,-1.08
19702,1.08,0.0,-1.08
19703,1.1,0.0,-1.1
19704,0.94,0.0,-0.94
19705,1.14,0.0,-1.14
19706,1.05,0.0,-1.05
19707,1.03,0.0,-1.03
19708,0.89,0.0,-0.89
19709,1.2,0.0,-1.2
19710,1.02,0.0,-1.02
19711,0.98,0.0,-0.98
19712,0.94,0.0,-0.94
19713,1.12,0.0,-1.12
19714,0.99,0.0,-0.99
19715,1.12,0.0,-1.12
19716,0.92,0.0,-0.92
19717,0.96,0.0,-0.96
19718,1.05,0.0,-1.05
19719,1.31,0.0,-1.31
19720,0.91,0.0,-0.91
19721,0.86,0.0,-0.86
19722,0.95,0.0,-0.95
19723,1.16,0.0,-1.16
19724,1.11,0.0,-1.11
19725,1.07,0.0,-1.07
19726,1.31,0.0,-1.31
19727,1.04,0.0,-1.04
19728,1.25,0.0,-1.25
19729,1.09,0.0,-1.09
19730,1.14,0.0,-1.14
19731,1.22,0.0,-1.22
19732,1.12,0.0,-1.12
19733,1.17,0.0,-1.17
19734,1.06,0.0,-1.06
19735,1.4,0.0,-1.4
19736,1.81,0.0,-1.81
19737,1.38,0.0,-1.38
19738,1.4,0.0,-1.4
19739,1.08,0.0,-1.08
19740,1.3,0.0,-1.3
19741,1.17,0.0,-1.17
19742,1.19,0.0,-1.19
19743,1.14,0.0,-1.14
19744,1.14,0.0,-1.14
19745,1.13,0.0,-1.13
19746,1.5,0.0,-1.5
19747,1.24,0.0,-1.24
19748,1.25,0.0,-1.25
19749,1.42,0.0,-1.42
19750,1.02,0.0,-1.02
19751,1.1,0.0,-1.1
19752,0.95,0.0,-0.95
19753,1.09,0.0,-1.09
19754,1.08,0.0,-1.08
19755,1.07,0.0,-1.07
19756,1.16,0.0,-1.16
19757,1.34,0.0,-1.34
19758,1.11,0.0,-1.11
19759,1.22,0.0,-1.22
19760,1.07,0.0,-1.07
19761,1.33,0.0,-1.33
19762,1.1,0.0,-1.1
19763,1.33,0.0,-1.33
19764,1.18,0.0,-1.18
19765,1.14,0.0,-1.14
19766,1.13,0.0,-1.13
19767,1.29,0.0,-1.29
19768,1.14,0.0,-1.14
19769,1.11,0.0,-1.11
19770,1.33,0.0,-1.33
19771,1.14,0.0,-1.14
19772,1.17,0.0,-1.17
19773,1.43,0.0,-1.43
19774,1.25,0.0,-1.25
19775,1.04,0.0,-1.04
19776,1.57,0.0,-1.57
19777,1.26,0.0,-1.26
19778,1.28,0.0,-1.28
19779,1.37,0.0,-1.37
19780,1.4,0.0,-1.4
19781,1.32,0.0,-1.32
19782,1.18,0.0,-1.18
19783,1.36,0.0,-1.36
19784,1.31,0.0,-1.31
19785,1.23,0.0,-1.23
19786,1.42,0.0,-1.42
19787,1.31,0.0,-1.31
19788,1.21,0.0,-1.21
19789,1.46,0.0,-1.46
19790,1.33,0.0,-1.33
19791,1.14,0.0,-1.14
19792,1.4,0.0,-1.4
19793,1.37,0.0,-1.37
19794,1.51,0.0,-1.51
19795,1.15,0.0,-1.15
19796,1.23,0.0,-1.23
19797,1.26,0.0,-1.26
19798,1.35,0.0,-1.35
19799,1.25,0.0,-1.25
19800,1.44,0.0,-1.44
19801,1.14,0.0,-1.14
19802,1.09,0.0,-1.09
19803,1.61,0.0,-1.61
19804,1.2,0.0,-1.2
19805,1.18,0.0,-1.18
19806,1.23,0.0,-1.23
19807,1.38,0.0,-1.38
19808,1.44,0.0,-1.44
19809,1.11,0.0,-1.11
19810,1.22,0.0,-1.22
19811,1.37,0.0,-1.37
19812,1.34,0.0,-1.34
19813,1.17,0.0,-1.17
19814,1.04,0.0,-1.04
19815,2.04,0.0,-2.04
19816,1.28,0.0,-1.28
19817,1.32,0.0,-1.32
19818,1.75,0.0,-1.75
19819,1.97,0.0,-1.97
19820,2.09,0.0,-2.09
19821,1.29,0.0,-1.29
19822,1.44,0.0,-1.44
19823,1.56,0.0,-1.56
19824,1.42,0.0,-1.42
19825,1.3,0.0,-1.3
19826,1.34,0.0,-1.34
19827,1.53,0.0,-1.53
19828,1.84,0.0,-1.84
19829,1.46,0.0,-1.46
19830,1.59,0.0,-1.59
19831,1.57,0.0,-1.57
19832,1.14,0.0,-1.14
19833,1.81,0.0,-1.81
19834,1.69,0.0,-1.69
19835,1.77,0.0,-1.77
19836,1.41,0.0,-1.41
19837,1.54,0.0,-1.54
19838,1.43,0.0,-1.43
19839,1.3,0.0,-1.3
19840,1.34,0.0,-1.34
19841,1.69,0.0,-1.69
19842,1.4,0.0,-1.4
19843,1.21,0.0,-1.21
19844,1.28,0.0,-1.28
19845,1.23,0.0,-1.23
19846,1.38,0.0,-1.38
19847,1.3,0.0,-1.3
19848,1.39,0.0,-1.39
19849,1.2,0.0,-1.2
19850,1.44,0.0,-1.44
19851,1.26,0.0,-1.26
19852,1.34,0.0,-1.34
19853,1.26,0.0,-1.26
19854,1.05,0.0,-1.05
19855,1.19,0.0,-1.19
19856,1.22,0.0,-1.22
19857,1.23,0.0,-1.23
19858,1.38,0.0,-1.38
19859,1.38,0.0,-1.38
19860,1.15,0.0,-1.15
19861,1.75,0.0,-1.75
19862,1.81,0.0,-1.81
19863,1.67,0.0,-1.67
19864,1.89,0.0,-1.89
19865,1.53,0.0,-1.53
19866,1.99,0.0,-1.99
19867,1.7,0.0,-1.7
19868,1.32,0.0,-1.32
19869,1.45,0.0,-1.45
19870,2.0,0.0,-2.0
19871,2.97,0.0,-2.97
19872,1.36,0.0,-1.36
19873,1.4,0.0,-1.4
19874,1.6,0.0,-1.6
19875,1.38,0.0,-1.38
19876,1.59,0.0,-1.59
19877,1.22,0.0,-1.22
19878,1.08,0.0,-1.08
19879,1.29,0.0,-1.29
19880,1.02,0.0,-1.02
19881,1.28,0.0,-1.28
19882,1.85,0.0,-1.85
19883,1.72,0.0,-1.72
19884,1.96,0.0,-1.96
19885,1.27,0.0,-1.27
19886,1.68,0.0,-1.68
19887,1.82,0.0,-1.82
19888,1.46,0.0,-1.46
19889,0.97,0.0,-0.97
19890,1.09,0.0,-1.09
19891,1.12,0.0,-1.12
19892,1.07,0.0,-1.07
19893,1.57,0.0,-1.57
19894,1.63,0.0,-1.63
19895,1.55,0.0,-1.55
19896,1.28,0.0,-1.28
19897,1.84,0.0,-1.84
19898,1.51,0.0,-1.51
19899,1.87,0.0,-1.87
19900,1.47,0.0,-1.47
19901,1.56,0.0,-1.56
19902,2.11,0.0,-2.11
19903,1.24,0.0,-1.24
19904,1.96,0.0,-1.96
19905,1.71,0.0,-1.71
19906,1.4,0.0,-1.4
19907,1.39,0.0,-1.39
19908,1.53,0.0,-1.53
19909,1.92,0.0,-1.92
19910,1.13,0.0,-1.13
19911,1.83,0.0,-1.83
19912,1.48,0.0,-1.48
19913,1.59,0.0,-1.59
19914,1.77,0.0,-1.77
19915,1.62,0.0,-1.62
19916,1.39,0.0,-1.39
19917,1.85,0.0,-1.85
19918,1.33,0.0,-1.33
19919,1.69,0.0,-1.69
19920,1.74,0.0,-1.74
19921,1.78,0.0,-1.78
19922,1.46,0.0,-1.46
19923,1.66,0.0,-1.66
19924,1.66,0.0,-1.66
19925,1.39,0.0,-1.39
19926,1.65,0.0,-1.65
19927,2.21,0.0,-2.21
19928,2.11,0.0,-2.11
19929,1.9,0.0,-1.9
19930,1.43,0.0,-1.43
19931,1.53,0.0,-1.53
19932,1.61,0.0,-1.61
19933,1.43,0.0,-1.43
19934,1.71,0.0,-1.71
19935,1.55,0.0,-1.55
19936,1.58,0.0,-1.58
19937,1.65,0.0,-1.65
19938,1.32,0.0,-1.32
19939,1.48,0.0,-1.48
19940,1.27,0.0,-1.27
19941,1.12,0.0,-1.12
19942,1.33,0.0,-1.33
19943,1.53,0.0,-1.53
19944,1.37,0.0,-1.37
19945,1.54,0.0,-1.54
19946,1.18,0.0,-1.18
19947,1.27,0.0,-1.27
19948,1.45,0.0,-1.45
19949,1.14,0.0,-1.14
19950,1.3,0.0,-1.3
19951,1.24,0.0,-1.24
19952,1.05,0.0,-1.05
19953,1.06,0.0,-1.06
19954,1.11,0.0,-1.11
19955,1.09,0.0,-1.09
19956,1.66,0.0,-1.66
19957,0.95,0.0,-0.95
19958,1.57,0.0,-1.57
19959,1.29,0.0,-1.29
19960,1.14,0.0,-1.14
19961,1.71,0.0,-1.71
19962,1.5,0.0,-1.5
19963,1.27,0.0,-1.27
19964,1.11,0.0,-1.11
19965,1.35,0.0,-1.35
19966,1.38,0.0,-1.38
19967,1.34,0.0,-1.34
19968,1.33,0.0,-1.33
19969,1.16,0.0,-1.16
19970,1.13,0.0,-1.13
19971,1.05,0.0,-1.05
19972,1.51,0.0,-1.51
19973,1.16,0.0,-1.16
19974,1.79,0.0,-1.79
19975,1.36,0.0,-1.36
19976,1.34,0.0,-1.34
19977,1.48,0.0,-1.48
19978,1.71,0.0,-1.71
19979,1.53,0.0,-1.53
19980,1.43,0.0,-1.43
19981,1.49,0.0,-1.49
19982,1.44,0.0,-1.44
19983,2.31,0.0,-2.31
19984,1.21,0.0,-1.21
19985,1.99,0.0,-1.99
19986,1.47,0.0,-1.47
19987,1.59,0.0,-1.59
19988,1.31,0.0,-1.31
19989,1.76,0.0,-1.76
19990,1.61,0.0,-1.61
19991,1.39,0.0,-1.39
19992,1.37,0.0,-1.37
19993,1.37,0.0,-1.37
19994,1.23,0.0,-1.23
19995,1.27,0.0,-1.27
19996,1.49,0.0,-1.49
19997,1.65,0.0,-1.65
19998,1.4,0.0,-1.4
19999,1.37,0.0,-1.37
20000,1.23,0.0,-1.23
20001,1.37,0.0,-1.37
20002,1.35,0.0,-1.35
20003,1.14,0.0,-1.14
20004,1.64,0.0,-1.64
20005,1.61,0.0,-1.61
20006,1.52,0.0,-1.52
20007,1.33,0.0,-1.33
20008,1.44,0.0,-1.44
20009,1.84,0.0,-1.84
20010,1.82,0.0,-1.82
20011,1.42,0.0,-1.42
20012,1.81,0.0,-1.81
20013,1.59,0.0,-1.59
20014,1.92,0.0,-1.92
20015,1.46,0.0,-1.46
20016,1.9,0.0,-1.9
20017,2.15,0.0,-2.15
20018,1.58,0.0,-1.58
20019,2.25,0.0,-2.25
20020,2.12,0.0,-2.12
20021,2.1,0.0,-2.1
20022,2.84,0.0,-2.84
20023,2.11,0.0,-2.11
20024,1.97,0.0,-1.97
20025,2.13,0.0,-2.13
20026,1.88,0.0,-1.88
20027,1.66,0.0,-1.66
20028,2.01,0.0,-2.01
20029,2.12,0.0,-2.12
20030,1.73,0.0,-1.73
20031,1.62,0.0,-1.62
20032,1.79,0.0,-1.79
20033,1.49,0.0,-1.49
20034,1.88,0.0,-1.88
20035,1.9,0.0,-1.9
20036,1.95,0.0,-1.95
20037,2.07,0.0,-2.07
20038,2.12,0.0,-2.12
20039,1.73,0.0,-1.73
20040,1.53,0.0,-1.53
20041,1.43,0.0,-1.43
20042,1.43,0.0,-1.43
20043,1.56,0.0,-1.56
20044,1.75,0.0,-1.75
20045,1.89,0.0,-1.89
20046,1.73,0.0,-1.73
20047,1.7,0.0,-1.7
20048,1.93,0.0,-1.93
20049,1.79,0.0,-1.79
20050,1.62,0.0,-1.62
20051,1.68,0.0,-1.68
20052,1.79,0.0,-1.79
20053,2.07,0.0,-2.07
20054,1.83,0.0,-1.83
20055,1.99,0.0,-1.99
20056,2.21,0.0,-2.21
20057,1.72,0.0,-1.72
20058,1.63,0.0,-1.63
20059,1.56,0.0,-1.56
20060,1.88,0.0,-1.88
20061,1.86,0.0,-1.86
20062,1.77,0.0,-1.77
20063,0.99,0.0,-0.99
20064,1.89,0.0,-1.89
20065,1.36,0.0,-1.36
20066,1.92,0.0,-1.92
20067,1.53,0.0,-1.53
20068,1.75,0.0,-1.75
20069,1.88,0.0,-1.88
20070,1.57,0.0,-1.57
20071,0.94,0.0,-0.94
20072,2.02,0.0,-2.02
20073,1.55,0.0,-1.55
20074,2.05,0.0,-2.05
20075,1.74,0.0,-1.74
20076,1.78,0.0,-1.78
20077,1.54,0.0,-1.54
20078,1.8,0.0,-1.8
20079,1.55,0.0,-1.55
20080,1.41,0.0,-1.41
20081,1.54,0.0,-1.54
20082,1.65,0.0,-1.65
20083,1.7,0.0,-1.7
20084,1.79,0.0,-1.79
20085,1.63,0.0,-1.63
20086,1.82,0.0,-1.82
20087,1.44,0.0,-1.44
20088,1.57,0.0,-1.57
20089,1.52,0.0,-1.52
20090,1.94,0.0,-1.94
20091,1.67,0.0,-1.67
20092,1.7,0.0,-1.7
20093,1.67,0.0,-1.67
20094,1.72,0.0,-1.72
20095,1.4,0.0,-1.4
20096,1.83,0.0,-1.83
20097,1.77,0.0,-1.77
20098,1.55,0.0,-1.55
20099,1.93,0.0,-1.93
20100,1.52,0.0,-1.52
20101,1.78,0.0,-1.78
20102,1.93,0.0,-1.93
20103,1.75,0.0,-1.75
20104,1.43,0.0,-1.43
20105,1.52,0.0,-1.52
20106,1.89,0.0,-1.89
20107,0.75,0.0,-0.75
20108,1.93,0.0,-1.93
20109,1.7,0.0,-1.7
20110,1.61,0.0,-1.61
20111,1.65,0.0,-1.65
20112,2.13,0.0,-2.13
20113,1.53,0.0,-1.53
20114,1.86,0.0,-1.86
20115,1.95,0.0,-1.95
20116,1.92,0.0,-1.92
20117,1.68,0.0,-1.68
20118,2.58,0.0,-2.58
20119,1.5,0.0,-1.5
20120,1.96,0.0,-1.96
20121,1.63,0.0,-1.63
20122,1.56,0.0,-1.56
20123,1.53,0.0,-1.53
20124,1.64,0.0,-1.64
20125,1.55,0.0,-1.55
20126,1.41,0.0,-1.41
20127,1.82,0.0,-1.82
20128,1.89,0.0,-1.89
20129,2.02,0.0,-2.02
20130,1.85,0.0,-1.85
20131,1.75,0.0,-1.75
20132,1.95,0.0,-1.95
20133,1.79,0.0,-1.79
20134,1.73,0.0,-1.73
20135,1.63,0.0,-1.63
20136,1.63,0.0,-1.63
20137,1.45,0.0,-1.45
20138,1.78,0.0,-1.78
20139,1.31,0.0,-1.31
20140,1.4,0.0,-1.4
20141,1.45,0.0,-1.45
20142,1.86,0.0,-1.86
20143,1.88,0.0,-1.88
20144,1.36,0.0,-1.36
20145,1.49,0.0,-1.49
20146,1.74,0.0,-1.74
20147,1.62,0.0,-1.62
20148,1.54,0.0,-1.54
20149,1.54,0.0,-1.54
20150,1.89,0.0,-1.89
20151,1.41,0.0,-1.41
20152,1.43,0.0,-1.43
20153,1.52,0.0,-1.52
20154,1.67,0.0,-1.67
20155,1.51,0.0,-1.51
20156,1.54,0.0,-1.54
20157,1.67,0.0,-1.67
20158,1.48,0.0,-1.48
20159,1.36,0.0,-1.36
20160,1.4,0.0,-1.4
20161,1.73,0.0,-1.73
20162,1.68,0.0,-1.68
20163,1.27,0.0,-1.27
20164,1.6,0.0,-1.6
20165,1.27,0.0,-1.27
20166,1.29,0.0,-1.29
20167,1.55,0.0,-1.55
20168,1.36,0.0,-1.36
20169,1.34,0.0,-1.34
20170,1.4,0.0,-1.4
20171,1.31,0.0,-1.31
20172,1.41,0.0,-1.41
20173,1.37,0.0,-1.37
20174,1.45,0.0,-1.45
20175,1.27,0.0,-1.27
20176,1.29,0.0,-1.29
20177,1.22,0.0,-1.22
20178,1.3,0.0,-1.3
20179,1.56,0.0,-1.56
20180,1.58,0.0,-1.58
20181,1.4,0.0,-1.4
20182,1.4,0.0,-1.4
20183,1.33,0.0,-1.33
20184,1.26,0.0,-1.26
20185,1.26,0.0,-1.26
20186,1.42,0.0,-1.42
20187,1.78,0.0,-1.78
20188,1.5,0.0,-1.5
20189,1.45,0.0,-1.45
20190,1.36,0.0,-1.36
20191,1.55,0.0,-1.55
20192,1.23,0.0,-1.23
20193,1.35,0.0,-1.35
20194,1.55,0.0,-1.55
20195,1.6,0.0,-1.6
20196,1.85,0.0,-1.85
20197,1.61,0.0,-1.61
20198,2.09,0.0,-2.09
20199,1.41,0.0,-1.41
20200,1.19,0.0,-1.19
20201,1.39,0.0,-1.39
20202,1.59,0.0,-1.59
20203,1.42,0.0,-1.42
20204,1.71,0.0,-1.71
20205,2.01,0.0,-2.01
20206,1.6,0.0,-1.6
20207,1.46,0.0,-1.46
20208,1.3,0.0,-1.3
20209,1.61,0.0,-1.61
20210,1.37,0.0,-1.37
20211,1.47,0.0,-1.47
20212,1.33,0.0,-1.33
20213,1.51,0.0,-1.51
20214,2.58,0.0,-2.58
20215,2.22,0.0,-2.22
20216,1.74,0.0,-1.74
20217,1.83,0.0,-1.83
20218,1.9,0.0,-1.9
20219,2.08,0.0,-2.08
20220,2.09,0.0,-2.09
20221,1.19,0.0,-1.19
20222,2.14,0.0,-2.14
20223,1.89,0.0,-1.89
20224,2.0,0.0,-2.0
20225,2.56,0.0,-2.56
20226,1.84,0.0,-1.84
20227,1.75,0.0,-1.75
20228,1.67,0.0,-1.67
20229,1.67,0.0,-1.67
20230,3.0,0.0,-3.0
20231,2.14,0.0,-2.14
20232,1.3,0.0,-1.3
20233,1.56,0.0,-1.56
20234,1.7,0.0,-1.7
20235,1.93,0.0,-1.93
20236,1.96,0.0,-1.96
20237,1.72,0.0,-1.72
20238,1.44,0.0,-1.44
20239,1.69,0.0,-1.69
20240,1.67,0.0,-1.67
20241,1.57,0.0,-1.57
20242,1.73,0.0,-1.73
20243,3.58,0.0,-3.58
20244,1.92,0.0,-1.92
20245,1.81,0.0,-1.81
20246,1.92,0.0,-1.92
20247,2.26,0.0,-2.26
20248,1.86,0.0,-1.86
20249,1.99,0.0,-1.99
20250,0.73,0.0,-0.73
20251,2.34,0.0,-2.34
20252,2.55,0.0,-2.55
20253,2.38,0.0,-2.38
20254,1.04,0.0,-1.04
20255,2.36,0.0,-2.36
20256,2.0,0.0,-2.0
20257,1.84,0.0,-1.84
20258,1.76,0.0,-1.76
20259,2.04,0.0,-2.04
20260,1.97,0.0,-1.97
20261,2.07,0.0,-2.07
20262,2.02,0.0,-2.02
20263,1.97,0.0,-1.97
20264,1.84,0.0,-1.84
20265,2.26,0.0,-2.26
20266,2.18,0.0,-2.18
20267,2.17,0.0,-2.17
20268,2.21,0.0,-2.21
20269,2.23,0.0,-2.23
20270,2.31,0.0,-2.31
20271,2.12,0.0,-2.12
20272,2.12,0.0,-2.12
20273,2.47,0.0,-2.47
20274,2.11,0.0,-2.11
20275,2.12,0.0,-2.12
20276,2.17,0.0,-2.17
20277,1.96,0.0,-1.96
20278,1.91,0.0,-1.91
20279,2.12,0.0,-2.12
20280,2.53,0.0,-2.53
20281,2.02,0.0,-2.02
20282,2.01,0.0,-2.01
20283,1.94,0.0,-1.94
20284,1.76,0.0,-1.76
20285,2.59,0.0,-2.59
20286,2.1,0.0,-2.1
20287,1.9,0.0,-1.9
20288,1.78,0.0,-1.78
20289,2.05,0.0,-2.05
20290,1.69,0.0,-1.69
20291,1.77,0.0,-1.77
20292,1.74,0.0,-1.74
20293,1.9,0.0,-1.9
20294,2.21,0.0,-2.21
20295,2.01,0.0,-2.01
20296,1.76,0.0,-1.76
20297,1.7,0.0,-1.7
20298,1.99,0.0,-1.99
20299,1.84,0.0,-1.84
20300,1.9,0.0,-1.9
20301,1.75,0.0,-1.75
20302,1.43,0.0,-1.43
20303,1.97,0.0,-1.97
20304,2.29,0.0,-2.29
20305,1.3,0.0,-1.3
20306,1.32,0.0,-1.32
20307,1.91,0.0,-1.91
20308,1.84,0.0,-1.84
20309,1.58,0.0,-1.58
20310,1.79,0.0,-1.79
20311,1.97,0.0,-1.97
20312,1.86,0.0,-1.86
20313,1.68,0.0,-1.68
20314,1.66,0.0,-1.66
20315,1.35,0.0,-1.35
20316,1.48,0.0,-1.48
20317,1.67,0.0,-1.67
20318,1.37,0.0,-1.37
20319,1.83,0.0,-1.83
20320,1.33,0.0,-1.33
20321,1.15,0.0,-1.15
20322,1.18,0.0,-1.18
20323,1.32,0.0,-1.32
20324,1.27,0.0,-1.27
20325,2.08,0.0,-2.08
20326,1.37,0.0,-1.37
20327,1.82,0.0,-1.82
20328,1.84,0.0,-1.84
20329,1.89,0.0,-1.89
20330,2.07,0.0,-2.07
20331,2.28,0.0,-2.28
20332,2.56,0.018,-2.542
20333,2.12,0.019,-2.101
20334,7.16,0.051,-7.109
20335,1.7,0.02,-1.68
20336,1.85,0.023,-1.827
20337,1.97,0.0,-1.97
20338,1.76,0.0,-1.76
20339,1.99,0.0,-1.99
20340,2.05,0.0,-2.05
20341,3.04,0.0,-3.04
20342,2.17,0.0,-2.17
20343,2.34,0.0,-2.34
20344,3.05,0.0,-3.05
20345,1.93,0.0,-1.93
20346,1.66,0.0,-1.66
20347,1.94,0.0,-1.94
20348,1.81,0.0,-1.81
20349,2.21,0.0,-2.21
20350,1.36,0.0,-1.36
20351,1.95,0.0,-1.95
20352,1.97,0.0,-1.97
20353,1.73,0.0,-1.73
20354,1.78,0.0,-1.78
20355,1.9,0.0,-1.9
20356,1.13,0.0,-1.13
20357,1.72,0.0,-1.72
20358,1.74,0.0,-1.74
20359,1.5,0.0,-1.5
20360,1.87,0.0,-1.87
20361,1.6,0.0,-1.6
20362,2.25,0.0,-2.25
20363,2.24,0.0,-2.24
20364,1.45,0.0,-1.45
20365,1.3,0.0,-1.3
20366,1.82,0.0,-1.82
20367,1.55,0.0,-1.55
20368,1.82,0.0,-1.82
20369,1.41,0.0,-1.41
20370,3.0,0.0,-3.0
20371,1.78,0.0,-1.78
20372,1.67,0.0,-1.67
20373,1.58,0.0,-1.58
20374,1.67,0.0,-1.67
20375,1.67,0.0,-1.67
20376,1.95,0.0,-1.95
20377,1.66,0.0,-1.66
20378,1.72,0.0,-1.72
20379,1.63,0.0,-1.63
20380,1.7,0.0,-1.7
20381,1.81,0.0,-1.81
20382,2.04,0.0,-2.04
20383,2.0,0.0,-2.0
20384,1.95,0.0,-1.95
20385,1.79,0.0,-1.79
20386,1.73,0.0,-1.73
20387,1.95,0.0,-1.95
20388,2.17,0.0,-2.17
20389,1.61,0.0,-1.61
20390,2.4,0.0,-2.4
20391,1.84,0.0,-1.84
20392,2.21,0.0,-2.21
20393,1.97,0.0,-1.97
20394,1.99,0.0,-1.99
20395,1.97,0.0,-1.97
20396,1.94,0.0,-1.94
20397,2.07,0.0,-2.07
20398,2.24,0.0,-2.24
20399,2.0,0.0,-2.0
20400,2.04,0.0,-2.04
20401,1.84,0.0,-1.84
20402,2.1,0.0,-2.1
20403,1.86,0.0,-1.86
20404,2.36,0.0,-2.36
20405,2.05,0.0,-2.05
20406,2.07,0.0,-2.07
20407,2.52,0.0,-2.52
20408,2.24,0.0,-2.24
20409,2.36,0.0,-2.36
20410,1.88,0.0,-1.88
20411,2.6,0.0,-2.6
20412,2.43,0.0,-2.43
20413,1.79,0.0,-1.79
20414,1.92,0.0,-1.92
20415,2.42,0.0,-2.42
20416,1.82,0.0,-1.82
20417,2.15,0.0,-2.15
20418,1.97,0.0,-1.97
20419,2.48,0.0,-2.48
20420,2.47,0.0,-2.47
20421,1.77,0.0,-1.77
20422,1.95,0.0,-1.95
20423,2.34,0.0,-2.34
20424,1.86,0.0,-1.86
20425,2.13,0.0,-2.13
20426,1.79,0.0,-1.79
20427,1.97,0.0,-1.97
20428,1.85,0.0,-1.85
20429,1.93,0.0,-1.93
20430,1.87,0.0,-1.87
20431,1.72,0.0,-1.72
20432,1.94,0.0,-1.94
20433,1.83,0.0,-1.83
20434,1.74,0.0,-1.74
20435,2.0,0.0,-2.0
20436,1.71,0.0,-1.71
20437,2.06,0.0,-2.06
20438,1.65,0.0,-1.65
20439,1.78,0.0,-1.78
20440,1.79,0.0,-1.79
20441,2.23,0.0,-2.23
20442,1.98,0.0,-1.98
20443,2.14,0.0,-2.14
20444,1.84,0.0,-1.84
20445,1.88,0.0,-1.88
20446,2.17,0.0,-2.17
20447,1.94,0.0,-1.94
20448,2.01,0.0,-2.01
20449,1.89,0.0,-1.89
20450,2.39,0.0,-2.39
20451,2.0,0.0,-2.0
20452,2.08,0.0,-2.08
20453,1.96,0.0,-1.96
20454,2.3,0.0,-2.3
20455,2.17,0.0,-2.17
20456,1.82,0.0,-1.82
20457,1.84,0.0,-1.84
20458,2.24,0.0,-2.24
20459,1.56,0.0,-1.56
20460,2.29,0.0,-2.29
20461,2.07,0.0,-2.07
20462,2.4,0.0,-2.4
20463,1.81,0.0,-1.81
20464,1.68,0.0,-1.68
20465,1.75,0.0,-1.75
20466,2.07,0.0,-2.07
20467,2.29,0.0,-2.29
20468,2.11,0.0,-2.11
20469,2.11,0.0,-2.11
20470,2.2,0.0,-2.2
20471,2.08,0.0,-2.08
20472,1.89,0.0,-1.89
20473,1.85,0.0,-1.85
20474,2.11,0.0,-2.11
20475,2.19,0.0,-2.19
20476,2.03,0.0,-2.03
20477,1.93,0.0,-1.93
20478,2.33,0.0,-2.33
20479,1.98,0.0,-1.98
20480,1.99,0.0,-1.99
20481,2.28,0.0,-2.28
20482,1.42,0.0,-1.42
20483,2.18,0.0,-2.18
20484,1.96,0.0,-1.96
20485,2.19,0.0,-2.19
20486,2.27,0.0,-2.27
20487,1.71,0.0,-1.71
20488,2.5,0.0,-2.5
20489,2.08,0.0,-2.08
20490,2.1,0.0,-2.1
20491,2.43,0.0,-2.43
20492,2.07,0.0,-2.07
20493,1.88,0.0,-1.88
20494,1.84,0.0,-1.84
20495,1.95,0.0,-1.95
20496,2.35,0.0,-2.35
20497,2.2,0.0,-2.2
20498,2.37,0.0,-2.37
20499,2.45,0.0,-2.45
20500,2.3,0.0,-2.3
20501,2.02,0.0,-2.02
20502,2.58,0.0,-2.58
20503,6.55,0.0,-6.55
20504,3.16,0.0,-3.16
20505,2.27,0.0,-2.27
20506,1.97,0.0,-1.97
20507,2.16,0.0,-2.16
20508,2.67,0.0,-2.67
20509,3.26,0.0,-3.26
20510,2.69,0.0,-2.69
20511,2.17,0.0,-2.17
20512,2.57,0.0,-2.57
20513,3.01,0.0,-3.01
20514,3.13,0.0,-3.13
20515,3.39,0.0,-3.39
20516,2.91,0.0,-2.91
20517,2.23,0.0,-2.23
20518,2.21,0.0,-2.21
20519,2.47,0.0,-2.47
20520,2.84,0.0,-2.84
20521,3.24,0.0,-3.24
20522,2.57,0.0,-2.57
20523,2.17,0.0,-2.17
20524,2.56,0.0,-2.56
20525,2.86,0.0,-2.86
20526,2.49,0.0,-2.49
20527,2.77,0.0,-2.77
20528,2.61,0.0,-2.61
20529,2.35,0.0,-2.35
20530,2.49,0.0,-2.49
20531,2.31,0.0,-2.31
20532,3.06,0.0,-3.06
20533,2.3,0.0,-2.3
20534,2.35,0.0,-2.35
20535,2.38,0.0,-2.38
20536,2.91,0.0,-2.91
20537,3.18,0.0,-3.18
20538,2.9,0.0,-2.9
20539,2.99,0.0,-2.99
20540,2.84,0.0,-2.84
20541,3.04,0.0,-3.04
20542,3.02,0.0,-3.02
20543,2.1,0.0,-2.1
20544,3.06,0.0,-3.06
20545,2.43,0.0,-2.43
20546,1.55,0.0,-1.55
20547,2.55,0.0,-2.55
20548,2.31,0.0,-2.31
20549,1.9,0.0,-1.9
20550,2.73,0.0,-2.73
20551,2.38,0.0,-2.38
20552,1.46,0.0,-1.46
20553,2.19,0.0,-2.19
20554,1.87,0.0,-1.87
20555,2.31,0.0,-2.31
20556,2.07,0.0,-2.07
20557,1.88,0.0,-1.88
20558,2.08,0.0,-2.08
20559,1.86,0.0,-1.86
20560,1.2,0.0,-1.2
20561,2.26,0.0,-2.26
20562,2.91,0.0,-2.91
20563,2.55,0.0,-2.55
20564,2.16,0.0,-2.16
20565,1.98,0.0,-1.98
20566,1.96,0.0,-1.96
20567,1.97,0.0,-1.97
20568,2.68,0.0,-2.68
20569,2.4,0.0,-2.4
20570,2.07,0.0,-2.07
20571,2.73,0.0,-2.73
20572,2.36,0.0,-2.36
20573,2.65,0.0,-2.65
20574,2.39,0.0,-2.39
20575,1.83,0.0,-1.83
20576,2.08,0.0,-2.08
20577,2.34,0.0,-2.34
20578,2.16,0.0,-2.16
20579,2.13,0.0,-2.13
20580,2.88,0.0,-2.88
20581,2.63,0.0,-2.63
20582,2.31,0.0,-2.31
20583,2.29,0.0,-2.29
20584,2.86,0.0,-2.86
20585,2.13,0.0,-2.13
20586,2.56,0.0,-2.56
20587,2.07,0.0,-2.07
20588,2.36,0.0,-2.36
20589,2.29,0.0,-2.29
20590,2.57,0.0,-2.57
20591,2.35,0.0,-2.35
20592,1.98,0.0,-1.98
20593,1.9,0.0,-1.9
20594,2.44,0.0,-2.44
20595,2.65,0.0,-2.65
20596,2.46,0.0,-2.46
20597,2.24,0.0,-2.24
20598,2.75,0.0,-2.75
20599,2.23,0.0,-2.23
20600,2.72,0.0,-2.72
20601,2.32,0.0,-2.32
20602,3.13,0.0,-3.13
20603,2.79,0.0,-2.79
20604,1.9,0.0,-1.9
20605,2.38,0.0,-2.38
20606,2.74,0.0,-2.74
20607,2.2,0.0,-2.2
20608,2.2,0.0,-2.2
20609,2.14,0.0,-2.14
20610,2.61,0.0,-2.61
20611,2.51,0.0,-2.51
20612,2.78,0.0,-2.78
20613,2.45,0.0,-2.45
20614,3.08,0.0,-3.08
20615,2.29,0.0,-2.29
20616,2.47,0.0,-2.47
20617,2.76,0.0,-2.76
20618,2.17,0.0,-2.17
20619,2.42,0.0,-2.42
20620,2.45,0.0,-2.45
20621,2.47,0.0,-2.47
20622,2.85,0.0,-2.85
20623,2.4,0.0,-2.4
20624,2.42,0.0,-2.42
20625,2.44,0.0,-2.44
20626,2.78,0.0,-2.78
20627,2.32,0.0,-2.32
20628,2.61,0.0,-2.61
20629,2.38,0.0,-2.38
20630,2.45,0.0,-2.45
20631,2.45,0.0,-2.45
20632,2.21,0.0,-2.21
20633,2.67,0.0,-2.67
20634,2.57,0.0,-2.57
20635,2.48,0.0,-2.48
20636,2.21,0.0,-2.21
20637,2.19,0.0,-2.19
20638,1.91,0.0,-1.91
20639,2.19,0.0,-2.19
20640,2.29,0.0,-2.29
20641,2.1,0.0,-2.1
20642,2.35,0.0,-2.35
20643,1.96,0.0,-1.96
20644,2.3,0.0,-2.3
20645,2.29,0.0,-2.29
20646,1.81,0.0,-1.81
20647,1.73,0.0,-1.73
20648,2.16,0.0,-2.16
20649,2.32,0.0,-2.32
20650,2.03,0.0,-2.03
20651,2.03,0.0,-2.03
20652,1.95,0.0,-1.95
20653,1.92,0.0,-1.92
20654,1.82,0.0,-1.82
20655,1.78,0.0,-1.78
20656,2.02,0.0,-2.02
20657,2.19,0.0,-2.19
20658,2.06,0.0,-2.06
20659,2.47,0.0,-2.47
20660,0.93,0.0,-0.93
20661,2.17,0.0,-2.17
20662,1.86,0.0,-1.86
20663,1.95,0.0,-1.95
20664,1.48,0.0,-1.48
20665,2.27,0.0,-2.27
20666,1.98,0.0,-1.98
20667,2.42,0.0,-2.42
20668,1.74,0.0,-1.74
20669,2.2,0.0,-2.2
20670,2.26,0.0,-2.26
20671,1.77,0.0,-1.77
20672,2.32,0.0,-2.32
20673,2.18,0.0,-2.18
20674,2.05,0.0,-2.05
20675,2.1,0.0,-2.1
20676,1.8,0.0,-1.8
20677,1.86,0.0,-1.86
20678,2.25,0.0,-2.25
20679,2.19,0.0,-2.19
20680,2.64,0.0,-2.64
20681,1.83,0.0,-1.83
20682,2.85,0.0,-2.85
20683,2.36,0.0,-2.36
20684,2.63,0.0,-2.63
20685,1.95,0.0,-1.95
20686,2.31,0.0,-2.31
20687,2.28,0.0,-2.28
20688,2.31,0.0,-2.31
20689,2.11,0.0,-2.11
20690,2.51,0.0,-2.51
20691,2.18,0.0,-2.18
20692,2.56,0.0,-2.56
20693,2.54,0.0,-2.54
20694,2.73,0.0,-2.73
20695,2.4,0.0,-2.4
20696,2.55,0.0,-2.55
20697,2.22,0.0,-2.22
20698,2.42,0.0,-2.42
20699,2.7,0.0,-2.7
20700,2.54,0.0,-2.54
20701,2.08,0.0,-2.08
20702,3.08,0.0,-3.08
20703,2.45,0.0,-2.45
20704,1.98,0.0,-1.98
20705,2.11,0.0,-2.11
20706,2.15,0.0,-2.15
20707,2.19,0.0,-2.19
20708,2.41,0.0,-2.41
20709,2.35,0.0,-2.35
20710,2.36,0.0,-2.36
20711,1.95,0.0,-1.95
20712,2.01,0.0,-2.01
20713,2.16,0.0,-2.16
20714,2.76,0.0,-2.76
20715,2.06,0.0,-2.06
20716,2.71,0.0,-2.71
20717,2.23,0.0,-2.23
20718,1.99,0.0,-1.99
20719,2.29,0.0,-2.29
20720,2.11,0.0,-2.11
20721,2.2,0.0,-2.2
20722,2.09,0.0,-2.09
20723,2.42,0.0,-2.42
20724,2.2,0.0,-2.2
20725,2.14,0.0,-2.14
20726,2.66,0.0,-2.66
20727,2.42,0.0,-2.42
20728,2.83,0.0,-2.83
20729,2.56,0.0,-2.56
20730,2.19,0.0,-2.19
20731,2.12,0.0,-2.12
20732,2.31,0.0,-2.31
20733,2.51,0.0,-2.51
20734,2.15,0.0,-2.15
20735,2.39,0.0,-2.39
20736,2.07,0.0,-2.07
20737,2.18,0.0,-2.18
20738,2.23,0.0,-2.23
20739,2.72,0.0,-2.72
20740,2.59,0.0,-2.59
20741,3.31,0.0,-3.31
20742,2.25,0.0,-2.25
20743,2.35,0.0,-2.35
20744,2.35,0.0,-2.35
20745,2.53,0.0,-2.53
20746,2.02,0.0,-2.02
20747,2.58,0.0,-2.58
20748,2.29,0.0,-2.29
20749,2.26,0.0,-2.26
20750,2.7,0.0,-2.7
20751,2.26,0.0,-2.26
20752,2.37,0.0,-2.37
20753,2.93,0.0,-2.93
20754,2.57,0.0,-2.57
20755,2.58,0.0,-2.58
20756,2.31,0.0,-2.31
20757,2.5,0.0,-2.5
20758,2.13,0.0,-2.13
20759,2.1,0.0,-2.1
20760,1.93,0.0,-1.93
20761,2.05,0.0,-2.05
20762,2.29,0.0,-2.29
20763,1.94,0.0,-1.94
20764,1.95,0.0,-1.95
20765,2.01,0.0,-2.01
20766,2.38,0.0,-2.38
20767,2.08,0.0,-2.08
20768,1.27,0.0,-1.27
20769,1.79,0.0,-1.79
20770,3.03,0.0,-3.03
20771,2.11,0.0,-2.11
20772,1.48,0.0,-1.48
20773,2.71,0.0,-2.71
20774,1.89,0.0,-1.89
20775,1.39,0.0,-1.39
20776,2.07,0.0,-2.07
20777,2.59,0.0,-2.59
20778,2.67,0.0,-2.67
20779,3.49,0.0,-3.49
20780,2.94,0.0,-2.94
20781,2.11,0.0,-2.11
20782,2.84,0.0,-2.84
20783,2.6,0.0,-2.6
20784,2.71,0.0,-2.71
20785,3.23,0.0,-3.23
20786,3.44,0.0,-3.44
20787,3.85,0.0,-3.85
20788,2.88,0.0,-2.88
20789,3.33,0.0,-3.33
20790,3.31,0.0,-3.31
20791,3.94,0.0,-3.94
20792,4.02,0.0,-4.02
20793,3.65,0.0,-3.65
20794,3.76,0.0,-3.76
20795,3.23,0.0,-3.23
20796,3.22,0.0,-3.22
20797,3.46,0.0,-3.46
20798,3.33,0.0,-3.33
20799,3.18,0.0,-3.18
20800,3.39,0.0,-3.39
20801,3.78,0.0,-3.78
20802,2.59,0.0,-2.59
20803,2.75,0.0,-2.75
20804,2.8,0.0,-2.8
20805,3.7,0.0,-3.7
20806,2.59,0.0,-2.59
20807,2.45,0.0,-2.45
20808,2.26,0.0,-2.26
20809,2.28,0.0,-2.28
20810,2.31,0.0,-2.31
20811,1.88,0.0,-1.88
20812,2.44,0.0,-2.44
20813,2.13,0.0,-2.13
20814,2.08,0.0,-2.08
20815,2.4,0.0,-2.4
20816,2.29,0.0,-2.29
20817,2.26,0.0,-2.26
20818,2.2,0.0,-2.2
20819,2.16,0.0,-2.16
20820,2.35,0.0,-2.35
20821,2.26,0.0,-2.26
20822,2.23,0.0,-2.23
20823,2.37,0.0,-2.37
20824,2.74,0.0,-2.74
20825,2.68,0.0,-2.68
20826,1.85,0.0,-1.85
20827,3.27,0.0,-3.27
20828,2.09,0.0,-2.09
20829,2.16,0.0,-2.16
20830,1.42,0.0,-1.42
20831,1.91,0.0,-1.91
20832,2.32,0.0,-2.32
20833,2.76,0.0,-2.76
20834,2.92,0.0,-2.92
20835,2.17,0.0,-2.17
20836,2.03,0.0,-2.03
20837,1.61,0.0,-1.61
20838,1.76,0.0,-1.76
20839,2.05,0.0,-2.05
20840,2.59,0.0,-2.59
20841,2.5,0.0,-2.5
20842,2.36,0.0,-2.36
20843,2.26,0.0,-2.26
20844,2.05,0.0,-2.05
20845,2.16,0.0,-2.16
20846,1.8,0.0,-1.8
20847,1.81,0.0,-1.81
20848,1.8,0.0,-1.8
20849,2.03,0.0,-2.03
20850,1.79,0.0,-1.79
20851,2.02,0.0,-2.02
20852,1.81,0.0,-1.81
20853,1.8,0.0,-1.8
20854,1.76,0.0,-1.76
20855,2.27,0.0,-2.27
20856,1.73,0.0,-1.73
20857,2.01,0.0,-2.01
20858,2.13,0.0,-2.13
20859,1.93,0.0,-1.93
20860,2.0,0.0,-2.0
20861,1.92,0.0,-1.92
20862,1.97,0.0,-1.97
20863,1.9,0.0,-1.9
20864,1.63,0.0,-1.63
20865,2.08,0.0,-2.08
20866,1.79,0.0,-1.79
20867,1.7,0.0,-1.7
20868,1.91,0.0,-1.91
20869,1.82,0.0,-1.82
20870,1.82,0.0,-1.82
20871,1.82,0.0,-1.82
20872,1.98,0.0,-1.98
20873,2.25,0.0,-2.25
20874,2.02,0.0,-2.02
20875,1.91,0.0,-1.91
20876,1.71,0.0,-1.71
20877,1.28,0.0,-1.28
20878,1.86,0.0,-1.86
20879,1.66,0.0,-1.66
20880,2.2,0.0,-2.2
20881,2.3,0.0,-2.3
20882,1.92,0.0,-1.92
20883,2.21,0.0,-2.21
20884,2.02,0.0,-2.02
20885,2.15,0.0,-2.15
20886,2.16,0.0,-2.16
20887,2.65,0.0,-2.65
20888,2.09,0.0,-2.09
20889,1.84,0.0,-1.84
20890,2.02,0.0,-2.02
20891,1.86,0.0,-1.86
20892,1.46,0.0,-1.46
20893,1.65,0.0,-1.65
20894,1.8,0.0,-1.8
20895,1.97,0.0,-1.97
20896,1.5,0.0,-1.5
20897,1.85,0.0,-1.85
20898,2.26,0.0,-2.26
20899,1.73,0.0,-1.73
20900,1.97,0.0,-1.97
20901,1.8,0.0,-1.8
20902,1.47,0.0,-1.47
20903,1.89,0.0,-1.89
20904,1.49,0.0,-1.49
20905,1.61,0.0,-1.61
20906,1.6,0.0,-1.6
20907,1.91,0.0,-1.91
20908,1.88,0.0,-1.88
20909,1.9,0.0,-1.9
20910,1.94,0.0,-1.94
20911,2.18,0.0,-2.18
20912,2.14,0.0,-2.14
20913,1.4,0.0,-1.4
20914,1.78,0.0,-1.78
20915,1.89,0.0,-1.89
20916,2.23,0.0,-2.23
20917,1.96,0.0,-1.96
20918,2.12,0.0,-2.12
20919,1.54,0.0,-1.54
20920,1.92,0.0,-1.92
20921,1.32,0.0,-1.32
20922,1.98,0.0,-1.98
20923,2.22,0.0,-2.22
20924,2.39,0.0,-2.39
20925,2.36,0.0,-2.36
20926,2.18,0.0,-2.18
20927,2.11,0.0,-2.11
20928,2.33,0.0,-2.33
20929,1.87,0.0,-1.87
20930,2.47,0.0,-2.47
20931,2.59,0.0,-2.59
20932,2.3,0.0,-2.3
20933,2.88,0.0,-2.88
20934,2.94,0.0,-2.94
20935,2.92,0.0,-2.92
20936,3.04,0.0,-3.04
20937,2.88,0.0,-2.88
20938,2.74,0.0,-2.74
20939,3.04,0.0,-3.04
20940,2.72,0.0,-2.72
20941,3.2,0.0,-3.2
20942,2.89,0.0,-2.89
20943,3.35,0.0,-3.35
20944,2.0,0.0,-2.0
20945,2.61,0.0,-2.61
20946,3.0,0.0,-3.0
20947,3.02,0.0,-3.02
20948,2.58,0.0,-2.58
20949,2.59,0.0,-2.59
20950,2.93,0.0,-2.93
20951,2.4,0.0,-2.4
20952,2.56,0.0,-2.56
20953,2.01,0.0,-2.01
20954,2.59,0.0,-2.59
20955,2.49,0.0,-2.49
20956,2.3,0.0,-2.3
20957,2.78,0.0,-2.78
20958,2.84,0.0,-2.84
20959,2.65,0.0,-2.65
20960,2.11,0.0,-2.11
20961,2.75,0.0,-2.75
20962,2.25,0.0,-2.25
20963,2.41,0.0,-2.41
20964,2.58,0.0,-2.58
20965,2.24,0.0,-2.24
20966,2.79,0.0,-2.79
20967,2.44,0.0,-2.44
20968,2.49,0.0,-2.49
20969,2.6,0.0,-2.6
20970,2.21,0.0,-2.21
20971,2.18,0.0,-2.18
20972,2.53,0.0,-2.53
20973,1.81,0.0,-1.81
20974,2.09,0.0,-2.09
20975,2.32,0.0,-2.32
20976,2.29,0.0,-2.29
20977,2.14,0.0,-2.14
20978,2.69,0.0,-2.69
20979,2.43,0.0,-2.43
20980,2.38,0.0,-2.38
20981,2.43,0.0,-2.43
20982,2.09,0.0,-2.09
20983,2.25,0.0,-2.25
20984,2.06,0.0,-2.06
20985,2.02,0.0,-2.02
20986,3.24,0.0,-3.24
20987,2.01,0.0,-2.01
20988,1.95,0.0,-1.95
20989,1.71,0.0,-1.71
20990,3.02,0.0,-3.02
20991,2.08,0.0,-2.08
20992,1.84,0.0,-1.84
20993,1.83,0.0,-1.83
20994,1.85,0.0,-1.85
20995,1.69,0.0,-1.69
20996,1.89,0.0,-1.89
20997,1.79,0.0,-1.79
20998,1.91,0.0,-1.91
20999,1.95,0.0,-1.95
21000,1.74,0.0,-1.74
21001,1.9,0.0,-1.9
21002,1.9,0.0,-1.9
21003,1.81,0.0,-1.81
21004,1.79,0.0,-1.79
21005,1.81,0.0,-1.81
21006,1.78,0.0,-1.78
21007,1.73,0.0,-1.73
21008,1.95,0.0,-1.95
21009,1.86,0.0,-1.86
21010,2.2,0.0,-2.2
21011,1.87,0.0,-1.87
21012,1.83,0.0,-1.83
21013,1.97,0.0,-1.97
21014,1.93,0.0,-1.93
21015,2.47,0.0,-2.47
21016,1.7,0.0,-1.7
21017,2.09,0.0,-2.09
21018,2.4,0.0,-2.4
21019,2.36,0.0,-2.36
21020,2.34,0.0,-2.34
21021,2.34,0.0,-2.34
21022,2.05,0.0,-2.05
21023,2.57,0.0,-2.57
21024,2.32,0.0,-2.32
21025,2.28,0.0,-2.28
21026,2.42,0.0,-2.42
21027,2.21,0.0,-2.21
21028,2.24,0.0,-2.24
21029,1.92,0.0,-1.92
21030,2.74,0.0,-2.74
21031,2.04,0.0,-2.04
21032,2.38,0.0,-2.38
21033,2.26,0.0,-2.26
21034,2.23,0.0,-2.23
21035,2.05,0.0,-2.05
21036,1.99,0.0,-1.99
21037,2.19,0.0,-2.19
21038,2.03,0.0,-2.03
21039,2.16,0.0,-2.16
21040,2.11,0.0,-2.11
21041,2.47,0.0,-2.47
21042,2.17,0.0,-2.17
21043,2.67,0.0,-2.67
21044,2.22,0.0,-2.22
21045,2.4,0.0,-2.4
21046,2.35,0.0,-2.35
21047,2.39,0.0,-2.39
21048,1.99,0.0,-1.99
21049,2.24,0.0,-2.24
21050,2.54,0.0,-2.54
21051,2.09,0.0,-2.09
21052,2.15,0.0,-2.15
21053,2.15,0.0,-2.15
21054,2.11,0.0,-2.11
21055,2.03,0.0,-2.03
21056,2.21,0.0,-2.21
21057,2.08,0.0,-2.08
21058,2.11,0.0,-2.11
21059,2.04,0.0,-2.04
21060,2.14,0.0,-2.14
21061,2.14,0.0,-2.14
21062,2.15,0.0,-2.15
21063,2.17,0.0,-2.17
21064,2.19,0.0,-2.19
21065,2.28,0.0,-2.28
21066,2.1,0.0,-2.1
21067,2.0,0.0,-2.0
21068,2.12,0.0,-2.12
21069,2.27,0.0,-2.27
21070,2.29,0.0,-2.29
21071,2.14,0.0,-2.14
21072,2.06,0.0,-2.06
21073,2.23,0.0,-2.23
21074,2.29,0.0,-2.29
21075,2.15,0.0,-2.15
21076,2.67,0.0,-2.67
21077,2.28,0.0,-2.28
21078,2.48,0.0,-2.48
21079,2.31,0.0,-2.31
21080,2.11,0.0,-2.11
21081,1.81,0.0,-1.81
21082,1.85,0.0,-1.85
21083,1.83,0.0,-1.83
21084,1.82,0.0,-1.82
21085,1.96,0.0,-1.96
21086,2.05,0.0,-2.05
21087,1.57,0.0,-1.57
21088,1.71,0.0,-1.71
21089,1.82,0.0,-1.82
21090,1.65,0.0,-1.65
21091,1.78,0.0,-1.78
21092,1.61,0.0,-1.61
21093,1.87,0.0,-1.87
21094,1.8,0.0,-1.8
21095,1.64,0.0,-1.64
21096,1.76,0.0,-1.76
21097,1.77,0.0,-1.77
21098,1.75,0.0,-1.75
21099,1.65,0.0,-1.65
21100,1.66,0.0,-1.66
21101,1.97,0.0,-1.97
21102,1.7,0.0,-1.7
21103,1.75,0.0,-1.75
21104,1.94,0.0,-1.94
21105,2.06,0.0,-2.06
21106,1.82,0.0,-1.82
21107,2.34,0.0,-2.34
21108,2.25,0.0,-2.25
21109,2.04,0.0,-2.04
21110,2.59,0.0,-2.59
21111,2.25,0.0,-2.25
21112,2.66,0.0,-2.66
21113,2.16,0.0,-2.16
21114,1.95,0.0,-1.95
21115,2.69,0.0,-2.69
21116,2.32,0.0,-2.32
21117,2.14,0.0,-2.14
21118,2.46,0.0,-2.46
21119,2.3,0.0,-2.3
21120,2.62,0.0,-2.62
21121,2.73,0.0,-2.73
21122,2.5,0.0,-2.5
21123,2.15,0.0,-2.15
21124,2.2,0.0,-2.2
21125,2.44,0.0,-2.44
21126,2.26,0.0,-2.26
21127,2.04,0.0,-2.04
21128,2.39,0.0,-2.39
21129,2.62,0.0,-2.62
21130,2.44,0.0,-2.44
21131,2.71,0.0,-2.71
21132,2.76,0.0,-2.76
21133,2.45,0.0,-2.45
21134,2.11,0.0,-2.11
21135,2.37,0.0,-2.37
21136,2.66,0.0,-2.66
21137,3.06,0.0,-3.06
21138,2.59,0.0,-2.59
21139,2.41,0.0,-2.41
21140,2.14,0.0,-2.14
21141,2.63,0.0,-2.63
21142,2.1,0.0,-2.1
21143,2.59,0.0,-2.59
21144,2.45,0.0,-2.45
21145,2.35,0.0,-2.35
21146,2.14,0.0,-2.14
21147,2.45,0.0,-2.45
21148,2.33,0.0,-2.33
21149,2.73,0.0,-2.73
21150,2.48,0.0,-2.48
21151,2.37,0.0,-2.37
21152,2.75,0.0,-2.75
21153,2.36,0.0,-2.36
21154,2.32,0.0,-2.32
21155,2.86,0.0,-2.86
21156,2.5,0.0,-2.5
21157,2.52,0.0,-2.52
21158,2.32,0.0,-2.32
21159,2.86,0.0,-2.86
21160,2.7,0.0,-2.7
21161,2.31,0.0,-2.31
21162,2.71,0.0,-2.71
21163,2.43,0.0,-2.43
21164,2.13,0.0,-2.13
21165,2.46,0.0,-2.46
21166,2.26,0.0,-2.26
21167,2.38,0.0,-2.38
21168,2.34,0.0,-2.34
21169,2.49,0.0,-2.49
21170,2.49,0.0,-2.49
21171,2.39,0.0,-2.39
21172,2.27,0.0,-2.27
21173,2.38,0.0,-2.38
21174,2.65,0.0,-2.65
21175,2.31,0.0,-2.31
21176,2.38,0.0,-2.38
21177,1.96,0.0,-1.96
21178,2.03,0.0,-2.03
21179,1.89,0.0,-1.89
21180,1.83,0.0,-1.83
21181,2.0,0.0,-2.0
21182,1.76,0.0,-1.76
21183,2.1,0.0,-2.1
21184,1.89,0.0,-1.89
21185,1.7,0.0,-1.7
21186,2.06,0.0,-2.06
21187,2.04,0.0,-2.04
21188,1.89,0.0,-1.89
21189,1.91,0.0,-1.91
21190,1.73,0.0,-1.73
21191,1.62,0.0,-1.62
21192,1.6,0.0,-1.6
21193,1.72,0.0,-1.72
21194,1.72,0.0,-1.72
21195,1.97,0.0,-1.97
21196,1.88,0.0,-1.88
21197,1.99,0.0,-1.99
21198,1.97,0.0,-1.97
21199,1.75,0.0,-1.75
21200,2.06,0.0,-2.06
21201,2.14,0.0,-2.14
21202,1.99,0.0,-1.99
21203,2.17,0.0,-2.17
21204,2.21,0.0,-2.21
21205,2.27,0.0,-2.27
21206,2.24,0.0,-2.24
21207,2.37,0.0,-2.37
21208,2.25,0.0,-2.25
21209,2.62,0.0,-2.62
21210,2.45,0.0,-2.45
21211,2.3,0.0,-2.3
21212,2.38,0.0,-2.38
21213,2.46,0.0,-2.46
21214,2.43,0.0,-2.43
21215,2.34,0.0,-2.34
21216,2.24,0.0,-2.24
21217,2.32,0.0,-2.32
21218,2.55,0.0,-2.55
21219,2.19,0.0,-2.19
21220,2.12,0.0,-2.12
21221,1.96,0.0,-1.96
21222,2.33,0.0,-2.33
21223,2.33,0.0,-2.33
21224,2.52,0.0,-2.52
21225,1.96,0.0,-1.96
21226,2.9,0.0,-2.9
21227,2.08,0.0,-2.08
21228,2.33,0.0,-2.33
21229,2.43,0.0,-2.43
21230,2.31,0.0,-2.31
21231,2.24,0.0,-2.24
21232,2.19,0.0,-2.19
21233,2.52,0.0,-2.52
21234,2.03,0.0,-2.03
21235,2.4,0.0,-2.4
21236,2.61,0.0,-2.61
21237,2.12,0.0,-2.12
21238,1.73,0.0,-1.73
21239,2.63,0.0,-2.63
21240,2.88,0.0,-2.88
21241,2.07,0.0,-2.07
21242,2.3,0.0,-2.3
21243,1.92,0.0,-1.92
21244,2.21,0.0,-2.21
21245,2.28,0.0,-2.28
21246,2.62,0.0,-2.62
21247,2.49,0.0,-2.49
21248,2.84,0.0,-2.84
21249,2.45,0.0,-2.45
21250,3.02,0.0,-3.02
21251,2.48,0.0,-2.48
21252,2.41,0.0,-2.41
21253,1.94,0.0,-1.94
21254,2.49,0.0,-2.49
21255,3.57,0.0,-3.57
21256,2.18,0.0,-2.18
21257,3.29,0.0,-3.29
21258,2.38,0.0,-2.38
21259,2.28,0.0,-2.28
21260,2.3,0.0,-2.3
21261,2.77,0.0,-2.77
21262,2.17,0.0,-2.17
21263,1.93,0.0,-1.93
21264,1.89,0.0,-1.89
21265,2.35,0.0,-2.35
21266,2.6,0.0,-2.6
21267,2.12,0.0,-2.12
21268,2.47,0.0,-2.47
21269,2.31,0.0,-2.31
21270,2.12,0.0,-2.12
21271,2.54,0.0,-2.54
21272,2.76,0.0,-2.76
21273,2.83,0.0,-2.83
21274,2.25,0.0,-2.25
21275,2.13,0.0,-2.13
21276,1.99,0.0,-1.99
21277,2.11,0.0,-2.11
21278,2.23,0.0,-2.23
21279,2.01,0.0,-2.01
21280,2.17,0.0,-2.17
21281,2.05,0.0,-2.05
21282,2.11,0.0,-2.11
21283,2.19,0.0,-2.19
21284,2.12,0.0,-2.12
21285,2.03,0.0,-2.03
21286,1.98,0.0,-1.98
21287,2.07,0.0,-2.07
21288,2.01,0.0,-2.01
21289,2.11,0.0,-2.11
21290,2.14,0.0,-2.14
21291,2.26,0.0,-2.26
21292,1.83,0.0,-1.83
21293,1.96,0.0,-1.96
21294,2.13,0.0,-2.13
21295,2.32,0.0,-2.32
21296,2.01,0.0,-2.01
21297,2.12,0.0,-2.12
21298,2.21,0.0,-2.21
21299,2.05,0.0,-2.05
21300,1.92,0.0,-1.92
21301,2.16,0.0,-2.16
21302,1.96,0.0,-1.96
21303,1.88,0.0,-1.88
21304,2.09,0.0,-2.09
21305,1.89,0.0,-1.89
21306,1.94,0.0,-1.94
21307,1.99,0.0,-1.99
21308,1.87,0.0,-1.87
21309,1.88,0.0,-1.88
21310,1.85,0.0,-1.85
21311,1.86,0.0,-1.86
21312,2.22,0.0,-2.22
21313,1.88,0.0,-1.88
21314,1.95,0.0,-1.95
21315,2.06,0.0,-2.06
21316,1.92,0.0,-1.92
21317,1.86,0.0,-1.86
21318,1.76,0.0,-1.76
21319,1.8,0.0,-1.8
21320,1.77,0.0,-1.77
21321,1.86,0.0,-1.86
21322,1.65,0.0,-1.65
21323,1.76,0.0,-1.76
21324,2.02,0.0,-2.02
21325,1.83,0.0,-1.83
21326,1.76,0.0,-1.76
21327,1.82,0.0,-1.82
21328,1.84,0.0,-1.84
21329,1.9,0.0,-1.9
21330,1.76,0.0,-1.76
21331,1.89,0.0,-1.89
21332,1.83,0.0,-1.83
21333,1.9,0.0,-1.9
21334,1.86,0.0,-1.86
21335,1.97,0.0,-1.97
21336,2.02,0.0,-2.02
21337,1.91,0.0,-1.91
21338,2.0,0.0,-2.0
21339,2.08,0.0,-2.08
21340,1.98,0.0,-1.98
21341,2.04,0.0,-2.04
21342,1.81,0.0,-1.81
21343,2.21,0.0,-2.21
21344,2.22,0.0,-2.22
21345,1.79,0.0,-1.79
21346,1.76,0.0,-1.76
21347,2.24,0.0,-2.24
21348,2.0,0.0,-2.0
21349,1.78,0.0,-1.78
21350,2.09,0.0,-2.09
21351,2.25,0.0,-2.25
21352,2.42,0.0,-2.42
21353,2.44,0.0,-2.44
21354,1.94,0.0,-1.94
21355,2.14,0.0,-2.14
21356,1.99,0.0,-1.99
21357,2.23,0.0,-2.23
21358,2.17,0.0,-2.17
21359,1.93,0.0,-1.93
21360,3.02,0.0,-3.02
21361,2.16,0.0,-2.16
21362,2.22,0.0,-2.22
21363,2.2,0.0,-2.2
21364,2.24,0.0,-2.24
21365,2.46,0.0,-2.46
21366,2.43,0.0,-2.43
21367,2.32,0.0,-2.32
21368,1.95,0.0,-1.95
21369,2.51,0.0,-2.51
21370,2.1,0.0,-2.1
21371,2.18,0.0,-2.18
21372,1.88,0.0,-1.88
21373,2.02,0.0,-2.02
21374,1.9,0.0,-1.9
21375,1.9,0.0,-1.9
21376,1.95,0.0,-1.95
21377,2.06,0.0,-2.06
21378,1.75,0.0,-1.75
21379,1.66,0.0,-1.66
21380,2.01,0.0,-2.01
21381,1.84,0.0,-1.84
21382,1.99,0.0,-1.99
21383,1.74,0.0,-1.74
21384,1.99,0.0,-1.99
21385,2.08,0.0,-2.08
21386,2.1,0.0,-2.1
21387,2.05,0.0,-2.05
21388,1.87,0.0,-1.87
21389,1.71,0.0,-1.71
21390,1.9,0.0,-1.9
21391,1.97,0.0,-1.97
21392,2.08,0.0,-2.08
21393,1.83,0.0,-1.83
21394,2.27,0.0,-2.27
21395,2.23,0.0,-2.23
21396,2.07,0.0,-2.07
21397,1.97,0.0,-1.97
21398,2.06,0.0,-2.06
21399,2.26,0.0,-2.26
21400,2.38,0.0,-2.38
21401,1.89,0.0,-1.89
21402,2.08,0.0,-2.08
21403,2.34,0.0,-2.34
21404,2.04,0.0,-2.04
21405,2.07,0.0,-2.07
21406,2.39,0.0,-2.39
21407,2.34,0.0,-2.34
21408,2.58,0.0,-2.58
21409,2.43,0.0,-2.43
21410,2.06,0.0,-2.06
21411,1.95,0.0,-1.95
21412,1.55,0.0,-1.55
21413,1.91,0.0,-1.91
21414,2.05,0.0,-2.05
21415,1.94,0.0,-1.94
21416,1.35,0.0,-1.35
21417,2.07,0.0,-2.07
21418,2.09,0.0,-2.09
21419,1.95,0.0,-1.95
21420,2.85,0.0,-2.85
21421,1.94,0.0,-1.94
21422,2.3,0.0,-2.3
21423,1.96,0.0,-1.96
21424,2.72,0.0,-2.72
21425,1.61,0.0,-1.61
21426,1.78,0.0,-1.78
21427,1.82,0.0,-1.82
21428,2.03,0.0,-2.03
21429,2.07,0.0,-2.07
21430,2.08,0.0,-2.08
21431,1.58,0.0,-1.58
21432,2.06,0.0,-2.06
21433,2.04,0.0,-2.04
21434,2.3,0.0,-2.3
21435,1.84,0.0,-1.84
21436,2.28,0.0,-2.28
21437,1.92,0.0,-1.92
21438,2.06,0.0,-2.06
21439,2.1,0.0,-2.1
21440,2.11,0.0,-2.11
21441,2.06,0.0,-2.06
21442,2.1,0.0,-2.1
21443,2.12,0.0,-2.12
21444,2.2,0.0,-2.2
21445,2.69,0.0,-2.69
21446,2.12,0.0,-2.12
21447,1.95,0.0,-1.95
21448,2.2,0.0,-2.2
21449,2.25,0.0,-2.25
21450,1.8,0.0,-1.8
21451,2.26,0.0,-2.26
21452,2.08,0.0,-2.08
21453,1.95,0.0,-1.95
21454,2.14,0.0,-2.14
21455,1.87,0.0,-1.87
21456,1.98,0.0,-1.98
21457,1.92,0.0,-1.92
21458,2.23,0.0,-2.23
21459,2.19,0.0,-2.19
21460,2.69,0.0,-2.69
21461,2.15,0.0,-2.15
21462,2.14,0.0,-2.14
21463,2.0,0.0,-2.0
21464,1.99,0.0,-1.99
21465,2.22,0.0,-2.22
21466,2.0,0.0,-2.0
21467,2.04,0.0,-2.04
21468,1.9,0.0,-1.9
21469,1.87,0.0,-1.87
21470,1.8,0.0,-1.8
21471,1.99,0.0,-1.99
21472,2.44,0.0,-2.44
21473,2.02,0.0,-2.02
21474,2.42,0.0,-2.42
21475,1.95,0.0,-1.95
21476,1.84,0.0,-1.84
21477,1.77,0.0,-1.77
21478,1.55,0.0,-1.55
21479,1.63,0.0,-1.63
21480,1.89,0.0,-1.89
21481,2.14,0.0,-2.14
21482,1.6,0.0,-1.6
21483,2.11,0.0,-2.11
21484,1.63,0.0,-1.63
21485,1.73,0.0,-1.73
21486,1.54,0.0,-1.54
21487,1.54,0.0,-1.54
21488,1.74,0.0,-1.74
21489,2.05,0.0,-2.05
21490,1.63,0.0,-1.63
21491,1.86,0.0,-1.86
21492,2.14,0.0,-2.14
21493,2.59,0.0,-2.59
21494,2.42,0.0,-2.42
21495,1.8,0.0,-1.8
21496,1.82,0.0,-1.82
21497,2.45,0.0,-2.45
21498,2.46,0.0,-2.46
21499,2.42,0.0,-2.42
21500,1.8,0.0,-1.8
21501,1.9,0.0,-1.9
21502,2.16,0.0,-2.16
21503,2.24,0.0,-2.24
21504,1.54,0.0,-1.54
21505,1.97,0.0,-1.97
21506,1.96,0.0,-1.96
21507,1.9,0.0,-1.9
21508,2.29,0.0,-2.29
21509,2.13,0.0,-2.13
21510,1.98,0.0,-1.98
21511,1.49,0.0,-1.49
21512,1.99,0.0,-1.99
21513,1.29,0.0,-1.29
21514,2.65,0.0,-2.65
21515,1.85,0.0,-1.85
21516,2.07,0.0,-2.07
21517,3.46,0.0,-3.46
21518,1.38,0.0,-1.38
21519,1.44,0.0,-1.44
21520,2.23,0.0,-2.23
21521,2.15,0.0,-2.15
21522,1.9,0.0,-1.9
21523,2.13,0.0,-2.13
21524,2.3,0.0,-2.3
21525,2.17,0.0,-2.17
21526,2.08,0.0,-2.08
21527,2.38,0.0,-2.38
21528,2.21,0.0,-2.21
21529,2.14,0.0,-2.14
21530,2.14,0.0,-2.14
21531,1.59,0.0,-1.59
21532,1.58,0.0,-1.58
21533,1.4,0.0,-1.4
21534,1.52,0.0,-1.52
21535,2.08,0.0,-2.08
21536,2.09,0.0,-2.09
21537,2.13,0.0,-2.13
21538,2.27,0.0,-2.27
21539,2.26,0.0,-2.26
21540,2.03,0.0,-2.03
21541,2.2,0.0,-2.2
21542,1.81,0.0,-1.81
21543,1.7,0.0,-1.7
21544,1.85,0.0,-1.85
21545,1.6,0.0,-1.6
21546,1.69,0.0,-1.69
21547,3.33,0.0,-3.33
21548,1.55,0.0,-1.55
21549,1.34,0.0,-1.34
21550,1.86,0.0,-1.86
21551,1.94,0.0,-1.94
21552,2.1,0.0,-2.1
21553,2.31,0.0,-2.31
21554,2.87,0.0,-2.87
21555,2.07,0.0,-2.07
21556,3.52,0.0,-3.52
21557,2.28,0.0,-2.28
21558,1.93,0.0,-1.93
21559,1.75,0.0,-1.75
21560,2.5,0.0,-2.5
21561,1.72,0.0,-1.72
21562,2.11,0.0,-2.11
21563,1.92,0.0,-1.92
21564,1.68,0.0,-1.68
21565,1.87,0.0,-1.87
21566,2.04,0.0,-2.04
21567,1.8,0.0,-1.8
21568,1.79,0.0,-1.79
21569,1.78,0.0,-1.78
21570,2.22,0.0,-2.22
21571,1.82,0.0,-1.82
21572,1.72,0.0,-1.72
21573,1.84,0.0,-1.84
21574,1.84,0.0,-1.84
21575,1.94,0.0,-1.94
21576,1.85,0.0,-1.85
21577,1.9,0.0,-1.9
21578,1.83,0.0,-1.83
21579,1.65,0.0,-1.65
21580,2.17,0.0,-2.17
21581,1.73,0.0,-1.73
21582,1.73,0.0,-1.73
21583,1.71,0.0,-1.71
21584,2.15,0.0,-2.15
21585,1.92,0.0,-1.92
21586,2.14,0.0,-2.14
21587,2.14,0.0,-2.14
21588,2.13,0.0,-2.13
21589,2.32,0.0,-2.32
21590,2.41,0.0,-2.41
21591,2.45,0.0,-2.45
21592,2.27,0.0,-2.27
21593,2.22,0.0,-2.22
21594,2.52,0.0,-2.52
21595,2.23,0.0,-2.23
21596,2.18,0.0,-2.18
21597,2.2,0.0,-2.2
21598,2.18,0.0,-2.18
21599,2.59,0.0,-2.59
21600,2.53,0.0,-2.53
21601,1.92,0.0,-1.92
21602,2.06,0.0,-2.06
21603,2.25,0.0,-2.25
21604,2.11,0.0,-2.11
21605,1.84,0.0,-1.84
21606,1.92,0.0,-1.92
21607,1.79,0.0,-1.79
21608,1.97,0.0,-1.97
21609,2.39,0.0,-2.39
21610,1.84,0.0,-1.84
21611,1.77,0.0,-1.77
21612,1.85,0.0,-1.85
21613,2.21,0.0,-2.21
21614,2.01,0.0,-2.01
21615,2.32,0.0,-2.32
21616,2.21,0.0,-2.21
21617,1.72,0.0,-1.72
21618,2.22,0.0,-2.22
21619,1.96,0.0,-1.96
21620,1.82,0.0,-1.82
21621,2.25,0.0,-2.25
21622,1.75,0.0,-1.75
21623,1.3,0.0,-1.3
21624,1.99,0.0,-1.99
21625,2.01,0.0,-2.01
21626,2.35,0.0,-2.35
21627,2.2,0.0,-2.2
21628,2.11,0.0,-2.11
21629,2.05,0.0,-2.05
21630,2.07,0.0,-2.07
21631,2.06,0.0,-2.06
21632,2.02,0.0,-2.02
21633,2.21,0.0,-2.21
21634,2.04,0.0,-2.04
21635,2.08,0.0,-2.08
21636,1.87,0.0,-1.87
21637,1.95,0.0,-1.95
21638,2.19,0.0,-2.19
21639,2.2,0.0,-2.2
21640,1.95,0.0,-1.95
21641,2.43,0.0,-2.43
21642,2.08,0.0,-2.08
21643,2.22,0.0,-2.22
21644,1.98,0.0,-1.98
21645,2.25,0.0,-2.25
21646,1.91,0.0,-1.91
21647,2.1,0.0,-2.1
21648,2.1,0.0,-2.1
21649,2.14,0.0,-2.14
21650,2.27,0.0,-2.27
21651,1.98,0.0,-1.98
21652,1.91,0.0,-1.91
21653,1.96,0.0,-1.96
21654,1.93,0.0,-1.93
21655,1.97,0.0,-1.97
21656,1.82,0.0,-1.82
21657,2.05,0.0,-2.05
21658,1.63,0.0,-1.63
21659,2.06,0.0,-2.06
21660,1.68,0.0,-1.68
21661,1.64,0.0,-1.64
21662,1.83,0.0,-1.83
21663,1.69,0.0,-1.69
21664,1.99,0.0,-1.99
21665,1.8,0.0,-1.8
21666,2.03,0.0,-2.03
21667,1.97,0.0,-1.97
21668,2.09,0.0,-2.09
21669,2.04,0.0,-2.04
21670,2.03,0.0,-2.03
21671,1.8,0.0,-1.8
21672,1.96,0.0,-1.96
21673,1.93,0.0,-1.93
21674,2.18,0.0,-2.18
21675,1.86,0.0,-1.86
21676,2.01,0.0,-2.01
21677,2.0,0.0,-2.0
21678,1.71,0.0,-1.71
21679,2.06,0.0,-2.06
21680,1.98,0.0,-1.98
21681,1.94,0.0,-1.94
21682,2.04,0.0,-2.04
21683,1.91,0.0,-1.91
21684,2.08,0.0,-2.08
21685,2.41,0.0,-2.41
21686,2.38,0.0,-2.38
21687,2.29,0.0,-2.29
21688,2.06,0.0,-2.06
21689,2.33,0.0,-2.33
21690,2.17,0.0,-2.17
21691,1.81,0.0,-1.81
21692,2.09,0.0,-2.09
21693,2.18,0.0,-2.18
21694,2.56,0.0,-2.56
21695,2.52,0.0,-2.52
21696,1.75,0.0,-1.75
21697,2.36,0.0,-2.36
21698,2.46,0.0,-2.46
21699,2.58,0.0,-2.58
21700,2.87,0.0,-2.87
21701,2.66,0.0,-2.66
21702,2.37,0.0,-2.37
21703,2.23,0.0,-2.23
21704,2.28,0.0,-2.28
21705,2.29,0.0,-2.29
21706,2.11,0.0,-2.11
21707,2.94,0.0,-2.94
21708,2.34,0.0,-2.34
21709,2.42,0.0,-2.42
21710,2.48,0.0,-2.48
21711,2.47,0.0,-2.47
21712,2.59,0.0,-2.59
