sample_id,inference_ms,db_write_ms
0,1.13,4.62
1,0.72,0.21
2,0.73,0.21
3,0.73,0.21
4,0.72,0.21
5,0.84,0.29
6,0.8,0.21
7,0.8,0.23
8,0.8,0.22
9,0.75,0.21
10,0.82,0.26
11,0.71,0.21
12,0.73,0.21
13,0.73,0.21
14,0.75,0.21
15,0.76,0.21
16,0.74,0.21
17,0.78,0.21
18,0.75,0.21
19,0.74,0.21
20,0.74,0.21
21,0.77,0.22
22,0.76,0.21
23,0.84,0.21
24,0.78,0.22
25,0.78,0.21
26,0.78,0.22
27,0.79,0.21
28,0.8,0.22
29,0.79,0.21
30,0.86,0.22
31,0.85,0.21
32,0.8,0.22
33,0.8,0.22
34,0.8,0.26
35,0.79,0.22
36,0.8,0.22
37,0.83,0.22
38,0.8,0.22
39,0.8,0.22
40,0.85,0.22
41,0.83,0.22
42,0.8,0.22
43,0.76,0.21
44,0.78,0.21
45,0.8,0.21
46,0.83,0.21
47,0.84,0.21
48,0.81,0.22
49,0.81,0.21
50,0.84,0.22
51,0.79,0.22
52,0.76,0.21
53,0.76,0.21
54,0.79,0.21
55,0.82,0.22
56,0.76,0.22
57,0.77,0.21
58,0.77,0.21
59,0.84,0.22
60,0.8,0.22
61,0.8,0.22
62,0.75,0.21
63,0.75,0.22
64,0.75,0.23
65,0.75,0.21
66,0.75,0.22
67,0.7,0.23
68,0.69,0.2
69,0.72,0.22
70,0.74,0.21
71,0.67,0.2
72,0.72,0.2
73,0.74,0.25
74,0.74,0.21
75,0.76,0.21
76,0.82,0.21
77,0.77,0.22
78,0.79,0.22
79,0.76,0.21
80,0.77,0.22
81,0.78,0.21
82,0.76,0.21
83,0.77,0.21
84,0.83,0.22
85,0.82,0.21
86,0.78,0.21
87,0.8,0.21
88,0.77,0.21
89,0.78,0.21
90,0.87,0.21
91,0.78,0.21
92,0.76,0.21
93,0.77,0.21
94,0.77,0.21
95,0.78,0.21
96,0.77,0.21
97,0.77,0.21
98,0.77,0.21
99,0.78,0.21
100,0.79,0.21
101,0.8,0.22
102,0.83,0.21
103,0.79,0.21
104,0.84,0.21
105,0.8,0.22
106,0.78,0.22
107,0.79,0.21
108,0.79,0.23
109,0.77,0.22
110,0.79,0.22
111,0.82,0.22
112,0.79,0.21
113,0.8,0.21
114,0.83,0.21
115,0.83,0.21
116,0.81,0.21
117,0.78,0.21
118,0.8,0.22
119,0.79,0.22
120,0.79,0.22
121,0.8,0.21
122,0.8,0.22
123,0.8,0.22
124,0.8,0.22
125,0.83,0.21
126,0.8,0.21
127,0.8,0.21
128,0.85,0.22
129,0.84,0.21
130,0.8,0.21
131,0.79,0.21
132,0.83,0.21
133,0.83,0.21
134,0.79,0.22
135,0.79,0.21
136,0.84,0.21
137,0.88,0.22
138,0.8,0.21
139,0.8,0.22
140,0.86,0.21
141,0.78,0.22
142,0.8,0.21
143,0.8,0.25
144,0.81,0.21
145,0.8,0.22
146,0.79,0.22
147,0.81,0.22
148,0.82,0.22
149,0.83,0.22
150,0.79,0.22
151,0.79,0.22
152,0.84,0.21
153,0.79,0.21
154,0.83,0.22
155,0.83,0.22
156,0.8,0.22
157,0.79,0.21
158,0.79,0.22
159,0.8,0.25
160,0.79,0.22
161,0.79,0.22
162,0.79,0.21
163,0.69,0.21
164,0.71,0.23
165,0.77,0.22
166,0.68,2.18
167,0.71,0.2
168,0.73,0.22
169,0.7,2.14
170,0.82,0.21
171,0.86,0.22
172,0.84,0.26
173,0.85,0.22
174,0.82,0.22
175,0.87,0.22
176,0.82,0.22
177,0.83,0.22
178,0.82,0.22
179,0.82,0.22
180,0.83,0.22
181,0.89,0.21
182,0.83,0.22
183,0.91,0.22
184,0.85,0.25
185,0.86,0.22
186,0.88,0.22
187,0.79,0.21
188,0.79,0.21
189,0.79,0.25
190,0.82,0.21
191,0.81,0.21
192,0.82,0.22
193,0.84,0.21
194,0.82,0.21
195,0.83,0.22
196,0.83,0.22
197,0.86,0.22
198,0.81,0.22
199,0.83,0.22
200,1.02,0.25
201,0.96,0.26
202,0.82,0.22
203,0.81,0.22
204,0.81,0.22
205,0.81,0.22
206,0.81,0.22
207,0.8,0.22
208,0.8,0.23
209,0.83,0.22
210,0.8,0.22
211,1.04,0.3
212,0.76,0.25
213,1.3,0.43
214,0.87,0.29
215,0.88,0.3
216,0.92,0.24
217,0.75,0.22
218,1.06,0.24
219,0.85,0.26
220,0.85,0.22
221,0.85,0.22
222,0.77,0.21
223,0.79,0.21
224,0.94,0.25
225,0.79,0.22
226,0.8,0.26
227,0.8,0.22
228,0.8,0.22
229,0.83,0.22
230,0.8,0.22
231,0.79,0.22
232,0.84,0.22
233,0.84,0.22
234,0.8,0.22
235,0.8,0.22
236,0.83,0.22
237,0.78,0.22
238,0.8,0.21
239,0.79,0.22
240,0.78,0.22
241,0.79,0.22
242,0.8,0.22
243,0.7,1.49
244,0.79,0.21
245,0.79,0.21
246,0.81,0.21
247,0.8,0.21
248,0.79,0.21
249,0.79,0.22
250,0.78,0.21
251,0.78,0.21
252,0.83,0.21
253,0.78,0.21
254,0.81,0.22
255,0.75,0.2
256,0.76,0.24
257,0.79,0.21
258,0.78,0.21
259,0.74,0.23
260,0.72,0.21
261,0.74,0.21
262,0.77,0.22
263,0.75,0.2
264,0.88,0.21
265,0.86,0.22
266,0.89,0.22
267,0.83,0.21
268,0.86,0.26
269,0.85,0.21
270,0.88,0.21
271,0.84,0.25
272,0.91,0.22
273,0.84,0.21
274,0.85,0.21
275,0.85,0.22
276,0.82,0.22
277,0.82,0.21
278,0.83,0.21
279,0.83,0.25
280,0.82,0.27
281,0.79,0.22
282,0.83,0.21
283,0.86,0.22
284,0.86,0.22
285,0.99,0.32
286,1.0,0.27
287,0.98,0.26
288,0.99,0.27
289,0.97,0.27
290,1.0,0.31
291,0.99,0.26
292,0.99,0.27
293,1.05,0.3
294,1.1,0.3
295,1.06,0.3
296,1.04,0.3
297,1.08,0.3
298,1.14,0.3
299,0.99,0.3
300,1.0,0.3
301,1.05,0.29
302,0.96,0.29
303,0.95,0.28
304,1.12,0.28
305,1.05,0.28
306,1.08,0.28
307,1.04,0.32
308,1.11,0.28
309,1.04,0.3
310,1.04,0.28
311,1.14,0.3
312,1.08,0.3
313,1.09,0.34
314,1.09,0.3
315,1.09,0.3
316,1.11,0.3
317,1.16,0.29
318,1.09,0.36
319,1.05,0.3
320,1.1,0.3
321,1.13,0.3
322,1.13,0.3
323,1.03,0.3
324,1.02,0.29
325,1.02,0.3
326,1.02,0.3
327,1.07,0.3
328,1.02,0.3
329,1.06,0.3
330,1.01,0.3
331,1.02,0.3
332,1.08,0.29
333,1.03,0.29
334,1.1,0.3
335,1.04,0.29
336,1.08,0.3
337,1.04,0.29
338,1.08,0.3
339,1.05,0.3
340,1.07,0.3
341,1.06,0.34
342,1.07,0.58
343,1.13,0.3
344,1.08,0.3
345,1.08,0.3
346,1.12,0.3
347,1.07,0.29
348,1.07,0.3
349,1.07,0.35
350,1.06,0.3
351,1.08,0.3
352,1.05,0.29
353,1.0,0.28
354,1.0,0.28
355,1.06,0.35
356,1.06,1.17
357,0.98,0.33
358,1.07,0.35
359,1.12,0.31
360,0.98,0.31
361,1.11,0.32
362,1.12,0.32
363,1.17,0.32
364,1.16,0.32
365,1.1,0.28
366,1.01,0.28
367,1.0,0.28
368,1.0,0.28
369,1.0,0.28
370,1.0,0.34
371,0.99,0.28
372,0.99,0.28
373,0.98,0.28
374,1.05,0.3
375,1.05,0.3
376,1.05,0.3
377,1.0,0.35
378,1.03,0.3
379,1.07,0.3
380,1.05,0.3
381,1.01,0.31
382,1.05,0.3
383,1.2,0.31
384,1.23,0.3
385,1.19,0.3
386,1.22,0.29
387,1.2,0.34
388,1.2,0.29
389,1.2,0.36
390,1.2,0.29
391,1.2,0.29
392,1.2,0.28
393,1.22,0.31
394,1.2,0.28
395,1.2,0.34
396,1.28,2.72
397,1.24,2.38
398,1.05,0.28
399,0.97,0.29
400,1.01,0.27
401,0.98,0.28
402,0.99,0.28
403,0.97,0.28
404,1.0,0.28
405,1.04,0.29
406,0.96,0.28
407,1.06,0.28
408,1.0,0.28
409,0.94,0.31
410,1.05,0.28
411,1.05,0.29
412,1.0,0.33
413,1.03,0.29
414,1.09,0.29
415,1.07,0.28
416,1.24,0.35
417,1.26,0.35
418,1.19,0.36
419,1.2,0.36
420,1.2,0.36
421,1.19,0.37
422,1.31,0.35
423,1.24,0.38
424,1.19,0.35
425,1.03,0.27
426,1.01,0.27
427,0.96,0.31
428,0.96,0.27
429,0.95,0.27
430,0.97,0.27
431,0.97,0.27
432,0.94,0.27
433,0.97,0.27
434,0.98,0.28
435,1.05,0.29
436,0.99,0.29
437,1.0,0.29
438,1.0,0.33
439,1.02,0.29
440,1.03,0.28
441,1.05,0.28
442,1.0,0.28
443,1.0,0.28
444,1.0,0.28
445,1.0,0.28
446,1.03,0.29
447,0.99,0.28
448,0.99,0.29
449,0.98,0.28
450,1.02,0.29
451,0.97,0.31
452,0.98,0.28
453,0.91,0.29
454,1.01,0.26
455,0.94,0.3
456,0.86,0.3
457,1.0,0.28
458,0.97,0.29
459,0.98,0.28
460,0.96,0.28
461,0.97,0.28
462,0.98,0.29
463,0.99,0.28
464,0.99,0.28
465,0.94,0.27
466,0.96,0.28
467,0.94,0.27
468,0.93,0.27
469,0.93,0.27
470,1.0,0.37
471,0.99,0.27
472,0.94,0.27
473,0.95,0.27
474,0.99,0.27
475,1.01,0.29
476,1.0,0.29
477,0.98,0.29
478,1.02,0.28
479,0.97,0.32
480,0.96,0.28
481,0.94,0.32
482,0.99,0.28
483,0.95,0.32
484,0.97,0.29
485,1.01,231.82
486,1.35,0.39
487,1.33,0.38
488,1.4,0.39
489,1.3,0.45
490,1.29,0.4
491,1.34,0.28
492,0.97,0.33
493,0.95,0.28
494,0.95,0.28
495,1.02,0.28
496,0.98,0.28
497,0.96,0.28
498,0.97,0.28
499,0.96,0.28
500,0.97,0.28
501,0.98,0.28
502,0.97,0.28
503,0.97,0.28
504,1.03,0.28
505,0.98,0.34
506,0.99,0.28
507,0.97,0.28
508,0.99,0.29
509,0.99,0.28
510,0.99,0.3
511,1.01,0.27
512,0.95,0.28
513,0.98,0.28
514,1.01,0.28
515,1.05,0.28
516,0.98,0.28
517,1.01,0.28
518,1.08,0.31
519,1.01,0.3
520,1.02,0.3
521,1.0,0.3
522,1.0,0.3
523,1.02,0.3
524,1.05,0.3
525,1.05,0.29
526,1.03,0.3
527,1.07,0.27
528,0.95,0.27
529,1.01,0.27
530,0.93,0.26
531,1.0,0.27
532,0.96,0.26
533,0.99,0.27
534,0.94,0.26
535,0.91,0.26
536,0.95,0.27
537,0.94,0.28
538,0.97,0.28
539,0.98,0.28
540,0.93,0.29
541,0.98,0.28
542,1.17,0.33
543,1.16,0.32
544,1.08,0.32
545,1.08,0.32
546,1.14,0.32
547,0.95,0.33
548,0.93,0.28
549,0.92,1.46
550,0.91,0.32
551,0.94,0.29
552,0.97,1.2
553,0.99,0.28
554,0.93,0.27
555,0.94,0.28
556,0.98,0.28
557,0.98,0.28
558,0.97,0.28
559,0.98,0.28
560,0.97,0.28
561,0.99,0.28
562,1.01,0.28
563,1.0,0.33
564,0.97,0.28
565,0.97,0.33
566,0.95,0.29
567,0.97,0.28
568,0.89,0.28
569,0.97,0.33
570,0.93,0.27
571,0.99,0.26
572,0.96,0.27
573,0.95,0.27
574,0.98,0.27
575,0.94,0.27
576,0.97,0.26
577,0.95,0.27
578,0.97,0.27
579,1.08,0.28
580,0.99,0.29
581,0.99,0.27
582,1.0,0.28
583,1.0,0.28
584,0.99,0.28
585,1.0,0.28
586,0.97,0.28
587,0.98,0.28
588,0.98,0.29
589,0.97,0.28
590,0.97,0.28
591,0.96,0.28
592,0.97,0.28
593,0.97,0.28
594,0.98,0.28
595,0.97,0.28
596,0.98,0.28
597,0.97,0.28
598,0.97,0.28
599,0.99,0.28
600,0.97,0.28
601,0.98,0.28
602,0.98,0.28
603,1.0,0.28
604,1.0,0.28
605,0.99,0.28
606,0.99,0.28
607,1.0,0.28
608,0.99,0.29
609,1.07,0.29
610,1.03,0.32
611,1.05,0.27
612,0.99,0.28
613,1.06,0.33
614,1.0,0.28
615,1.04,0.28
616,0.99,0.29
617,1.04,0.28
618,0.98,0.28
619,1.04,0.28
620,1.07,0.29
621,1.06,0.28
622,1.06,0.28
623,1.04,0.29
624,1.03,0.28
625,0.99,0.29
626,1.02,0.28
627,0.98,0.28
628,1.03,0.31
629,1.02,0.34
630,1.07,0.3
631,1.03,0.3
632,1.07,0.3
633,1.03,0.3
634,1.04,0.3
635,1.08,0.3
636,1.05,0.3
637,1.12,0.3
638,0.98,0.28
639,1.03,0.28
640,0.98,0.28
641,1.02,0.28
642,0.98,0.28
643,0.9,0.3
644,0.93,0.29
645,0.9,0.28
646,0.98,0.26
647,0.96,1.65
648,0.96,0.3
649,1.03,0.28
650,0.98,0.29
651,0.98,0.29
652,1.0,0.28
653,0.98,0.28
654,0.98,0.28
655,0.99,0.29
656,0.99,0.28
657,0.99,0.28
658,0.99,0.28
659,1.06,0.29
660,1.23,0.3
661,1.27,2.46
662,1.23,0.33
663,1.27,0.3
664,1.23,0.31
665,1.22,2.63
666,1.23,0.33
667,1.23,0.3
668,1.27,0.29
669,1.27,0.35
670,1.29,0.29
671,1.23,0.3
672,1.3,0.31
673,1.23,0.29
674,1.27,0.29
675,1.24,0.29
676,1.29,0.31
677,1.3,0.29
678,1.27,0.29
679,1.29,0.39
680,1.27,1.98
681,1.27,0.3
682,1.26,0.45
683,1.3,0.3
684,1.24,2.23
685,1.24,0.29
686,1.29,0.3
687,1.3,0.33
688,1.3,0.3
689,1.13,0.31
690,1.1,0.3
691,1.04,0.3
692,1.09,0.31
693,1.05,0.3
694,1.13,0.3
695,1.03,0.29
696,1.05,0.31
697,1.07,0.3
698,1.11,0.3
699,1.12,0.31
700,1.0,0.3
701,0.97,0.28
702,1.06,0.29
703,0.88,0.22
704,0.79,0.22
705,0.79,0.22
706,0.8,0.22
707,0.8,0.22
708,0.81,0.21
709,0.8,0.22
710,0.82,0.22
711,0.82,0.23
712,0.79,0.22
713,0.8,0.22
714,0.84,0.22
715,0.78,0.22
716,0.79,0.22
717,0.77,0.22
718,0.78,0.25
719,0.77,0.21
720,0.75,0.21
721,0.84,0.26
722,0.78,0.23
723,0.69,0.26
724,0.79,0.22
725,0.79,0.22
726,0.81,0.22
727,0.82,0.22
728,0.96,0.31
729,1.06,3.83
730,0.91,0.48
731,0.98,0.25
732,1.02,0.28
733,0.77,0.24
734,0.88,0.22
735,0.8,0.21
736,0.81,0.22
737,0.81,0.21
738,0.83,0.22
739,0.71,0.26
740,0.7,0.2
741,0.82,0.21
742,0.74,0.27
743,0.81,0.2
744,0.7,0.54
745,0.82,0.25
746,0.83,0.26
747,0.83,0.22
748,0.83,0.21
749,0.87,0.22
750,0.9,0.21
751,0.85,0.21
752,0.86,0.22
753,0.96,0.22
754,0.92,0.22
755,0.87,0.22
756,0.89,0.22
757,0.95,0.21
758,0.93,0.22
759,0.94,0.22
760,0.94,0.22
761,0.89,0.27
762,0.89,0.26
763,0.87,0.22
764,0.85,0.21
765,0.84,0.22
766,0.82,0.22
767,0.83,0.25
768,0.88,0.21
769,0.84,0.22
770,0.82,0.21
771,0.81,0.21
772,0.82,0.22
773,0.85,0.22
774,0.81,0.22
775,1.01,0.22
776,0.81,0.21
777,0.78,0.22
778,0.78,0.21
779,0.79,0.21
780,0.77,0.21
781,0.76,0.21
782,0.78,0.22
783,0.81,0.22
784,0.81,0.21
785,0.8,0.21
786,0.81,0.22
787,0.77,0.21
788,0.81,0.21
789,0.78,0.21
790,0.79,0.21
791,0.79,0.21
792,0.8,0.21
793,0.79,0.22
794,0.79,0.21
795,0.79,0.21
796,0.81,0.22
797,0.8,0.22
798,0.8,0.22
799,0.8,0.22
800,0.81,0.22
801,0.8,0.22
802,0.82,0.21
803,0.8,0.22
804,0.79,0.22
805,0.84,0.22
806,0.86,0.23
807,0.8,0.21
808,0.87,0.22
809,0.8,0.22
810,0.8,0.22
811,0.84,0.25
812,0.84,0.22
813,0.81,0.22
814,0.81,0.26
815,0.81,0.21
816,0.82,0.22
817,0.83,0.21
818,0.83,0.22
819,0.82,0.22
820,0.81,0.21
821,0.85,0.22
822,0.82,0.22
823,0.8,0.22
824,0.84,0.22
825,0.81,0.22
826,0.81,0.22
827,0.8,0.22
828,0.83,0.25
829,0.8,0.22
830,0.81,0.21
831,0.83,0.22
832,0.8,0.22
833,0.8,0.22
834,0.8,0.22
835,0.74,0.25
836,0.9,3.19
837,0.81,0.22
838,0.75,0.23
839,0.71,2.17
840,0.84,0.21
841,0.88,0.21
842,0.85,0.22
843,0.85,0.22
844,0.85,0.25
845,0.83,0.22
846,0.84,0.22
847,0.83,0.21
848,0.83,0.22
849,0.83,0.22
850,0.82,0.21
851,0.82,0.22
852,0.82,0.23
853,0.81,0.26
854,0.86,0.22
855,0.83,0.22
856,0.83,0.22
857,0.84,0.22
858,0.86,0.22
859,0.85,0.22
860,0.88,0.22
861,0.84,0.22
862,0.85,0.29
863,0.83,0.25
864,0.88,0.21
865,0.9,0.21
866,0.83,0.22
867,0.83,0.25
868,0.86,0.22
869,0.87,0.22
870,0.82,0.22
871,0.83,0.22
872,0.82,0.22
873,0.82,0.22
874,0.87,0.22
875,0.85,0.22
876,0.82,0.22
877,0.83,0.22
878,0.86,0.22
879,0.87,0.24
880,0.84,0.22
881,0.83,0.22
882,0.82,0.22
883,0.83,0.22
884,0.87,0.22
885,0.83,0.22
886,0.83,0.22
887,0.84,0.22
888,0.86,0.22
889,0.84,0.22
890,0.83,0.22
891,0.83,0.22
892,0.85,0.22
893,0.81,0.22
894,0.81,0.22
895,0.83,0.22
896,0.81,0.22
897,0.82,0.22
898,0.82,0.22
899,0.85,0.22
900,0.83,0.22
901,0.83,0.22
902,0.85,0.22
903,0.82,0.22
904,0.83,0.22
905,0.81,0.22
906,0.81,0.22
907,0.81,0.22
908,0.81,0.22
909,0.81,0.22
910,0.81,0.22
911,0.82,0.22
912,0.86,0.39
913,0.83,0.22
914,0.85,0.23
915,0.84,0.22
916,0.84,0.26
917,0.82,0.22
918,0.82,0.22
919,0.84,0.22
920,0.88,0.22
921,0.85,0.22
922,0.83,0.22
923,0.83,0.22
924,0.82,0.22
925,0.82,0.26
926,0.83,0.22
927,0.82,0.22
928,0.81,0.22
929,0.8,0.22
930,0.8,0.22
931,0.7,0.24
932,0.79,0.21
933,0.72,0.23
934,0.75,2.25
935,0.81,0.22
936,0.74,0.23
937,0.73,1.74
938,0.8,0.21
939,0.8,0.22
940,0.84,0.22
941,0.82,0.21
942,0.83,0.22
943,0.8,0.23
944,0.83,0.22
945,0.85,0.22
946,0.84,0.22
947,0.81,0.22
948,0.82,0.22
949,0.81,0.22
950,0.8,0.22
951,0.8,0.22
952,0.86,0.22
953,0.87,0.22
954,0.83,0.21
955,0.83,0.22
956,0.82,0.22
957,0.82,0.22
958,0.86,0.22
959,0.88,0.25
960,0.87,0.22
961,0.85,0.22
962,0.87,0.22
963,0.86,0.34
964,0.92,0.22
965,0.91,0.22
966,0.88,0.45
967,0.88,0.22
968,0.9,0.26
969,0.92,0.22
970,0.91,0.22
971,0.97,2.28
972,0.92,0.21
973,0.97,0.22
974,0.99,0.22
975,0.92,0.22
976,0.92,0.22
977,0.98,0.22
978,0.92,0.24
979,0.93,0.22
980,0.93,0.21
981,0.96,0.21
982,0.92,0.35
983,0.92,0.21
984,0.91,0.22
985,0.9,0.26
986,0.9,0.22
987,0.89,0.22
988,0.89,0.22
989,0.88,0.22
990,0.88,0.22
991,0.86,0.22
992,0.9,0.22
993,0.89,0.22
994,0.86,0.22
995,0.87,0.22
996,0.87,0.22
997,0.87,0.22
998,0.87,0.22
999,0.88,0.22
1000,0.85,0.22
1001,0.85,0.22
1002,0.86,0.22
1003,0.85,0.22
1004,0.79,0.21
1005,0.8,0.21
1006,0.83,0.22
1007,0.78,0.21
1008,0.82,0.21
1009,0.84,0.23
1010,1.12,0.25
1011,0.82,0.24
1012,0.81,0.51
1013,0.8,0.22
1014,0.78,0.25
1015,0.76,0.25
1016,0.76,0.21
1017,0.86,0.22
1018,0.82,0.22
1019,0.83,0.22
1020,0.86,0.22
1021,0.83,0.26
1022,0.85,0.22
1023,0.87,0.22
1024,0.87,0.22
1025,0.88,0.22
1026,1.94,0.25
1027,0.93,0.26
1028,0.94,0.26
1029,1.06,0.24
1030,0.97,0.23
1031,1.0,1.14
1032,0.94,0.21
1033,0.96,0.22
1034,0.88,0.21
1035,0.93,0.22
1036,0.97,0.22
1037,1.02,0.22
1038,0.96,0.24
1039,1.16,0.37
1040,1.09,0.26
1041,1.12,0.25
1042,0.92,0.28
1043,0.88,0.24
1044,0.79,0.23
1045,0.92,0.22
1046,0.9,0.27
1047,0.88,0.22
1048,0.87,0.22
1049,0.88,0.22
1050,0.88,0.22
1051,0.95,0.22
1052,0.95,0.22
1053,0.9,0.23
1054,0.9,0.22
1055,0.87,0.25
1056,0.88,0.25
1057,0.88,0.22
1058,0.87,0.21
1059,0.88,0.21
1060,0.89,0.21
1061,0.88,0.21
1062,0.89,0.22
1063,0.88,0.21
1064,0.92,0.22
1065,0.93,0.22
1066,0.92,0.22
1067,0.9,0.26
1068,0.87,0.21
1069,0.9,0.22
1070,0.94,0.23
1071,0.86,0.22
1072,0.9,0.22
1073,0.92,0.22
1074,0.89,0.22
1075,0.82,0.21
1076,0.81,0.21
1077,0.79,0.21
1078,0.81,0.24
1079,0.84,0.22
1080,0.83,0.25
1081,0.82,0.22
1082,0.81,0.21
1083,0.81,0.22
1084,0.81,0.22
1085,0.85,0.22
1086,0.82,0.22
1087,0.8,0.22
1088,0.8,0.22
1089,0.81,0.22
1090,0.8,0.22
1091,0.81,0.22
1092,0.8,0.22
1093,0.83,0.22
1094,0.83,0.22
1095,0.81,0.22
1096,0.79,0.22
1097,0.83,0.21
1098,0.84,0.22
1099,0.81,0.22
1100,0.81,0.22
1101,0.86,0.22
1102,0.81,0.22
1103,0.81,0.22
1104,0.79,0.21
1105,0.77,0.21
1106,0.84,0.21
1107,0.82,0.22
1108,0.81,0.22
1109,0.81,0.22
1110,0.84,0.22
1111,0.81,0.22
1112,0.82,0.22
1113,0.81,0.23
1114,0.81,0.22
1115,0.84,0.22
1116,0.81,0.22
1117,0.81,0.22
1118,0.85,0.22
1119,0.81,0.22
1120,0.8,0.22
1121,0.8,0.22
1122,0.8,0.22
1123,0.78,0.24
1124,0.69,0.21
1125,0.68,0.22
1126,0.72,0.2
1127,0.76,0.25
1128,0.77,0.2
1129,0.73,1.7
1130,0.86,0.22
1131,0.86,0.22
1132,0.92,0.22
1133,0.89,0.22
1134,0.9,0.22
1135,0.94,0.22
1136,0.91,0.22
1137,0.9,0.22
1138,0.91,0.22
1139,0.91,0.22
1140,0.91,0.22
1141,0.91,0.22
1142,0.85,0.21
1143,0.88,0.21
1144,0.9,0.22
1145,0.9,0.22
1146,0.88,0.21
1147,0.93,0.21
1148,0.92,0.21
1149,0.87,0.21
1150,0.91,0.21
1151,0.88,0.22
1152,0.88,0.22
1153,0.87,0.22
1154,0.86,0.22
1155,0.81,0.26
1156,0.8,0.22
1157,0.81,0.22
1158,0.85,0.22
1159,0.85,0.22
1160,0.84,0.21
1161,0.81,0.22
1162,0.8,0.22
1163,0.81,0.22
1164,0.8,0.22
1165,0.85,0.22
1166,0.83,0.25
1167,1.06,0.29
1168,1.05,0.3
1169,1.1,0.3
1170,1.05,0.3
1171,1.04,0.3
1172,1.09,0.3
1173,1.1,0.3
1174,1.05,0.31
1175,1.04,0.31
1176,1.1,0.3
1177,0.98,0.34
1178,1.04,0.29
1179,1.05,0.28
1180,1.04,0.28
1181,1.0,0.28
1182,1.04,0.28
1183,1.0,0.28
1184,1.05,0.28
1185,1.0,0.28
1186,1.01,0.28
1187,1.0,0.28
1188,0.99,0.28
1189,0.99,0.28
1190,1.01,0.28
1191,1.01,0.28
1192,1.01,0.28
1193,1.04,0.28
1194,1.0,0.29
1195,1.0,0.28
1196,1.06,0.28
1197,1.01,0.29
1198,1.06,0.29
1199,1.06,0.28
1200,1.02,0.28
1201,1.06,0.28
1202,1.02,0.28
1203,1.06,0.28
1204,1.01,0.28
1205,1.07,0.29
1206,1.02,0.28
1207,1.0,0.29
1208,1.04,0.28
1209,1.0,0.28
1210,1.02,0.29
1211,1.02,0.28
1212,1.0,0.28
1213,1.06,0.49
1214,0.97,198.81
1215,1.41,0.39
1216,1.46,2.35
1217,1.33,0.35
1218,1.32,0.37
1219,1.14,0.39
1220,1.13,3.35
1221,1.16,0.34
1222,1.13,0.37
1223,1.13,18.57
1224,1.08,0.3
1225,1.08,0.27
1226,1.01,0.28
1227,1.01,0.28
1228,1.02,0.28
1229,1.06,0.28
1230,1.17,0.32
1231,1.02,0.28
1232,1.03,0.28
1233,1.33,0.29
1234,1.33,0.3
1235,1.29,0.29
1236,1.31,0.29
1237,1.36,0.31
1238,1.31,0.28
1239,1.26,0.28
1240,1.3,0.3
1241,1.14,0.28
1242,1.07,0.28
1243,1.01,0.33
1244,1.02,0.28
1245,1.03,0.28
1246,1.06,0.28
1247,1.02,0.28
1248,1.02,0.28
1249,1.02,0.28
1250,1.02,0.29
1251,1.03,0.28
1252,1.12,0.28
1253,1.07,0.32
1254,1.09,0.3
1255,1.17,0.3
1256,1.15,0.3
1257,1.11,0.3
1258,1.11,0.31
1259,1.11,0.3
1260,1.15,0.3
1261,1.4,0.32
1262,1.39,2.7
1263,1.45,0.31
1264,1.38,0.31
1265,1.39,0.38
1266,1.36,0.32
1267,1.36,2.23
1268,1.37,0.31
1269,1.3,0.3
1270,1.26,0.29
1271,1.26,0.29
1272,1.31,0.29
1273,1.26,0.31
1274,1.3,0.28
1275,1.3,0.3
1276,1.27,0.35
1277,1.28,2.65
1278,1.32,0.27
1279,1.3,0.29
1280,1.29,0.35
1281,1.31,2.37
1282,1.13,0.28
1283,1.11,0.28
1284,1.03,0.28
1285,1.05,0.28
1286,1.01,0.28
1287,1.06,0.28
1288,1.01,0.28
1289,1.02,0.28
1290,0.99,0.29
1291,1.03,0.28
1292,0.98,0.33
1293,0.98,0.29
1294,0.98,0.28
1295,1.0,0.28
1296,0.98,0.28
1297,0.94,0.29
1298,1.04,0.28
1299,0.97,0.28
1300,0.97,0.28
1301,1.06,0.28
1302,1.01,0.28
1303,1.04,0.28
1304,1.02,0.28
1305,1.0,0.28
1306,0.99,0.28
1307,1.02,0.28
1308,1.02,0.28
1309,1.01,0.28
1310,1.0,0.28
1311,1.02,0.28
1312,1.05,0.28
1313,1.03,0.28
1314,1.5,0.31
1315,1.03,0.34
1316,1.05,0.35
1317,1.15,0.31
1318,1.01,0.32
1319,1.02,0.3
1320,1.14,0.32
1321,1.19,0.33
1322,1.16,0.34
1323,1.13,0.33
1324,1.02,0.28
1325,1.02,0.28
1326,1.0,0.28
1327,1.03,0.29
1328,1.01,0.29
1329,1.0,0.29
1330,1.02,0.28
1331,1.05,0.28
1332,1.04,0.29
1333,1.05,0.34
1334,1.05,0.28
1335,1.05,0.28
1336,1.04,0.29
1337,1.02,0.33
1338,1.01,0.28
1339,1.03,0.28
1340,1.04,0.28
1341,1.04,0.34
1342,1.03,0.29
1343,1.05,0.28
1344,1.07,0.34
1345,1.08,0.28
1346,1.07,0.29
1347,1.08,0.28
1348,1.08,0.28
1349,1.08,0.29
1350,1.08,0.28
1351,1.08,0.33
1352,1.13,0.28
1353,1.09,0.28
1354,1.15,0.29
1355,1.13,0.28
1356,1.12,0.29
1357,1.08,0.29
1358,1.11,0.28
1359,1.07,0.28
1360,1.12,0.29
1361,1.07,0.29
1362,1.12,0.28
1363,1.08,0.28
1364,1.08,0.28
1365,1.08,0.35
1366,1.08,0.28
1367,1.08,0.28
1368,1.07,0.28
1369,1.06,0.29
1370,1.07,0.34
1371,1.07,0.29
1372,1.08,0.29
1373,1.1,0.33
1374,1.04,0.28
1375,1.02,0.29
1376,1.08,0.29
1377,1.01,0.28
1378,1.04,0.29
1379,1.0,0.28
1380,1.03,0.29
1381,1.0,0.28
1382,1.05,0.28
1383,1.01,0.28
1384,1.06,0.28
1385,1.0,0.28
1386,1.06,0.28
1387,1.07,0.29
1388,1.01,0.29
1389,1.06,0.29
1390,1.01,0.28
1391,0.98,0.29
1392,1.02,0.29
1393,0.99,0.29
1394,1.06,0.28
1395,1.01,0.29
1396,1.07,0.28
1397,1.01,0.29
1398,1.07,0.29
1399,1.01,0.28
1400,1.05,0.28
1401,1.01,0.28
1402,1.06,0.28
1403,1.01,0.28
1404,1.07,0.29
1405,1.03,0.29
1406,1.12,0.29
1407,1.08,0.28
1408,1.09,0.29
1409,1.04,0.29
1410,1.18,0.29
1411,0.97,0.31
1412,1.07,0.31
1413,1.07,2.26
1414,1.04,0.29
1415,0.97,0.27
1416,1.01,0.29
1417,1.02,0.34
1418,1.03,0.3
1419,1.01,0.28
1420,1.03,0.29
1421,1.03,0.28
1422,1.03,0.3
1423,1.03,0.28
1424,1.06,0.33
1425,1.07,0.27
1426,1.01,0.27
1427,1.07,0.27
1428,1.02,0.27
1429,1.02,0.27
1430,1.25,0.33
1431,1.22,0.32
1432,1.16,0.32
1433,1.17,0.32
1434,1.16,0.33
1435,1.16,0.32
1436,1.13,0.32
1437,1.16,0.32
1438,1.17,0.32
1439,1.05,0.28
1440,1.06,0.28
1441,1.01,0.27
1442,1.05,0.28
1443,1.05,0.34
1444,1.06,0.28
1445,1.06,0.28
1446,1.02,0.29
1447,1.06,0.28
1448,1.05,0.28
1449,1.05,0.28
1450,1.03,0.28
1451,1.03,0.28
1452,1.02,0.32
1453,1.02,0.28
1454,1.03,0.28
1455,1.02,0.29
1456,1.02,0.27
1457,1.09,0.28
1458,1.31,1.71
1459,1.47,0.38
1460,1.4,0.41
1461,1.51,0.41
1462,1.47,2.83
1463,1.4,2.2
1464,1.41,2.51
1465,1.38,0.37
1466,0.98,0.26
1467,0.97,0.27
1468,1.09,0.27
1469,1.02,0.27
1470,1.03,0.27
1471,1.07,0.28
1472,1.03,0.32
1473,0.99,0.28
1474,0.99,0.27
1475,0.98,0.27
1476,1.01,0.28
1477,1.01,0.28
1478,1.01,0.28
1479,1.0,0.35
1480,1.01,0.28
1481,1.0,0.28
1482,1.01,0.28
1483,1.01,0.28
1484,1.0,0.28
1485,1.0,0.28
1486,1.0,0.28
1487,1.06,0.28
1488,1.02,0.28
1489,1.07,0.29
1490,1.0,0.28
1491,1.0,0.28
1492,1.0,0.28
1493,1.02,0.29
1494,1.11,0.3
1495,1.1,0.3
1496,1.06,0.3
1497,1.1,0.31
1498,1.07,0.3
1499,1.07,0.3
1500,1.08,0.35
1501,1.07,0.3
1502,1.08,0.3
1503,1.09,0.31
1504,1.03,0.29
1505,1.03,0.29
1506,1.08,0.28
1507,1.03,0.28
1508,1.03,0.27
1509,0.96,0.33
1510,0.99,0.28
1511,1.12,0.28
1512,0.94,0.28
1513,1.06,0.28
1514,1.02,0.28
1515,1.03,0.3
1516,1.01,0.28
1517,1.0,0.29
1518,1.0,0.28
1519,1.0,0.29
1520,1.01,0.29
1521,1.05,0.3
1522,1.01,0.28
1523,1.05,0.28
1524,0.97,0.27
1525,1.02,0.27
1526,0.97,0.27
1527,0.99,0.27
1528,0.98,0.27
1529,0.92,0.29
1530,0.94,0.27
1531,0.97,0.26
1532,0.99,0.26
1533,0.94,0.27
1534,1.0,0.29
1535,1.04,0.3
1536,1.02,0.3
1537,1.06,0.3
1538,1.06,0.29
1539,1.15,0.34
1540,1.26,0.35
1541,1.03,0.3
1542,1.35,0.3
1543,1.25,0.27
1544,1.22,0.27
1545,1.15,0.27
1546,1.2,0.27
1547,1.19,0.27
1548,0.93,0.27
1549,0.96,0.31
1550,0.98,0.27
1551,0.94,0.26
1552,1.02,0.28
1553,0.99,0.28
1554,0.98,0.27
1555,0.96,0.28
1556,0.96,0.28
1557,0.96,0.28
1558,0.97,0.28
1559,0.97,0.29
1560,0.97,0.28
1561,1.03,0.28
1562,1.0,0.32
1563,0.91,0.26
1564,0.97,0.27
1565,0.98,0.26
1566,0.94,0.26
1567,0.93,0.26
1568,0.99,0.27
1569,0.96,0.26
1570,0.88,0.26
1571,0.92,0.26
1572,0.92,0.26
1573,0.91,0.26
1574,0.96,0.26
1575,0.9,0.27
1576,0.99,0.27
1577,0.94,0.27
1578,0.94,0.27
1579,0.91,0.27
1580,0.91,0.27
1581,0.91,0.27
1582,0.99,0.28
1583,0.96,0.28
1584,0.95,0.28
1585,0.95,0.28
1586,1.0,0.28
1587,0.95,0.28
1588,1.0,0.28
1589,0.97,0.28
1590,1.0,0.3
1591,0.96,0.34
1592,0.95,0.28
1593,0.97,0.28
1594,0.99,0.3
1595,0.96,0.28
1596,0.96,0.28
1597,0.8,0.29
1598,0.79,0.3
1599,0.75,0.28
1600,0.83,0.28
1601,0.82,0.28
1602,0.82,0.28
1603,1.01,0.33
1604,1.01,0.36
1605,0.97,0.32
1606,0.9,1.4
1607,0.87,0.35
1608,0.98,0.31
1609,0.94,0.37
1610,0.95,0.32
1611,0.95,0.32
1612,0.97,0.32
1613,0.99,0.37
1614,1.03,0.38
1615,1.11,0.35
1616,1.12,3.25
1617,1.03,0.32
1618,1.14,0.38
1619,1.09,0.33
1620,1.1,0.32
1621,1.09,0.32
1622,0.98,0.29
1623,0.99,0.28
1624,1.05,0.29
1625,1.04,0.29
1626,1.04,0.28
1627,0.98,0.28
1628,1.06,0.29
1629,1.01,0.29
1630,1.02,0.28
1631,1.01,0.28
1632,0.96,0.28
1633,0.9,0.27
1634,0.92,0.28
1635,0.94,0.27
1636,1.01,0.27
1637,1.0,0.27
1638,0.93,0.28
1639,0.98,0.27
1640,0.93,0.28
1641,0.93,0.3
1642,1.01,0.29
1643,0.9,0.28
1644,1.02,0.29
1645,0.97,0.28
1646,1.01,0.28
1647,0.91,0.28
1648,1.05,0.29
1649,1.01,0.28
1650,0.96,0.28
1651,0.9,0.33
1652,0.94,0.37
1653,0.87,0.27
1654,0.89,0.28
1655,0.93,0.29
1656,0.93,0.28
1657,0.91,0.28
1658,0.96,0.28
1659,0.92,0.28
1660,0.92,0.34
1661,0.88,0.28
1662,0.88,0.28
1663,0.88,0.32
1664,0.88,0.28
1665,0.88,0.31
1666,0.89,0.28
1667,0.93,0.32
1668,0.91,0.28
1669,0.94,0.28
1670,0.93,0.28
1671,0.97,0.28
1672,0.92,0.29
1673,0.96,0.28
1674,0.94,0.34
1675,0.99,0.28
1676,0.94,0.33
1677,0.98,0.28
1678,0.93,0.32
1679,0.98,0.29
1680,0.97,0.28
1681,0.93,0.28
1682,0.93,0.29
1683,0.93,0.29
1684,0.93,0.28
1685,0.93,0.34
1686,0.93,0.28
1687,0.94,0.32
1688,0.94,0.28
1689,0.94,0.28
1690,1.0,0.28
1691,0.93,0.28
1692,0.92,0.29
1693,0.91,0.28
1694,0.97,0.28
1695,0.92,0.3
1696,1.0,0.28
1697,1.1,0.35
1698,1.11,0.33
1699,1.12,0.36
1700,1.04,1.46
1701,1.07,0.34
1702,1.1,2.08
1703,1.02,0.32
1704,1.1,0.35
1705,1.2,0.31
1706,1.14,0.32
1707,1.16,0.32
1708,1.19,0.32
1709,1.18,0.32
1710,1.14,0.28
1711,1.01,0.28
1712,1.02,0.28
1713,1.02,0.28
1714,1.05,0.32
1715,1.06,0.29
1716,1.05,0.31
1717,1.05,0.27
1718,1.05,0.29
1719,1.03,0.28
1720,1.03,0.28
1721,1.05,0.28
1722,1.04,0.28
1723,1.05,0.33
1724,1.08,0.28
1725,1.05,0.28
1726,1.1,0.28
1727,1.1,0.28
1728,0.94,0.29
1729,0.94,0.29
1730,0.99,0.31
1731,1.12,0.29
1732,1.07,0.3
1733,1.15,0.3
1734,1.06,0.29
1735,1.06,0.3
1736,1.05,0.3
1737,1.05,0.35
1738,1.05,0.3
1739,0.96,0.27
1740,0.97,0.27
1741,0.94,0.26
1742,0.94,0.27
1743,0.97,0.27
1744,0.95,0.27
1745,0.96,0.27
1746,0.92,0.26
1747,0.9,0.26
1748,0.98,0.26
1749,0.95,0.27
1750,1.02,0.28
1751,0.96,0.28
1752,0.98,0.28
1753,1.02,0.28
1754,0.88,0.29
1755,1.01,0.28
1756,0.97,0.28
1757,0.98,0.28
1758,0.98,0.28
1759,1.02,0.28
1760,0.98,0.34
1761,1.04,0.28
1762,0.94,0.28
1763,0.93,0.28
1764,0.92,0.28
1765,0.99,0.27
1766,0.99,0.3
1767,0.99,0.3
1768,1.04,0.3
1769,1.03,0.3
1770,1.03,0.29
1771,1.04,0.3
1772,1.04,0.3
1773,1.05,0.3
1774,1.03,0.3
1775,1.0,0.28
1776,1.03,0.28
1777,0.99,0.29
1778,0.98,0.27
1779,0.98,0.28
1780,0.98,0.28
1781,0.99,0.32
1782,0.98,0.27
1783,1.03,0.28
1784,0.98,0.28
1785,1.02,0.28
1786,0.98,0.28
1787,1.06,0.28
1788,1.02,0.28
1789,1.05,0.28
1790,1.01,0.28
1791,1.04,0.28
1792,1.0,0.28
1793,1.01,0.28
1794,1.01,0.34
1795,0.94,0.31
1796,1.04,0.27
1797,0.9,0.34
1798,0.92,0.27
1799,1.04,0.31
1800,0.95,1.29
1801,1.01,0.28
1802,0.98,0.28
1803,0.99,0.28
1804,1.01,0.28
1805,0.98,0.28
1806,1.01,0.29
1807,1.04,0.28
1808,1.01,0.28
1809,1.0,0.28
1810,1.0,0.28
1811,1.04,0.28
1812,1.0,0.28
1813,1.0,0.28
1814,1.02,0.29
1815,1.06,0.28
1816,1.0,0.31
1817,1.04,0.27
1818,1.0,0.28
1819,1.04,0.33
1820,1.0,0.28
1821,0.99,0.28
1822,0.99,0.28
1823,1.0,0.28
1824,0.99,0.28
1825,0.96,0.28
1826,0.96,0.28
1827,0.96,0.28
1828,0.96,0.27
1829,1.01,0.28
1830,0.96,0.29
1831,1.02,0.28
1832,1.01,0.28
1833,1.01,0.28
1834,1.01,0.29
1835,1.01,0.28
1836,1.01,0.28
1837,1.04,0.28
1838,1.0,0.29
1839,1.05,0.29
1840,0.99,0.29
1841,0.99,0.28
1842,0.99,0.28
1843,0.99,0.28
1844,0.99,0.28
1845,0.99,0.28
1846,0.99,0.28
1847,1.0,0.28
1848,1.0,0.28
1849,0.99,0.28
1850,1.0,0.28
1851,1.0,0.28
1852,1.04,0.28
1853,0.98,0.33
1854,1.04,0.28
1855,1.0,0.28
1856,0.99,0.29
1857,1.0,0.29
1858,1.0,0.29
1859,1.05,0.36
1860,1.05,0.3
1861,1.04,0.3
1862,1.03,0.31
1863,1.15,0.35
1864,1.12,0.31
1865,1.03,0.32
1866,1.06,0.3
1867,1.07,0.3
1868,1.06,0.3
1869,1.09,0.31
1870,1.0,0.29
1871,1.01,0.32
1872,1.03,0.31
1873,1.04,0.3
1874,1.07,0.3
1875,1.02,0.3
1876,1.07,0.31
1877,1.03,0.29
1878,1.03,0.29
1879,0.99,0.29
1880,1.04,0.29
1881,0.98,0.29
1882,0.98,0.29
1883,1.06,0.29
1884,0.98,0.29
1885,1.04,0.29
1886,1.0,0.29
1887,1.04,0.29
1888,1.05,0.29
1889,1.0,0.29
1890,1.04,0.29
1891,0.9,0.31
1892,0.97,0.29
1893,0.87,0.27
1894,1.0,0.28
1895,1.12,0.31
1896,1.13,0.31
1897,1.13,0.3
1898,1.09,0.3
1899,1.13,0.3
1900,1.08,0.3
1901,1.07,0.3
1902,1.08,0.3
1903,1.08,0.31
1904,1.07,0.36
1905,1.02,0.29
1906,1.02,0.29
1907,1.0,0.29
1908,1.01,0.33
1909,1.01,0.28
1910,1.0,0.28
1911,1.0,0.29
1912,1.0,0.29
1913,1.06,0.29
1914,1.08,0.29
1915,1.02,0.29
1916,1.05,0.28
1917,1.06,0.31
1918,1.02,0.28
1919,1.08,0.29
1920,1.02,0.29
1921,1.06,0.29
1922,1.02,0.29
1923,1.06,0.28
1924,1.02,0.29
1925,1.06,0.29
1926,1.06,0.28
1927,1.02,0.29
1928,1.07,0.29
1929,1.03,0.29
1930,1.07,0.29
1931,1.14,0.3
1932,1.08,0.3
1933,1.11,0.3
1934,1.07,0.31
1935,1.11,0.31
1936,1.07,0.31
1937,1.12,0.3
1938,1.07,0.3
1939,1.08,0.31
1940,1.06,0.29
1941,1.03,0.29
1942,1.07,0.29
1943,1.03,278.92
1944,1.36,0.39
1945,1.36,2.21
1946,1.35,0.39
1947,1.45,0.41
1948,1.37,2.82
1949,1.37,2.84
1950,1.36,2.52
1951,1.37,0.38
1952,1.35,0.4
1953,0.99,0.26
1954,0.94,0.26
1955,0.94,0.26
1956,0.95,0.3
1957,0.93,0.31
1958,0.93,0.25
1959,0.94,0.26
1960,0.97,0.26
1961,0.93,0.26
1962,0.98,0.26
1963,1.02,0.29
1964,1.04,0.29
1965,1.02,0.29
1966,1.01,0.28
1967,1.03,0.28
1968,1.01,0.28
1969,1.02,0.28
1970,1.01,0.28
1971,1.02,0.29
1972,0.99,0.28
1973,1.03,0.28
1974,0.99,0.34
1975,1.0,0.28
1976,1.02,0.28
1977,1.03,0.28
1978,1.0,0.28
1979,1.0,0.28
1980,1.07,0.28
1981,1.01,0.28
1982,1.08,0.28
1983,1.02,0.28
1984,0.96,0.27
1985,0.99,0.27
1986,1.04,0.27
1987,0.93,0.28
1988,0.93,0.26
1989,0.89,0.26
1990,0.98,0.26
1991,0.88,0.29
1992,0.85,0.25
1993,1.01,0.26
1994,1.0,0.29
1995,1.01,0.33
1996,1.01,0.29
1997,1.01,0.28
1998,1.06,0.29
1999,1.05,0.3
2000,1.07,0.33
2001,1.06,0.29
2002,1.08,0.29
2003,1.08,0.33
2004,1.09,0.28
2005,1.04,0.28
2006,1.1,0.27
2007,1.04,0.27
2008,1.11,0.27
2009,1.09,0.27
2010,1.05,0.28
2011,1.04,0.28
2012,1.04,0.27
2013,1.04,0.28
2014,1.05,0.27
2015,1.09,0.27
2016,1.1,0.27
2017,1.03,0.28
2018,1.01,0.27
2019,1.01,0.28
2020,1.02,0.32
2021,1.0,0.27
2022,0.95,0.27
2023,0.97,0.32
2024,0.96,0.27
2025,0.95,0.27
2026,1.01,0.27
2027,1.01,0.27
2028,0.97,0.31
2029,0.96,0.27
2030,0.96,0.28
2031,0.96,0.28
2032,0.96,0.27
2033,0.95,0.27
2034,0.96,0.27
2035,0.95,0.28
2036,0.96,0.27
2037,0.97,0.27
2038,1.02,0.27
2039,0.98,0.27
2040,0.98,0.27
2041,0.98,0.27
2042,1.05,0.27
2043,1.0,0.27
2044,0.98,0.28
2045,0.99,0.27
2046,0.99,0.27
2047,0.98,0.28
2048,0.99,0.27
2049,0.98,0.27
2050,1.02,0.27
2051,0.98,0.27
2052,0.98,0.28
2053,0.99,0.27
2054,1.05,0.27
2055,1.01,0.28
2056,0.98,0.33
2057,0.99,0.27
2058,1.05,0.29
2059,0.99,0.28
2060,1.01,0.27
2061,0.99,0.26
2062,1.03,0.28
2063,0.98,0.28
2064,0.99,0.27
2065,0.99,0.27
2066,0.98,0.28
2067,1.03,0.28
2068,0.99,0.27
2069,0.98,0.27
2070,1.02,0.27
2071,1.04,0.27
2072,0.99,0.27
2073,0.98,0.27
2074,0.97,0.28
2075,0.97,0.27
2076,1.0,0.27
2077,1.01,0.27
2078,0.95,0.28
2079,0.95,0.28
2080,0.94,0.27
2081,0.95,0.27
2082,0.98,0.27
2083,0.88,0.27
2084,1.06,0.29
2085,1.01,0.26
2086,0.98,0.26
2087,1.01,0.29
2088,1.04,0.27
2089,1.07,0.35
2090,1.08,0.28
2091,1.06,0.33
2092,1.07,0.29
2093,1.06,0.32
2094,1.05,0.29
2095,1.08,0.27
2096,1.44,0.31
2097,1.06,0.29
2098,1.36,0.3
2099,1.11,0.3
2100,1.13,0.29
2101,1.09,0.31
2102,1.1,0.29
2103,1.0,0.28
2104,1.05,0.29
2105,0.99,0.29
2106,1.01,0.28
2107,0.99,0.29
2108,1.05,0.35
2109,1.12,0.31
2110,1.06,0.3
2111,1.1,0.3
2112,1.11,0.35
2113,1.49,0.39
2114,1.45,0.39
2115,1.41,0.4
2116,1.48,0.38
2117,1.5,0.41
2118,1.43,0.4
2119,1.43,0.42
2120,1.43,0.44
2121,1.21,0.33
2122,1.2,0.33
2123,1.21,0.34
2124,1.2,0.38
2125,1.26,0.33
2126,1.28,0.35
2127,1.26,0.33
2128,1.25,0.33
2129,1.18,0.34
2130,1.17,0.28
2131,1.05,0.28
2132,1.02,0.29
2133,1.05,0.28
2134,1.03,0.28
2135,1.03,0.28
2136,1.02,0.29
2137,1.03,0.28
2138,1.03,0.29
2139,1.03,0.28
2140,1.05,0.29
2141,1.05,0.28
2142,1.01,0.29
2143,1.06,0.29
2144,1.0,0.3
2145,0.99,0.28
2146,1.04,0.28
2147,0.99,0.28
2148,1.05,0.3
2149,1.05,0.28
2150,1.0,0.29
2151,1.04,0.29
2152,1.01,0.36
2153,1.01,0.33
2154,1.01,0.35
2155,1.01,0.29
2156,1.02,0.29
2157,1.02,0.28
2158,1.02,0.28
2159,1.03,0.29
2160,1.03,0.28
2161,1.05,0.28
2162,1.01,0.28
2163,1.05,0.28
2164,1.03,0.29
2165,1.06,0.29
2166,1.05,0.29
2167,1.0,0.29
2168,1.07,0.29
2169,1.05,0.29
2170,1.01,0.29
2171,1.07,0.29
2172,1.01,0.35
2173,1.03,0.29
2174,1.03,0.29
2175,1.08,0.29
2176,1.07,0.29
2177,1.0,0.29
2178,0.99,0.28
2179,0.9,0.3
2180,0.96,0.31
2181,0.96,0.31
2182,0.93,0.27
2183,0.96,0.3
2184,0.91,0.33
2185,1.0,224.31
2186,1.42,0.39
2187,1.36,0.39
2188,1.33,0.39
2189,1.32,0.39
2190,1.41,0.4
2191,1.06,0.31
2192,1.11,0.3
2193,1.05,0.3
2194,1.11,0.3
2195,1.05,0.3
2196,1.06,0.3
2197,1.05,0.3
2198,1.04,0.35
2199,1.05,0.3
2200,1.07,0.3
2201,1.02,0.29
2202,1.02,0.29
2203,1.08,0.29
2204,1.03,0.29
2205,1.02,0.29
2206,1.02,0.29
2207,1.06,0.29
2208,1.03,0.29
2209,1.01,0.28
2210,1.02,0.29
2211,1.01,0.29
2212,1.05,0.28
2213,1.03,0.29
2214,1.02,0.29
2215,1.07,0.29
2216,1.03,0.29
2217,1.01,0.28
2218,1.06,0.31
2219,1.07,0.28
2220,1.03,0.28
2221,1.07,0.33
2222,1.04,0.29
2223,1.07,0.29
2224,1.06,0.28
2225,1.07,0.29
2226,1.06,0.29
2227,1.02,0.29
2228,1.03,0.28
2229,1.02,0.28
2230,1.02,0.29
2231,1.05,0.29
2232,1.02,0.28
2233,1.01,0.33
2234,1.02,0.29
2235,1.01,0.29
2236,1.03,0.29
2237,1.01,0.28
2238,1.03,0.29
2239,1.02,0.33
2240,1.02,0.29
2241,1.02,0.28
2242,1.02,0.29
2243,1.03,0.29
2244,1.0,0.29
2245,1.02,0.28
2246,1.02,0.28
2247,1.02,0.29
2248,1.03,0.29
2249,1.03,0.29
2250,1.08,0.29
2251,1.02,0.34
2252,1.02,0.29
2253,1.04,0.34
2254,1.03,0.34
2255,1.02,0.29
2256,1.03,0.29
2257,1.06,0.28
2258,1.03,0.29
2259,1.1,0.3
2260,1.03,0.33
2261,1.02,0.28
2262,1.07,0.28
2263,1.03,0.29
2264,1.07,0.28
2265,1.02,0.28
2266,1.08,0.28
2267,1.03,0.29
2268,1.02,0.28
2269,1.07,0.28
2270,1.03,0.28
2271,1.06,0.28
2272,1.03,0.29
2273,1.03,0.28
2274,1.01,0.28
2275,0.92,0.31
2276,1.01,0.3
2277,1.11,0.3
2278,0.93,0.27
2279,0.92,0.28
2280,0.95,0.31
2281,0.99,0.29
2282,1.03,0.29
2283,1.02,0.3
2284,1.02,0.29
2285,1.03,0.29
2286,1.03,0.29
2287,1.03,0.29
2288,1.06,0.29
2289,1.15,0.3
2290,1.13,0.3
2291,1.15,0.3
2292,1.13,0.3
2293,1.15,0.31
2294,1.1,0.3
2295,1.11,0.36
2296,1.1,0.31
2297,1.1,0.3
2298,1.09,0.36
2299,1.09,0.29
2300,1.05,0.28
2301,1.05,0.29
2302,1.05,0.3
2303,1.05,0.34
2304,1.05,0.28
2305,1.05,0.29
2306,1.09,0.29
2307,1.04,0.29
2308,1.03,0.28
2309,1.41,0.31
2310,1.09,0.28
2311,1.11,0.29
2312,1.08,0.29
2313,1.05,0.3
2314,1.1,0.28
2315,1.05,0.29
2316,1.05,0.29
2317,1.08,0.28
2318,1.05,0.29
2319,1.04,0.3
2320,1.06,0.28
2321,1.05,0.29
2322,1.05,0.29
2323,1.1,0.29
2324,1.05,0.34
2325,1.06,0.29
2326,1.06,0.29
2327,1.1,0.29
2328,1.16,0.3
2329,1.12,0.3
2330,1.16,0.31
2331,1.16,0.32
2332,1.12,0.3
2333,1.1,0.31
2334,1.1,0.31
2335,1.11,0.31
2336,1.1,0.36
2337,1.11,0.3
2338,1.1,0.31
2339,1.1,0.31
2340,1.11,0.31
2341,1.1,0.3
2342,1.09,0.31
2343,1.11,0.31
2344,1.1,0.31
2345,1.06,0.29
2346,1.06,0.29
2347,1.06,0.29
2348,1.04,0.28
2349,1.06,0.34
2350,1.03,0.29
2351,1.04,0.3
2352,1.05,0.29
2353,1.04,0.35
2354,1.04,0.29
2355,1.07,0.3
2356,1.05,0.29
2357,1.05,0.28
2358,1.06,0.28
2359,1.06,0.3
2360,1.06,0.29
2361,1.08,0.29
2362,1.07,0.29
2363,1.07,0.3
2364,1.08,0.28
2365,1.1,0.29
2366,1.07,0.29
2367,1.08,0.29
2368,1.06,0.29
2369,1.05,0.29
2370,1.04,0.29
2371,0.98,0.32
2372,1.12,0.28
2373,0.93,2.05
2374,0.96,0.3
2375,1.07,0.28
2376,0.96,0.83
2377,1.0,0.3
2378,1.14,0.28
2379,1.03,0.3
2380,1.12,0.29
2381,1.05,0.29
2382,1.04,0.29
2383,1.05,0.29
2384,1.04,0.29
2385,1.08,0.29
2386,1.01,0.28
2387,1.06,0.28
2388,1.1,0.27
2389,1.04,0.27
2390,1.0,0.27
2391,1.05,0.28
2392,1.0,0.31
2393,1.01,0.27
2394,1.12,0.27
2395,1.06,0.28
2396,1.14,0.31
2397,1.16,0.3
2398,1.2,0.31
2399,1.1,0.31
2400,1.11,0.3
2401,1.11,0.31
2402,1.1,0.35
2403,1.13,0.3
2404,1.16,0.3
2405,1.17,0.31
2406,1.07,0.29
2407,1.12,0.29
2408,1.07,0.29
2409,1.11,0.29
2410,1.12,0.29
2411,1.08,0.3
2412,1.07,0.29
2413,1.05,0.29
2414,1.06,0.29
2415,1.06,0.29
2416,1.11,0.31
2417,1.09,0.37
2418,1.11,0.32
2419,1.16,0.32
2420,1.13,0.31
2421,1.15,0.31
2422,1.09,0.41
2423,1.13,0.32
2424,1.17,0.3
2425,1.09,0.31
2426,1.05,0.29
2427,1.05,0.3
2428,1.04,0.29
2429,1.3,4.13
2430,1.38,0.38
2431,1.38,0.41
2432,1.46,0.38
2433,1.38,0.39
2434,1.39,0.39
2435,1.43,0.39
2436,1.1,0.29
2437,1.05,0.28
2438,1.05,0.28
2439,1.04,0.28
2440,1.06,0.29
2441,1.09,0.28
2442,1.05,0.29
2443,1.08,0.29
2444,1.05,0.29
2445,1.06,0.28
2446,1.06,0.28
2447,1.06,0.29
2448,1.06,0.28
2449,1.06,0.28
2450,1.1,0.28
2451,1.06,0.29
2452,1.11,0.34
2453,1.05,0.28
2454,1.07,0.29
2455,1.11,0.29
2456,1.06,0.28
2457,1.06,0.28
2458,1.13,0.28
2459,1.06,0.29
2460,1.11,0.29
2461,1.07,0.29
2462,1.06,0.28
2463,1.07,0.29
2464,1.06,0.29
2465,1.06,0.33
2466,1.07,0.28
2467,0.97,0.3
2468,1.04,0.28
2469,1.11,0.27
2470,1.06,0.28
2471,1.12,0.28
2472,1.09,0.3
2473,1.12,0.3
2474,1.12,0.31
2475,1.12,0.31
2476,1.11,0.31
2477,1.12,0.34
2478,1.11,0.31
2479,1.2,0.31
2480,1.17,0.31
2481,1.12,0.3
2482,1.06,0.27
2483,1.02,0.27
2484,1.01,0.27
2485,1.04,0.32
2486,1.01,0.28
2487,1.0,0.27
2488,1.14,0.32
2489,1.14,0.33
2490,1.23,0.33
2491,1.2,0.33
2492,1.15,0.33
2493,1.16,0.37
2494,1.21,0.32
2495,1.19,0.33
2496,1.12,0.33
2497,1.03,0.27
2498,0.99,0.27
2499,1.02,0.27
2500,1.02,0.27
2501,0.98,0.27
2502,1.02,0.27
2503,1.01,0.27
2504,0.97,0.27
2505,1.02,0.27
2506,0.98,0.27
2507,0.98,0.32
2508,1.01,0.27
2509,1.01,0.27
2510,1.03,0.27
2511,1.03,0.27
2512,1.08,0.28
2513,1.01,0.27
2514,1.07,0.27
2515,1.02,0.28
2516,0.96,0.26
2517,0.94,0.26
2518,1.04,0.28
2519,0.99,0.31
2520,0.98,0.3
2521,0.98,0.26
2522,0.99,0.27
2523,0.98,0.27
2524,0.97,0.27
2525,0.99,0.27
2526,0.98,0.27
2527,1.0,0.27
2528,1.07,0.27
2529,1.05,0.28
2530,1.09,0.28
2531,1.08,0.29
2532,1.03,0.29
2533,1.07,0.28
2534,1.03,0.33
2535,1.09,0.29
2536,1.04,0.28
2537,1.06,0.29
2538,1.06,0.28
2539,1.02,0.28
2540,1.01,0.29
2541,1.03,0.33
2542,1.06,0.29
2543,1.07,0.29
2544,1.04,0.33
2545,1.04,0.28
2546,1.02,0.32
2547,1.07,0.29
2548,1.02,0.28
2549,0.98,0.27
2550,0.99,0.27
2551,0.99,0.34
2552,0.97,0.27
2553,1.0,0.27
2554,1.05,0.27
2555,1.0,0.28
2556,1.08,0.27
2557,0.99,0.27
2558,1.09,0.28
2559,1.03,0.28
2560,1.07,0.29
2561,1.05,0.28
2562,1.04,0.29
2563,0.97,0.32
2564,1.04,1.16
2565,1.04,0.3
2566,0.99,0.4
2567,1.05,0.25
2568,0.93,0.29
2569,1.0,0.27
2570,1.01,0.29
2571,1.09,0.27
2572,1.01,0.27
2573,0.99,0.27
2574,0.99,0.27
2575,1.0,0.27
2576,1.01,0.27
2577,1.02,0.27
2578,1.07,0.27
2579,1.03,0.28
2580,1.08,0.29
2581,1.05,0.28
2582,1.03,0.28
2583,1.06,0.29
2584,1.08,0.29
2585,1.07,0.28
2586,1.05,0.29
2587,1.09,0.29
2588,1.07,0.29
2589,1.02,0.29
2590,1.02,0.29
2591,1.02,0.3
2592,1.04,0.29
2593,1.0,0.29
2594,1.03,0.33
2595,1.06,0.29
2596,1.03,0.29
2597,1.02,0.29
2598,1.0,0.29
2599,0.99,0.33
2600,0.98,0.29
2601,0.98,0.29
2602,0.99,0.29
2603,1.02,0.29
2604,0.97,0.29
2605,0.96,0.28
2606,0.99,0.29
2607,0.99,0.29
2608,0.97,0.29
2609,0.97,0.29
2610,0.98,0.29
2611,0.95,0.29
2612,0.98,0.28
2613,0.92,0.29
2614,1.02,0.28
2615,1.02,0.29
2616,1.02,0.28
2617,1.05,0.28
2618,0.98,0.28
2619,0.97,0.32
2620,0.94,0.31
2621,0.95,0.28
2622,0.97,0.28
2623,1.04,0.33
2624,0.98,0.29
2625,1.01,0.28
2626,0.98,0.29
2627,1.03,0.29
2628,1.02,0.28
2629,0.98,0.29
2630,1.02,0.31
2631,1.04,0.3
2632,1.04,0.37
2633,1.02,0.3
2634,1.07,0.3
2635,1.07,0.3
2636,1.02,0.31
2637,1.04,0.3
2638,1.0,0.3
2639,1.04,0.3
2640,1.0,0.3
2641,1.03,0.3
2642,1.06,0.3
2643,1.03,0.3
2644,1.03,0.3
2645,1.02,0.31
2646,1.02,0.3
2647,1.02,0.31
2648,1.02,0.31
2649,1.0,0.33
2650,0.99,0.34
2651,1.0,0.28
2652,0.98,0.28
2653,0.96,0.28
2654,0.97,0.33
2655,0.96,0.29
2656,1.0,0.28
2657,0.97,0.28
2658,1.02,0.28
2659,0.88,0.31
2660,0.91,0.29
2661,0.87,0.26
2662,0.84,0.28
2663,0.87,0.31
2664,0.96,0.26
2665,0.96,0.28
2666,0.97,0.29
2667,0.97,0.28
2668,0.96,0.28
2669,0.98,0.29
2670,1.01,0.28
2671,0.98,245.37
2672,1.33,0.4
2673,1.37,0.38
2674,1.31,0.41
2675,1.1,0.32
2676,1.16,0.33
2677,1.12,0.33
2678,1.13,0.33
2679,1.08,0.31
2680,1.13,0.32
2681,1.12,0.32
2682,1.17,0.32
2683,1.12,0.33
2684,1.12,0.35
2685,0.97,0.32
2686,0.96,0.27
2687,0.97,0.27
2688,0.94,0.26
2689,0.95,0.27
2690,0.95,0.27
2691,0.98,0.27
2692,0.98,0.27
2693,0.94,0.33
2694,0.94,0.27
2695,1.04,0.29
2696,0.99,0.28
2697,0.99,0.29
2698,1.02,0.28
2699,0.98,0.29
2700,1.02,0.28
2701,1.01,0.28
2702,0.98,0.33
2703,1.04,0.28
2704,0.99,0.33
2705,0.98,0.28
2706,0.99,0.28
2707,1.02,0.28
2708,0.99,0.34
2709,1.02,0.29
2710,1.03,0.28
2711,1.02,0.47
2712,1.06,0.28
2713,1.01,0.28
2714,1.04,0.29
2715,1.03,0.29
2716,1.04,0.28
2717,1.03,0.29
2718,1.03,0.28
2719,1.02,0.28
2720,1.02,0.29
2721,1.02,0.49
2722,1.02,0.28
2723,1.03,0.29
2724,1.02,0.29
2725,1.02,0.28
2726,1.03,0.28
2727,1.03,0.29
2728,1.02,0.29
2729,1.01,0.33
2730,1.01,0.28
2731,1.01,0.29
2732,1.01,0.29
2733,1.01,0.29
2734,1.02,0.29
2735,0.98,0.27
2736,0.98,0.27
2737,0.99,0.27
2738,0.98,0.27
2739,0.97,0.27
2740,0.97,0.27
2741,0.98,0.27
2742,0.99,0.27
2743,1.01,0.27
2744,0.98,0.27
2745,0.97,0.27
2746,1.02,0.27
2747,1.02,0.27
2748,0.98,0.33
2749,1.02,0.27
2750,1.02,0.27
2751,1.0,0.27
2752,0.99,0.26
2753,1.08,0.31
2754,1.07,0.3
2755,1.03,0.32
2756,1.05,0.32
2757,1.06,0.3
2758,1.02,0.28
2759,0.96,0.31
2760,1.12,0.3
2761,1.11,0.3
2762,1.02,0.28
2763,1.06,0.29
2764,1.07,0.28
2765,1.08,0.29
2766,1.05,0.28
2767,1.05,0.29
2768,1.08,0.28
2769,1.03,0.29
2770,1.03,0.29
2771,1.03,0.28
2772,0.99,0.27
2773,0.99,0.27
2774,0.98,0.27
2775,0.98,0.27
2776,0.99,0.27
2777,0.98,0.27
2778,0.99,0.27
2779,1.02,0.27
2780,0.99,0.27
2781,0.98,0.27
2782,1.03,0.28
2783,1.02,0.32
2784,1.02,0.28
2785,1.02,0.29
2786,1.03,0.28
2787,1.03,0.28
2788,1.02,0.28
2789,1.07,0.28
2790,1.03,0.3
2791,1.07,0.28
2792,1.03,0.29
2793,1.08,0.29
2794,1.02,0.29
2795,1.07,0.28
2796,1.02,0.29
2797,1.06,0.28
2798,1.01,0.28
2799,1.02,0.28
2800,1.02,0.28
2801,1.02,0.29
2802,1.01,0.28
2803,1.01,0.28
2804,1.02,0.29
2805,1.01,0.28
2806,1.03,0.28
2807,1.05,0.28
2808,1.04,0.29
2809,1.1,0.28
2810,1.02,0.29
2811,1.07,0.28
2812,1.14,0.31
2813,1.16,0.3
2814,1.14,0.32
2815,1.18,0.3
2816,1.13,0.32
2817,1.2,0.3
2818,1.11,0.3
2819,1.14,0.31
2820,1.19,0.31
2821,1.16,0.29
2822,1.06,0.27
2823,1.1,0.28
2824,1.05,0.32
2825,1.1,0.27
2826,1.09,0.28
2827,1.01,0.27
2828,1.01,0.27
2829,1.02,0.27
2830,1.01,0.27
2831,1.14,0.27
2832,1.11,0.29
2833,1.09,0.3
2834,1.15,0.29
2835,1.09,0.28
2836,1.1,0.29
2837,1.15,0.29
2838,1.1,0.34
2839,1.14,0.29
2840,1.06,0.28
2841,1.11,0.28
2842,1.13,0.28
2843,1.16,0.28
2844,1.09,0.3
2845,1.14,0.29
2846,1.1,0.29
2847,1.15,0.28
2848,1.11,0.34
2849,1.16,0.29
2850,1.09,0.29
2851,1.06,0.29
2852,1.04,1.82
2853,1.03,0.3
2854,1.01,0.3
2855,0.93,0.27
2856,0.97,0.28
2857,1.03,0.28
2858,1.08,0.28
2859,1.04,0.29
2860,1.11,0.29
2861,1.04,0.29
2862,1.1,0.29
2863,1.04,0.29
2864,1.04,0.3
2865,1.04,0.29
2866,1.04,0.29
2867,1.03,0.29
2868,1.03,0.3
2869,1.03,0.29
2870,1.03,0.3
2871,1.03,0.28
2872,1.04,0.35
2873,1.02,0.29
2874,1.05,0.29
2875,1.1,0.29
2876,1.07,0.29
2877,1.08,0.29
2878,1.07,0.3
2879,1.04,0.29
2880,1.08,0.29
2881,1.03,0.28
2882,1.08,0.28
2883,1.03,0.29
2884,1.07,0.29
2885,1.03,0.29
2886,1.0,0.28
2887,1.0,0.28
2888,1.0,0.29
2889,1.02,0.29
2890,1.0,0.28
2891,1.01,0.28
2892,1.02,0.29
2893,1.0,0.29
2894,1.0,0.29
2895,1.05,0.29
2896,1.02,0.29
2897,1.03,0.28
2898,0.98,0.29
2899,1.07,0.28
2900,1.04,0.29
2901,1.09,0.29
2902,1.08,0.29
2903,1.04,0.28
2904,1.12,0.29
2905,1.09,0.28
2906,1.12,0.29
2907,1.07,0.29
2908,1.05,0.29
2909,1.05,0.29
2910,1.02,0.28
2911,1.04,0.29
2912,1.02,0.29
2913,1.03,0.28
2914,1.31,4.73
2915,1.42,0.39
2916,1.47,0.42
2917,1.47,2.5
2918,1.42,3.74
2919,1.5,0.38
2920,1.48,0.39
2921,1.4,0.38
2922,1.07,0.3
2923,1.07,0.28
2924,1.06,0.33
2925,1.06,0.28
2926,1.1,0.29
2927,1.08,0.28
2928,1.08,0.28
2929,1.08,0.3
2930,1.12,0.3
2931,1.12,0.3
2932,1.12,0.31
2933,1.12,0.31
2934,1.13,0.3
2935,1.2,0.32
2936,1.17,0.3
2937,1.13,0.31
2938,1.18,0.31
2939,1.08,0.3
2940,1.08,0.28
2941,1.08,0.29
2942,1.07,0.34
2943,1.07,0.3
2944,1.09,0.28
2945,1.04,0.35
2946,1.05,0.28
2947,0.98,0.28
2948,1.14,0.3
2949,1.02,2.67
2950,1.02,0.3
2951,1.05,0.28
2952,0.98,0.26
2953,1.01,0.29
2954,1.08,0.28
2955,1.1,0.29
2956,1.13,0.29
2957,1.09,0.29
2958,1.1,0.29
2959,1.15,0.29
2960,1.09,0.27
2961,1.07,0.27
2962,1.05,0.27
2963,1.02,0.27
2964,1.06,0.28
2965,1.05,0.28
2966,1.11,0.27
2967,1.05,0.28
2968,1.02,0.27
2969,1.16,0.31
2970,1.09,0.3
2971,1.08,0.31
2972,1.15,0.31
2973,1.14,0.31
2974,1.12,0.3
2975,1.12,0.31
2976,1.11,0.35
2977,1.12,0.31
2978,1.16,0.31
2979,1.1,0.28
2980,1.1,0.28
2981,1.09,0.29
2982,1.09,0.29
2983,1.1,0.3
2984,1.09,0.29
2985,1.15,0.29
2986,1.13,0.29
2987,1.1,0.28
2988,1.14,0.28
2989,1.14,0.29
2990,1.09,0.33
2991,1.09,0.29
2992,1.06,0.29
2993,1.14,0.29
2994,1.1,0.29
2995,1.09,0.31
2996,1.08,0.28
2997,1.08,0.29
2998,1.1,0.29
2999,1.09,0.3
3000,1.14,0.31
3001,1.15,0.31
3002,1.13,0.35
3003,1.12,0.31
3004,1.13,0.31
3005,1.13,0.31
3006,1.12,0.3
3007,1.12,0.31
3008,1.11,0.3
3009,1.11,0.31
3010,1.04,0.28
3011,1.03,0.29
3012,1.03,0.34
3013,1.03,0.29
3014,1.02,0.29
3015,1.03,0.28
3016,1.03,0.27
3017,1.03,0.28
3018,1.07,0.29
3019,1.02,0.29
3020,1.02,0.28
3021,1.07,0.28
3022,1.06,0.29
3023,1.02,0.33
3024,1.03,0.34
3025,1.04,0.34
3026,1.05,0.28
3027,1.04,0.29
3028,1.05,0.29
3029,1.12,0.29
3030,1.11,0.29
3031,1.12,0.29
3032,1.13,0.29
3033,1.08,0.33
3034,1.07,0.28
3035,1.07,0.28
3036,1.11,0.29
3037,1.07,0.29
3038,1.11,0.29
3039,1.1,0.29
3040,1.06,0.34
3041,1.16,0.31
3042,1.12,0.35
3043,1.07,0.33
3044,1.13,1.64
3045,1.03,0.37
3046,1.1,0.33
3047,1.15,0.3
3048,1.06,0.27
3049,1.05,0.33
3050,1.2,0.3
3051,1.1,0.3
3052,1.09,0.29
3053,1.09,0.29
3054,1.11,0.29
3055,1.13,0.28
3056,1.14,0.29
3057,1.1,0.28
3058,1.15,0.29
3059,1.14,0.29
3060,1.1,0.34
3061,1.1,0.29
3062,1.1,0.29
3063,1.08,0.34
3064,1.09,0.29
3065,1.11,0.29
3066,1.13,0.28
3067,1.09,0.34
3068,1.1,0.29
3069,1.09,0.29
3070,1.09,0.29
3071,1.09,0.3
3072,1.09,0.29
3073,1.14,0.29
3074,1.14,0.29
3075,1.1,0.29
3076,1.16,0.29
3077,1.1,0.29
3078,1.11,0.29
3079,1.1,0.29
3080,1.15,0.3
3081,1.11,0.28
3082,1.21,0.32
3083,1.16,0.31
3084,1.21,0.31
3085,1.15,0.3
3086,1.21,0.31
3087,1.14,0.31
3088,1.19,0.3
3089,1.14,0.35
3090,1.12,0.31
3091,1.11,0.31
3092,1.12,0.29
3093,1.06,0.29
3094,1.06,0.29
3095,1.07,0.29
3096,1.08,0.29
3097,1.1,0.29
3098,1.07,0.29
3099,1.11,0.29
3100,1.12,0.34
3101,1.06,0.29
3102,1.1,0.35
3103,1.16,0.3
3104,1.12,0.36
3105,1.15,0.35
3106,1.14,0.31
3107,1.14,0.32
3108,1.14,0.3
3109,1.13,0.3
3110,1.14,0.3
3111,1.14,0.32
3112,1.18,0.31
3113,1.14,0.31
3114,1.2,0.32
3115,1.14,0.31
3116,1.14,0.31
3117,1.18,0.31
3118,1.14,0.31
3119,1.13,0.29
3120,1.12,0.29
3121,1.07,0.29
3122,1.07,0.29
3123,1.08,0.32
3124,1.06,0.28
3125,1.05,0.29
3126,1.09,0.29
3127,1.03,0.29
3128,1.13,0.31
3129,1.08,0.3
3130,1.08,0.35
3131,1.11,0.3
3132,1.06,0.35
3133,1.05,0.3
3134,1.04,0.29
3135,1.05,0.34
3136,1.05,0.3
3137,1.03,0.29
3138,1.08,0.28
3139,0.97,0.3
3140,0.98,2.93
3141,0.94,0.28
3142,1.06,0.28
3143,0.93,0.43
3144,0.92,0.32
3145,1.09,0.28
3146,1.04,0.28
3147,1.04,0.28
3148,1.05,0.29
3149,1.04,0.29
3150,1.08,0.28
3151,1.03,0.28
3152,1.04,0.29
3153,1.04,0.29
3154,1.06,0.29
3155,1.09,0.28
3156,1.03,227.43
3157,1.28,0.41
3158,1.4,2.81
3159,1.38,0.4
3160,1.43,2.71
3161,1.45,2.34
3162,1.36,2.8
3163,1.37,0.38
3164,1.36,0.4
3165,1.03,0.26
3166,1.0,0.27
3167,0.98,0.26
3168,0.98,0.26
3169,0.97,0.27
3170,1.01,0.27
3171,1.03,0.27
3172,0.98,0.28
3173,1.0,0.27
3174,1.0,0.27
3175,1.03,0.29
3176,1.08,0.29
3177,1.03,0.31
3178,1.03,0.3
3179,1.03,0.3
3180,1.04,0.3
3181,1.02,0.3
3182,1.03,0.3
3183,1.02,0.3
3184,1.04,0.27
3185,0.96,0.27
3186,0.97,0.27
3187,1.0,0.27
3188,0.96,0.27
3189,0.97,0.3
3190,0.97,0.27
3191,0.97,0.27
3192,0.98,0.27
3193,0.98,0.27
3194,1.01,0.27
3195,1.03,0.29
3196,1.04,0.29
3197,1.04,0.29
3198,1.05,0.29
3199,1.04,0.28
3200,1.04,0.28
3201,1.08,0.28
3202,1.03,0.33
3203,1.08,0.28
3204,1.04,0.29
3205,1.08,0.29
3206,1.04,0.33
3207,1.04,0.28
3208,1.08,0.29
3209,1.04,0.3
3210,1.07,0.29
3211,1.03,0.29
3212,1.06,0.29
3213,1.04,0.29
3214,1.07,0.29
3215,1.05,0.28
3216,1.07,0.28
3217,1.03,0.29
3218,1.02,0.29
3219,1.03,0.28
3220,1.02,0.28
3221,1.01,0.29
3222,1.01,0.29
3223,1.06,0.31
3224,1.02,0.26
3225,1.01,0.27
3226,0.98,0.31
3227,0.97,0.27
3228,0.98,0.27
3229,0.96,0.27
3230,0.95,0.27
3231,1.04,0.27
3232,0.94,0.27
3233,0.94,0.27
3234,1.0,0.27
3235,0.87,0.3
3236,1.02,0.31
3237,0.95,0.28
3238,0.87,0.27
3239,0.9,0.3
3240,1.14,0.28
3241,1.0,0.3
3242,1.04,0.29
3243,0.99,0.29
3244,1.06,0.34
3245,0.98,0.29
3246,1.03,0.29
3247,0.98,0.29
3248,0.98,0.29
3249,0.99,0.28
3250,1.0,0.28
3251,0.99,0.29
3252,0.99,0.4
3253,0.98,0.29
3254,0.99,0.33
3255,0.99,0.28
3256,0.99,0.29
3257,0.98,0.33
3258,1.05,0.28
3259,1.14,0.32
3260,1.1,0.32
3261,1.11,0.33
3262,1.1,0.33
3263,1.11,0.33
3264,1.15,0.33
3265,1.14,0.34
3266,1.09,0.32
3267,1.09,0.32
3268,0.96,0.27
3269,0.94,0.27
3270,0.93,0.27
3271,0.94,0.28
3272,0.94,0.27
3273,0.95,0.27
3274,0.94,0.27
3275,1.05,0.3
3276,1.07,0.3
3277,1.06,0.3
3278,1.04,0.3
3279,1.08,0.3
3280,1.03,0.31
3281,1.09,0.3
3282,1.04,0.3
3283,1.07,0.3
3284,1.03,0.3
3285,0.94,0.27
3286,0.94,0.27
3287,0.97,0.27
3288,0.94,0.27
3289,0.93,0.27
3290,0.99,0.27
3291,0.93,0.27
3292,1.0,0.27
3293,0.93,0.32
3294,0.94,0.27
3295,0.93,0.27
3296,0.97,0.29
3297,0.97,0.29
3298,0.97,0.29
3299,0.97,0.33
3300,0.97,0.3
3301,0.96,0.29
3302,0.97,0.29
3303,0.97,0.28
3304,0.96,0.29
3305,0.97,0.28
3306,0.92,0.32
3307,0.92,0.27
3308,0.93,0.31
3309,0.93,0.28
3310,0.92,0.27
3311,0.91,0.27
3312,0.87,0.27
3313,0.91,0.27
3314,0.89,0.27
3315,0.95,0.27
3316,0.92,0.28
3317,0.92,0.28
3318,0.97,0.28
3319,0.96,0.29
3320,0.97,0.29
3321,0.98,0.29
3322,0.96,0.29
3323,1.03,0.28
3324,0.98,0.34
3325,0.98,0.32
3326,0.98,0.3
3327,0.98,0.29
3328,0.98,0.29
3329,0.98,0.3
3330,0.99,0.28
3331,0.89,0.31
3332,1.04,0.28
3333,0.88,0.34
3334,0.86,0.26
3335,0.91,0.31
3336,0.95,0.31
3337,0.87,0.26
3338,1.05,0.29
3339,0.98,0.33
3340,0.98,0.29
3341,1.03,0.29
3342,0.99,0.34
3343,0.98,0.34
3344,0.99,0.29
3345,1.0,0.29
3346,0.99,0.29
3347,1.04,0.28
3348,0.99,0.29
3349,0.98,0.29
3350,0.99,0.29
3351,0.98,0.29
3352,0.99,0.29
3353,0.99,0.29
3354,0.99,0.33
3355,0.99,0.29
3356,0.99,0.29
3357,1.03,0.29
3358,0.99,0.29
3359,1.04,0.28
3360,0.99,0.29
3361,1.02,0.29
3362,1.03,0.29
3363,0.99,0.29
3364,1.03,0.29
3365,1.02,0.28
3366,1.03,0.29
3367,1.03,0.28
3368,0.99,0.29
3369,1.01,0.28
3370,0.99,0.29
3371,0.98,0.28
3372,1.02,0.29
3373,0.99,0.29
3374,1.04,0.29
3375,0.99,0.28
3376,1.04,0.29
3377,1.01,0.29
3378,0.96,0.29
3379,0.97,0.29
3380,0.97,0.29
3381,0.97,0.29
3382,0.97,0.29
3383,0.98,0.29
3384,0.97,0.29
3385,1.0,0.29
3386,0.97,0.28
3387,1.03,0.29
3388,0.96,0.29
3389,0.96,0.29
3390,0.98,0.29
3391,0.95,0.29
3392,0.97,0.29
3393,0.96,0.35
3394,0.96,0.33
3395,0.96,0.29
3396,0.95,0.29
3397,0.95,0.32
3398,0.97,0.29
3399,0.96,0.29
3400,1.17,3.79
3401,1.32,0.39
3402,1.28,0.4
3403,1.34,0.41
3404,1.07,0.32
3405,1.07,0.37
3406,1.06,0.31
3407,1.05,0.33
3408,1.02,0.32
3409,1.03,0.32
3410,1.01,0.36
3411,1.11,0.31
3412,1.03,0.32
3413,1.06,0.33
3414,0.99,0.28
3415,0.95,0.28
3416,0.95,0.28
3417,1.01,0.28
3418,0.96,0.28
3419,0.97,0.28
3420,1.01,0.28
3421,1.02,0.3
3422,1.01,0.31
3423,1.06,0.3
3424,1.03,0.31
3425,1.03,0.29
3426,1.0,0.29
3427,0.93,0.38
3428,1.06,0.32
3429,0.92,0.31
3430,0.92,0.28
3431,0.95,0.34
3432,1.01,0.29
3433,1.02,0.3
3434,1.04,0.29
3435,1.03,0.31
3436,1.01,0.3
3437,1.01,0.35
3438,1.01,0.3
3439,1.08,0.3
3440,0.92,0.27
3441,0.96,0.28
3442,0.94,0.27
3443,0.93,0.32
3444,0.99,0.27
3445,0.91,0.27
3446,0.94,0.27
3447,0.99,0.27
3448,0.94,0.27
3449,1.02,0.3
3450,0.98,0.3
3451,1.08,0.3
3452,1.04,0.3
3453,1.07,0.3
3454,1.03,0.35
3455,1.07,0.3
3456,1.04,0.3
3457,0.99,0.3
3458,1.0,0.3
3459,0.94,0.32
3460,0.94,0.28
3461,0.95,0.29
3462,0.94,0.28
3463,0.94,0.28
3464,0.95,0.28
3465,0.97,0.3
3466,0.94,0.28
3467,0.94,0.28
3468,0.94,0.29
3469,0.94,0.28
3470,0.96,0.28
3471,0.95,0.28
3472,0.95,0.29
3473,0.94,0.28
3474,0.95,0.28
3475,0.95,0.28
3476,0.99,0.29
3477,0.99,0.28
3478,0.94,0.28
3479,1.02,0.29
3480,1.03,0.29
3481,1.0,0.29
3482,1.06,0.28
3483,1.0,0.29
3484,1.03,0.29
3485,1.03,0.29
3486,0.98,0.33
3487,0.98,0.29
3488,0.98,0.29
3489,0.98,0.33
3490,0.98,0.29
3491,1.02,0.29
3492,0.98,0.29
3493,0.97,0.28
3494,0.97,0.29
3495,0.96,0.29
3496,1.0,0.29
3497,0.95,0.28
3498,1.0,0.29
3499,0.95,0.29
3500,0.92,0.28
3501,0.94,0.29
3502,0.97,0.28
3503,0.97,0.29
3504,1.02,0.29
3505,0.98,0.28
3506,0.97,0.29
3507,1.04,0.29
3508,0.97,0.29
3509,0.98,0.33
3510,0.99,0.29
3511,0.98,0.29
3512,1.02,0.28
3513,0.99,0.29
3514,0.98,0.28
3515,0.98,0.29
3516,0.99,0.29
3517,0.99,0.29
3518,1.03,0.29
3519,0.99,0.28
3520,0.98,0.29
3521,1.03,0.29
3522,0.98,0.29
3523,0.9,0.3
3524,0.99,0.28
3525,0.87,0.27
3526,0.91,0.31
3527,1.01,2.29
3528,0.9,0.3
3529,1.03,0.28
3530,1.04,0.29
3531,1.0,0.29
3532,1.04,0.29
3533,0.99,0.29
3534,1.05,0.29
3535,1.0,0.29
3536,1.05,0.29
3537,1.01,0.29
3538,1.04,0.29
3539,1.0,0.29
3540,1.08,0.29
3541,1.02,0.29
3542,1.02,0.29
3543,1.02,0.35
3544,1.01,0.29
3545,1.01,0.28
3546,1.02,0.29
3547,1.02,0.28
3548,1.07,0.29
3549,1.01,0.28
3550,1.06,0.29
3551,1.01,0.29
3552,1.01,0.29
3553,1.01,0.29
3554,1.04,0.28
3555,1.02,0.29
3556,1.02,0.29
3557,1.04,0.29
3558,1.03,0.28
3559,1.03,0.29
3560,1.03,0.29
3561,1.09,0.28
3562,1.1,0.29
3563,1.08,0.29
3564,1.04,0.3
3565,1.09,0.29
3566,1.03,0.29
3567,1.08,0.29
3568,1.03,0.29
3569,1.03,0.29
3570,1.04,0.29
3571,1.1,0.29
3572,1.03,0.34
3573,1.04,0.29
3574,1.04,0.28
3575,1.02,0.33
3576,1.02,0.29
3577,1.02,0.29
3578,1.01,0.29
3579,1.0,0.29
3580,1.04,0.28
3581,0.99,0.29
3582,0.98,0.29
3583,1.0,0.29
3584,1.0,0.29
3585,1.0,0.29
3586,0.99,0.28
3587,0.99,0.28
3588,0.99,0.29
3589,0.99,0.29
3590,1.05,0.29
3591,1.01,0.28
3592,1.0,0.3
3593,0.99,0.28
3594,0.99,0.28
3595,0.99,0.28
3596,1.05,0.29
3597,1.03,0.28
3598,0.99,0.29
3599,1.03,0.28
3600,1.0,0.34
3601,1.0,0.28
3602,1.05,0.28
3603,1.03,0.28
3604,1.01,0.3
3605,1.06,0.29
3606,1.03,0.29
3607,1.08,0.29
3608,1.03,0.29
3609,1.1,0.28
3610,1.04,0.29
3611,1.03,0.29
3612,1.04,0.29
3613,1.03,0.29
3614,1.05,0.29
3615,1.09,0.31
3616,1.12,0.31
3617,1.09,0.3
3618,1.14,0.31
3619,1.02,0.32
3620,1.07,0.31
3621,1.02,0.34
3622,1.05,0.29
3623,1.08,0.29
3624,0.96,1.72
3625,0.95,0.3
3626,0.95,0.3
3627,0.95,0.32
3628,1.1,0.34
3629,1.09,0.29
3630,1.06,0.29
3631,1.08,0.29
3632,1.1,0.29
3633,1.1,0.29
3634,1.11,0.29
3635,1.07,0.28
3636,1.1,0.29
3637,1.04,0.29
3638,1.08,0.29
3639,1.05,0.29
3640,1.11,0.29
3641,1.06,0.29
3642,1.05,279.52
3643,1.34,0.47
3644,1.46,0.43
3645,1.39,2.89
3646,1.18,2.12
3647,1.2,0.32
3648,1.23,0.32
3649,1.23,0.33
3650,1.19,0.33
3651,1.22,0.32
3652,1.19,0.33
3653,1.15,0.33
3654,1.2,0.35
3655,1.2,0.28
3656,1.13,0.29
3657,1.09,0.29
3658,1.12,0.29
3659,1.06,0.29
3660,1.11,0.29
3661,1.15,0.29
3662,1.11,0.28
3663,1.12,0.29
3664,1.09,0.28
3665,1.11,0.28
3666,1.07,0.29
3667,1.08,0.28
3668,1.06,0.29
3669,1.08,0.29
3670,1.06,0.29
3671,1.06,0.29
3672,1.06,0.28
3673,1.06,0.29
3674,1.05,0.29
3675,1.1,0.28
3676,1.03,0.28
3677,1.08,0.28
3678,1.04,0.28
3679,1.02,0.29
3680,1.03,0.29
3681,0.98,0.28
3682,1.03,0.29
3683,0.96,0.29
3684,0.99,0.28
3685,0.95,0.29
3686,0.93,0.29
3687,0.95,0.33
3688,0.95,0.29
3689,0.95,0.34
3690,0.95,0.29
3691,0.95,0.28
3692,0.95,0.29
3693,0.96,0.28
3694,0.92,0.32
3695,0.96,0.28
3696,0.95,0.28
3697,0.95,0.28
3698,0.95,0.33
3699,0.95,0.28
3700,0.95,0.29
3701,0.94,0.29
3702,0.95,0.29
3703,0.95,0.34
3704,0.95,0.29
3705,0.96,0.29
3706,0.99,0.28
3707,0.95,0.29
3708,0.99,0.28
3709,0.96,0.29
3710,0.99,0.28
3711,0.95,0.29
3712,1.02,0.28
3713,0.97,0.28
3714,1.02,0.29
3715,0.91,0.32
3716,1.05,2.54
3717,0.89,0.3
3718,1.0,0.3
3719,0.92,0.27
3720,0.86,0.26
3721,1.02,0.28
3722,0.99,0.29
3723,1.0,0.28
3724,0.99,0.28
3725,1.0,0.28
3726,1.01,0.3
3727,1.0,0.28
3728,1.0,0.29
3729,1.03,0.28
3730,1.01,0.29
3731,1.01,0.28
3732,1.03,0.29
3733,1.02,0.29
3734,1.03,0.29
3735,1.05,0.28
3736,1.04,0.28
3737,1.08,0.29
3738,1.03,0.28
3739,1.06,0.28
3740,1.02,0.28
3741,1.03,0.29
3742,1.02,0.28
3743,1.01,0.34
3744,1.02,0.28
3745,1.03,0.29
3746,1.05,0.28
3747,1.03,0.28
3748,1.07,0.29
3749,1.04,0.29
3750,1.06,0.29
3751,1.03,0.29
3752,1.07,0.29
3753,1.01,0.29
3754,1.0,0.28
3755,1.01,0.29
3756,1.0,0.34
3757,1.0,0.28
3758,0.98,0.29
3759,0.98,0.29
3760,0.97,0.28
3761,0.98,0.28
3762,1.02,0.3
3763,1.08,0.31
3764,1.02,0.3
3765,1.07,0.31
3766,1.0,0.3
3767,0.99,0.3
3768,1.02,0.3
3769,1.01,0.3
3770,1.02,0.3
3771,1.02,0.29
3772,0.95,0.28
3773,0.96,0.33
3774,0.95,0.28
3775,0.94,0.29
3776,0.95,0.28
3777,1.01,0.44
3778,0.77,0.22
3779,0.77,0.22
3780,0.81,0.22
3781,0.78,0.23
3782,0.78,0.22
3783,0.76,0.22
3784,0.77,0.22
3785,0.8,0.22
3786,0.78,0.22
3787,0.77,0.26
3788,0.77,0.22
3789,0.81,0.22
3790,0.77,0.22
3791,0.78,0.22
3792,0.77,0.22
3793,0.79,0.22
3794,0.79,0.22
3795,0.81,0.22
3796,0.78,0.22
3797,0.78,0.22
3798,0.78,0.22
3799,0.79,0.22
3800,0.81,0.22
3801,0.77,0.22
3802,0.8,0.22
3803,0.78,0.22
3804,0.78,0.22
3805,0.8,0.22
3806,0.82,0.22
3807,0.78,0.22
3808,0.79,0.22
3809,0.79,0.25
3810,0.78,0.22
3811,0.69,0.24
3812,0.72,0.2
3813,0.72,0.24
3814,0.77,0.22
3815,0.72,0.2
3816,0.75,0.25
3817,0.76,0.2
3818,0.82,0.22
3819,0.79,0.22
3820,0.79,0.22
3821,0.8,0.22
3822,0.85,0.22
3823,0.8,0.22
3824,0.81,0.25
3825,0.8,0.22
3826,0.84,0.23
3827,0.81,0.22
3828,0.81,0.22
3829,0.8,0.25
3830,0.8,0.22
3831,0.81,0.22
3832,0.81,0.22
3833,0.81,0.22
3834,0.81,0.22
3835,0.81,0.22
3836,0.81,0.22
3837,0.82,0.22
3838,0.83,0.22
3839,0.81,0.22
3840,0.81,0.22
3841,0.82,0.23
3842,0.82,0.26
3843,0.81,0.22
3844,0.85,0.22
3845,0.81,0.22
3846,0.84,0.22
3847,0.81,0.22
3848,0.8,0.22
3849,0.81,0.22
3850,0.8,0.22
3851,0.84,0.22
3852,0.8,0.21
3853,0.75,0.22
3854,0.76,0.21
3855,0.75,0.22
3856,0.8,0.22
3857,0.76,0.22
3858,0.76,0.21
3859,0.76,0.22
3860,0.76,0.21
3861,0.75,0.21
3862,0.76,0.21
3863,0.74,0.25
3864,0.75,0.21
3865,0.76,0.22
3866,0.74,0.21
3867,0.75,0.26
3868,0.74,0.22
3869,0.73,0.22
3870,0.77,0.22
3871,0.73,0.22
3872,0.72,0.22
3873,0.73,0.22
3874,0.72,0.22
3875,0.74,0.22
3876,0.68,0.22
3877,0.69,0.21
3878,0.69,0.21
3879,0.78,0.22
3880,0.73,0.22
3881,0.71,0.22
3882,0.72,0.21
3883,0.75,0.22
3884,0.73,0.22
3885,0.67,2.06
3886,0.73,0.21
3887,0.74,0.22
3888,0.77,0.21
3889,0.77,0.22
3890,0.76,0.21
3891,0.77,0.22
3892,0.74,0.22
3893,0.77,0.22
3894,0.73,0.21
3895,0.81,0.21
3896,0.8,0.21
3897,0.78,0.22
3898,0.79,0.22
3899,0.8,0.22
3900,0.77,0.22
3901,0.76,0.21
3902,0.78,0.21
3903,0.77,0.22
3904,0.76,0.22
3905,0.77,0.22
3906,0.81,0.23
3907,0.7,0.26
3908,0.67,0.22
3909,0.68,0.2
3910,0.7,0.25
3911,0.66,0.2
3912,0.66,0.21
3913,0.81,0.21
3914,0.81,0.22
3915,0.79,0.22
3916,0.81,0.22
3917,0.78,0.22
3918,0.78,0.22
3919,0.78,0.21
3920,0.78,0.21
3921,0.79,0.21
3922,0.8,0.22
3923,0.77,0.22
3924,0.79,0.21
3925,0.79,0.21
3926,0.78,0.22
3927,0.77,0.23
3928,0.78,0.22
3929,0.78,0.22
3930,0.81,0.22
3931,0.79,0.21
3932,0.78,0.21
3933,0.81,0.21
3934,0.8,0.21
3935,0.8,0.22
3936,0.8,0.22
3937,0.84,0.22
3938,0.81,0.22
3939,0.81,0.22
3940,0.8,0.22
3941,0.81,0.25
3942,0.8,0.26
3943,0.78,0.22
3944,0.82,0.21
3945,0.79,0.22
3946,0.79,0.22
3947,0.81,0.21
3948,0.79,0.22
3949,0.79,0.22
3950,0.79,0.22
3951,0.83,0.22
3952,0.79,0.21
3953,0.78,0.21
3954,0.79,0.21
3955,0.78,0.21
3956,0.75,0.21
3957,0.75,0.24
3958,0.74,0.21
3959,0.75,0.21
3960,0.75,0.21
3961,0.76,0.25
3962,0.75,0.21
3963,0.76,0.28
3964,0.76,0.21
3965,0.83,0.21
3966,0.79,0.22
3967,0.75,0.21
3968,0.81,0.21
3969,0.79,0.22
3970,0.79,0.22
3971,0.79,0.22
3972,0.78,0.22
3973,0.78,0.21
3974,0.79,0.22
3975,0.82,0.22
3976,0.78,0.22
3977,0.8,0.21
3978,0.78,0.25
3979,0.78,0.22
3980,0.81,0.21
3981,0.79,0.22
3982,0.79,0.22
3983,0.78,0.21
3984,0.78,0.22
3985,0.79,0.25
3986,0.78,0.22
3987,0.79,0.22
3988,0.83,0.22
3989,0.79,0.22
3990,0.78,0.22
3991,0.78,0.25
3992,0.78,0.22
3993,0.78,0.22
3994,0.78,0.22
3995,0.79,0.22
3996,0.78,0.22
3997,0.84,0.21
3998,0.79,0.22
3999,0.79,0.22
4000,0.79,0.22
4001,0.79,0.22
4002,0.8,0.22
4003,0.77,0.22
4004,0.86,1.28
4005,0.73,0.2
4006,0.81,0.24
4007,0.71,0.22
4008,0.7,0.23
4009,0.77,0.2
4010,0.77,0.24
4011,0.76,0.21
4012,0.81,0.23
4013,0.84,0.22
4014,0.83,0.22
4015,0.8,0.22
4016,0.79,0.22
4017,0.81,0.22
4018,0.8,0.22
4019,0.8,0.22
4020,0.85,0.22
4021,0.81,0.22
4022,0.8,0.22
4023,0.81,0.22
4024,0.81,0.22
4025,0.82,0.22
4026,0.85,0.22
4027,0.81,0.23
4028,0.81,0.22
4029,0.81,0.22
4030,0.82,0.25
4031,0.85,0.22
4032,0.81,0.22
4033,0.8,0.22
4034,0.81,0.22
4035,0.8,0.22
4036,0.82,0.22
4037,0.85,0.22
4038,0.81,0.22
4039,0.81,0.22
4040,0.81,0.26
4041,0.81,0.23
4042,0.77,0.21
4043,0.81,0.22
4044,0.8,0.22
4045,0.78,0.22
4046,0.79,0.22
4047,0.79,0.21
4048,0.83,0.21
4049,0.79,0.22
4050,0.79,0.22
4051,0.82,0.22
4052,0.83,0.22
4053,0.78,0.22
4054,0.78,0.22
4055,0.78,0.25
4056,0.78,0.25
4057,0.78,0.22
4058,0.78,0.22
4059,0.78,0.22
4060,0.79,0.22
4061,0.78,0.22
4062,0.78,0.25
4063,0.78,0.22
4064,0.77,0.21
4065,0.78,0.22
4066,0.83,0.22
4067,0.77,0.29
4068,0.78,0.22
4069,0.78,0.22
4070,0.78,0.25
4071,0.79,0.22
4072,0.79,0.21
4073,0.81,0.22
4074,0.83,0.22
4075,0.79,0.22
4076,0.79,0.22
4077,0.79,0.25
4078,0.79,0.22
4079,0.79,0.22
4080,0.79,0.22
4081,0.79,0.22
4082,0.79,0.22
4083,0.82,0.22
4084,0.83,0.22
4085,0.78,0.22
4086,0.79,0.21
4087,0.79,0.21
4088,0.78,0.22
4089,0.79,0.22
4090,0.85,0.22
4091,0.8,0.22
4092,0.8,0.22
4093,0.81,0.22
4094,0.81,0.22
4095,0.81,0.22
4096,0.84,0.22
4097,0.81,0.22
4098,0.8,0.25
4099,0.7,0.24
4100,0.73,0.2
4101,0.74,0.24
4102,0.72,0.22
4103,0.73,0.2
4104,0.73,0.24
4105,0.73,0.22
4106,0.85,0.21
4107,0.84,0.22
4108,0.82,0.22
4109,0.82,0.22
4110,0.83,0.22
4111,0.85,0.22
4112,0.83,0.22
4113,0.83,0.21
4114,0.83,0.21
4115,0.86,0.22
4116,0.87,0.22
4117,0.82,0.22
4118,0.82,0.22
4119,0.87,0.22
4120,0.85,0.21
4121,0.83,0.21
4122,0.83,0.22
4123,0.87,0.22
4124,0.84,0.23
4125,0.84,0.22
4126,0.83,0.21
4127,0.88,0.21
4128,0.88,240.68
4129,0.7,0.22
4130,0.84,0.21
4131,0.83,0.21
4132,0.81,0.22
4133,0.82,0.22
4134,0.87,0.22
4135,0.83,0.21
4136,0.83,0.21
4137,0.82,0.22
4138,0.83,0.22
4139,0.83,0.21
4140,0.82,0.25
4141,0.82,0.25
4142,0.83,0.21
4143,0.82,0.22
4144,0.83,0.22
4145,0.84,0.22
4146,0.86,0.22
4147,0.83,0.22
4148,0.81,0.22
4149,0.81,0.22
4150,0.85,0.21
4151,0.81,0.22
4152,0.81,0.22
4153,0.81,0.22
4154,0.81,0.22
4155,0.82,0.22
4156,0.85,0.22
4157,0.81,0.21
4158,0.82,0.22
4159,0.83,0.25
4160,0.83,0.22
4161,0.82,0.22
4162,0.82,0.22
4163,0.81,0.21
4164,0.85,0.22
4165,0.85,0.21
4166,0.81,0.22
4167,0.81,0.21
4168,0.81,0.22
4169,0.81,0.22
4170,0.8,0.22
4171,0.8,0.21
4172,0.79,0.22
4173,0.79,0.22
4174,0.81,0.23
4175,0.79,0.22
4176,0.79,0.22
4177,0.83,0.22
4178,0.79,0.22
4179,0.79,0.22
4180,0.8,0.22
4181,0.79,0.22
4182,0.84,0.22
4183,0.85,0.22
4184,0.79,0.22
4185,0.79,0.21
4186,0.79,0.22
4187,0.85,0.22
4188,0.79,0.22
4189,0.8,0.22
4190,0.79,0.26
4191,0.79,0.22
4192,0.8,0.22
4193,0.79,0.22
4194,0.8,0.22
4195,0.7,0.23
4196,0.69,0.2
4197,0.72,0.25
4198,0.73,0.22
4199,0.71,0.2
4200,0.71,0.25
4201,0.71,0.21
4202,0.84,0.22
4203,0.82,0.22
4204,0.79,0.22
4205,0.77,0.22
4206,0.76,0.21
4207,0.76,0.21
4208,0.76,0.22
4209,0.77,0.21
4210,0.8,0.22
4211,0.8,0.22
4212,0.8,0.22
4213,0.79,0.22
4214,0.84,0.22
4215,0.84,0.22
4216,0.8,0.22
4217,0.84,0.22
4218,0.81,0.22
4219,0.8,0.22
4220,0.8,0.25
4221,0.8,0.22
4222,0.8,0.22
4223,0.71,0.23
4224,0.77,0.23
4225,0.83,0.21
4226,0.8,0.22
4227,0.79,0.22
4228,0.81,0.23
4229,0.81,0.23
4230,0.85,0.22
4231,0.81,0.25
4232,0.81,0.22
4233,0.81,0.22
4234,0.8,0.22
4235,0.79,0.22
4236,0.79,0.22
4237,0.79,0.22
4238,0.79,0.22
4239,0.78,0.22
4240,0.8,0.25
4241,0.79,0.22
4242,0.82,0.22
4243,0.79,0.26
4244,0.79,0.22
4245,0.84,0.22
4246,0.78,0.22
4247,0.78,0.22
4248,0.78,0.22
4249,0.82,0.22
4250,0.8,0.22
4251,0.81,0.22
4252,0.78,0.26
4253,0.78,0.22
4254,0.8,0.22
4255,0.83,0.22
4256,0.77,0.22
4257,0.75,0.21
4258,0.75,0.21
4259,0.81,0.22
4260,0.79,0.22
4261,0.79,0.22
4262,0.79,0.22
4263,0.78,0.22
4264,0.84,0.22
4265,0.78,0.22
4266,0.79,0.26
4267,0.79,0.22
4268,0.79,0.22
4269,1.01,0.31
4270,1.01,0.3
4271,1.03,0.3
4272,1.02,0.3
4273,1.02,0.3
4274,1.03,0.3
4275,1.05,0.31
4276,1.03,0.3
4277,1.02,0.31
4278,1.06,0.3
4279,0.97,0.28
4280,1.01,0.29
4281,0.97,0.29
4282,1.02,0.29
4283,1.02,0.28
4284,0.97,0.29
4285,1.03,0.29
4286,0.97,0.33
4287,0.97,0.29
4288,1.07,0.29
4289,0.98,0.28
4290,0.98,0.33
4291,0.98,0.31
4292,0.96,0.28
4293,0.86,0.27
4294,0.89,0.31
4295,1.03,0.28
4296,0.86,0.28
4297,0.98,0.28
4298,0.99,0.29
4299,0.98,0.28
4300,0.99,0.29
4301,0.99,0.32
4302,0.99,0.29
4303,0.99,0.29
4304,1.0,0.29
4305,1.32,0.55
4306,1.38,0.4
4307,1.32,0.42
4308,1.38,0.39
4309,1.33,0.39
4310,1.34,0.3
4311,1.05,0.3
4312,1.04,0.36
4313,1.06,0.3
4314,1.06,0.31
4315,1.06,0.31
4316,1.04,0.32
4317,1.04,0.3
4318,1.04,0.3
4319,1.04,0.31
4320,1.0,0.29
4321,1.03,0.29
4322,0.99,0.33
4323,0.98,0.29
4324,1.0,0.29
4325,0.99,0.29
4326,1.04,0.29
4327,1.0,0.29
4328,1.01,0.29
4329,1.01,0.32
4330,1.0,0.28
4331,1.03,0.31
4332,1.01,0.3
4333,1.04,0.29
4334,0.99,0.29
4335,0.98,0.29
4336,0.98,0.29
4337,1.02,0.29
4338,0.97,0.29
4339,1.02,0.28
4340,0.99,0.35
4341,1.03,0.29
4342,1.03,0.29
4343,0.98,0.39
4344,1.03,0.3
4345,0.99,0.29
4346,0.98,0.29
4347,1.02,0.29
4348,0.99,0.3
4349,1.05,0.29
4350,1.01,0.29
4351,0.98,0.29
4352,0.98,0.3
4353,0.98,0.29
4354,0.97,0.29
4355,0.98,0.33
4356,0.99,0.3
4357,0.97,0.29
4358,0.97,0.29
4359,0.98,0.29
4360,0.98,0.3
4361,1.02,0.29
4362,0.97,0.29
4363,0.98,0.29
4364,1.02,0.3
4365,1.0,0.28
4366,0.95,0.29
4367,1.02,0.29
4368,1.0,0.3
4369,1.03,0.29
4370,1.02,71.49
4371,0.91,0.3
4372,0.99,0.28
4373,1.02,0.28
4374,1.1,0.33
4375,1.13,0.32
4376,1.15,0.32
4377,1.15,0.32
4378,1.16,0.32
4379,1.11,0.32
4380,1.11,0.32
4381,1.11,0.33
4382,1.11,0.38
4383,1.16,0.32
4384,1.01,0.29
4385,1.05,0.28
4386,1.0,0.28
4387,1.02,0.28
4388,0.97,0.29
4389,0.91,0.33
4390,0.97,0.28
4391,0.96,2.89
4392,0.9,0.28
4393,1.02,0.27
4394,1.0,0.28
4395,0.99,0.33
4396,1.05,0.28
4397,1.03,0.28
4398,0.99,0.28
4399,0.99,0.29
4400,1.04,0.29
4401,1.04,0.35
4402,1.03,0.3
4403,1.04,0.3
4404,1.04,0.32
4405,1.04,0.3
4406,1.04,0.35
4407,1.09,0.3
4408,1.04,0.31
4409,1.1,0.3
4410,1.04,0.3
4411,1.08,0.29
4412,1.32,0.47
4413,1.33,2.71
4414,1.37,0.4
4415,1.12,0.33
4416,1.11,0.33
4417,1.13,0.33
4418,1.08,0.32
4419,1.1,0.38
4420,1.12,0.34
4421,1.12,0.32
4422,1.1,0.32
4423,1.09,0.32
4424,0.96,0.29
4425,0.99,0.28
4426,0.99,0.29
4427,0.99,0.28
4428,0.99,0.29
4429,0.99,0.31
4430,0.99,0.28
4431,0.99,0.28
4432,0.99,0.34
4433,0.99,0.28
4434,0.98,0.29
4435,0.98,0.29
4436,0.98,0.3
4437,0.98,0.29
4438,0.99,0.28
4439,0.98,0.28
4440,1.0,0.35
4441,1.03,0.28
4442,0.99,0.28
4443,0.98,0.28
4444,0.99,0.29
4445,0.98,0.28
4446,0.99,0.28
4447,0.99,0.28
4448,0.98,0.28
4449,0.99,0.28
4450,0.99,0.29
4451,0.99,0.28
4452,1.0,0.29
4453,0.99,0.28
4454,0.99,0.29
4455,1.04,0.28
4456,0.99,0.29
4457,0.99,0.29
4458,1.01,0.28
4459,1.16,0.33
4460,1.11,0.33
4461,1.15,0.33
4462,1.12,0.33
4463,1.1,0.33
4464,1.11,0.33
4465,1.12,0.32
4466,1.11,0.38
4467,1.11,0.32
4468,1.17,0.32
4469,1.0,0.28
4470,1.0,0.29
4471,1.0,0.29
4472,1.0,0.29
4473,1.03,0.29
4474,0.99,0.29
4475,1.04,0.29
4476,0.99,0.3
4477,1.0,0.29
4478,1.03,0.28
4479,0.99,0.29
4480,1.0,0.29
4481,0.99,0.28
4482,1.0,0.33
4483,0.93,0.32
4484,0.97,1.36
4485,0.96,0.3
4486,0.99,0.34
4487,0.92,0.27
4488,0.92,0.3
4489,0.99,0.33
4490,0.99,0.29
4491,0.99,0.29
4492,1.0,0.3
4493,0.99,0.28
4494,0.99,0.33
4495,0.99,0.29
4496,0.99,0.3
4497,1.0,0.29
4498,1.0,0.29
4499,0.99,0.29
4500,0.99,0.29
4501,1.02,0.29
4502,0.99,0.29
4503,0.99,0.29
4504,1.0,0.29
4505,0.99,0.29
4506,0.96,0.29
4507,0.98,0.28
4508,0.98,0.3
4509,0.97,0.28
4510,0.97,0.28
4511,0.96,0.28
4512,0.99,0.29
4513,1.0,0.29
4514,0.99,0.29
4515,0.99,0.29
4516,0.99,0.3
4517,1.04,0.28
4518,0.99,0.29
4519,0.99,0.29
4520,1.0,0.29
4521,0.99,0.29
4522,0.99,0.29
4523,0.99,0.29
4524,0.99,0.3
4525,1.03,0.29
4526,0.99,0.29
4527,1.03,0.29
4528,0.99,0.29
4529,0.96,0.29
4530,0.97,0.35
4531,0.99,0.28
4532,0.98,0.35
4533,0.98,0.29
4534,0.97,0.28
4535,0.96,0.28
4536,0.97,0.29
4537,0.95,0.27
4538,1.0,0.28
4539,0.96,0.29
4540,1.04,0.3
4541,1.0,0.39
4542,1.05,0.29
4543,1.0,0.29
4544,1.0,0.3
4545,0.99,0.29
4546,0.99,0.33
4547,0.99,0.29
4548,1.05,0.29
4549,1.0,0.29
4550,1.04,0.29
4551,0.99,0.29
4552,1.0,0.3
4553,1.0,0.29
4554,0.99,0.29
4555,1.0,0.29
4556,1.0,0.34
4557,0.99,0.28
4558,0.99,0.29
4559,1.03,0.36
4560,1.04,0.31
4561,1.04,0.35
4562,1.04,0.31
4563,1.04,0.3
4564,1.06,0.32
4565,1.04,0.29
4566,1.04,0.35
4567,1.04,0.3
4568,1.04,0.31
4569,1.09,0.3
4570,1.03,0.3
4571,1.05,0.3
4572,1.04,0.31
4573,1.05,0.3
4574,1.04,0.3
4575,1.03,0.3
4576,1.04,0.29
4577,0.99,0.29
4578,0.98,0.29
4579,0.9,0.31
4580,1.04,0.28
4581,0.89,0.58
4582,0.97,0.29
4583,1.01,0.3
4584,1.01,0.64
4585,1.05,0.3
4586,1.04,0.31
4587,1.04,0.3
4588,1.04,0.31
4589,1.04,0.3
4590,1.04,0.3
4591,1.09,0.31
4592,1.04,0.31
4593,1.0,0.29
4594,1.0,0.29
4595,1.05,0.29
4596,1.0,0.29
4597,0.99,0.29
4598,1.01,0.29
4599,1.04,0.29
4600,1.0,0.29
4601,1.04,0.28
4602,1.05,0.29
4603,1.0,0.29
4604,1.01,0.38
4605,1.0,0.29
4606,1.0,0.29
4607,0.99,0.29
4608,1.12,0.33
4609,1.16,0.33
4610,1.11,0.33
4611,1.11,0.33
4612,1.1,0.38
4613,1.1,0.32
4614,1.26,1.58
4615,1.39,0.39
4616,1.32,0.4
4617,1.36,0.42
4618,1.4,0.39
4619,1.05,0.3
4620,1.08,0.3
4621,1.04,0.3
4622,1.09,0.3
4623,1.05,0.3
4624,1.05,0.29
4625,1.05,0.31
4626,1.04,0.3
4627,1.04,0.3
4628,1.05,0.29
4629,1.04,0.28
4630,0.98,0.31
4631,0.99,0.28
4632,0.99,0.28
4633,0.99,0.33
4634,1.03,0.28
4635,0.99,0.28
4636,0.99,0.28
4637,1.05,0.28
4638,1.0,0.29
4639,1.05,0.28
4640,1.0,0.28
4641,1.05,0.34
4642,0.99,0.32
4643,0.99,0.28
4644,1.02,0.28
4645,0.99,0.28
4646,1.0,0.28
4647,0.99,0.28
4648,0.98,0.28
4649,0.98,0.28
4650,0.97,0.28
4651,1.02,0.28
4652,1.0,0.29
4653,0.99,0.29
4654,0.99,0.28
4655,1.03,0.28
4656,0.99,0.28
4657,1.03,0.28
4658,1.0,0.28
4659,0.99,0.29
4660,1.03,0.28
4661,0.99,0.28
4662,1.03,0.28
4663,0.98,0.28
4664,1.05,0.28
4665,0.99,0.28
4666,0.99,0.28
4667,0.99,0.28
4668,0.99,0.28
4669,0.98,0.28
4670,0.99,0.33
4671,0.99,0.29
4672,1.03,0.28
4673,1.0,0.28
4674,1.04,0.28
4675,0.98,0.34
4676,1.09,3.1
4677,0.96,0.29
4678,1.02,0.3
4679,1.01,0.59
4680,0.96,0.31
4681,1.04,0.3
4682,1.05,0.3
4683,1.04,0.32
4684,1.04,0.3
4685,1.04,0.3
4686,1.0,0.28
4687,0.99,0.33
4688,0.99,0.29
4689,0.99,0.28
4690,0.99,0.28
4691,1.0,0.3
4692,0.99,0.28
4693,0.99,0.28
4694,0.99,0.34
4695,0.99,0.28
4696,1.01,0.29
4697,0.99,0.29
4698,1.04,0.28
4699,0.99,0.3
4700,1.04,0.28
4701,0.99,0.29
4702,1.03,0.28
4703,0.98,0.28
4704,0.99,0.28
4705,1.03,0.29
4706,0.98,0.29
4707,1.04,0.29
4708,0.98,0.32
4709,0.98,0.28
4710,1.04,0.28
4711,0.99,0.28
4712,1.04,0.28
4713,1.04,0.28
4714,0.99,0.28
4715,1.05,0.28
4716,1.0,0.28
4717,1.03,0.28
4718,1.0,0.28
4719,0.99,0.29
4720,0.99,0.28
4721,1.02,0.28
4722,0.99,0.28
4723,1.04,0.29
4724,1.03,0.29
4725,1.03,0.28
4726,0.98,0.28
4727,0.99,0.28
4728,0.99,0.29
4729,1.04,0.28
4730,0.99,0.29
4731,0.99,0.3
4732,1.0,0.28
4733,0.99,0.29
4734,1.09,0.3
4735,1.04,0.3
4736,1.04,0.3
4737,1.1,0.3
4738,1.05,0.3
4739,1.05,0.31
4740,1.09,0.36
4741,1.04,0.3
4742,1.04,0.3
4743,1.08,0.3
4744,1.03,0.29
4745,1.0,0.33
4746,0.99,0.29
4747,1.01,0.29
4748,1.01,0.28
4749,1.0,0.29
4750,1.0,0.29
4751,1.0,0.28
4752,1.0,0.28
4753,0.99,0.28
4754,0.99,0.29
4755,0.99,0.29
4756,0.99,0.28
4757,0.99,0.28
4758,1.0,0.29
4759,0.99,0.29
4760,1.05,0.28
4761,1.0,0.29
4762,1.0,0.29
4763,1.0,0.29
4764,0.99,0.29
4765,0.96,0.27
4766,0.96,0.27
4767,1.0,0.27
4768,0.99,0.27
4769,0.96,0.27
4770,0.96,0.28
4771,0.97,0.28
4772,0.99,0.27
4773,0.88,0.26
4774,0.88,0.31
4775,1.01,0.27
4776,0.9,0.26
4777,0.99,0.28
4778,1.04,0.28
4779,1.02,0.29
4780,0.99,0.29
4781,0.99,0.28
4782,1.04,0.28
4783,0.98,0.28
4784,0.99,0.28
4785,0.98,0.28
4786,0.99,0.27
4787,0.95,0.27
4788,0.95,0.27
4789,0.95,0.27
4790,0.95,0.27
4791,0.99,0.27
4792,0.95,0.27
4793,0.95,0.27
4794,1.0,0.27
4795,1.0,0.27
4796,0.96,0.33
4797,1.01,0.28
4798,1.04,0.28
4799,0.99,0.28
4800,1.05,0.28
4801,1.02,0.28
4802,0.99,0.29
4803,1.04,0.29
4804,0.99,0.28
4805,1.0,0.33
4806,0.99,0.29
4807,1.0,0.29
4808,1.0,0.28
4809,1.0,0.29
4810,1.0,0.33
4811,1.0,0.29
4812,1.0,0.29
4813,0.99,0.29
4814,1.0,0.29
4815,1.02,0.29
4816,1.0,0.29
4817,1.0,0.29
4818,1.06,0.29
4819,1.04,0.29
4820,1.01,0.28
4821,1.05,0.29
4822,1.0,0.29
4823,1.04,0.28
4824,0.99,0.33
4825,0.99,0.29
4826,0.99,0.29
4827,0.99,0.29
4828,0.99,0.29
4829,1.04,0.28
4830,0.99,0.28
4831,0.99,0.3
4832,1.05,0.28
4833,1.01,0.29
4834,1.04,0.33
4835,0.99,0.33
4836,0.99,0.29
4837,0.99,0.33
4838,1.03,0.29
4839,0.99,0.34
4840,0.99,0.28
4841,1.0,0.28
4842,1.03,0.29
4843,1.01,0.29
4844,1.07,0.29
4845,1.0,0.28
4846,1.0,0.28
4847,1.0,0.29
4848,1.01,0.29
4849,1.0,0.28
4850,1.02,0.28
4851,1.01,0.29
4852,1.05,0.28
4853,1.01,0.29
4854,1.05,0.29
4855,1.05,0.29
4856,1.03,270.92
4857,1.33,0.38
4858,1.87,1.7
4859,1.82,0.39
4860,1.53,0.33
4861,1.57,0.33
4862,1.52,0.33
4863,1.48,0.34
4864,1.47,0.54
4865,1.55,0.33
4866,1.32,0.36
4867,0.96,0.48
4868,0.94,0.68
4869,1.05,0.28
4870,0.94,0.49
4871,0.95,0.26
4872,0.89,0.3
4873,1.21,0.29
4874,1.05,0.29
4875,1.02,0.29
4876,1.05,0.29
4877,0.99,0.29
4878,1.0,0.29
4879,1.05,0.28
4880,1.04,0.29
4881,1.0,0.32
4882,1.0,0.29
4883,0.99,0.28
4884,1.0,0.28
4885,1.0,0.28
4886,1.0,0.29
4887,0.99,0.29
4888,0.99,0.29
4889,1.0,0.28
4890,0.98,0.28
4891,0.98,0.28
4892,0.97,0.28
4893,1.0,0.32
4894,0.99,0.29
4895,0.99,0.28
4896,1.0,0.28
4897,1.0,0.29
4898,0.99,0.35
4899,1.0,0.28
4900,1.0,0.28
4901,1.0,0.29
4902,1.02,0.29
4903,1.0,0.28
4904,0.99,0.28
4905,0.99,0.3
4906,1.1,0.31
4907,1.17,0.31
4908,1.08,0.31
4909,1.06,0.3
4910,1.14,0.31
4911,1.07,0.31
4912,1.1,0.31
4913,1.05,0.3
4914,1.03,0.31
4915,1.03,0.3
4916,1.05,0.3
4917,1.03,0.3
4918,1.03,0.31
4919,1.01,0.3
4920,1.02,0.31
4921,1.01,0.29
4922,1.0,0.29
4923,0.99,0.28
4924,0.98,0.29
4925,1.0,0.28
4926,0.95,0.29
4927,0.99,0.28
4928,0.93,0.33
4929,0.93,0.29
4930,0.93,0.29
4931,0.92,0.33
4932,0.98,0.31
4933,0.99,0.28
4934,0.95,0.29
4935,0.99,0.28
4936,0.98,0.28
4937,0.94,0.28
4938,0.95,0.41
4939,0.95,0.28
4940,0.97,0.29
4941,0.95,0.28
4942,0.97,0.29
4943,0.9,0.27
4944,0.91,0.27
4945,1.01,0.27
4946,0.94,0.27
4947,0.94,0.27
4948,0.99,0.27
4949,0.97,0.27
4950,0.95,0.32
4951,0.94,0.28
4952,0.93,0.27
4953,0.95,0.27
4954,1.02,0.29
4955,0.99,0.28
4956,0.98,0.29
4957,0.98,0.29
4958,1.02,0.29
4959,0.99,0.29
4960,1.0,0.28
4961,1.04,0.29
4962,1.03,0.48
4963,0.9,0.29
4964,0.98,3.1
4965,0.9,0.28
4966,1.0,0.3
4967,0.93,1.23
4968,0.91,0.28
4969,0.99,0.28
4970,1.0,0.29
4971,1.0,0.29
4972,1.05,0.29
4973,1.0,0.29
4974,1.04,0.29
4975,1.04,0.29
4976,1.0,0.29
4977,1.05,0.29
4978,1.01,0.29
4979,1.02,0.29
4980,1.0,0.29
4981,1.07,0.29
4982,1.04,0.29
4983,1.0,0.29
4984,1.0,0.29
4985,1.0,0.28
4986,1.0,0.34
4987,1.0,0.28
4988,0.99,0.29
4989,1.0,0.28
4990,1.0,0.34
4991,0.99,0.29
4992,1.0,0.29
4993,0.99,0.28
4994,1.0,0.3
4995,0.99,0.28
4996,1.01,0.29
4997,1.0,0.28
4998,1.05,0.29
4999,1.0,0.29
5000,1.0,0.29
5001,1.0,0.28
5002,1.05,0.29
5003,1.01,0.29
5004,0.99,0.28
5005,1.06,0.3
5006,1.01,0.29
5007,1.04,0.29
5008,1.03,0.28
5009,0.99,0.29
5010,1.04,0.29
5011,1.0,0.34
5012,1.0,0.29
5013,1.02,0.29
5014,0.98,0.29
5015,0.96,0.29
5016,0.96,0.29
5017,0.96,0.29
5018,0.96,0.38
5019,0.93,0.28
5020,0.96,0.28
5021,0.98,0.29
5022,0.98,0.29
5023,1.02,0.29
5024,0.97,0.29
5025,1.03,0.29
5026,0.98,0.34
5027,0.98,0.29
5028,1.04,0.29
5029,0.98,0.33
5030,1.04,0.29
5031,0.96,0.29
5032,0.91,0.32
5033,0.93,0.28
5034,0.94,0.28
5035,0.99,0.34
5036,1.0,0.36
5037,1.0,0.3
5038,1.03,0.3
5039,1.04,0.31
5040,1.03,0.3
5041,1.02,0.3
5042,0.99,0.3
5043,0.99,0.3
5044,0.99,0.3
5045,0.94,0.28
5046,1.0,0.28
5047,0.96,0.28
5048,0.96,0.28
5049,0.97,0.28
5050,1.02,0.29
5051,1.02,0.28
5052,0.98,0.28
5053,1.03,0.28
5054,0.98,0.29
5055,1.01,0.28
5056,1.01,0.29
5057,0.98,0.33
5058,1.02,0.29
5059,0.96,0.28
5060,0.95,0.79
5061,0.86,0.29
5062,0.89,0.27
5063,0.95,0.29
5064,0.9,0.68
5065,0.99,0.28
5066,0.99,0.29
5067,0.98,0.29
5068,0.99,0.28
5069,0.99,0.28
5070,1.03,0.29
5071,1.03,0.29
5072,0.99,0.29
5073,0.98,0.29
5074,1.04,0.3
5075,0.99,0.33
5076,0.99,0.29
5077,1.0,0.28
5078,0.99,0.29
5079,0.99,0.29
5080,1.02,0.29
5081,0.99,0.29
5082,0.99,0.3
5083,0.99,0.29
5084,1.03,0.29
5085,0.99,0.29
5086,0.99,0.29
5087,1.0,0.29
5088,0.99,0.29
5089,0.99,0.3
5090,0.99,0.3
5091,1.04,0.31
5092,1.03,0.31
5093,1.09,0.3
5094,1.04,0.3
5095,1.13,0.3
5096,1.03,0.31
5097,1.08,0.3
5098,1.03,0.31
5099,1.22,2.91
5100,1.36,0.38
5101,1.49,0.37
5102,1.14,0.32
5103,1.09,0.32
5104,1.09,0.32
5105,1.1,0.38
5106,1.09,0.32
5107,1.09,0.33
5108,1.09,0.37
5109,1.11,0.33
5110,1.1,0.33
5111,0.98,0.29
5112,1.03,0.28
5113,0.97,0.29
5114,0.98,0.33
5115,0.95,0.28
5116,0.95,0.29
5117,0.96,0.29
5118,0.95,0.28
5119,0.96,0.28
5120,0.97,0.28
5121,1.03,0.29
5122,0.99,0.28
5123,0.96,0.28
5124,1.0,0.28
5125,0.98,0.28
5126,1.02,0.28
5127,0.97,0.29
5128,1.01,0.29
5129,0.97,0.29
5130,0.98,0.29
5131,1.02,0.28
5132,0.97,0.29
5133,1.02,0.31
5134,0.98,0.33
5135,0.97,0.29
5136,1.03,0.28
5137,0.97,0.29
5138,0.98,0.34
5139,0.97,0.28
5140,0.98,0.29
5141,0.96,0.28
5142,0.97,0.29
5143,1.03,0.28
5144,0.98,0.29
5145,0.97,0.3
5146,1.03,0.29
5147,1.02,0.28
5148,0.99,0.29
5149,1.04,0.28
5150,0.98,0.29
5151,0.98,0.29
5152,0.99,0.28
5153,0.99,0.28
5154,0.99,0.29
5155,0.99,0.31
5156,0.96,0.28
5157,0.87,0.28
5158,1.01,0.28
5159,0.97,0.4
5160,0.9,0.31
5161,1.03,0.29
5162,1.02,0.3
5163,1.03,0.3
5164,1.08,0.3
5165,1.03,0.3
5166,1.09,0.3
5167,1.05,0.3
5168,1.02,0.3
5169,1.06,0.29
5170,1.05,0.28
5171,1.01,0.28
5172,1.04,0.29
5173,1.02,0.29
5174,1.05,0.29
5175,1.01,0.28
5176,1.05,0.29
5177,1.01,0.29
5178,1.0,0.3
5179,1.05,0.3
5180,1.05,0.3
5181,1.05,0.3
5182,1.05,0.3
5183,1.06,0.3
5184,1.05,0.3
5185,1.05,0.3
5186,1.1,0.3
5187,1.11,0.3
5188,1.02,0.28
5189,1.0,0.29
5190,1.04,0.29
5191,1.01,0.29
5192,1.05,0.29
5193,1.0,0.29
5194,1.03,0.29
5195,0.97,0.28
5196,1.02,0.28
5197,0.99,0.28
5198,0.97,0.28
5199,0.97,0.35
5200,0.97,0.29
5201,0.97,0.29
5202,0.98,0.28
5203,0.97,0.28
5204,0.96,0.29
5205,0.97,0.28
5206,0.96,0.29
5207,0.97,0.29
5208,0.98,0.28
5209,0.97,0.29
5210,0.98,0.28
5211,0.98,0.33
5212,0.99,0.29
5213,0.98,0.29
5214,0.98,0.29
5215,0.98,0.28
5216,1.07,0.3
5217,1.02,0.3
5218,1.03,0.3
5219,1.02,0.3
5220,1.02,0.3
5221,1.04,0.3
5222,1.07,0.3
5223,1.02,0.3
5224,1.02,0.31
5225,0.97,0.29
5226,0.99,0.29
5227,0.97,0.28
5228,1.0,0.29
5229,1.03,0.29
5230,1.02,0.29
5231,1.02,0.3
5232,1.01,0.36
5233,1.02,0.31
5234,1.02,0.29
5235,1.02,0.3
5236,1.04,0.36
5237,1.05,0.31
5238,1.05,0.3
5239,1.05,0.31
5240,1.0,0.29
5241,1.04,0.29
5242,1.04,0.28
5243,1.01,0.29
5244,1.04,0.29
5245,1.01,0.3
5246,1.04,0.29
5247,0.99,0.29
5248,1.05,0.29
5249,0.99,0.3
5250,1.0,0.29
5251,1.02,0.29
5252,0.97,0.28
5253,0.91,0.35
5254,1.01,0.27
5255,0.92,0.3
5256,0.87,0.29
5257,1.0,0.29
5258,1.0,0.29
5259,1.05,0.29
5260,1.0,0.28
5261,1.05,0.29
5262,1.05,0.29
5263,1.0,0.29
5264,1.04,0.29
5265,0.99,0.3
5266,1.06,0.29
5267,0.99,0.29
5268,1.09,0.31
5269,1.05,0.3
5270,1.04,0.3
5271,1.04,0.31
5272,1.05,0.31
5273,1.03,0.31
5274,1.06,0.3
5275,1.04,0.3
5276,1.03,0.35
5277,1.04,0.31
5278,1.04,0.34
5279,1.04,0.3
5280,1.03,0.31
5281,1.03,0.31
5282,1.03,0.31
5283,1.03,0.3
5284,1.03,0.3
5285,1.06,0.3
5286,0.99,0.33
5287,0.95,0.28
5288,0.94,0.28
5289,0.95,0.28
5290,0.96,0.29
5291,0.98,0.28
5292,0.95,0.33
5293,1.01,0.29
5294,0.96,0.28
5295,0.98,0.28
5296,0.97,0.28
5297,1.0,0.29
5298,0.96,0.29
5299,1.02,0.29
5300,0.97,0.29
5301,0.97,0.29
5302,1.03,0.29
5303,0.97,0.34
5304,0.96,0.31
5305,1.01,0.31
5306,1.01,0.35
5307,1.02,0.3
5308,1.01,0.36
5309,1.02,0.31
5310,1.02,0.31
5311,1.01,0.31
5312,1.01,0.3
5313,1.02,0.32
5314,1.02,0.31
5315,0.96,0.29
5316,0.97,0.29
5317,0.97,0.29
5318,0.98,0.29
5319,0.99,0.29
5320,1.03,0.29
5321,0.97,0.3
5322,0.97,0.3
5323,1.02,0.29
5324,0.97,0.28
5325,1.01,0.29
5326,1.02,0.29
5327,0.96,0.34
5328,0.96,0.29
5329,0.96,0.29
5330,0.97,0.29
5331,0.97,0.34
5332,0.96,0.29
5333,0.97,0.29
5334,0.96,0.31
5335,0.97,0.28
5336,1.02,0.29
5337,0.97,0.29
5338,0.97,0.29
5339,1.0,0.28
5340,0.96,0.29
5341,1.02,235.66
5342,1.29,0.39
5343,1.17,0.35
5344,1.17,0.37
5345,1.16,0.34
5346,1.17,0.34
5347,1.13,0.41
5348,1.11,0.37
5349,1.11,0.35
5350,1.15,0.38
5351,1.14,0.35
5352,0.85,0.25
5353,0.94,0.27
5354,0.93,0.27
5355,0.95,0.27
5356,0.99,0.28
5357,1.01,0.27
5358,0.96,0.27
5359,1.01,0.27
5360,1.02,0.27
5361,0.96,0.27
5362,0.96,0.27
5363,1.01,0.28
5364,1.0,0.29
5365,1.01,0.28
5366,1.0,0.28
5367,1.0,0.28
5368,1.0,0.28
5369,0.99,0.28
5370,0.99,0.28
5371,0.99,0.32
5372,1.0,0.29
5373,0.99,0.28
5374,1.04,0.28
5375,0.99,0.28
5376,1.0,0.29
5377,1.01,0.28
5378,1.0,0.28
5379,1.0,0.28
5380,1.04,0.29
5381,0.98,0.28
5382,1.06,0.28
5383,1.0,0.28
5384,1.0,0.28
5385,1.01,0.28
5386,1.0,0.28
5387,1.0,0.28
5388,0.99,0.29
5389,1.05,0.28
5390,0.98,0.28
5391,1.06,0.28
5392,1.03,0.28
5393,1.01,0.28
5394,0.97,0.28
5395,0.99,0.28
5396,1.0,0.32
5397,0.99,0.28
5398,1.0,0.28
5399,0.98,0.28
5400,0.98,0.28
5401,0.95,0.38
5402,1.0,0.28
5403,0.99,0.28
5404,0.98,0.28
5405,0.98,0.28
5406,1.03,0.28
5407,1.0,0.28
5408,0.99,0.29
5409,0.99,0.28
5410,1.0,0.28
5411,1.0,0.28
5412,1.02,0.3
5413,1.05,0.28
5414,1.0,0.29
5415,1.03,0.28
5416,1.0,0.29
5417,1.04,0.28
5418,0.98,0.28
5419,0.98,0.32
5420,0.98,0.28
5421,0.99,0.28
5422,0.99,0.28
5423,1.02,0.29
5424,1.0,0.28
5425,0.99,0.28
5426,1.04,0.28
5427,0.98,0.28
5428,0.98,0.28
5429,0.98,0.28
5430,1.03,0.3
5431,0.99,0.34
5432,0.98,0.28
5433,1.05,0.28
5434,1.03,0.31
5435,1.0,0.28
5436,1.05,0.28
5437,1.0,0.33
5438,1.04,0.28
5439,0.99,0.28
5440,0.99,0.29
5441,0.99,0.28
5442,0.98,0.28
5443,0.94,0.3
5444,0.99,0.28
5445,0.9,0.28
5446,0.96,0.3
5447,0.99,0.62
5448,0.9,0.3
5449,0.99,0.34
5450,0.98,0.29
5451,1.04,0.3
5452,1.03,0.31
5453,1.04,0.3
5454,1.03,0.3
5455,1.04,0.3
5456,1.04,0.31
5457,1.09,0.3
5458,1.04,0.3
5459,1.09,0.3
5460,1.04,0.3
5461,1.04,0.28
5462,1.0,0.33
5463,0.99,0.29
5464,1.02,0.29
5465,0.99,0.29
5466,0.99,0.28
5467,0.99,0.28
5468,0.99,0.28
5469,1.0,0.28
5470,0.99,0.28
5471,1.0,0.28
5472,1.04,0.29
5473,0.99,0.28
5474,1.01,0.32
5475,1.0,0.29
5476,0.99,0.29
5477,1.07,0.29
5478,0.98,0.28
5479,1.04,0.29
5480,1.04,0.29
5481,0.99,0.29
5482,1.01,0.28
5483,0.99,0.33
5484,1.0,0.29
5485,1.0,0.28
5486,1.0,0.29
5487,0.99,0.28
5488,1.0,0.29
5489,1.0,0.28
5490,1.01,0.28
5491,1.02,0.29
5492,0.98,0.29
5493,1.04,0.28
5494,0.99,0.29
5495,0.99,0.28
5496,1.03,0.28
5497,1.0,0.28
5498,0.98,0.29
5499,1.04,0.28
5500,1.0,0.28
5501,0.99,0.29
5502,1.02,0.29
5503,1.0,0.28
5504,1.05,0.29
5505,1.0,0.29
5506,1.0,0.28
5507,1.04,0.29
5508,1.0,0.28
5509,1.04,0.28
5510,1.0,0.28
5511,1.11,0.31
5512,1.05,0.31
5513,1.06,0.3
5514,1.04,0.3
5515,1.05,0.3
5516,1.05,0.3
5517,1.05,0.3
5518,1.06,0.3
5519,1.05,0.3
5520,1.02,0.29
5521,1.03,0.28
5522,1.03,0.28
5523,1.04,0.29
5524,1.03,0.28
5525,1.04,0.29
5526,1.13,0.29
5527,1.12,0.3
5528,1.16,0.29
5529,1.09,0.3
5530,1.07,0.35
5531,1.07,0.28
5532,1.06,0.28
5533,1.09,0.29
5534,1.07,0.28
5535,1.08,0.3
5536,1.08,0.29
5537,1.07,0.29
5538,1.08,0.28
5539,1.09,0.3
5540,1.03,0.28
5541,0.98,0.35
5542,1.08,0.3
5543,1.02,1.99
5544,1.01,0.3
5545,1.09,0.28
5546,1.09,0.28
5547,1.09,0.28
5548,1.09,0.28
5549,1.13,0.28
5550,1.1,0.33
5551,1.11,0.28
5552,1.11,0.33
5553,1.07,0.29
5554,1.1,0.28
5555,1.1,0.33
5556,1.09,0.28
5557,1.1,0.34
5558,1.06,0.29
5559,1.1,0.33
5560,1.1,0.29
5561,1.16,0.28
5562,1.1,0.28
5563,1.16,0.28
5564,1.11,0.29
5565,1.16,0.28
5566,1.11,0.33
5567,1.08,0.29
5568,1.16,0.28
5569,1.1,0.29
5570,1.11,0.29
5571,1.1,0.28
5572,1.11,0.28
5573,1.11,0.29
5574,1.15,0.28
5575,1.11,0.33
5576,1.16,0.29
5577,1.13,0.28
5578,1.13,0.29
5579,1.11,0.29
5580,1.13,0.29
5581,1.12,0.29
5582,1.12,0.29
5583,1.11,0.29
5584,1.48,3.65
5585,1.47,2.34
5586,1.53,2.19
5587,1.54,2.76
5588,1.47,2.15
5589,1.45,2.14
5590,1.21,0.3
5591,1.17,0.31
5592,1.21,0.3
5593,1.16,0.35
5594,1.15,0.31
5595,1.16,0.3
5596,1.14,0.31
5597,1.16,0.32
5598,1.16,0.3
5599,1.15,0.31
5600,1.1,0.29
5601,1.14,0.29
5602,1.1,0.3
5603,1.14,0.29
5604,1.11,0.28
5605,1.27,0.32
5606,1.28,0.32
5607,1.23,0.34
5608,1.29,0.32
5609,1.22,0.34
5610,1.29,0.33
5611,1.28,0.34
5612,1.23,0.32
5613,1.27,0.33
5614,1.0,0.29
5615,1.0,0.31
5616,1.11,0.29
5617,1.16,0.29
5618,1.12,0.29
5619,1.16,0.29
5620,1.11,0.29
5621,1.16,0.29
5622,1.11,0.29
5623,1.18,0.5
5624,1.12,0.32
5625,1.12,0.48
5626,1.12,0.29
5627,1.11,0.38
5628,1.11,0.29
5629,1.12,0.28
5630,1.15,0.35
5631,1.12,0.33
5632,1.18,0.31
5633,1.17,0.3
5634,1.68,0.35
5635,1.12,0.32
5636,1.14,0.31
5637,1.29,0.32
5638,1.3,0.35
5639,1.06,0.28
5640,1.06,0.29
5641,1.18,0.3
5642,1.08,0.27
5643,1.07,0.27
5644,1.11,0.27
5645,1.07,0.28
5646,1.07,0.27
5647,1.07,0.29
5648,1.08,0.27
5649,1.08,0.28
5650,1.13,0.27
5651,1.24,0.3
5652,1.19,0.31
5653,1.24,0.3
5654,1.3,0.33
5655,1.25,0.33
5656,1.25,0.33
5657,1.25,0.35
5658,1.45,3.96
5659,1.27,2.7
5660,1.29,0.32
5661,1.32,0.34
5662,1.26,2.4
5663,1.31,0.32
5664,1.09,0.27
5665,1.12,0.28
5666,1.09,0.27
5667,1.14,0.27
5668,1.16,0.28
5669,1.09,0.27
5670,1.08,0.27
5671,1.14,0.28
5672,1.11,0.27
5673,1.08,0.32
5674,1.09,0.29
5675,1.12,0.29
5676,1.12,0.29
5677,1.12,0.28
5678,1.12,0.29
5679,1.15,0.29
5680,1.1,0.29
5681,1.12,0.28
5682,1.11,0.29
5683,1.11,0.28
5684,1.12,0.29
5685,1.12,0.29
5686,1.11,0.29
5687,1.1,0.29
5688,1.1,0.29
5689,1.15,0.29
5690,1.1,0.29
5691,1.08,0.29
5692,1.08,0.35
5693,1.05,0.28
5694,1.05,0.28
5695,1.05,0.29
5696,1.05,0.29
5697,1.04,0.28
5698,1.04,0.29
5699,1.09,0.28
5700,1.04,0.29
5701,1.07,0.28
5702,1.04,0.29
5703,1.04,0.28
5704,1.06,0.34
5705,1.05,0.28
5706,1.06,0.29
5707,1.07,0.28
5708,1.07,0.29
5709,1.08,0.28
5710,1.13,0.29
5711,1.09,0.29
5712,1.09,0.34
5713,1.09,0.28
5714,1.1,0.29
5715,1.14,0.29
5716,1.1,0.29
5717,1.15,0.29
5718,1.11,0.29
5719,1.16,0.28
5720,1.11,0.33
5721,1.11,0.29
5722,1.11,0.33
5723,1.12,0.29
5724,1.12,0.3
5725,1.12,0.28
5726,1.12,0.29
5727,1.12,0.29
5728,1.11,0.29
5729,1.12,0.34
5730,1.17,0.29
5731,1.06,0.3
5732,1.13,0.3
5733,1.09,0.3
5734,1.06,0.26
5735,1.01,0.3
5736,1.03,0.31
5737,1.18,0.28
5738,1.19,0.29
5739,1.13,0.29
5740,1.13,0.29
5741,1.12,0.29
5742,1.14,0.29
5743,1.18,0.3
5744,1.15,0.29
5745,1.18,0.29
5746,1.15,0.29
5747,1.18,0.29
5748,1.14,0.3
5749,1.18,0.29
5750,1.14,0.29
5751,1.14,0.29
5752,1.17,0.31
5753,1.14,0.28
5754,1.14,0.29
5755,1.13,0.32
5756,1.14,0.29
5757,1.14,0.28
5758,1.14,0.29
5759,1.14,0.28
5760,1.15,0.3
5761,1.15,0.28
5762,1.13,0.29
5763,1.13,0.33
5764,1.14,0.3
5765,1.13,0.29
5766,1.12,0.29
5767,1.12,0.29
5768,1.12,0.29
5769,1.11,0.29
5770,1.12,0.29
5771,1.11,0.29
5772,1.12,0.29
5773,1.12,0.33
5774,1.12,0.29
5775,1.11,0.29
5776,1.12,0.29
5777,1.1,0.29
5778,1.1,0.29
5779,1.1,0.28
5780,1.1,0.29
5781,1.1,0.33
5782,1.1,0.29
5783,1.1,0.29
5784,1.1,0.29
5785,1.1,0.28
5786,1.14,0.29
5787,1.11,0.29
5788,1.15,0.3
5789,1.1,0.29
5790,1.1,0.29
5791,1.08,0.28
5792,1.09,0.29
5793,1.09,0.29
5794,1.09,0.29
5795,1.09,0.29
5796,1.1,0.3
5797,1.1,0.29
5798,1.09,0.29
5799,1.08,0.29
5800,1.08,0.3
5801,1.13,0.28
5802,1.08,0.29
5803,1.08,0.28
5804,1.07,0.29
5805,1.08,0.29
5806,1.08,0.29
5807,1.08,0.28
5808,1.09,0.29
5809,1.09,0.28
5810,1.09,0.39
5811,1.14,0.29
5812,1.1,0.3
5813,1.09,0.29
5814,1.11,0.29
5815,1.1,0.29
5816,1.11,0.29
5817,1.1,0.37
5818,1.11,0.29
5819,1.11,0.29
5820,1.12,0.29
5821,1.17,0.28
5822,1.12,0.3
5823,1.14,0.29
5824,1.12,0.3
5825,1.16,0.29
5826,1.12,0.3
5827,1.04,252.25
5828,1.55,0.51
5829,1.42,0.4
5830,1.38,0.4
5831,1.37,0.41
5832,1.49,0.38
5833,1.37,0.38
5834,1.48,2.4
5835,1.48,0.38
5836,1.58,0.4
5837,1.09,0.27
5838,1.14,0.27
5839,1.13,0.32
5840,1.08,0.32
5841,1.09,0.28
5842,1.09,0.28
5843,1.09,0.28
5844,1.09,0.27
5845,1.1,0.27
5846,1.1,0.28
5847,1.19,0.31
5848,1.18,0.3
5849,1.22,0.3
5850,1.23,0.31
5851,1.19,0.31
5852,1.2,0.31
5853,1.19,0.3
5854,1.2,0.3
5855,1.2,0.31
5856,1.2,0.33
5857,1.14,0.29
5858,1.13,0.32
5859,1.14,0.29
5860,1.19,0.29
5861,1.14,0.29
5862,1.2,0.29
5863,1.14,0.29
5864,1.19,0.29
5865,1.17,0.29
5866,1.18,0.29
5867,1.18,0.28
5868,1.21,0.29
5869,1.14,0.28
5870,1.14,0.29
5871,1.13,0.33
5872,1.12,0.28
5873,1.12,0.28
5874,1.12,0.29
5875,1.12,0.29
5876,1.18,0.31
5877,1.46,0.33
5878,1.22,0.3
5879,1.23,0.32
5880,1.17,0.3
5881,1.22,0.31
5882,1.18,0.3
5883,1.22,0.31
5884,1.19,0.78
5885,1.23,0.32
5886,1.13,0.29
5887,1.19,0.29
5888,1.13,0.29
5889,1.13,0.29
5890,1.12,0.29
5891,1.19,0.29
5892,1.13,0.29
5893,1.26,0.33
5894,1.24,0.39
5895,1.25,0.33
5896,1.25,0.33
5897,1.25,0.33
5898,1.26,0.33
5899,1.26,0.4
5900,1.25,4.02
5901,1.25,0.33
5902,1.13,0.34
5903,1.13,0.29
5904,1.14,0.29
5905,1.19,0.3
5906,1.18,0.29
5907,1.13,0.3
5908,1.2,0.29
5909,1.18,0.29
5910,1.14,0.31
5911,1.13,0.3
5912,1.18,0.3
5913,1.13,0.3
5914,1.13,0.31
5915,1.13,0.28
5916,1.13,0.3
5917,1.14,0.29
5918,1.13,0.3
5919,1.16,0.28
5920,1.12,0.3
5921,1.14,0.35
5922,1.13,0.34
5923,1.04,0.31
5924,1.11,0.3
5925,1.1,0.29
5926,1.07,0.27
5927,1.02,0.34
5928,1.11,0.3
5929,1.12,0.27
5930,1.12,0.29
5931,1.13,0.28
5932,1.12,0.29
5933,1.11,0.29
5934,1.12,0.28
5935,1.13,0.28
5936,1.11,0.29
5937,1.11,0.3
5938,1.12,0.28
5939,1.12,0.29
5940,1.21,0.29
5941,1.15,0.29
5942,1.2,0.29
5943,1.13,0.34
5944,1.2,0.3
5945,1.15,0.34
5946,1.15,0.34
5947,1.15,0.28
5948,1.16,0.29
5949,1.16,0.33
5950,1.14,0.29
5951,1.21,0.29
5952,1.4,0.32
5953,1.26,0.3
5954,1.2,0.32
5955,1.2,0.31
5956,1.26,0.31
5957,1.2,0.3
5958,1.24,0.32
5959,1.2,0.31
5960,1.25,0.3
5961,1.19,0.32
5962,1.18,0.29
5963,1.12,0.3
5964,1.12,0.29
5965,1.11,0.28
5966,1.1,0.33
5967,1.1,0.29
5968,1.11,0.29
5969,1.1,0.28
5970,1.1,0.3
5971,1.15,0.29
5972,1.09,0.35
5973,1.09,0.31
5974,1.1,0.33
5975,1.1,0.29
5976,1.11,0.29
5977,1.09,0.29
5978,1.09,0.29
5979,1.09,0.34
5980,1.08,0.29
5981,1.08,0.29
5982,1.06,0.28
5983,1.13,0.28
5984,1.08,0.29
5985,1.14,0.29
5986,1.08,0.3
5987,1.14,0.29
5988,1.08,0.29
5989,1.15,0.29
5990,1.13,0.29
5991,1.09,0.29
5992,1.16,0.29
5993,1.15,0.31
5994,1.15,0.32
5995,1.15,0.31
5996,1.24,0.32
5997,1.38,0.38
5998,1.3,2.04
5999,1.32,0.35
6000,1.38,0.37
6001,1.31,0.37
6002,1.33,2.79
6003,1.31,0.35
6004,1.32,0.38
6005,1.35,0.36
6006,1.07,0.28
6007,1.06,0.28
6008,1.11,0.28
6009,1.07,0.27
6010,1.07,0.27
6011,1.12,0.27
6012,1.11,0.28
6013,1.07,0.28
6014,1.06,0.29
6015,1.06,0.26
6016,1.11,0.33
6017,1.11,0.29
6018,1.1,0.29
6019,1.03,0.29
6020,1.1,0.29
6021,0.99,0.35
6022,1.05,0.28
6023,1.09,1.73
6024,1.04,0.3
6025,1.12,0.28
6026,1.22,0.3
6027,1.17,0.35
6028,1.12,0.29
6029,1.18,0.29
6030,1.12,0.35
6031,1.16,0.28
6032,1.13,0.29
6033,1.17,0.3
6034,1.12,0.29
6035,1.17,0.29
6036,1.12,0.29
6037,1.17,0.3
6038,1.17,0.29
6039,1.12,0.29
6040,1.18,0.34
6041,1.16,0.29
6042,1.13,0.31
6043,1.13,0.29
6044,1.13,0.29
6045,1.13,0.29
6046,1.13,0.29
6047,1.13,0.29
6048,1.12,0.29
6049,1.12,0.29
6050,1.17,0.29
6051,1.12,0.34
6052,1.17,0.29
6053,1.12,0.29
6054,1.16,0.3
6055,1.17,0.29
6056,1.14,0.29
6057,1.14,0.31
6058,1.19,0.31
6059,1.19,0.31
6060,1.13,0.31
6061,1.1,0.3
6062,1.1,0.31
6063,1.09,0.33
6064,1.09,0.3
6065,1.09,0.31
6066,1.09,0.37
6067,1.04,0.29
6068,1.03,0.29
6069,1.02,0.29
6070,1.34,4.07
6071,1.35,0.39
6072,1.41,0.39
6073,1.35,0.39
6074,1.06,0.3
6075,1.05,0.3
6076,1.05,0.3
6077,1.05,0.3
6078,1.05,0.3
6079,1.05,0.3
6080,1.05,0.3
6081,1.04,0.3
6082,1.04,0.31
6083,1.04,0.3
6084,1.0,0.28
6085,1.0,0.28
6086,1.01,0.29
6087,1.0,0.28
6088,1.04,0.28
6089,1.01,0.28
6090,1.0,0.28
6091,1.01,0.28
6092,1.01,0.28
6093,1.23,0.3
6094,1.06,0.3
6095,1.12,0.3
6096,1.07,0.3
6097,1.13,0.3
6098,1.08,0.31
6099,1.09,0.3
6100,1.08,0.31
6101,1.16,0.3
6102,1.1,0.3
6103,1.14,0.3
6104,1.09,0.29
6105,1.08,0.28
6106,1.03,0.29
6107,1.04,0.29
6108,1.04,0.33
6109,1.05,0.32
6110,1.04,0.28
6111,1.13,0.28
6112,1.1,0.29
6113,1.11,0.34
6114,1.11,0.3
6115,1.12,0.28
6116,1.05,1.79
6117,1.08,0.29
6118,1.05,0.28
6119,1.05,0.27
6120,1.04,0.3
6121,1.12,0.28
6122,1.19,0.28
6123,1.14,0.28
6124,1.13,0.29
6125,1.13,0.34
6126,1.15,0.29
6127,1.09,0.28
6128,1.12,0.28
6129,1.11,0.33
6130,1.18,0.28
6131,1.1,0.31
6132,1.21,0.3
6133,1.15,0.3
6134,1.16,0.3
6135,1.18,0.31
6136,1.18,0.3
6137,1.19,0.31
6138,1.17,0.32
6139,1.17,0.35
6140,1.17,0.31
6141,1.19,0.28
6142,1.14,0.28
6143,1.19,0.29
6144,1.15,0.28
6145,1.13,0.3
6146,1.13,0.28
6147,1.13,0.34
6148,1.12,0.28
6149,1.13,0.28
6150,1.12,0.28
6151,1.24,0.31
6152,1.07,0.31
6153,1.08,0.31
6154,1.18,0.35
6155,1.14,0.31
6156,1.14,0.31
6157,1.13,0.31
6158,1.17,0.31
6159,1.18,0.3
6160,1.18,0.31
6161,1.26,0.3
6162,1.22,0.31
6163,1.17,0.31
6164,1.22,0.31
6165,1.24,0.3
6166,1.16,0.3
6167,1.16,0.31
6168,1.15,0.31
6169,1.14,0.32
6170,1.14,0.3
6171,1.14,0.31
6172,1.14,0.36
6173,1.21,0.3
6174,1.16,0.32
6175,1.19,0.31
6176,1.15,0.3
6177,1.15,0.36
6178,1.09,0.3
6179,1.09,0.29
6180,1.1,0.3
6181,1.09,0.29
6182,1.08,0.29
6183,1.06,0.29
6184,1.09,0.29
6185,1.07,0.29
6186,1.07,0.29
6187,1.08,0.46
6188,1.11,0.29
6189,1.12,0.29
6190,1.13,0.29
6191,1.12,0.29
6192,1.14,0.29
6193,1.13,0.3
6194,1.14,0.29
6195,1.13,0.29
6196,1.15,0.29
6197,1.15,0.29
6198,1.2,0.3
6199,1.16,0.31
6200,1.15,0.3
6201,1.15,0.31
6202,1.15,0.31
6203,1.15,0.31
6204,1.17,0.31
6205,1.16,0.32
6206,1.17,0.3
6207,1.16,0.35
6208,1.22,0.31
6209,1.16,0.35
6210,1.22,0.31
6211,1.07,0.32
6212,1.06,0.3
6213,1.14,0.33
6214,1.12,1.69
6215,1.08,0.31
6216,1.13,0.26
6217,1.03,0.71
6218,1.11,0.29
6219,1.11,0.29
6220,1.11,0.29
6221,1.12,0.28
6222,1.15,0.29
6223,1.11,0.29
6224,1.16,0.29
6225,1.11,0.4
6226,1.12,0.29
6227,1.12,0.29
6228,1.13,0.35
6229,1.12,0.3
6230,1.12,0.29
6231,1.13,0.34
6232,1.19,0.29
6233,1.17,0.29
6234,1.11,0.29
6235,1.17,0.29
6236,1.13,0.34
6237,1.65,0.29
6238,1.12,2.49
6239,1.12,0.28
6240,1.12,0.29
6241,1.12,0.35
6242,1.17,0.29
6243,1.11,0.34
6244,1.12,0.29
6245,1.12,0.29
6246,1.18,0.29
6247,1.14,0.33
6248,1.16,0.29
6249,1.12,0.3
6250,1.17,0.29
6251,1.12,0.3
6252,1.15,0.29
6253,1.11,0.34
6254,1.09,0.47
6255,1.1,0.31
6256,1.08,0.3
6257,1.08,0.31
6258,1.08,0.3
6259,1.07,0.36
6260,1.08,0.3
6261,1.07,0.41
6262,1.08,0.3
6263,1.08,0.31
6264,1.07,0.3
6265,1.01,0.29
6266,1.03,0.28
6267,1.06,0.29
6268,1.02,0.29
6269,1.08,0.28
6270,1.03,0.29
6271,1.07,0.29
6272,1.02,0.29
6273,1.03,0.29
6274,1.01,0.28
6275,1.02,0.28
6276,1.02,0.28
6277,1.07,0.29
6278,1.03,0.28
6279,1.02,0.29
6280,1.05,0.28
6281,1.04,0.29
6282,1.05,0.29
6283,1.03,0.29
6284,1.08,0.3
6285,1.05,0.28
6286,1.12,0.28
6287,1.05,0.29
6288,1.11,0.29
6289,1.07,0.3
6290,1.06,0.29
6291,1.1,0.28
6292,1.05,0.29
6293,1.04,0.29
6294,1.14,0.31
6295,1.13,0.31
6296,1.15,0.31
6297,1.1,0.3
6298,1.09,0.31
6299,1.08,0.31
6300,1.07,0.31
6301,1.08,0.31
6302,1.08,0.31
6303,1.07,0.29
6304,1.03,0.33
6305,1.04,0.29
6306,1.04,0.28
6307,1.01,0.33
6308,1.14,0.92
6309,1.04,0.3
6310,1.04,0.28
6311,0.94,0.26
6312,0.98,233.68
6313,1.37,0.41
6314,1.35,0.6
6315,1.43,0.39
6316,1.5,0.4
6317,1.41,0.46
6318,1.47,0.38
6319,1.52,0.65
6320,1.09,0.28
6321,1.13,0.29
6322,1.08,0.29
6323,1.09,0.28
6324,1.1,0.34
6325,1.1,0.48
6326,1.09,0.28
6327,1.11,0.29
6328,1.11,0.28
6329,1.11,0.28
6330,1.11,0.37
6331,1.12,0.28
6332,1.11,0.5
6333,1.11,0.28
6334,1.16,0.28
6335,1.15,0.29
6336,1.14,0.29
6337,1.13,0.29
6338,1.14,0.29
6339,1.06,0.29
6340,1.11,0.29
6341,1.04,0.29
6342,1.09,0.28
6343,1.03,0.28
6344,1.09,0.29
6345,1.04,0.33
6346,1.03,0.28
6347,1.03,0.33
6348,1.03,0.29
6349,1.02,0.41
6350,1.13,0.29
6351,1.08,0.3
6352,1.16,0.3
6353,1.07,0.3
6354,1.06,0.3
6355,1.07,0.3
6356,1.1,0.31
6357,1.09,0.3
6358,1.08,0.31
6359,1.13,0.3
6360,1.07,0.3
6361,1.07,0.3
6362,1.07,0.3
6363,1.07,0.3
6364,1.07,0.35
6365,1.13,0.29
6366,1.08,0.3
6367,1.08,0.3
6368,1.08,0.3
6369,1.07,0.3
6370,1.07,0.3
6371,1.08,0.29
6372,1.07,0.31
6373,1.07,0.35
6374,1.15,0.37
6375,1.21,0.32
6376,1.21,0.33
6377,1.15,0.32
6378,1.14,0.32
6379,1.14,0.33
6380,1.14,0.38
6381,1.15,0.38
6382,1.2,0.32
6383,1.19,0.29
6384,1.02,0.28
6385,1.02,0.28
6386,1.03,0.28
6387,1.03,0.28
6388,1.02,0.28
6389,1.03,0.28
6390,1.03,0.33
6391,1.08,0.28
6392,1.03,0.29
6393,1.07,0.28
6394,1.03,0.29
6395,1.03,0.28
6396,1.07,0.28
6397,1.06,0.28
6398,1.08,0.28
6399,1.03,0.28
6400,1.04,0.28
6401,1.11,0.3
6402,1.09,0.31
6403,1.02,0.32
6404,1.13,0.29
6405,0.99,0.32
6406,1.0,0.29
6407,1.05,0.3
6408,1.11,0.5
6409,1.13,0.3
6410,1.15,0.35
6411,1.14,0.28
6412,1.13,0.29
6413,1.16,0.29
6414,1.09,0.28
6415,1.14,0.28
6416,1.1,0.34
6417,1.11,0.29
6418,1.11,0.33
6419,1.16,0.28
6420,1.11,0.29
6421,1.23,0.3
6422,1.16,0.3
6423,1.17,0.38
6424,1.17,0.4
6425,1.16,0.3
6426,1.17,0.32
6427,1.17,0.37
6428,1.17,0.32
6429,1.21,0.31
6430,1.17,0.31
6431,1.17,0.31
6432,1.16,0.32
6433,1.16,0.36
6434,1.15,0.3
6435,1.16,0.37
6436,1.17,0.32
6437,1.16,0.29
6438,1.11,0.35
6439,1.09,0.32
6440,1.06,2.74
6441,1.1,0.29
6442,1.09,0.34
6443,1.04,0.35
6444,1.03,0.31
6445,1.04,0.28
6446,1.03,0.3
6447,1.04,0.29
6448,1.04,0.3
6449,1.03,0.29
6450,1.08,0.29
6451,1.09,0.29
6452,1.09,0.3
6453,1.03,0.29
6454,1.03,0.3
6455,1.09,0.29
6456,1.03,0.36
6457,1.08,0.3
6458,1.04,0.3
6459,1.04,0.38
6460,1.04,0.29
6461,1.06,0.28
6462,1.09,0.3
6463,1.06,0.29
6464,1.07,0.57
6465,1.32,0.43
6466,1.33,3.92
6467,1.33,2.44
6468,1.34,2.62
6469,1.2,0.29
6470,1.14,0.31
6471,1.18,0.29
6472,1.13,0.29
6473,1.19,0.29
6474,1.16,0.3
6475,1.13,0.29
6476,1.18,0.29
6477,1.12,0.29
6478,1.18,0.29
6479,1.11,0.29
6480,1.17,0.3
6481,1.11,0.29
6482,1.18,0.29
6483,1.16,0.29
6484,1.18,0.3
6485,1.16,0.29
6486,1.17,0.29
6487,1.12,0.29
6488,1.15,0.3
6489,1.12,0.3
6490,1.13,0.29
6491,1.13,0.29
6492,1.11,0.52
6493,1.12,0.29
6494,1.12,0.29
6495,1.12,0.29
6496,1.14,0.3
6497,1.11,0.29
6498,1.13,0.3
6499,1.04,0.3
6500,1.08,0.28
6501,1.04,0.31
6502,1.03,0.27
6503,1.03,0.28
6504,1.04,0.32
6505,1.07,0.27
6506,1.15,0.29
6507,1.1,0.29
6508,1.35,0.3
6509,1.38,0.39
6510,1.35,2.48
6511,1.21,0.29
6512,1.15,0.3
6513,1.11,0.29
6514,1.11,0.34
6515,1.11,0.29
6516,1.13,0.3
6517,1.12,0.29
6518,1.12,0.34
6519,1.16,0.29
6520,1.17,0.3
6521,1.13,0.29
6522,1.15,0.35
6523,1.12,0.29
6524,1.12,0.29
6525,1.12,0.29
6526,1.12,0.29
6527,1.17,0.36
6528,1.12,0.29
6529,1.13,0.43
6530,1.18,0.3
6531,1.24,0.3
6532,1.18,0.31
6533,1.23,0.31
6534,1.22,0.31
6535,1.24,0.31
6536,1.18,0.31
6537,1.18,0.3
6538,1.16,0.31
6539,1.16,0.31
6540,1.17,0.32
6541,1.16,0.29
6542,1.18,0.31
6543,1.17,0.3
6544,1.17,0.31
6545,1.17,0.3
6546,1.17,0.31
6547,1.17,0.31
6548,1.16,0.35
6549,1.11,0.29
6550,1.13,0.29
6551,1.11,0.29
6552,1.11,0.29
6553,1.09,0.29
6554,1.11,0.28
6555,1.34,2.6
6556,1.45,2.59
6557,1.45,2.84
6558,1.45,0.38
6559,1.45,0.42
6560,1.45,2.89
6561,1.49,0.38
6562,1.47,0.4
6563,1.5,0.41
6564,1.04,0.27
6565,1.1,0.28
6566,1.04,0.31
6567,1.05,0.31
6568,1.04,0.28
6569,1.05,0.33
6570,1.04,0.27
6571,1.05,0.27
6572,1.06,0.27
6573,1.07,0.27
6574,1.21,0.3
6575,1.21,0.3
6576,1.17,0.3
6577,1.17,0.3
6578,1.17,0.3
6579,1.21,0.31
6580,1.15,0.31
6581,1.16,0.31
6582,1.17,0.3
6583,1.17,0.3
6584,1.15,0.28
6585,1.11,0.29
6586,1.11,0.28
6587,1.12,0.28
6588,1.11,0.28
6589,1.11,0.29
6590,1.15,0.29
6591,1.12,0.28
6592,1.17,0.28
6593,1.17,0.31
6594,1.22,0.3
6595,1.17,0.32
6596,1.18,0.29
6597,1.08,0.32
6598,1.19,0.27
6599,1.06,0.28
6600,1.1,0.31
6601,1.17,0.3
6602,1.14,0.3
6603,1.13,0.28
6604,1.19,0.29
6605,1.12,0.29
6606,1.18,0.28
6607,1.14,0.29
6608,1.16,0.3
6609,1.12,0.29
6610,1.16,0.29
6611,1.12,0.29
6612,1.16,0.3
6613,1.18,0.31
6614,1.22,0.3
6615,1.17,0.3
6616,1.17,0.32
6617,1.25,0.3
6618,1.18,0.3
6619,1.23,0.31
6620,1.18,0.43
6621,1.17,0.3
6622,1.19,0.3
6623,1.13,0.29
6624,1.13,0.3
6625,1.12,0.29
6626,1.15,0.29
6627,1.12,0.34
6628,1.14,0.29
6629,1.12,0.29
6630,1.18,0.28
6631,1.19,0.3
6632,1.23,0.31
6633,1.17,0.31
6634,1.23,0.31
6635,1.17,0.31
6636,1.18,0.3
6637,1.17,0.3
6638,1.16,0.31
6639,1.22,0.3
6640,1.16,0.31
6641,1.11,0.28
6642,1.09,0.29
6643,1.03,0.34
6644,1.02,0.34
6645,1.03,0.28
6646,1.03,0.33
6647,1.08,0.28
6648,1.03,0.33
6649,1.02,0.28
6650,1.03,0.32
6651,1.02,0.29
6652,1.02,0.29
6653,1.01,0.28
6654,1.01,0.28
6655,1.01,0.28
6656,1.07,0.29
6657,1.03,0.29
6658,1.17,0.29
6659,1.13,0.31
6660,1.06,0.31
6661,1.07,0.3
6662,1.07,0.31
6663,1.08,0.3
6664,1.07,0.31
6665,1.1,0.31
6666,1.08,0.31
6667,1.08,0.3
6668,1.07,0.31
6669,1.07,0.31
6670,1.08,0.3
6671,1.12,0.3
6672,1.12,0.32
6673,1.12,0.31
6674,1.13,0.3
6675,1.12,0.31
6676,1.14,0.31
6677,1.12,0.3
6678,1.07,0.28
6679,1.06,0.28
6680,1.03,0.29
6681,1.08,0.29
6682,1.03,0.29
6683,1.03,0.29
6684,1.03,0.29
6685,1.07,0.29
6686,1.03,0.29
6687,1.13,0.31
6688,1.08,0.31
6689,1.13,0.31
6690,1.07,0.3
6691,1.01,0.31
6692,1.15,0.33
6693,1.02,2.05
6694,1.06,0.3
6695,1.01,0.32
6696,1.13,0.28
6697,1.15,0.31
6698,1.15,0.3
6699,1.15,0.31
6700,1.17,0.31
6701,1.17,0.31
6702,1.17,0.31
6703,1.17,0.31
6704,1.24,0.31
6705,1.25,0.3
6706,1.18,0.3
6707,1.18,0.3
6708,1.13,0.29
6709,1.13,0.29
6710,1.19,0.29
6711,1.13,0.29
6712,1.18,0.29
6713,1.15,0.33
6714,1.12,0.3
6715,1.18,0.29
6716,1.17,0.29
6717,1.13,0.3
6718,1.14,0.29
6719,1.13,0.29
6720,1.14,0.36
6721,1.12,0.34
6722,1.13,0.29
6723,1.12,0.28
6724,1.12,0.29
6725,1.12,0.29
6726,1.17,0.28
6727,1.13,0.35
6728,1.12,0.3
6729,1.12,0.29
6730,1.12,0.29
6731,1.11,0.29
6732,1.13,0.34
6733,1.12,0.29
6734,1.11,0.29
6735,1.09,0.29
6736,1.04,0.29
6737,1.07,0.28
6738,1.02,0.29
6739,1.01,0.29
6740,1.01,0.29
6741,1.05,0.32
6742,1.02,0.28
6743,1.02,0.29
6744,1.02,0.28
6745,1.02,0.28
6746,1.08,0.28
6747,1.09,0.3
6748,1.13,0.3
6749,1.09,0.31
6750,1.08,0.3
6751,1.12,0.3
6752,1.08,0.3
6753,1.04,0.3
6754,1.08,0.3
6755,1.13,0.3
6756,1.08,0.3
6757,1.09,0.28
6758,1.08,0.28
6759,1.09,0.29
6760,1.09,0.29
6761,1.13,0.29
6762,1.1,0.29
6763,1.14,0.29
6764,1.08,0.31
6765,1.07,0.29
6766,1.11,0.28
6767,1.06,0.29
6768,1.08,0.29
6769,1.05,0.3
6770,1.06,0.28
6771,1.06,0.29
6772,1.09,0.29
6773,1.05,0.29
6774,1.12,0.28
6775,1.05,0.28
6776,1.19,0.31
6777,1.14,0.3
6778,1.15,0.3
6779,1.14,0.3
6780,1.15,0.3
6781,1.2,0.31
6782,1.15,0.31
6783,1.2,0.31
6784,1.19,0.31
6785,1.22,0.3
6786,1.2,0.29
6787,1.01,0.3
6788,1.13,0.3
6789,1.06,0.28
6790,1.01,0.27
6791,1.02,0.3
6792,1.07,0.31
6793,1.04,0.27
6794,1.16,0.29
6795,1.12,0.29
6796,1.14,0.29
6797,1.14,0.29
6798,1.09,255.19
6799,1.45,0.39
6800,1.46,0.38
6801,1.45,0.39
6802,1.3,0.33
6803,1.26,0.34
6804,1.22,0.33
6805,1.23,0.33
6806,1.23,0.37
6807,1.19,0.37
6808,1.25,0.32
6809,1.26,0.32
6810,1.2,0.32
6811,1.09,0.29
6812,1.1,0.28
6813,1.11,0.28
6814,1.09,0.28
6815,1.13,0.29
6816,1.11,0.28
6817,1.1,0.28
6818,1.11,0.28
6819,1.1,0.35
6820,1.09,0.28
6821,1.04,0.27
6822,1.0,0.27
6823,1.08,0.27
6824,1.04,0.27
6825,1.0,0.26
6826,0.99,0.32
6827,0.99,0.27
6828,0.99,0.27
6829,1.12,0.3
6830,1.07,0.3
6831,1.11,0.31
6832,1.08,0.3
6833,1.1,0.3
6834,1.05,0.3
6835,1.03,0.3
6836,1.09,0.3
6837,1.11,0.3
6838,1.05,0.3
6839,1.08,0.31
6840,1.06,0.3
6841,1.1,0.32
6842,1.06,0.35
6843,1.13,0.31
6844,1.07,0.36
6845,1.12,0.3
6846,1.14,0.31
6847,0.98,0.28
6848,0.98,0.27
6849,0.99,0.27
6850,0.98,0.27
6851,0.98,0.27
6852,0.99,0.27
6853,1.03,0.27
6854,1.03,0.27
6855,0.99,0.28
6856,0.99,0.27
6857,1.08,0.28
6858,1.03,0.28
6859,1.03,0.28
6860,1.04,0.29
6861,1.06,0.28
6862,1.07,0.28
6863,1.02,0.29
6864,1.07,0.28
6865,1.03,0.28
6866,1.07,0.28
6867,1.04,0.29
6868,1.08,0.28
6869,1.07,0.29
6870,1.02,0.29
6871,1.01,0.29
6872,1.02,0.29
6873,1.06,0.28
6874,1.02,0.29
6875,1.07,0.29
6876,1.02,0.28
6877,1.06,0.29
6878,1.06,0.28
6879,1.02,0.3
6880,1.03,0.28
6881,1.08,0.29
6882,1.02,0.29
6883,0.96,0.3
6884,1.05,0.29
6885,1.02,0.36
6886,1.05,0.29
6887,1.03,2.08
6888,0.99,0.31
6889,1.07,0.27
6890,0.97,0.31
6891,1.08,0.29
6892,1.04,0.29
6893,1.09,0.31
6894,0.93,0.29
6895,0.74,0.25
6896,0.9,0.21
6897,0.84,0.21
6898,0.8,0.22
6899,0.81,0.21
6900,0.83,0.22
6901,0.83,0.21
6902,0.87,0.22
6903,0.9,0.23
6904,0.92,0.24
6905,0.93,0.22
6906,0.88,0.22
6907,0.9,0.22
6908,0.95,0.25
6909,0.89,0.25
6910,0.99,0.24
6911,0.87,0.21
6912,0.88,0.21
6913,0.86,1.36
6914,1.0,0.25
6915,0.84,0.25
6916,0.86,0.21
6917,0.81,0.21
6918,0.86,0.26
6919,0.81,0.21
6920,0.81,0.21
6921,0.81,0.26
6922,0.96,0.28
6923,0.88,0.22
6924,0.9,0.24
6925,1.34,0.41
6926,0.95,0.32
6927,1.11,0.28
6928,0.9,0.3
6929,0.85,0.21
6930,1.01,0.38
6931,0.74,0.24
6932,0.79,0.21
6933,0.8,0.21
6934,0.79,0.22
6935,0.83,0.26
6936,0.82,0.22
6937,0.81,0.22
6938,0.81,0.22
6939,0.83,0.22
6940,0.81,0.26
6941,0.81,0.22
6942,0.8,0.25
6943,0.8,0.22
6944,0.81,0.22
6945,0.84,0.22
6946,0.86,0.22
6947,0.82,0.22
6948,0.82,0.25
6949,0.82,0.22
6950,0.82,0.22
6951,0.87,0.22
6952,0.82,0.22
6953,0.82,0.22
6954,0.83,0.22
6955,0.83,0.22
6956,0.82,0.22
6957,0.86,0.22
6958,0.82,0.22
6959,0.82,0.22
6960,0.82,0.26
6961,0.85,0.22
6962,0.86,0.22
6963,0.82,0.22
6964,0.83,0.22
6965,0.82,0.22
6966,0.83,0.22
6967,0.87,0.22
6968,0.88,0.22
6969,0.84,0.22
6970,0.84,0.22
6971,0.87,0.22
6972,0.88,0.22
6973,0.85,0.23
6974,0.86,0.22
6975,0.84,0.25
6976,0.83,0.22
6977,0.84,0.22
6978,0.87,0.22
6979,0.78,0.23
6980,0.75,0.2
6981,0.76,0.2
6982,0.86,0.21
6983,0.8,0.23
6984,0.82,1.6
6985,0.92,0.22
6986,0.91,0.21
6987,0.88,0.22
6988,0.89,0.22
6989,0.9,0.22
6990,0.89,0.22
6991,0.92,0.22
6992,0.89,0.22
6993,0.9,0.22
6994,0.9,0.22
6995,0.9,0.22
6996,0.94,0.22
6997,0.92,0.22
6998,0.9,0.22
6999,0.92,0.25
7000,0.92,0.26
7001,0.92,0.22
7002,0.95,0.22
7003,0.92,0.25
7004,0.93,0.22
7005,0.93,0.22
7006,0.9,0.26
7007,0.94,0.35
7008,0.93,0.22
7009,0.92,0.22
7010,0.92,0.22
7011,0.92,0.22
7012,0.95,0.22
7013,0.92,0.22
7014,0.92,0.22
7015,0.93,0.35
7016,0.91,0.26
7017,0.92,0.26
7018,0.9,0.22
7019,0.9,0.22
7020,0.91,0.23
7021,0.92,0.22
7022,0.89,0.22
7023,0.92,0.22
7024,0.91,0.22
7025,0.9,0.22
7026,0.93,0.22
7027,0.88,0.21
7028,0.87,0.21
7029,0.9,0.21
7030,0.91,0.21
7031,0.9,0.21
7032,0.88,0.24
7033,0.95,0.21
7034,0.92,0.25
7035,0.91,0.22
7036,0.94,0.22
7037,0.96,0.22
7038,0.92,0.22
7039,0.91,0.22
7040,0.91,74.35
7041,0.91,0.22
7042,0.9,8.22
7043,0.93,0.24
7044,0.92,0.22
7045,0.92,0.26
7046,0.92,0.22
7047,0.92,0.22
7048,0.91,0.22
7049,0.95,0.22
7050,0.97,0.22
7051,0.95,0.21
7052,0.92,0.22
7053,0.92,0.22
7054,0.91,0.22
7055,0.92,0.24
7056,0.93,0.22
7057,0.92,0.24
7058,0.93,0.22
7059,0.93,0.22
7060,0.92,0.22
7061,0.92,0.24
7062,0.92,0.22
7063,0.93,0.22
7064,0.94,0.22
7065,0.93,0.25
7066,0.92,0.22
7067,0.98,0.22
7068,0.92,0.22
7069,0.93,0.22
7070,0.93,0.22
7071,0.94,0.22
7072,0.93,0.21
7073,0.96,0.22
7074,0.95,0.24
7075,0.84,0.23
7076,0.79,0.35
7077,0.79,0.2
7078,0.91,0.22
7079,0.86,0.24
7080,0.83,0.22
7081,0.96,0.21
7082,0.93,0.25
7083,0.93,0.22
7084,0.92,0.22
7085,0.91,0.22
7086,1.11,0.22
7087,0.99,0.22
7088,0.92,0.22
7089,0.93,0.22
7090,0.93,0.22
7091,0.93,0.22
7092,0.97,0.22
7093,0.93,0.22
7094,0.92,0.22
7095,0.92,0.22
7096,0.93,0.23
7097,0.92,0.26
7098,0.94,0.22
7099,0.94,0.22
7100,0.93,0.21
7101,0.93,0.22
7102,0.95,0.22
7103,0.93,0.22
7104,0.96,0.22
7105,0.93,0.23
7106,0.93,0.22
7107,0.93,0.22
7108,0.93,0.21
7109,0.93,0.22
7110,0.94,0.24
7111,0.97,0.22
7112,0.98,0.22
7113,0.93,0.22
7114,0.96,0.22
7115,0.92,0.22
7116,0.93,0.22
7117,0.96,0.26
7118,0.96,0.22
7119,0.96,0.22
7120,0.93,0.22
7121,0.95,0.22
7122,1.04,0.25
7123,1.0,0.24
7124,0.93,0.22
7125,0.86,0.27
7126,0.91,0.29
7127,0.83,0.25
7128,1.02,0.28
7129,1.06,0.21
7130,0.79,0.21
7131,0.83,0.21
7132,0.8,0.21
7133,0.79,0.21
7134,0.79,0.21
7135,0.84,0.4
7136,0.79,0.21
7137,0.8,0.21
7138,0.8,0.21
7139,0.81,0.21
7140,1.11,0.26
7141,0.87,0.26
7142,0.79,0.24
7143,0.81,0.25
7144,1.03,0.29
7145,0.84,0.22
7146,0.81,0.4
7147,0.83,0.21
7148,0.83,0.21
7149,0.86,0.21
7150,0.85,0.27
7151,0.95,0.27
7152,1.12,0.5
7153,1.3,0.24
7154,0.97,0.23
7155,0.82,0.29
7156,1.05,0.28
7157,0.83,0.23
7158,0.97,0.24
7159,0.93,0.32
7160,0.98,0.39
7161,0.94,0.21
7162,1.03,0.24
7163,0.94,0.23
7164,0.87,0.21
7165,1.09,0.24
7166,0.93,0.23
7167,0.91,0.23
7168,1.45,0.28
7169,1.01,0.24
7170,1.13,0.33
7171,1.07,0.33
7172,1.22,0.26
7173,2.69,0.24
7174,1.57,1.22
7175,1.02,1.34
7176,0.84,0.25
7177,0.91,0.24
7178,1.1,0.21
7179,1.04,0.22
7180,0.96,0.26
7181,0.88,0.22
7182,0.92,0.21
7183,0.93,0.21
7184,0.87,0.21
7185,0.88,0.22
7186,0.87,0.21
7187,0.89,0.21
7188,0.92,0.22
7189,0.93,0.21
7190,0.88,0.25
7191,0.96,0.22
7192,0.97,0.22
7193,0.92,0.22
7194,0.89,0.21
7195,0.99,0.22
7196,0.93,0.23
7197,0.93,0.22
7198,0.93,0.22
7199,0.96,0.22
7200,0.96,0.22
7201,0.92,0.22
7202,0.92,0.22
7203,0.91,0.27
7204,0.91,0.22
7205,0.91,0.22
7206,0.92,0.23
7207,0.91,0.22
7208,0.89,0.21
7209,0.96,0.22
7210,0.93,0.22
7211,0.92,0.22
7212,0.96,0.22
7213,0.9,0.22
7214,0.87,0.21
7215,0.86,0.21
7216,0.92,0.22
7217,0.91,0.26
7218,0.87,0.22
7219,0.85,0.22
7220,0.89,0.22
7221,0.87,0.22
7222,0.85,0.21
7223,0.87,0.22
7224,0.84,0.22
7225,0.82,0.22
7226,0.83,0.22
7227,0.83,0.22
7228,0.85,0.22
7229,0.85,0.22
7230,0.89,0.22
7231,0.86,0.22
7232,0.89,0.22
7233,0.89,0.22
7234,0.88,0.22
7235,0.89,0.22
7236,0.87,0.22
7237,0.88,0.22
7238,0.91,0.22
7239,0.88,0.22
7240,0.9,0.22
7241,0.9,0.22
7242,0.88,0.22
7243,0.89,0.24
7244,0.89,0.22
7245,0.9,0.22
7246,0.9,0.26
7247,0.9,0.21
7248,0.89,0.21
7249,0.9,0.22
7250,0.9,0.22
7251,0.9,0.22
7252,0.94,0.22
7253,0.9,0.22
7254,0.9,0.22
7255,0.9,0.22
7256,0.92,0.21
7257,0.89,0.22
7258,0.9,0.22
7259,0.89,0.22
7260,0.9,0.22
7261,0.9,0.22
7262,0.94,0.22
7263,0.9,0.22
7264,0.9,0.22
7265,0.9,0.22
7266,0.89,0.22
7267,0.85,0.25
7268,0.79,1.7
7269,0.8,0.2
7270,0.8,0.21
7271,0.96,0.43
7272,0.84,0.2
7273,0.77,0.23
7274,0.94,0.22
7275,0.91,0.22
7276,0.91,0.22
7277,0.9,0.22
7278,0.91,0.22
7279,0.91,0.22
7280,0.91,0.22
7281,0.93,0.22
7282,0.91,0.22
7283,0.91,0.22
7284,0.85,4.44
7285,0.94,0.21
7286,0.96,0.22
7287,0.91,0.22
7288,0.91,0.22
7289,0.9,0.25
7290,0.91,0.22
7291,0.9,0.22
7292,0.94,0.22
7293,0.94,0.22
7294,0.95,0.22
7295,0.93,0.22
7296,0.89,0.22
7297,0.9,0.22
7298,0.9,0.22
7299,0.9,0.25
7300,0.9,0.22
7301,0.93,0.22
7302,0.9,0.22
7303,0.9,0.22
7304,0.9,0.21
7305,0.9,0.22
7306,0.9,0.22
7307,0.94,0.21
7308,0.96,0.22
7309,0.9,0.22
7310,0.9,0.22
7311,0.86,0.21
7312,0.84,0.21
7313,0.84,0.21
7314,0.84,0.21
7315,0.84,0.21
7316,0.92,0.25
7317,0.82,0.21
7318,0.85,0.22
7319,0.86,0.21
7320,0.86,0.25
7321,0.88,0.21
7322,0.87,0.21
7323,0.87,0.2
7324,0.83,0.21
7325,0.82,0.21
7326,0.84,0.21
7327,0.84,0.2
7328,0.84,0.24
7329,0.85,0.21
7330,0.89,0.21
7331,0.9,0.2
7332,0.89,0.22
7333,0.87,0.21
7334,0.87,0.21
7335,0.96,0.22
7336,0.93,0.22
7337,0.86,0.22
7338,0.86,0.22
7339,0.87,0.25
7340,0.87,0.26
7341,0.87,0.21
7342,0.87,0.22
7343,0.87,0.21
7344,0.88,0.26
7345,0.87,0.21
7346,0.92,0.21
7347,0.91,0.21
7348,0.88,0.22
7349,0.88,0.21
7350,0.91,0.21
7351,0.87,0.22
7352,0.88,0.21
7353,0.88,0.21
7354,0.88,0.21
7355,0.88,0.22
7356,0.89,0.22
7357,0.87,0.21
7358,0.88,0.21
7359,0.93,0.22
7360,0.9,0.22
7361,0.96,0.22
7362,0.89,0.22
7363,0.81,0.23
7364,0.79,0.23
7365,0.77,0.2
7366,0.76,0.2
7367,0.9,0.21
7368,0.89,0.26
7369,0.88,0.21
7370,0.91,0.21
7371,1.15,0.31
7372,1.15,0.31
7373,1.15,0.3
7374,1.15,0.3
7375,1.15,0.3
7376,1.15,0.3
7377,1.16,0.32
7378,1.15,0.3
7379,1.15,0.31
7380,1.14,0.3
7381,1.09,0.28
7382,1.08,0.35
7383,1.08,0.29
7384,1.08,0.3
7385,1.08,0.35
7386,1.08,0.28
7387,1.09,0.29
7388,1.09,0.29
7389,1.08,0.29
7390,1.12,0.28
7391,1.07,0.29
7392,1.14,0.28
7393,1.07,0.3
7394,1.07,0.28
7395,1.08,0.28
7396,1.14,0.29
7397,1.13,0.29
7398,1.09,0.29
7399,1.09,0.29
7400,1.19,0.29
7401,1.09,0.35
7402,1.08,0.32
7403,1.1,0.29
7404,1.18,0.3
7405,1.09,0.3
7406,1.1,0.29
7407,1.08,0.29
7408,1.1,0.29
7409,1.11,3.86
7410,1.11,0.28
7411,1.11,0.29
7412,1.14,0.29
7413,1.1,0.29
7414,1.15,0.28
7415,1.09,0.29
7416,1.09,0.35
7417,1.09,0.3
7418,1.13,0.28
7419,1.11,0.29
7420,1.11,0.29
7421,1.11,0.29
7422,1.1,0.29
7423,1.11,0.28
7424,1.11,0.29
7425,1.16,0.29
7426,1.08,0.28
7427,1.1,0.28
7428,1.11,0.29
7429,1.14,0.28
7430,1.1,0.28
7431,1.15,0.29
7432,1.12,0.29
7433,1.11,0.29
7434,1.17,0.29
7435,1.16,0.29
7436,1.14,0.29
7437,1.1,0.28
7438,1.11,0.28
7439,1.11,0.28
7440,1.1,0.28
7441,1.1,0.28
7442,1.1,0.28
7443,1.09,0.28
7444,1.1,0.3
7445,1.09,0.29
7446,1.09,0.29
7447,1.09,0.34
7448,1.16,0.29
7449,1.09,0.34
7450,1.09,0.3
7451,1.1,0.29
7452,1.09,0.29
7453,1.12,0.29
7454,1.09,0.28
7455,1.12,0.28
7456,1.11,0.29
7457,1.07,0.28
7458,1.14,0.29
7459,1.0,0.3
7460,1.06,0.31
7461,1.09,0.31
7462,0.98,0.26
7463,1.03,0.28
7464,1.0,0.32
7465,1.0,0.27
7466,1.07,0.29
7467,1.07,0.29
7468,1.07,0.29
7469,1.13,0.28
7470,1.05,0.28
7471,1.13,0.29
7472,1.11,0.29
7473,1.05,0.29
7474,1.05,0.29
7475,1.09,0.28
7476,1.05,0.34
7477,1.04,0.29
7478,1.05,0.28
7479,1.05,0.35
7480,1.05,0.28
7481,1.05,0.29
7482,1.05,0.28
7483,1.04,0.29
7484,1.04,0.28
7485,1.04,0.29
7486,1.04,0.28
7487,1.05,0.29
7488,1.03,0.29
7489,1.08,0.29
7490,1.09,0.3
7491,1.08,0.3
7492,1.09,0.31
7493,1.08,0.31
7494,1.08,0.31
7495,1.1,0.36
7496,1.15,0.3
7497,1.09,0.35
7498,1.14,0.31
7499,1.09,0.3
7500,1.08,0.29
7501,1.09,0.29
7502,1.02,0.29
7503,1.04,0.29
7504,1.03,0.28
7505,1.03,0.28
7506,1.02,0.28
7507,1.02,0.29
7508,1.03,0.28
7509,1.02,0.28
7510,1.02,0.29
7511,1.02,0.29
7512,1.02,0.28
7513,1.08,0.28
7514,1.02,0.28
7515,1.08,0.29
7516,1.03,0.34
7517,1.08,0.28
7518,1.03,0.28
7519,1.07,0.28
7520,1.03,0.28
7521,1.08,0.29
7522,1.02,0.28
7523,1.03,0.28
7524,1.03,0.29
7525,1.03,0.28
7526,1.03,228.75
7527,1.3,0.4
7528,1.35,0.38
7529,1.37,0.52
7530,1.36,0.38
7531,1.36,0.38
7532,1.36,0.48
7533,1.35,0.49
7534,1.39,0.47
7535,0.97,0.26
7536,0.98,0.43
7537,0.98,0.42
7538,0.98,0.43
7539,1.04,0.27
7540,1.06,0.46
7541,1.06,0.26
7542,1.01,0.43
7543,1.05,0.26
7544,1.02,0.3
7545,1.02,0.29
7546,1.07,0.28
7547,1.11,0.47
7548,1.06,2.37
7549,1.1,0.45
7550,1.06,0.29
7551,1.09,0.45
7552,1.08,0.48
7553,1.07,2.2
7554,1.13,2.79
7555,0.95,0.28
7556,1.0,0.29
7557,1.0,0.25
7558,0.9,0.25
7559,0.96,1.18
7560,1.02,0.28
7561,1.18,2.06
7562,1.02,0.42
7563,1.03,0.44
7564,1.15,0.3
7565,1.04,0.43
7566,1.12,0.46
7567,1.08,0.47
7568,1.21,0.28
7569,1.09,0.4
7570,1.16,0.28
7571,1.1,0.5
7572,1.1,2.57
7573,1.11,2.94
7574,1.15,0.28
7575,1.11,0.36
7576,1.15,0.36
7577,1.11,0.46
7578,1.1,0.45
7579,1.1,0.28
7580,1.11,0.48
7581,1.22,5.06
7582,1.23,2.17
7583,1.28,2.63
7584,1.28,2.22
7585,1.26,0.51
7586,1.22,0.52
7587,1.22,0.54
7588,1.23,2.48
7589,1.22,2.79
7590,1.24,2.82
7591,1.05,0.42
7592,1.11,0.46
7593,1.06,0.43
7594,1.05,0.47
7595,1.05,0.35
7596,1.05,0.52
7597,1.04,0.42
7598,1.06,0.29
7599,1.06,0.43
7600,1.05,0.45
7601,1.11,0.28
7602,1.09,0.46
7603,1.09,0.46
7604,1.1,0.48
7605,1.1,0.45
7606,1.15,0.51
7607,1.11,0.46
7608,1.12,0.49
7609,1.09,0.46
7610,1.14,0.5
7611,1.15,2.27
7612,1.09,2.69
7613,1.13,0.45
7614,1.12,0.36
7615,1.12,0.51
7616,1.11,0.48
7617,1.12,0.45
7618,1.08,0.46
7619,1.11,0.47
7620,1.12,2.22
7621,1.07,0.47
7622,1.2,0.28
7623,1.08,0.46
7624,1.14,2.36
7625,1.12,0.28
7626,1.14,0.45
7627,1.15,0.47
7628,1.09,2.43
7629,1.1,0.35
7630,1.13,0.28
7631,1.09,0.48
7632,1.14,2.39
7633,1.1,2.42
7634,1.09,2.7
7635,1.1,2.84
7636,1.1,2.47
7637,1.11,2.59
7638,1.11,2.65
7639,1.11,2.88
7640,1.1,2.24
7641,1.14,0.28
7642,1.11,0.53
7643,1.12,2.66
7644,1.11,2.1
7645,1.12,1.95
7646,1.12,0.28
7647,1.11,0.52
7648,1.11,2.74
7649,1.12,2.64
7650,1.12,32.04
7651,1.02,0.3
7652,1.19,0.28
7653,1.09,0.34
7654,1.04,0.26
7655,0.99,0.45
7656,1.06,0.42
7657,1.11,0.45
7658,1.11,0.47
7659,1.11,0.33
7660,1.11,0.29
7661,1.11,0.28
7662,1.09,0.35
7663,1.13,0.5
7664,1.12,2.44
7665,1.12,2.27
7666,1.19,2.83
7667,1.15,0.35
7668,1.18,0.48
7669,1.18,0.46
7670,1.12,0.28
7671,1.16,0.48
7672,1.13,2.12
7673,1.18,2.57
7674,1.21,2.28
7675,1.13,2.81
7676,1.19,2.07
7677,1.13,2.55
7678,1.12,0.45
7679,1.13,0.48
7680,1.13,2.78
7681,1.12,2.56
7682,1.12,2.6
7683,1.12,2.75
7684,1.13,2.79
7685,1.13,2.58
7686,1.14,0.47
7687,1.16,0.47
7688,1.12,0.35
7689,1.14,0.46
7690,1.12,0.33
7691,1.11,0.47
7692,1.08,2.51
7693,1.08,0.35
7694,1.1,0.29
7695,1.12,0.47
7696,1.09,2.22
7697,1.08,0.28
7698,1.04,0.48
7699,1.11,0.28
7700,1.04,0.46
7701,1.06,2.33
7702,1.03,0.46
7703,1.05,0.59
7704,1.03,0.31
7705,1.02,0.49
7706,1.03,0.46
7707,1.02,0.46
7708,1.02,0.28
7709,1.02,0.46
7710,1.08,0.35
7711,1.02,0.47
7712,1.09,2.81
7713,1.03,0.48
7714,1.02,0.51
7715,1.04,0.36
7716,1.09,0.36
7717,1.05,0.45
7718,1.12,0.31
7719,1.05,0.28
7720,1.15,0.48
7721,1.05,0.28
7722,1.02,0.3
7723,1.03,0.49
7724,1.04,2.66
7725,1.02,0.45
7726,1.04,0.28
7727,1.05,0.49
7728,1.04,0.48
7729,1.03,0.45
7730,1.1,0.5
7731,1.11,0.29
7732,1.11,0.51
7733,1.1,2.36
7734,1.11,2.82
7735,1.1,0.48
7736,1.09,0.38
7737,1.11,0.49
7738,1.1,0.49
7739,1.1,0.45
7740,1.05,0.48
7741,1.13,0.35
7742,1.07,0.28
7743,1.1,0.48
7744,1.09,2.88
7745,1.09,0.46
7746,1.6,0.29
7747,1.03,0.32
7748,1.15,2.64
7749,0.98,0.27
7750,1.02,0.3
7751,1.07,0.27
7752,0.99,0.27
7753,0.97,0.28
7754,1.1,0.29
7755,1.09,0.33
7756,1.1,0.28
7757,1.08,0.29
7758,1.08,0.47
7759,1.11,0.32
7760,1.1,0.45
7761,1.08,0.29
7762,1.1,0.29
7763,1.1,0.32
7764,1.09,0.35
7765,1.12,0.28
7766,1.11,0.29
7767,1.1,0.29
7768,1.11,0.53
7769,1.57,2.63
7770,1.4,0.4
7771,1.54,0.38
7772,1.55,0.38
7773,1.49,0.4
7774,1.42,0.39
7775,1.45,0.5
7776,1.42,0.45
7777,1.11,0.27
7778,1.01,0.32
7779,1.08,0.28
7780,1.07,0.28
7781,1.04,0.27
7782,1.04,0.27
7783,1.09,0.28
7784,1.09,0.28
7785,1.02,0.28
7786,1.04,0.32
7787,1.09,0.29
7788,1.08,2.39
7789,1.09,0.28
7790,1.13,0.28
7791,1.1,0.29
7792,1.08,0.3
7793,1.05,0.33
7794,1.06,0.29
7795,1.12,0.3
7796,1.15,0.32
7797,1.1,0.3
7798,1.16,0.31
7799,1.11,0.3
7800,1.1,0.3
7801,1.17,0.31
7802,1.1,0.31
7803,1.15,0.31
7804,1.03,0.29
7805,1.1,0.29
7806,1.1,0.29
7807,1.11,0.29
7808,1.1,0.3
7809,1.04,0.29
7810,1.05,0.3
7811,1.04,0.28
7812,1.03,0.42
7813,1.04,0.29
7814,1.04,0.29
7815,1.01,0.28
7816,1.03,0.28
7817,1.04,0.28
7818,1.04,0.28
7819,1.04,0.28
7820,1.06,0.29
7821,1.04,0.28
7822,1.06,0.28
7823,1.09,0.29
7824,1.03,0.34
7825,1.03,0.28
7826,1.07,0.34
7827,1.12,0.29
7828,1.07,0.29
7829,1.08,0.3
7830,1.13,4.52
7831,1.08,0.29
7832,1.08,0.3
7833,1.09,0.28
7834,1.12,0.31
7835,1.08,3.31
7836,1.14,0.29
7837,1.17,0.29
7838,1.15,0.28
7839,1.08,0.29
7840,1.1,0.29
7841,1.06,0.29
7842,1.12,0.29
7843,0.98,0.3
7844,1.03,0.31
7845,1.11,0.29
7846,0.97,0.26
7847,0.96,0.29
7848,1.05,0.31
7849,1.02,1.69
7850,1.11,0.28
7851,1.13,0.29
7852,1.13,0.29
7853,1.09,0.27
7854,1.11,0.27
7855,1.14,0.27
7856,1.11,0.27
7857,1.1,0.27
7858,1.09,0.27
7859,1.08,0.28
7860,1.12,0.27
7861,1.11,0.28
7862,1.05,0.32
7863,1.17,0.3
7864,1.12,0.34
7865,1.11,0.29
7866,1.12,0.29
7867,1.1,0.29
7868,1.1,0.29
7869,1.2,0.29
7870,1.18,0.29
7871,1.2,0.29
7872,1.26,0.29
7873,1.14,0.38
7874,1.15,0.29
7875,1.14,0.29
7876,1.13,0.28
7877,1.14,0.28
7878,1.15,0.29
7879,1.14,0.33
7880,1.13,0.33
7881,1.13,0.29
7882,1.14,0.29
7883,1.11,0.3
7884,1.11,0.28
7885,1.09,0.29
7886,1.13,0.29
7887,1.09,0.29
7888,1.12,0.28
7889,1.08,0.34
7890,1.07,0.29
7891,1.13,0.29
7892,1.12,0.28
7893,1.07,0.28
7894,1.08,0.34
7895,1.06,0.3
7896,1.07,0.28
7897,1.06,0.29
7898,1.06,0.3
7899,1.12,0.28
7900,1.05,0.28
7901,1.04,0.28
7902,1.05,0.28
7903,1.08,0.3
7904,1.09,0.31
7905,1.15,0.35
7906,1.17,0.31
7907,1.12,0.31
7908,1.17,0.3
7909,1.12,0.3
7910,1.12,0.31
7911,1.12,0.3
7912,1.13,0.37
7913,1.13,0.29
7914,1.09,0.28
7915,1.08,0.28
7916,1.1,0.33
7917,1.14,0.28
7918,1.09,0.33
7919,1.09,0.29
7920,1.13,0.28
7921,1.07,0.28
7922,1.13,0.28
7923,1.08,0.29
7924,1.13,0.28
7925,1.09,0.29
7926,1.14,0.29
7927,1.1,0.29
7928,1.14,0.28
7929,1.13,0.29
7930,1.18,0.28
7931,1.12,0.3
7932,1.19,0.28
7933,1.15,0.29
7934,1.22,0.29
7935,1.14,0.29
7936,1.09,0.28
7937,1.15,0.29
7938,0.99,0.3
7939,1.03,0.3
7940,1.06,0.28
7941,1.02,0.56
7942,1.02,0.31
7943,1.01,0.28
7944,1.38,0.28
7945,1.35,0.29
7946,1.35,0.33
7947,1.34,0.34
7948,1.11,0.28
7949,1.14,0.29
7950,1.17,0.29
7951,1.18,0.29
7952,1.12,0.27
7953,1.09,0.27
7954,1.14,0.27
7955,1.1,0.28
7956,1.15,0.27
7957,1.09,0.27
7958,1.1,0.28
7959,1.09,0.27
7960,1.14,0.54
7961,1.08,0.31
7962,1.18,0.31
7963,1.16,0.3
7964,1.15,0.31
7965,1.17,0.31
7966,1.18,0.33
7967,1.16,2.73
7968,1.15,0.31
7969,1.15,0.31
7970,1.15,0.31
7971,1.16,0.31
7972,1.1,0.3
7973,1.15,0.3
7974,1.09,0.3
7975,1.13,0.31
7976,1.11,0.29
7977,1.14,0.29
7978,0.99,0.3
7979,1.07,0.29
7980,1.07,0.29
7981,1.08,0.29
7982,0.99,0.3
7983,0.99,0.28
7984,0.99,0.28
7985,1.02,0.28
7986,1.03,0.28
7987,1.04,0.28
7988,1.03,0.34
7989,1.03,0.28
7990,1.07,0.29
7991,1.16,0.31
7992,1.09,0.3
7993,1.13,0.3
7994,1.08,0.42
7995,1.11,0.31
7996,1.08,0.3
7997,1.08,0.36
7998,1.08,0.3
7999,1.1,0.32
8000,1.1,0.29
8001,1.05,0.29
8002,1.05,0.29
8003,1.06,0.28
8004,1.09,0.28
8005,1.12,0.29
8006,1.08,0.3
8007,1.12,0.31
8008,1.13,0.31
8009,1.21,0.31
8010,1.16,0.31
8011,1.22,286.22
8012,1.37,0.42
8013,1.5,0.38
8014,1.53,0.39
8015,1.47,0.4
8016,1.48,0.44
8017,1.43,0.41
8018,1.54,0.38
8019,1.13,0.29
8020,1.13,0.28
8021,1.13,0.29
8022,1.13,0.28
8023,1.14,0.32
8024,1.18,0.28
8025,1.13,0.34
8026,1.12,0.29
8027,1.14,0.29
8028,1.12,0.28
8029,1.11,0.29
8030,1.11,0.28
8031,1.12,0.29
8032,1.14,0.29
8033,1.12,0.28
8034,1.12,0.29
8035,1.02,0.3
8036,1.08,0.29
8037,1.0,0.31
8038,1.1,0.26
8039,0.99,0.5
8040,1.03,0.29
8041,1.05,0.28
8042,1.11,0.28
8043,1.03,0.33
8044,1.05,0.29
8045,1.04,0.29
8046,1.05,0.33
8047,1.07,0.29
8048,1.06,0.34
8049,1.02,0.27
8050,1.03,0.32
8051,1.03,0.27
8052,1.04,0.27
8053,1.09,0.27
8054,1.03,0.28
8055,1.03,0.27
8056,1.04,0.27
8057,1.07,0.27
8058,1.03,0.28
8059,1.03,0.28
8060,1.06,0.29
8061,1.07,0.29
8062,1.06,0.29
8063,1.02,0.28
8064,1.02,0.28
8065,1.07,0.34
8066,1.06,0.29
8067,1.07,0.28
8068,1.07,0.34
8069,1.07,0.28
8070,1.06,0.29
8071,1.06,0.28
8072,1.06,0.33
8073,1.06,0.28
8074,1.08,0.34
8075,1.08,0.28
8076,1.15,0.28
8077,1.09,0.3
8078,1.12,0.29
8079,1.11,0.28
8080,1.08,0.34
8081,1.07,0.29
8082,1.05,0.29
8083,1.06,0.29
8084,1.04,0.28
8085,1.08,0.33
8086,1.08,0.28
8087,1.08,0.28
8088,1.03,0.29
8089,1.08,0.28
8090,1.03,0.28
8091,1.02,0.28
8092,1.02,0.28
8093,1.07,0.28
8094,1.02,0.29
8095,1.08,0.29
8096,1.02,0.29
8097,1.07,0.28
8098,1.06,0.28
8099,1.02,0.28
8100,1.07,0.28
8101,1.03,0.34
8102,1.03,0.29
8103,1.07,0.28
8104,1.03,0.29
8105,1.03,0.33
8106,1.04,0.3
8107,1.03,0.29
8108,1.03,0.28
8109,1.02,0.28
8110,1.08,0.3
8111,1.08,0.36
8112,1.08,0.3
8113,1.08,0.31
8114,1.13,0.31
8115,1.14,0.3
8116,1.13,0.3
8117,1.14,0.3
8118,1.08,0.31
8119,1.17,0.3
8120,1.1,0.28
8121,1.06,0.33
8122,1.06,0.29
8123,1.08,0.35
8124,1.08,0.29
8125,1.1,0.28
8126,1.07,0.29
8127,1.11,0.28
8128,1.06,0.28
8129,1.04,0.28
8130,1.03,0.28
8131,1.0,0.32
8132,1.12,1.64
8133,0.98,0.3
8134,1.03,0.28
8135,1.0,0.27
8136,0.96,0.29
8137,1.1,0.28
8138,1.13,0.29
8139,1.09,0.34
8140,1.13,0.29
8141,1.09,0.34
8142,1.08,0.29
8143,1.09,0.28
8144,1.08,0.28
8145,1.08,0.29
8146,1.08,0.34
8147,1.08,0.28
8148,1.08,0.31
8149,1.08,0.28
8150,1.08,0.29
8151,1.08,0.29
8152,1.13,0.28
8153,1.11,0.29
8154,1.08,0.33
8155,1.09,0.29
8156,1.09,0.28
8157,1.08,0.28
8158,1.09,0.34
8159,1.08,0.29
8160,1.07,0.29
8161,1.12,0.29
8162,1.12,0.28
8163,1.08,0.29
8164,1.08,0.29
8165,1.09,0.28
8166,1.08,0.33
8167,1.09,0.28
8168,1.08,0.28
8169,1.08,0.28
8170,1.08,0.28
8171,1.08,0.29
8172,1.07,0.28
8173,1.07,0.29
8174,1.07,0.29
8175,1.07,0.29
8176,1.08,0.28
8177,1.07,0.34
8178,1.07,0.29
8179,1.08,0.28
8180,1.13,0.28
8181,1.07,0.28
8182,1.07,0.29
8183,1.06,0.29
8184,1.09,0.37
8185,1.07,0.28
8186,1.14,0.3
8187,1.09,0.29
8188,1.1,0.28
8189,1.12,0.36
8190,1.16,0.32
8191,1.13,0.36
8192,1.12,0.29
8193,1.16,0.3
8194,1.07,0.3
8195,1.11,0.34
8196,1.12,0.3
8197,1.16,0.3
8198,1.12,0.3
8199,1.13,0.29
8200,1.07,0.33
8201,1.07,0.29
8202,1.04,0.29
8203,1.04,0.29
8204,1.03,0.28
8205,1.06,0.33
8206,1.12,0.31
8207,1.16,0.31
8208,1.16,0.3
8209,1.12,0.32
8210,1.16,0.31
8211,1.12,0.37
8212,1.13,0.31
8213,1.12,0.3
8214,1.13,0.36
8215,1.14,0.29
8216,1.14,0.3
8217,1.07,0.33
8218,1.06,0.29
8219,1.06,0.28
8220,1.12,0.28
8221,1.08,0.29
8222,1.1,0.29
8223,1.11,0.29
8224,1.07,0.29
8225,1.12,0.28
8226,1.07,0.33
8227,0.99,0.3
8228,1.1,0.3
8229,1.04,0.28
8230,0.93,0.26
8231,0.96,0.29
8232,0.94,0.3
8233,1.03,0.32
8234,1.01,0.29
8235,1.05,0.28
8236,1.05,0.34
8237,1.05,0.28
8238,1.06,0.29
8239,1.05,0.29
8240,1.06,0.28
8241,1.12,0.28
8242,1.07,0.29
8243,1.07,0.29
8244,1.08,0.29
8245,1.08,0.28
8246,1.09,0.28
8247,1.08,0.28
8248,1.13,0.31
8249,1.09,0.3
8250,1.09,0.29
8251,1.12,0.34
8252,1.14,0.28
8253,1.09,0.34
8254,1.09,0.3
8255,1.34,4.33
8256,1.52,2.46
8257,1.44,0.44
8258,1.44,0.42
8259,1.45,0.38
8260,1.5,0.41
8261,1.46,0.39
8262,1.44,2.37
8263,1.16,0.28
8264,1.08,0.29
8265,1.09,0.28
8266,1.09,0.29
8267,1.1,0.28
8268,1.1,0.29
8269,1.09,0.28
8270,1.09,0.28
8271,1.11,0.28
8272,1.1,0.29
8273,1.1,0.29
8274,1.09,0.29
8275,1.11,0.28
8276,1.12,0.29
8277,1.1,0.33
8278,1.11,0.29
8279,1.12,0.29
8280,1.16,0.29
8281,1.14,0.3
8282,1.11,0.33
8283,1.11,0.29
8284,1.11,0.29
8285,1.11,0.33
8286,1.12,0.29
8287,1.11,0.28
8288,1.16,0.29
8289,1.11,0.31
8290,1.12,0.28
8291,1.13,0.29
8292,1.12,0.29
8293,1.11,0.29
8294,1.11,0.29
8295,1.16,0.29
8296,1.17,0.29
8297,1.12,0.29
8298,1.13,0.28
8299,1.11,0.29
8300,1.16,0.29
8301,1.12,0.29
8302,1.12,0.33
8303,1.19,0.28
8304,1.13,0.33
8305,1.14,2.68
8306,1.11,0.28
8307,1.11,0.33
8308,1.11,0.28
8309,1.15,0.29
8310,1.12,0.29
8311,1.15,0.34
8312,1.11,0.29
8313,1.16,0.3
8314,1.09,0.28
8315,1.1,0.3
8316,1.14,0.29
8317,1.1,0.29
8318,1.09,0.3
8319,1.09,0.29
8320,1.13,0.29
8321,1.12,0.3
8322,1.14,0.29
8323,1.06,0.29
8324,1.1,0.28
8325,1.03,0.36
8326,1.09,0.28
8327,1.02,0.29
8328,0.96,0.29
8329,1.13,0.28
8330,1.1,0.29
8331,1.15,0.29
8332,1.09,0.28
8333,1.09,0.3
8334,1.08,0.29
8335,1.13,0.28
8336,1.09,0.28
8337,1.1,0.3
8338,1.11,0.28
8339,1.1,0.29
8340,1.14,0.29
8341,1.09,0.29
8342,1.14,0.28
8343,1.09,0.33
8344,1.08,0.28
8345,1.1,0.29
8346,1.09,0.28
8347,1.1,0.29
8348,1.1,0.28
8349,1.09,0.29
8350,1.1,0.28
8351,1.08,0.29
8352,1.08,0.29
8353,1.15,0.38
8354,1.08,0.28
8355,1.1,0.29
8356,1.09,0.28
8357,1.09,0.29
8358,1.09,0.29
8359,1.15,0.28
8360,1.09,0.29
8361,1.09,0.28
8362,1.16,0.29
8363,1.08,0.29
8364,1.08,0.29
8365,1.09,0.29
8366,1.14,0.29
8367,1.09,0.28
8368,1.09,0.29
8369,1.14,0.3
8370,1.08,0.34
8371,1.08,0.3
8372,1.08,0.28
8373,1.08,0.3
8374,1.08,0.29
8375,1.08,0.29
8376,1.08,0.3
8377,1.07,0.34
8378,1.08,0.33
8379,1.08,0.29
8380,1.09,0.29
8381,1.08,0.29
8382,1.07,0.29
8383,1.09,0.3
8384,1.13,0.31
8385,1.18,0.3
8386,1.14,0.31
8387,1.18,0.31
8388,1.12,0.35
8389,1.18,0.31
8390,1.13,0.31
8391,1.14,0.31
8392,1.14,0.3
8393,1.13,0.3
8394,1.06,0.28
8395,1.09,0.29
8396,1.08,0.28
8397,1.08,0.29
8398,1.08,0.29
8399,1.12,0.29
8400,1.09,0.29
8401,1.14,0.3
8402,1.09,0.29
8403,1.14,0.29
8404,1.12,0.29
8405,1.08,0.3
8406,1.18,0.3
8407,1.1,0.29
8408,1.08,0.29
8409,1.08,0.3
8410,1.19,0.36
8411,1.39,0.35
8412,1.36,0.36
8413,1.3,0.41
8414,1.22,0.33
8415,1.22,0.33
8416,1.22,0.32
8417,1.21,0.34
8418,1.27,0.32
8419,1.22,0.33
8420,1.17,1.14
8421,1.25,0.42
8422,1.12,0.32
8423,0.98,0.32
8424,0.99,0.27
8425,1.08,0.28
8426,1.14,0.28
8427,1.08,0.29
8428,1.13,0.29
8429,1.08,0.28
8430,1.13,0.28
8431,1.13,0.28
8432,1.13,0.29
8433,1.1,0.28
8434,1.14,0.29
8435,1.11,0.29
8436,1.09,0.29
8437,1.13,0.28
8438,1.13,0.28
8439,1.07,0.29
8440,1.14,0.29
8441,1.08,0.28
8442,1.09,0.33
8443,1.08,0.28
8444,1.07,0.29
8445,1.1,0.28
8446,1.08,0.29
8447,1.07,0.29
8448,1.15,0.29
8449,1.07,0.29
8450,1.13,0.29
8451,1.09,0.3
8452,1.07,0.34
8453,1.14,0.29
8454,1.07,0.34
8455,1.07,0.28
8456,1.07,0.28
8457,1.09,0.34
8458,1.08,0.29
8459,1.1,0.29
8460,1.1,0.29
8461,1.1,0.28
8462,1.1,0.29
8463,1.11,0.3
8464,1.1,0.29
8465,1.14,0.29
8466,1.1,0.29
8467,1.14,0.29
8468,1.16,0.29
8469,1.13,0.29
8470,1.15,0.29
8471,1.12,0.3
8472,1.13,0.33
8473,1.1,0.29
8474,1.09,0.29
8475,1.09,0.29
8476,1.08,0.28
8477,1.07,0.28
8478,1.07,0.29
8479,1.08,0.29
8480,1.11,0.28
8481,1.07,0.29
8482,1.08,0.29
8483,1.08,0.29
8484,1.06,0.29
8485,1.11,0.29
8486,1.07,0.29
8487,1.11,0.29
8488,1.17,0.29
8489,1.08,0.33
8490,1.11,0.29
8491,1.09,0.28
8492,1.13,0.28
8493,1.11,0.28
8494,1.11,0.28
8495,1.11,0.29
8496,1.07,0.33
8497,1.07,270.56
8498,1.31,0.5
8499,1.42,0.38
8500,1.42,0.41
8501,1.2,0.37
8502,1.25,0.34
8503,1.21,0.32
8504,1.2,0.32
8505,1.26,0.33
8506,1.2,0.33
8507,1.27,0.32
8508,1.27,0.4
8509,1.21,0.28
8510,1.09,0.29
8511,1.09,0.28
8512,1.14,0.28
8513,1.16,0.29
8514,1.08,0.28
8515,1.01,0.3
8516,1.07,0.32
8517,1.04,2.41
8518,1.05,0.29
8519,1.04,0.28
8520,1.0,0.27
8521,1.07,0.28
8522,1.07,0.29
8523,1.07,0.28
8524,1.07,0.33
8525,1.06,0.28
8526,1.06,0.3
8527,1.11,0.28
8528,1.07,0.28
8529,1.06,0.28
8530,1.03,0.33
8531,1.03,0.31
8532,1.03,0.27
8533,1.03,0.27
8534,1.04,0.27
8535,1.03,0.27
8536,1.05,0.27
8537,1.04,0.27
8538,1.0,0.34
8539,1.01,0.27
8540,1.04,0.28
8541,1.09,0.28
8542,1.04,0.29
8543,1.04,0.35
8544,1.09,0.29
8545,1.05,0.28
8546,1.04,0.29
8547,1.04,0.28
8548,1.04,0.28
8549,1.04,0.28
8550,1.04,0.3
8551,1.09,0.27
8552,1.04,0.34
8553,1.09,0.28
8554,1.04,0.28
8555,1.04,0.33
8556,1.03,0.29
8557,1.06,0.32
8558,1.03,0.29
8559,1.06,0.28
8560,1.07,0.28
8561,1.08,0.28
8562,1.09,0.28
8563,1.08,0.29
8564,1.12,0.28
8565,1.06,0.29
8566,1.11,0.29
8567,1.05,0.33
8568,1.12,0.29
8569,1.08,0.29
8570,1.05,0.29
8571,1.05,0.28
8572,1.04,0.33
8573,1.05,0.29
8574,1.1,0.29
8575,1.09,0.29
8576,1.07,0.29
8577,1.14,0.29
8578,1.11,0.29
8579,1.07,0.29
8580,1.14,0.28
8581,1.07,0.28
8582,1.12,0.29
8583,1.07,0.28
8584,1.09,0.29
8585,1.03,0.28
8586,1.09,0.29
8587,1.03,0.28
8588,1.09,0.29
8589,1.05,0.28
8590,1.1,0.28
8591,1.08,0.29
8592,1.08,0.28
8593,1.08,0.36
8594,1.07,0.29
8595,1.07,0.29
8596,1.05,0.29
8597,1.16,0.3
8598,1.12,0.31
8599,1.15,0.3
8600,1.09,0.31
8601,1.13,0.3
8602,1.09,0.31
8603,1.08,0.31
8604,1.08,0.3
8605,1.07,0.3
8606,1.07,0.29
8607,1.03,0.33
8608,1.06,0.34
8609,1.06,0.33
8610,1.08,0.29
8611,1.02,0.3
8612,1.07,0.28
8613,1.0,0.35
8614,1.08,0.28
8615,0.99,0.3
8616,0.93,0.28
8617,1.09,0.27
8618,1.04,0.33
8619,1.03,0.28
8620,1.04,0.28
8621,1.04,0.29
8622,1.04,0.29
8623,1.05,0.28
8624,1.04,0.28
8625,1.04,0.28
8626,1.02,0.27
8627,1.01,0.27
8628,1.04,0.27
8629,0.99,0.27
8630,1.0,0.27
8631,1.0,0.27
8632,1.05,0.27
8633,1.03,0.27
8634,0.98,0.27
8635,0.98,0.31
8636,1.0,0.28
8637,1.06,0.28
8638,1.02,0.29
8639,1.02,0.28
8640,1.06,0.28
8641,1.06,0.28
8642,1.06,0.29
8643,1.06,0.29
8644,1.06,0.28
8645,1.06,0.34
8646,1.03,0.28
8647,1.05,0.28
8648,1.1,0.29
8649,1.07,0.29
8650,1.1,0.29
8651,1.18,0.29
8652,1.11,0.3
8653,1.11,0.34
8654,1.13,0.34
8655,1.11,0.29
8656,1.11,0.28
8657,1.1,0.29
8658,1.11,0.29
8659,1.1,0.28
8660,1.09,0.29
8661,1.1,0.29
8662,1.05,0.29
8663,1.1,0.28
8664,1.05,0.29
8665,1.11,0.28
8666,1.14,0.3
8667,1.09,0.27
8668,1.04,0.28
8669,1.03,0.37
8670,1.09,0.27
8671,1.09,0.27
8672,1.1,0.27
8673,1.06,0.27
8674,1.08,0.26
8675,1.05,0.26
8676,1.17,0.27
8677,1.22,0.29
8678,1.25,0.3
8679,1.17,0.29
8680,1.21,0.3
8681,1.2,0.29
8682,1.2,0.29
8683,1.08,0.29
8684,1.12,0.29
8685,1.13,0.29
8686,1.16,0.28
8687,1.16,0.34
8688,1.17,0.29
8689,1.11,0.3
8690,1.13,0.29
8691,1.13,0.3
8692,1.16,0.31
8693,1.16,0.28
8694,1.17,0.29
8695,1.13,0.32
8696,1.17,0.29
8697,1.12,0.29
8698,1.12,0.33
8699,1.15,0.29
8700,1.13,0.3
8701,1.1,0.28
8702,1.1,0.29
8703,1.1,0.29
8704,1.11,0.29
8705,1.09,0.29
8706,1.1,0.29
8707,1.02,0.31
8708,1.04,0.34
8709,0.92,0.8
8710,0.89,0.27
8711,0.88,0.31
8712,0.99,0.29
8713,0.94,0.27
8714,0.94,0.29
8715,1.01,0.28
8716,1.0,0.28
8717,1.01,0.29
8718,1.0,0.29
8719,1.0,0.28
8720,1.0,0.28
8721,0.99,0.32
8722,0.99,0.29
8723,1.0,0.29
8724,1.05,0.29
8725,0.97,0.28
8726,0.97,0.28
8727,0.98,0.28
8728,1.05,0.28
8729,1.0,0.29
8730,1.06,0.29
8731,1.05,0.29
8732,1.02,0.29
8733,1.06,0.28
8734,1.01,0.28
8735,1.09,0.3
8736,1.04,0.31
8737,1.08,0.3
8738,1.04,0.31
8739,1.06,0.31
8740,1.26,1.52
8741,1.38,0.39
8742,1.37,0.4
8743,1.32,0.39
8744,1.39,0.4
8745,1.31,0.4
8746,1.31,0.39
8747,1.01,0.28
8748,1.01,0.28
8749,1.0,0.29
8750,1.04,0.29
8751,0.99,0.29
8752,0.99,0.27
8753,0.99,0.29
8754,1.0,0.29
8755,1.01,0.29
8756,0.98,0.28
8757,1.04,0.3
8758,0.97,0.37
8759,1.04,0.33
8760,1.12,0.32
8761,1.3,0.29
8762,1.01,0.28
8763,1.02,0.29
8764,1.03,0.3
8765,0.99,0.28
8766,1.01,0.28
8767,0.84,0.22
8768,0.8,0.21
8769,0.8,0.21
8770,0.78,0.21
8771,0.78,0.21
8772,0.77,0.21
8773,0.77,0.21
8774,0.78,0.21
8775,0.77,0.21
8776,0.78,0.21
8777,0.81,0.21
8778,0.77,0.21
8779,0.77,0.21
8780,0.84,0.21
8781,0.79,0.21
8782,0.81,0.21
8783,0.85,0.21
8784,0.8,0.21
8785,0.81,0.24
8786,0.85,0.21
8787,0.81,0.21
8788,0.81,0.21
8789,0.81,0.21
8790,0.81,0.22
8791,0.82,0.23
8792,0.8,0.21
8793,0.81,0.21
8794,0.8,0.21
8795,0.81,0.21
8796,0.81,0.21
8797,0.86,0.21
8798,0.81,0.21
8799,0.82,0.21
8800,0.82,0.21
8801,0.82,0.21
8802,0.81,0.21
8803,0.76,0.23
8804,0.75,0.2
8805,0.8,0.25
8806,0.82,2.27
8807,0.78,0.26
8808,0.83,0.22
8809,0.75,1.64
8810,0.9,0.21
8811,0.9,0.22
8812,0.86,0.21
8813,0.87,0.22
8814,0.87,0.22
8815,0.86,0.22
8816,0.85,0.21
8817,0.89,0.22
8818,0.9,0.22
8819,0.87,0.22
8820,0.89,0.22
8821,0.86,0.22
8822,0.87,0.22
8823,0.88,0.26
8824,0.86,0.22
8825,0.89,0.22
8826,0.9,0.21
8827,0.86,0.22
8828,0.87,0.22
8829,0.9,0.22
8830,0.87,0.22
8831,0.87,0.21
8832,0.88,0.22
8833,0.88,0.22
8834,0.87,0.22
8835,0.87,0.22
8836,0.91,0.22
8837,0.87,0.22
8838,0.87,0.22
8839,0.88,0.22
8840,0.86,0.22
8841,0.86,0.22
8842,0.88,0.22
8843,0.86,0.21
8844,0.86,0.22
8845,0.89,0.22
8846,0.89,0.22
8847,0.87,0.22
8848,0.91,0.22
8849,0.83,0.21
8850,0.86,0.21
8851,0.86,0.23
8852,0.84,0.22
8853,0.84,0.22
8854,0.84,0.26
8855,0.88,0.21
8856,0.95,0.26
8857,0.95,0.22
8858,0.99,0.22
8859,0.95,0.22
8860,0.95,0.22
8861,0.95,0.22
8862,0.95,0.22
8863,0.96,0.22
8864,1.0,0.22
8865,0.95,0.22
8866,0.98,0.22
8867,0.94,0.22
8868,0.85,0.22
8869,0.84,0.22
8870,0.85,0.22
8871,0.89,0.22
8872,0.91,0.21
8873,0.86,0.21
8874,0.85,0.22
8875,0.87,0.21
8876,0.87,0.22
8877,0.9,0.22
8878,0.86,0.22
8879,0.86,0.22
8880,0.82,0.21
8881,0.86,0.25
8882,0.85,0.21
8883,0.88,0.22
8884,0.84,0.22
8885,0.85,0.21
8886,0.88,0.22
8887,0.85,0.22
8888,0.84,0.22
8889,0.84,0.21
8890,0.86,0.22
8891,0.84,0.21
8892,0.86,0.22
8893,0.84,0.22
8894,0.84,0.22
8895,0.85,0.21
8896,0.97,0.22
8897,0.99,0.22
8898,0.84,0.22
8899,0.73,0.23
8900,0.73,0.21
8901,0.84,0.21
8902,0.78,1.3
8903,0.76,0.2
8904,0.81,0.24
8905,0.74,0.21
8906,0.89,0.21
8907,0.87,0.22
8908,0.84,0.22
8909,0.84,0.32
8910,0.83,0.22
8911,0.85,0.22
8912,0.85,0.25
8913,0.84,0.26
8914,0.84,0.25
8915,0.83,0.22
8916,0.87,0.22
8917,0.86,0.22
8918,0.86,0.22
8919,0.9,0.22
8920,0.88,0.22
8921,0.88,0.22
8922,0.87,0.22
8923,0.87,0.22
8924,0.88,0.22
8925,0.86,0.25
8926,0.87,0.25
8927,0.92,0.22
8928,0.87,0.23
8929,0.84,0.22
8930,0.93,0.22
8931,0.91,0.21
8932,0.88,0.21
8933,0.88,0.21
8934,0.83,0.22
8935,0.84,0.22
8936,0.84,0.22
8937,0.8,0.21
8938,0.8,0.25
8939,0.8,0.21
8940,0.92,0.21
8941,0.91,0.22
8942,0.98,0.22
8943,0.92,0.22
8944,0.93,0.22
8945,0.93,0.22
8946,0.93,0.22
8947,0.92,0.22
8948,0.85,0.22
8949,0.83,0.22
8950,0.88,0.22
8951,0.8,0.21
8952,0.79,0.23
8953,0.83,0.22
8954,0.94,0.22
8955,0.81,0.22
8956,0.83,0.22
8957,0.82,0.22
8958,0.92,0.22
8959,0.94,0.22
8960,0.98,0.23
8961,0.99,0.22
8962,0.94,0.22
8963,0.97,0.22
8964,0.99,0.22
8965,0.94,0.22
8966,0.92,0.24
8967,0.98,0.22
8968,0.97,0.23
8969,0.92,0.22
8970,0.92,0.22
8971,0.92,0.22
8972,0.92,0.25
8973,0.91,0.22
8974,0.93,0.23
8975,0.92,0.23
8976,0.93,0.22
8977,0.91,0.22
8978,0.92,0.23
8979,0.93,0.22
8980,0.91,0.22
8981,0.91,0.22
8982,0.91,0.22
8983,0.83,3.52
8984,0.91,0.22
8985,0.93,0.21
8986,0.94,0.22
8987,0.91,0.22
8988,0.9,0.22
8989,0.88,0.22
8990,0.89,0.22
8991,0.93,0.22
8992,0.89,0.22
8993,0.88,0.21
8994,0.9,0.22
8995,0.84,0.22
8996,1.06,0.23
8997,0.86,0.2
8998,0.89,0.22
8999,0.82,0.22
9000,0.96,2.4
9001,0.85,0.21
9002,0.97,0.21
9003,0.94,0.22
9004,0.97,0.22
9005,0.93,0.22
9006,0.92,0.22
9007,0.96,0.22
9008,0.92,0.23
9009,0.87,0.23
9010,0.83,0.27
9011,0.89,0.26
9012,0.97,0.25
9013,0.93,0.21
9014,0.9,0.24
9015,0.93,0.21
9016,0.92,0.34
9017,0.91,0.23
9018,0.92,0.23
9019,0.92,0.24
9020,0.95,0.21
9021,0.96,0.24
9022,0.9,0.2
9023,0.91,0.24
9024,0.96,0.21
9025,0.91,0.21
9026,0.93,0.22
9027,0.96,0.35
9028,0.93,0.22
9029,0.95,0.24
9030,0.93,0.22
9031,0.94,0.22
9032,0.94,0.22
9033,0.91,0.21
9034,0.9,0.21
9035,0.92,0.21
9036,0.96,0.22
9037,0.94,0.22
9038,0.93,0.22
9039,0.93,0.22
9040,0.94,0.22
9041,0.93,0.25
9042,0.93,0.21
9043,0.93,0.22
9044,0.98,0.39
9045,0.93,0.22
9046,0.93,0.22
9047,0.99,0.22
9048,0.93,0.22
9049,0.93,0.25
9050,0.93,0.22
9051,0.93,0.22
9052,0.94,0.23
9053,0.93,0.35
9054,0.93,0.25
9055,0.94,0.25
9056,0.92,0.22
9057,0.92,0.22
9058,0.94,0.22
9059,0.92,0.22
9060,0.94,0.22
9061,0.97,0.36
9062,0.97,0.37
9063,0.93,0.35
9064,0.93,0.36
9065,0.96,0.36
9066,0.93,0.38
9067,0.92,0.21
9068,0.94,0.22
9069,0.97,0.22
9070,0.93,0.38
9071,0.92,0.22
9072,0.93,0.36
9073,0.93,0.36
9074,0.94,0.22
9075,0.93,0.22
9076,0.93,0.22
9077,0.97,0.39
9078,0.97,2.78
9079,0.93,0.21
9080,0.95,0.37
9081,0.97,0.22
9082,0.98,0.22
9083,0.94,0.37
9084,0.94,0.21
9085,0.93,0.22
9086,0.93,0.38
9087,0.94,0.22
9088,0.93,0.22
9089,0.94,0.38
9090,0.94,0.22
9091,0.99,0.22
9092,0.94,0.37
9093,0.93,0.36
9094,0.97,0.22
9095,0.93,0.22
9096,0.94,0.22
9097,0.93,0.22
9098,0.94,0.26
9099,0.94,0.22
9100,0.93,0.22
9101,0.94,0.28
9102,0.91,0.22
9103,0.93,0.22
9104,0.92,0.22
9105,0.92,0.22
9106,0.95,0.22
9107,0.94,0.22
9108,0.93,0.22
9109,0.93,0.22
9110,0.97,0.26
9111,0.99,0.22
9112,0.94,0.22
9113,0.99,0.22
9114,0.95,0.22
9115,0.93,0.22
9116,0.99,0.22
9117,0.93,0.22
9118,0.94,0.22
9119,0.96,0.22
9120,0.96,0.25
9121,0.94,0.22
9122,0.94,0.21
9123,0.94,0.22
9124,0.94,0.22
9125,0.95,0.22
9126,0.93,0.22
9127,0.98,0.22
9128,0.93,0.22
9129,0.96,0.22
9130,0.95,0.22
9131,0.95,0.22
9132,0.97,0.22
9133,0.99,0.22
9134,0.94,0.22
9135,0.93,0.22
9136,0.94,0.22
9137,0.93,0.22
9138,0.96,0.22
9139,0.95,0.22
9140,0.95,0.22
9141,0.91,0.22
9142,0.91,0.21
9143,0.92,0.22
9144,0.99,0.22
9145,0.93,0.22
9146,0.94,0.22
9147,0.94,0.22
9148,0.95,0.22
9149,0.98,0.22
9150,0.98,0.22
9151,0.96,0.22
9152,0.92,0.22
9153,0.94,0.22
9154,0.99,0.22
9155,0.97,0.22
9156,0.95,0.22
9157,0.98,0.22
9158,0.95,0.22
9159,0.95,0.22
9160,0.98,0.22
9161,0.97,0.22
9162,0.94,0.22
9163,0.94,0.22
9164,0.97,0.22
9165,0.99,0.22
9166,0.92,0.22
9167,0.95,0.25
9168,0.94,0.22
9169,0.95,0.22
9170,0.98,0.22
9171,0.94,0.22
9172,0.94,0.22
9173,0.94,0.22
9174,0.97,0.22
9175,0.94,0.25
9176,0.95,0.22
9177,0.93,0.22
9178,0.94,0.22
9179,0.95,0.22
9180,0.94,0.22
9181,0.98,0.22
9182,0.94,0.22
9183,0.94,0.22
9184,0.94,0.22
9185,0.94,0.22
9186,0.94,0.22
9187,0.96,0.22
9188,0.81,0.24
9189,0.83,0.22
9190,0.98,0.23
9191,1.03,0.2
9192,0.93,0.23
9193,0.93,0.25
9194,0.94,0.22
9195,0.95,0.22
9196,0.95,0.22
9197,0.99,0.22
9198,0.95,0.22
9199,0.95,0.22
9200,0.99,0.22
9201,0.92,0.23
9202,0.95,0.22
9203,0.97,0.22
9204,0.94,0.22
9205,0.94,0.22
9206,0.96,0.22
9207,0.97,0.22
9208,0.93,0.22
9209,0.92,0.22
9210,0.92,0.22
9211,0.97,0.26
9212,0.97,0.22
9213,0.93,0.22
9214,0.94,0.22
9215,0.92,0.22
9216,0.96,0.22
9217,0.93,0.22
9218,0.93,0.22
9219,0.93,0.22
9220,0.96,0.22
9221,0.97,0.22
9222,0.94,0.22
9223,0.93,0.22
9224,0.96,0.22
9225,0.96,237.25
9226,0.81,1.96
9227,0.93,0.21
9228,0.93,0.22
9229,0.93,0.25
9230,0.8,0.22
9231,0.81,0.22
9232,0.94,0.22
9233,0.93,0.24
9234,0.91,0.25
9235,0.8,0.22
9236,0.8,0.22
9237,0.79,0.21
9238,0.82,0.22
9239,0.93,0.25
9240,0.97,0.22
9241,0.95,0.25
9242,0.94,0.21
9243,0.94,0.22
9244,0.95,0.22
9245,0.97,0.24
9246,0.94,0.22
9247,0.92,0.22
9248,0.96,0.22
9249,0.81,0.24
9250,0.88,0.22
9251,0.8,0.22
9252,0.8,0.22
9253,0.81,0.26
9254,0.81,0.25
9255,0.81,0.22
9256,0.81,0.25
9257,0.91,0.39
9258,0.91,0.25
9259,1.19,0.3
9260,1.21,0.51
9261,1.11,0.29
9262,1.15,0.52
9263,1.07,0.3
9264,1.07,0.48
9265,1.05,0.48
9266,1.06,0.47
9267,1.04,0.56
9268,1.0,0.44
9269,1.0,0.45
9270,1.0,0.28
9271,1.0,0.32
9272,1.0,0.35
9273,1.0,0.48
9274,1.04,2.6
9275,1.03,2.67
9276,1.25,2.21
9277,1.24,2.19
9278,1.24,2.41
9279,1.02,2.64
9280,1.01,0.29
9281,1.01,0.29
9282,1.06,0.29
9283,1.01,0.29
9284,1.02,0.28
9285,0.99,0.29
9286,1.06,0.29
9287,1.0,0.28
9288,1.03,0.29
9289,1.0,0.29
9290,1.05,0.29
9291,1.04,0.3
9292,1.0,0.29
9293,1.12,0.3
9294,1.12,0.28
9295,1.16,0.3
9296,1.12,0.29
9297,1.19,0.31
9298,1.16,0.29
9299,1.11,0.29
9300,1.08,0.29
9301,1.04,0.29
9302,1.1,0.3
9303,1.11,0.28
9304,1.06,0.33
9305,1.05,0.29
9306,1.0,0.32
9307,1.05,0.32
9308,1.04,0.3
9309,1.04,0.38
9310,1.04,0.31
9311,1.04,0.37
9312,1.05,0.3
9313,1.04,0.3
9314,1.05,0.3
9315,1.04,0.3
9316,1.06,0.3
9317,1.04,0.28
9318,0.99,0.28
9319,1.04,0.28
9320,1.03,0.29
9321,1.04,0.28
9322,1.03,0.28
9323,1.0,0.3
9324,0.99,0.28
9325,1.0,0.28
9326,1.0,0.28
9327,1.06,0.29
9328,1.06,0.28
9329,1.0,0.28
9330,1.15,0.29
9331,1.13,0.29
9332,1.12,0.29
9333,1.2,0.31
9334,1.11,0.28
9335,1.1,0.28
9336,1.1,0.33
9337,1.11,0.29
9338,1.17,0.29
9339,1.14,0.29
9340,1.14,0.29
9341,1.14,0.28
9342,1.13,0.35
9343,1.14,0.29
9344,1.21,0.31
9345,1.18,0.32
9346,1.17,0.31
9347,1.18,0.3
9348,1.17,0.3
9349,1.17,0.39
9350,1.17,0.3
9351,1.18,0.31
9352,1.19,0.31
9353,1.22,0.3
9354,1.1,0.31
9355,1.14,0.28
9356,1.07,0.29
9357,1.06,0.29
9358,1.09,0.28
9359,1.08,0.29
9360,1.1,0.29
9361,1.07,0.29
9362,1.08,0.29
9363,1.11,0.28
9364,1.03,0.29
9365,1.08,0.28
9366,1.12,0.29
9367,1.07,0.29
9368,1.11,0.29
9369,1.07,0.29
9370,1.13,0.28
9371,1.12,0.3
9372,1.11,0.31
9373,1.17,0.28
9374,1.12,0.29
9375,1.12,0.29
9376,1.16,0.3
9377,1.16,0.29
9378,1.15,0.3
9379,1.18,0.29
9380,1.12,0.29
9381,1.16,0.3
9382,1.12,0.3
9383,1.17,0.27
9384,1.11,0.31
9385,1.07,0.27
9386,1.08,0.34
9387,0.96,0.28
9388,1.13,0.29
9389,1.08,0.28
9390,1.07,0.32
9391,1.07,0.27
9392,1.07,0.29
9393,1.13,0.27
9394,1.06,0.28
9395,1.11,0.28
9396,1.1,0.35
9397,1.08,0.33
9398,1.09,0.28
9399,1.07,0.29
9400,1.08,0.29
9401,1.09,0.28
9402,1.15,0.28
9403,1.1,0.29
9404,1.1,0.29
9405,1.09,0.29
9406,1.1,0.29
9407,1.1,0.29
9408,1.1,0.29
9409,1.1,0.29
9410,1.11,0.34
9411,1.16,0.29
9412,1.15,0.29
9413,1.11,0.28
9414,1.14,0.29
9415,1.23,0.29
9416,1.21,0.3
9417,1.11,0.28
9418,1.16,0.29
9419,1.12,0.29
9420,1.16,0.31
9421,1.15,0.28
9422,1.11,0.34
9423,1.11,0.3
9424,1.1,0.29
9425,1.15,0.29
9426,1.13,0.28
9427,1.09,0.29
9428,1.09,0.31
9429,1.09,0.28
9430,1.08,0.34
9431,1.09,0.28
9432,1.08,0.3
9433,1.08,0.28
9434,1.1,0.28
9435,1.09,0.28
9436,1.09,0.29
9437,1.09,0.29
9438,1.14,0.29
9439,1.09,0.29
9440,1.14,0.29
9441,1.12,0.29
9442,1.08,0.29
9443,1.16,0.29
9444,1.12,0.33
9445,1.11,0.29
9446,1.11,0.29
9447,1.12,0.33
9448,1.15,0.32
9449,1.11,0.29
9450,1.15,0.29
9451,1.15,0.29
9452,1.14,0.29
9453,1.2,0.28
9454,1.16,0.3
9455,1.23,0.28
9456,1.17,0.29
9457,1.14,0.33
9458,1.18,0.3
9459,1.17,0.29
9460,1.11,0.29
9461,1.17,0.29
9462,1.14,0.33
9463,1.14,0.31
9464,1.22,0.32
9465,1.25,0.31
9466,1.29,0.32
9467,1.22,0.32
9468,1.21,0.31
9469,2.81,1.59
9470,2.37,1.18
9471,1.84,2.52
9472,1.68,0.39
9473,1.49,0.42
9474,1.49,1.84
9475,1.06,0.3
9476,1.12,0.29
9477,1.07,0.3
9478,1.12,0.28
9479,1.08,0.98
9480,1.08,0.3
9481,1.2,0.28
9482,1.12,0.3
9483,1.17,0.28
9484,1.12,0.28
9485,1.38,0.3
9486,1.05,0.29
9487,1.22,0.29
9488,1.15,0.29
9489,1.19,0.28
9490,1.13,0.37
9491,1.17,0.29
9492,1.11,0.29
9493,1.11,0.29
9494,1.16,0.3
9495,1.19,0.3
9496,1.17,0.37
9497,1.21,0.3
9498,1.16,0.31
9499,1.22,0.31
9500,1.19,0.3
9501,1.19,0.31
9502,1.21,0.31
9503,1.12,0.3
9504,1.18,0.29
9505,1.14,0.28
9506,1.19,0.28
9507,1.15,0.29
9508,1.15,0.34
9509,1.19,0.28
9510,1.18,0.3
9511,1.19,0.29
9512,1.19,0.3
9513,1.13,0.3
9514,1.17,0.29
9515,1.14,0.33
9516,1.19,0.3
9517,1.13,0.29
9518,1.11,0.28
9519,1.1,0.34
9520,1.11,0.29
9521,1.24,0.31
9522,1.19,0.31
9523,1.2,0.31
9524,1.23,0.3
9525,1.19,0.31
9526,1.24,0.3
9527,1.18,0.36
9528,1.18,0.29
9529,1.19,0.3
9530,1.12,0.28
9531,1.13,0.29
9532,1.13,0.29
9533,1.13,0.29
9534,1.2,0.28
9535,1.15,0.28
9536,1.2,0.29
9537,1.14,0.28
9538,1.18,0.29
9539,1.18,0.28
9540,1.15,0.28
9541,1.16,0.27
9542,1.12,0.28
9543,1.15,0.29
9544,1.19,0.29
9545,1.16,0.28
9546,1.19,0.28
9547,1.11,0.29
9548,1.13,0.28
9549,1.13,0.28
9550,1.13,0.28
9551,1.07,0.27
9552,1.07,0.28
9553,1.07,0.32
9554,1.08,0.28
9555,1.13,0.3
9556,1.08,0.29
9557,1.16,0.31
9558,1.1,0.27
9559,1.06,0.28
9560,1.06,0.27
9561,1.05,0.32
9562,1.05,0.27
9563,1.05,0.27
9564,1.1,0.27
9565,1.14,0.27
9566,1.08,0.27
9567,1.12,0.27
9568,1.09,0.33
9569,1.18,0.29
9570,1.14,0.3
9571,1.07,0.3
9572,1.19,0.28
9573,1.05,0.37
9574,1.02,0.26
9575,1.05,0.3
9576,1.13,0.28
9577,1.25,0.31
9578,1.21,0.32
9579,1.24,0.3
9580,1.23,0.32
9581,1.24,0.31
9582,1.25,0.32
9583,1.2,0.3
9584,1.2,0.3
9585,1.2,0.31
9586,1.19,0.34
9587,1.2,0.31
9588,1.2,0.34
9589,1.19,0.31
9590,1.16,0.3
9591,1.17,0.3
9592,1.27,0.3
9593,1.18,0.35
9594,1.24,0.3
9595,1.2,0.32
9596,1.23,0.3
9597,1.19,0.37
9598,1.27,4.05
9599,1.19,0.35
9600,1.24,0.31
9601,1.19,0.29
9602,1.2,0.3
9603,1.11,0.29
9604,1.11,0.29
9605,1.11,0.29
9606,1.11,0.31
9607,1.1,0.33
9608,1.11,0.29
9609,1.11,0.29
9610,1.12,0.31
9611,1.12,0.32
9612,1.2,0.29
9613,1.14,0.33
9614,1.14,0.3
9615,1.15,0.29
9616,1.21,0.28
9617,1.17,0.29
9618,1.13,0.29
9619,1.19,0.28
9620,1.13,0.29
9621,1.18,0.3
9622,1.12,0.29
9623,1.14,0.28
9624,1.14,0.29
9625,1.15,0.28
9626,1.14,0.33
9627,1.13,0.29
9628,1.14,0.3
9629,1.14,0.3
9630,1.13,2.74
9631,1.12,0.34
9632,1.2,0.29
9633,1.14,0.29
9634,1.17,0.3
9635,1.18,0.29
9636,1.14,0.29
9637,1.18,0.28
9638,1.13,0.3
9639,1.17,0.29
9640,1.14,0.29
9641,1.16,0.29
9642,1.12,0.3
9643,1.18,0.29
9644,1.14,0.3
9645,1.18,0.3
9646,1.18,0.3
9647,1.13,0.3
9648,1.19,0.3
9649,1.14,0.3
9650,1.25,0.3
9651,1.13,0.33
9652,1.13,0.29
9653,1.13,0.29
9654,1.12,2.6
9655,1.13,1.81
9656,1.13,0.34
9657,1.13,0.3
9658,1.12,0.4
9659,1.12,0.3
9660,1.13,0.3
9661,1.13,0.3
9662,1.12,0.31
9663,1.16,0.29
9664,1.14,0.29
9665,1.12,0.29
9666,1.12,0.29
9667,1.02,0.3
9668,1.07,0.31
9669,1.1,0.28
9670,1.02,0.27
9671,1.0,0.3
9672,1.01,0.3
9673,1.11,0.29
9674,1.16,0.3
9675,1.11,0.3
9676,1.11,0.3
9677,1.11,0.3
9678,1.1,0.31
9679,1.12,0.28
9680,1.11,0.39
9681,1.1,0.29
9682,1.04,0.28
9683,1.03,0.27
9684,1.09,0.27
9685,1.04,0.27
9686,1.04,0.28
9687,1.05,0.26
9688,1.3,0.33
9689,1.26,0.33
9690,1.21,0.33
9691,1.22,0.34
9692,1.19,0.38
9693,1.19,0.31
9694,1.25,0.35
9695,1.26,0.31
9696,1.22,0.34
9697,1.21,0.29
9698,1.07,0.28
9699,1.08,0.29
9700,1.08,0.28
9701,1.08,0.29
9702,1.06,0.3
9703,1.09,0.28
9704,1.05,0.29
9705,1.06,0.29
9706,1.05,0.42
9707,1.06,0.28
9708,1.05,0.28
9709,1.06,0.32
9710,1.06,0.28
9711,1.59,3.38
9712,1.34,0.42
9713,1.68,0.4
9714,1.58,0.41
9715,1.61,2.5
9716,1.28,2.63
9717,1.3,0.3
9718,1.27,0.32
9719,1.31,0.3
9720,1.31,0.31
9721,1.27,0.32
9722,1.3,0.32
9723,1.15,0.31
9724,1.15,0.32
9725,1.11,0.28
9726,1.17,0.29
9727,1.12,0.28
9728,1.13,0.29
9729,1.12,0.29
9730,1.4,0.29
9731,1.17,0.29
9732,1.13,0.34
9733,1.16,0.29
9734,1.11,0.28
9735,1.1,0.34
9736,1.1,0.28
9737,1.1,0.29
9738,1.1,0.28
9739,1.09,0.29
9740,1.09,0.28
9741,1.12,0.3
9742,1.12,0.28
9743,1.17,0.29
9744,1.11,0.29
9745,1.28,0.3
9746,1.09,0.29
9747,1.15,0.28
9748,1.09,0.28
9749,1.31,0.33
9750,1.19,0.32
9751,1.22,0.33
9752,1.19,0.33
9753,1.25,0.32
9754,1.28,0.33
9755,1.2,0.33
9756,1.2,0.34
9757,1.04,0.27
9758,1.09,0.28
9759,1.04,0.27
9760,1.12,0.27
9761,1.11,0.27
9762,1.13,0.27
9763,1.12,0.28
9764,1.07,0.28
9765,1.0,0.3
9766,1.07,0.26
9767,0.99,0.28
9768,1.0,0.27
9769,1.11,0.28
9770,1.09,0.28
9771,1.1,0.29
9772,1.15,0.28
9773,1.11,0.34
9774,1.11,0.29
9775,1.1,0.34
9776,1.1,0.29
9777,1.05,0.27
9778,1.06,0.32
9779,1.06,0.27
9780,1.14,0.27
9781,1.33,0.31
9782,1.52,0.34
9783,1.5,1.85
9784,1.49,0.31
9785,1.53,0.34
9786,1.53,0.32
9787,1.52,0.34
9788,1.51,1.73
9789,1.53,2.25
9790,1.23,0.32
9791,1.14,0.3
9792,1.13,0.28
9793,1.08,0.28
9794,1.15,0.28
9795,1.09,0.29
9796,1.17,0.29
9797,1.09,0.34
9798,1.09,0.28
9799,1.14,0.29
9800,1.09,0.29
9801,1.1,0.28
9802,1.15,0.29
9803,1.14,0.28
9804,1.16,0.34
9805,1.14,0.29
9806,1.1,0.29
9807,1.15,0.29
9808,1.1,0.28
9809,1.09,0.29
9810,1.15,0.28
9811,1.14,0.29
9812,1.16,0.28
9813,1.23,0.3
9814,1.11,0.28
9815,1.16,0.28
9816,1.2,0.3
9817,1.15,0.28
9818,1.14,0.28
9819,1.1,0.29
9820,1.1,0.29
9821,1.1,0.29
9822,1.11,0.28
9823,1.09,0.28
9824,1.13,0.28
9825,1.09,0.29
9826,1.16,0.28
9827,1.11,0.28
9828,1.14,0.29
9829,1.1,0.29
9830,1.1,0.29
9831,1.1,0.28
9832,1.1,0.28
9833,1.09,0.29
9834,1.09,0.28
9835,1.09,0.28
9836,1.09,0.28
9837,1.1,0.29
9838,1.09,0.28
9839,1.1,0.28
9840,1.09,0.28
9841,1.18,0.28
9842,1.11,0.34
9843,1.1,0.28
9844,1.11,0.28
9845,1.1,0.29
9846,1.1,0.29
9847,1.1,0.29
9848,1.1,0.28
9849,1.1,0.29
9850,1.1,0.28
9851,1.1,0.33
9852,1.09,0.28
9853,1.09,0.28
9854,1.14,0.28
9855,1.09,0.28
9856,1.16,0.29
9857,1.1,0.28
9858,1.15,0.28
9859,1.09,0.37
9860,1.09,0.3
9861,1.12,0.29
9862,1.2,0.3
9863,1.14,0.3
9864,1.19,0.3
9865,1.15,0.31
9866,1.2,0.3
9867,1.14,0.3
9868,1.21,0.3
9869,1.09,0.28
9870,1.1,0.29
9871,1.15,0.28
9872,1.09,0.29
9873,1.08,0.28
9874,1.09,0.33
9875,1.09,0.28
9876,1.15,0.28
9877,1.13,0.28
9878,1.13,0.28
9879,1.12,0.29
9880,1.09,0.29
9881,1.13,0.29
9882,1.08,0.28
9883,1.09,0.29
9884,1.14,0.29
9885,1.09,0.29
9886,1.09,0.28
9887,1.15,0.28
9888,1.1,0.28
9889,1.15,0.29
9890,1.1,0.29
9891,1.15,0.28
9892,1.16,0.29
9893,1.1,0.28
9894,1.15,0.28
9895,1.09,0.28
9896,1.17,0.28
9897,1.11,0.33
9898,1.1,0.28
9899,1.1,0.28
9900,1.0,0.28
9901,1.0,0.28
9902,0.99,0.34
9903,1.03,0.28
9904,1.05,0.3
9905,1.04,0.29
9906,1.03,0.33
9907,1.03,0.29
9908,1.08,0.29
9909,1.03,0.33
9910,1.08,0.29
9911,1.03,0.28
9912,1.03,0.29
9913,1.07,0.3
9914,1.02,0.29
9915,1.04,0.28
9916,1.04,0.28
9917,1.04,0.29
9918,1.1,0.28
9919,1.08,0.28
9920,1.13,0.29
9921,1.13,0.28
9922,1.13,0.29
9923,1.13,0.29
9924,1.09,0.29
9925,1.16,0.28
9926,1.1,0.29
9927,1.15,0.29
9928,1.08,0.28
9929,1.07,0.28
9930,1.11,0.29
9931,1.1,0.29
9932,1.08,0.28
9933,1.06,0.29
9934,1.08,0.33
9935,1.03,0.29
9936,1.03,0.28
9937,1.03,0.28
9938,1.03,0.28
9939,1.04,0.28
9940,1.07,0.29
9941,1.13,0.29
9942,1.04,0.29
9943,1.12,0.29
9944,1.08,0.34
9945,1.04,0.29
9946,1.04,0.29
9947,1.08,0.29
9948,1.07,0.28
9949,1.07,0.28
9950,1.08,0.29
9951,1.12,0.28
9952,1.09,0.29
9953,1.12,0.28
9954,1.07,290.2
9955,1.39,0.44
9956,1.32,0.4
9957,1.5,0.38
9958,1.39,0.4
9959,1.37,0.39
9960,1.39,0.39
9961,1.43,0.39
9962,1.01,0.27
9963,1.0,0.27
9964,1.0,0.27
9965,0.99,0.32
9966,0.98,0.27
9967,0.97,0.31
9968,0.97,0.27
9969,0.97,0.27
9970,0.99,0.27
9971,1.0,0.27
9972,1.0,0.29
9973,1.1,0.29
9974,1.1,0.3
9975,1.13,0.3
9976,1.11,0.28
9977,1.13,0.29
9978,1.08,0.29
9979,1.09,0.28
9980,1.14,0.31
9981,1.08,0.28
9982,1.18,0.32
9983,1.14,2.06
9984,1.16,2.38
9985,1.13,0.3
9986,1.12,0.31
9987,1.13,0.32
9988,1.12,0.32
9989,1.13,2.29
9990,1.13,2.53
9991,1.13,0.29
9992,1.06,0.3
9993,1.06,0.28
9994,1.07,0.29
9995,1.11,0.29
9996,1.06,0.3
9997,1.11,0.28
9998,0.96,0.29
9999,1.09,0.31
10000,1.07,0.28
10001,1.09,0.35
10002,1.06,0.34
10003,1.07,0.29
10004,1.02,0.3
10005,1.03,0.3
10006,1.07,0.28
10007,1.07,0.34
10008,1.06,0.3
10009,1.06,0.29
10010,1.05,0.32
10011,1.04,0.28
10012,1.06,0.35
10013,1.06,0.28
10014,1.05,0.29
10015,1.09,0.29
10016,0.97,0.3
10017,1.26,0.3
10018,1.2,0.29
10019,1.19,0.51
10020,1.19,0.28
10021,1.22,0.32
10022,1.18,0.31
10023,1.08,2.61
10024,1.11,0.28
10025,1.1,0.29
10026,1.04,0.33
10027,1.09,0.28
10028,1.03,0.28
10029,1.07,0.28
10030,1.05,0.28
10031,1.01,0.28
10032,1.02,0.28
10033,1.0,0.27
10034,1.03,0.27
10035,1.03,0.29
10036,1.03,0.28
10037,1.03,0.28
10038,1.0,0.33
10039,1.0,0.28
10040,1.05,0.3
10041,1.07,0.3
10042,1.38,0.33
10043,1.28,0.3
10044,1.24,0.3
10045,1.06,0.29
10046,1.03,0.34
10047,1.16,0.33
10048,1.05,0.3
10049,1.19,0.33
10050,1.22,0.33
10051,0.95,0.31
10052,1.38,0.28
10053,0.93,0.3
10054,0.92,0.26
10055,0.94,0.28
10056,1.31,1.82
10057,0.93,0.29
10058,1.36,2.44
10059,1.26,0.28
10060,1.28,0.34
10061,1.26,0.29
10062,1.18,0.37
10063,1.17,0.33
10064,1.16,0.28
10065,1.2,0.33
10066,1.22,0.33
10067,1.07,0.46
10068,1.12,0.48
10069,1.08,3.82
10070,1.07,0.28
10071,1.04,0.5
10072,1.04,0.29
10073,1.08,0.51
10074,1.05,0.28
10075,1.04,0.36
10076,1.04,0.48
10077,1.05,0.46
10078,1.04,0.51
10079,1.03,0.46
10080,1.03,0.32
10081,1.08,0.29
10082,1.08,0.46
10083,1.04,0.55
10084,1.04,2.46
10085,1.07,4.31
10086,1.07,0.46
10087,1.04,0.54
10088,1.03,2.47
10089,1.03,0.44
10090,1.08,0.45
10091,1.03,0.46
10092,1.09,0.29
10093,1.07,0.47
10094,1.06,2.81
10095,1.06,2.93
10096,1.04,0.28
10097,1.05,0.46
10098,1.03,0.46
10099,1.02,0.46
10100,1.02,0.54
10101,1.06,0.28
10102,1.03,0.36
10103,1.07,0.28
10104,1.03,0.54
10105,1.03,0.28
10106,1.08,0.47
10107,1.09,0.51
10108,1.08,2.7
10109,1.07,2.2
10110,1.11,2.57
10111,1.08,0.47
10112,1.07,2.52
10113,1.14,0.45
10114,1.08,0.29
10115,1.13,0.47
10116,1.08,4.44
10117,1.07,2.87
10118,1.11,2.58
10119,1.07,2.5
10120,1.07,0.28
10121,1.05,0.46
10122,1.09,0.47
10123,1.03,0.53
10124,1.03,2.61
10125,1.03,0.28
10126,1.04,0.47
10127,1.03,0.28
10128,1.07,0.47
10129,1.09,0.47
10130,1.02,0.48
10131,1.07,0.45
10132,1.03,0.53
10133,1.03,0.45
10134,1.03,0.46
10135,1.03,0.48
10136,1.03,0.28
10137,1.03,0.46
10138,1.04,0.46
10139,1.1,0.46
10140,1.02,0.28
10141,1.06,0.29
10142,1.04,0.49
10143,1.01,0.28
10144,1.01,0.31
10145,1.0,0.45
10146,1.02,0.29
10147,1.12,0.3
10148,1.05,0.5
10149,1.06,0.3
10150,1.05,0.3
10151,1.05,0.49
10152,1.06,0.37
10153,1.07,0.3
10154,1.07,0.55
10155,1.08,2.82
10156,1.07,2.17
10157,1.03,0.49
10158,1.02,0.3
10159,1.09,0.36
10160,1.03,0.49
10161,1.03,0.45
10162,1.08,0.62
10163,1.07,2.3
10164,1.04,2.77
10165,1.09,0.44
10166,1.08,0.46
10167,1.46,0.29
10168,1.05,0.29
10169,1.03,0.5
10170,1.03,0.29
10171,1.04,0.46
10172,1.11,0.48
10173,1.07,0.45
10174,1.07,0.48
10175,1.03,0.28
10176,1.07,0.48
10177,1.03,0.36
10178,1.02,0.46
10179,1.03,0.47
10180,1.08,0.48
10181,1.13,0.28
10182,1.07,0.48
10183,1.06,0.45
10184,1.06,0.47
10185,1.06,0.28
10186,1.06,0.47
10187,1.06,0.36
10188,1.06,0.48
10189,1.04,0.45
10190,1.04,0.46
10191,1.03,0.45
10192,1.1,0.29
10193,1.06,0.93
10194,1.11,0.28
10195,1.03,0.49
10196,1.03,0.48
10197,1.08,0.46
10198,1.56,1.47
10199,1.47,0.56
10200,1.39,0.69
10201,1.43,0.48
10202,1.36,0.48
10203,1.36,0.48
10204,1.37,0.48
10205,1.35,0.47
10206,0.98,0.32
10207,0.98,0.27
10208,0.98,0.27
10209,1.03,0.27
10210,1.01,0.34
10211,0.98,0.27
10212,1.03,0.27
10213,0.98,0.27
10214,0.98,0.27
10215,0.99,0.27
10216,1.04,0.28
10217,1.06,0.29
10218,1.04,0.44
10219,1.03,0.45
10220,1.03,0.49
10221,1.03,0.45
10222,1.19,0.32
10223,1.14,0.52
10224,1.13,0.56
10225,1.19,0.4
10226,1.19,0.52
10227,1.14,0.54
10228,1.18,0.31
10229,1.15,0.4
10230,1.15,0.32
10231,1.13,0.5
10232,1.03,0.28
10233,1.03,0.49
10234,1.04,0.29
10235,1.03,0.46
10236,1.03,0.49
10237,1.03,0.45
10238,1.03,0.48
10239,1.02,0.28
10240,1.06,0.31
10241,1.03,0.28
10242,1.03,0.28
10243,0.98,0.32
10244,0.98,0.29
10245,0.91,0.29
10246,0.88,0.26
10247,1.12,0.9
10248,0.99,0.29
10249,1.03,0.28
10250,1.09,0.36
10251,1.07,0.3
10252,1.02,0.29
10253,1.06,0.28
10254,1.02,0.46
10255,1.06,0.46
10256,1.02,0.28
10257,1.07,0.28
10258,1.03,0.29
10259,1.03,0.45
10260,1.06,0.28
10261,1.05,0.5
10262,1.02,0.29
10263,1.02,0.47
10264,1.08,0.27
10265,1.04,0.28
10266,1.05,0.28
10267,1.01,0.28
10268,1.0,0.28
10269,1.03,0.28
10270,1.02,0.46
10271,1.01,0.29
10272,1.03,0.29
10273,1.03,0.47
10274,1.04,0.48
10275,1.03,0.28
10276,1.04,0.28
10277,1.04,0.5
10278,1.03,0.36
10279,1.03,0.36
10280,1.04,0.36
10281,1.07,0.45
10282,1.03,0.28
10283,1.04,0.47
10284,1.04,0.29
10285,1.04,0.28
10286,1.09,0.45
10287,1.07,0.47
10288,1.05,0.34
10289,1.09,0.28
10290,1.02,0.49
10291,1.03,0.47
10292,1.02,0.29
10293,1.07,0.45
10294,1.02,0.45
10295,1.08,0.46
10296,1.02,0.28
10297,1.02,0.28
10298,1.02,0.5
10299,1.08,0.47
10300,1.02,0.34
10301,1.03,0.33
10302,1.03,0.29
10303,1.06,0.36
10304,1.07,0.28
10305,1.03,0.28
10306,1.04,0.29
10307,1.07,0.47
10308,1.04,0.29
10309,1.08,0.45
10310,1.05,0.46
10311,1.09,0.36
10312,1.05,0.29
10313,1.05,0.46
10314,1.04,0.28
10315,1.03,0.46
10316,1.04,0.28
10317,1.04,0.28
10318,1.03,0.29
10319,1.03,0.46
10320,1.06,0.29
10321,1.02,0.29
10322,1.05,0.29
10323,1.02,0.28
10324,1.02,0.29
10325,1.01,0.45
10326,1.01,0.33
10327,1.07,0.45
10328,1.03,0.29
10329,1.08,0.28
10330,1.09,0.28
10331,1.04,0.46
10332,1.04,0.29
10333,1.03,0.29
10334,1.05,0.29
10335,1.05,0.46
10336,1.06,0.28
10337,1.04,0.45
10338,1.04,0.5
10339,0.95,0.3
10340,1.16,0.4
10341,0.95,0.35
10342,1.04,0.26
10343,0.93,0.46
10344,1.04,0.28
10345,1.0,0.28
10346,1.01,0.28
10347,1.02,0.46
10348,1.0,0.28
10349,1.04,0.28
10350,1.04,0.29
10351,1.09,0.47
10352,1.06,0.28
10353,1.05,0.28
10354,1.07,0.46
10355,1.04,0.46
10356,1.06,0.28
10357,1.04,0.29
10358,1.04,0.28
10359,1.04,2.35
10360,1.05,0.28
10361,1.04,0.29
10362,1.04,0.29
10363,1.04,0.5
10364,1.04,0.28
10365,1.04,0.29
10366,1.11,0.46
10367,1.11,0.53
10368,1.11,0.28
10369,1.12,0.46
10370,1.11,0.51
10371,1.11,0.51
10372,1.1,0.44
10373,1.03,0.28
10374,1.13,0.46
10375,1.05,0.47
10376,1.1,0.28
10377,1.04,0.29
10378,1.08,0.29
10379,1.04,0.45
10380,1.09,0.29
10381,1.04,0.29
10382,1.06,0.29
10383,1.03,0.29
10384,1.03,0.28
10385,1.03,0.28
10386,1.02,0.5
10387,0.98,0.46
10388,1.03,0.33
10389,1.03,0.34
10390,1.08,0.29
10391,1.04,0.29
10392,1.24,0.45
10393,1.26,0.44
10394,1.25,0.64
10395,1.24,2.81
10396,1.31,2.68
10397,1.33,0.39
10398,1.23,0.44
10399,1.07,0.45
10400,1.08,0.34
10401,1.08,0.29
10402,1.07,0.45
10403,1.04,0.47
10404,1.1,0.28
10405,1.04,0.32
10406,1.04,0.29
10407,1.03,0.42
10408,1.11,0.28
10409,1.03,0.45
10410,1.08,0.28
10411,1.07,0.47
10412,1.12,0.45
10413,1.06,0.36
10414,1.1,0.45
10415,1.1,0.48
10416,1.1,0.45
10417,1.1,0.46
10418,1.1,0.46
10419,1.08,2.73
10420,1.09,0.46
10421,1.11,0.45
10422,1.13,0.36
10423,1.14,0.35
10424,1.09,0.46
10425,1.08,0.36
10426,1.09,0.47
10427,1.09,2.59
10428,1.05,0.35
10429,1.08,0.46
10430,1.09,0.46
10431,1.07,0.28
10432,1.03,0.3
10433,1.01,0.48
10434,1.02,0.28
10435,1.07,0.3
10436,1.11,0.28
10437,1.05,0.33
10438,1.23,0.27
10439,1.15,0.28
10440,1.61,2.92
10441,1.4,0.44
10442,1.41,0.39
10443,1.5,0.48
10444,1.45,0.39
10445,1.17,0.53
10446,1.16,0.37
10447,1.2,0.48
10448,1.15,0.31
10449,1.15,0.5
10450,1.16,2.38
10451,1.15,2.59
10452,1.15,2.92
10453,1.15,2.28
10454,1.16,0.47
10455,1.11,3.01
10456,1.2,0.28
10457,1.18,0.28
10458,1.15,0.33
10459,1.14,0.29
10460,1.17,0.28
10461,1.19,0.47
10462,1.17,0.33
10463,1.18,0.46
10464,1.14,0.48
10465,1.09,0.49
10466,1.19,2.69
10467,1.14,0.45
10468,1.12,0.63
10469,1.11,0.27
10470,1.15,0.48
10471,1.23,2.66
10472,1.2,2.75
10473,1.18,2.18
10474,1.27,2.28
10475,1.21,2.97
10476,1.24,2.61
10477,1.2,2.46
10478,1.16,2.65
10479,1.17,0.28
10480,1.21,0.48
10481,1.16,0.39
10482,1.2,0.47
10483,1.1,2.35
10484,1.1,3.0
10485,1.09,2.77
10486,1.1,2.75
10487,1.1,2.34
10488,1.1,2.67
10489,1.08,0.28
10490,1.15,0.47
10491,1.09,2.73
10492,1.1,2.85
10493,1.1,2.72
10494,1.09,2.03
10495,1.09,0.45
10496,1.1,0.31
10497,1.08,0.47
10498,1.08,2.94
10499,1.08,0.33
10500,1.14,0.47
10501,1.08,2.98
10502,1.18,2.35
10503,1.14,2.92
10504,1.14,2.21
10505,1.15,2.63
10506,1.14,2.87
10507,1.14,2.67
10508,1.09,2.31
10509,1.14,0.28
10510,1.18,0.46
10511,1.14,2.24
10512,1.07,0.52
10513,1.08,0.51
10514,1.14,2.73
10515,1.15,2.24
10516,1.15,2.56
10517,1.19,2.87
10518,1.15,0.28
10519,1.12,0.28
10520,1.12,0.28
10521,1.12,0.51
10522,1.13,2.23
10523,1.06,2.98
10524,1.08,2.73
10525,1.07,0.44
10526,1.07,0.51
10527,1.06,0.36
10528,1.14,0.52
10529,1.13,0.28
10530,1.12,0.47
10531,1.01,0.3
10532,1.2,0.28
10533,1.12,0.27
10534,1.0,0.28
10535,1.22,1.02
10536,1.11,0.3
10537,1.12,0.47
10538,1.06,2.73
10539,1.13,2.63
10540,1.07,0.33
10541,1.07,0.48
10542,1.16,2.32
10543,1.1,0.45
10544,1.08,0.3
10545,1.06,0.45
10546,1.1,0.3
10547,1.03,0.42
10548,1.02,0.28
10549,1.08,0.44
10550,1.02,0.26
10551,1.06,0.43
10552,1.02,0.48
10553,1.07,0.43
10554,1.33,0.48
10555,1.03,2.93
10556,1.06,0.45
10557,1.06,0.47
10558,1.12,2.64
10559,1.12,0.47
10560,1.07,0.28
10561,1.08,0.5
10562,1.12,2.55
10563,1.12,2.33
10564,1.12,0.37
10565,1.14,0.49
10566,1.12,2.09
10567,1.17,2.84
10568,1.13,0.29
10569,1.11,0.5
10570,1.17,0.3
10571,1.12,0.58
10572,1.08,4.24
10573,1.07,2.99
10574,1.11,4.21
10575,1.11,0.45
10576,1.07,0.47
10577,1.08,0.47
10578,1.12,2.77
10579,1.11,2.23
10580,1.08,2.64
10581,1.12,0.28
10582,1.11,0.31
10583,1.1,2.67
10584,1.16,0.45
10585,1.15,0.48
10586,1.14,2.64
10587,1.1,0.29
10588,1.16,0.48
10589,1.14,2.65
10590,1.15,2.89
10591,1.19,0.29
10592,1.24,0.3
10593,1.3,0.38
10594,1.2,0.33
10595,1.2,2.44
10596,1.15,3.03
10597,1.2,2.7
10598,1.2,0.3
10599,1.18,0.61
10600,1.16,0.36
10601,1.16,0.29
10602,1.17,0.48
10603,1.14,2.6
10604,1.16,0.47
10605,1.17,0.49
10606,1.18,2.56
10607,1.21,0.36
10608,1.15,0.48
10609,1.17,2.6
10610,1.13,0.36
10611,1.14,0.28
10612,1.02,0.45
10613,0.98,0.56
10614,1.01,2.24
10615,0.98,0.28
10616,0.99,0.33
10617,0.98,0.45
10618,0.98,0.39
10619,0.97,0.28
10620,0.98,0.45
10621,0.99,0.28
10622,1.03,0.47
10623,1.01,0.28
10624,0.98,0.46
10625,1.03,0.28
10626,0.97,0.5
10627,0.96,0.31
10628,1.23,1.28
10629,0.98,0.3
10630,0.96,0.32
10631,1.07,0.28
10632,0.94,1.8
10633,1.04,0.3
10634,1.08,0.3
10635,1.05,0.3
10636,1.02,0.3
10637,1.03,0.3
10638,1.02,0.3
10639,1.05,0.31
10640,0.97,0.29
10641,0.97,0.28
10642,0.96,0.32
10643,0.99,0.28
10644,1.01,0.28
10645,1.0,0.28
10646,0.97,0.28
10647,1.01,0.28
10648,0.99,0.28
10649,1.08,0.29
10650,0.95,0.27
10651,0.95,0.27
10652,1.0,0.27
10653,0.96,0.27
10654,0.97,0.27
10655,0.96,0.31
10656,0.96,0.28
10657,0.98,0.27
10658,0.97,0.27
10659,1.02,0.27
10660,1.0,0.3
10661,0.99,0.28
10662,1.0,0.34
10663,1.01,0.34
10664,1.01,0.28
10665,1.0,0.28
10666,1.05,0.29
10667,1.0,0.29
10668,1.01,0.29
10669,1.0,0.29
10670,1.0,0.29
10671,1.05,0.28
10672,1.0,0.29
10673,1.06,0.29
10674,1.0,0.29
10675,1.04,0.28
10676,0.98,0.29
10677,0.98,0.29
10678,0.98,0.28
10679,0.97,0.28
10680,0.95,0.28
10681,1.01,0.28
10682,0.94,0.28
10683,1.01,209.31
10684,1.29,0.39
10685,1.31,0.38
10686,1.34,0.4
10687,1.4,0.41
10688,1.34,0.38
10689,1.33,0.3
10690,1.06,0.35
10691,1.1,0.3
10692,1.06,0.3
10693,1.06,0.3
10694,1.11,0.3
10695,1.1,0.31
10696,1.09,0.3
10697,1.11,0.3
10698,1.11,0.36
10699,1.06,0.31
10700,1.11,0.3
10701,1.09,0.31
10702,1.05,0.3
10703,1.06,0.3
10704,1.06,0.42
10705,1.06,0.3
10706,1.05,0.3
10707,1.09,0.3
10708,1.07,0.35
10709,1.09,0.3
10710,1.05,0.3
10711,1.09,0.3
10712,1.11,0.29
10713,1.06,0.3
10714,1.1,0.3
10715,1.05,0.3
10716,1.1,0.28
10717,1.01,0.29
10718,1.01,0.28
10719,1.01,0.28
10720,1.0,0.28
10721,1.0,0.28
10722,1.0,0.28
10723,0.95,0.33
10724,1.06,0.3
10725,0.98,0.69
10726,0.94,0.28
10727,0.94,0.31
10728,1.03,0.28
10729,1.05,0.3
10730,1.06,0.31
10731,1.05,0.35
10732,1.05,0.3
10733,1.08,0.34
10734,1.07,0.3
10735,1.06,0.32
10736,0.97,0.3
10737,0.98,0.27
10738,1.02,0.27
10739,0.97,0.31
10740,0.96,0.31
10741,0.96,0.27
10742,0.96,0.28
10743,0.95,0.26
10744,0.96,0.27
10745,0.96,0.28
10746,1.0,0.33
10747,1.0,0.29
10748,0.99,0.28
10749,0.99,0.29
10750,0.99,0.29
10751,1.0,0.33
10752,1.11,0.33
10753,1.19,0.31
10754,1.18,0.33
10755,1.13,0.32
10756,1.17,0.33
10757,1.12,0.32
10758,1.12,0.32
10759,1.12,0.38
10760,1.12,0.32
10761,1.01,0.3
10762,1.0,0.28
10763,1.0,0.3
10764,1.0,0.28
10765,1.01,0.29
10766,1.01,0.29
10767,1.01,0.28
10768,1.0,0.33
10769,1.01,0.28
10770,1.01,0.29
10771,1.01,0.34
10772,1.02,0.29
10773,1.01,0.29
10774,1.0,0.28
10775,1.0,0.28
10776,1.0,0.29
10777,1.0,0.29
10778,1.08,0.29
10779,1.0,0.29
10780,1.05,0.29
10781,1.0,0.29
10782,1.0,0.29
10783,1.06,0.28
10784,1.05,0.28
10785,1.05,0.29
10786,1.05,0.29
10787,1.01,0.29
10788,1.06,0.29
10789,1.0,0.31
10790,1.0,0.29
10791,1.0,0.29
10792,1.0,0.29
10793,0.99,0.29
10794,1.01,0.29
10795,1.0,0.32
10796,1.0,0.28
10797,1.0,0.35
10798,1.02,0.28
10799,1.0,0.29
10800,1.02,0.29
10801,1.02,0.29
10802,1.02,0.29
10803,1.02,0.29
10804,1.07,0.29
10805,1.01,0.3
10806,1.02,0.28
10807,1.06,0.28
10808,1.07,0.28
10809,1.06,0.28
10810,1.05,0.29
10811,1.06,0.29
10812,1.08,0.29
10813,1.01,0.3
10814,1.0,0.29
10815,1.01,0.29
10816,1.0,0.28
10817,1.0,0.29
10818,1.0,0.28
10819,1.01,0.32
10820,1.06,0.3
10821,1.0,0.32
10822,0.98,0.28
10823,0.98,0.88
10824,1.01,0.32
10825,1.11,0.3
10826,1.05,0.3
10827,1.1,0.3
10828,1.05,0.3
10829,1.06,0.31
10830,1.05,0.31
10831,1.05,0.3
10832,1.0,0.29
10833,0.99,0.28
10834,0.99,0.32
10835,0.99,0.28
10836,0.99,0.29
10837,0.99,0.29
10838,0.99,0.28
10839,1.05,0.3
10840,1.05,0.3
10841,1.06,0.31
10842,1.06,0.3
10843,1.05,0.31
10844,1.05,0.3
10845,1.06,0.31
10846,1.06,0.3
10847,1.06,0.31
10848,1.06,0.31
10849,1.02,0.29
10850,1.02,0.29
10851,1.03,0.29
10852,1.03,0.3
10853,1.03,0.28
10854,1.02,0.28
10855,1.02,0.29
10856,1.03,0.29
10857,1.01,0.29
10858,1.02,0.29
10859,1.02,0.29
10860,1.02,0.28
10861,1.01,0.31
10862,1.02,0.28
10863,1.02,0.29
10864,1.02,0.39
10865,1.01,0.29
10866,1.02,0.29
10867,1.01,0.32
10868,1.0,0.29
10869,1.0,0.29
10870,1.0,0.29
10871,1.0,0.29
10872,1.01,0.3
10873,1.01,0.29
10874,1.0,0.34
10875,1.01,0.29
10876,1.01,0.28
10877,1.0,0.3
10878,0.98,0.29
10879,1.04,0.29
10880,1.0,0.29
10881,1.03,0.29
10882,0.99,0.29
10883,0.98,0.28
10884,0.98,0.28
10885,0.98,0.33
10886,0.98,0.29
10887,1.02,0.29
10888,1.02,0.29
10889,1.02,0.29
10890,1.05,0.28
10891,1.01,0.29
10892,1.07,0.29
10893,1.05,0.29
10894,1.02,0.29
10895,1.02,0.28
10896,1.02,0.29
10897,1.06,0.35
10898,1.02,0.28
10899,1.06,0.28
10900,1.06,0.29
10901,1.02,0.31
10902,1.01,0.3
10903,1.0,0.29
10904,1.03,0.29
10905,1.02,0.29
10906,1.07,0.28
10907,1.02,0.29
10908,1.07,0.29
10909,1.07,0.29
10910,1.04,0.3
10911,1.1,0.28
10912,1.07,0.3
10913,1.1,0.29
10914,1.06,0.29
10915,0.97,0.29
10916,1.06,0.31
10917,0.95,1.28
10918,0.94,0.44
10919,0.93,0.3
10920,1.19,0.29
10921,1.03,0.56
10922,1.07,0.3
10923,1.07,0.31
10924,1.07,0.3
10925,1.07,0.3
10926,1.3,1.35
10927,1.42,0.39
10928,1.22,0.34
10929,1.13,0.33
10930,1.14,0.33
10931,1.13,0.33
10932,1.21,0.33
10933,1.13,0.33
10934,1.19,0.34
10935,1.19,0.31
10936,1.14,0.33
10937,1.13,0.33
10938,1.02,0.29
10939,1.01,0.29
10940,1.01,0.29
10941,1.01,0.29
10942,1.04,0.33
10943,1.08,0.28
10944,1.02,0.36
10945,1.02,0.28
10946,1.02,0.28
10947,1.02,0.28
10948,1.06,0.28
10949,0.99,0.28
10950,1.01,0.29
10951,0.99,0.27
10952,1.02,0.32
10953,0.97,0.28
10954,0.98,0.28
10955,0.95,0.28
10956,0.95,0.31
10957,1.0,0.28
10958,1.0,0.28
10959,1.05,0.28
10960,1.0,0.28
10961,1.08,0.28
10962,1.05,0.31
10963,1.09,0.28
10964,1.04,0.29
10965,1.0,0.28
10966,1.04,0.28
10967,1.04,0.29
10968,1.02,0.29
10969,1.0,0.33
10970,0.99,0.28
10971,0.99,0.28
10972,0.99,0.28
10973,0.99,0.28
10974,1.01,0.28
10975,0.98,0.28
10976,1.01,0.28
10977,1.02,0.28
10978,1.02,0.28
10979,1.06,0.28
10980,1.02,0.29
10981,1.0,0.29
10982,1.06,0.28
10983,1.02,0.29
10984,1.07,0.3
10985,1.02,0.3
10986,1.08,0.29
10987,1.02,0.29
10988,1.01,0.28
10989,1.08,0.27
10990,1.15,0.28
10991,1.12,0.27
10992,1.08,0.28
10993,1.01,0.27
10994,1.11,0.28
10995,1.02,0.28
10996,1.1,0.35
10997,1.08,0.27
10998,1.19,0.27
10999,1.16,0.29
11000,1.2,0.28
11001,1.17,0.29
11002,1.14,0.29
11003,1.17,0.29
11004,1.15,0.29
11005,1.13,0.27
11006,1.15,0.29
11007,1.15,0.29
11008,1.15,0.3
11009,1.15,0.29
11010,1.15,0.29
11011,1.06,0.3
11012,1.15,0.28
11013,1.16,0.28
11014,1.17,0.31
11015,1.18,0.34
11016,1.21,0.31
11017,1.23,0.35
11018,1.22,0.32
11019,1.2,0.3
11020,1.18,0.31
11021,1.19,0.3
11022,1.27,0.3
11023,1.23,0.31
11024,1.27,0.31
11025,1.28,0.3
11026,1.22,0.29
11027,1.17,0.3
11028,1.24,0.29
11029,1.18,0.33
11030,1.18,0.29
11031,1.18,0.29
11032,1.08,0.29
11033,1.14,0.28
11034,1.16,0.29
11035,1.11,0.29
11036,1.1,0.29
11037,1.05,0.28
11038,1.08,0.29
11039,1.03,0.29
11040,1.1,0.29
11041,1.05,0.28
11042,1.09,0.29
11043,1.04,0.29
11044,1.11,0.29
11045,1.07,0.34
11046,1.13,0.3
11047,1.14,0.29
11048,1.15,0.3
11049,1.04,0.28
11050,1.03,0.33
11051,1.04,0.29
11052,1.04,0.33
11053,1.05,0.28
11054,1.07,0.28
11055,1.06,0.28
11056,1.12,0.3
11057,1.09,0.3
11058,1.13,0.29
11059,1.12,0.28
11060,1.03,0.3
11061,1.1,0.28
11062,1.04,0.31
11063,1.03,0.28
11064,1.02,0.3
11065,1.03,0.33
11066,1.03,0.28
11067,1.08,0.29
11068,1.04,0.3
11069,1.04,0.28
11070,1.04,0.29
11071,1.07,0.28
11072,1.09,0.29
11073,1.09,0.29
11074,1.15,0.3
11075,1.12,0.29
11076,1.11,0.36
11077,1.16,0.28
11078,1.15,0.29
11079,1.05,0.29
11080,1.14,0.29
11081,1.18,0.29
11082,1.15,0.29
11083,1.1,0.29
11084,1.14,0.3
11085,1.19,0.3
11086,1.05,0.33
11087,0.99,0.29
11088,1.04,0.29
11089,1.1,0.28
11090,1.03,0.3
11091,1.12,0.29
11092,1.02,0.33
11093,1.09,0.28
11094,1.03,0.29
11095,1.08,0.38
11096,1.14,0.29
11097,1.04,0.29
11098,1.09,0.29
11099,1.05,0.28
11100,1.18,0.28
11101,1.12,0.3
11102,1.03,0.29
11103,1.03,0.29
11104,1.08,0.33
11105,1.17,0.29
11106,1.11,0.28
11107,1.03,0.3
11108,1.08,0.29
11109,0.99,0.33
11110,1.11,0.29
11111,1.13,0.29
11112,1.18,0.29
11113,1.16,0.29
11114,1.19,0.31
11115,1.21,0.3
11116,1.19,0.32
11117,1.24,0.29
11118,1.21,0.31
11119,1.19,0.31
11120,1.19,0.39
11121,1.21,0.29
11122,1.26,0.31
11123,1.25,0.3
11124,1.2,0.28
11125,1.1,0.27
11126,1.15,0.27
11127,1.1,0.28
11128,1.1,0.28
11129,1.09,0.28
11130,1.09,0.27
11131,1.06,0.28
11132,1.08,0.28
11133,1.07,0.27
11134,1.02,0.32
11135,1.09,0.28
11136,1.03,0.32
11137,1.1,0.29
11138,1.05,0.28
11139,1.07,0.29
11140,1.03,0.28
11141,1.16,0.29
11142,1.07,0.28
11143,1.08,0.29
11144,1.49,0.67
11145,1.35,0.69
11146,1.43,0.39
11147,1.45,0.4
11148,1.42,0.39
11149,1.42,0.4
11150,1.41,0.41
11151,1.43,0.38
11152,1.12,0.28
11153,1.02,0.28
11154,1.02,0.3
11155,1.02,0.28
11156,1.03,0.29
11157,1.03,0.33
11158,1.01,0.28
11159,1.01,0.28
11160,1.01,0.28
11161,1.03,0.28
11162,0.96,0.28
11163,0.96,0.29
11164,0.95,0.29
11165,1.12,0.33
11166,1.13,0.33
11167,1.09,0.32
11168,1.12,189.72
11169,1.33,0.38
11170,1.44,0.39
11171,1.4,0.4
11172,1.44,0.4
11173,1.37,0.38
11174,1.35,0.39
11175,1.27,0.4
11176,1.02,0.29
11177,1.04,0.29
11178,1.04,0.33
11179,1.07,0.29
11180,1.18,0.3
11181,1.16,2.41
11182,1.18,0.28
11183,1.13,0.3
11184,1.04,0.28
11185,1.21,0.28
11186,1.18,0.27
11187,1.06,0.27
11188,0.99,0.31
11189,1.02,0.27
11190,1.06,0.32
11191,1.1,0.29
11192,1.08,0.27
11193,1.07,0.27
11194,1.08,0.32
11195,1.04,0.27
11196,1.08,0.27
11197,1.1,0.27
11198,1.08,0.26
11199,1.11,0.27
11200,1.12,0.27
11201,1.14,0.27
11202,1.16,0.27
11203,1.11,0.32
11204,1.21,1.63
11205,1.01,0.28
11206,1.01,0.31
11207,1.12,0.26
11208,1.04,0.52
11209,1.21,0.28
11210,1.13,0.28
11211,1.16,0.33
11212,1.13,0.29
11213,1.14,0.28
11214,1.14,0.29
11215,1.14,0.29
11216,1.13,0.29
11217,1.13,0.28
11218,1.15,0.29
11219,1.16,0.29
11220,1.17,0.29
11221,1.16,0.29
11222,1.13,0.29
11223,1.13,0.34
11224,1.18,0.29
11225,1.15,0.29
11226,1.22,0.29
11227,1.18,0.3
11228,1.24,0.28
11229,1.18,0.29
11230,1.18,0.29
11231,1.16,0.29
11232,1.2,0.28
11233,1.27,0.3
11234,1.22,0.3
11235,1.22,0.3
11236,1.23,0.31
11237,1.23,0.31
11238,1.23,0.31
11239,1.19,0.29
11240,1.24,0.3
11241,1.25,0.31
11242,1.26,0.31
11243,1.23,0.3
11244,1.2,0.29
11245,1.15,0.29
11246,1.21,0.29
11247,1.15,0.29
11248,1.1,0.29
11249,1.17,0.29
11250,1.13,0.28
11251,1.18,0.29
11252,1.13,0.29
11253,1.07,0.28
11254,1.03,0.29
11255,1.02,0.29
11256,1.02,0.28
11257,1.03,0.28
11258,1.02,0.28
11259,1.09,0.29
11260,1.13,0.33
11261,1.12,0.28
11262,1.16,0.28
11263,1.14,0.29
11264,1.2,0.28
11265,1.03,0.28
11266,1.03,0.35
11267,1.04,0.29
11268,1.1,0.29
11269,1.14,0.28
11270,1.09,0.28
11271,1.09,0.28
11272,1.04,0.32
11273,1.13,0.28
11274,1.08,0.28
11275,1.14,0.32
11276,1.1,0.28
11277,1.13,0.32
11278,1.1,0.28
11279,1.1,0.29
11280,1.06,0.28
11281,1.08,0.28
11282,1.15,0.29
11283,1.06,0.27
11284,1.13,0.27
11285,1.12,0.27
11286,1.06,0.32
11287,1.05,0.27
11288,1.02,0.32
11289,0.97,0.27
11290,1.02,0.28
11291,0.98,0.27
11292,1.01,0.32
11293,1.1,0.28
11294,1.1,0.39
11295,1.09,0.28
11296,1.05,0.28
11297,1.03,0.29
11298,1.02,0.29
11299,0.99,0.32
11300,1.01,1.36
11301,0.96,0.28
11302,0.98,0.33
11303,1.05,0.27
11304,1.06,0.81
11305,1.09,0.28
11306,1.08,0.28
11307,1.12,0.29
11308,1.09,0.33
11309,1.13,0.29
11310,1.07,0.28
11311,1.11,0.29
11312,1.03,0.33
11313,1.04,0.27
11314,1.01,0.27
11315,1.07,0.28
11316,1.05,0.27
11317,1.06,0.27
11318,1.12,0.27
11319,1.07,0.27
11320,1.1,0.28
11321,1.04,0.27
11322,1.08,0.27
11323,1.08,0.29
11324,1.05,0.28
11325,1.06,0.28
11326,1.07,0.28
11327,1.1,0.29
11328,1.11,0.28
11329,1.1,0.29
11330,1.12,0.29
11331,1.14,0.34
11332,1.12,0.29
11333,1.18,0.28
11334,1.09,0.29
11335,1.1,0.29
11336,1.14,0.34
11337,1.14,0.29
11338,1.14,0.29
11339,0.96,0.28
11340,0.96,0.29
11341,1.06,0.29
11342,1.16,0.29
11343,1.2,0.29
11344,1.17,0.29
11345,1.2,0.29
11346,1.15,0.29
11347,1.22,0.3
11348,1.16,0.29
11349,1.22,0.28
11350,1.14,0.29
11351,1.14,0.29
11352,1.1,0.3
11353,1.07,0.29
11354,1.06,0.29
11355,1.13,0.29
11356,1.14,0.29
11357,1.14,0.3
11358,1.13,0.29
11359,1.13,0.29
11360,1.12,0.29
11361,1.13,0.29
11362,1.2,0.28
11363,1.18,0.29
11364,1.13,0.3
11365,1.13,0.28
11366,1.12,0.33
11367,1.14,0.28
11368,1.02,0.29
11369,1.03,0.29
11370,1.02,0.28
11371,1.03,0.29
11372,1.1,0.31
11373,1.19,0.31
11374,1.09,0.35
11375,1.18,0.31
11376,1.19,0.31
11377,1.21,0.3
11378,1.21,0.3
11379,1.14,0.31
11380,1.13,0.3
11381,1.11,0.36
11382,1.1,0.31
11383,1.12,0.31
11384,1.08,0.31
11385,1.09,0.3
11386,1.12,0.3
11387,1.07,0.31
11388,1.08,0.3
11389,1.06,0.3
11390,1.06,0.3
11391,1.05,0.31
11392,1.07,0.3
11393,1.11,0.3
11394,1.17,0.37
11395,0.99,0.3
11396,1.06,0.28
11397,1.04,0.35
11398,1.07,0.28
11399,1.04,0.3
11400,1.02,0.31
11401,1.1,0.26
11402,1.11,0.28
11403,1.09,0.29
11404,1.04,0.28
11405,1.03,0.28
11406,1.03,0.28
11407,1.04,0.28
11408,1.05,0.28
11409,1.05,0.29
11410,1.04,0.28
11411,1.28,4.27
11412,1.33,0.54
11413,1.3,0.34
11414,1.31,0.35
11415,1.33,0.36
11416,1.27,0.44
11417,1.23,0.34
11418,1.23,0.36
11419,1.23,0.35
11420,1.31,0.41
11421,1.06,0.27
11422,1.06,0.27
11423,1.05,0.26
11424,1.04,0.27
11425,0.99,0.28
11426,1.01,0.27
11427,0.99,0.26
11428,1.06,0.27
11429,1.05,0.27
11430,0.98,0.27
11431,1.1,0.3
11432,1.14,0.3
11433,1.14,0.3
11434,1.08,0.3
11435,1.04,0.3
11436,1.06,0.3
11437,1.02,0.3
11438,1.01,0.3
11439,1.04,0.3
11440,1.04,0.3
11441,0.99,0.28
11442,1.0,0.28
11443,1.02,0.29
11444,1.01,0.28
11445,0.98,0.28
11446,0.98,0.33
11447,0.98,0.29
11448,0.97,0.28
11449,0.97,0.28
11450,0.99,0.28
11451,1.0,0.29
11452,0.99,0.29
11453,0.99,0.29
11454,0.99,0.28
11455,0.99,0.32
11456,0.96,0.28
11457,0.96,0.28
11458,0.96,0.33
11459,0.97,0.28
11460,1.0,0.33
11461,1.0,0.28
11462,0.97,0.28
11463,0.98,0.28
11464,0.96,0.31
11465,0.96,0.28
11466,0.99,0.29
11467,1.04,0.33
11468,1.0,0.28
11469,1.04,0.29
11470,1.0,0.29
11471,1.0,0.3
11472,1.0,0.28
11473,0.99,0.28
11474,1.0,0.33
11475,0.99,0.28
11476,1.01,0.28
11477,0.96,0.28
11478,1.08,0.28
11479,0.96,0.28
11480,0.96,0.28
11481,1.01,0.28
11482,0.97,0.28
11483,0.96,0.28
11484,0.95,0.28
11485,0.93,0.28
11486,0.96,0.29
11487,0.96,0.29
11488,0.97,0.34
11489,0.96,0.28
11490,0.96,0.33
11491,0.98,0.28
11492,0.97,0.27
11493,0.86,0.4
11494,0.87,0.28
11495,1.06,0.28
11496,0.89,1.96
11497,1.0,0.33
11498,1.0,0.28
11499,0.99,0.3
11500,1.04,0.28
11501,1.0,0.28
11502,1.01,0.29
11503,1.01,0.34
11504,1.0,0.29
11505,0.99,0.29
11506,0.98,0.29
11507,0.96,0.28
11508,1.03,0.29
11509,0.97,0.29
11510,1.01,0.29
11511,0.96,0.28
11512,1.11,0.3
11513,1.04,0.31
11514,1.1,0.31
11515,1.04,0.31
11516,1.03,0.3
11517,1.04,0.3
11518,1.04,0.3
11519,1.08,0.3
11520,1.09,0.3
11521,1.04,0.31
11522,0.99,0.29
11523,0.98,0.28
11524,0.99,0.29
11525,1.05,0.29
11526,0.99,0.32
11527,1.1,0.33
11528,1.06,0.33
11529,1.06,0.33
11530,0.98,0.33
11531,0.97,0.38
11532,1.01,0.32
11533,0.97,0.33
11534,0.97,0.32
11535,0.97,0.32
11536,0.87,0.29
11537,0.87,0.28
11538,0.86,0.29
11539,0.87,0.28
11540,0.9,0.28
11541,0.87,0.29
11542,0.9,0.29
11543,0.85,0.28
11544,0.89,0.28
11545,0.89,0.29
11546,0.98,0.29
11547,0.82,0.28
11548,0.83,0.28
11549,0.87,0.28
11550,0.86,0.29
11551,0.91,0.28
11552,0.89,0.28
11553,0.85,0.29
11554,0.9,0.29
11555,0.85,0.29
11556,0.88,0.29
11557,0.9,0.29
11558,0.87,0.29
11559,0.86,0.29
11560,0.86,0.28
11561,0.86,0.29
11562,0.92,0.29
11563,0.87,0.29
11564,0.95,0.3
11565,0.95,0.33
11566,0.89,0.3
11567,0.91,0.31
11568,0.91,0.3
11569,0.94,0.31
11570,0.9,0.3
11571,0.9,0.3
11572,1.01,0.31
11573,1.07,0.31
11574,1.03,0.29
11575,1.02,0.29
11576,1.02,0.29
11577,0.99,0.3
11578,1.04,0.29
11579,0.99,0.47
11580,0.99,0.29
11581,0.98,0.29
11582,0.99,0.29
11583,1.03,0.3
11584,0.99,0.29
11585,0.98,0.29
11586,0.98,0.29
11587,0.89,0.32
11588,1.04,0.28
11589,0.87,2.68
11590,0.92,0.29
11591,0.88,0.28
11592,0.95,0.33
11593,1.15,1.25
11594,0.9,0.33
11595,1.37,0.3
11596,1.36,0.33
11597,1.37,0.53
11598,0.96,0.28
11599,1.23,0.29
11600,1.26,0.33
11601,1.1,0.47
11602,0.99,0.4
11603,1.0,0.45
11604,1.04,0.29
11605,0.98,0.29
11606,0.98,0.45
11607,1.09,0.28
11608,0.98,0.38
11609,1.04,0.45
11610,1.04,0.29
11611,1.0,0.44
11612,1.07,0.45
11613,0.99,0.34
11614,1.0,0.29
11615,0.99,0.52
11616,0.96,0.28
11617,1.01,0.3
11618,1.02,0.49
11619,1.02,0.35
11620,1.01,0.46
11621,1.07,0.29
11622,1.06,0.48
11623,1.06,0.46
11624,1.07,0.51
11625,1.06,0.48
11626,1.03,0.45
11627,1.07,0.3
11628,1.02,0.38
11629,1.07,0.3
11630,1.06,0.3
11631,1.05,0.52
11632,0.91,0.29
11633,0.78,0.3
11634,0.86,0.3
11635,0.77,0.3
11636,0.88,0.29
11637,0.88,0.29
11638,0.86,0.28
11639,0.87,0.29
11640,0.94,0.29
11641,0.86,0.31
11642,0.87,0.29
11643,0.87,0.29
11644,0.91,0.29
11645,0.97,0.28
11646,0.97,0.29
11647,0.97,0.37
11648,0.97,0.28
11649,1.02,0.49
11650,1.01,0.28
11651,1.07,0.29
11652,1.09,0.29
11653,1.01,0.29
11654,1.05,221.45
11655,1.3,0.41
11656,1.41,0.38
11657,1.37,0.49
11658,1.36,0.49
11659,1.36,0.72
11660,1.07,0.3
11661,1.07,0.3
11662,1.06,0.3
11663,1.06,0.48
11664,1.07,0.3
11665,1.06,0.3
11666,1.06,2.82
11667,1.07,0.29
11668,1.07,0.54
11669,1.0,0.49
11670,0.96,0.35
11671,0.96,0.35
11672,0.97,0.44
11673,1.04,0.28
11674,0.99,0.35
11675,1.02,0.28
11676,1.07,0.28
11677,1.01,0.48
11678,0.99,0.46
11679,0.99,0.28
11680,0.99,0.28
11681,0.97,0.29
11682,0.96,2.75
11683,0.89,0.3
11684,1.07,0.28
11685,0.86,0.29
11686,0.91,0.28
11687,1.03,0.28
11688,0.89,0.34
11689,1.05,0.28
11690,1.06,0.55
11691,1.05,0.28
11692,1.01,0.28
11693,1.01,0.45
11694,1.08,0.46
11695,1.01,0.48
11696,1.0,0.44
11697,1.01,0.29
11698,1.06,0.45
11699,1.01,0.32
11700,1.01,0.29
11701,1.02,0.28
11702,1.07,0.28
11703,1.0,0.28
11704,1.02,0.45
11705,0.99,0.28
11706,0.99,0.52
11707,1.01,0.32
11708,1.01,0.28
11709,1.03,0.28
11710,1.04,0.45
11711,0.99,0.28
11712,0.97,0.28
11713,1.01,0.29
11714,1.01,0.45
11715,0.98,0.28
11716,0.96,0.29
11717,0.98,0.28
11718,0.98,0.28
11719,0.94,0.29
11720,0.93,0.28
11721,0.98,0.28
11722,0.95,0.46
11723,1.0,0.28
11724,0.95,0.28
11725,0.96,0.29
11726,1.01,0.28
11727,0.96,0.49
11728,0.96,0.29
11729,1.0,0.28
11730,0.96,0.46
11731,0.86,0.28
11732,1.0,0.29
11733,0.88,0.29
11734,0.92,0.29
11735,0.91,0.29
11736,0.88,0.28
11737,1.0,0.31
11738,0.88,0.28
11739,0.96,0.28
11740,1.02,0.28
11741,0.96,0.29
11742,1.01,0.46
11743,1.0,0.28
11744,1.0,0.28
11745,1.04,0.28
11746,1.05,0.5
11747,1.09,0.3
11748,1.05,0.3
11749,1.1,0.47
11750,1.05,0.48
11751,1.07,0.3
11752,1.13,0.38
11753,1.07,0.47
11754,1.11,0.39
11755,1.07,0.29
11756,1.02,0.29
11757,1.01,0.29
11758,1.01,0.29
11759,1.04,0.29
11760,1.04,0.29
11761,1.04,0.29
11762,1.03,0.29
11763,1.08,0.29
11764,1.02,0.28
11765,1.04,0.29
11766,0.99,0.29
11767,1.0,0.28
11768,1.02,0.29
11769,1.04,0.29
11770,1.03,0.47
11771,1.02,0.28
11772,1.04,0.29
11773,1.03,0.29
11774,1.0,0.46
11775,0.99,0.36
11776,1.04,0.29
11777,1.02,0.29
11778,1.04,0.36
11779,0.96,0.32
11780,1.12,2.47
11781,0.92,0.3
11782,1.04,0.28
11783,0.92,0.34
11784,0.92,0.27
11785,1.03,0.29
11786,1.02,0.47
11787,1.03,0.28
11788,1.04,0.46
11789,1.03,0.34
11790,1.03,0.29
11791,1.02,0.47
11792,1.02,0.46
11793,1.07,0.46
11794,1.02,0.48
11795,1.01,0.28
11796,0.99,0.44
11797,0.99,0.44
11798,1.0,0.48
11799,1.0,0.45
11800,1.01,0.46
11801,1.01,0.36
11802,1.0,0.48
11803,0.99,0.28
11804,0.96,0.28
11805,0.97,0.28
11806,0.97,0.47
11807,0.99,0.29
11808,0.99,0.5
11809,1.0,0.29
11810,1.0,0.52
11811,0.99,0.28
11812,1.0,0.29
11813,1.0,0.45
11814,1.0,0.48
11815,0.99,0.46
11816,1.01,0.46
11817,0.98,0.45
11818,1.01,0.29
11819,0.99,0.33
11820,1.0,0.45
11821,0.99,0.5
11822,0.99,0.47
11823,0.99,0.54
11824,1.02,0.37
11825,1.04,0.5
11826,1.08,2.45
11827,1.01,0.5
11828,0.93,0.62
11829,1.18,0.31
11830,1.04,0.32
11831,1.1,0.31
11832,1.02,0.31
11833,1.03,0.31
11834,1.06,0.38
11835,1.01,0.3
11836,1.06,0.3
11837,1.02,0.3
11838,1.02,0.31
11839,1.03,0.31
11840,1.01,0.3
11841,1.02,0.3
11842,1.01,0.29
11843,1.01,0.29
11844,1.02,0.29
11845,1.01,0.28
11846,1.02,0.29
11847,1.02,0.29
11848,1.04,0.29
11849,1.04,0.29
11850,1.03,0.3
11851,1.03,0.29
11852,1.03,0.29
11853,1.04,0.29
11854,1.03,0.29
11855,1.03,0.28
11856,1.04,0.29
11857,1.05,0.29
11858,1.03,0.29
11859,1.04,0.29
11860,1.05,0.29
11861,1.04,0.28
11862,1.09,0.29
11863,1.03,0.29
11864,1.02,0.29
11865,1.03,0.33
11866,1.03,0.3
11867,1.04,0.29
11868,1.11,0.29
11869,1.05,0.33
11870,1.03,0.29
11871,1.07,0.29
11872,1.01,0.29
11873,1.07,0.29
11874,1.04,0.3
11875,0.93,0.29
11876,0.96,0.29
11877,0.9,0.27
11878,0.94,0.31
11879,1.03,1.12
11880,0.94,0.31
11881,1.01,0.28
11882,1.0,0.35
11883,1.01,0.29
11884,1.01,0.29
11885,1.02,0.29
11886,1.01,0.29
11887,1.01,0.29
11888,1.04,0.29
11889,1.02,0.35
11890,1.02,0.34
11891,1.02,0.28
11892,1.01,0.28
11893,1.08,0.28
11894,1.02,0.29
11895,1.0,0.28
11896,0.97,213.04
11897,1.29,0.36
11898,1.2,0.35
11899,1.16,0.35
11900,1.16,0.36
11901,1.23,0.35
11902,1.24,0.36
11903,1.08,0.35
11904,1.08,0.35
11905,1.08,0.36
11906,1.09,0.36
11907,0.88,0.29
11908,0.88,0.28
11909,0.88,0.28
11910,0.89,0.34
11911,0.88,0.28
11912,0.89,0.33
11913,0.89,0.28
11914,0.89,0.28
11915,0.89,0.29
11916,0.88,0.28
11917,0.88,0.28
11918,0.87,0.28
11919,0.87,0.28
11920,0.87,0.28
11921,0.88,0.28
11922,0.87,0.28
11923,0.98,0.33
11924,0.98,0.38
11925,0.97,0.32
11926,0.97,0.32
11927,1.02,0.32
11928,1.01,0.32
11929,1.01,0.33
11930,0.97,0.32
11931,0.95,0.32
11932,0.98,0.32
11933,0.85,0.27
11934,0.82,0.26
11935,0.84,0.29
11936,0.84,0.27
11937,0.94,0.26
11938,0.88,0.27
11939,0.88,0.27
11940,0.93,0.27
11941,0.87,0.26
11942,0.88,0.27
11943,0.95,0.33
11944,0.91,0.28
11945,0.9,0.28
11946,0.9,0.28
11947,0.9,0.28
11948,0.89,0.28
11949,0.88,0.28
11950,0.88,0.28
11951,0.9,0.28
11952,0.87,0.28
11953,0.88,0.29
11954,0.91,0.28
11955,0.88,0.28
11956,0.89,0.28
11957,0.88,0.28
11958,0.92,0.28
11959,0.92,0.28
11960,0.92,0.28
11961,0.98,0.28
11962,0.93,0.28
11963,0.99,0.28
11964,0.94,0.28
11965,1.0,0.28
11966,0.94,0.28
11967,0.94,0.29
11968,0.98,0.28
11969,0.93,0.29
11970,1.0,0.28
11971,0.9,0.34
11972,0.93,1.2
11973,0.93,0.3
11974,0.89,0.27
11975,0.86,0.26
11976,0.85,0.29
11977,0.93,0.28
11978,0.94,0.28
11979,0.93,0.28
11980,0.93,0.28
11981,0.92,0.28
11982,0.92,0.29
11983,0.91,0.29
11984,0.9,0.29
11985,0.87,0.26
11986,0.88,0.26
11987,0.9,0.32
11988,0.91,0.27
11989,0.96,0.27
11990,0.91,0.27
11991,0.91,0.27
11992,0.91,0.27
11993,0.91,0.28
11994,0.91,0.27
11995,0.9,0.28
11996,0.97,0.28
11997,0.91,0.28
11998,0.98,0.28
11999,0.93,0.28
12000,0.92,0.28
12001,0.98,0.28
12002,0.93,0.28
12003,0.98,0.28
12004,0.94,0.3
12005,0.98,0.28
12006,0.94,0.28
12007,0.98,0.28
12008,0.94,0.28
12009,0.97,0.28
12010,0.93,0.28
12011,0.93,0.28
12012,0.98,0.28
12013,0.94,0.28
12014,0.98,0.28
12015,0.94,0.28
12016,0.93,0.28
12017,0.94,0.29
12018,0.93,0.28
12019,0.93,0.28
12020,0.94,0.28
12021,0.93,0.28
12022,0.93,0.28
12023,0.93,0.28
12024,0.94,0.28
12025,0.93,0.28
12026,0.93,0.33
12027,0.93,0.28
12028,0.94,0.28
12029,0.93,0.29
12030,0.93,0.28
12031,0.93,0.28
12032,0.92,0.28
12033,0.99,0.28
12034,0.93,0.28
12035,0.92,0.29
12036,0.92,0.33
12037,0.93,0.29
12038,0.93,0.28
12039,0.93,0.33
12040,0.93,0.29
12041,0.93,0.29
12042,0.92,0.28
12043,0.92,0.28
12044,0.92,0.29
12045,0.92,0.28
12046,0.91,0.28
12047,0.91,0.28
12048,0.95,0.28
12049,0.91,0.28
12050,0.9,0.33
12051,0.91,0.28
12052,0.89,0.28
12053,0.91,0.28
12054,0.94,0.28
12055,0.97,0.28
12056,0.94,0.28
12057,0.94,0.27
12058,0.9,0.27
12059,0.89,0.28
12060,0.89,0.27
12061,0.9,0.27
12062,0.89,0.28
12063,0.89,0.27
12064,0.9,0.27
12065,0.9,0.27
12066,1.38,0.31
12067,0.86,0.28
12068,0.92,0.31
12069,0.85,0.26
12070,0.82,0.38
12071,0.84,0.27
12072,0.94,0.28
12073,0.86,0.71
12074,0.94,0.27
12075,0.97,0.28
12076,0.93,0.28
12077,0.98,0.29
12078,0.93,0.29
12079,0.92,0.28
12080,0.93,0.28
12081,0.93,0.29
12082,0.93,0.29
12083,0.93,0.28
12084,0.94,0.28
12085,0.93,0.29
12086,0.93,0.34
12087,0.93,0.28
12088,0.94,0.28
12089,0.94,0.29
12090,0.93,0.29
12091,0.97,0.28
12092,0.92,0.28
12093,0.97,0.28
12094,0.92,0.28
12095,0.97,0.3
12096,1.01,0.3
12097,1.0,0.3
12098,0.97,0.3
12099,1.01,0.3
12100,0.97,0.3
12101,0.98,0.3
12102,1.05,0.3
12103,1.02,0.3
12104,0.98,0.31
12105,1.03,0.3
12106,0.98,0.35
12107,1.02,0.3
12108,0.98,0.36
12109,1.03,0.3
12110,0.97,0.36
12111,0.98,0.31
12112,0.94,0.28
12113,0.95,0.29
12114,0.92,0.28
12115,0.93,0.28
12116,0.92,0.29
12117,0.97,0.28
12118,0.92,0.28
12119,0.96,0.28
12120,0.96,0.29
12121,0.91,0.29
12122,1.0,0.29
12123,0.92,0.28
12124,0.91,0.29
12125,0.97,0.28
12126,0.96,0.28
12127,0.92,0.28
12128,0.93,0.29
12129,0.95,0.28
12130,0.91,0.33
12131,0.92,0.29
12132,0.91,0.28
12133,0.91,0.29
12134,0.91,0.29
12135,0.97,0.29
12136,0.92,0.28
12137,0.96,0.29
12138,0.92,0.29
12139,0.97,0.28
12140,1.17,4.59
12141,1.28,2.22
12142,1.24,0.43
12143,1.18,0.37
12144,1.23,0.4
12145,1.24,0.39
12146,1.23,0.39
12147,1.3,0.4
12148,1.23,0.39
12149,0.94,0.28
12150,0.93,0.28
12151,0.92,0.33
12152,0.92,0.28
12153,0.92,0.32
12154,0.94,0.28
12155,0.94,0.28
12156,0.94,0.29
12157,0.94,0.28
12158,0.93,0.28
12159,0.92,0.28
12160,0.93,0.28
12161,0.94,0.29
12162,0.92,0.32
12163,0.88,0.3
12164,0.87,0.27
12165,0.81,0.27
12166,0.82,0.3
12167,0.93,0.27
12168,0.81,0.26
12169,0.96,0.28
12170,0.93,0.29
12171,0.92,0.28
12172,0.91,0.28
12173,0.91,0.28
12174,0.94,0.28
12175,0.95,0.28
12176,0.92,0.28
12177,0.89,0.32
12178,0.89,0.27
12179,0.88,0.27
12180,0.88,0.27
12181,0.89,0.27
12182,0.9,0.27
12183,0.88,0.27
12184,0.88,0.32
12185,0.92,0.28
12186,0.87,0.27
12187,0.91,0.28
12188,0.92,0.28
12189,0.91,0.28
12190,0.99,0.28
12191,0.9,0.28
12192,0.95,0.28
12193,0.96,0.28
12194,0.91,0.29
12195,0.91,0.28
12196,0.95,0.28
12197,0.94,0.28
12198,0.91,0.29
12199,0.96,0.28
12200,0.91,0.28
12201,0.94,0.29
12202,0.96,0.28
12203,0.93,0.28
12204,0.93,0.29
12205,0.94,0.28
12206,0.97,0.29
12207,0.94,0.28
12208,0.94,0.28
12209,0.94,0.28
12210,0.92,0.29
12211,0.91,0.28
12212,0.91,0.28
12213,0.91,0.28
12214,0.91,0.28
12215,0.91,0.29
12216,0.91,0.29
12217,0.91,0.29
12218,0.9,0.28
12219,0.9,0.28
12220,0.91,0.28
12221,0.9,0.28
12222,0.9,0.34
12223,0.9,0.28
12224,0.91,0.29
12225,0.91,0.28
12226,0.92,0.28
12227,0.97,0.28
12228,0.91,0.28
12229,0.91,0.33
12230,0.92,0.29
12231,0.92,0.28
12232,0.91,0.28
12233,0.95,0.29
12234,0.91,0.28
12235,0.96,0.28
12236,0.91,0.28
12237,0.91,0.33
12238,0.91,0.28
12239,0.95,0.28
12240,0.95,0.28
12241,0.91,0.28
12242,0.91,0.28
12243,0.95,0.28
12244,0.92,0.28
12245,0.92,0.29
12246,0.92,0.28
12247,0.93,0.28
12248,0.97,0.28
12249,0.92,0.28
12250,0.91,0.29
12251,0.92,0.28
12252,0.91,0.29
12253,0.95,0.28
12254,0.91,0.28
12255,0.91,0.29
12256,0.96,0.29
12257,0.92,0.29
12258,0.97,0.28
12259,0.82,0.3
12260,0.86,0.29
12261,0.84,0.28
12262,0.86,0.31
12263,0.86,1.44
12264,0.83,0.3
12265,0.91,0.33
12266,0.91,0.28
12267,0.91,0.28
12268,0.91,0.31
12269,0.91,0.28
12270,0.92,0.32
12271,0.92,0.34
12272,0.97,0.28
12273,0.92,0.29
12274,0.96,0.28
12275,0.91,0.33
12276,0.92,0.3
12277,0.93,0.28
12278,1.07,0.33
12279,1.08,0.32
12280,1.02,0.33
12281,1.07,0.33
12282,1.03,0.32
12283,1.02,0.44
12284,1.03,0.32
12285,1.04,0.37
12286,1.04,0.31
12287,1.03,0.32
12288,0.92,0.28
12289,0.92,0.28
12290,0.93,0.28
12291,0.93,0.28
12292,0.97,0.28
12293,0.93,0.28
12294,0.92,0.33
12295,0.89,0.28
12296,0.9,0.28
12297,0.9,0.3
12298,0.94,0.29
12299,0.94,0.29
12300,0.95,0.34
12301,0.94,0.3
12302,0.94,0.29
12303,0.94,0.29
12304,0.94,0.29
12305,0.97,0.32
12306,0.96,0.3
12307,0.95,0.28
12308,0.92,0.33
12309,0.92,0.29
12310,0.92,0.28
12311,0.93,0.32
12312,0.93,0.28
12313,0.94,0.28
12314,0.93,0.28
12315,0.97,0.28
12316,0.93,0.29
12317,0.98,0.28
12318,0.97,0.29
12319,0.92,0.29
12320,0.98,0.28
12321,0.92,0.33
12322,0.93,0.28
12323,0.92,0.28
12324,0.93,0.28
12325,0.93,0.29
12326,0.93,0.28
12327,0.93,0.28
12328,0.93,0.28
12329,0.93,0.28
12330,0.92,0.28
12331,0.92,0.29
12332,0.92,0.28
12333,0.92,0.28
12334,0.92,0.28
12335,0.92,0.29
12336,0.93,0.28
12337,0.92,0.33
12338,0.93,0.28
12339,0.93,0.28
12340,0.93,0.28
12341,0.93,0.28
12342,0.92,0.28
12343,0.97,0.28
12344,0.93,0.29
12345,0.98,0.29
12346,0.99,0.28
12347,0.98,0.28
12348,0.93,0.29
12349,0.93,0.28
12350,0.93,0.28
12351,0.93,0.29
12352,0.94,0.29
12353,0.95,0.29
12354,0.94,0.28
12355,0.84,0.3
12356,0.88,0.29
12357,0.82,0.28
12358,0.9,0.28
12359,0.91,0.59
12360,0.85,0.28
12361,0.94,0.27
12362,0.93,0.29
12363,0.93,0.28
12364,0.94,0.29
12365,0.93,0.28
12366,0.95,0.28
12367,0.95,0.3
12368,0.94,0.29
12369,0.94,0.31
12370,0.94,0.28
12371,0.93,0.29
12372,0.99,0.32
12373,1.05,0.33
12374,1.05,0.37
12375,1.08,0.33
12376,1.1,0.33
12377,1.05,0.33
12378,1.05,0.33
12379,1.11,0.33
12380,1.1,0.32
12381,0.96,0.35
12382,0.94,0.29
12383,1.15,1.73
12384,1.25,0.39
12385,1.26,0.4
12386,1.25,0.39
12387,1.32,0.39
12388,1.25,0.4
12389,0.99,0.3
12390,0.99,0.3
12391,0.99,0.3
12392,0.99,0.3
12393,0.99,0.31
12394,0.99,0.3
12395,0.99,0.34
12396,0.99,0.3
12397,0.99,0.3
12398,0.94,0.28
12399,0.98,0.28
12400,0.94,0.28
12401,1.0,0.29
12402,0.95,0.28
12403,0.98,0.28
12404,0.94,0.28
12405,0.94,0.29
12406,0.99,0.28
12407,0.94,0.32
12408,0.98,0.28
12409,0.94,0.28
12410,0.94,0.28
12411,0.99,0.28
12412,0.95,0.28
12413,0.98,0.29
12414,1.0,0.28
12415,0.94,0.28
12416,0.98,0.28
12417,0.94,0.28
12418,1.04,0.3
12419,0.99,0.3
12420,1.03,0.3
12421,0.99,0.35
12422,0.99,0.3
12423,0.99,0.3
12424,0.99,0.3
12425,0.99,0.29
12426,0.99,0.3
12427,1.04,0.3
12428,0.95,0.28
12429,0.99,0.28
12430,0.98,0.28
12431,0.95,0.28
12432,0.94,0.28
12433,0.95,0.28
12434,0.94,0.28
12435,0.94,0.28
12436,0.94,0.28
12437,0.99,0.28
12438,0.95,0.29
12439,1.0,0.28
12440,0.99,0.28
12441,0.94,0.29
12442,0.94,0.28
12443,0.95,0.28
12444,0.94,0.28
12445,0.95,0.28
12446,0.95,0.29
12447,0.95,0.28
12448,0.99,0.28
12449,0.95,0.29
12450,0.99,0.29
12451,0.86,0.3
12452,0.92,0.31
12453,0.92,0.26
12454,0.84,0.69
12455,0.88,0.28
12456,0.83,0.34
12457,0.95,0.26
12458,0.94,0.29
12459,0.94,0.29
12460,0.94,0.28
12461,0.94,0.29
12462,0.97,0.28
12463,0.94,0.29
12464,0.94,0.29
12465,0.94,0.28
12466,0.97,0.29
12467,0.94,0.28
12468,0.99,0.28
12469,0.95,0.31
12470,0.96,0.32
12471,0.95,0.29
12472,1.14,0.49
12473,1.2,0.36
12474,1.18,0.35
12475,1.13,0.35
12476,1.13,0.36
12477,1.13,0.4
12478,1.13,0.35
12479,0.98,0.31
12480,0.98,0.34
12481,0.95,0.3
12482,0.95,0.35
12483,0.98,0.3
12484,0.98,0.3
12485,0.99,0.3
12486,0.98,0.3
12487,0.98,0.3
12488,0.98,0.3
12489,0.95,0.28
12490,0.96,0.29
12491,0.99,0.28
12492,0.94,0.29
12493,1.0,0.28
12494,0.94,0.33
12495,0.93,0.29
12496,0.94,0.28
12497,0.94,0.29
12498,0.98,0.3
12499,0.98,0.3
12500,0.98,0.3
12501,0.99,0.31
12502,1.03,0.3
12503,0.99,0.3
12504,0.98,0.3
12505,0.98,0.36
12506,1.02,0.3
12507,0.99,0.3
12508,0.93,0.28
12509,0.96,0.28
12510,0.92,0.28
12511,0.98,0.28
12512,0.93,0.28
12513,0.93,0.28
12514,0.94,0.28
12515,0.94,0.29
12516,0.94,0.29
12517,0.97,0.28
12518,0.94,0.29
12519,0.94,0.34
12520,0.93,0.28
12521,0.94,0.29
12522,0.93,0.29
12523,0.93,0.28
12524,0.93,0.28
12525,0.98,0.28
12526,0.99,0.31
12527,1.03,0.3
12528,0.99,0.3
12529,0.98,0.3
12530,0.98,0.3
12531,1.02,0.3
12532,0.99,0.3
12533,0.99,0.3
12534,0.99,0.3
12535,0.98,0.29
12536,0.99,0.29
12537,0.93,0.29
12538,0.98,0.29
12539,0.94,0.28
12540,0.93,0.29
12541,0.97,0.28
12542,0.93,0.29
12543,0.98,0.28
12544,0.93,0.34
12545,0.99,0.28
12546,0.93,0.35
12547,0.86,0.32
12548,0.96,2.44
12549,0.83,0.3
12550,0.88,0.28
12551,0.86,0.26
12552,0.81,0.29
12553,0.93,0.28
12554,0.98,0.28
12555,0.92,0.28
12556,0.98,0.29
12557,0.93,0.29
12558,0.93,0.29
12559,0.97,0.28
12560,0.92,0.29
12561,0.92,0.28
12562,0.96,0.29
12563,0.93,0.28
12564,0.93,0.28
12565,0.93,0.28
12566,0.99,0.29
12567,0.92,0.28
12568,0.99,0.29
12569,0.92,0.28
12570,0.93,0.32
12571,0.93,0.28
12572,0.93,0.29
12573,0.93,0.29
12574,0.9,0.27
12575,0.95,0.28
12576,0.9,0.28
12577,0.96,0.28
12578,0.94,0.28
12579,0.9,0.28
12580,0.89,0.33
12581,0.94,0.28
12582,0.9,0.28
12583,0.97,0.28
12584,0.93,0.28
12585,0.93,0.28
12586,0.97,0.29
12587,0.93,0.34
12588,0.93,0.29
12589,0.93,0.28
12590,0.94,0.28
12591,0.93,0.28
12592,0.97,0.28
12593,0.94,0.28
12594,0.99,0.3
12595,1.03,0.3
12596,0.99,0.3
12597,1.04,0.3
12598,0.98,0.3
12599,1.04,0.3
12600,0.99,0.3
12601,1.03,0.3
12602,0.98,0.3
12603,0.98,0.3
12604,0.98,0.33
12605,0.94,0.28
12606,0.94,0.28
12607,0.93,0.28
12608,0.93,0.28
12609,0.93,0.29
12610,0.94,0.29
12611,0.94,0.28
12612,0.95,0.28
12613,0.95,0.29
12614,0.93,0.28
12615,0.93,0.28
12616,0.9,0.28
12617,0.9,0.32
12618,0.9,0.28
12619,0.9,0.28
12620,0.89,0.28
12621,0.91,0.28
12622,0.93,0.28
12623,0.93,0.31
12624,0.92,0.28
12625,0.92,138.5
12626,1.03,0.34
12627,1.13,0.34
12628,1.21,0.37
12629,1.12,0.35
12630,1.13,0.35
12631,1.12,0.35
12632,0.98,0.29
12633,1.03,0.29
12634,0.99,0.3
12635,1.03,0.3
12636,0.98,0.29
12637,1.03,0.29
12638,0.98,0.29
12639,1.04,0.29
12640,0.98,0.3
12641,1.02,0.29
12642,0.94,0.28
12643,0.87,0.29
12644,0.91,0.27
12645,0.82,0.26
12646,0.86,0.31
12647,0.96,2.34
12648,0.89,0.3
12649,0.99,0.27
12650,0.94,0.28
12651,0.98,0.28
12652,0.93,0.28
12653,0.98,0.28
12654,0.93,0.28
12655,0.94,0.28
12656,0.93,0.28
12657,0.96,0.28
12658,0.94,0.28
12659,0.94,0.28
12660,0.94,0.29
12661,0.98,0.28
12662,0.94,0.28
12663,0.98,0.28
12664,0.93,0.28
12665,0.93,0.29
12666,0.93,0.28
12667,0.92,0.33
12668,0.93,0.28
12669,0.93,0.28
12670,0.92,0.31
12671,0.94,0.27
12672,0.94,0.28
12673,0.92,0.33
12674,0.94,0.28
12675,0.93,0.28
12676,0.96,0.28
12677,0.93,0.32
12678,0.92,0.28
12679,0.93,0.34
12680,0.93,0.34
12681,0.92,0.28
12682,0.93,0.29
12683,0.93,0.28
12684,0.92,0.32
12685,0.93,0.28
12686,0.93,0.29
12687,0.93,0.28
12688,0.98,0.28
12689,0.92,0.28
12690,0.92,0.28
12691,0.98,0.28
12692,0.93,0.28
12693,0.98,0.28
12694,0.93,0.28
12695,0.97,0.28
12696,0.93,0.28
12697,0.93,0.28
12698,0.92,0.33
12699,0.93,0.28
12700,0.97,0.28
12701,0.97,0.28
12702,0.97,0.28
12703,0.93,0.28
12704,0.94,0.28
12705,0.98,0.28
12706,0.93,0.29
12707,0.93,0.29
12708,0.93,0.28
12709,1.0,0.28
12710,0.94,0.28
12711,0.94,0.29
12712,0.93,0.32
12713,0.94,0.28
12714,0.92,0.32
12715,0.93,0.28
12716,0.94,0.28
12717,0.93,0.33
12718,0.94,0.28
12719,0.93,0.29
12720,0.95,0.28
12721,0.93,0.28
12722,0.93,0.29
12723,0.94,0.28
12724,0.95,0.28
12725,0.94,0.28
12726,0.94,0.28
12727,0.94,0.34
12728,0.98,0.28
12729,0.95,0.28
12730,0.95,0.29
12731,0.96,0.33
12732,0.95,0.28
12733,1.03,0.28
12734,0.94,0.28
12735,0.98,0.28
12736,0.94,0.28
12737,0.94,0.29
12738,0.93,0.28
12739,1.05,0.32
12740,0.99,0.33
12741,0.93,0.32
12742,0.96,0.38
12743,1.05,0.3
12744,0.92,0.34
12745,1.04,0.32
12746,1.04,0.32
12747,1.04,0.32
12748,1.04,0.33
12749,0.94,0.29
12750,0.93,0.28
12751,0.94,0.28
12752,0.94,0.28
12753,0.94,0.29
12754,0.94,0.33
12755,0.94,0.28
12756,0.94,0.29
12757,0.94,0.28
12758,0.93,0.28
12759,0.98,0.28
12760,0.94,0.28
12761,0.94,0.29
12762,0.96,0.28
12763,0.91,0.28
12764,0.97,0.28
12765,0.93,0.28
12766,0.94,0.28
12767,0.93,0.28
12768,0.94,0.33
12769,0.97,0.28
12770,0.93,0.33
12771,0.94,0.31
12772,0.93,0.28
12773,0.93,0.29
12774,0.93,0.32
12775,0.93,0.28
12776,0.97,0.3
12777,0.97,0.3
12778,0.97,0.37
12779,0.98,0.41
12780,0.98,0.3
12781,0.98,0.3
12782,1.02,0.3
12783,1.03,0.3
12784,0.98,0.3
12785,0.97,0.3
12786,0.99,0.29
12787,0.98,0.28
12788,0.96,0.34
12789,0.99,0.28
12790,0.93,0.29
12791,0.93,0.28
12792,0.93,0.32
12793,0.98,0.28
12794,0.94,0.29
12795,0.99,0.28
12796,0.93,0.28
12797,0.98,0.28
12798,0.92,0.28
12799,0.98,0.28
12800,0.91,0.28
12801,0.96,0.28
12802,0.92,0.29
12803,0.91,0.28
12804,0.91,0.28
12805,0.91,0.28
12806,0.92,0.29
12807,1.0,0.28
12808,0.93,0.33
12809,0.99,0.28
12810,0.93,0.32
12811,0.94,0.28
12812,0.94,0.28
12813,0.94,0.28
12814,0.94,0.29
12815,0.93,0.28
12816,0.94,0.28
12817,0.94,0.28
12818,0.93,0.32
12819,0.93,0.28
12820,0.94,0.28
12821,0.91,0.28
12822,0.91,0.28
12823,0.9,0.29
12824,0.92,0.28
12825,0.92,0.28
12826,0.92,0.35
12827,0.92,0.28
12828,0.93,0.33
12829,0.93,0.28
12830,0.92,0.28
12831,0.92,0.28
12832,0.92,0.28
12833,0.92,0.28
12834,0.97,0.28
12835,0.85,0.3
12836,0.9,0.31
12837,0.89,0.27
12838,0.88,2.78
12839,0.85,0.28
12840,0.89,0.31
12841,0.92,1.24
12842,0.95,0.32
12843,0.95,0.28
12844,0.93,0.32
12845,0.95,0.28
12846,0.94,0.33
12847,0.94,0.29
12848,0.94,0.32
12849,0.95,0.28
12850,0.95,0.34
12851,0.99,0.29
12852,0.94,0.32
12853,0.98,0.28
12854,0.93,0.33
12855,0.94,0.28
12856,1.03,0.3
12857,0.98,0.3
12858,0.99,0.3
12859,0.98,0.3
12860,0.99,0.3
12861,0.98,0.34
12862,0.98,0.3
12863,0.98,0.3
12864,1.03,0.3
12865,0.95,0.28
12866,0.93,0.28
12867,0.93,0.28
12868,0.94,0.28
12869,1.24,4.17
12870,1.24,0.38
12871,1.31,0.41
12872,1.31,0.37
12873,1.17,0.4
12874,1.24,0.46
12875,1.29,0.38
12876,1.23,0.38
12877,0.9,0.26
12878,0.9,0.27
12879,0.9,0.31
12880,0.9,0.27
12881,0.96,0.26
12882,0.93,0.27
12883,0.89,0.27
12884,0.95,0.27
12885,0.91,0.26
12886,0.9,0.27
12887,0.93,0.27
12888,0.93,0.28
12889,0.92,0.28
12890,0.98,0.28
12891,0.93,0.29
12892,0.99,0.28
12893,0.94,0.28
12894,1.0,0.28
12895,0.97,0.28
12896,0.93,0.28
12897,0.93,0.28
12898,0.94,0.35
12899,1.0,0.28
12900,0.94,0.28
12901,0.93,0.28
12902,0.99,0.28
12903,0.94,0.28
12904,0.94,0.28
12905,0.99,0.28
12906,0.93,0.28
12907,0.94,0.29
12908,0.99,0.28
12909,0.94,0.29
12910,0.93,0.28
12911,0.93,0.28
12912,0.98,0.29
12913,0.93,0.33
12914,0.93,0.29
12915,0.92,0.28
12916,0.93,0.33
12917,0.93,0.28
12918,0.94,0.28
12919,0.93,0.28
12920,0.93,0.28
12921,0.93,0.28
12922,0.97,0.28
12923,0.93,0.28
12924,0.93,0.28
12925,0.92,0.28
12926,0.92,0.28
12927,0.9,0.28
12928,0.95,0.28
12929,0.97,0.28
12930,0.96,0.28
12931,0.9,0.33
12932,0.97,1.34
12933,0.9,0.29
12934,0.9,0.28
12935,0.87,0.26
12936,0.89,0.28
12937,0.99,0.27
12938,0.94,0.29
12939,0.92,0.28
12940,0.93,0.28
12941,0.93,0.34
12942,0.92,0.28
12943,0.92,0.28
12944,0.93,0.28
12945,0.93,0.33
12946,0.93,0.29
12947,0.98,0.29
12948,1.02,0.3
12949,0.98,0.3
12950,0.97,0.29
12951,1.02,0.3
12952,0.98,0.3
12953,1.02,0.3
12954,1.02,0.3
12955,0.98,0.3
12956,0.97,0.3
12957,0.89,0.27
12958,0.89,0.27
12959,0.82,0.28
12960,0.82,0.29
12961,0.84,0.26
12962,0.88,0.26
12963,0.85,0.26
12964,0.89,0.27
12965,0.89,0.27
12966,0.98,0.3
12967,1.02,0.3
12968,0.98,0.35
12969,0.97,0.3
12970,0.98,0.35
12971,1.02,0.29
12972,0.98,0.32
12973,0.98,0.31
12974,0.98,0.31
12975,1.03,0.3
12976,0.99,0.3
12977,0.9,0.27
12978,0.89,0.33
12979,0.92,0.27
12980,0.89,0.27
12981,0.89,0.27
12982,0.94,0.27
12983,0.9,0.27
12984,0.89,0.31
12985,0.89,0.27
12986,0.89,0.27
12987,0.93,0.29
12988,0.97,0.28
12989,0.93,0.29
12990,0.93,0.29
12991,1.0,0.29
12992,0.93,0.29
12993,0.93,0.29
12994,0.94,0.29
12995,0.93,0.29
12996,0.93,0.28
12997,0.93,0.33
12998,0.93,0.28
12999,0.94,0.29
13000,0.94,0.33
13001,0.94,0.28
13002,0.93,0.28
13003,0.94,0.28
13004,0.93,0.28
13005,0.93,0.29
13006,0.93,0.29
13007,0.93,0.28
13008,0.94,0.28
13009,0.99,0.28
13010,0.97,0.28
13011,0.94,0.29
13012,0.93,0.28
13013,0.93,0.29
13014,0.93,0.29
13015,0.93,0.33
13016,0.92,0.28
13017,0.93,0.28
13018,0.94,0.29
13019,0.93,0.34
13020,0.93,0.28
13021,0.98,0.28
13022,0.93,0.34
13023,0.93,0.29
13024,0.98,0.3
13025,0.97,0.3
13026,1.03,0.31
13027,0.99,0.3
13028,0.93,1.8
13029,0.9,0.32
13030,0.94,0.31
13031,0.91,0.28
13032,0.88,0.3
13033,0.98,0.3
13034,1.03,0.29
13035,0.94,0.28
13036,0.93,0.29
13037,0.97,0.28
13038,0.93,0.29
13039,0.93,0.29
13040,0.93,0.28
13041,0.92,0.29
13042,0.93,0.29
13043,0.93,0.28
13044,0.92,0.28
13045,0.93,0.28
13046,0.92,0.28
13047,0.98,0.28
13048,0.93,0.28
13049,0.98,0.28
13050,0.93,0.28
13051,0.96,0.29
13052,0.96,0.28
13053,0.92,0.28
13054,0.92,0.28
13055,0.93,0.28
13056,0.93,0.28
13057,0.93,0.28
13058,0.94,0.28
13059,0.93,0.28
13060,0.97,0.28
13061,0.93,0.29
13062,0.97,0.29
13063,0.93,0.28
13064,0.98,0.28
13065,0.92,0.28
13066,0.94,0.29
13067,0.93,0.28
13068,0.93,0.28
13069,0.92,0.28
13070,0.92,0.29
13071,0.89,0.28
13072,0.93,0.35
13073,0.93,0.28
13074,0.93,0.29
13075,0.98,0.33
13076,0.93,0.28
13077,0.93,0.28
13078,0.93,0.34
13079,0.93,0.28
13080,0.92,0.28
13081,0.91,0.28
13082,0.97,0.28
13083,0.95,0.28
13084,0.89,0.27
13085,1.03,0.3
13086,0.97,0.3
13087,0.96,0.3
13088,0.96,0.3
13089,0.93,0.29
13090,1.01,0.31
13091,0.97,0.3
13092,0.97,0.3
13093,0.97,0.39
13094,1.03,0.3
13095,0.9,0.27
13096,0.89,0.28
13097,0.9,0.27
13098,0.93,0.27
13099,0.89,0.27
13100,0.9,0.31
13101,0.89,0.27
13102,0.89,0.27
13103,0.89,0.27
13104,0.93,0.27
13105,0.92,0.27
13106,0.93,0.29
13107,0.93,0.29
13108,0.93,0.28
13109,0.98,0.28
13110,0.93,0.28
13111,1.18,1.51
13112,1.25,0.39
13113,1.24,0.47
13114,1.09,0.32
13115,1.04,0.32
13116,1.04,0.32
13117,1.04,0.33
13118,1.09,0.31
13119,1.04,0.32
13120,1.03,0.32
13121,1.09,0.33
13122,1.03,0.32
13123,0.8,0.28
13124,0.78,0.27
13125,0.76,0.25
13126,0.8,0.27
13127,0.89,0.26
13128,0.94,0.27
13129,0.94,0.27
13130,0.9,0.27
13131,0.9,0.27
13132,1.03,0.3
13133,0.97,0.31
13134,1.01,0.3
13135,0.98,0.3
13136,1.01,0.3
13137,0.98,0.36
13138,0.99,0.3
13139,0.98,0.31
13140,1.02,0.3
13141,0.98,0.3
13142,0.98,0.28
13143,0.93,0.28
13144,0.93,0.28
13145,0.96,0.29
13146,0.94,0.28
13147,0.93,0.28
13148,0.92,0.28
13149,0.93,0.33
13150,0.94,0.28
13151,0.93,0.32
13152,0.92,0.28
13153,0.93,0.28
13154,0.94,0.33
13155,0.93,0.28
13156,0.94,0.28
13157,0.94,0.28
13158,0.93,0.28
13159,0.93,0.28
13160,0.93,0.28
13161,0.93,0.29
13162,0.94,0.29
13163,0.93,0.28
13164,0.93,0.28
13165,0.95,0.28
13166,0.94,0.28
13167,0.93,0.28
13168,0.93,0.28
13169,0.92,0.28
13170,0.98,0.28
13171,0.93,0.28
13172,0.97,0.28
13173,0.94,0.29
13174,0.94,0.28
13175,0.99,0.29
13176,0.93,0.29
13177,0.93,0.34
13178,0.97,0.28
13179,0.93,0.33
13180,0.93,0.33
13181,0.93,0.28
13182,0.95,0.28
13183,0.93,0.28
13184,0.93,0.29
13185,0.97,0.29
13186,0.94,0.29
13187,0.97,0.28
13188,0.93,0.28
13189,0.93,0.28
13190,0.97,0.29
13191,0.98,0.28
13192,0.93,0.37
13193,0.93,0.29
13194,0.9,0.27
13195,0.9,0.27
13196,0.95,0.27
13197,0.9,0.27
13198,0.89,0.31
13199,0.89,0.27
13200,0.89,0.27
13201,0.89,0.27
13202,0.89,0.27
13203,0.94,0.27
13204,0.94,0.27
13205,0.95,0.29
13206,0.93,0.29
13207,0.94,0.29
13208,0.93,0.29
13209,0.93,0.29
13210,0.94,0.29
13211,0.94,0.28
13212,0.93,0.28
13213,0.93,0.29
13214,0.94,0.28
13215,0.93,0.28
13216,0.96,0.29
13217,0.94,0.29
13218,0.93,0.28
13219,0.91,0.28
13220,0.89,0.28
13221,0.84,0.28
13222,0.89,0.27
13223,0.89,1.06
13224,0.81,0.29
13225,0.93,0.28
13226,0.93,0.28
13227,0.93,0.29
13228,0.93,0.28
13229,0.93,0.29
13230,0.93,0.28
13231,0.93,0.28
13232,0.93,0.29
13233,0.92,0.28
13234,0.98,0.29
13235,0.93,0.28
13236,0.96,0.28
13237,0.92,0.28
13238,0.98,0.29
13239,0.93,0.28
13240,0.93,0.28
13241,0.93,0.29
13242,0.98,0.29
13243,0.93,0.28
13244,0.93,0.29
13245,0.97,0.29
13246,0.94,0.29
13247,0.93,0.29
13248,0.93,0.29
13249,0.93,0.38
13250,0.94,0.29
13251,0.93,0.29
13252,1.05,0.38
13253,1.04,0.38
13254,1.04,0.33
13255,1.04,0.33
13256,1.1,0.33
13257,1.04,0.33
13258,1.1,0.33
13259,1.05,0.33
13260,1.04,0.33
13261,0.9,0.27
13262,0.94,0.27
13263,0.95,0.28
13264,0.9,0.28
13265,0.9,0.27
13266,0.9,0.27
13267,0.9,0.27
13268,0.9,0.27
13269,0.91,0.27
13270,0.9,0.27
13271,0.9,0.28
13272,0.94,0.29
13273,0.93,0.5
13274,0.93,0.28
13275,0.93,0.28
13276,0.94,0.39
13277,0.93,0.29
13278,0.94,0.33
13279,0.95,0.29
13280,0.94,0.29
13281,0.94,0.29
13282,0.95,0.29
13283,0.95,0.29
13284,0.93,0.29
13285,0.99,0.29
13286,0.95,0.29
13287,0.99,0.29
13288,0.93,0.29
13289,0.93,0.29
13290,0.92,0.29
13291,0.92,0.29
13292,0.97,0.29
13293,0.93,0.28
13294,0.97,0.29
13295,0.93,0.28
13296,0.95,0.29
13297,0.97,0.29
13298,0.93,0.29
13299,0.99,0.28
13300,0.89,0.28
13301,1.04,0.29
13302,0.94,0.29
13303,0.98,0.28
13304,0.99,0.29
13305,0.94,0.33
13306,0.94,0.29
13307,0.94,0.29
13308,0.94,0.31
13309,0.98,0.34
13310,0.99,0.31
13311,0.98,0.3
13312,0.98,0.3
13313,0.99,0.31
13314,0.99,0.3
13315,0.9,0.33
13316,0.94,1.16
13317,0.91,0.3
13318,0.95,0.28
13319,0.88,1.0
13320,0.83,0.29
13321,0.95,0.28
13322,0.94,0.34
13323,0.94,0.29
13324,0.95,0.29
13325,0.94,0.29
13326,0.94,0.29
13327,0.95,0.32
13328,0.95,0.29
13329,0.94,0.29
13330,0.99,0.3
13331,0.94,0.29
13332,0.98,0.28
13333,0.94,0.29
13334,0.97,0.29
13335,0.93,0.29
13336,0.98,0.29
13337,0.99,0.29
13338,0.94,0.29
13339,1.05,0.29
13340,0.97,0.29
13341,0.93,0.29
13342,0.99,0.29
13343,0.94,0.29
13344,0.95,0.29
13345,0.95,0.29
13346,0.94,0.33
13347,0.94,0.29
13348,0.98,0.29
13349,0.94,0.34
13350,0.94,0.29
13351,0.94,0.29
13352,0.94,0.33
13353,0.97,0.29
13354,0.94,334.61
13355,1.14,0.41
13356,1.29,0.38
13357,1.04,0.33
13358,1.05,0.32
13359,1.05,0.32
13360,1.05,0.32
13361,1.05,0.33
13362,1.05,0.33
13363,1.05,0.32
13364,1.09,0.32
13365,1.1,0.33
13366,1.05,0.27
13367,0.94,0.27
13368,0.91,0.27
13369,0.94,0.26
13370,0.88,0.27
13371,0.92,0.26
13372,0.94,0.27
13373,0.89,0.27
13374,0.9,0.3
13375,0.9,0.31
13376,0.95,0.28
13377,0.95,0.28
13378,0.99,0.29
13379,0.93,0.28
13380,0.99,0.28
13381,0.99,0.28
13382,0.98,0.28
13383,0.99,0.28
13384,0.93,0.28
13385,0.93,0.28
13386,0.94,0.28
13387,0.94,0.27
13388,0.91,0.27
13389,0.9,0.27
13390,0.96,0.27
13391,0.9,0.27
13392,0.86,0.3
13393,0.87,0.26
13394,0.9,0.27
13395,0.9,0.27
13396,0.96,0.27
13397,0.98,0.35
13398,1.03,0.3
13399,0.99,0.35
13400,1.03,0.3
13401,0.94,0.3
13402,1.02,0.31
13403,0.97,0.3
13404,0.98,0.3
13405,0.96,0.3
13406,0.96,0.3
13407,0.91,0.28
13408,0.98,0.28
13409,0.91,0.27
13410,0.95,0.28
13411,0.86,0.3
13412,0.95,0.3
13413,0.89,0.3
13414,0.88,0.27
13415,0.9,0.3
13416,0.82,0.27
13417,0.89,0.26
13418,0.89,0.27
13419,0.89,0.27
13420,0.8,0.28
13421,0.8,0.28
13422,0.8,0.28
13423,0.8,0.28
13424,0.8,0.28
13425,0.81,0.43
13426,1.03,0.33
13427,0.98,0.3
13428,0.97,0.29
13429,1.06,0.3
13430,1.04,0.3
13431,0.99,0.3
13432,0.99,0.3
13433,0.99,0.3
13434,1.04,0.3
13435,0.95,0.34
13436,0.95,0.28
13437,0.95,0.29
13438,0.95,0.28
13439,0.95,0.29
13440,0.94,0.28
13441,1.01,0.29
13442,0.95,0.28
13443,1.0,0.29
13444,0.95,0.29
13445,1.01,0.28
13446,0.95,0.28
13447,0.96,0.28
13448,1.0,0.28
13449,0.95,0.29
13450,1.0,0.3
13451,1.02,0.29
13452,0.95,0.28
13453,0.95,0.28
13454,0.97,0.34
13455,0.96,0.28
13456,0.96,0.28
13457,0.96,0.29
13458,0.95,0.29
13459,0.91,0.28
13460,0.97,0.28
13461,1.0,0.28
13462,0.92,0.28
13463,0.99,0.28
13464,0.97,0.3
13465,0.99,0.3
13466,0.99,0.3
13467,0.99,0.3
13468,0.99,0.3
13469,0.99,0.3
13470,0.99,0.3
13471,0.99,0.3
13472,0.99,0.3
13473,0.94,0.34
13474,0.94,0.31
13475,0.94,0.34
13476,0.94,0.28
13477,0.93,0.33
13478,0.94,0.28
13479,0.94,0.29
13480,0.94,0.29
13481,0.97,0.28
13482,0.98,0.28
13483,0.93,0.32
13484,0.88,0.28
13485,0.9,0.29
13486,0.95,0.29
13487,0.95,0.31
13488,0.95,0.29
13489,0.92,0.28
13490,1.0,0.31
13491,0.98,0.28
13492,0.95,0.29
13493,1.0,0.29
13494,0.94,0.28
13495,0.94,0.29
13496,0.93,0.29
13497,0.98,0.3
13498,0.94,0.29
13499,1.01,0.29
13500,0.94,0.29
13501,0.94,0.29
13502,0.91,0.29
13503,0.98,0.29
13504,0.94,0.38
13505,0.94,0.29
13506,1.0,0.29
13507,0.95,0.3
13508,0.94,0.3
13509,0.99,0.28
13510,0.94,0.29
13511,0.93,0.28
13512,0.93,0.28
13513,1.0,0.29
13514,0.95,0.31
13515,0.95,0.29
13516,0.99,0.28
13517,0.95,0.34
13518,0.95,0.29
13519,0.95,0.29
13520,1.0,0.29
13521,0.94,0.29
13522,0.99,0.29
13523,1.0,0.29
13524,0.99,0.29
13525,0.94,0.28
13526,0.91,0.27
13527,0.92,0.32
13528,0.93,0.28
13529,0.92,0.32
13530,0.95,0.34
13531,1.04,0.31
13532,0.98,0.3
13533,1.02,0.3
13534,1.02,0.31
13535,1.02,0.3
13536,1.31,0.3
13537,0.97,0.34
13538,0.97,0.31
13539,0.97,0.3
13540,0.97,0.28
13541,0.97,0.29
13542,0.97,0.28
13543,0.97,0.28
13544,0.96,0.28
13545,0.98,0.28
13546,0.96,0.28
13547,0.92,0.29
13548,0.92,0.28
13549,0.93,0.28
13550,0.92,0.29
13551,0.93,0.29
13552,0.92,0.28
13553,0.91,0.28
13554,0.89,0.28
13555,0.91,0.28
13556,0.9,0.28
13557,0.89,0.28
13558,0.9,0.29
13559,0.9,0.28
13560,0.92,0.34
13561,0.91,0.29
13562,0.91,0.3
13563,0.92,0.29
13564,0.92,0.34
13565,0.92,0.33
13566,0.98,0.29
13567,0.94,0.28
13568,0.97,0.28
13569,0.93,0.29
13570,0.93,0.28
13571,0.92,0.29
13572,0.92,0.32
13573,0.92,0.28
13574,0.92,0.28
13575,0.92,0.29
13576,1.1,0.32
13577,1.07,0.33
13578,1.04,0.32
13579,1.04,0.33
13580,1.04,0.56
13581,1.1,0.32
13582,1.09,0.32
13583,1.03,0.32
13584,1.04,0.32
13585,0.92,0.28
13586,0.93,0.29
13587,0.92,0.28
13588,0.94,0.29
13589,0.92,0.28
13590,0.94,0.28
13591,0.93,0.28
13592,0.92,0.28
13593,0.93,0.28
13594,0.93,0.29
13595,0.92,0.28
13596,0.92,0.29
13597,0.9,253.62
13598,1.16,0.39
13599,1.24,0.38
13600,1.18,0.38
13601,1.03,0.31
13602,1.03,0.32
13603,0.96,0.32
13604,1.02,0.35
13605,1.02,2.28
13606,0.93,0.32
13607,0.97,0.34
13608,1.0,0.31
13609,0.91,0.3
13610,1.05,0.28
13611,0.98,0.28
13612,1.0,0.32
13613,0.98,0.28
13614,0.96,0.28
13615,0.92,0.28
13616,0.92,0.28
13617,0.92,0.28
13618,0.92,0.34
13619,0.92,0.28
13620,0.93,0.28
13621,0.92,0.28
13622,0.97,0.28
13623,0.92,0.28
13624,0.92,0.28
13625,0.92,0.28
13626,0.99,0.28
13627,0.95,0.28
13628,0.94,0.28
13629,1.0,0.28
13630,0.97,0.28
13631,0.94,0.28
13632,0.95,0.29
13633,1.0,0.28
13634,0.98,0.28
13635,0.97,0.28
13636,0.98,0.28
13637,1.07,0.28
13638,0.96,0.28
13639,0.96,0.28
13640,1.02,0.29
13641,1.02,0.28
13642,1.02,0.28
13643,0.97,0.28
13644,1.0,0.28
13645,1.01,0.28
13646,0.96,0.28
13647,1.01,0.28
13648,0.97,0.28
13649,0.97,0.28
13650,0.97,0.28
13651,0.95,0.28
13652,0.94,0.28
13653,0.97,0.28
13654,0.96,0.28
13655,0.98,0.28
13656,0.99,0.29
13657,0.95,0.28
13658,0.97,0.28
13659,0.98,0.28
13660,0.97,0.28
13661,0.98,0.28
13662,0.99,0.28
13663,1.01,0.28
13664,1.01,0.28
13665,0.97,0.28
13666,0.99,0.28
13667,0.97,0.28
13668,0.96,0.28
13669,1.0,0.35
13670,1.01,0.3
13671,1.02,0.35
13672,0.97,0.3
13673,0.98,0.3
13674,1.02,0.3
13675,0.99,0.32
13676,0.98,0.3
13677,0.99,0.3
13678,0.99,0.36
13679,0.98,0.28
13680,0.98,0.29
13681,0.98,0.28
13682,1.0,0.28
13683,0.98,0.28
13684,0.98,0.29
13685,1.03,0.28
13686,0.97,0.29
13687,1.05,0.29
13688,0.98,0.28
13689,0.99,0.28
13690,0.97,0.28
13691,0.98,0.28
13692,0.97,0.28
13693,0.97,0.28
13694,0.96,0.29
13695,0.97,0.28
13696,1.01,0.28
13697,0.96,0.29
13698,0.96,0.28
13699,0.85,0.31
13700,1.02,0.27
13701,0.87,0.32
13702,0.85,0.27
13703,0.91,0.31
13704,0.89,0.31
13705,0.84,0.26
13706,0.94,0.31
13707,0.89,0.28
13708,0.89,0.28
13709,0.92,0.28
13710,0.89,0.28
13711,0.91,0.28
13712,0.9,0.28
13713,0.9,0.28
13714,0.95,0.28
13715,0.93,0.28
13716,0.93,0.28
13717,1.0,0.28
13718,1.04,0.28
13719,1.05,0.29
13720,1.04,0.28
13721,0.97,0.29
13722,0.96,0.29
13723,0.99,0.29
13724,1.0,0.33
13725,1.0,0.29
13726,0.99,0.28
13727,1.07,0.29
13728,1.08,0.35
13729,1.08,0.28
13730,1.09,0.28
13731,1.06,0.29
13732,0.99,0.3
13733,1.12,0.28
13734,1.08,0.29
13735,1.06,0.29
13736,1.04,0.28
13737,1.03,0.28
13738,0.99,0.27
13739,0.98,0.27
13740,1.05,0.27
13741,0.99,0.27
13742,1.04,0.27
13743,1.0,0.27
13744,1.01,0.27
13745,1.01,0.27
13746,1.04,0.28
13747,1.0,0.27
13748,1.0,0.28
13749,0.95,0.26
13750,0.98,0.27
13751,0.98,0.26
13752,0.95,0.27
13753,0.95,0.27
13754,0.96,0.29
13755,0.96,0.27
13756,0.97,0.27
13757,1.05,0.27
13758,1.02,0.27
13759,1.03,0.29
13760,1.05,0.3
13761,1.07,0.29
13762,1.03,0.33
13763,1.08,0.3
13764,1.04,0.3
13765,1.09,0.29
13766,1.05,0.29
13767,1.05,0.29
13768,1.07,0.29
13769,1.06,0.29
13770,1.06,0.28
13771,1.06,0.34
13772,1.06,0.28
13773,1.06,0.28
13774,1.11,0.29
13775,1.06,0.29
13776,1.06,1.75
13777,1.06,0.28
13778,1.07,0.34
13779,1.07,0.28
13780,1.06,0.28
13781,1.07,0.28
13782,1.07,0.29
13783,1.07,0.33
13784,1.06,0.33
13785,1.07,0.3
13786,1.06,0.28
13787,1.06,0.3
13788,1.06,0.28
13789,1.06,0.28
13790,1.06,0.28
13791,1.06,0.34
13792,1.06,0.28
13793,1.06,0.28
13794,1.06,0.29
13795,0.97,0.31
13796,1.14,0.28
13797,0.97,0.28
13798,0.98,0.27
13799,1.11,0.28
13800,1.0,0.73
13801,1.07,0.28
13802,1.09,0.28
13803,1.06,0.29
13804,1.06,0.29
13805,1.06,0.29
13806,1.06,0.29
13807,1.06,0.29
13808,1.06,0.29
13809,1.06,0.3
13810,1.06,0.29
13811,1.06,0.35
13812,1.06,0.28
13813,1.07,0.34
13814,1.06,0.29
13815,1.06,0.28
13816,1.12,0.3
13817,1.42,0.39
13818,1.43,0.4
13819,1.41,0.39
13820,1.42,0.41
13821,1.48,0.39
13822,1.42,0.47
13823,1.4,0.41
13824,1.38,0.39
13825,0.99,0.27
13826,0.99,0.28
13827,0.99,0.27
13828,0.98,0.27
13829,0.99,0.27
13830,1.01,0.27
13831,1.05,0.27
13832,1.03,0.32
13833,1.03,0.28
13834,1.02,0.27
13835,1.06,0.34
13836,1.06,0.29
13837,1.06,0.28
13838,1.05,0.29
13839,1.05,0.29
13840,1.06,0.29
13841,1.06,0.29
13842,1.11,239.99
13843,1.36,0.41
13844,1.34,0.39
13845,1.47,0.38
13846,1.37,0.38
13847,1.35,0.39
13848,1.43,0.4
13849,1.45,0.38
13850,1.08,0.28
13851,1.1,0.29
13852,1.04,0.29
13853,1.12,0.28
13854,1.04,0.32
13855,1.04,0.28
13856,1.04,0.28
13857,1.04,0.28
13858,1.03,0.28
13859,1.04,0.28
13860,1.04,0.29
13861,1.02,0.28
13862,1.01,0.28
13863,1.11,0.28
13864,1.04,0.3
13865,1.08,0.28
13866,1.04,0.28
13867,1.04,0.29
13868,1.1,0.29
13869,1.05,0.28
13870,1.1,0.33
13871,1.05,0.33
13872,1.16,0.29
13873,1.06,0.29
13874,1.12,0.28
13875,1.03,0.27
13876,1.07,0.29
13877,1.02,0.27
13878,1.06,0.29
13879,1.11,0.33
13880,1.06,0.28
13881,1.06,0.28
13882,1.06,0.29
13883,1.06,0.33
13884,1.06,0.28
13885,1.06,0.28
13886,1.1,0.28
13887,1.03,0.28
13888,1.03,0.28
13889,1.09,0.28
13890,1.07,0.28
13891,1.0,0.3
13892,1.03,0.28
13893,0.99,0.36
13894,0.97,0.26
13895,0.97,0.28
13896,0.96,0.31
13897,0.95,0.27
13898,1.07,0.28
13899,1.08,0.3
13900,1.08,0.31
13901,1.1,0.35
13902,1.1,0.3
13903,1.08,0.3
13904,1.17,0.33
13905,1.25,0.33
13906,1.23,0.32
13907,1.17,0.32
13908,1.63,0.33
13909,1.16,0.32
13910,1.1,0.32
13911,1.11,0.32
13912,1.11,0.38
13913,1.11,0.33
13914,0.99,0.32
13915,0.99,0.28
13916,1.06,0.29
13917,1.07,0.28
13918,1.05,0.28
13919,1.05,0.28
13920,1.01,0.28
13921,1.01,0.28
13922,1.12,0.28
13923,1.03,0.28
13924,1.11,0.3
13925,1.08,0.28
13926,1.09,0.29
13927,1.07,0.28
13928,1.09,0.29
13929,1.09,0.28
13930,1.06,0.28
13931,1.03,0.29
13932,1.04,0.29
13933,1.09,0.29
13934,1.03,0.28
13935,1.07,0.29
13936,1.05,0.28
13937,1.09,0.28
13938,1.05,0.28
13939,1.09,0.29
13940,1.02,0.28
13941,1.03,0.28
13942,1.08,0.28
13943,1.04,0.29
13944,1.05,0.28
13945,1.1,0.28
13946,1.04,0.28
13947,1.1,0.28
13948,1.04,0.29
13949,1.09,0.28
13950,1.04,0.29
13951,1.09,0.28
13952,1.03,0.29
13953,1.05,0.29
13954,1.09,0.28
13955,1.09,0.28
13956,1.08,0.28
13957,1.04,0.29
13958,1.1,0.28
13959,1.11,0.29
13960,1.05,0.28
13961,1.05,0.28
13962,1.04,0.3
13963,1.05,0.31
13964,1.04,0.3
13965,1.05,0.31
13966,1.04,0.31
13967,1.04,0.32
13968,1.05,0.3
13969,1.04,0.35
13970,1.04,0.31
13971,1.03,0.31
13972,1.0,0.28
13973,0.99,0.28
13974,0.98,0.28
13975,0.98,0.28
13976,0.99,0.29
13977,1.0,0.3
13978,0.99,0.28
13979,1.04,0.29
13980,1.04,0.28
13981,1.0,0.29
13982,1.05,0.29
13983,0.98,0.28
13984,1.01,0.28
13985,0.98,0.29
13986,1.06,0.29
13987,0.9,0.28
13988,1.07,0.32
13989,0.93,1.66
13990,0.91,0.3
13991,0.96,0.28
13992,0.93,0.82
13993,0.94,0.28
13994,1.0,0.28
13995,1.01,0.28
13996,1.02,0.29
13997,1.0,0.29
13998,1.0,0.28
13999,1.03,0.28
14000,1.02,0.29
14001,1.01,0.28
14002,1.02,0.29
14003,1.04,0.27
14004,1.01,0.27
14005,0.98,0.28
14006,0.97,0.27
14007,0.98,0.27
14008,0.97,0.27
14009,0.97,0.27
14010,0.96,0.27
14011,0.97,0.27
14012,1.0,0.27
14013,0.97,0.37
14014,1.06,0.28
14015,1.01,0.28
14016,1.01,0.29
14017,0.99,0.28
14018,1.0,0.29
14019,1.01,0.28
14020,1.0,0.29
14021,1.0,0.29
14022,1.01,0.29
14023,1.1,0.29
14024,1.0,0.29
14025,1.04,0.28
14026,1.0,0.29
14027,1.04,0.29
14028,1.0,0.29
14029,1.05,0.29
14030,1.01,0.28
14031,1.01,0.29
14032,1.04,0.28
14033,1.01,0.28
14034,1.0,0.33
14035,1.05,0.28
14036,1.0,0.29
14037,0.99,0.29
14038,1.06,0.28
14039,1.02,0.28
14040,1.06,0.29
14041,1.0,0.29
14042,1.06,0.29
14043,1.0,0.29
14044,0.99,0.29
14045,1.04,0.3
14046,0.99,0.28
14047,1.1,0.28
14048,1.0,0.29
14049,1.0,0.29
14050,1.0,0.29
14051,1.0,0.29
14052,1.0,0.28
14053,1.01,0.29
14054,0.99,0.29
14055,1.0,0.29
14056,0.99,0.29
14057,1.0,0.29
14058,1.0,0.33
14059,1.05,0.28
14060,1.0,0.29
14061,1.0,0.3
14062,0.99,0.28
14063,1.04,0.35
14064,1.03,0.3
14065,1.04,0.36
14066,1.05,0.3
14067,1.05,0.35
14068,1.1,0.3
14069,1.05,0.3
14070,1.05,0.35
14071,1.04,0.3
14072,1.05,0.29
14073,0.99,0.28
14074,0.99,0.28
14075,0.98,0.28
14076,0.98,0.28
14077,0.99,0.29
14078,0.98,0.28
14079,0.98,0.28
14080,0.98,0.33
14081,0.98,0.29
14082,0.99,0.28
14083,0.91,0.3
14084,0.97,0.3
14085,0.95,0.28
14086,0.92,0.26
14087,0.93,201.81
14088,1.31,0.38
14089,1.25,0.38
14090,1.24,0.46
14091,1.41,0.39
14092,1.32,0.45
14093,1.33,0.39
14094,1.32,0.4
14095,1.08,0.3
14096,1.04,0.3
14097,1.04,0.3
14098,1.05,0.3
14099,1.1,0.3
14100,1.04,0.34
14101,1.05,0.3
14102,1.08,0.34
14103,1.11,0.31
14104,1.09,0.28
14105,1.05,0.32
14106,1.03,0.28
14107,1.05,0.27
14108,1.05,0.28
14109,1.03,0.28
14110,1.07,0.28
14111,1.02,0.33
14112,1.03,0.28
14113,1.03,0.28
14114,1.02,0.32
14115,1.02,0.28
14116,1.02,0.29
14117,1.01,0.28
14118,1.02,0.29
14119,1.06,0.28
14120,1.04,0.28
14121,1.03,0.28
14122,1.01,0.28
14123,1.01,0.28
14124,1.02,0.28
14125,1.01,0.28
14126,1.05,0.29
14127,1.01,0.28
14128,1.06,0.29
14129,1.06,0.28
14130,1.02,0.32
14131,1.03,0.28
14132,1.07,0.3
14133,1.04,0.3
14134,1.05,0.3
14135,1.05,0.3
14136,1.05,0.3
14137,1.07,0.3
14138,1.08,0.36
14139,1.07,0.3
14140,1.06,0.31
14141,1.07,0.29
14142,1.11,0.3
14143,1.08,0.3
14144,1.12,0.31
14145,1.08,0.3
14146,1.14,0.3
14147,1.12,0.3
14148,1.07,0.31
14149,1.12,0.3
14150,1.02,0.28
14151,1.08,0.28
14152,1.02,0.33
14153,1.02,0.28
14154,1.07,0.28
14155,1.08,0.28
14156,1.06,0.28
14157,1.08,0.28
14158,1.04,0.28
14159,1.03,0.28
14160,1.08,0.28
14161,1.01,0.33
14162,1.05,0.28
14163,1.02,0.28
14164,1.05,0.29
14165,1.02,0.32
14166,1.06,0.33
14167,1.03,0.28
14168,1.04,0.34
14169,1.05,0.29
14170,1.05,0.28
14171,1.04,0.28
14172,1.04,0.29
14173,1.02,0.28
14174,1.03,0.28
14175,1.03,0.33
14176,1.03,0.28
14177,1.03,0.28
14178,1.51,0.29
14179,0.96,0.32
14180,1.0,1.88
14181,0.92,0.28
14182,0.91,0.3
14183,1.03,0.26
14184,0.93,2.06
14185,0.94,0.27
14186,1.04,0.29
14187,1.03,0.28
14188,1.07,0.29
14189,1.03,0.28
14190,1.08,0.28
14191,1.02,0.28
14192,1.1,0.29
14193,1.09,0.29
14194,1.04,0.29
14195,1.1,0.29
14196,1.04,0.33
14197,1.05,0.28
14198,1.15,0.28
14199,1.03,0.28
14200,1.02,0.28
14201,1.07,0.28
14202,1.04,0.28
14203,1.1,0.28
14204,1.05,0.29
14205,1.08,0.28
14206,1.04,0.28
14207,1.09,0.28
14208,1.03,0.29
14209,1.04,0.29
14210,1.04,0.35
14211,1.03,0.3
14212,1.05,0.35
14213,1.05,0.31
14214,1.05,0.35
14215,1.11,0.3
14216,1.07,0.31
14217,1.13,0.31
14218,1.07,0.31
14219,1.03,0.29
14220,1.01,0.29
14221,1.01,0.28
14222,1.05,0.29
14223,1.01,0.28
14224,1.01,0.29
14225,1.04,0.29
14226,0.99,0.28
14227,1.05,0.28
14228,1.0,0.29
14229,1.05,0.28
14230,1.01,0.28
14231,1.01,0.29
14232,0.99,0.29
14233,1.06,0.29
14234,1.01,0.28
14235,0.99,0.28
14236,1.05,0.29
14237,0.99,0.28
14238,1.05,0.28
14239,1.06,0.28
14240,0.99,0.29
14241,0.99,0.28
14242,0.98,0.28
14243,0.97,0.28
14244,1.04,0.28
14245,1.05,0.28
14246,1.1,0.29
14247,1.05,0.29
14248,1.1,0.29
14249,1.07,0.29
14250,1.06,0.29
14251,1.05,0.29
14252,1.1,0.28
14253,1.04,0.33
14254,1.04,0.29
14255,1.01,0.29
14256,1.01,0.34
14257,1.01,0.29
14258,0.96,0.29
14259,1.05,0.29
14260,0.96,0.29
14261,0.95,0.28
14262,0.95,0.29
14263,0.94,0.33
14264,0.94,0.29
14265,0.95,0.29
14266,0.94,0.28
14267,0.94,0.32
14268,0.94,0.29
14269,0.95,0.28
14270,0.98,0.28
14271,0.95,0.28
14272,1.01,0.28
14273,0.95,0.28
14274,0.94,0.28
14275,0.93,0.29
14276,1.0,0.33
14277,0.92,1.11
14278,0.92,0.36
14279,0.97,0.3
14280,0.94,2.7
14281,0.92,0.34
14282,0.99,0.3
14283,1.0,0.3
14284,0.98,0.3
14285,1.04,0.3
14286,1.03,0.31
14287,1.04,0.3
14288,0.99,0.31
14289,1.0,0.3
14290,0.91,0.27
14291,0.91,0.27
14292,0.9,0.31
14293,0.91,0.27
14294,0.91,0.27
14295,0.96,0.27
14296,0.9,0.27
14297,0.93,0.27
14298,0.89,0.27
14299,0.9,0.27
14300,0.97,0.29
14301,0.94,0.34
14302,1.0,0.29
14303,0.96,0.28
14304,0.96,0.29
14305,1.01,0.28
14306,1.02,0.29
14307,1.12,0.31
14308,1.07,0.35
14309,1.07,0.3
14310,1.09,0.3
14311,1.09,0.31
14312,1.1,0.31
14313,1.12,0.35
14314,1.11,0.3
14315,1.11,0.31
14316,1.17,0.32
14317,1.09,0.28
14318,1.1,0.28
14319,1.1,0.29
14320,1.1,0.29
14321,1.04,0.29
14322,1.03,0.29
14323,1.05,0.28
14324,1.04,0.29
14325,1.02,0.28
14326,1.05,0.29
14327,1.07,0.29
14328,1.06,0.29
14329,1.05,0.29
14330,1.01,0.29
14331,1.04,0.29
14332,1.0,259.62
14333,1.08,0.36
14334,1.19,0.34
14335,1.15,0.36
14336,1.14,0.35
14337,1.13,0.35
14338,1.12,0.35
14339,1.14,0.36
14340,1.14,0.4
14341,1.15,0.36
14342,1.0,0.27
14343,0.96,0.28
14344,0.99,0.28
14345,0.95,0.33
14346,0.99,0.28
14347,0.96,0.28
14348,0.95,0.28
14349,0.95,0.28
14350,0.95,0.32
14351,0.96,0.28
14352,0.94,0.28
14353,0.94,0.28
14354,0.95,0.28
14355,0.94,0.29
14356,0.96,0.28
14357,0.96,0.28
14358,0.99,0.28
14359,0.99,0.28
14360,0.94,0.28
14361,0.99,0.28
14362,0.95,0.32
14363,0.95,0.29
14364,0.95,0.28
14365,0.95,0.32
14366,1.06,0.28
14367,1.07,0.33
14368,1.12,0.32
14369,1.06,0.32
14370,1.11,0.32
14371,1.07,0.32
14372,1.01,0.31
14373,0.95,0.32
14374,0.99,0.4
14375,1.03,0.31
14376,0.99,0.28
14377,0.97,0.28
14378,0.96,0.28
14379,0.95,0.3
14380,1.0,0.27
14381,0.96,0.29
14382,0.96,0.28
14383,1.0,0.28
14384,0.95,0.28
14385,1.0,0.28
14386,0.95,0.28
14387,0.96,0.28
14388,0.95,0.28
14389,0.95,0.28
14390,0.95,0.28
14391,1.0,0.28
14392,0.95,0.28
14393,1.0,0.28
14394,0.98,0.28
14395,0.95,0.29
14396,0.98,0.28
14397,0.94,0.28
14398,1.0,0.28
14399,1.01,0.28
14400,1.0,0.28
14401,1.02,0.28
14402,1.04,0.28
14403,1.04,0.28
14404,1.08,0.28
14405,1.07,0.28
14406,1.07,0.37
14407,1.09,0.28
14408,1.09,0.28
14409,1.08,0.28
14410,1.09,0.28
14411,1.07,0.29
14412,1.03,0.28
14413,1.06,0.28
14414,1.05,0.29
14415,1.1,0.29
14416,1.07,0.29
14417,1.11,0.28
14418,1.09,0.28
14419,1.08,0.29
14420,1.06,0.28
14421,1.1,0.28
14422,1.03,0.28
14423,1.0,0.28
14424,0.95,0.32
14425,1.01,0.28
14426,0.95,0.29
14427,0.96,0.28
14428,0.95,0.33
14429,0.99,0.28
14430,1.02,0.28
14431,0.96,0.28
14432,0.96,0.28
14433,0.96,0.28
14434,0.96,0.28
14435,0.95,0.29
14436,0.96,0.29
14437,0.96,0.28
14438,0.96,0.28
14439,1.0,0.28
14440,0.95,0.28
14441,1.0,0.28
14442,0.96,0.28
14443,0.97,0.28
14444,0.95,0.28
14445,0.95,0.28
14446,0.99,0.28
14447,0.95,0.28
14448,1.0,0.29
14449,0.96,0.28
14450,1.0,0.29
14451,0.96,0.29
14452,1.01,0.29
14453,0.96,0.28
14454,0.96,0.29
14455,0.96,0.28
14456,0.95,0.33
14457,0.95,0.29
14458,0.96,0.29
14459,0.96,0.29
14460,0.96,0.28
14461,0.96,0.28
14462,0.96,0.29
14463,1.02,0.28
14464,0.96,0.29
14465,0.96,0.32
14466,0.96,0.28
14467,0.98,0.29
14468,0.91,0.27
14469,0.84,0.27
14470,0.86,0.28
14471,1.02,0.28
14472,0.86,0.3
14473,0.97,0.28
14474,0.97,0.28
14475,0.97,0.34
14476,0.96,0.28
14477,0.97,0.28
14478,1.01,0.3
14479,1.0,0.31
14480,1.0,0.29
14481,1.01,0.3
14482,1.01,0.4
14483,1.01,0.3
14484,1.01,0.3
14485,1.06,0.3
14486,1.01,0.3
14487,1.0,0.3
14488,0.99,0.3
14489,1.01,0.3
14490,1.06,0.3
14491,1.01,0.31
14492,0.99,0.3
14493,0.99,0.29
14494,0.97,0.28
14495,0.95,0.28
14496,0.99,0.28
14497,0.95,0.28
14498,0.96,0.28
14499,0.96,0.28
14500,1.04,0.28
14501,1.08,0.29
14502,1.04,0.28
14503,1.08,0.29
14504,1.06,0.28
14505,1.05,0.37
14506,1.03,0.29
14507,0.99,0.28
14508,1.04,0.28
14509,1.03,0.28
14510,1.08,0.28
14511,1.03,0.29
14512,1.04,0.29
14513,1.07,0.29
14514,1.01,0.29
14515,1.01,0.28
14516,0.97,0.28
14517,0.96,0.34
14518,0.97,0.28
14519,1.01,0.28
14520,0.97,0.29
14521,0.97,0.28
14522,0.97,0.28
14523,0.96,0.28
14524,0.97,0.28
14525,0.97,0.28
14526,0.96,0.28
14527,0.97,0.28
14528,0.97,0.29
14529,1.02,0.28
14530,1.02,0.28
14531,0.96,0.29
14532,0.96,0.3
14533,1.02,0.3
14534,1.03,0.31
14535,1.07,0.3
14536,1.02,0.31
14537,1.02,0.31
14538,1.02,0.3
14539,1.03,0.3
14540,1.02,0.3
14541,1.02,0.3
14542,1.07,0.28
14543,0.97,0.28
14544,1.02,0.28
14545,0.99,0.28
14546,0.97,0.29
14547,1.01,0.28
14548,0.97,0.28
14549,1.02,0.28
14550,0.96,0.28
14551,1.02,0.28
14552,0.97,0.28
14553,0.96,0.28
14554,0.97,0.28
14555,1.01,0.29
14556,1.0,0.29
14557,0.97,0.29
14558,0.96,0.28
14559,1.01,0.28
14560,0.96,0.28
14561,0.96,0.29
14562,0.97,0.28
14563,0.89,0.29
14564,0.97,0.36
14565,0.93,2.19
14566,0.85,0.28
14567,0.85,0.28
14568,0.92,0.28
14569,0.87,0.86
14570,0.96,0.28
14571,0.96,0.28
14572,0.97,0.28
14573,1.01,0.28
14574,0.97,0.33
14575,0.97,0.29
14576,0.97,0.28
14577,0.96,260.61
14578,1.26,0.38
14579,1.02,0.31
14580,1.07,0.44
14581,1.02,0.33
14582,0.97,0.32
14583,0.97,0.32
14584,0.96,0.31
14585,1.06,0.39
14586,0.8,0.21
14587,0.83,0.23
14588,0.8,0.2
14589,0.79,0.21
14590,0.89,0.22
14591,0.82,0.21
14592,0.79,0.21
14593,0.82,0.22
14594,0.79,0.21
14595,0.79,0.22
14596,0.8,0.22
14597,0.85,0.31
14598,0.8,0.21
14599,0.78,0.21
14600,0.9,0.26
14601,0.83,0.27
14602,0.77,0.21
14603,0.77,0.21
14604,0.8,0.21
14605,0.81,0.22
14606,0.82,0.22
14607,0.81,0.22
14608,0.81,0.27
14609,0.78,0.24
14610,0.78,0.26
14611,0.96,0.28
14612,1.35,0.54
14613,0.8,2.08
14614,0.85,0.25
14615,1.32,0.34
14616,0.86,0.26
14617,0.81,0.22
14618,1.08,0.24
14619,1.07,0.23
14620,0.77,0.22
14621,0.88,0.26
14622,0.87,0.21
14623,0.81,0.21
14624,0.84,0.21
14625,0.81,0.21
14626,0.81,0.21
14627,0.83,0.22
14628,0.82,0.21
14629,0.79,0.21
14630,0.89,0.21
14631,0.89,0.21
14632,0.86,0.22
14633,0.85,0.21
14634,0.87,0.21
14635,0.83,0.21
14636,0.84,0.22
14637,0.85,0.22
14638,0.85,0.22
14639,0.85,0.21
14640,0.84,0.22
14641,0.83,0.21
14642,0.85,0.21
14643,0.88,0.22
14644,0.88,0.22
14645,0.84,0.21
14646,0.83,0.22
14647,0.89,0.21
14648,0.86,0.22
14649,0.81,0.22
14650,0.81,0.22
14651,0.83,0.22
14652,0.84,0.22
14653,0.88,0.22
14654,0.83,0.22
14655,0.82,0.25
14656,0.86,0.22
14657,0.82,0.22
14658,0.81,0.22
14659,0.7,0.22
14660,0.69,0.19
14661,0.68,0.23
14662,0.75,0.24
14663,0.72,0.2
14664,0.69,0.2
14665,0.8,0.21
14666,0.8,0.22
14667,0.8,0.22
14668,0.8,0.22
14669,0.81,0.21
14670,0.87,0.22
14671,0.84,0.22
14672,0.83,0.22
14673,0.88,0.22
14674,0.82,0.21
14675,0.83,0.22
14676,0.82,0.21
14677,0.81,0.21
14678,0.82,0.22
14679,0.86,0.22
14680,0.82,0.23
14681,0.83,0.21
14682,0.81,0.22
14683,0.82,0.25
14684,0.83,0.22
14685,0.83,0.21
14686,0.84,0.21
14687,0.83,0.22
14688,0.83,0.22
14689,0.8,0.22
14690,0.82,0.22
14691,0.81,0.21
14692,0.81,0.22
14693,0.8,0.22
14694,0.8,0.21
14695,0.8,0.22
14696,0.81,0.22
14697,0.8,0.22
14698,0.84,0.22
14699,0.79,0.22
14700,0.8,0.22
14701,0.79,0.21
14702,0.79,0.26
14703,0.79,0.22
14704,0.83,0.22
14705,0.8,0.22
14706,0.8,0.22
14707,0.81,0.22
14708,0.79,0.26
14709,0.79,0.22
14710,0.79,0.22
14711,0.82,0.22
14712,0.79,0.22
14713,0.78,0.22
14714,0.79,0.22
14715,0.79,0.22
14716,0.79,0.22
14717,0.79,0.22
14718,0.79,0.22
14719,0.79,0.21
14720,0.84,0.22
14721,0.83,0.24
14722,0.8,0.22
14723,0.79,0.22
14724,0.79,0.22
14725,0.79,0.22
14726,0.8,0.22
14727,0.79,0.21
14728,0.78,0.25
14729,0.79,0.22
14730,0.79,0.22
14731,0.79,0.22
14732,0.78,0.25
14733,0.78,0.25
14734,0.78,0.22
14735,0.81,0.22
14736,0.83,0.21
14737,0.79,0.22
14738,0.79,0.22
14739,0.87,0.22
14740,0.78,0.22
14741,0.79,0.22
14742,0.78,0.22
14743,0.78,0.22
14744,0.78,0.22
14745,0.78,0.22
14746,0.82,0.22
14747,0.82,0.22
14748,0.78,0.21
14749,0.78,0.21
14750,0.79,0.25
14751,0.79,0.21
14752,0.79,0.22
14753,0.78,0.22
14754,0.8,0.22
14755,0.7,0.25
14756,0.79,0.2
14757,0.69,0.23
14758,0.7,0.25
14759,0.84,0.24
14760,0.76,1.36
14761,0.71,0.22
14762,0.78,0.23
14763,0.79,0.22
14764,0.78,0.22
14765,0.78,0.21
14766,0.82,0.21
14767,0.8,0.22
14768,0.79,0.25
14769,0.79,0.22
14770,0.79,0.22
14771,0.79,0.22
14772,0.8,0.21
14773,0.79,0.22
14774,0.8,0.22
14775,0.78,0.22
14776,0.79,0.22
14777,0.79,0.21
14778,0.78,0.22
14779,0.83,0.21
14780,0.82,0.22
14781,0.79,0.27
14782,0.79,0.22
14783,0.79,0.22
14784,0.8,0.22
14785,0.82,0.23
14786,0.83,0.22
14787,0.78,0.24
14788,0.79,0.22
14789,0.78,0.22
14790,0.78,0.27
14791,0.79,0.22
14792,0.79,0.22
14793,0.78,0.22
14794,0.79,0.22
14795,0.78,0.22
14796,0.79,0.28
14797,0.79,0.22
14798,0.79,0.26
14799,0.79,0.22
14800,0.82,0.22
14801,0.78,0.22
14802,0.83,0.22
14803,0.79,0.22
14804,0.79,0.22
14805,0.78,0.22
14806,0.79,0.22
14807,0.79,0.22
14808,0.87,0.22
14809,0.9,0.22
14810,0.9,0.22
14811,0.88,0.22
14812,0.77,0.22
14813,0.83,0.22
14814,0.85,0.22
14815,0.79,0.25
14816,0.79,0.22
14817,0.82,0.22
14818,0.79,0.22
14819,0.78,0.22
14820,0.78,0.25
14821,0.78,0.22
14822,0.81,0.22
14823,0.93,5.37
14824,0.95,0.2
14825,0.78,0.21
14826,0.78,0.22
14827,0.77,0.22
14828,0.8,0.22
14829,0.79,0.22
14830,0.79,0.22
14831,0.79,0.22
14832,0.8,0.22
14833,0.8,0.22
14834,0.79,0.21
14835,0.8,0.22
14836,0.79,0.21
14837,0.79,0.22
14838,0.79,0.25
14839,0.8,0.22
14840,0.83,0.22
14841,0.83,0.21
14842,0.79,0.21
14843,0.77,0.22
14844,0.77,0.22
14845,0.76,0.22
14846,0.76,0.21
14847,0.8,0.22
14848,0.76,0.22
14849,0.76,0.21
14850,0.74,0.21
14851,0.65,0.23
14852,0.65,0.19
14853,0.63,0.23
14854,0.7,0.2
14855,0.68,2.87
14856,0.75,0.21
14857,0.79,0.22
14858,0.76,0.21
14859,0.75,0.22
14860,0.75,0.24
14861,0.76,0.21
14862,0.77,0.22
14863,0.77,0.22
14864,0.83,0.22
14865,0.79,0.21
14866,0.83,0.21
14867,0.81,0.22
14868,0.79,0.22
14869,0.79,0.22
14870,0.78,0.22
14871,0.84,0.22
14872,0.78,0.22
14873,0.8,0.22
14874,0.83,0.22
14875,0.75,0.22
14876,0.76,0.21
14877,0.86,0.22
14878,1.08,0.24
14879,0.81,0.25
14880,0.79,0.22
14881,0.78,0.23
14882,0.78,0.22
14883,0.78,0.22
14884,0.81,0.25
14885,0.78,0.21
14886,0.78,0.22
14887,0.77,0.22
14888,0.77,0.21
14889,0.75,0.21
14890,0.75,0.24
14891,0.78,0.21
14892,0.77,0.21
14893,0.85,0.22
14894,0.82,0.21
14895,0.74,0.21
14896,0.76,0.21
14897,0.76,0.21
14898,0.76,0.21
14899,0.76,0.26
14900,0.73,0.24
14901,0.74,0.21
14902,0.74,0.21
14903,0.71,0.21
14904,0.74,0.22
14905,0.75,0.21
14906,0.73,0.21
14907,0.75,0.21
14908,0.74,0.21
14909,0.75,0.21
14910,0.74,0.21
14911,0.73,0.21
14912,0.74,0.21
14913,0.76,0.21
14914,0.73,0.21
14915,0.73,0.21
14916,0.78,0.22
14917,0.73,0.22
14918,0.72,0.21
14919,0.75,0.22
14920,0.75,0.26
14921,0.74,0.22
14922,0.73,0.23
14923,0.7,0.24
14924,0.7,0.21
14925,0.77,0.21
14926,0.69,0.21
14927,0.69,0.21
14928,0.69,0.21
14929,0.69,0.21
14930,0.75,0.22
14931,0.74,0.21
14932,0.73,0.22
14933,0.74,0.22
14934,0.74,0.21
14935,0.73,0.21
14936,0.77,0.21
14937,0.71,0.23
14938,0.73,0.22
14939,0.72,0.21
14940,0.74,0.21
14941,0.72,0.22
14942,0.69,0.21
14943,0.72,0.21
14944,0.72,0.21
14945,0.73,0.21
14946,0.72,0.22
14947,0.72,0.22
14948,0.62,0.22
14949,0.62,0.39
14950,0.64,0.2
14951,0.67,0.25
14952,0.69,0.21
14953,0.77,0.21
14954,0.75,0.21
14955,0.73,0.22
14956,0.69,0.21
14957,0.73,0.21
14958,0.73,0.22
14959,0.74,0.21
14960,0.8,0.24
14961,0.81,0.21
14962,0.78,0.21
14963,0.82,0.22
14964,0.77,0.21
14965,0.78,0.22
14966,0.78,0.21
14967,0.77,0.22
14968,0.77,0.21
14969,0.78,0.22
14970,0.8,0.22
14971,0.77,0.21
14972,0.77,0.21
14973,0.79,0.22
14974,0.79,0.26
14975,0.78,0.21
14976,0.78,0.21
14977,0.82,0.21
14978,0.78,0.21
14979,0.78,0.25
14980,0.82,0.21
14981,0.97,0.21
14982,0.79,0.24
14983,0.79,0.22
14984,0.79,0.22
14985,0.83,0.22
14986,0.79,0.22
14987,0.79,0.22
14988,0.83,0.23
14989,0.83,0.22
14990,0.79,0.22
14991,0.78,0.22
14992,0.78,0.22
14993,0.78,0.21
14994,0.79,0.22
14995,0.79,0.22
14996,0.78,0.21
14997,0.76,0.22
14998,0.81,0.22
14999,0.7,0.21
15000,0.7,0.21
15001,0.69,0.21
15002,0.7,0.21
15003,0.74,0.25
15004,0.75,0.21
15005,0.73,0.21
15006,0.76,0.21
15007,0.79,0.22
15008,0.75,0.22
15009,0.74,0.22
15010,0.75,0.21
15011,0.74,0.25
15012,0.75,0.22
15013,0.74,0.21
15014,0.75,0.22
15015,0.74,0.21
15016,0.75,0.22
15017,0.74,0.22
15018,0.75,0.21
15019,0.75,0.21
15020,0.77,0.22
15021,0.78,0.22
15022,0.75,0.22
15023,0.8,0.22
15024,0.76,0.21
15025,0.76,0.22
15026,0.75,0.22
15027,0.74,0.22
15028,0.74,0.22
15029,0.75,0.22
15030,0.79,0.22
15031,0.74,0.22
15032,0.73,0.22
15033,0.74,0.22
15034,0.74,0.22
15035,0.74,0.22
15036,0.75,0.22
15037,0.75,0.22
15038,0.75,0.22
15039,0.74,0.22
15040,0.74,0.22
15041,0.75,0.22
15042,0.75,0.22
15043,0.66,0.23
15044,0.66,0.21
15045,0.71,0.26
15046,0.64,0.2
15047,0.64,1.67
15048,0.71,0.22
15049,0.78,0.22
15050,0.75,0.22
15051,0.77,0.22
15052,0.76,0.22
15053,0.75,0.22
15054,0.75,0.22
15055,0.76,0.22
15056,0.75,0.22
15057,0.78,0.22
15058,0.77,0.22
15059,0.76,0.22
15060,0.79,0.25
15061,0.8,0.22
15062,0.79,0.22
15063,0.78,0.22
15064,0.81,0.22
15065,0.79,0.22
15066,0.77,0.22
15067,0.72,1.19
15068,0.76,0.2
15069,1.02,0.37
15070,1.03,0.33
15071,1.03,0.33
15072,1.06,0.33
15073,1.11,0.32
15074,1.06,0.34
15075,1.11,0.31
15076,1.09,0.32
15077,1.09,0.32
15078,1.1,0.33
15079,0.92,0.27
15080,0.91,0.27
15081,0.87,0.27
15082,0.89,0.3
15083,0.9,0.26
15084,0.88,0.33
15085,0.88,0.31
15086,0.85,0.26
15087,0.88,0.27
15088,0.88,0.27
15089,0.92,0.28
15090,0.92,0.28
15091,0.89,0.28
15092,0.93,0.34
15093,0.94,0.28
15094,0.94,0.33
15095,0.93,0.28
15096,0.89,0.28
15097,0.92,0.28
15098,0.92,0.28
15099,0.96,0.34
15100,1.02,0.3
15101,0.93,0.3
15102,1.01,0.3
15103,0.97,0.3
15104,1.03,0.3
15105,1.02,0.3
15106,0.93,0.3
15107,0.97,0.35
15108,1.0,0.31
15109,0.88,0.27
15110,0.88,0.26
15111,0.87,0.31
15112,0.88,0.27
15113,0.96,0.27
15114,0.9,0.27
15115,0.91,0.27
15116,0.9,0.27
15117,0.89,0.27
15118,0.89,0.28
15119,0.93,0.27
15120,0.95,0.27
15121,0.9,0.27
15122,0.89,0.27
15123,0.9,0.27
15124,0.89,0.27
15125,0.89,0.27
15126,0.89,0.27
15127,0.89,0.27
15128,0.96,0.27
15129,0.94,0.27
15130,0.89,0.27
15131,0.89,0.27
15132,0.9,0.28
15133,0.89,0.27
15134,0.92,0.27
15135,0.94,0.27
15136,0.94,0.27
15137,0.9,0.27
15138,0.9,0.27
15139,0.8,0.29
15140,0.79,0.29
15141,0.87,0.25
15142,0.82,30.05
15143,0.78,0.27
15144,0.76,0.27
15145,0.77,0.25
15146,0.9,0.26
15147,1.05,0.33
15148,1.05,0.32
15149,1.05,0.33
15150,1.05,0.32
15151,1.05,0.32
15152,1.04,0.32
15153,1.02,0.3
15154,0.98,0.31
15155,0.98,0.34
15156,1.05,0.31
15157,1.03,0.3
15158,0.99,0.3
15159,1.03,0.31
15160,0.99,0.34
15161,0.98,0.3
15162,0.97,0.28
15163,0.93,0.28
15164,0.94,0.28
15165,0.93,0.28
15166,0.92,0.28
15167,0.93,0.28
15168,0.93,0.28
15169,0.92,0.28
15170,0.92,0.28
15171,0.98,0.28
15172,0.94,0.28
15173,0.94,0.27
15174,0.94,0.27
15175,0.9,0.32
15176,0.89,0.27
15177,0.89,0.27
15178,0.89,0.27
15179,0.89,0.27
15180,0.9,0.27
15181,0.9,0.27
15182,0.9,0.27
15183,0.94,0.3
15184,0.94,0.26
15185,0.89,0.28
15186,0.89,0.27
15187,0.95,0.36
15188,1.27,0.36
15189,1.11,0.32
15190,1.02,0.32
15191,1.08,0.32
15192,1.06,0.49
15193,1.11,0.33
15194,1.07,0.33
15195,1.14,0.33
15196,0.78,0.22
15197,0.8,0.22
15198,0.81,0.22
15199,0.82,0.22
15200,0.75,0.22
15201,0.75,0.22
15202,0.75,0.22
15203,0.74,0.22
15204,0.76,0.22
15205,0.67,0.26
15206,0.75,0.22
15207,0.74,0.22
15208,0.74,0.22
15209,0.75,0.22
15210,0.65,0.23
15211,0.82,0.3
15212,0.8,0.24
15213,0.76,0.22
15214,0.76,0.22
15215,0.82,0.3
15216,0.77,0.22
15217,0.83,0.22
15218,0.73,0.22
15219,0.73,0.22
15220,0.73,0.22
15221,0.73,0.22
15222,0.75,0.22
15223,0.74,0.21
15224,0.72,0.21
15225,0.73,0.26
15226,0.76,0.24
15227,0.77,0.24
15228,2.28,0.26
15229,0.81,0.26
15230,0.83,0.25
15231,0.73,0.3
15232,0.73,0.27
15233,1.02,0.26
15234,0.84,0.26
15235,0.84,0.27
15236,0.96,1.18
15237,0.72,0.31
15238,0.78,0.26
15239,0.93,1.11
15240,0.68,0.24
15241,0.7,0.24
15242,1.03,0.23
15243,0.83,0.23
15244,1.44,0.27
15245,0.72,0.26
15246,0.78,0.24
15247,0.75,0.25
15248,0.93,0.25
15249,0.84,0.29
15250,1.04,0.27
15251,1.47,0.37
15252,1.11,0.4
15253,0.93,0.32
15254,0.74,0.22
15255,0.83,0.33
15256,1.64,0.29
15257,0.92,0.25
15258,0.73,0.22
15259,0.74,0.21
15260,0.77,0.21
15261,0.76,0.22
15262,0.74,0.22
15263,0.75,0.26
15264,0.74,0.22
15265,0.76,0.22
15266,0.75,0.22
15267,0.76,0.22
15268,0.75,0.22
15269,0.75,0.22
15270,0.76,0.22
15271,0.8,0.22
15272,0.8,0.21
15273,0.75,0.22
15274,0.76,0.25
15275,0.76,0.22
15276,0.75,0.22
15277,0.75,0.22
15278,0.72,0.21
15279,0.74,0.21
15280,0.73,0.21
15281,0.76,0.22
15282,0.77,0.22
15283,0.75,0.23
15284,0.81,0.22
15285,0.75,0.22
15286,0.76,0.26
15287,0.75,0.26
15288,0.8,0.22
15289,0.76,0.22
15290,0.76,0.22
15291,0.76,0.22
15292,0.76,0.22
15293,0.77,0.22
15294,0.76,0.22
15295,0.79,0.22
15296,0.79,0.22
15297,0.76,0.25
15298,0.76,0.22
15299,0.79,0.22
15300,0.77,0.23
15301,0.76,0.22
15302,0.76,0.22
15303,0.77,0.21
15304,0.75,0.22
15305,0.76,0.21
15306,0.76,0.21
15307,0.78,0.22
15308,0.8,0.22
15309,0.76,0.22
15310,0.75,0.24
15311,0.76,0.21
15312,0.71,177.95
15313,0.65,0.2
15314,0.76,0.21
15315,0.75,0.22
15316,0.75,0.22
15317,0.75,0.21
15318,0.75,0.21
15319,0.78,0.21
15320,0.75,0.21
15321,0.74,0.21
15322,0.7,0.21
15323,0.73,0.22
15324,0.74,0.23
15325,0.75,0.21
15326,0.74,0.25
15327,0.75,0.21
15328,0.78,0.22
15329,0.76,0.22
15330,0.76,0.22
15331,0.66,0.23
15332,0.75,0.21
15333,0.76,0.22
15334,0.75,0.22
15335,0.76,0.26
15336,0.76,0.22
15337,0.76,0.21
15338,0.76,0.21
15339,0.76,0.22
15340,0.79,0.22
15341,0.76,0.22
15342,0.75,0.22
15343,0.78,0.21
15344,0.75,0.22
15345,0.75,0.22
15346,0.74,0.22
15347,0.74,0.21
15348,0.76,0.22
15349,0.78,0.22
15350,0.75,0.22
15351,0.74,0.22
15352,0.74,0.22
15353,0.74,0.22
15354,0.74,0.22
15355,0.78,0.24
15356,0.74,0.22
15357,0.73,0.21
15358,0.74,0.25
15359,0.74,0.21
15360,0.73,0.22
15361,0.7,0.21
15362,0.7,0.21
15363,0.76,0.21
15364,0.71,0.24
15365,0.74,0.21
15366,0.77,0.22
15367,0.74,0.22
15368,0.74,0.25
15369,0.75,0.22
15370,0.75,0.22
15371,0.75,0.22
15372,0.75,0.23
15373,0.78,0.22
15374,0.74,0.22
15375,0.74,0.22
15376,0.74,0.21
15377,0.76,0.21
15378,0.73,0.21
15379,0.74,0.25
15380,0.75,0.22
15381,0.77,0.21
15382,0.75,0.22
15383,0.74,0.21
15384,0.75,0.27
15385,0.73,0.21
15386,0.78,0.22
15387,0.74,0.22
15388,0.74,0.21
15389,0.76,0.25
15390,0.75,0.21
15391,0.75,0.22
15392,0.75,0.22
15393,0.75,0.21
15394,0.78,0.22
15395,0.78,0.21
15396,0.74,0.23
15397,0.75,0.22
15398,0.75,0.22
15399,0.74,0.22
15400,0.77,0.22
15401,0.75,0.22
15402,0.75,0.22
15403,0.75,0.22
15404,0.74,0.22
15405,0.75,0.22
15406,0.75,0.22
15407,0.75,0.22
15408,0.75,0.22
15409,0.75,0.22
15410,0.75,0.22
15411,0.75,0.22
15412,0.75,0.21
15413,0.75,0.21
15414,0.75,0.22
15415,0.76,0.22
15416,0.74,0.22
15417,0.75,0.22
15418,0.74,0.22
15419,0.75,0.22
15420,0.76,0.22
15421,0.76,0.23
15422,0.74,0.25
15423,0.75,0.22
15424,0.79,0.22
15425,0.78,0.21
15426,0.75,0.22
15427,0.65,0.24
15428,0.75,0.2
15429,0.66,1.12
15430,0.67,0.22
15431,0.64,0.2
15432,0.66,0.25
15433,0.71,0.21
15434,0.75,0.22
15435,0.74,0.22
15436,0.75,0.22
15437,0.78,0.22
15438,0.74,0.22
15439,0.75,0.21
15440,0.74,0.22
15441,0.77,0.21
15442,0.77,0.22
15443,0.74,0.22
15444,0.75,0.22
15445,0.79,0.22
15446,0.73,0.22
15447,0.7,0.21
15448,0.69,0.21
15449,0.7,0.21
15450,0.72,0.25
15451,0.73,0.21
15452,0.77,0.22
15453,0.73,0.22
15454,0.74,0.22
15455,0.8,0.22
15456,0.74,0.28
15457,0.73,0.21
15458,0.8,0.22
15459,0.8,0.22
15460,0.76,0.24
15461,0.76,0.22
15462,0.8,0.22
15463,0.81,0.22
15464,0.77,0.22
15465,0.77,0.22
15466,0.78,0.22
15467,0.77,0.22
15468,0.76,0.22
15469,0.74,0.24
15470,0.74,0.21
15471,0.74,0.21
15472,0.75,0.22
15473,0.77,0.22
15474,0.76,0.22
15475,0.8,0.22
15476,0.76,0.22
15477,0.76,0.22
15478,0.77,0.22
15479,0.76,0.22
15480,0.76,0.22
15481,0.81,0.22
15482,0.78,0.22
15483,0.78,0.22
15484,0.77,0.23
15485,0.78,0.22
15486,0.77,0.25
15487,0.77,0.26
15488,0.81,0.22
15489,0.77,0.22
15490,0.77,0.22
15491,0.78,0.22
15492,0.77,0.22
15493,0.81,0.22
15494,0.76,0.22
15495,0.76,0.22
15496,0.78,0.22
15497,0.75,0.22
15498,0.75,0.22
15499,0.76,0.22
15500,0.76,0.22
15501,0.79,0.22
15502,0.75,0.25
15503,0.74,0.22
15504,0.75,0.22
15505,0.78,0.22
15506,0.75,0.26
15507,0.75,0.22
15508,0.79,0.22
15509,0.79,0.22
15510,0.78,0.22
15511,0.75,0.22
15512,0.76,0.22
15513,0.76,0.22
15514,0.8,0.22
15515,0.75,0.22
15516,0.77,0.25
15517,0.75,0.22
15518,0.84,0.22
15519,0.78,0.22
15520,0.77,0.22
15521,0.76,0.22
15522,0.79,0.22
15523,0.65,0.22
15524,0.68,0.22
15525,0.8,0.23
15526,0.63,0.5
15527,0.67,0.2
15528,0.68,0.24
15529,0.7,0.21
15530,0.77,0.22
15531,0.76,0.22
15532,0.81,0.22
15533,0.85,0.23
15534,0.82,0.22
15535,0.81,0.22
15536,0.85,0.22
15537,0.82,0.22
15538,0.81,0.22
15539,0.81,0.21
15540,0.81,0.22
15541,0.8,0.23
15542,0.84,0.22
15543,0.81,0.22
15544,0.81,0.22
15545,0.8,0.22
15546,0.81,0.22
15547,0.81,0.22
15548,0.85,0.22
15549,0.82,0.22
15550,0.81,0.22
15551,0.81,0.22
15552,0.81,0.22
15553,0.84,0.22
15554,0.84,0.22
15555,0.85,0.25
15556,0.83,0.23
15557,0.72,1.21
15558,0.85,0.21
15559,0.82,0.22
15560,0.8,0.22
15561,0.81,0.22
15562,0.8,0.22
15563,0.81,0.21
15564,0.78,0.22
15565,0.79,0.22
15566,0.82,0.22
15567,0.82,0.21
15568,0.78,0.22
15569,0.79,0.26
15570,0.79,0.22
15571,0.75,0.22
15572,0.75,0.21
15573,0.78,0.22
15574,0.8,0.22
15575,0.77,0.22
15576,0.78,0.21
15577,0.78,0.21
15578,0.74,0.22
15579,0.75,0.21
15580,0.76,0.22
15581,0.76,0.22
15582,0.76,0.22
15583,0.81,0.21
15584,0.81,0.22
15585,0.79,0.23
15586,0.74,0.22
15587,0.75,0.22
15588,0.75,0.22
15589,0.75,0.21
15590,0.75,0.22
15591,0.74,0.21
15592,0.75,0.22
15593,0.75,0.22
15594,0.75,0.21
15595,0.76,0.22
15596,0.76,0.22
15597,0.75,0.22
15598,0.75,0.22
15599,0.75,0.22
15600,0.82,0.21
15601,0.84,0.22
15602,0.87,0.22
15603,0.78,0.21
15604,0.76,0.22
15605,0.86,0.22
15606,0.86,0.22
15607,0.78,0.22
15608,0.77,0.22
15609,0.77,0.26
15610,0.76,0.22
15611,0.76,0.21
15612,0.75,0.21
15613,0.71,0.21
15614,0.71,0.21
15615,0.72,0.24
15616,0.75,0.21
15617,0.71,0.21
15618,0.72,0.21
15619,0.64,0.24
15620,0.66,0.22
15621,0.7,0.22
15622,0.67,0.2
15623,0.66,0.22
15624,0.62,0.22
15625,0.72,0.21
15626,0.79,0.22
15627,0.77,0.22
15628,0.76,0.23
15629,0.79,0.21
15630,0.77,0.22
15631,0.78,0.22
15632,0.79,0.22
15633,0.81,0.22
15634,0.81,0.22
15635,0.86,0.22
15636,0.85,0.22
15637,0.81,0.21
15638,0.81,0.22
15639,0.8,0.22
15640,0.85,0.22
15641,0.81,0.22
15642,0.81,0.22
15643,0.81,0.22
15644,0.79,0.22
15645,0.81,0.22
15646,0.81,0.22
15647,0.81,0.22
15648,0.81,0.21
15649,0.84,0.22
15650,0.83,0.22
15651,0.79,0.21
15652,0.84,0.22
15653,0.84,0.25
15654,0.83,0.22
15655,0.82,0.25
15656,0.81,0.22
15657,0.86,0.22
15658,0.83,0.22
15659,0.92,0.22
15660,0.93,0.22
15661,0.83,0.22
15662,0.8,0.22
15663,0.83,0.22
15664,0.82,0.22
15665,0.8,0.22
15666,0.8,0.22
15667,0.8,0.22
15668,0.8,0.22
15669,0.81,0.22
15670,0.81,0.22
15671,0.85,0.22
15672,0.81,0.22
15673,0.81,0.22
15674,0.84,0.22
15675,0.82,0.22
15676,0.82,0.22
15677,0.81,0.22
15678,0.81,0.21
15679,0.81,0.22
15680,0.85,0.22
15681,0.8,0.21
15682,0.8,0.22
15683,0.82,0.22
15684,0.82,0.22
15685,1.07,0.32
15686,1.05,0.3
15687,1.03,0.3
15688,1.1,0.36
15689,1.04,0.3
15690,1.04,0.3
15691,1.04,0.31
15692,1.04,0.3
15693,1.08,0.3
15694,1.04,0.32
15695,1.04,0.28
15696,1.0,0.33
15697,1.05,0.29
15698,1.0,0.28
15699,0.99,0.3
15700,1.05,0.29
15701,0.97,0.29
15702,1.01,0.29
15703,0.97,0.33
15704,1.0,0.29
15705,0.99,0.29
15706,0.97,0.29
15707,0.98,0.29
15708,0.98,0.34
15709,0.95,0.29
15710,0.96,0.29
15711,0.95,0.29
15712,0.94,0.28
15713,0.93,0.29
15714,0.92,0.29
15715,0.87,0.3
15716,0.91,0.31
15717,0.87,0.3
15718,0.87,0.27
15719,0.86,0.3
15720,0.84,0.27
15721,0.96,0.32
15722,0.95,0.29
15723,0.95,0.29
15724,0.97,0.29
15725,0.99,0.28
15726,0.99,0.29
15727,0.99,0.28
15728,0.98,0.34
15729,0.97,0.28
15730,0.98,0.28
15731,0.98,0.28
15732,0.98,0.29
15733,0.97,0.28
15734,0.98,0.29
15735,0.99,0.29
15736,0.99,0.28
15737,0.98,0.28
15738,0.98,0.29
15739,0.98,0.29
15740,0.98,0.29
15741,0.98,0.29
15742,0.95,0.29
15743,0.99,0.29
15744,0.98,0.29
15745,1.03,0.29
15746,1.03,0.29
15747,0.96,0.32
15748,1.03,0.29
15749,0.99,0.29
15750,1.02,0.28
15751,0.99,0.28
15752,1.02,0.29
15753,0.95,0.32
15754,1.04,0.29
15755,0.98,0.29
15756,1.02,0.28
15757,0.98,0.28
15758,1.0,0.3
15759,1.04,0.35
15760,1.01,0.29
15761,1.0,0.31
15762,0.99,0.3
15763,0.98,0.3
15764,0.98,0.29
15765,0.99,0.3
15766,0.97,0.29
15767,0.88,0.3
15768,0.88,0.3
15769,0.98,0.29
15770,0.99,0.42
15771,1.1,0.34
15772,1.1,0.32
15773,1.09,0.34
15774,1.17,0.34
15775,1.1,0.32
15776,1.14,0.33
15777,1.09,0.33
15778,1.09,0.33
15779,1.15,0.34
15780,0.98,0.29
15781,1.05,0.29
15782,0.99,0.29
15783,1.03,0.3
15784,1.03,0.34
15785,1.02,0.29
15786,1.0,0.3
15787,1.0,0.29
15788,0.99,0.3
15789,0.99,0.29
15790,0.99,0.29
15791,1.04,0.29
15792,1.03,0.29
15793,0.99,0.29
15794,0.99,0.3
15795,0.98,0.29
15796,0.99,0.33
15797,0.99,0.29
15798,0.98,0.33
15799,0.99,0.29
15800,1.04,0.29
15801,1.0,0.29
15802,1.02,189.37
15803,1.18,0.37
15804,1.26,0.35
15805,1.2,0.36
15806,1.19,0.35
15807,1.19,0.35
15808,1.24,0.35
15809,1.18,0.36
15810,1.2,0.36
15811,0.86,0.28
15812,0.85,0.26
15813,0.84,0.27
15814,0.94,0.26
15815,0.84,0.62
15816,0.87,0.26
15817,0.95,0.26
15818,1.0,0.27
15819,0.99,0.27
15820,0.96,0.27
15821,1.01,0.27
15822,0.95,0.27
15823,0.95,0.27
15824,0.99,0.29
15825,0.99,0.28
15826,0.99,0.34
15827,0.98,0.29
15828,0.96,0.28
15829,1.04,0.28
15830,1.0,0.29
15831,0.99,0.28
15832,1.04,0.28
15833,0.99,0.29
15834,1.0,0.29
15835,0.95,0.27
15836,0.95,0.27
15837,0.95,0.27
15838,0.95,0.27
15839,0.95,0.27
15840,0.99,0.27
15841,1.0,0.27
15842,0.95,0.27
15843,0.96,0.32
15844,0.96,0.28
15845,0.95,0.28
15846,0.99,0.29
15847,0.99,0.28
15848,1.04,0.28
15849,0.98,0.28
15850,1.0,0.3
15851,1.03,0.32
15852,0.99,0.28
15853,1.04,0.28
15854,0.99,0.29
15855,1.04,0.29
15856,1.0,0.28
15857,1.05,0.28
15858,1.03,0.29
15859,0.99,0.29
15860,1.03,0.29
15861,0.99,0.28
15862,1.04,0.29
15863,1.06,0.28
15864,0.99,0.29
15865,1.04,0.28
15866,1.0,0.29
15867,1.01,0.29
15868,1.0,0.28
15869,1.02,0.29
15870,0.98,0.29
15871,0.97,0.33
15872,0.97,0.28
15873,0.95,0.32
15874,0.96,0.29
15875,0.96,0.28
15876,0.93,0.28
15877,0.88,0.27
15878,0.88,0.27
15879,0.89,0.27
15880,0.88,0.27
15881,0.94,0.27
15882,0.88,0.27
15883,0.87,0.27
15884,0.92,0.27
15885,0.91,0.27
15886,0.88,0.29
15887,0.98,0.27
15888,0.92,0.28
15889,0.97,0.33
15890,0.92,0.28
15891,0.92,0.28
15892,0.92,0.29
15893,0.93,0.29
15894,0.92,0.28
15895,0.92,0.28
15896,0.92,0.28
15897,0.92,0.28
15898,0.93,0.28
15899,0.92,0.28
15900,0.93,0.28
15901,0.92,0.28
15902,0.93,0.28
15903,0.92,0.28
15904,0.93,0.28
15905,0.93,0.29
15906,0.92,0.28
15907,0.82,0.29
15908,0.9,0.27
15909,0.82,0.25
15910,0.8,0.27
15911,0.82,0.3
15912,0.88,0.27
15913,0.82,0.28
15914,0.89,0.26
15915,0.89,0.27
15916,0.86,0.29
15917,0.94,0.27
15918,0.92,0.27
15919,0.89,0.27
15920,0.88,0.27
15921,0.89,0.27
15922,0.89,0.28
15923,0.93,0.32
15924,0.97,0.27
15925,0.96,0.27
15926,1.01,0.27
15927,1.0,0.27
15928,0.95,0.27
15929,0.94,0.27
15930,0.95,0.27
15931,0.94,0.27
15932,0.95,0.26
15933,0.95,0.32
15934,0.94,0.31
15935,0.95,0.28
15936,0.99,0.27
15937,0.98,0.27
15938,0.95,0.27
15939,0.94,0.27
15940,0.97,0.27
15941,0.94,0.27
15942,0.94,0.32
15943,0.94,0.28
15944,1.05,0.27
15945,0.99,0.27
15946,0.98,0.27
15947,0.96,0.27
15948,1.18,0.35
15949,1.23,0.35
15950,1.24,0.4
15951,1.19,0.35
15952,1.2,0.36
15953,1.15,0.36
15954,1.14,0.4
15955,1.12,0.36
15956,0.93,0.29
15957,0.98,0.28
15958,0.98,0.29
15959,0.95,0.28
15960,0.94,0.29
15961,0.95,0.29
15962,0.94,0.28
15963,0.94,0.29
15964,0.98,0.3
15965,0.94,0.29
15966,0.93,0.29
15967,0.93,0.27
15968,0.9,0.27
15969,0.9,0.27
15970,0.9,0.32
15971,0.9,0.27
15972,0.94,0.27
15973,0.94,0.27
15974,0.94,0.27
15975,0.9,0.27
15976,0.9,0.27
15977,0.9,0.27
15978,0.91,0.27
15979,0.9,0.27
15980,0.9,0.28
15981,0.91,0.27
15982,0.9,0.28
15983,0.94,0.27
15984,0.94,0.27
15985,0.89,0.27
15986,0.9,0.27
15987,0.9,0.3
15988,0.91,0.27
15989,0.9,0.28
15990,0.91,0.33
15991,0.88,0.27
15992,0.91,0.28
15993,0.9,0.27
15994,0.9,0.27
15995,0.93,0.27
15996,0.94,0.27
15997,0.93,0.27
15998,0.91,0.27
15999,0.91,0.27
16000,0.92,0.27
16001,0.91,0.27
16002,0.9,0.28
16003,0.92,0.27
16004,0.8,0.42
16005,0.8,0.27
16006,0.85,0.28
16007,0.83,1.16
16008,0.81,0.33
16009,0.85,0.28
16010,0.88,1.5
16011,0.9,0.27
16012,0.91,0.27
16013,0.94,0.27
16014,0.94,0.28
16015,0.9,0.27
16016,0.89,0.27
16017,0.89,0.27
16018,0.89,0.27
16019,0.88,0.27
16020,0.88,0.27
16021,0.89,0.27
16022,0.89,0.27
16023,0.89,0.32
16024,0.9,0.28
16025,0.88,0.27
16026,0.95,0.27
16027,0.96,0.27
16028,0.91,0.27
16029,0.91,0.27
16030,0.96,0.28
16031,0.95,0.27
16032,0.95,0.27
16033,0.95,0.27
16034,0.96,0.27
16035,0.95,0.28
16036,0.97,0.27
16037,0.99,0.28
16038,1.01,0.27
16039,0.96,0.27
16040,0.95,0.27
16041,0.95,0.28
16042,0.95,0.27
16043,0.95,0.32
16044,0.95,0.28
16045,0.95,0.28
16046,0.99,0.28
16047,0.99,275.05
16048,1.2,0.44
16049,1.36,0.38
16050,1.38,0.39
16051,1.38,0.38
16052,1.16,0.32
16053,1.16,0.32
16054,1.15,0.32
16055,1.11,0.33
16056,1.11,0.32
16057,1.11,0.32
16058,1.1,0.36
16059,1.1,0.33
16060,1.11,0.32
16061,1.0,0.28
16062,1.0,0.28
16063,0.99,0.29
16064,0.98,0.28
16065,1.04,0.29
16066,1.03,0.28
16067,0.99,0.28
16068,0.98,0.29
16069,0.99,0.29
16070,1.0,0.29
16071,1.03,0.28
16072,0.99,0.29
16073,0.99,0.29
16074,0.99,0.28
16075,1.01,0.29
16076,1.04,0.28
16077,1.0,0.29
16078,1.0,0.28
16079,1.0,0.28
16080,1.0,0.28
16081,1.01,0.28
16082,0.99,0.28
16083,1.05,0.28
16084,1.02,0.28
16085,1.0,0.29
16086,0.99,0.34
16087,0.99,0.29
16088,1.05,0.29
16089,1.06,0.3
16090,1.01,0.33
16091,1.0,0.29
16092,0.97,0.29
16093,0.98,0.3
16094,0.97,0.28
16095,0.9,0.26
16096,0.86,0.27
16097,0.86,0.27
16098,0.93,0.27
16099,0.8,0.27
16100,0.81,0.3
16101,0.84,0.26
16102,0.8,0.26
16103,0.78,0.29
16104,0.85,0.26
16105,0.85,0.56
16106,0.92,0.27
16107,0.94,0.29
16108,0.99,0.29
16109,0.92,0.29
16110,0.95,0.29
16111,0.92,0.28
16112,0.93,0.33
16113,0.92,0.29
16114,0.98,0.28
16115,0.93,0.29
16116,0.95,0.29
16117,1.01,0.34
16118,1.01,0.33
16119,1.05,0.29
16120,1.04,0.28
16121,1.0,0.29
16122,1.0,0.29
16123,1.01,0.29
16124,1.0,0.34
16125,1.0,0.3
16126,0.99,0.29
16127,1.04,0.28
16128,1.11,0.3
16129,1.06,0.3
16130,1.1,0.3
16131,1.05,0.3
16132,1.11,0.33
16133,1.1,0.32
16134,1.17,0.32
16135,1.1,0.32
16136,1.17,0.33
16137,1.11,0.32
16138,1.04,0.3
16139,1.04,0.3
16140,1.04,0.3
16141,1.09,0.3
16142,1.08,0.3
16143,1.04,0.3
16144,1.17,0.31
16145,1.05,0.3
16146,1.09,0.34
16147,1.09,0.3
16148,1.05,0.3
16149,1.11,0.32
16150,1.11,0.32
16151,1.11,0.32
16152,1.16,0.32
16153,1.11,0.33
16154,1.11,0.38
16155,1.11,0.33
16156,1.05,0.29
16157,1.04,0.35
16158,1.05,0.31
16159,1.05,0.35
16160,1.04,0.31
16161,1.09,0.3
16162,1.05,0.31
16163,1.09,0.3
16164,1.04,0.31
16165,1.09,0.31
16166,1.05,0.34
16167,0.98,0.29
16168,0.98,0.29
16169,0.99,0.29
16170,0.99,0.28
16171,0.99,0.28
16172,0.99,0.28
16173,1.0,0.29
16174,1.0,0.28
16175,1.02,0.28
16176,1.03,0.29
16177,0.96,0.33
16178,0.96,0.29
16179,0.96,0.29
16180,0.96,0.29
16181,0.95,0.29
16182,0.96,0.29
16183,0.96,0.28
16184,0.96,0.28
16185,0.95,0.28
16186,0.95,0.28
16187,1.0,0.28
16188,0.93,0.31
16189,0.98,0.28
16190,0.98,0.29
16191,0.94,0.29
16192,1.0,0.28
16193,0.96,0.29
16194,0.95,0.3
16195,0.94,0.28
16196,0.92,0.44
16197,0.84,0.29
16198,0.85,0.28
16199,0.92,0.28
16200,0.87,0.83
16201,0.94,0.27
16202,0.99,0.28
16203,0.98,0.3
16204,0.97,0.3
16205,0.96,0.27
16206,0.97,0.28
16207,0.98,0.28
16208,0.97,0.28
16209,0.98,0.28
16210,0.94,0.28
16211,0.95,0.28
16212,0.95,0.31
16213,0.96,0.29
16214,0.88,0.3
16215,0.95,0.32
16216,0.95,0.28
16217,0.94,0.32
16218,0.92,0.27
16219,0.91,0.27
16220,0.95,0.27
16221,0.94,0.27
16222,1.01,0.27
16223,0.95,0.27
16224,0.99,0.27
16225,1.01,0.28
16226,0.95,0.28
16227,0.96,0.27
16228,1.0,0.29
16229,1.04,0.29
16230,1.0,0.28
16231,0.99,0.29
16232,0.99,0.29
16233,0.99,0.3
16234,1.0,0.29
16235,0.99,0.29
16236,0.99,0.29
16237,0.99,0.34
16238,0.95,0.29
16239,0.99,0.28
16240,0.99,0.29
16241,0.98,0.29
16242,0.99,0.29
16243,0.97,0.28
16244,0.99,0.29
16245,0.98,0.28
16246,1.03,0.33
16247,0.99,0.28
16248,0.95,0.28
16249,1.04,0.29
16250,1.01,0.29
16251,1.02,0.28
16252,1.04,0.3
16253,0.98,0.28
16254,1.0,0.29
16255,1.01,0.29
16256,1.01,0.29
16257,1.01,0.29
16258,0.98,0.28
16259,1.02,0.29
16260,1.01,0.29
16261,1.01,0.29
16262,1.06,0.29
16263,0.97,0.29
16264,0.97,0.29
16265,1.05,0.29
16266,0.97,0.34
16267,0.97,0.29
16268,0.92,0.29
16269,0.98,0.41
16270,0.97,0.27
16271,0.96,0.27
16272,0.96,0.28
16273,0.93,0.26
16274,0.94,0.27
16275,0.95,0.27
16276,0.96,0.28
16277,0.98,0.27
16278,1.04,0.27
16279,0.95,0.27
16280,1.01,0.29
16281,0.96,0.29
16282,0.96,0.29
16283,0.96,0.29
16284,0.96,0.29
16285,0.97,0.29
16286,0.97,0.29
16287,0.97,0.29
16288,1.03,0.33
16289,0.98,0.28
16290,0.97,0.28
16291,0.92,0.34
16292,1.01,210.5
16293,1.28,0.38
16294,1.29,0.43
16295,1.36,0.39
16296,1.21,35.9
16297,1.36,0.39
16298,0.92,0.3
16299,1.1,0.29
16300,1.08,0.31
16301,1.04,0.3
16302,1.08,0.3
16303,0.99,0.44
16304,1.05,0.3
16305,1.04,0.3
16306,1.12,0.3
16307,1.07,0.31
16308,1.16,0.32
16309,1.15,0.38
16310,1.14,0.32
16311,1.15,0.4
16312,1.14,0.33
16313,1.14,0.33
16314,1.14,0.33
16315,1.19,0.33
16316,1.03,0.29
16317,1.03,0.29
16318,1.03,0.29
16319,1.03,0.34
16320,1.03,0.29
16321,1.02,0.28
16322,1.08,0.29
16323,1.03,0.28
16324,1.09,0.29
16325,1.03,0.29
16326,1.07,0.29
16327,1.02,0.27
16328,0.98,0.29
16329,0.99,0.28
16330,0.98,0.27
16331,0.98,0.27
16332,0.98,0.28
16333,0.98,0.27
16334,1.03,0.27
16335,1.03,0.27
16336,0.98,0.28
16337,1.02,0.33
16338,1.02,0.28
16339,1.02,0.29
16340,1.02,0.29
16341,1.03,0.29
16342,1.08,0.29
16343,1.02,0.33
16344,1.07,0.3
16345,1.06,0.29
16346,1.03,0.29
16347,1.08,0.29
16348,1.03,0.29
16349,1.08,0.28
16350,1.02,0.29
16351,1.03,0.29
16352,1.03,0.29
16353,1.02,0.29
16354,1.02,0.29
16355,1.02,0.34
16356,1.02,0.29
16357,1.06,0.29
16358,1.06,0.29
16359,1.02,0.29
16360,1.02,0.3
16361,1.06,0.29
16362,1.03,0.35
16363,1.04,0.31
16364,1.02,2.73
16365,1.08,0.29
16366,1.02,0.29
16367,1.03,0.28
16368,1.02,0.29
16369,1.03,0.33
16370,0.99,0.28
16371,0.99,0.28
16372,1.04,0.27
16373,0.99,0.27
16374,0.99,0.27
16375,0.99,0.27
16376,0.99,0.28
16377,0.99,0.28
16378,0.98,0.28
16379,0.99,0.28
16380,1.04,0.28
16381,1.04,0.28
16382,1.03,0.29
16383,0.96,0.28
16384,0.99,0.33
16385,0.98,0.28
16386,1.05,0.28
16387,0.99,0.32
16388,1.04,1.89
16389,0.94,0.3
16390,0.98,0.3
16391,0.98,0.27
16392,0.94,0.28
16393,1.02,0.3
16394,1.0,0.31
16395,1.03,0.33
16396,1.06,0.29
16397,1.03,0.29
16398,1.03,0.3
16399,1.02,0.3
16400,1.02,2.66
16401,1.08,0.28
16402,1.02,0.29
16403,1.02,0.29
16404,1.0,0.28
16405,0.97,0.33
16406,0.96,0.28
16407,0.97,0.28
16408,1.07,0.3
16409,1.01,0.27
16410,1.01,0.28
16411,0.98,0.28
16412,0.97,0.28
16413,0.98,0.28
16414,0.98,0.28
16415,0.97,0.28
16416,0.98,0.31
16417,1.01,0.33
16418,1.05,0.3
16419,1.07,0.29
16420,1.02,0.29
16421,1.01,0.29
16422,1.0,0.29
16423,1.02,0.31
16424,1.02,1.91
16425,1.01,0.29
16426,1.08,0.29
16427,1.06,0.29
16428,1.0,0.29
16429,0.95,0.28
16430,0.95,0.28
16431,0.95,0.28
16432,0.96,0.29
16433,0.94,0.27
16434,0.95,0.33
16435,0.95,0.28
16436,0.96,0.28
16437,0.97,0.28
16438,0.97,0.28
16439,0.84,0.29
16440,0.9,0.34
16441,0.9,0.3
16442,0.99,0.29
16443,0.96,0.29
16444,1.15,0.29
16445,1.15,0.49
16446,1.13,0.31
16447,1.13,0.29
16448,1.13,0.29
16449,1.13,0.3
16450,1.13,0.29
16451,1.12,0.29
16452,1.16,0.35
16453,1.18,0.28
16454,1.16,0.29
16455,1.13,0.29
16456,1.1,0.29
16457,0.91,0.28
16458,1.16,0.3
16459,1.13,0.29
16460,1.13,0.3
16461,1.13,0.28
16462,1.08,0.27
16463,1.03,0.28
16464,1.09,0.28
16465,1.08,0.27
16466,1.03,0.29
16467,1.02,0.29
16468,0.87,0.5
16469,0.88,0.33
16470,0.97,0.31
16471,1.04,0.3
16472,1.03,0.31
16473,1.02,0.3
16474,1.04,0.32
16475,1.04,0.33
16476,1.04,0.33
16477,1.04,0.32
16478,1.03,0.32
16479,1.03,0.33
16480,1.04,0.3
16481,1.07,0.3
16482,1.02,0.3
16483,0.97,0.31
16484,0.99,0.3
16485,1.22,3.03
16486,1.09,0.29
16487,1.08,0.35
16488,1.09,0.31
16489,1.08,0.31
16490,1.08,0.3
16491,1.08,0.32
16492,1.14,0.56
16493,1.08,0.55
16494,1.13,0.3
16495,1.07,0.31
16496,1.08,2.14
16497,1.32,4.19
16498,1.28,1.83
16499,1.32,2.0
16500,1.09,2.22
16501,1.09,2.91
16502,1.09,0.38
16503,1.09,0.5
16504,0.99,0.3
16505,0.98,0.44
16506,0.99,0.44
16507,0.99,0.44
16508,1.0,0.31
16509,1.01,0.27
16510,0.96,0.27
16511,0.95,0.34
16512,0.97,0.3
16513,0.93,0.43
16514,0.97,0.46
16515,0.97,0.45
16516,0.93,2.5
16517,0.93,0.28
16518,0.94,0.28
16519,0.94,0.28
16520,0.95,0.46
16521,0.95,0.45
16522,0.99,0.44
16523,0.96,0.45
16524,0.98,0.46
16525,1.0,0.28
16526,0.95,0.45
16527,0.98,0.44
16528,0.95,0.32
16529,0.94,0.45
16530,0.95,0.46
16531,0.95,0.48
16532,0.95,4.38
16533,0.95,0.29
16534,0.94,0.28
16535,0.95,0.45
16536,0.94,0.35
16537,0.95,0.28
16538,1.15,5.7
16539,1.31,2.77
16540,1.27,0.51
16541,1.05,0.56
16542,1.06,2.2
16543,1.1,0.49
16544,1.06,0.44
16545,1.09,0.52
16546,1.12,0.32
16547,1.06,0.52
16548,1.05,0.51
16549,1.05,0.4
16550,0.92,0.46
16551,0.98,0.27
16552,0.94,0.44
16553,0.94,0.45
16554,0.98,0.28
16555,0.99,0.28
16556,0.94,0.28
16557,0.99,0.3
16558,0.98,0.28
16559,0.93,0.54
16560,0.93,0.28
16561,0.93,0.33
16562,0.93,0.28
16563,1.0,0.28
16564,0.93,0.44
16565,0.98,0.28
16566,0.93,0.33
16567,0.94,0.44
16568,0.93,0.28
16569,0.94,0.28
16570,0.94,0.28
16571,0.94,0.49
16572,0.95,0.28
16573,0.93,0.29
16574,0.94,0.28
16575,0.95,0.46
16576,0.94,0.32
16577,0.93,0.28
16578,0.94,0.29
16579,0.9,0.29
16580,1.06,1.49
16581,0.9,0.29
16582,0.92,0.28
16583,1.05,0.26
16584,0.96,0.28
16585,0.93,0.27
16586,0.97,0.28
16587,0.93,0.35
16588,0.98,0.28
16589,0.96,0.31
16590,0.94,0.29
16591,1.12,2.94
16592,1.13,2.29
16593,1.23,2.61
16594,1.19,0.34
16595,1.18,0.44
16596,1.22,0.59
16597,1.23,2.54
16598,1.16,2.53
16599,1.16,2.76
16600,1.16,0.27
16601,0.95,0.3
16602,0.93,0.27
16603,0.92,0.26
16604,0.92,0.27
16605,0.93,0.27
16606,0.93,0.27
16607,0.92,0.3
16608,0.95,0.27
16609,0.9,0.27
16610,0.91,0.27
16611,0.99,0.45
16612,0.93,0.28
16613,0.93,0.28
16614,0.94,0.28
16615,0.9,0.3
16616,0.91,0.27
16617,0.92,0.28
16618,0.93,0.27
16619,0.93,0.44
16620,0.92,0.28
16621,0.93,0.28
16622,0.93,0.28
16623,0.93,0.31
16624,0.93,0.28
16625,0.93,0.28
16626,0.93,0.28
16627,0.94,0.45
16628,0.93,0.28
16629,0.93,0.29
16630,0.93,0.28
16631,0.93,0.31
16632,0.94,0.28
16633,0.93,0.28
16634,0.94,0.28
16635,0.94,0.36
16636,0.93,0.28
16637,0.93,0.52
16638,0.97,0.27
16639,0.93,0.31
16640,0.93,0.28
16641,0.98,0.44
16642,1.02,0.28
16643,0.97,0.46
16644,0.93,0.47
16645,0.93,0.28
16646,0.93,0.44
16647,0.94,0.31
16648,0.93,0.28
16649,0.93,0.28
16650,0.99,0.3
16651,0.97,0.53
16652,0.97,0.29
16653,0.98,0.31
16654,1.04,0.3
16655,1.04,0.53
16656,1.11,0.31
16657,1.1,0.4
16658,1.11,0.4
16659,1.04,0.52
16660,1.04,0.52
16661,1.04,0.57
16662,1.04,0.33
16663,1.04,0.4
16664,1.03,0.35
16665,0.94,0.26
16666,0.93,0.27
16667,0.9,0.27
16668,0.91,0.27
16669,0.94,0.27
16670,0.96,0.27
16671,0.93,0.3
16672,0.93,0.31
16673,0.97,0.27
16674,0.96,0.29
16675,0.91,0.3
16676,1.1,0.37
16677,0.96,0.36
16678,1.03,0.45
16679,1.11,0.29
16680,1.09,0.28
16681,1.05,0.29
16682,1.11,0.28
16683,1.03,0.45
16684,1.02,0.29
16685,1.07,0.29
16686,1.02,0.29
16687,1.08,0.36
16688,1.01,0.28
16689,0.98,0.28
16690,0.98,0.29
16691,0.98,0.27
16692,1.06,0.28
16693,1.02,0.5
16694,1.11,0.28
16695,1.03,0.29
16696,1.05,0.28
16697,1.02,0.29
16698,1.01,0.29
16699,1.01,0.49
16700,1.01,0.28
16701,1.14,0.3
16702,1.06,0.49
16703,1.06,0.51
16704,1.06,0.48
16705,1.06,0.47
16706,1.12,0.49
16707,1.08,0.49
16708,1.08,2.92
16709,1.08,2.52
16710,1.14,2.58
16711,1.09,2.67
16712,1.12,0.47
16713,1.0,0.27
16714,1.02,0.27
16715,1.0,0.48
16716,1.0,0.47
16717,1.01,0.43
16718,1.0,0.44
16719,1.05,0.44
16720,1.0,0.42
16721,1.04,0.27
16722,1.08,0.27
16723,1.01,0.43
16724,0.96,0.27
16725,0.94,0.29
16726,0.94,0.27
16727,0.94,0.44
16728,0.91,0.31
16729,0.9,0.28
16730,1.01,0.27
16731,1.0,0.44
16732,1.04,0.44
16733,0.96,0.27
16734,0.96,0.27
16735,0.96,0.34
16736,0.97,0.27
16737,1.0,0.28
16738,1.09,0.46
16739,1.05,0.47
16740,1.04,0.44
16741,1.05,0.47
16742,1.06,0.55
16743,1.05,2.45
16744,1.05,0.45
16745,1.1,0.46
16746,1.08,0.45
16747,1.04,0.48
16748,0.96,0.26
16749,1.02,0.27
16750,0.97,0.47
16751,0.95,0.45
16752,0.97,0.27
16753,0.99,0.27
16754,1.0,0.27
16755,0.96,0.34
16756,0.99,0.27
16757,0.91,0.27
16758,0.94,0.27
16759,0.92,0.3
16760,0.98,0.28
16761,1.0,0.28
16762,0.96,0.28
16763,0.97,0.46
16764,0.96,0.28
16765,0.95,0.32
16766,0.96,0.45
16767,1.02,0.46
16768,0.98,0.27
16769,0.98,0.28
16770,0.97,0.28
16771,0.89,0.3
16772,1.15,1.1
16773,0.96,0.28
16774,0.96,0.26
16775,0.9,0.85
16776,1.03,0.29
16777,0.96,0.28
16778,1.09,0.25
16779,1.03,0.45
16780,1.02,0.27
16781,0.98,0.27
16782,0.99,151.15
16783,1.23,0.39
16784,1.24,0.41
16785,1.36,0.38
16786,1.34,0.53
16787,1.36,0.47
16788,1.34,0.38
16789,1.34,0.64
16790,1.01,0.27
16791,1.0,2.16
16792,1.01,2.11
16793,1.05,0.45
16794,1.05,0.45
16795,1.05,0.45
16796,1.02,0.45
16797,1.02,0.28
16798,1.02,0.48
16799,1.01,0.27
16800,1.01,0.45
16801,1.05,0.43
16802,0.98,0.3
16803,0.97,0.43
16804,0.97,0.43
16805,0.96,0.29
16806,0.97,0.43
16807,0.97,0.42
16808,0.96,0.46
16809,0.98,0.43
16810,0.97,0.44
16811,0.96,0.29
16812,1.02,0.43
16813,1.0,0.46
16814,1.02,2.14
16815,1.03,0.44
16816,1.02,0.46
16817,1.04,0.5
16818,1.02,2.87
16819,1.02,0.44
16820,1.07,0.45
16821,1.07,0.28
16822,1.01,0.31
16823,1.02,0.46
16824,1.01,2.56
16825,1.03,0.41
16826,1.02,0.3
16827,0.98,0.43
16828,0.98,0.44
16829,0.98,0.3
16830,0.98,0.3
16831,1.14,0.38
16832,1.13,0.32
16833,1.14,0.36
16834,1.14,0.37
16835,1.13,0.32
16836,1.11,0.31
16837,1.15,0.32
16838,1.15,0.32
16839,1.15,0.32
16840,1.15,0.32
16841,1.15,0.32
16842,1.09,0.3
16843,1.14,0.3
16844,1.07,0.34
16845,1.08,0.3
16846,1.08,0.3
16847,1.08,0.3
16848,1.14,0.3
16849,1.14,0.3
16850,1.13,0.3
16851,1.08,0.3
16852,1.09,0.3
16853,1.09,0.3
16854,1.13,0.3
16855,1.21,0.32
16856,1.16,0.37
16857,1.15,0.32
16858,1.21,0.32
16859,1.22,0.32
16860,1.15,0.37
16861,1.2,0.32
16862,1.2,0.32
16863,1.21,0.32
16864,1.2,0.32
16865,1.13,0.3
16866,1.08,0.3
16867,1.02,0.33
16868,1.1,0.3
16869,1.27,3.04
16870,1.08,0.29
16871,1.13,0.47
16872,1.11,0.29
16873,1.07,0.48
16874,1.08,0.3
16875,1.08,0.49
16876,1.07,0.47
16877,1.07,0.3
16878,1.07,0.49
16879,1.07,0.29
16880,1.07,0.3
16881,1.08,0.46
16882,1.03,0.44
16883,1.03,0.28
16884,1.07,0.46
16885,1.03,0.28
16886,1.07,0.45
16887,1.01,0.28
16888,1.02,0.28
16889,1.06,0.28
16890,1.01,0.47
16891,1.06,0.28
16892,1.07,0.28
16893,1.04,0.28
16894,1.07,0.34
16895,1.04,0.28
16896,1.07,0.46
16897,1.03,0.28
16898,1.05,0.45
16899,1.03,0.46
16900,1.03,0.33
16901,1.03,0.28
16902,1.03,0.46
16903,1.03,0.28
16904,1.04,0.28
16905,1.02,0.28
16906,1.01,0.44
16907,1.06,0.45
16908,1.0,0.28
16909,0.99,0.28
16910,0.99,0.31
16911,1.01,0.33
16912,0.97,0.28
16913,0.97,0.36
16914,0.98,0.28
16915,0.97,0.28
16916,0.96,0.29
16917,0.99,0.28
16918,0.98,0.38
16919,0.98,0.28
16920,0.97,0.45
16921,1.02,0.44
16922,0.97,0.5
16923,1.02,0.44
16924,1.02,0.36
16925,1.02,0.45
16926,1.0,0.48
16927,1.01,0.28
16928,1.02,0.46
16929,0.97,0.44
16930,0.98,0.52
16931,0.97,0.43
16932,0.98,0.49
16933,0.96,0.35
16934,0.97,0.5
16935,0.97,0.49
16936,0.98,0.76
16937,0.98,1.11
16938,0.98,0.28
16939,0.97,0.45
16940,0.96,0.46
16941,0.98,0.28
16942,0.98,0.49
16943,1.02,0.44
16944,0.97,0.45
16945,1.01,0.35
16946,0.97,0.47
16947,1.02,0.45
16948,1.01,0.29
16949,0.99,0.47
16950,1.03,0.44
16951,0.97,0.35
16952,1.02,0.29
16953,0.97,0.45
16954,1.01,0.28
16955,0.98,0.47
16956,1.02,0.27
16957,0.98,0.28
16958,0.96,0.29
16959,1.03,0.45
16960,0.97,0.29
16961,0.97,0.46
16962,1.02,0.45
16963,0.87,0.3
16964,1.05,0.37
16965,0.89,0.35
16966,0.99,0.46
16967,0.9,0.52
16968,0.89,0.3
16969,1.01,0.51
16970,1.05,2.47
16971,1.04,2.67
16972,1.04,0.45
16973,1.03,0.48
16974,1.08,0.3
16975,1.03,0.46
16976,1.02,0.29
16977,1.06,0.35
16978,1.02,0.32
16979,1.04,0.45
16980,1.03,0.47
16981,1.08,0.31
16982,1.02,0.36
16983,1.03,0.44
16984,1.03,0.46
16985,1.05,0.45
16986,1.06,0.47
16987,1.04,0.28
16988,1.06,0.45
16989,1.08,0.47
16990,1.03,2.0
16991,1.03,0.44
16992,1.02,0.33
16993,1.02,0.48
16994,1.03,2.77
16995,1.02,0.44
16996,1.02,0.45
16997,1.02,0.45
16998,1.01,0.47
16999,1.02,2.15
17000,1.03,0.45
17001,1.07,0.47
17002,1.06,2.62
17003,1.02,0.44
17004,1.07,0.44
17005,1.03,0.29
17006,1.07,0.47
17007,1.06,0.44
17008,1.02,0.46
17009,1.08,0.45
17010,1.02,0.47
17011,1.03,0.44
17012,1.02,0.46
17013,1.12,0.3
17014,1.14,0.5
17015,1.12,0.5
17016,1.07,0.55
17017,1.11,2.75
17018,1.06,2.09
17019,1.06,0.37
17020,1.07,0.5
17021,1.11,0.37
17022,1.07,0.49
17023,1.11,0.29
17024,1.06,0.53
17025,1.06,0.37
17026,1.06,0.5
17027,1.13,0.37
17028,1.44,1.52
17029,1.69,0.45
17030,1.79,0.39
17031,1.25,0.32
17032,1.21,0.33
17033,1.29,0.34
17034,1.16,0.32
17035,1.17,0.33
17036,1.11,0.32
17037,1.11,0.32
17038,1.04,0.3
17039,1.05,0.3
17040,1.03,0.35
17041,1.06,0.29
17042,1.1,0.3
17043,1.05,0.31
17044,1.03,0.3
17045,1.03,0.36
17046,1.07,0.3
17047,1.01,0.3
17048,1.01,0.3
17049,1.03,0.3
17050,1.04,0.31
17051,1.02,0.3
17052,1.09,0.3
17053,1.03,0.3
17054,1.02,0.3
17055,1.08,0.3
17056,0.98,0.28
17057,1.01,0.28
17058,1.01,0.28
17059,0.94,0.28
17060,0.88,0.27
17061,0.85,0.29
17062,0.93,0.28
17063,0.89,1.27
17064,0.89,0.28
17065,0.95,0.27
17066,1.0,0.29
17067,1.03,0.33
17068,1.04,0.29
17069,1.03,0.28
17070,1.16,0.32
17071,1.19,0.4
17072,1.16,0.32
17073,1.12,0.33
17074,1.13,0.33
17075,1.14,0.33
17076,1.19,0.32
17077,1.19,0.32
17078,1.19,0.33
17079,0.98,0.28
17080,1.02,0.27
17081,0.97,0.27
17082,0.98,0.27
17083,0.97,0.27
17084,0.97,0.32
17085,0.97,0.27
17086,0.97,0.27
17087,0.97,0.27
17088,0.97,0.27
17089,1.06,0.28
17090,1.02,0.28
17091,1.06,0.29
17092,1.01,0.31
17093,1.07,0.28
17094,1.02,0.28
17095,1.07,0.34
17096,1.05,0.28
17097,1.06,0.29
17098,1.02,0.28
17099,1.06,0.29
17100,1.06,0.3
17101,0.98,0.28
17102,1.01,0.28
17103,1.06,0.29
17104,1.05,0.28
17105,1.06,0.29
17106,1.01,0.28
17107,1.06,0.29
17108,1.08,0.29
17109,1.0,0.29
17110,1.01,0.28
17111,1.0,0.29
17112,1.01,0.28
17113,1.0,0.28
17114,1.01,0.29
17115,1.01,0.29
17116,1.01,0.29
17117,1.02,0.28
17118,0.98,0.28
17119,1.03,0.29
17120,1.01,0.28
17121,1.02,0.28
17122,0.96,0.28
17123,1.02,0.29
17124,1.01,0.28
17125,0.98,0.28
17126,0.97,0.29
17127,1.02,0.33
17128,1.02,0.28
17129,1.03,0.28
17130,1.0,0.28
17131,1.01,0.28
17132,1.01,0.28
17133,0.97,0.29
17134,1.01,0.28
17135,0.96,0.29
17136,0.97,0.28
17137,0.97,0.28
17138,0.96,0.41
17139,0.97,0.28
17140,0.97,0.28
17141,0.98,0.29
17142,0.97,0.28
17143,0.96,0.28
17144,0.98,0.29
17145,0.96,0.28
17146,1.02,0.28
17147,0.98,0.28
17148,0.98,0.29
17149,0.99,0.29
17150,0.97,0.28
17151,0.97,0.28
17152,0.97,0.28
17153,0.97,0.32
17154,0.97,0.29
17155,0.92,0.32
17156,0.93,1.81
17157,0.9,0.32
17158,0.86,0.31
17159,0.97,0.26
17160,1.0,0.29
17161,1.02,0.29
17162,1.02,0.29
17163,1.01,0.29
17164,1.01,0.28
17165,1.01,0.29
17166,1.02,0.29
17167,1.0,0.28
17168,1.01,0.29
17169,1.0,0.29
17170,1.01,0.29
17171,1.01,0.28
17172,1.07,0.28
17173,1.05,0.28
17174,1.06,0.29
17175,1.01,0.28
17176,1.01,0.29
17177,1.05,0.28
17178,1.01,0.29
17179,1.04,0.29
17180,0.99,0.29
17181,0.99,0.29
17182,0.97,0.28
17183,0.99,0.28
17184,0.98,0.28
17185,1.02,0.28
17186,0.97,0.29
17187,1.03,0.28
17188,1.02,0.29
17189,1.0,0.28
17190,0.98,0.29
17191,0.97,0.28
17192,0.97,0.28
17193,0.96,0.32
17194,0.97,0.28
17195,0.96,0.29
17196,0.96,0.28
17197,0.96,0.29
17198,0.96,0.28
17199,0.96,0.28
17200,0.96,0.28
17201,1.01,0.28
17202,1.01,0.29
17203,0.97,0.33
17204,1.02,0.28
17205,0.96,0.34
17206,0.97,0.29
17207,0.98,0.28
17208,0.97,0.28
17209,0.97,0.28
17210,0.98,0.28
17211,0.97,0.34
17212,1.02,0.28
17213,0.97,0.28
17214,1.02,0.28
17215,0.97,0.29
17216,1.03,0.28
17217,1.0,0.28
17218,0.98,0.28
17219,0.99,0.28
17220,0.99,0.29
17221,1.0,0.28
17222,0.98,0.28
17223,0.97,0.28
17224,0.98,0.28
17225,0.97,0.33
17226,0.97,0.28
17227,1.03,0.29
17228,0.98,0.28
17229,1.01,0.28
17230,0.97,0.29
17231,1.02,0.29
17232,0.97,0.29
17233,1.04,0.29
17234,0.97,0.29
17235,0.97,0.29
17236,0.96,0.29
17237,0.97,0.29
17238,0.97,0.29
17239,0.97,0.34
17240,0.97,0.28
17241,0.97,0.28
17242,0.97,0.28
17243,0.96,0.28
17244,0.97,0.29
17245,0.97,0.29
17246,0.97,0.28
17247,0.97,0.29
17248,0.96,0.28
17249,0.97,0.28
17250,0.96,0.29
17251,0.92,0.3
17252,0.93,0.28
17253,0.88,0.29
17254,0.92,2.02
17255,0.88,0.28
17256,0.97,0.3
17257,0.9,0.9
17258,1.0,0.28
17259,0.98,0.28
17260,1.01,0.28
17261,0.96,0.29
17262,0.96,0.29
17263,1.0,0.28
17264,0.96,0.29
17265,1.0,0.28
17266,0.95,0.38
17267,0.97,0.29
17268,0.96,0.28
17269,0.99,0.29
17270,1.01,0.28
17271,0.96,0.29
17272,0.95,263.3
17273,1.24,0.41
17274,1.33,0.4
17275,1.32,0.4
17276,1.28,2.77
17277,1.23,0.41
17278,1.27,0.47
17279,1.27,0.53
17280,1.32,0.39
17281,0.95,0.26
17282,0.92,0.27
17283,0.92,0.27
17284,0.93,0.27
17285,0.93,0.27
17286,0.93,0.27
17287,0.93,0.3
17288,0.93,0.31
17289,0.93,0.27
17290,0.94,0.27
17291,0.96,0.35
17292,0.97,0.28
17293,0.97,0.35
17294,0.97,0.28
17295,1.01,0.45
17296,1.01,0.5
17297,1.01,0.28
17298,1.01,0.28
17299,0.99,0.47
17300,0.96,0.28
17301,1.0,0.28
17302,0.93,0.35
17303,0.98,0.46
17304,0.92,0.31
17305,0.96,0.28
17306,0.95,0.28
17307,0.96,0.49
17308,1.02,0.27
17309,1.01,0.28
17310,0.99,0.28
17311,1.05,0.31
17312,0.96,0.28
17313,1.02,0.45
17314,0.97,0.28
17315,1.02,0.28
17316,0.96,0.28
17317,0.98,0.3
17318,0.99,0.35
17319,0.97,0.35
17320,1.01,0.28
17321,1.01,0.29
17322,0.96,0.46
17323,0.98,0.48
17324,0.96,0.28
17325,0.96,0.49
17326,0.96,0.28
17327,0.96,0.35
17328,0.96,0.28
17329,0.97,0.29
17330,0.97,0.28
17331,0.96,0.45
17332,0.96,0.28
17333,0.96,0.29
17334,0.96,0.33
17335,0.96,0.28
17336,0.96,0.5
17337,0.94,0.28
17338,1.02,0.45
17339,0.96,0.47
17340,0.97,0.45
17341,0.98,0.28
17342,0.96,0.45
17343,1.01,0.28
17344,0.97,0.28
17345,0.97,0.45
17346,0.97,0.45
17347,0.87,6.72
17348,0.88,0.27
17349,1.0,0.28
17350,1.0,0.33
17351,1.12,0.61
17352,1.03,0.28
17353,0.96,0.3
17354,0.94,0.29
17355,1.02,0.28
17356,1.02,0.46
17357,1.01,0.28
17358,1.02,0.28
17359,1.02,0.28
17360,1.02,0.33
17361,0.98,0.26
17362,0.98,0.27
17363,0.97,0.26
17364,0.97,0.27
17365,1.01,0.27
17366,0.97,0.27
17367,0.97,0.43
17368,0.98,0.42
17369,1.03,0.27
17370,0.97,0.27
17371,1.01,0.47
17372,1.02,0.27
17373,1.02,0.44
17374,1.01,0.5
17375,1.01,0.45
17376,1.01,0.28
17377,1.01,0.45
17378,1.07,0.28
17379,1.02,0.47
17380,1.01,2.72
17381,1.02,0.27
17382,1.02,0.28
17383,1.07,0.47
17384,1.01,0.28
17385,1.05,0.28
17386,1.05,0.49
17387,1.02,0.28
17388,1.06,0.3
17389,1.07,0.34
17390,1.07,0.53
17391,1.06,0.49
17392,1.06,0.29
17393,1.05,0.3
17394,1.11,0.31
17395,1.05,0.47
17396,1.09,0.31
17397,1.04,0.3
17398,1.02,0.29
17399,0.99,0.28
17400,0.98,0.28
17401,1.04,0.28
17402,1.0,0.28
17403,1.04,0.28
17404,1.0,0.45
17405,1.02,0.28
17406,1.0,0.28
17407,1.02,0.31
17408,1.04,0.28
17409,1.01,0.28
17410,1.01,0.45
17411,1.01,0.5
17412,1.01,0.28
17413,1.01,0.28
17414,1.05,0.28
17415,1.01,0.45
17416,1.01,0.27
17417,1.02,0.33
17418,1.02,0.28
17419,1.01,0.47
17420,1.06,0.28
17421,1.02,0.28
17422,1.0,0.51
17423,0.98,0.44
17424,1.0,0.33
17425,0.98,0.28
17426,1.03,0.28
17427,0.98,0.48
17428,0.97,0.29
17429,0.99,0.28
17430,1.01,0.28
17431,1.01,0.28
17432,0.97,0.28
17433,1.03,0.29
17434,0.99,0.45
17435,1.02,0.29
17436,0.97,0.28
17437,0.97,0.3
17438,1.0,0.29
17439,0.98,0.28
17440,0.99,0.28
17441,0.98,0.28
17442,0.99,0.28
17443,0.97,0.29
17444,1.15,1.31
17445,0.99,0.3
17446,1.02,0.33
17447,1.0,0.28
17448,0.94,0.31
17449,1.06,0.49
17450,1.11,0.29
17451,1.06,0.3
17452,1.17,0.3
17453,1.06,0.49
17454,1.11,0.3
17455,1.05,0.5
17456,1.11,0.29
17457,1.06,0.3
17458,1.02,0.27
17459,0.97,0.27
17460,1.01,0.27
17461,0.98,0.27
17462,0.99,0.27
17463,0.98,0.45
17464,0.98,0.44
17465,1.02,0.48
17466,0.97,0.44
17467,1.02,0.28
17468,1.03,0.51
17469,1.02,0.29
17470,1.02,0.47
17471,1.01,0.29
17472,0.99,0.51
17473,1.01,5.11
17474,1.01,2.55
17475,1.02,2.2
17476,1.06,2.81
17477,1.02,0.46
17478,1.06,0.52
17479,1.05,2.53
17480,1.02,0.29
17481,1.01,0.48
17482,1.01,0.4
17483,1.02,0.48
17484,1.01,2.58
17485,1.01,0.28
17486,1.02,0.52
17487,1.01,2.07
17488,1.01,2.54
17489,0.95,0.3
17490,0.95,0.32
17491,1.27,0.31
17492,1.22,0.32
17493,1.22,0.31
17494,1.22,2.19
17495,1.27,2.56
17496,1.11,0.29
17497,0.99,0.33
17498,0.98,0.29
17499,0.97,0.29
17500,0.99,0.29
17501,0.99,0.28
17502,1.0,0.33
17503,1.05,0.29
17504,1.05,0.29
17505,1.0,0.29
17506,1.06,0.29
17507,1.01,0.29
17508,1.04,0.28
17509,1.01,0.29
17510,1.05,0.29
17511,1.06,0.29
17512,1.05,0.28
17513,1.01,0.28
17514,1.0,0.29
17515,1.0,0.3
17516,1.0,0.28
17517,1.01,0.29
17518,1.32,1.54
17519,1.35,0.47
17520,1.17,0.33
17521,1.14,0.32
17522,1.13,0.34
17523,1.17,0.37
17524,1.17,0.32
17525,1.12,0.32
17526,1.13,0.34
17527,1.17,0.32
17528,1.12,0.32
17529,1.12,0.43
17530,1.12,0.34
17531,1.01,0.26
17532,0.99,0.26
17533,0.97,0.26
17534,0.97,0.27
17535,0.96,0.27
17536,0.96,0.27
17537,0.99,0.27
17538,1.01,0.27
17539,0.93,0.29
17540,1.0,0.27
17541,0.94,0.31
17542,0.92,0.26
17543,0.93,0.28
17544,0.97,0.31
17545,0.99,0.28
17546,0.91,0.28
17547,1.15,0.33
17548,1.0,0.29
17549,1.16,0.29
17550,1.0,0.29
17551,1.0,0.29
17552,1.0,0.28
17553,1.15,0.34
17554,0.99,0.3
17555,1.0,0.26
17556,0.94,0.26
17557,0.97,0.26
17558,0.92,0.26
17559,0.92,0.26
17560,0.91,0.26
17561,0.89,0.26
17562,0.92,0.26
17563,0.92,0.26
17564,0.95,0.26
17565,0.92,0.26
17566,0.92,0.27
17567,1.04,0.29
17568,1.09,0.28
17569,1.03,0.28
17570,1.1,0.28
17571,1.3,0.36
17572,1.32,0.35
17573,1.21,0.34
17574,1.2,0.35
17575,1.21,0.35
17576,1.2,0.4
17577,1.05,0.3
17578,1.11,0.3
17579,1.11,0.37
17580,1.08,0.3
17581,1.07,0.31
17582,1.09,0.3
17583,1.07,0.3
17584,1.08,0.3
17585,1.08,0.35
17586,1.08,0.3
17587,1.08,0.3
17588,1.13,0.3
17589,1.14,0.3
17590,1.03,0.31
17591,1.09,0.29
17592,1.03,0.3
17593,1.07,0.29
17594,1.06,0.3
17595,1.09,0.32
17596,1.05,0.29
17597,1.05,0.31
17598,1.05,0.3
17599,1.14,0.31
17600,1.02,0.29
17601,1.06,0.28
17602,1.01,0.29
17603,1.01,0.28
17604,1.01,0.28
17605,1.01,0.35
17606,1.01,0.29
17607,1.01,0.28
17608,1.0,0.28
17609,1.01,0.29
17610,1.0,0.28
17611,1.02,0.28
17612,1.01,0.28
17613,1.05,0.28
17614,1.06,0.29
17615,1.01,0.34
17616,1.01,0.34
17617,1.01,0.28
17618,1.01,0.29
17619,1.01,0.29
17620,1.0,0.32
17621,1.01,0.28
17622,1.09,0.29
17623,1.09,0.29
17624,1.01,0.33
17625,1.05,0.28
17626,1.0,0.29
17627,1.01,0.28
17628,1.0,0.28
17629,1.02,0.28
17630,1.01,0.29
17631,1.0,0.28
17632,1.01,0.28
17633,1.06,0.28
17634,1.05,0.29
17635,0.95,0.3
17636,0.99,0.28
17637,0.96,0.4
17638,0.95,0.27
17639,0.94,0.28
17640,0.93,0.32
17641,0.91,0.27
17642,1.3,0.31
17643,1.3,2.53
17644,1.25,1.94
17645,1.25,2.32
17646,1.25,1.93
17647,1.24,0.29
17648,1.27,0.31
17649,0.92,0.29
17650,0.94,0.3
17651,1.09,0.3
17652,1.03,0.29
17653,1.01,0.28
17654,1.01,0.29
17655,1.01,0.28
17656,1.02,0.29
17657,1.02,0.29
17658,1.01,0.29
17659,1.05,0.28
17660,1.04,0.28
17661,1.0,0.28
17662,1.06,0.29
17663,1.05,0.28
17664,1.0,0.29
17665,1.07,0.28
17666,1.01,0.29
17667,1.01,0.29
17668,1.0,0.29
17669,1.01,0.29
17670,1.01,0.29
17671,1.09,0.28
17672,1.06,0.3
17673,1.04,0.3
17674,1.1,0.31
17675,1.21,0.35
17676,1.21,0.35
17677,1.22,0.35
17678,1.2,0.38
17679,1.2,0.35
17680,1.21,0.36
17681,1.26,0.35
17682,1.27,0.36
17683,1.0,0.29
17684,1.05,0.29
17685,1.0,0.33
17686,1.01,0.29
17687,1.0,0.29
17688,1.01,0.28
17689,1.01,0.29
17690,1.0,0.29
17691,1.01,0.29
17692,1.01,0.28
17693,1.0,0.28
17694,1.05,0.29
17695,1.0,0.31
17696,1.05,0.28
17697,1.01,0.28
17698,1.01,0.33
17699,1.04,0.28
17700,1.02,0.29
17701,1.08,0.28
17702,0.96,0.28
17703,1.03,0.28
17704,0.98,0.28
17705,0.99,0.32
17706,1.04,0.28
17707,1.0,0.28
17708,1.04,0.28
17709,1.0,0.28
17710,1.04,0.28
17711,1.04,0.27
17712,1.0,0.28
17713,0.99,0.28
17714,1.0,0.28
17715,0.99,0.28
17716,0.97,0.32
17717,1.06,0.28
17718,0.99,0.33
17719,1.04,0.28
17720,1.0,0.28
17721,0.97,0.28
17722,1.04,0.28
17723,1.04,0.29
17724,1.0,0.28
17725,1.01,0.3
17726,1.01,0.28
17727,1.0,0.28
17728,1.03,0.28
17729,1.0,0.28
17730,1.05,0.28
17731,0.91,0.3
17732,0.95,0.3
17733,0.92,0.29
17734,0.96,0.27
17735,0.94,0.29
17736,0.93,1.25
17737,1.0,0.27
17738,1.0,0.28
17739,0.99,0.28
17740,1.03,0.28
17741,0.96,0.28
17742,1.04,0.28
17743,0.99,0.28
17744,1.0,0.29
17745,1.04,0.28
17746,1.0,0.29
17747,1.02,0.29
17748,1.0,0.28
17749,0.99,0.29
17750,1.04,0.3
17751,1.01,0.3
17752,1.09,0.31
17753,1.04,0.3
17754,1.05,0.3
17755,1.07,0.29
17756,1.04,0.3
17757,1.1,0.3
17758,1.06,0.31
17759,1.05,0.3
17760,1.0,0.28
17761,0.99,0.28
17762,1.0,0.29
17763,1.29,2.39
17764,1.39,0.39
17765,1.32,0.41
17766,1.32,0.39
17767,1.38,0.39
17768,1.33,0.4
17769,1.1,0.3
17770,1.05,0.3
17771,1.11,0.3
17772,1.09,0.3
17773,1.05,0.29
17774,1.09,0.3
17775,1.05,0.3
17776,1.11,0.3
17777,1.05,0.3
17778,1.01,0.28
17779,1.05,0.28
17780,1.01,0.29
17781,1.07,0.28
17782,1.01,0.28
17783,1.0,0.28
17784,1.06,0.29
17785,1.01,0.29
17786,1.0,0.34
17787,1.01,0.29
17788,1.02,0.28
17789,1.01,0.29
17790,1.01,0.27
17791,1.01,0.27
17792,1.01,0.28
17793,1.06,0.28
17794,1.01,0.28
17795,1.04,0.28
17796,1.01,0.3
17797,1.06,0.27
17798,1.02,0.29
17799,1.02,0.29
17800,1.06,0.28
17801,1.04,0.28
17802,1.01,0.29
17803,1.01,0.29
17804,1.01,0.28
17805,1.02,0.28
17806,1.01,0.28
17807,1.06,0.28
17808,1.01,0.32
17809,1.05,0.29
17810,1.02,0.28
17811,1.01,0.29
17812,1.05,0.28
17813,1.02,0.29
17814,1.01,0.33
17815,1.02,0.28
17816,1.01,0.28
17817,1.02,0.32
17818,1.01,0.29
17819,1.02,0.28
17820,1.03,0.28
17821,1.02,0.28
17822,1.02,0.28
17823,1.01,0.28
17824,1.01,0.28
17825,1.01,0.29
17826,1.02,0.28
17827,0.95,0.3
17828,1.02,0.28
17829,0.97,0.38
17830,0.96,0.26
17831,0.94,0.3
17832,0.91,0.3
17833,1.01,0.26
17834,1.01,0.28
17835,1.01,0.28
17836,1.01,0.28
17837,1.02,0.28
17838,1.02,0.28
17839,1.07,0.28
17840,1.01,0.28
17841,1.04,0.29
17842,1.06,0.28
17843,1.05,0.28
17844,1.06,0.28
17845,1.05,0.28
17846,1.01,0.28
17847,1.05,0.28
17848,1.02,0.28
17849,1.01,0.29
17850,1.02,0.28
17851,1.01,0.28
17852,1.0,0.28
17853,1.0,0.29
17854,1.01,0.28
17855,1.0,0.28
17856,1.01,0.28
17857,1.06,0.28
17858,1.0,0.28
17859,1.05,0.28
17860,1.0,0.28
17861,1.05,0.28
17862,1.01,0.28
17863,1.06,0.29
17864,1.0,0.28
17865,1.06,0.28
17866,1.0,0.28
17867,1.05,0.28
17868,1.02,0.28
17869,1.11,0.3
17870,1.14,0.3
17871,1.05,0.35
17872,1.09,0.3
17873,1.05,0.3
17874,1.1,0.3
17875,1.11,0.3
17876,1.05,0.3
17877,1.1,0.3
17878,1.02,0.28
17879,1.01,0.28
17880,1.08,0.28
17881,1.06,0.28
17882,1.05,0.28
17883,1.01,0.29
17884,1.01,0.29
17885,1.06,0.29
17886,1.02,0.28
17887,1.12,0.3
17888,1.06,0.3
17889,1.07,0.3
17890,1.06,0.3
17891,1.06,0.3
17892,1.06,0.3
17893,1.08,0.31
17894,1.11,0.3
17895,1.06,0.3
17896,1.06,0.31
17897,1.01,0.28
17898,1.05,0.28
17899,0.99,0.33
17900,1.06,0.28
17901,0.99,0.28
17902,1.3,0.39
17903,1.32,0.46
17904,1.31,0.39
17905,1.32,0.39
17906,1.34,0.39
17907,1.26,0.4
17908,1.34,0.41
17909,1.27,0.38
17910,0.96,0.28
17911,0.96,0.28
17912,0.96,0.28
17913,0.95,0.28
17914,0.96,0.28
17915,0.98,0.33
17916,0.98,0.29
17917,1.0,0.28
17918,1.0,0.29
17919,0.98,0.33
17920,0.95,0.28
17921,0.97,0.29
17922,0.97,0.29
17923,0.93,0.32
17924,1.05,4.42
17925,1.02,0.29
17926,1.02,0.29
17927,1.06,0.3
17928,1.07,0.31
17929,1.07,0.31
17930,1.06,0.3
17931,1.06,0.3
17932,1.05,0.3
17933,1.1,0.3
17934,1.06,0.3
17935,1.12,0.3
17936,1.07,0.31
17937,1.06,0.29
17938,1.01,0.29
17939,1.0,0.29
17940,1.06,0.29
17941,1.02,0.33
17942,1.06,0.29
17943,1.01,0.33
17944,1.01,0.29
17945,1.01,0.29
17946,1.01,0.29
17947,1.02,0.28
17948,1.01,0.29
17949,1.06,0.29
17950,1.02,0.28
17951,1.05,0.29
17952,1.05,0.29
17953,1.01,0.29
17954,1.06,0.29
17955,1.01,0.29
17956,1.0,0.3
17957,1.0,0.29
17958,1.01,0.29
17959,1.07,0.29
17960,1.01,0.3
17961,1.01,0.29
17962,1.01,0.28
17963,1.01,0.29
17964,1.06,0.28
17965,1.01,0.33
17966,1.01,0.31
17967,1.06,0.3
17968,1.07,0.31
17969,1.06,0.31
17970,1.1,0.3
17971,1.06,0.3
17972,1.1,0.3
17973,1.1,0.31
17974,1.1,0.31
17975,1.11,0.31
17976,1.09,0.29
17977,1.06,0.29
17978,1.01,0.29
17979,1.02,0.29
17980,1.01,0.29
17981,1.02,0.29
17982,1.03,0.3
17983,1.01,0.29
17984,1.01,0.34
17985,1.0,0.29
17986,1.0,0.29
17987,1.0,0.29
17988,0.99,0.29
17989,0.99,0.29
17990,1.03,0.29
17991,0.98,0.29
17992,0.98,0.29
17993,0.98,0.28
17994,0.96,0.33
17995,0.96,0.29
17996,0.96,0.29
17997,0.96,0.32
17998,0.96,0.28
17999,1.06,0.3
18000,0.97,0.3
18001,0.96,0.29
18002,0.96,0.29
18003,0.96,0.29
18004,0.97,0.29
18005,0.97,0.28
18006,0.98,0.36
18007,0.96,0.29
18008,0.97,133.41
18009,1.08,0.34
18010,1.15,0.34
18011,1.07,0.5
18012,1.17,0.35
18013,1.17,0.41
18014,1.17,0.42
18015,1.17,0.4
18016,1.02,0.3
18017,1.02,0.29
18018,1.02,0.3
18019,0.97,0.33
18020,1.01,1.73
18021,0.93,0.31
18022,1.01,0.3
18023,0.95,0.28
18024,0.89,0.27
18025,1.01,0.29
18026,0.97,0.28
18027,0.99,0.28
18028,0.97,0.28
18029,1.02,0.28
18030,1.01,0.28
18031,1.01,0.28
18032,1.0,0.29
18033,1.03,0.29
18034,1.07,0.28
18035,1.01,0.29
18036,1.06,0.28
18037,1.02,0.29
18038,1.04,0.28
18039,1.0,0.34
18040,0.99,0.29
18041,0.98,0.28
18042,1.0,0.29
18043,1.07,0.3
18044,1.01,0.28
18045,1.07,0.28
18046,1.05,0.29
18047,1.07,0.29
18048,1.02,0.29
18049,1.01,0.29
18050,1.06,0.29
18051,1.02,0.29
18052,1.08,0.28
18053,0.99,0.29
18054,1.12,0.3
18055,1.1,0.32
18056,1.06,0.3
18057,1.07,0.3
18058,1.06,0.3
18059,1.07,0.31
18060,1.07,0.3
18061,1.06,0.31
18062,1.06,0.3
18063,1.07,0.29
18064,1.03,0.29
18065,1.01,0.28
18066,1.01,0.29
18067,1.06,0.29
18068,1.01,0.28
18069,1.06,0.28
18070,1.01,0.28
18071,1.05,0.28
18072,1.01,0.34
18073,1.0,0.29
18074,1.0,0.28
18075,1.0,0.29
18076,1.0,0.28
18077,1.0,0.28
18078,1.01,0.28
18079,0.99,0.29
18080,0.96,0.28
18081,0.97,0.28
18082,0.98,0.29
18083,0.97,0.29
18084,0.96,0.28
18085,1.02,0.28
18086,1.01,0.28
18087,0.97,0.29
18088,1.02,0.28
18089,0.98,0.28
18090,0.98,0.29
18091,1.02,0.3
18092,1.04,0.3
18093,1.08,0.3
18094,1.03,0.3
18095,1.03,0.31
18096,1.03,0.3
18097,1.04,0.32
18098,1.04,0.29
18099,1.04,0.31
18100,1.04,0.36
18101,0.96,0.28
18102,1.03,0.29
18103,0.98,0.29
18104,0.98,0.29
18105,0.99,0.29
18106,0.99,0.29
18107,0.99,0.29
18108,1.0,0.33
18109,0.99,0.28
18110,0.99,0.28
18111,0.99,0.29
18112,1.0,0.28
18113,1.0,0.28
18114,1.0,0.28
18115,0.94,0.36
18116,0.98,1.21
18117,0.97,0.3
18118,0.97,0.37
18119,0.94,0.26
18120,0.92,0.3
18121,0.98,0.27
18122,1.01,0.28
18123,1.03,0.29
18124,0.98,0.29
18125,1.02,0.28
18126,0.99,0.29
18127,1.01,0.28
18128,1.05,0.28
18129,1.01,0.29
18130,1.12,0.29
18131,1.03,0.29
18132,1.01,0.28
18133,1.05,0.29
18134,0.98,0.28
18135,1.01,0.29
18136,0.98,0.28
18137,0.97,0.29
18138,1.01,0.29
18139,0.97,0.29
18140,0.97,0.29
18141,0.97,0.33
18142,0.97,0.29
18143,0.98,0.28
18144,0.99,0.28
18145,1.04,0.28
18146,0.98,0.29
18147,1.02,0.28
18148,1.03,0.29
18149,0.98,0.29
18150,1.06,0.29
18151,1.0,0.28
18152,1.0,0.28
18153,0.99,0.28
18154,0.99,0.29
18155,0.99,0.29
18156,1.0,0.28
18157,1.04,0.28
18158,1.01,0.28
18159,1.04,0.29
18160,1.01,0.29
18161,1.01,0.28
18162,1.01,0.29
18163,1.01,0.29
18164,1.02,0.29
18165,1.01,0.28
18166,1.02,0.28
18167,1.01,0.29
18168,1.02,0.28
18169,1.02,0.28
18170,1.02,0.28
18171,1.03,0.29
18172,1.03,0.29
18173,1.06,0.29
18174,1.03,0.29
18175,1.05,0.29
18176,1.02,0.29
18177,1.07,0.29
18178,1.02,0.28
18179,1.12,0.29
18180,1.06,0.29
18181,1.08,0.29
18182,1.02,0.29
18183,1.02,0.29
18184,1.02,0.29
18185,1.02,0.28
18186,1.02,0.29
18187,1.01,0.29
18188,1.01,0.28
18189,1.02,0.28
18190,1.03,0.28
18191,1.02,0.29
18192,1.01,0.29
18193,1.02,0.28
18194,1.02,0.29
18195,1.03,0.29
18196,1.02,0.33
18197,1.02,0.28
18198,1.03,0.3
18199,1.02,0.3
18200,1.03,0.29
18201,1.02,0.28
18202,1.02,0.29
18203,1.02,0.29
18204,1.06,0.29
18205,1.04,0.28
18206,1.03,0.29
18207,1.03,0.29
18208,1.03,0.29
18209,1.03,0.29
18210,1.02,0.29
18211,0.93,0.31
18212,1.05,0.28
18213,0.92,0.34
18214,0.93,0.28
18215,1.03,0.33
18216,0.97,1.63
18217,1.02,0.28
18218,1.02,0.29
18219,1.06,0.29
18220,1.03,0.29
18221,1.03,0.28
18222,1.1,0.44
18223,1.09,0.28
18224,1.03,0.29
18225,0.83,0.25
18226,0.83,0.22
18227,0.83,0.22
18228,0.88,0.22
18229,0.83,0.22
18230,0.75,0.23
18231,0.75,0.23
18232,0.85,0.21
18233,0.78,0.21
18234,0.8,0.21
18235,0.87,0.22
18236,0.84,0.22
18237,0.81,0.22
18238,0.82,0.22
18239,0.82,0.22
18240,0.81,0.22
18241,0.82,0.22
18242,0.84,0.22
18243,0.79,0.21
18244,0.85,0.22
18245,0.8,0.21
18246,0.83,0.22
18247,0.83,0.22
18248,0.83,0.22
18249,0.83,0.25
18250,0.83,0.22
18251,0.83,0.22
18252,0.83,0.22
18253,0.87,290.95
18254,0.77,0.22
18255,0.86,0.21
18256,0.87,0.21
18257,0.83,0.22
18258,0.75,0.23
18259,0.75,0.23
18260,0.8,0.21
18261,0.82,0.21
18262,0.82,0.22
18263,0.78,0.21
18264,0.82,0.21
18265,0.86,0.22
18266,0.82,0.21
18267,0.81,0.21
18268,0.8,0.21
18269,0.85,0.21
18270,0.86,0.22
18271,0.82,0.22
18272,0.83,0.21
18273,0.83,0.22
18274,0.82,0.25
18275,0.83,0.22
18276,0.85,0.22
18277,0.83,0.21
18278,0.84,0.22
18279,0.83,0.22
18280,0.88,0.22
18281,0.84,0.22
18282,0.84,0.22
18283,0.9,0.21
18284,0.83,0.22
18285,0.84,0.25
18286,0.84,0.22
18287,0.82,0.22
18288,0.87,0.22
18289,0.85,0.22
18290,0.84,0.22
18291,0.86,0.22
18292,0.86,0.21
18293,0.84,0.22
18294,0.84,0.21
18295,0.87,0.22
18296,0.84,0.22
18297,0.83,0.21
18298,0.85,0.24
18299,0.84,0.25
18300,0.84,0.22
18301,0.85,0.25
18302,0.84,0.21
18303,0.83,0.26
18304,0.83,0.22
18305,0.83,0.22
18306,0.83,0.22
18307,0.75,0.23
18308,0.72,0.21
18309,0.72,0.24
18310,0.84,0.23
18311,0.75,0.2
18312,0.72,0.21
18313,0.83,0.25
18314,0.82,0.22
18315,0.86,0.25
18316,0.83,0.22
18317,0.81,0.22
18318,0.81,0.22
18319,0.81,0.25
18320,0.82,0.22
18321,0.81,0.22
18322,0.82,0.22
18323,0.81,0.21
18324,0.85,0.22
18325,0.84,0.22
18326,0.82,0.22
18327,0.81,0.22
18328,0.86,0.22
18329,0.82,0.22
18330,0.82,0.22
18331,0.85,0.22
18332,0.82,0.22
18333,0.82,0.22
18334,0.88,0.22
18335,0.88,0.22
18336,0.84,0.22
18337,0.83,0.22
18338,0.86,0.22
18339,0.82,0.22
18340,0.82,0.22
18341,0.82,0.22
18342,0.82,0.22
18343,0.82,0.22
18344,0.83,0.21
18345,0.83,0.21
18346,0.83,0.21
18347,0.82,0.22
18348,0.83,0.22
18349,0.85,0.22
18350,0.83,0.22
18351,0.84,0.22
18352,0.83,0.22
18353,0.83,0.22
18354,0.83,0.22
18355,0.83,0.22
18356,0.83,0.22
18357,0.83,0.22
18358,0.84,0.22
18359,0.84,0.22
18360,0.85,0.22
18361,0.85,0.21
18362,0.87,0.22
18363,0.84,0.22
18364,0.83,0.22
18365,0.83,0.22
18366,0.83,0.22
18367,0.83,0.22
18368,0.83,0.22
18369,0.83,0.22
18370,0.83,0.25
18371,0.84,0.22
18372,0.83,0.22
18373,0.84,0.22
18374,0.86,0.22
18375,0.88,0.22
18376,0.84,0.22
18377,0.84,0.22
18378,0.84,0.22
18379,0.83,0.22
18380,0.84,0.22
18381,0.83,0.22
18382,0.84,0.22
18383,0.84,0.22
18384,0.83,0.22
18385,0.84,0.22
18386,0.83,0.22
18387,0.83,0.22
18388,0.84,0.25
18389,0.83,0.22
18390,0.83,0.22
18391,0.83,0.22
18392,0.88,0.22
18393,0.87,0.22
18394,0.83,0.22
18395,0.83,0.22
18396,0.84,0.22
18397,0.83,0.26
18398,0.83,0.22
18399,0.85,0.23
18400,0.84,0.22
18401,0.83,0.22
18402,0.85,0.22
18403,0.73,0.24
18404,1.03,0.26
18405,0.79,0.22
18406,0.75,1.94
18407,0.75,0.22
18408,0.79,0.21
18409,0.79,1.54
18410,1.01,0.22
18411,1.0,0.23
18412,1.0,0.23
18413,1.01,0.27
18414,1.01,0.23
18415,1.04,0.23
18416,1.02,0.27
18417,1.02,0.22
18418,0.85,0.22
18419,0.82,0.22
18420,0.85,0.22
18421,0.82,0.22
18422,0.82,0.22
18423,0.82,0.22
18424,0.87,0.22
18425,0.83,0.22
18426,0.82,0.22
18427,0.85,0.22
18428,0.81,0.22
18429,0.88,0.22
18430,0.84,0.22
18431,0.82,0.25
18432,0.82,0.22
18433,0.87,0.22
18434,0.82,0.22
18435,0.82,0.22
18436,0.81,0.22
18437,0.82,0.22
18438,0.82,0.22
18439,0.86,0.21
18440,0.81,0.22
18441,0.82,0.22
18442,0.83,0.22
18443,0.84,0.22
18444,0.83,0.22
18445,0.85,0.22
18446,0.81,0.22
18447,0.82,0.22
18448,0.85,0.22
18449,0.85,0.22
18450,0.82,0.22
18451,0.81,0.22
18452,0.82,0.22
18453,0.82,0.22
18454,0.82,0.22
18455,0.81,0.22
18456,0.87,0.22
18457,0.82,0.22
18458,0.82,0.22
18459,0.81,0.22
18460,0.85,0.22
18461,0.82,0.22
18462,0.83,0.22
18463,0.88,0.22
18464,0.83,0.22
18465,0.83,0.22
18466,0.83,0.22
18467,0.83,0.22
18468,0.87,0.22
18469,0.85,0.22
18470,0.84,0.22
18471,0.83,0.22
18472,0.83,0.22
18473,0.83,0.21
18474,0.83,0.22
18475,0.83,0.22
18476,0.83,0.22
18477,0.86,0.22
18478,0.83,0.22
18479,0.83,0.22
18480,0.83,0.22
18481,0.84,0.22
18482,0.83,0.22
18483,0.87,0.23
18484,0.88,0.22
18485,0.82,0.22
18486,0.83,0.22
18487,0.83,0.22
18488,0.86,0.22
18489,0.84,0.22
18490,0.85,0.22
18491,0.84,0.22
18492,0.83,0.26
18493,0.83,0.22
18494,0.84,0.22
18495,0.86,0.22
18496,0.84,0.21
18497,0.84,0.22
18498,1.18,264.41
18499,0.83,0.25
18500,0.74,0.2
18501,0.84,0.22
18502,0.86,0.25
18503,0.83,0.22
18504,0.83,0.22
18505,0.83,0.22
18506,0.85,0.22
18507,0.83,0.21
18508,0.84,0.22
18509,0.86,0.21
18510,0.85,0.22
18511,0.82,0.22
18512,0.83,0.22
18513,0.82,0.22
18514,0.82,0.22
18515,0.81,0.22
18516,0.86,0.25
18517,0.82,0.22
18518,0.82,0.22
18519,0.83,0.22
18520,0.85,0.22
18521,0.86,0.22
18522,0.83,0.22
18523,0.83,0.22
18524,0.82,0.22
18525,0.84,0.22
18526,0.84,0.22
18527,0.83,0.22
18528,0.87,0.22
18529,0.83,0.22
18530,0.83,0.21
18531,0.83,0.21
18532,0.79,0.21
18533,0.79,0.21
18534,0.79,0.21
18535,0.8,0.22
18536,0.81,0.22
18537,0.8,0.22
18538,0.78,0.21
18539,0.79,0.21
18540,0.84,0.21
18541,0.84,0.21
18542,0.81,0.22
18543,0.79,0.21
18544,0.79,0.24
18545,0.81,0.21
18546,0.85,0.22
18547,0.86,0.22
18548,0.82,0.22
18549,0.8,0.21
18550,0.82,0.21
18551,0.83,0.22
18552,0.82,0.22
18553,0.86,0.22
18554,0.83,0.22
18555,0.83,0.22
18556,0.82,0.23
18557,0.82,0.25
18558,0.83,0.22
18559,0.86,0.22
18560,0.87,0.22
18561,0.82,0.22
18562,0.81,0.24
18563,0.8,0.21
18564,0.84,0.22
18565,0.85,0.22
18566,0.83,0.22
18567,0.83,0.22
18568,0.82,0.25
18569,0.8,0.22
18570,0.81,0.22
18571,0.83,0.21
18572,0.79,0.21
18573,0.8,0.21
18574,0.79,0.21
18575,0.8,0.21
18576,0.83,0.22
18577,0.79,0.21
18578,0.81,0.22
18579,0.8,0.22
18580,0.79,0.24
18581,0.79,0.21
18582,0.8,0.22
18583,0.79,0.21
18584,0.79,0.21
18585,0.8,0.21
18586,0.81,0.22
18587,0.81,0.22
18588,0.81,0.26
18589,0.8,0.24
18590,0.8,0.21
18591,0.84,0.22
18592,0.81,0.22
18593,0.81,0.21
18594,0.87,0.22
18595,0.75,0.23
18596,0.72,0.22
18597,0.81,0.21
18598,0.76,1.03
18599,0.71,0.2
18600,0.75,0.22
18601,0.83,0.22
18602,0.85,0.23
18603,0.84,0.22
18604,0.87,0.22
18605,0.83,0.21
18606,0.83,0.22
18607,0.83,0.22
18608,0.86,0.22
18609,0.82,0.22
18610,0.83,0.22
18611,0.83,0.22
18612,0.83,0.22
18613,0.82,0.22
18614,0.84,0.22
18615,0.83,0.22
18616,0.83,0.25
18617,0.82,0.22
18618,0.86,0.22
18619,0.84,0.22
18620,0.84,0.22
18621,0.84,0.22
18622,0.87,0.22
18623,0.8,0.21
18624,0.81,0.21
18625,0.81,0.21
18626,0.81,0.23
18627,0.82,0.21
18628,0.81,0.21
18629,0.81,0.21
18630,0.81,0.22
18631,0.82,0.21
18632,0.84,0.22
18633,0.83,0.22
18634,0.83,0.22
18635,0.83,0.22
18636,0.83,0.22
18637,0.87,0.22
18638,0.83,0.22
18639,0.84,0.22
18640,0.84,0.22
18641,0.83,0.22
18642,0.83,0.22
18643,0.86,0.22
18644,0.82,0.22
18645,0.85,0.22
18646,1.04,0.22
18647,1.02,0.22
18648,1.01,0.22
18649,1.02,0.22
18650,1.05,0.22
18651,1.02,0.23
18652,1.06,0.23
18653,0.82,0.22
18654,0.8,0.21
18655,0.82,0.21
18656,0.84,0.22
18657,0.79,0.21
18658,0.79,0.21
18659,0.83,0.21
18660,0.87,0.22
18661,0.83,0.25
18662,0.83,0.22
18663,0.83,0.22
18664,0.84,0.22
18665,0.84,0.22
18666,0.87,0.22
18667,0.84,0.25
18668,0.83,0.22
18669,0.87,0.22
18670,0.83,0.22
18671,0.84,0.22
18672,0.83,0.25
18673,0.84,0.22
18674,0.89,0.22
18675,0.84,0.22
18676,0.83,0.22
18677,0.82,0.22
18678,0.84,0.22
18679,0.83,0.22
18680,0.84,0.22
18681,0.84,0.22
18682,0.84,0.22
18683,0.84,0.22
18684,0.86,0.22
18685,0.88,0.22
18686,0.84,0.22
18687,0.84,0.22
18688,0.84,0.22
18689,0.84,0.22
18690,0.84,0.22
18691,0.73,0.23
18692,0.72,0.21
18693,0.71,0.2
18694,0.7,0.2
18695,0.71,0.22
18696,0.85,0.23
18697,0.83,0.22
18698,0.85,0.22
18699,0.84,0.22
18700,0.84,0.27
18701,0.85,0.22
18702,0.88,0.22
18703,0.84,0.26
18704,0.84,0.22
18705,0.83,0.22
18706,0.83,0.22
18707,0.83,0.22
18708,0.88,0.22
18709,0.83,0.22
18710,0.83,0.22
18711,1.08,0.31
18712,1.07,0.3
18713,1.07,0.3
18714,1.08,0.31
18715,1.08,0.3
18716,1.08,0.35
18717,1.07,0.3
18718,1.08,0.31
18719,1.08,0.3
18720,1.08,0.3
18721,1.03,0.28
18722,1.03,0.28
18723,1.03,0.28
18724,1.02,0.29
18725,1.04,0.28
18726,1.02,0.29
18727,1.03,0.29
18728,1.03,0.28
18729,1.03,0.28
18730,1.08,0.29
18731,1.11,0.29
18732,1.08,0.29
18733,1.08,0.28
18734,1.04,0.3
18735,1.07,0.29
18736,1.04,0.29
18737,1.05,0.29
18738,1.03,0.32
18739,1.04,0.28
18740,1.08,0.29
18741,1.04,0.35
18742,1.09,0.29
18743,1.03,240.15
18744,1.28,0.49
18745,1.38,2.22
18746,1.43,0.38
18747,1.38,0.47
18748,1.44,0.39
18749,1.13,0.31
18750,1.09,0.31
18751,1.14,0.31
18752,1.09,0.36
18753,1.14,0.31
18754,1.09,0.34
18755,1.1,0.3
18756,1.1,0.3
18757,1.1,0.31
18758,1.11,0.29
18759,1.05,0.29
18760,1.05,0.28
18761,1.04,0.28
18762,1.04,0.29
18763,1.08,0.28
18764,1.05,0.28
18765,1.08,0.28
18766,1.04,0.29
18767,1.04,0.29
18768,1.04,0.28
18769,1.04,0.28
18770,1.05,0.28
18771,1.03,0.29
18772,1.03,0.28
18773,1.04,0.29
18774,1.04,0.28
18775,1.04,0.28
18776,1.04,0.28
18777,1.09,0.29
18778,1.03,0.28
18779,1.04,0.33
18780,1.04,0.29
18781,1.03,0.32
18782,1.04,0.28
18783,1.03,0.29
18784,1.02,0.29
18785,1.01,0.28
18786,1.02,0.32
18787,1.02,0.29
18788,1.1,0.29
18789,1.0,0.29
18790,1.01,0.28
18791,1.02,0.28
18792,1.03,0.28
18793,1.02,0.28
18794,1.03,0.3
18795,1.01,0.29
18796,1.03,0.28
18797,1.01,0.28
18798,1.01,0.26
18799,0.97,0.27
18800,0.99,0.27
18801,0.98,0.28
18802,0.98,0.26
18803,0.96,0.27
18804,1.0,0.28
18805,0.97,0.27
18806,1.02,0.27
18807,0.98,0.27
18808,1.01,0.28
18809,1.04,0.29
18810,1.03,0.32
18811,1.04,0.28
18812,1.03,0.29
18813,1.07,0.28
18814,1.06,0.29
18815,1.08,0.32
18816,1.07,0.29
18817,1.03,0.29
18818,1.04,0.28
18819,1.03,0.28
18820,1.04,0.29
18821,1.03,0.28
18822,1.06,0.28
18823,1.04,0.28
18824,1.09,0.29
18825,1.09,0.28
18826,1.03,0.29
18827,1.04,0.29
18828,1.03,0.32
18829,1.04,0.28
18830,1.05,0.28
18831,1.07,0.28
18832,1.03,0.29
18833,1.09,0.28
18834,1.07,0.29
18835,1.04,0.33
18836,1.11,0.29
18837,1.04,0.28
18838,1.04,0.29
18839,1.05,0.29
18840,1.04,0.3
18841,1.04,0.28
18842,1.15,0.28
18843,1.04,0.29
18844,1.09,0.29
18845,1.04,0.28
18846,1.04,0.29
18847,1.07,0.28
18848,1.04,0.28
18849,1.03,0.33
18850,1.03,0.29
18851,1.03,0.28
18852,1.03,0.29
18853,1.03,0.28
18854,1.08,0.29
18855,1.04,0.28
18856,1.08,0.29
18857,1.04,0.28
18858,1.09,0.36
18859,1.09,0.3
18860,1.09,0.3
18861,1.11,0.31
18862,1.1,0.31
18863,1.1,0.3
18864,1.1,0.31
18865,1.09,0.31
18866,1.11,0.3
18867,1.04,0.29
18868,1.03,0.29
18869,1.02,0.29
18870,1.02,0.28
18871,1.03,0.29
18872,1.01,0.29
18873,1.02,0.28
18874,1.06,0.28
18875,1.01,0.37
18876,1.02,0.29
18877,1.02,0.28
18878,1.02,0.29
18879,1.08,0.28
18880,1.0,0.29
18881,1.01,0.29
18882,1.01,0.29
18883,1.0,0.34
18884,1.11,2.7
18885,0.98,0.3
18886,1.06,0.29
18887,1.04,0.33
18888,0.96,0.35
18889,1.12,0.3
18890,1.08,0.3
18891,1.09,0.31
18892,1.08,0.35
18893,1.06,0.3
18894,1.06,0.3
18895,1.03,0.29
18896,1.05,0.28
18897,1.02,0.29
18898,1.07,0.29
18899,1.02,0.28
18900,1.08,0.29
18901,1.03,0.31
18902,1.07,0.28
18903,1.04,0.29
18904,1.04,0.33
18905,1.02,0.29
18906,1.07,0.29
18907,1.02,0.28
18908,1.02,0.28
18909,1.09,0.28
18910,1.02,0.28
18911,1.1,0.29
18912,1.05,0.29
18913,1.1,0.29
18914,1.05,0.33
18915,1.08,0.28
18916,1.04,0.29
18917,1.04,0.29
18918,1.04,0.29
18919,1.04,0.29
18920,1.03,0.29
18921,1.03,0.29
18922,1.03,0.29
18923,1.08,0.28
18924,1.03,0.35
18925,1.07,0.29
18926,1.02,0.29
18927,1.07,0.29
18928,1.09,0.29
18929,1.04,0.29
18930,1.04,0.29
18931,1.03,0.29
18932,1.04,0.29
18933,1.04,0.33
18934,1.05,0.3
18935,1.04,0.29
18936,1.1,0.29
18937,1.05,0.34
18938,1.06,0.29
18939,1.05,0.29
18940,1.05,0.29
18941,1.05,0.29
18942,1.05,0.29
18943,1.04,0.29
18944,1.04,0.29
18945,1.06,0.29
18946,1.05,0.29
18947,1.04,0.33
18948,1.04,0.29
18949,1.05,0.29
18950,1.04,0.29
18951,1.08,0.29
18952,1.05,0.29
18953,1.08,0.29
18954,1.04,0.29
18955,1.07,0.29
18956,1.07,0.29
18957,1.07,0.29
18958,1.02,0.3
18959,1.07,0.29
18960,1.03,0.29
18961,1.07,0.29
18962,1.03,0.28
18963,1.04,0.29
18964,1.02,0.29
18965,1.02,0.29
18966,1.01,0.29
18967,1.03,0.29
18968,1.02,0.29
18969,1.01,0.29
18970,1.01,0.29
18971,1.01,0.29
18972,1.06,0.29
18973,1.06,0.29
18974,1.05,0.29
18975,1.08,0.29
18976,1.02,0.29
18977,1.07,0.29
18978,1.04,0.37
18979,0.96,0.31
18980,1.05,0.31
18981,1.0,0.28
18982,0.92,0.28
18983,0.9,0.29
18984,0.91,0.31
18985,1.05,0.34
18986,1.1,0.29
18987,1.05,0.29
18988,1.02,242.32
18989,1.21,0.47
18990,1.32,0.4
18991,1.33,0.4
18992,1.12,0.33
18993,1.14,0.37
18994,1.15,0.32
18995,1.15,0.32
18996,1.14,0.32
18997,1.17,0.32
18998,1.12,0.32
18999,1.12,0.32
19000,1.13,0.33
19001,1.01,0.27
19002,1.02,0.3
19003,1.01,0.28
19004,1.02,0.35
19005,1.01,0.28
19006,1.02,0.28
19007,1.02,0.28
19008,1.03,0.38
19009,1.02,0.28
19010,1.02,0.29
19011,1.01,0.29
19012,1.01,0.29
19013,1.02,0.28
19014,1.02,0.33
19015,1.02,0.29
19016,1.02,0.28
19017,1.03,0.28
19018,1.08,0.28
19019,1.03,0.29
19020,1.02,0.29
19021,1.02,0.33
19022,1.03,0.32
19023,1.03,0.28
19024,1.03,0.29
19025,1.03,0.28
19026,1.07,0.3
19027,1.03,0.28
19028,1.03,0.29
19029,1.07,0.28
19030,1.04,0.28
19031,1.03,0.28
19032,1.04,0.29
19033,1.04,0.27
19034,1.03,0.28
19035,1.04,0.33
19036,1.04,0.29
19037,1.04,0.28
19038,1.03,0.28
19039,1.03,0.28
19040,1.03,0.29
19041,1.03,0.29
19042,1.04,0.28
19043,1.04,0.28
19044,1.04,0.28
19045,1.04,0.29
19046,1.09,0.28
19047,1.04,0.32
19048,1.08,0.29
19049,1.07,0.29
19050,1.33,0.28
19051,1.32,0.28
19052,1.34,0.31
19053,1.28,0.29
19054,1.28,0.31
19055,1.29,0.31
19056,1.28,2.8
19057,1.32,4.31
19058,1.29,2.63
19059,1.13,0.32
19060,1.07,0.29
19061,1.02,0.33
19062,1.03,0.27
19063,1.05,0.28
19064,1.1,0.28
19065,1.05,0.28
19066,1.08,0.29
19067,1.1,0.36
19068,1.15,0.3
19069,1.09,0.31
19070,1.15,0.31
19071,1.1,0.34
19072,1.22,0.32
19073,1.17,0.33
19074,1.23,0.32
19075,1.17,0.34
19076,1.15,0.32
19077,1.09,0.32
19078,1.1,0.35
19079,1.11,0.3
19080,1.08,0.32
19081,1.15,0.32
19082,1.01,0.29
19083,1.01,0.28
19084,1.0,0.28
19085,1.0,0.28
19086,1.02,0.28
19087,1.01,0.28
19088,1.0,0.28
19089,1.01,0.28
19090,1.02,0.28
19091,1.0,0.27
19092,1.01,0.28
19093,1.0,0.28
19094,0.99,0.28
19095,1.0,0.27
19096,1.0,0.28
19097,0.99,0.28
19098,1.01,0.3
19099,1.0,0.28
19100,1.02,0.28
19101,1.03,0.28
19102,1.04,0.31
19103,1.03,0.28
19104,1.04,0.28
19105,1.05,0.34
19106,1.04,0.28
19107,1.03,0.33
19108,1.03,0.28
19109,1.03,0.28
19110,1.04,0.32
19111,1.04,0.28
19112,1.04,0.28
19113,1.01,0.28
19114,1.0,0.32
19115,1.01,0.28
19116,1.01,0.28
19117,1.0,0.28
19118,1.0,0.28
19119,1.0,0.28
19120,1.01,0.28
19121,1.0,0.28
19122,1.01,0.35
19123,1.0,0.28
19124,1.01,0.33
19125,1.06,0.28
19126,1.0,0.28
19127,1.05,0.28
19128,1.01,0.28
19129,1.07,0.28
19130,1.06,0.28
19131,1.01,0.27
19132,1.02,0.27
19133,0.97,0.27
19134,1.03,0.28
19135,0.98,0.27
19136,0.97,0.27
19137,0.95,0.46
19138,1.02,0.27
19139,0.95,0.27
19140,0.96,0.26
19141,0.96,0.45
19142,1.03,0.28
19143,1.08,0.29
19144,1.03,0.28
19145,1.12,0.29
19146,1.07,0.29
19147,1.1,0.29
19148,1.1,0.29
19149,1.06,0.48
19150,1.08,0.29
19151,1.11,0.29
19152,1.05,0.29
19153,1.1,0.28
19154,1.06,0.29
19155,1.09,0.29
19156,1.06,0.29
19157,1.06,0.29
19158,1.06,0.29
19159,1.07,0.3
19160,1.1,0.28
19161,1.06,0.29
19162,1.05,0.29
19163,1.06,0.29
19164,1.06,0.29
19165,1.07,0.29
19166,1.1,0.29
19167,1.06,0.33
19168,1.11,0.29
19169,1.06,0.34
19170,1.1,0.29
19171,0.96,0.3
19172,1.0,0.29
19173,0.95,0.27
19174,0.99,0.29
19175,0.98,1.92
19176,0.94,0.3
19177,1.07,0.28
19178,1.03,0.29
19179,1.09,0.29
19180,1.06,0.29
19181,1.1,0.29
19182,1.04,0.29
19183,1.07,0.28
19184,1.03,0.28
19185,1.02,0.29
19186,1.04,0.28
19187,1.04,0.29
19188,1.03,0.28
19189,1.05,0.29
19190,1.04,0.29
19191,1.05,0.33
19192,1.04,0.29
19193,1.06,0.29
19194,1.07,0.29
19195,1.1,0.28
19196,1.12,0.29
19197,1.06,0.29
19198,1.15,0.29
19199,1.06,0.29
19200,1.11,0.29
19201,1.06,0.29
19202,1.11,0.29
19203,1.11,0.32
19204,1.1,0.28
19205,1.11,0.29
19206,1.06,0.29
19207,1.06,0.29
19208,1.06,0.34
19209,1.07,0.29
19210,1.07,0.29
19211,1.06,0.28
19212,1.06,0.33
19213,1.06,0.29
19214,1.07,0.29
19215,1.07,0.33
19216,1.05,0.28
19217,1.07,0.34
19218,1.06,0.28
19219,1.06,0.33
19220,1.06,0.29
19221,1.05,0.29
19222,1.06,0.29
19223,1.05,0.28
19224,1.05,0.28
19225,1.05,0.29
19226,1.05,0.29
19227,1.12,0.29
19228,1.09,0.29
19229,1.05,0.29
19230,1.12,0.29
19231,1.05,0.33
19232,1.06,0.29
19233,1.05,253.17
19234,1.39,0.48
19235,1.39,0.42
19236,1.43,1.21
19237,1.4,0.38
19238,1.4,0.39
19239,1.11,0.31
19240,1.11,0.3
19241,1.06,0.29
19242,1.08,0.3
19243,1.09,0.29
19244,1.09,0.29
19245,1.09,0.3
19246,1.09,0.29
19247,1.17,0.3
19248,1.12,0.3
19249,1.05,0.28
19250,1.06,0.27
19251,1.06,0.28
19252,1.08,0.28
19253,1.06,0.28
19254,1.04,0.28
19255,1.11,0.28
19256,1.06,0.27
19257,1.11,0.28
19258,1.06,0.28
19259,1.05,0.28
19260,1.04,0.28
19261,1.04,0.28
19262,1.04,0.28
19263,1.04,0.28
19264,1.07,0.28
19265,1.06,0.33
19266,1.05,0.28
19267,0.99,0.29
19268,1.08,0.28
19269,0.96,0.36
19270,1.0,0.26
19271,1.01,0.29
19272,0.94,0.28
19273,1.1,0.28
19274,1.06,0.29
19275,1.1,0.28
19276,1.06,0.29
19277,1.07,0.28
19278,1.06,0.29
19279,1.06,0.28
19280,1.07,0.29
19281,1.06,0.34
19282,1.04,0.29
19283,1.09,0.36
19284,1.07,0.28
19285,1.06,0.29
19286,1.07,0.28
19287,1.07,0.29
19288,1.04,0.29
19289,1.04,0.29
19290,1.05,0.29
19291,1.05,0.34
19292,1.05,0.29
19293,1.05,0.28
19294,1.05,0.34
19295,1.06,0.29
19296,1.05,0.27
19297,1.0,0.27
19298,1.01,0.28
19299,1.01,0.28
19300,1.02,0.27
19301,1.02,0.27
19302,1.02,0.27
19303,1.02,0.28
19304,1.02,0.28
19305,1.02,0.27
19306,1.02,0.32
19307,1.08,0.3
19308,1.13,0.29
19309,1.06,0.28
19310,1.06,0.28
19311,1.06,0.34
19312,1.05,0.28
19313,1.45,0.42
19314,1.4,0.44
19315,1.46,0.39
19316,1.46,0.42
19317,1.39,2.59
19318,1.39,0.43
19319,1.38,0.41
19320,1.41,2.57
19321,1.37,0.31
19322,0.98,0.27
19323,0.99,0.3
19324,1.02,0.27
19325,1.06,0.27
19326,1.06,0.28
19327,1.02,0.27
19328,1.02,0.28
19329,1.03,0.27
19330,1.02,0.32
19331,1.02,0.27
19332,1.06,0.29
19333,1.06,0.29
19334,1.06,0.28
19335,1.06,0.28
19336,1.05,0.28
19337,1.09,0.28
19338,1.07,0.29
19339,1.04,0.33
19340,1.03,0.28
19341,0.98,0.27
19342,0.99,0.28
19343,0.96,0.27
19344,1.02,0.27
19345,0.99,0.27
19346,0.99,0.27
19347,0.99,0.27
19348,0.98,0.27
19349,1.02,0.27
19350,1.02,0.27
19351,0.99,0.34
19352,1.07,0.29
19353,1.03,0.29
19354,1.02,0.28
19355,0.99,0.28
19356,0.99,0.28
19357,0.99,0.28
19358,1.04,0.29
19359,1.04,0.29
19360,1.09,0.29
19361,1.04,0.29
19362,1.09,0.29
19363,0.97,0.29
19364,1.06,0.33
19365,0.92,0.29
19366,0.9,0.29
19367,0.98,0.3
19368,0.97,0.31
19369,1.04,0.27
19370,1.08,0.29
19371,1.07,0.29
19372,1.12,0.29
19373,1.08,0.34
19374,1.11,0.29
19375,1.1,0.29
19376,1.09,0.29
19377,1.08,0.29
19378,1.09,0.33
19379,1.1,0.29
19380,1.13,0.29
19381,1.13,0.29
19382,1.14,0.29
19383,1.15,0.29
19384,1.13,0.36
19385,1.16,0.32
19386,1.27,0.34
19387,1.14,0.34
19388,0.98,0.27
19389,1.02,0.27
19390,1.04,0.27
19391,1.04,0.27
19392,1.09,0.28
19393,1.09,0.27
19394,1.04,0.32
19395,1.0,0.27
19396,1.08,0.27
19397,1.02,0.27
19398,1.03,0.28
19399,1.09,0.28
19400,1.13,0.3
19401,1.08,0.28
19402,1.13,0.29
19403,1.07,0.29
19404,1.12,0.31
19405,1.09,0.28
19406,1.11,0.3
19407,1.14,0.29
19408,1.08,0.38
19409,1.15,0.29
19410,1.09,0.29
19411,1.1,0.33
19412,1.1,0.29
19413,1.1,0.29
19414,1.16,0.28
19415,1.15,0.29
19416,1.12,0.29
19417,1.12,0.28
19418,1.08,0.29
19419,1.13,0.29
19420,1.11,0.29
19421,1.14,0.29
19422,1.13,0.29
19423,1.15,0.29
19424,1.1,0.29
19425,1.08,0.35
19426,1.1,0.29
19427,1.09,0.29
19428,1.08,0.3
19429,1.07,0.29
19430,0.99,0.31
19431,0.98,0.3
19432,0.98,0.29
19433,1.08,0.29
19434,1.02,0.3
19435,1.13,0.29
19436,1.07,0.29
19437,1.16,0.31
19438,1.12,0.3
19439,1.06,0.32
19440,1.32,0.33
19441,1.23,0.31
19442,1.18,0.3
19443,1.19,0.3
19444,1.07,0.3
19445,1.18,0.3
19446,1.19,0.3
19447,1.03,0.34
19448,1.02,0.29
19449,1.08,0.29
19450,1.07,0.28
19451,1.08,0.28
19452,1.08,0.29
19453,1.1,0.29
19454,1.09,0.29
19455,1.08,0.33
19456,1.1,0.28
19457,1.05,0.28
19458,1.04,0.28
19459,1.03,0.32
19460,1.07,2.38
19461,0.99,0.31
19462,1.1,0.28
19463,1.02,0.53
19464,0.98,0.27
19465,1.21,0.28
19466,1.11,0.34
19467,1.11,0.29
19468,1.11,0.29
19469,1.11,0.29
19470,1.11,0.34
19471,1.11,0.29
19472,1.12,0.3
19473,1.11,0.34
19474,1.11,0.29
19475,1.1,0.33
19476,1.11,0.3
19477,1.11,0.3
19478,1.16,0.29
19479,1.34,1.63
19480,1.47,2.52
19481,1.47,2.96
19482,1.47,0.38
19483,1.46,0.72
19484,1.52,0.39
19485,1.46,0.38
19486,1.47,0.41
19487,1.05,0.27
19488,1.05,0.27
19489,1.09,0.27
19490,1.08,0.27
19491,1.06,0.27
19492,1.07,0.27
19493,1.04,0.27
19494,1.04,0.27
19495,1.05,0.27
19496,1.04,0.27
19497,1.04,0.31
19498,1.17,0.3
19499,1.13,0.3
19500,1.08,0.3
19501,1.13,0.36
19502,1.17,0.3
19503,1.13,0.31
19504,1.23,1.64
19505,1.13,0.33
19506,1.18,0.3
19507,1.08,0.38
19508,1.03,0.29
19509,1.04,0.32
19510,1.03,0.33
19511,1.08,0.29
19512,1.07,0.28
19513,1.07,0.28
19514,1.03,0.29
19515,1.03,0.29
19516,1.01,0.33
19517,1.02,0.3
19518,1.03,0.29
19519,1.04,0.29
19520,1.02,0.29
19521,1.04,0.28
19522,1.03,0.29
19523,1.03,0.29
19524,1.04,0.29
19525,1.03,0.29
19526,1.07,0.31
19527,1.08,0.31
19528,1.11,0.29
19529,1.08,0.35
19530,1.13,0.3
19531,1.1,0.31
19532,1.07,0.3
19533,1.12,0.3
19534,1.08,0.36
19535,1.03,0.28
19536,1.03,0.35
19537,1.03,0.29
19538,1.03,0.28
19539,1.03,0.29
19540,1.03,0.29
19541,1.02,0.29
19542,1.02,0.28
19543,1.02,0.29
19544,1.02,0.29
19545,1.03,0.3
19546,1.03,0.29
19547,1.03,0.29
19548,1.03,0.29
19549,1.03,0.28
19550,1.02,0.29
19551,1.03,0.29
19552,1.02,0.34
19553,1.08,0.3
19554,1.11,0.31
19555,1.03,0.32
19556,1.12,0.33
19557,1.16,0.3
19558,1.04,0.28
19559,1.19,0.31
19560,1.24,0.31
19561,1.17,0.32
19562,1.23,0.31
19563,1.22,0.31
19564,1.18,0.31
19565,1.22,0.32
19566,1.18,0.3
19567,1.18,0.31
19568,1.21,0.31
19569,1.17,0.31
19570,1.17,0.28
19571,1.13,0.27
19572,1.05,0.27
19573,1.11,0.28
19574,1.1,0.27
19575,1.05,0.3
19576,1.05,0.28
19577,1.04,0.27
19578,1.05,0.26
19579,1.1,0.27
19580,1.03,0.28
19581,1.14,0.28
19582,1.02,0.3
19583,1.12,0.28
19584,1.18,0.29
19585,1.11,0.28
19586,1.16,0.29
19587,1.11,0.33
19588,1.09,0.29
19589,1.04,0.29
19590,1.05,0.3
19591,1.09,0.31
19592,1.04,0.29
19593,1.09,0.29
19594,1.03,0.28
19595,1.02,0.29
19596,1.02,0.33
19597,1.06,0.29
19598,1.03,0.29
19599,1.03,0.29
19600,1.09,0.29
19601,1.03,0.28
19602,1.07,0.29
19603,1.07,0.29
19604,1.02,0.29
19605,1.06,0.32
19606,1.03,0.28
19607,1.08,0.33
19608,1.08,0.28
19609,1.02,0.29
19610,1.02,0.27
19611,1.02,0.27
19612,1.04,0.27
19613,1.08,0.27
19614,1.03,0.27
19615,1.04,0.27
19616,1.0,0.27
19617,0.99,0.27
19618,0.99,0.27
19619,0.99,0.27
19620,0.98,0.27
19621,1.08,0.28
19622,1.03,0.28
19623,1.02,0.32
19624,1.03,0.28
19625,1.03,0.28
19626,1.0,0.28
19627,1.01,0.28
19628,1.04,0.28
19629,1.03,0.28
19630,1.02,0.28
19631,1.09,0.3
19632,1.08,0.31
19633,1.08,0.3
19634,1.08,0.36
19635,1.09,0.3
19636,1.09,0.34
19637,1.08,0.3
19638,1.08,0.31
19639,1.08,0.3
19640,1.07,0.3
19641,1.07,0.28
19642,0.97,0.28
19643,0.98,0.27
19644,1.04,0.27
19645,0.98,0.27
19646,0.98,0.28
19647,0.98,0.27
19648,1.04,0.27
19649,1.03,0.27
19650,0.98,0.32
19651,0.99,0.28
19652,0.98,0.3
19653,0.98,0.3
19654,1.04,0.27
19655,0.99,0.37
19656,0.99,0.29
19657,1.08,0.28
19658,1.08,0.29
19659,1.14,0.29
19660,1.11,0.28
19661,1.11,0.29
19662,1.11,0.29
19663,1.11,0.29
19664,1.16,0.28
19665,1.14,0.29
19666,1.14,0.3
19667,1.12,0.32
19668,1.11,0.29
19669,1.1,0.29
19670,1.13,0.3
19671,1.13,0.29
19672,1.11,0.29
19673,1.1,0.29
19674,1.11,0.38
19675,1.1,0.28
19676,1.12,0.29
19677,1.08,0.29
19678,1.16,0.3
19679,1.07,0.29
19680,1.08,0.29
19681,1.07,0.29
19682,1.07,0.33
19683,1.11,0.28
19684,1.07,0.29
19685,1.07,0.29
19686,1.08,0.28
19687,1.07,0.29
19688,1.07,0.29
19689,1.08,0.29
19690,1.13,0.32
19691,1.13,0.31
19692,1.12,0.35
19693,1.18,0.31
19694,1.14,0.31
19695,1.14,0.3
19696,1.18,0.3
19697,1.19,0.31
19698,1.17,0.31
19699,1.22,0.31
19700,1.12,0.29
19701,1.08,0.3
19702,1.08,0.3
19703,1.08,0.29
19704,1.08,0.33
19705,1.07,0.3
19706,1.07,0.32
19707,1.08,0.29
19708,1.05,0.34
19709,1.05,0.29
19710,1.02,0.28
19711,1.02,0.29
19712,1.03,0.29
19713,1.02,0.28
19714,1.02,0.29
19715,1.04,0.28
19716,1.03,0.28
19717,1.03,0.29
19718,1.05,0.29
19719,1.03,0.29
19720,1.37,0.31
19721,1.0,0.28
19722,1.28,0.3
19723,1.31,2.53
19724,1.31,2.16
19725,1.23,0.35
19726,1.29,2.49
19727,1.34,0.34
19728,1.35,0.35
19729,1.34,0.36
19730,1.38,0.59
19731,1.34,2.4
19732,1.56,0.36
19733,1.3,0.29
19734,1.21,0.29
19735,1.28,0.32
19736,1.22,0.29
19737,1.26,0.29
19738,1.25,0.29
19739,1.22,0.29
19740,1.24,0.35
19741,1.29,0.31
19742,1.33,0.39
19743,1.34,0.31
19744,1.35,0.34
19745,1.35,0.31
19746,1.35,0.34
19747,1.09,0.29
19748,1.21,0.28
19749,1.19,0.27
19750,1.06,0.28
19751,1.27,0.26
19752,1.28,0.28
19753,1.12,2.22
19754,1.17,0.28
19755,1.14,0.46
19756,1.14,0.45
19757,1.14,0.49
19758,1.13,0.45
19759,1.17,0.5
19760,1.13,0.43
19761,1.09,0.3
19762,1.15,0.28
19763,1.09,0.32
19764,1.13,0.43
19765,1.09,0.27
19766,1.14,0.28
19767,1.08,0.46
19768,1.09,0.43
19769,1.09,0.3
19770,1.07,0.27
19771,1.12,0.48
19772,1.14,0.46
19773,1.13,0.48
19774,1.12,0.28
19775,1.12,0.46
19776,1.12,0.29
19777,1.16,0.49
19778,1.12,0.45
19779,1.14,0.46
19780,1.17,0.46
19781,1.12,0.46
19782,1.18,0.48
19783,1.14,2.57
19784,1.12,0.39
19785,1.11,0.51
19786,1.14,2.9
19787,1.17,0.28
19788,1.12,0.46
19789,1.11,0.48
19790,1.16,0.28
19791,1.12,0.46
19792,1.14,0.46
19793,1.12,0.47
19794,1.18,0.46
19795,1.13,0.45
19796,1.16,0.47
19797,1.14,0.48
19798,1.14,0.45
19799,1.17,0.28
19800,1.12,0.46
19801,1.12,2.44
19802,1.12,0.47
19803,1.12,0.45
19804,1.12,0.46
19805,1.13,0.48
19806,1.12,1.95
19807,1.14,0.45
19808,1.16,0.29
19809,1.14,0.48
19810,1.14,0.28
19811,1.13,0.28
19812,1.12,0.5
19813,1.16,0.47
19814,1.12,2.2
19815,1.13,2.54
19816,1.2,0.28
19817,1.14,0.28
19818,1.17,0.29
19819,1.14,0.28
19820,1.12,0.35
19821,1.15,0.28
19822,1.12,0.36
19823,1.16,0.46
19824,1.13,0.28
19825,1.21,0.47
19826,1.17,0.46
19827,1.13,0.28
19828,1.12,0.45
19829,1.12,0.46
19830,1.22,0.45
19831,1.13,0.29
19832,1.18,0.29
19833,1.15,0.52
19834,1.14,0.36
19835,1.15,0.29
19836,1.14,0.52
19837,1.16,2.52
19838,1.18,0.45
19839,1.14,0.39
19840,1.19,0.36
19841,1.19,0.48
19842,1.2,0.46
19843,1.13,0.29
19844,1.28,1.11
19845,1.06,0.29
19846,1.0,0.34
19847,1.08,0.29
19848,1.04,0.59
19849,1.11,2.65
19850,1.09,0.32
19851,1.16,0.29
19852,1.14,0.29
19853,1.44,0.47
19854,1.47,0.48
19855,1.54,0.68
19856,1.4,0.39
19857,1.45,0.4
19858,1.42,0.72
19859,1.14,0.33
19860,1.19,0.49
19861,1.15,2.45
19862,1.19,0.47
19863,1.2,0.48
19864,1.14,0.5
19865,1.14,0.3
19866,1.14,0.3
19867,1.15,0.5
19868,1.14,0.28
19869,1.13,2.39
19870,1.1,0.28
19871,1.13,0.36
19872,1.12,0.45
19873,1.11,0.48
19874,1.12,0.45
19875,1.1,0.46
19876,1.13,0.51
19877,1.13,2.16
19878,1.11,0.44
19879,1.11,0.45
19880,1.1,0.47
19881,1.11,0.48
19882,1.12,0.28
19883,1.11,0.29
19884,1.13,0.29
19885,1.11,0.28
19886,1.11,0.33
19887,1.14,0.28
19888,1.11,0.46
19889,1.15,0.48
19890,1.15,0.28
19891,1.16,0.46
19892,1.11,0.46
19893,1.16,0.48
19894,1.13,0.48
19895,1.16,0.45
19896,1.15,0.46
19897,1.12,0.43
19898,1.19,0.29
19899,1.21,0.45
19900,1.12,0.29
19901,1.19,0.28
19902,1.13,0.46
19903,1.19,0.46
19904,1.13,0.45
19905,1.18,0.48
19906,1.15,2.21
19907,1.14,0.28
19908,1.16,0.36
19909,1.11,0.51
19910,1.12,0.46
19911,1.13,0.45
19912,1.15,0.29
19913,1.12,0.45
19914,1.12,0.45
19915,1.12,0.47
19916,1.12,0.46
19917,1.12,0.48
19918,1.13,0.49
19919,1.12,0.45
19920,1.16,0.46
19921,1.17,0.47
19922,1.17,0.45
19923,1.11,0.33
19924,1.1,0.45
19925,1.25,0.35
19926,1.24,2.52
19927,1.23,0.32
19928,1.24,0.53
19929,1.3,0.32
19930,1.31,0.53
19931,1.25,0.32
19932,1.25,0.55
19933,1.25,2.61
19934,1.28,2.55
19935,1.11,2.57
19936,1.07,0.27
19937,1.09,0.47
19938,1.1,0.44
19939,1.1,0.27
19940,1.03,0.26
19941,0.97,0.3
19942,1.1,0.25
19943,0.99,0.28
19944,1.02,0.29
19945,1.07,0.27
19946,1.14,0.47
19947,1.12,0.5
19948,1.14,0.46
19949,1.14,0.52
19950,1.14,0.45
19951,1.15,0.47
19952,1.13,0.47
19953,1.14,0.56
19954,1.15,2.61
19955,1.13,0.29
19956,1.13,0.29
19957,1.13,0.46
19958,1.15,0.49
19959,1.14,0.46
19960,1.13,0.46
19961,1.13,0.48
19962,1.14,0.36
19963,1.15,0.48
19964,1.15,0.47
19965,1.14,0.47
19966,1.15,2.22
19967,1.13,0.5
19968,1.13,0.46
19969,1.14,237.71
19970,2.21,0.38
19971,1.58,0.41
19972,1.51,2.69
19973,1.53,2.74
19974,1.17,0.3
19975,1.17,0.31
19976,1.18,0.37
19977,1.16,0.31
19978,1.16,0.31
19979,1.16,0.3
19980,1.18,0.31
19981,1.16,0.3
19982,1.18,0.3
19983,1.19,0.28
19984,1.08,0.27
19985,1.07,0.27
19986,1.09,0.27
19987,1.08,0.27
19988,1.09,0.28
19989,1.08,0.27
19990,1.14,0.27
19991,1.08,0.27
19992,1.07,0.28
19993,1.08,0.27
19994,1.17,0.28
19995,1.21,0.31
19996,1.15,0.29
19997,1.12,0.29
19998,1.11,0.29
19999,1.12,0.29
20000,1.12,0.29
20001,1.17,0.28
20002,1.12,0.29
20003,1.11,0.29
20004,1.12,0.28
20005,1.17,0.34
20006,1.19,0.29
20007,1.19,0.29
20008,1.16,0.3
20009,1.12,0.29
20010,1.12,0.29
20011,1.17,0.29
20012,1.12,0.29
20013,1.15,0.29
20014,1.12,0.29
20015,1.17,0.28
20016,1.12,0.3
20017,1.12,0.28
20018,1.12,0.28
20019,1.12,0.28
20020,1.12,0.3
20021,1.13,0.29
20022,1.13,0.29
20023,1.13,0.28
20024,1.13,0.3
20025,1.11,0.28
20026,1.11,0.3
20027,1.12,0.29
20028,1.12,0.29
20029,1.11,0.29
20030,1.12,0.29
20031,1.17,0.29
20032,1.12,0.29
20033,1.11,0.29
20034,1.11,0.28
20035,1.03,0.29
20036,1.13,0.32
20037,1.06,1.89
20038,1.09,0.3
20039,1.08,0.27
20040,1.02,0.26
20041,1.07,0.29
20042,1.08,0.28
20043,1.1,0.28
20044,1.18,0.29
20045,1.1,0.28
20046,1.1,0.28
20047,1.14,0.28
20048,1.11,0.29
20049,1.17,0.29
20050,1.1,0.29
20051,1.1,0.28
20052,1.15,0.28
20053,1.1,0.3
20054,1.17,0.29
20055,1.15,0.29
20056,1.1,0.29
20057,1.11,0.28
20058,1.1,0.29
20059,1.1,0.29
20060,1.11,0.28
20061,1.11,0.33
20062,1.11,0.29
20063,1.11,0.28
20064,1.12,2.34
20065,1.11,0.28
20066,1.12,0.33
20067,1.12,0.28
20068,1.12,0.29
20069,1.15,0.29
20070,1.17,0.29
20071,1.12,0.29
20072,1.15,0.3
20073,1.12,0.3
20074,1.15,0.29
20075,1.16,0.29
20076,1.12,0.33
20077,1.16,0.29
20078,1.11,0.27
20079,1.06,0.27
20080,1.12,0.33
20081,1.11,0.27
20082,1.08,0.27
20083,1.08,0.28
20084,1.07,0.28
20085,1.09,0.28
20086,1.06,0.27
20087,1.11,0.27
20088,1.06,0.27
20089,1.18,0.28
20090,1.13,0.33
20091,1.12,0.28
20092,1.12,0.29
20093,1.11,0.3
20094,1.11,0.29
20095,1.12,0.28
20096,1.12,0.31
20097,1.11,0.28
20098,1.16,0.29
20099,1.01,0.28
20100,1.08,0.27
20101,1.08,0.28
20102,1.12,0.28
20103,1.11,0.28
20104,1.07,0.32
20105,1.07,0.32
20106,1.07,0.31
20107,1.17,0.37
20108,1.16,0.3
20109,1.17,0.31
20110,1.16,0.41
20111,1.16,0.3
20112,1.16,0.31
20113,1.2,0.31
20114,1.15,0.31
20115,1.21,0.31
20116,1.16,0.28
20117,1.12,0.28
20118,1.1,0.27
20119,1.05,0.28
20120,1.11,0.28
20121,1.11,0.28
20122,1.15,0.28
20123,1.07,0.28
20124,1.12,0.27
20125,1.05,0.28
20126,1.05,0.28
20127,1.13,0.29
20128,1.15,0.3
20129,1.13,0.29
20130,1.09,0.3
20131,1.07,0.3
20132,1.08,0.28
20133,0.96,0.31
20134,1.01,0.29
20135,1.08,1.93
20136,1.14,0.3
20137,1.1,0.29
20138,1.15,0.29
20139,1.1,0.3
20140,1.1,0.3
20141,1.14,0.29
20142,1.1,0.33
20143,1.1,0.28
20144,1.1,0.29
20145,1.1,0.29
20146,1.14,0.29
20147,1.1,0.28
20148,1.14,0.29
20149,1.09,0.29
20150,1.14,0.29
20151,1.1,0.29
20152,1.1,0.28
20153,1.1,0.29
20154,1.1,0.29
20155,1.13,0.29
20156,1.09,0.29
20157,1.07,0.27
20158,1.06,0.28
20159,1.07,0.27
20160,1.06,0.28
20161,1.12,0.28
20162,1.07,0.28
20163,1.11,0.27
20164,1.1,0.29
20165,1.06,0.28
20166,1.06,0.28
20167,1.06,0.28
20168,1.14,0.28
20169,1.09,0.28
20170,1.06,0.28
20171,1.1,0.28
20172,1.06,0.31
20173,1.06,0.28
20174,1.06,0.28
20175,1.07,0.28
20176,1.06,0.28
20177,1.15,0.29
20178,1.11,0.29
20179,1.18,0.29
20180,1.16,0.3
20181,1.11,0.29
20182,1.15,0.29
20183,1.25,0.29
20184,1.18,0.3
20185,1.1,0.29
20186,1.1,0.29
20187,1.09,0.29
20188,1.15,0.29
20189,1.1,0.29
20190,1.1,0.3
20191,1.14,0.29
20192,1.1,0.3
20193,1.15,0.29
20194,1.1,0.3
20195,1.14,0.29
20196,1.09,0.29
20197,1.14,0.28
20198,1.07,0.27
20199,1.05,0.27
20200,1.07,0.28
20201,1.11,0.28
20202,1.07,0.32
20203,1.05,0.28
20204,1.12,0.28
20205,1.05,0.28
20206,1.07,0.27
20207,1.07,0.27
20208,1.1,0.3
20209,1.09,0.28
20210,1.16,0.3
20211,1.15,0.29
20212,1.11,0.3
20213,1.11,0.29
20214,1.38,1.59
20215,1.49,0.38
20216,1.45,0.42
20217,1.23,0.33
20218,1.24,0.38
20219,1.3,2.67
20220,1.24,0.31
20221,1.23,0.33
20222,1.23,0.37
20223,1.23,0.32
20224,1.24,0.33
20225,1.23,0.33
20226,1.24,0.33
20227,0.96,0.27
20228,1.4,0.37
20229,1.38,2.53
20230,1.31,0.34
20231,1.4,0.37
20232,1.41,0.35
20233,1.33,0.36
20234,1.33,0.36
20235,1.33,0.37
20236,1.31,0.37
20237,1.09,0.27
20238,1.05,0.28
20239,1.09,0.28
20240,1.1,0.27
20241,1.05,0.32
20242,1.09,0.27
20243,1.05,0.28
20244,1.1,0.27
20245,1.06,0.27
20246,1.09,0.28
20247,1.08,0.29
20248,1.13,0.28
20249,1.08,0.29
20250,1.15,0.29
20251,1.09,0.29
20252,1.12,0.29
20253,1.11,0.28
20254,1.08,0.29
20255,1.15,0.29
20256,1.09,0.29
20257,1.13,0.28
20258,1.09,0.34
20259,1.1,0.29
20260,1.11,0.28
20261,1.11,0.29
20262,1.11,0.28
20263,1.1,0.34
20264,1.11,0.29
20265,1.1,0.28
20266,1.1,0.29
20267,1.1,0.29
20268,1.12,0.29
20269,1.1,0.29
20270,1.15,0.29
20271,1.1,0.34
20272,1.1,0.29
20273,1.1,0.29
20274,1.09,0.29
20275,1.11,0.33
20276,1.11,0.29
20277,1.16,0.29
20278,1.09,0.29
20279,1.13,0.29
20280,1.16,0.28
20281,1.09,0.29
20282,1.14,0.28
20283,1.09,0.29
20284,1.16,0.29
20285,1.11,0.31
20286,1.21,0.31
20287,1.15,0.31
20288,1.16,0.3
20289,1.16,0.3
20290,1.15,0.31
20291,1.16,0.31
20292,1.16,0.3
20293,1.16,0.31
20294,1.2,0.3
20295,1.11,0.3
20296,1.16,0.29
20297,1.1,0.29
20298,1.15,0.29
20299,1.1,0.3
20300,1.28,0.34
20301,1.15,0.29
20302,1.1,0.29
20303,1.15,0.29
20304,1.11,0.29
20305,1.1,0.29
20306,1.11,0.28
20307,1.1,0.34
20308,1.11,0.3
20309,1.11,0.28
20310,1.1,0.29
20311,1.1,0.41
20312,1.12,0.28
20313,1.1,0.28
20314,1.11,0.29
20315,1.11,0.29
20316,1.11,0.29
20317,1.1,0.29
20318,1.11,0.29
20319,1.1,0.29
20320,1.1,0.29
20321,1.09,0.29
20322,1.09,0.29
20323,1.04,0.31
20324,1.06,0.29
20325,1.01,0.34
20326,1.08,0.27
20327,1.04,0.98
20328,1.06,0.3
20329,1.15,0.28
20330,1.1,0.28
20331,1.09,0.31
20332,1.13,0.28
20333,1.07,0.39
20334,1.07,0.29
20335,1.07,0.29
20336,1.07,0.29
20337,1.04,0.27
20338,1.03,0.28
20339,1.09,0.29
20340,1.11,0.27
20341,1.06,0.27
20342,1.05,0.28
20343,1.06,0.28
20344,1.06,0.27
20345,1.11,0.27
20346,1.06,0.27
20347,1.06,0.32
20348,1.09,0.29
20349,1.1,0.29
20350,1.09,0.28
20351,1.1,0.29
20352,1.15,0.28
20353,1.1,0.29
20354,1.09,0.28
20355,1.1,0.29
20356,1.08,0.28
20357,1.1,0.29
20358,1.09,0.29
20359,1.14,0.29
20360,1.12,0.28
20361,1.16,0.29
20362,1.17,0.29
20363,1.1,0.29
20364,1.09,0.28
20365,1.1,0.29
20366,1.11,0.28
20367,1.14,0.29
20368,1.1,0.29
20369,1.1,0.29
20370,1.1,0.29
20371,1.1,0.29
20372,1.11,0.28
20373,1.1,0.29
20374,1.1,0.28
20375,1.12,0.3
20376,1.16,0.29
20377,1.12,0.33
20378,1.11,0.29
20379,1.11,0.29
20380,1.1,0.29
20381,1.1,0.29
20382,1.1,0.29
20383,1.15,0.29
20384,1.1,0.29
20385,1.14,0.29
20386,1.14,0.29
20387,1.14,0.29
20388,1.1,0.29
20389,1.1,0.29
20390,1.1,0.29
20391,1.09,0.29
20392,1.1,0.28
20393,1.1,0.29
20394,1.16,0.29
20395,1.13,0.29
20396,1.1,0.29
20397,1.09,0.29
20398,1.13,0.29
20399,1.11,0.33
20400,1.1,0.29
20401,1.09,0.29
20402,1.11,0.29
20403,1.16,0.28
20404,1.11,0.28
20405,1.11,0.29
20406,1.18,0.29
20407,1.11,0.28
20408,1.1,0.29
20409,1.11,0.28
20410,1.18,0.29
20411,1.11,0.3
20412,1.12,0.28
20413,1.1,0.33
20414,1.16,0.29
20415,1.1,0.34
20416,1.11,0.3
20417,1.17,0.28
20418,1.15,0.29
20419,1.03,0.29
20420,1.12,0.31
20421,1.02,0.31
20422,1.01,0.28
20423,1.06,0.32
20424,1.21,0.3
20425,1.15,0.31
20426,1.16,0.32
20427,1.19,0.3
20428,1.2,0.31
20429,1.15,0.32
20430,1.2,0.3
20431,1.15,0.35
20432,1.15,0.32
20433,1.19,0.3
20434,1.1,0.28
20435,1.06,0.28
20436,1.06,0.27
20437,1.11,0.28
20438,1.06,0.32
20439,1.06,0.28
20440,1.05,0.27
20441,1.06,0.27
20442,1.1,0.27
20443,1.06,0.28
20444,1.06,0.29
20445,1.1,0.29
20446,1.1,0.28
20447,1.1,0.29
20448,1.09,0.29
20449,1.1,0.29
20450,1.11,0.29
20451,1.1,0.3
20452,1.1,0.29
20453,1.16,0.28
20454,1.11,0.29
20455,1.1,0.3
20456,1.11,0.29
20457,1.11,0.28
20458,1.1,0.29
20459,1.11,214.83
20460,1.39,0.68
20461,2.1,1.49
20462,1.21,0.32
20463,1.13,0.34
20464,1.16,0.35
20465,1.54,1.59
20466,1.52,4.35
20467,1.55,2.25
20468,1.5,2.18
20469,1.23,0.32
20470,1.23,0.38
20471,1.22,0.34
20472,1.1,0.29
20473,1.09,0.29
20474,1.11,0.3
20475,1.1,0.28
20476,1.13,0.29
20477,1.16,0.28
20478,1.12,0.29
20479,1.11,0.3
20480,1.1,0.28
20481,1.14,0.29
20482,1.1,0.3
20483,1.13,0.29
20484,1.1,0.29
20485,1.38,0.3
20486,1.34,1.84
20487,1.32,2.24
20488,1.35,0.29
20489,1.33,0.3
20490,1.33,2.18
20491,1.37,0.28
20492,1.36,0.29
20493,1.37,0.31
20494,1.36,2.54
20495,1.34,1.99
20496,1.36,0.3
20497,1.37,0.31
20498,1.35,2.04
20499,1.37,5.45
20500,1.16,0.28
20501,1.1,0.29
20502,1.07,0.29
20503,1.04,0.28
20504,1.04,0.28
20505,1.03,0.28
20506,1.07,0.28
20507,1.07,0.28
20508,1.14,0.32
20509,1.12,0.29
20510,1.05,0.28
20511,1.11,0.28
20512,1.12,0.35
20513,1.11,0.3
20514,1.11,0.3
20515,1.15,0.31
20516,1.09,0.29
20517,1.11,0.35
20518,1.12,0.32
20519,1.1,0.3
20520,1.09,0.31
20521,1.1,0.28
20522,1.04,0.33
20523,1.04,0.29
20524,1.13,0.28
20525,1.07,0.29
20526,1.06,0.28
20527,1.07,0.28
20528,1.06,0.29
20529,1.06,0.28
20530,1.08,0.28
20531,1.08,0.29
20532,1.08,0.29
20533,1.13,0.29
20534,1.12,0.28
20535,1.13,0.29
20536,1.09,0.3
20537,1.15,0.29
20538,1.08,0.29
20539,1.12,0.28
20540,1.07,0.3
20541,1.12,0.28
20542,1.08,0.29
20543,1.13,0.28
20544,1.07,0.3
20545,1.12,0.29
20546,1.08,0.29
20547,1.14,0.28
20548,1.09,0.29
20549,1.13,0.28
20550,1.16,0.29
20551,1.1,0.29
20552,1.1,0.29
20553,1.11,0.28
20554,1.09,0.28
20555,1.11,0.28
20556,1.1,0.29
20557,1.1,0.28
20558,1.2,0.31
20559,1.14,0.3
20560,1.2,0.31
20561,1.14,0.31
20562,1.19,0.3
20563,1.15,0.31
20564,1.15,0.33
20565,1.2,0.3
20566,1.16,0.33
20567,1.15,0.29
20568,1.11,0.3
20569,1.11,0.29
20570,1.11,0.29
20571,1.1,0.29
20572,1.11,0.28
20573,1.11,0.29
20574,1.15,0.29
20575,1.14,0.29
20576,1.11,0.32
20577,1.14,0.3
20578,1.1,0.3
20579,1.1,0.33
20580,1.08,0.29
20581,1.07,0.33
20582,1.07,0.28
20583,1.08,0.29
20584,1.07,0.3
20585,1.08,0.29
20586,1.17,0.3
20587,1.04,0.31
20588,1.04,0.3
20589,1.04,0.3
20590,1.17,0.29
20591,1.09,0.29
20592,1.15,0.29
20593,1.09,0.3
20594,1.15,0.3
20595,1.07,0.28
20596,1.05,0.27
20597,1.09,0.31
20598,1.13,0.29
20599,1.05,0.27
20600,1.05,0.43
20601,1.04,0.27
20602,1.04,0.27
20603,1.09,0.27
20604,1.05,0.28
20605,1.05,0.3
20606,1.11,0.29
20607,1.08,0.29
20608,1.08,0.29
20609,1.09,0.35
20610,1.57,0.3
20611,1.09,0.31
20612,1.05,0.28
20613,0.99,0.31
20614,1.07,0.26
20615,0.96,0.3
20616,0.94,0.29
20617,1.05,0.28
20618,1.05,0.28
20619,1.11,0.29
20620,1.43,0.29
20621,1.06,0.29
20622,1.07,0.29
20623,1.12,0.29
20624,1.1,0.3
20625,1.15,0.28
20626,1.04,0.27
20627,1.04,0.27
20628,1.05,0.28
20629,1.05,0.28
20630,1.12,0.28
20631,1.09,0.27
20632,1.09,0.28
20633,1.09,0.27
20634,1.14,0.31
20635,1.15,0.31
20636,1.15,0.3
20637,1.14,0.31
20638,1.15,0.3
20639,1.15,0.31
20640,1.14,0.31
20641,1.13,0.3
20642,1.11,0.35
20643,1.04,0.28
20644,1.05,0.34
20645,1.04,0.28
20646,1.05,0.29
20647,1.04,0.27
20648,1.11,0.28
20649,1.07,0.29
20650,1.12,0.29
20651,1.11,0.29
20652,1.06,0.29
20653,1.12,0.29
20654,1.02,0.33
20655,1.0,0.28
20656,1.01,0.28
20657,0.99,0.27
20658,1.37,0.42
20659,1.34,0.4
20660,1.43,0.41
20661,1.36,2.19
20662,1.37,0.38
20663,1.33,0.3
20664,1.09,0.31
20665,1.08,0.31
20666,1.1,0.31
20667,1.09,0.3
20668,1.15,0.3
20669,1.15,0.3
20670,1.14,0.3
20671,1.14,0.3
20672,1.08,0.31
20673,1.04,0.29
20674,1.05,0.29
20675,1.04,0.29
20676,1.04,0.29
20677,1.04,0.29
20678,1.04,0.29
20679,1.05,0.28
20680,1.05,0.29
20681,1.04,0.29
20682,1.05,0.29
20683,1.08,0.28
20684,1.09,0.29
20685,1.05,0.29
20686,1.01,0.29
20687,1.04,0.29
20688,1.03,0.29
20689,1.08,0.28
20690,1.04,0.34
20691,1.03,0.3
20692,1.11,0.28
20693,1.05,0.29
20694,1.03,0.29
20695,1.05,0.28
20696,1.04,0.34
20697,1.04,0.34
20698,1.04,0.33
20699,1.05,0.32
20700,1.04,0.29
20701,1.04,0.29
20702,1.03,0.28
20703,1.08,0.28
20704,0.95,2.68
20705,1.1,2.33
20706,1.03,0.33
20707,1.09,0.34
20708,1.18,0.32
20709,1.11,0.33
20710,1.03,0.33
20711,1.05,0.32
20712,1.14,0.32
20713,1.16,0.38
20714,1.22,0.32
20715,1.2,0.32
20716,1.15,0.33
20717,1.15,0.27
20718,0.99,0.27
20719,1.0,0.27
20720,1.0,0.32
20721,1.0,0.27
20722,0.96,0.26
20723,0.99,0.26
20724,1.02,0.27
20725,1.01,0.27
20726,1.02,0.3
20727,1.01,0.26
20728,1.01,0.27
20729,1.05,0.28
20730,1.05,0.28
20731,1.09,0.28
20732,1.04,0.29
20733,1.1,0.29
20734,1.04,0.28
20735,1.12,0.28
20736,1.04,0.28
20737,1.08,0.28
20738,1.04,0.28
20739,1.09,0.28
20740,1.05,0.28
20741,1.09,0.28
20742,1.04,0.28
20743,1.05,0.28
20744,1.03,0.32
20745,1.04,0.28
20746,1.04,0.29
20747,1.08,0.3
20748,1.08,0.3
20749,1.07,0.34
20750,1.13,0.3
20751,1.08,0.31
20752,1.08,0.3
20753,1.08,0.3
20754,1.07,0.3
20755,1.07,0.36
20756,1.08,0.3
20757,1.03,0.33
20758,1.03,0.28
20759,1.03,0.34
20760,1.04,0.28
20761,1.04,0.33
20762,1.04,0.29
20763,1.08,0.28
20764,1.04,0.29
20765,1.04,0.28
20766,1.04,0.28
20767,1.08,0.29
20768,1.05,0.29
20769,1.04,0.28
20770,1.04,0.29
20771,1.04,0.28
20772,1.05,0.28
20773,1.06,0.28
20774,1.1,0.31
20775,1.09,0.35
20776,1.14,0.3
20777,1.09,0.3
20778,1.08,0.3
20779,1.08,0.3
20780,1.08,0.3
20781,1.08,0.3
20782,1.09,0.31
20783,1.08,0.32
20784,1.07,0.28
20785,1.05,0.28
20786,1.1,0.29
20787,1.18,0.85
20788,1.52,0.3
20789,1.48,0.29
20790,1.39,0.29
20791,1.38,0.31
20792,1.37,0.32
20793,1.16,0.28
20794,1.18,0.29
20795,1.18,0.28
20796,1.17,0.39
20797,1.17,0.29
20798,1.19,0.29
20799,1.18,0.3
20800,1.16,0.29
20801,1.17,0.29
20802,1.17,0.3
20803,0.98,0.29
20804,1.03,0.28
20805,0.98,0.37
20806,1.2,0.27
20807,1.0,0.3
20808,0.95,0.28
20809,1.21,0.29
20810,1.09,0.3
20811,1.11,0.3
20812,1.09,0.28
20813,1.13,0.29
20814,1.11,0.29
20815,1.07,0.28
20816,1.07,0.29
20817,1.11,0.29
20818,1.07,0.28
20819,1.06,0.34
20820,1.07,0.29
20821,1.06,0.28
20822,1.08,0.29
20823,1.07,0.29
20824,1.12,0.29
20825,1.07,0.29
20826,1.07,0.28
20827,1.09,0.29
20828,1.1,0.28
20829,1.03,0.29
20830,1.03,0.34
20831,1.03,0.28
20832,1.03,0.28
20833,1.03,0.28
20834,1.03,0.29
20835,1.08,0.29
20836,1.03,0.28
20837,1.08,0.29
20838,1.04,0.29
20839,1.03,0.28
20840,1.04,0.29
20841,1.09,0.29
20842,1.04,0.33
20843,1.03,0.29
20844,1.03,0.29
20845,1.02,0.29
20846,1.03,0.29
20847,1.03,0.28
20848,1.04,0.29
20849,1.04,0.29
20850,1.04,0.29
20851,1.04,0.28
20852,1.04,0.29
20853,1.04,0.28
20854,1.03,0.29
20855,1.09,0.28
20856,1.03,0.29
20857,1.08,0.29
20858,1.13,0.3
20859,1.08,0.29
20860,1.09,0.29
20861,1.07,0.33
20862,1.08,0.3
20863,1.09,0.29
20864,1.13,0.28
20865,1.08,0.29
20866,1.08,0.3
20867,1.08,0.29
20868,1.14,0.29
20869,1.13,0.29
20870,1.14,0.33
20871,1.13,0.31
20872,1.14,0.34
20873,1.13,0.31
20874,1.13,0.31
20875,1.17,0.31
20876,1.13,0.31
20877,1.14,0.31
20878,1.14,0.32
20879,1.17,0.3
20880,1.14,0.31
20881,1.12,0.29
20882,1.11,0.29
20883,1.08,0.29
20884,1.08,0.28
20885,1.02,0.3
20886,1.07,0.31
20887,1.06,0.29
20888,1.05,0.28
20889,1.05,0.33
20890,1.06,0.28
20891,1.06,0.28
20892,1.05,0.29
20893,1.06,0.28
20894,1.07,0.28
20895,1.05,0.29
20896,1.07,0.32
20897,1.07,0.35
20898,1.06,0.3
20899,1.02,0.3
20900,1.09,0.29
20901,1.02,0.64
20902,1.0,0.28
20903,1.04,0.29
20904,1.07,0.77
20905,1.08,0.33
20906,1.08,0.34
20907,1.12,0.29
20908,1.08,0.29
20909,1.08,0.29
20910,1.08,0.3
20911,1.08,0.3
20912,1.08,0.28
20913,1.07,0.29
20914,1.07,0.34
20915,1.08,0.29
20916,1.08,0.29
20917,1.08,0.29
20918,1.08,0.34
20919,1.08,0.29
20920,1.08,0.35
20921,1.08,0.29
20922,1.08,0.29
20923,1.07,0.29
20924,1.08,0.29
20925,1.08,0.29
20926,1.09,0.3
20927,1.08,0.29
20928,1.09,0.29
20929,1.07,0.3
20930,1.07,0.29
20931,1.03,0.29
20932,1.0,0.31
20933,0.98,0.32
20934,0.99,0.28
20935,0.98,0.29
20936,0.98,0.28
20937,0.97,0.28
20938,1.01,0.29
20939,1.06,0.28
20940,1.02,0.29
20941,1.03,0.28
20942,1.01,0.27
20943,0.94,0.31
20944,0.95,0.27
20945,0.98,0.27
20946,1.0,0.27
20947,0.98,0.27
20948,0.99,0.27
20949,0.95,214.24
20950,1.28,0.41
20951,1.37,0.39
20952,1.16,0.33
20953,1.15,0.33
20954,1.15,0.38
20955,1.22,0.32
20956,1.17,0.32
20957,1.15,0.33
20958,1.22,0.33
20959,1.15,0.32
20960,1.14,0.38
20961,1.0,0.27
20962,0.99,0.27
20963,1.08,0.27
20964,1.05,0.27
20965,1.1,0.27
20966,1.05,0.27
20967,1.05,0.27
20968,1.04,0.28
20969,1.08,0.27
20970,1.05,0.27
20971,1.09,0.29
20972,1.08,0.33
20973,1.09,0.29
20974,1.09,0.29
20975,1.08,0.29
20976,1.07,0.28
20977,1.08,0.29
20978,1.07,0.29
20979,1.13,0.28
20980,1.08,0.29
20981,1.13,0.29
20982,1.08,0.33
20983,1.09,0.29
20984,1.13,0.29
20985,1.08,0.3
20986,1.13,0.29
20987,1.09,0.28
20988,1.08,0.3
20989,1.08,0.28
20990,1.09,0.29
20991,1.13,0.29
20992,1.08,0.29
20993,1.09,0.29
20994,1.14,0.29
20995,0.99,0.32
20996,1.07,0.28
20997,1.07,0.29
20998,1.16,0.3
20999,1.13,0.3
21000,1.13,0.31
21001,1.14,0.3
21002,1.15,0.3
21003,1.15,0.3
21004,1.14,0.3
21005,1.14,0.31
21006,1.2,0.3
21007,1.09,0.29
21008,1.13,0.29
21009,1.08,0.3
21010,1.13,0.3
21011,1.09,0.29
21012,1.09,0.31
21013,1.12,0.28
21014,1.09,0.3
21015,1.13,0.3
21016,1.08,0.29
21017,1.08,0.28
21018,1.14,0.3
21019,1.13,0.29
21020,1.09,0.29
21021,1.15,0.28
21022,1.09,0.29
21023,1.08,0.29
21024,1.12,0.29
21025,1.08,0.29
21026,1.13,0.48
21027,1.13,0.29
21028,1.04,0.28
21029,1.04,0.28
21030,1.1,0.28
21031,1.05,0.27
21032,1.04,0.35
21033,1.04,0.27
21034,1.05,0.32
21035,1.05,0.27
21036,1.04,0.28
21037,1.05,0.28
21038,1.09,0.33
21039,1.08,0.29
21040,1.08,0.29
21041,1.09,0.28
21042,1.09,0.3
21043,1.09,0.29
21044,1.08,0.29
21045,1.15,0.29
21046,1.13,0.3
21047,1.17,0.3
21048,1.08,0.3
21049,1.13,0.29
21050,1.09,0.32
21051,1.1,0.29
21052,1.13,0.29
21053,1.08,0.34
21054,1.1,0.3
21055,1.08,0.29
21056,1.13,0.29
21057,1.11,0.29
21058,1.15,0.34
21059,1.1,0.28
21060,1.15,0.29
21061,1.1,0.29
21062,1.15,0.29
21063,1.1,0.34
21064,1.28,0.33
21065,1.22,0.33
21066,1.22,0.33
21067,1.22,0.34
21068,1.21,0.34
21069,1.26,0.33
21070,1.2,0.32
21071,1.22,0.34
21072,1.26,0.33
21073,1.04,0.27
21074,1.04,0.27
21075,1.03,0.27
21076,1.07,0.27
21077,1.01,0.27
21078,1.04,0.27
21079,1.07,0.27
21080,1.01,0.27
21081,1.06,0.27
21082,1.05,0.27
21083,1.09,0.29
21084,1.05,0.29
21085,1.05,0.29
21086,1.09,0.29
21087,1.04,0.29
21088,1.12,0.29
21089,1.04,0.28
21090,1.13,0.29
21091,0.99,0.3
21092,1.07,0.29
21093,0.97,0.37
21094,0.96,0.26
21095,1.07,0.28
21096,1.16,0.3
21097,1.1,0.3
21098,1.1,0.29
21099,1.19,0.3
21100,1.15,0.31
21101,1.16,0.31
21102,1.16,0.3
21103,1.14,0.31
21104,1.15,0.3
21105,1.14,0.31
21106,1.15,0.32
21107,1.15,0.31
21108,1.2,0.3
21109,1.03,0.28
21110,1.09,0.27
21111,1.09,0.27
21112,1.05,0.3
21113,1.04,0.27
21114,1.02,0.27
21115,1.02,0.32
21116,1.02,0.27
21117,1.01,0.28
21118,0.98,0.26
21119,1.08,0.35
21120,1.08,0.28
21121,1.03,0.29
21122,1.08,0.28
21123,1.04,0.28
21124,1.12,0.28
21125,1.07,0.28
21126,1.17,0.3
21127,1.08,0.29
21128,1.13,0.29
21129,1.12,0.31
21130,1.18,0.31
21131,1.12,0.3
21132,1.11,0.3
21133,1.12,0.3
21134,1.11,0.32
21135,1.13,0.3
21136,1.12,0.31
21137,1.13,0.3
21138,1.12,0.3
21139,1.07,0.29
21140,1.07,0.29
21141,1.09,0.29
21142,1.07,0.29
21143,1.12,0.28
21144,1.07,0.29
21145,1.07,0.29
21146,1.12,0.29
21147,1.08,0.29
21148,1.12,0.28
21149,1.08,0.29
21150,1.13,0.29
21151,1.08,0.29
21152,1.13,0.29
21153,1.08,0.29
21154,1.13,0.3
21155,1.13,0.28
21156,1.08,0.29
21157,1.12,0.29
21158,1.12,0.29
21159,1.18,0.3
21160,1.11,0.29
21161,1.08,0.3
21162,1.07,0.29
21163,1.07,0.29
21164,1.07,0.32
21165,1.03,0.29
21166,1.07,0.28
21167,1.05,0.29
21168,1.09,0.28
21169,1.1,0.39
21170,1.1,0.3
21171,1.15,0.3
21172,1.07,0.32
21173,1.08,0.3
21174,1.1,0.3
21175,1.14,0.3
21176,1.07,0.3
21177,1.13,0.3
21178,1.07,0.3
21179,0.94,0.29
21180,1.06,0.27
21181,0.99,0.26
21182,1.05,0.27
21183,1.0,0.27
21184,1.04,0.27
21185,1.07,0.27
21186,0.97,0.27
21187,1.04,0.28
21188,1.08,0.3
21189,0.97,0.31
21190,1.03,0.27
21191,1.0,0.97
21192,1.0,0.29
21193,1.05,0.32
21194,1.05,308.06
21195,1.3,0.41
21196,1.42,0.38
21197,1.41,0.39
21198,1.4,0.45
21199,1.34,0.4
21200,1.11,0.29
21201,1.11,0.31
21202,1.11,0.3
21203,1.11,0.3
21204,1.12,0.3
21205,1.13,0.3
21206,1.11,0.3
21207,1.12,0.3
21208,1.11,0.3
21209,1.08,0.28
21210,1.03,0.33
21211,1.02,0.28
21212,1.01,0.33
21213,1.01,0.29
21214,1.02,0.28
21215,1.01,0.29
21216,1.06,0.29
21217,1.0,0.28
21218,1.11,0.29
21219,1.05,0.29
21220,1.1,0.29
21221,1.05,0.29
21222,1.09,0.29
21223,1.04,0.29
21224,1.04,0.28
21225,1.04,0.28
21226,1.04,0.29
21227,1.05,0.28
21228,1.09,0.29
21229,1.04,0.29
21230,1.07,0.29
21231,1.04,0.29
21232,1.09,0.29
21233,1.03,0.28
21234,1.03,0.3
21235,1.03,0.28
21236,1.01,0.29
21237,1.04,0.28
21238,1.04,0.3
21239,1.04,0.29
21240,1.04,0.28
21241,1.03,0.29
21242,1.04,0.29
21243,1.09,0.29
21244,1.04,0.29
21245,1.07,0.28
21246,1.04,0.3
21247,1.08,0.29
21248,1.04,0.33
21249,1.02,0.28
21250,1.03,0.33
21251,1.03,0.28
21252,1.03,0.29
21253,1.02,0.29
21254,1.08,0.29
21255,1.03,0.29
21256,1.08,0.28
21257,1.01,0.29
21258,1.11,0.3
21259,1.03,0.29
21260,1.08,0.29
21261,1.04,0.29
21262,1.08,0.29
21263,1.02,0.35
21264,1.03,0.28
21265,1.07,0.36
21266,1.07,0.31
21267,1.07,0.3
21268,1.08,0.3
21269,1.07,0.35
21270,1.07,0.31
21271,1.05,0.34
21272,1.05,0.29
21273,1.04,0.3
21274,1.11,0.3
21275,1.04,0.3
21276,1.05,0.3
21277,1.02,0.3
21278,1.04,0.3
21279,1.02,0.3
21280,1.02,0.3
21281,1.02,0.32
21282,1.02,0.3
21283,1.01,0.29
21284,0.98,0.27
21285,0.98,0.3
21286,0.97,0.28
21287,0.97,0.28
21288,0.99,0.28
21289,0.97,0.29
21290,1.03,0.29
21291,1.07,0.35
21292,1.12,0.35
21293,1.08,0.3
21294,1.12,0.3
21295,1.07,0.3
21296,1.13,0.3
21297,1.12,0.3
21298,1.07,0.31
21299,1.11,0.29
21300,1.01,0.29
21301,1.05,0.29
21302,1.02,0.29
21303,1.01,0.29
21304,1.13,0.32
21305,1.13,0.34
21306,1.14,0.34
21307,1.19,0.33
21308,1.14,0.34
21309,1.19,0.32
21310,1.16,0.34
21311,1.13,0.33
21312,1.02,0.29
21313,1.02,0.31
21314,1.02,0.28
21315,1.07,0.28
21316,1.06,0.33
21317,1.03,0.29
21318,1.07,0.29
21319,1.02,0.33
21320,1.03,0.29
21321,1.02,0.29
21322,1.03,0.29
21323,1.02,0.29
21324,1.01,0.29
21325,1.02,0.29
21326,1.07,0.29
21327,1.08,0.28
21328,1.03,0.33
21329,1.03,0.29
21330,1.02,0.29
21331,1.01,0.29
21332,1.02,0.29
21333,1.02,0.28
21334,1.02,0.28
21335,1.02,0.29
21336,1.03,0.29
21337,1.02,0.3
21338,1.11,0.29
21339,1.02,0.29
21340,1.02,0.29
21341,1.01,0.29
21342,0.99,0.29
21343,1.01,0.28
21344,0.99,0.32
21345,0.99,0.28
21346,1.0,0.32
21347,1.0,0.29
21348,1.06,0.29
21349,1.01,0.29
21350,1.08,0.29
21351,1.07,0.29
21352,1.02,0.29
21353,1.03,0.27
21354,0.98,0.29
21355,0.99,0.27
21356,0.98,0.28
21357,0.95,0.28
21358,0.95,0.27
21359,0.94,0.27
21360,0.95,0.27
21361,0.95,0.31
21362,0.96,0.28
21363,1.0,0.28
21364,1.02,0.34
21365,1.03,0.29
21366,1.02,0.29
21367,1.03,0.29
21368,1.03,0.29
21369,1.03,0.29
21370,1.03,0.35
21371,1.02,0.29
21372,1.03,0.29
21373,1.02,0.29
21374,1.03,0.29
21375,1.02,0.33
21376,1.03,0.29
21377,0.99,0.28
21378,1.03,0.29
21379,1.03,0.28
21380,0.99,0.3
21381,0.92,0.3
21382,1.0,0.27
21383,0.95,2.4
21384,0.94,0.28
21385,1.02,0.28
21386,1.02,0.3
21387,1.06,0.29
21388,1.01,0.29
21389,1.04,0.28
21390,1.0,0.29
21391,1.0,0.28
21392,0.99,0.32
21393,1.04,0.29
21394,0.95,0.27
21395,0.95,0.27
21396,0.95,0.26
21397,1.02,0.27
21398,0.98,0.28
21399,0.98,0.27
21400,0.98,0.27
21401,0.97,0.27
21402,0.97,0.28
21403,0.98,0.32
21404,0.98,0.29
21405,1.03,0.29
21406,1.02,0.29
21407,1.02,0.29
21408,1.02,0.34
21409,1.02,0.28
21410,0.99,0.28
21411,1.02,0.29
21412,1.02,0.29
21413,1.06,0.29
21414,1.02,0.3
21415,1.01,0.28
21416,1.02,0.3
21417,1.02,0.29
21418,1.02,0.29
21419,1.02,0.33
21420,0.99,0.29
21421,0.99,0.33
21422,0.99,0.28
21423,1.03,0.29
21424,1.05,0.3
21425,1.06,0.29
21426,1.02,0.29
21427,1.1,0.28
21428,1.02,0.29
21429,1.07,0.29
21430,1.02,0.3
21431,1.07,0.29
21432,1.01,0.29
21433,1.03,0.29
21434,1.06,0.29
21435,1.03,0.29
21436,1.12,0.29
21437,1.03,0.29
21438,1.07,0.29
21439,1.02,387.61
21440,1.33,0.41
21441,1.41,0.39
21442,1.4,0.39
21443,1.35,0.39
21444,1.35,0.41
21445,1.07,0.3
21446,1.05,0.3
21447,1.05,0.3
21448,1.07,0.3
21449,1.07,0.31
21450,1.07,0.31
21451,1.07,0.31
21452,1.07,0.3
21453,1.08,0.31
21454,1.08,0.35
21455,0.98,0.27
21456,0.98,0.27
21457,0.98,0.27
21458,0.98,0.27
21459,0.98,0.28
21460,1.02,0.27
21461,0.98,0.27
21462,0.98,0.32
21463,0.98,0.31
21464,0.97,0.27
21465,0.97,0.28
21466,1.02,0.28
21467,1.01,0.28
21468,1.01,0.28
21469,1.02,0.29
21470,1.06,0.28
21471,1.05,0.28
21472,1.05,0.28
21473,1.06,0.29
21474,1.01,0.29
21475,1.02,0.29
21476,0.98,0.27
21477,0.92,0.35
21478,0.98,0.27
21479,0.97,0.48
21480,0.89,0.28
21481,0.99,0.28
21482,0.99,0.28
21483,0.99,0.28
21484,0.99,0.28
21485,1.01,0.29
21486,1.05,0.28
21487,1.01,0.29
21488,1.07,0.28
21489,1.06,0.29
21490,1.02,0.29
21491,1.06,0.32
21492,1.01,0.28
21493,1.02,0.33
21494,0.97,0.29
21495,1.01,0.28
21496,1.01,0.29
21497,1.05,0.28
21498,1.05,0.28
21499,1.01,0.29
21500,1.06,0.29
21501,1.02,0.28
21502,1.02,0.29
21503,1.01,0.28
21504,1.02,0.29
21505,1.02,0.29
21506,1.02,0.28
21507,1.02,0.28
21508,1.0,0.29
21509,1.02,0.29
21510,1.03,0.28
21511,1.02,0.28
21512,1.06,0.29
21513,1.06,0.29
21514,1.01,0.31
21515,1.01,0.28
21516,1.01,0.28
21517,1.02,0.33
21518,1.02,0.28
21519,1.02,0.29
21520,1.01,0.29
21521,1.02,0.29
21522,1.02,0.28
21523,1.02,0.28
21524,1.01,0.28
21525,1.07,0.29
21526,1.01,0.28
21527,1.07,0.28
21528,1.02,0.28
21529,1.07,0.29
21530,1.05,0.28
21531,1.02,0.28
21532,1.01,0.29
21533,1.06,0.29
21534,1.01,0.34
21535,1.02,0.29
21536,1.02,0.29
21537,1.03,0.29
21538,1.06,0.28
21539,1.02,0.28
21540,1.02,0.29
21541,1.02,0.3
21542,1.03,0.33
21543,1.02,0.29
21544,1.01,0.29
21545,1.07,0.32
21546,1.07,0.3
21547,1.07,0.3
21548,1.07,0.31
21549,1.08,0.35
21550,1.14,0.31
21551,1.09,0.31
21552,1.08,0.31
21553,1.12,0.32
21554,1.21,0.3
21555,1.08,0.29
21556,1.06,0.29
21557,1.06,0.29
21558,1.02,0.29
21559,1.27,0.31
21560,1.28,1.92
21561,1.27,4.04
21562,1.27,2.15
21563,1.26,2.63
21564,1.32,1.95
21565,1.04,0.29
21566,1.04,0.3
21567,1.08,0.29
21568,1.02,0.29
21569,1.02,0.3
21570,1.07,0.29
21571,1.02,0.29
21572,1.0,0.29
21573,0.9,0.34
21574,0.91,0.28
21575,1.03,0.28
21576,0.93,0.6
21577,0.95,0.28
21578,1.03,0.3
21579,1.02,0.33
21580,1.02,0.34
21581,1.03,0.3
21582,1.05,0.29
21583,1.03,0.29
21584,1.03,0.29
21585,1.04,0.34
21586,1.02,0.29
21587,1.03,0.35
21588,1.02,0.29
21589,1.03,0.29
21590,1.03,0.29
21591,1.02,0.33
21592,1.03,0.29
21593,1.06,0.29
21594,1.03,0.29
21595,1.07,0.29
21596,1.03,0.28
21597,1.12,0.28
21598,1.02,0.28
21599,1.07,0.29
21600,1.07,0.29
21601,1.03,0.29
21602,1.02,0.29
21603,1.07,0.29
21604,1.03,0.35
21605,1.02,0.29
21606,1.03,0.28
21607,1.02,0.33
21608,1.04,0.28
21609,1.02,0.29
21610,1.03,0.29
21611,1.03,0.28
21612,1.03,0.29
21613,1.07,0.29
21614,1.03,0.34
21615,1.03,0.3
21616,1.06,0.28
21617,1.06,0.35
21618,1.04,0.33
21619,1.02,0.28
21620,1.03,0.29
21621,1.08,0.34
21622,1.13,0.31
21623,1.07,0.3
21624,1.08,0.36
21625,1.08,0.31
21626,1.08,0.3
21627,1.07,0.36
21628,1.08,0.31
21629,1.09,0.32
21630,1.14,0.3
21631,1.02,0.29
21632,1.06,0.29
21633,1.07,0.29
21634,1.03,0.28
21635,1.08,0.29
21636,1.03,0.28
21637,1.03,0.34
21638,1.03,0.29
21639,1.02,0.28
21640,1.03,0.29
21641,1.03,0.29
21642,1.03,0.29
21643,1.07,0.29
21644,1.07,0.29
21645,1.03,0.38
21646,1.03,0.34
21647,1.03,0.28
21648,1.02,0.29
21649,1.03,0.29
21650,1.08,0.3
21651,1.08,0.31
21652,1.09,0.31
21653,1.07,0.31
21654,1.13,0.31
21655,1.07,0.31
21656,1.13,0.31
21657,1.07,0.37
21658,1.08,0.31
21659,1.08,0.34
21660,1.03,0.29
21661,1.03,0.29
21662,1.01,0.28
21663,1.0,0.28
21664,1.01,0.29
21665,1.03,0.3
21666,1.1,0.31
21667,0.9,0.3
21668,1.28,2.32
21669,0.89,0.29
21670,0.99,0.27
21671,0.88,0.32
21672,1.0,0.27
21673,1.0,0.28
21674,0.96,0.31
21675,0.98,0.27
21676,0.99,0.28
21677,0.98,0.27
21678,0.98,0.27
21679,0.99,0.27
21680,0.98,0.27
21681,1.05,0.28
21682,0.98,0.27
21683,0.99,0.28
21684,1.0,0.29
21685,1.28,2.32
21686,1.01,0.86
21687,1.03,0.26
21688,0.96,0.26
21689,1.11,0.27
21690,1.02,0.3
21691,0.98,0.27
21692,1.07,0.26
21693,1.01,0.27
21694,1.05,0.28
21695,0.99,0.28
21696,1.03,0.27
21697,1.04,0.28
21698,0.99,0.28
21699,1.04,0.45
21700,0.99,0.27
21701,0.99,0.28
21702,1.03,0.27
21703,1.09,0.28
21704,1.03,0.28
21705,1.1,0.28
21706,1.08,0.28
21707,1.08,0.28
21708,1.08,0.28
21709,1.07,0.28
21710,1.03,0.28
21711,1.07,0.28
21712,1.06,0.28
